id,Name,SMILES,Energy_Hatree,Thermal_correction_to_Gibbs_Free_Energy_Hatree,Thermal_correction_to_Enthalpy_Hatree,Entropy_J_per_mol_K,HOMO_Hatree,LUMO_Hatree,Dipole_Debye,Gibbs_Free_Energy_Hatree,Enthalpy_Hatree,ECW_V,Software,Source,Theory_Level
1,ComponentA9,CCOCC[N+]1(C)CCCC1,-484.6546604,0.242185,0.294891,464.126936,-0.40271,-0.1205,-484.9208143,-484.4124754,-484.3597694,7.676112,Gaussian,QC,"opt+freq: b3lyp/6-311G** em=gd3bj
energy: M062X/6-311G+(2d, p) em=gd3"
2,ComponentA10,CCCCC[n+]1ccn(CC)c1,-501.7095016,0.231569,0.288519,501.49424,-0.42644,-0.1813,-501.9868404,-501.4779326,-501.4209826,6.667808,Gaussian,QC,"opt+freq: b3lyp/6-311G** em=gd3bj
energy: M062X/6-311G+(2d, p) em=gd3"
3,ComponentA11,CCOCCn1cc[n+](C)c1,-498.3066667,0.18283,0.236185,469.838096,-0.39504,-0.17675,-498.5553027,-498.1238367,-498.0704817,5.937488,Gaussian,QC,"opt+freq: b3lyp/6-311G** em=gd3bj
energy: M062X/6-311G+(2d, p) em=gd3"
4,ComponentA12,CCOCC[n+]1ccccc1,-481.0483951,0.175027,0.225258,442.336664,-0.39943,-0.2373,-481.293733,-480.8733681,-480.8231371,4.409936,Gaussian,QC,"opt+freq: b3lyp/6-311G** em=gd3bj
energy: M062X/6-311G+(2d, p) em=gd3"
5,ComponentA20,CCn1cc[n+](CCOC)c1,-498.3071013,0.183296,0.236355,467.239832,-0.39887,-0.17341,-498.5550406,-498.1238053,-498.0707463,6.132511999999999,Gaussian,QC,"opt+freq: b3lyp/6-311G** em=gd3bj
energy: M062X/6-311G+(2d, p) em=gd3"
6,ComponentA22,COCC[n+]1ccccc1,-441.7393463,0.149945,0.196508,410.036184,-0.4048,-0.23909,-441.9596579,-441.5894013,-441.5428383,4.507312,Gaussian,QC,"opt+freq: b3lyp/6-311G** em=gd3bj
energy: M062X/6-311G+(2d, p) em=gd3"
7,ComponentA23,CCCOCC[n+]1ccccc1,-520.3545827,0.200094,0.254088,475.473944,-0.39835,-0.23756,-520.6243708,-520.1544887,-520.1004947,4.373487999999999,Gaussian,QC,"opt+freq: b3lyp/6-311G** em=gd3bj
energy: M062X/6-311G+(2d, p) em=gd3"
8,ComponentA24,CCCCCCC(O)CNCCCn1cc[nH+]c1,-789.4822513,0.354556,0.428035,647.051416,-0.33667,-0.19171,-789.8939144,-789.1276953,-789.0542163,3.942912000000001,Gaussian,QC,"opt+freq: b3lyp/6-311G** em=gd3bj
energy: M062X/6-311G+(2d, p) em=gd3"
9,ComponentA25,COCCC[N+]1(C)CCCC1,-484.6538342,0.242921,0.295276,461.030776,-0.39155,-0.11757,-484.9195894,-484.4109132,-484.3585582,7.452256,Gaussian,QC,"opt+freq: b3lyp/6-311G** em=gd3bj
energy: M062X/6-311G+(2d, p) em=gd3"
10,ComponentA26,COCCC[n+]1ccccc1,-481.0480631,0.176316,0.225646,434.399616,-0.39497,-0.2376,-481.293009,-480.8717471,-480.8224171,4.280463999999999,Gaussian,QC,"opt+freq: b3lyp/6-311G** em=gd3bj
energy: M062X/6-311G+(2d, p) em=gd3"
11,ComponentA28,CCOC[n+]1ccccc1,-441.7390386,0.148991,0.196136,415.1574,-0.4443,-0.24216,-441.9601801,-441.5900476,-441.5429026,5.498207999999999,Gaussian,QC,"opt+freq: b3lyp/6-311G** em=gd3bj
energy: M062X/6-311G+(2d, p) em=gd3"
12,ComponentA31,COC[n+]1ccccc1,-402.4289849,0.123903,0.167443,383.413392,-0.45309,-0.24647,-402.6250457,-402.3050819,-402.2615419,5.620064,Gaussian,QC,"opt+freq: b3lyp/6-311G** em=gd3bj
energy: M062X/6-311G+(2d, p) em=gd3"
13,ComponentA32,C=CCn1cc[n+](CCO)c1,-497.0895234,0.161884,0.213278,452.579096,-0.40941,-0.17553,-497.3269526,-496.9276394,-496.8762454,6.361536,Gaussian,QC,"opt+freq: b3lyp/6-311G** em=gd3bj
energy: M062X/6-311G+(2d, p) em=gd3"
14,ComponentA49,CCCC[n+]1ccccc1C,-445.1523898,0.198716,0.248255,436.236392,-0.4449,-0.23392,-445.4017626,-444.9536738,-444.9041348,5.738656000000001,Gaussian,QC,"opt+freq: b3lyp/6-311G** em=gd3bj
energy: M062X/6-311G+(2d, p) em=gd3"
15,ComponentA51,CCCC[n+]1ccn(CC)c1,-462.4047371,0.206107,0.259544,470.561928,-0.42774,-0.18248,-462.6577175,-462.1986301,-462.1451931,6.671072,Gaussian,QC,"opt+freq: b3lyp/6-311G** em=gd3bj
energy: M062X/6-311G+(2d, p) em=gd3"
16,ComponentA52,CCCC[n+]1ccn(CCC(C)C)c1,-580.3244091,0.282755,0.345811,555.271192,-0.42454,-0.17637,-580.6500739,-580.0416541000001,-579.9785981,6.750223999999999,Gaussian,QC,"opt+freq: b3lyp/6-311G** em=gd3bj
energy: M062X/6-311G+(2d, p) em=gd3"
17,ComponentA91,CCCCC[n+]1ccn(CCCC)c1,-580.3217966,0.282464,0.346412,563.120376,-0.42393,-0.17894,-580.6476984,-580.0393326,-579.9753846,6.663728,Gaussian,QC,"opt+freq: b3lyp/6-311G** em=gd3bj
energy: M062X/6-311G+(2d, p) em=gd3"
18,ComponentA92,CCCCn1c[n+](C)cn1,-439.1176145,0.167679,0.218967,451.64188,-0.4605,-0.20373,-439.3434874,-438.9499355,-438.8986475,6.984144000000001,Gaussian,QC,"opt+freq: b3lyp/6-311G** em=gd3bj
energy: M062X/6-311G+(2d, p) em=gd3"
19,ComponentA100,CCCC[NH+]1CCCC1,-370.1373793,0.214906,0.261443,409.806064,-0.47016,-0.15117,-370.3605488,-369.9224733,-369.8759363,8.676528,Gaussian,QC,"opt+freq: b3lyp/6-311G** em=gd3bj
energy: M062X/6-311G+(2d, p) em=gd3"
20,ComponentA101,CCCC[n+]1ccn(C2CCCC2)c1,-579.1205855,0.265583,0.324618,519.862,-0.42101,-0.17476,-579.4341892,-578.8550025,-578.7959675,6.698,Gaussian,QC,"opt+freq: b3lyp/6-311G** em=gd3bj
energy: M062X/6-311G+(2d, p) em=gd3"
21,ComponentA103,CCCCCCCCCCn1c[n+](C)cn1,-674.9446561,0.322563,0.392919,619.554168,-0.38171,-0.20365,-675.3158677,-674.6220931,-674.5517371,4.843232,Gaussian,QC,"opt+freq: b3lyp/6-311G** em=gd3bj
energy: M062X/6-311G+(2d, p) em=gd3"
22,ComponentA106,CCCCCCCCCCCCn1c[n+](C)cn1,-753.5553921,0.374447,0.450883,673.092632,-0.37274,-0.20014,-753.9746427,-753.1809450999999,-753.1045091,4.69472,Gaussian,QC,"opt+freq: b3lyp/6-311G** em=gd3bj
energy: M062X/6-311G+(2d, p) em=gd3"
23,ComponentA111,CC[n+]1ccccc1C,-366.5410595,0.147196,0.19036,380.09548,-0.45009,-0.23819,-366.7415048,-366.3938635,-366.3506995,5.763679999999999,Gaussian,QC,"opt+freq: b3lyp/6-311G** em=gd3bj
energy: M062X/6-311G+(2d, p) em=gd3"
24,ComponentA139,CCn1c[n+](C)cn1,-360.5055541,0.117233,0.161168,386.89448,-0.47994,-0.20603,-360.6821466,-360.3883211,-360.3443861,7.450352,Gaussian,QC,"opt+freq: b3lyp/6-311G** em=gd3bj
energy: M062X/6-311G+(2d, p) em=gd3"
25,ComponentA141,CC[n+]1cc[nH]c1,-305.1780748,0.105505,0.144414,342.623576,-0.44798,-0.19956,-305.3326005,-305.0725698,-305.0336608,6.757023999999999,Gaussian,QC,"opt+freq: b3lyp/6-311G** em=gd3bj
energy: M062X/6-311G+(2d, p) em=gd3"
26,ComponentA145,CCCCCC[N+]1(C)CCCCC1,-527.3643145,0.319023,0.376727,508.142616,-0.43079,-0.11768,-527.6823763,-527.0452915,-526.9875875,8.516592,Gaussian,QC,"opt+freq: b3lyp/6-311G** em=gd3bj
energy: M062X/6-311G+(2d, p) em=gd3"
27,ComponentA147,CCCCCCn1cc[n+](C)c1C,-541.0237192,0.257008,0.317215,530.179744,-0.41324,-0.17104,-541.3246377,-540.7667111999999,-540.7065041999999,6.58784,Gaussian,QC,"opt+freq: b3lyp/6-311G** em=gd3bj
energy: M062X/6-311G+(2d, p) em=gd3"
28,ComponentA155,CCCCCCn1c[n+](C)cn1,-517.7261434,0.219523,0.276952,505.715896,-0.42162,-0.20489,-518.0006686,-517.5066204,-517.4491913999999,5.895056,Gaussian,QC,"opt+freq: b3lyp/6-311G** em=gd3bj
energy: M062X/6-311G+(2d, p) em=gd3"
29,ComponentA156,CCCCCC[n+]1ccc(C)cc1,-523.7631756,0.247295,0.305988,516.8411520000001,-0.42838,-0.22923,-524.0617707,-523.5158806,-523.4571876,5.41688,Gaussian,QC,"opt+freq: b3lyp/6-311G** em=gd3bj
energy: M062X/6-311G+(2d, p) em=gd3"
30,ComponentA159,CCCOCC[N+]1(C)CCCC1,-523.9598682,0.267458,0.323586,494.264288,-0.40227,-0.11594,-524.2513636,-523.6924101999999,-523.6362822,7.788176000000001,Gaussian,QC,"opt+freq: b3lyp/6-311G** em=gd3bj
energy: M062X/6-311G+(2d, p) em=gd3"
31,ComponentA163,C[NH+]1CCCC1=O,-326.2316254,0.115829,0.155161,346.35152,-0.48655,-0.22935,-326.3963116,-326.1157964,-326.0764644,6.995839999999999,Gaussian,QC,"opt+freq: b3lyp/6-311G** em=gd3bj
energy: M062X/6-311G+(2d, p) em=gd3"
32,ComponentA164,CCCOCCn1cc[n+](C)c1,-537.6112523,0.208223,0.264993,499.916872,-0.38914,-0.18021,-537.8843531,-537.4030293000001,-537.3462593,5.682896,Gaussian,QC,"opt+freq: b3lyp/6-311G** em=gd3bj
energy: M062X/6-311G+(2d, p) em=gd3"
33,ComponentA173,C[n+]1cc[nH]c1,-265.8679752,0.080072,0.115598,312.8460480000001,-0.45306,-0.20418,-265.9978543,-265.7879032,-265.7523772,6.769536,Gaussian,QC,"opt+freq: b3lyp/6-311G** em=gd3bj
energy: M062X/6-311G+(2d, p) em=gd3"
34,ComponentA174,C[NH+]1CCCCC1,-291.5377837,0.164741,0.203656,342.686336,-0.49511,-0.15035,-291.7110603,-291.3730427,-291.3341277,9.377472,Gaussian,QC,"opt+freq: b3lyp/6-311G** em=gd3bj
energy: M062X/6-311G+(2d, p) em=gd3"
35,ComponentA175,C[n+]1ccccc1,-287.915243,0.095004,0.133096,335.439648,-0.47348,-0.25292,-288.0667051,-287.820239,-287.782147,5.999232000000001,Gaussian,QC,"opt+freq: b3lyp/6-311G** em=gd3bj
energy: M062X/6-311G+(2d, p) em=gd3"
36,ComponentA187,CCCCCCCC[n+]1cccc(C)c1C,-641.6803947,0.326433,0.392772,584.1742640000001,-0.40598,-0.2237,-642.0510801,-641.3539617,-641.2876226999999,4.958016,Gaussian,QC,"opt+freq: b3lyp/6-311G** em=gd3bj
energy: M062X/6-311G+(2d, p) em=gd3"
37,ComponentA189,CC[N+](C)(C)CCOC(C)=O,-520.5798812,0.213684,0.269236,489.1849120000001,-0.40377,-0.12776,-520.8466886,-520.3661972000001,-520.3106452000001,7.507471999999999,Gaussian,QC,"opt+freq: b3lyp/6-311G** em=gd3bj
energy: M062X/6-311G+(2d, p) em=gd3"
38,ComponentA196,CCC[n+]1ccccc1C,-405.8468699,0.173093,0.219373,407.538336,-0.44727,-0.23664,-406.0716941,-405.6737769,-405.6274969,5.729136,Gaussian,QC,"opt+freq: b3lyp/6-311G** em=gd3bj
energy: M062X/6-311G+(2d, p) em=gd3"
39,ComponentA202,CCCCNC(=O)C[n+]1ccn(CC)c1,-670.3997644,0.252207,0.31797,579.103256,-0.38592,-0.16881,-670.7387327,-670.1475574,-670.0817944,5.905392,Gaussian,QC,"opt+freq: b3lyp/6-311G** em=gd3bj
energy: M062X/6-311G+(2d, p) em=gd3"
40,ComponentA203,C=Cn1cc[n+](CC(N)=O)c1,-511.9502842,0.128575,0.178597,440.487336,-0.4076,-0.19726,-512.1813483,-511.8217092,-511.7716872,5.721248000000001,Gaussian,QC,"opt+freq: b3lyp/6-311G** em=gd3bj
energy: M062X/6-311G+(2d, p) em=gd3"
41,ComponentA207,COCCCn1cc[n+](C)c1,-498.3046172,0.184378,0.236529,459.2358400000001,-0.38641,-0.18,-498.5524884,-498.1202392,-498.0680882,5.614351999999999,Gaussian,QC,"opt+freq: b3lyp/6-311G** em=gd3bj
energy: M062X/6-311G+(2d, p) em=gd3"
42,ComponentA209,CCOCn1cc[n+](C)c1,-458.9964964,0.157208,0.207129,439.596144,-0.43164,-0.18419,-459.2203884,-458.8392884,-458.7893674,6.730640000000001,Gaussian,QC,"opt+freq: b3lyp/6-311G** em=gd3bj
energy: M062X/6-311G+(2d, p) em=gd3"
43,ComponentA214,CCCC[n+]1cc[nH]c1,-383.7893316,0.156872,0.202293,399.977848,-0.44157,-0.19701,-383.9927403,-383.6324596,-383.5870386,6.652032,Gaussian,QC,"opt+freq: b3lyp/6-311G** em=gd3bj
energy: M062X/6-311G+(2d, p) em=gd3"
44,ComponentA215,CCCCCCCCCC[n+]1cc[nH]c1,-619.6177443,0.311059,0.376176,573.421384,-0.38559,-0.19336,-619.9663216,-619.3066853,-619.2415683,5.228655999999999,Gaussian,QC,"opt+freq: b3lyp/6-311G** em=gd3bj
energy: M062X/6-311G+(2d, p) em=gd3"
45,ComponentA216,CCCCCCCCCCCC[n+]1cc[nH]c1,-698.2268666,0.362841,0.434198,628.37404,-0.37172,-0.19312,-698.6237455,-697.8640256,-697.7926686,4.857919999999999,Gaussian,QC,"opt+freq: b3lyp/6-311G** em=gd3bj
energy: M062X/6-311G+(2d, p) em=gd3"
46,ComponentA219,CCCCCC[n+]1cc[nH]c1,-462.400021,0.207999,0.260233,459.976408,-0.43067,-0.19315,-462.6517235,-462.192022,-462.139788,6.460544000000001,Gaussian,QC,"opt+freq: b3lyp/6-311G** em=gd3bj
energy: M062X/6-311G+(2d, p) em=gd3"
47,ComponentA226,CC[NH+]1CCOCC1,-366.739033,0.166675,0.208724,370.279816,-0.43126,-0.14926,-366.9314886,-366.572358,-366.530309,7.670399999999999,Gaussian,QC,"opt+freq: b3lyp/6-311G** em=gd3bj
energy: M062X/6-311G+(2d, p) em=gd3"
48,ComponentA227,CCCCCCC[N+]1(C)CCOCC1,-602.5623589,0.321727,0.381979,530.577224,-0.41821,-0.12191,-602.8992253,-602.2406319,-602.1803799,8.05936,Gaussian,QC,"opt+freq: b3lyp/6-311G** em=gd3bj
energy: M062X/6-311G+(2d, p) em=gd3"
49,ComponentA230,CCCCCCCCn1c[n+](C)cn1,-596.3370547,0.271202,0.334909,561.007456,-0.40486,-0.20089,-596.6596744,-596.0658526999999,-596.0021456999999,5.547984,Gaussian,QC,"opt+freq: b3lyp/6-311G** em=gd3bj
energy: M062X/6-311G+(2d, p) em=gd3"
50,ComponentA235,CCCCCCCCC[N+]1(C)CCOCC1,-681.170563,0.373621,0.439998,584.5173520000001,-0.39778,-0.12049,-681.5557845,-680.7969420000001,-680.7305650000001,7.542288000000001,Gaussian,QC,"opt+freq: b3lyp/6-311G** em=gd3bj
energy: M062X/6-311G+(2d, p) em=gd3"
51,ComponentA240,CCCCCCCCC[N+](CC)(CC)CC,-646.4699615,0.413494,0.484778,627.7255200000001,-0.39467,-0.10922,-646.8719339,-646.0564674999999,-645.9851835,7.764240000000001,Gaussian,QC,"opt+freq: b3lyp/6-311G** em=gd3bj
energy: M062X/6-311G+(2d, p) em=gd3"
52,ComponentA244,C=CC[N+](CC)(CC)Cc1ccccc1,-601.1320248,0.28276,0.341649,518.569144,-0.38233,-0.15646,-601.4658354,-600.8492647999999,-600.7903758,6.143664,Gaussian,QC,"opt+freq: b3lyp/6-311G** em=gd3bj
energy: M062X/6-311G+(2d, p) em=gd3"
53,ComponentA245,CCC[NH+](CC)CC,-332.0396267,0.205329,0.253543,424.5714,-0.49665,-0.13646,-332.2500938,-331.8342977,-331.7860837,9.797168,Gaussian,QC,"opt+freq: b3lyp/6-311G** em=gd3bj
energy: M062X/6-311G+(2d, p) em=gd3"
54,ComponentA246,CCCCC[N+](C)(C)CC,-410.639278,0.258772,0.310891,458.959696,-0.4511,-0.12344,-410.8960567,-410.380506,-410.328387,8.912352,Gaussian,QC,"opt+freq: b3lyp/6-311G** em=gd3bj
energy: M062X/6-311G+(2d, p) em=gd3"
55,ComponentA247,CC(=O)[NH+](C)C,-288.120678,0.106612,0.147694,361.76956,-0.49013,-0.22839,-288.2724744,-288.014066,-287.972984,7.119327999999999,Gaussian,QC,"opt+freq: b3lyp/6-311G** em=gd3bj
energy: M062X/6-311G+(2d, p) em=gd3"
56,ComponentA250,CCC(=O)[NH+](C)C,-327.4287453,0.132023,0.176702,393.44244,-0.48281,-0.2216,-327.6049848,-327.2967223,-327.2520433,7.104912000000001,Gaussian,QC,"opt+freq: b3lyp/6-311G** em=gd3bj
energy: M062X/6-311G+(2d, p) em=gd3"
57,ComponentA251,CCCCCC[NH+](C)CCN,-466.0044341,0.273288,0.33003,499.665832,-0.42074,-0.12102,-466.2859653,-465.7311461,-465.6744041,8.152384,Gaussian,QC,"opt+freq: b3lyp/6-311G** em=gd3bj
energy: M062X/6-311G+(2d, p) em=gd3"
58,ComponentA258,CC[N+](CCO)(CCO)CCO,-596.9927556,0.245916,0.300571,481.281336,-0.40413,-0.11393,-597.2831127,-596.7468396,-596.6921846,7.89344,Gaussian,QC,"opt+freq: b3lyp/6-311G** em=gd3bj
energy: M062X/6-311G+(2d, p) em=gd3"
59,ComponentA261,C#CCCC[n+]1ccccc1,-442.6732372,0.154416,0.202244,421.16144,-0.40238,-0.24237,-442.9003081,-442.5188212,-442.4709932,4.352272,Gaussian,QC,"opt+freq: b3lyp/6-311G** em=gd3bj
energy: M062X/6-311G+(2d, p) em=gd3"
60,ComponentA262,CC[N+](C)(C)CCOCCOC,-561.0585102,0.261275,0.321772,532.736168,-0.36674,-0.11617,-561.3567161,-560.7972352,-560.7367382,6.815504,Gaussian,QC,"opt+freq: b3lyp/6-311G** em=gd3bj
energy: M062X/6-311G+(2d, p) em=gd3"
61,ComponentA263,CCC[N+](C)(C)CC,-332.0293143,0.206355,0.252827,409.232856,-0.49081,-0.12742,-332.2376725,-331.8229593,-331.7764873,9.884208,Gaussian,QC,"opt+freq: b3lyp/6-311G** em=gd3bj
energy: M062X/6-311G+(2d, p) em=gd3"
62,ComponentA265,CCCCCCC[N+](C)(C)CC,-489.2491752,0.310297,0.368849,515.6026880000001,-0.42056,-0.12191,-489.5542955,-488.9388782,-488.8803262,8.12328,Gaussian,QC,"opt+freq: b3lyp/6-311G** em=gd3bj
energy: M062X/6-311G+(2d, p) em=gd3"
63,ComponentA269,CC[N+](C)(CCO)CCO,-482.4649613,0.215454,0.265242,438.4288080000001,-0.41212,-0.12374,-482.7121635,-482.2495073,-482.1997193,7.843935999999999,Gaussian,QC,"opt+freq: b3lyp/6-311G** em=gd3bj
energy: M062X/6-311G+(2d, p) em=gd3"
64,ComponentA274,C[N+](CCO)(CCO)CCO,-557.6843553,0.219189,0.271402,459.783944,-0.40434,-0.11951,-557.9507183,-557.4651663,-557.4129533,7.747375999999999,Gaussian,QC,"opt+freq: b3lyp/6-311G** em=gd3bj
energy: M062X/6-311G+(2d, p) em=gd3"
65,ComponentA277,CCC[NH+](C)CCC,-332.0377088,0.205037,0.253506,426.818208,-0.4951,-0.13695,-332.2480335,-331.8326718,-331.7842028,9.741679999999999,Gaussian,QC,"opt+freq: b3lyp/6-311G** em=gd3bj
energy: M062X/6-311G+(2d, p) em=gd3"
66,ComponentA288,CC[S+](C)CC,-596.2459443,0.133333,0.177245,386.689464,-0.49466,-0.16984,-596.4170423,-596.1126113,-596.0686993,8.835104,Gaussian,QC,"opt+freq: b3lyp/6-311G** em=gd3bj
energy: M062X/6-311G+(2d, p) em=gd3"
67,ComponentA299,CCCC[P+](CCCC)(CCCC)CCC(F)(F)C(F)(F)C(F)(F)C(F)(F)C(F)(F)C(F)(F)F,-2419.8167733,0.41576,0.530317,1008.791688,-0.4415,-0.11711,-2420.6238099,-2419.4010133,-2419.2864563,8.823408,Gaussian,QC,"opt+freq: b3lyp/6-311G** em=gd3bj
energy: M062X/6-311G+(2d, p) em=gd3"
68,ComponentA303,CC[P+](CC)(CC)CCOC,-772.4862222,0.247761,0.308713,536.74444,-0.40278,-0.1155,-772.7876414,-772.2384612000001,-772.1775092,7.814016000000001,Gaussian,QC,"opt+freq: b3lyp/6-311G** em=gd3bj
energy: M062X/6-311G+(2d, p) em=gd3"
69,ComponentA310,CC[S+](CC)CC,-635.5511638,0.159411,0.206406,413.835256,-0.48189,-0.1646,-635.7477299,-635.3917528000001,-635.3447578,8.630287999999998,Gaussian,QC,"opt+freq: b3lyp/6-311G** em=gd3bj
energy: M062X/6-311G+(2d, p) em=gd3"
70,ComponentA311,CCCCCC[P+](CCCCCC)(CCCCCC)CC(C)C,-1208.2388578,0.581211,0.67939,864.565024,-0.41884,-0.10677,-1208.8382045,-1207.6576468,-1207.5594678,8.488304,Gaussian,QC,"opt+freq: b3lyp/6-311G** em=gd3bj
energy: M062X/6-311G+(2d, p) em=gd3"
71,ComponentA322,C#CC[N+](C)(C)C,-290.2435844,0.134915,0.176771,368.585296,-0.44159,-0.16227,-290.4064275,-290.1086694,-290.0668134,7.597504,Gaussian,QC,"opt+freq: b3lyp/6-311G** em=gd3bj
energy: M062X/6-311G+(2d, p) em=gd3"
72,ComponentA323,C#CCn1cc[n+](CC#C)c1,-457.4371695,0.115549,0.165911,443.48308,-0.4201,-0.18824,-457.646284,-457.3216205,-457.2712585,6.306591999999999,Gaussian,QC,"opt+freq: b3lyp/6-311G** em=gd3bj
energy: M062X/6-311G+(2d, p) em=gd3"
73,ComponentA336,C=CCCn1cc[n+](C)c1,-421.8646302,0.158244,0.207381,432.705096,-0.38973,-0.18657,-422.0834852,-421.7063862,-421.6572492,5.525952,Gaussian,QC,"opt+freq: b3lyp/6-311G** em=gd3bj
energy: M062X/6-311G+(2d, p) em=gd3"
74,ComponentA337,C=CC[N+](C)(C)C,-291.4940028,0.157769,0.200343,374.911504,-0.43527,-0.1714,-291.6692813,-291.3362338,-291.2936598,7.177263999999999,Gaussian,QC,"opt+freq: b3lyp/6-311G** em=gd3bj
energy: M062X/6-311G+(2d, p) em=gd3"
75,ComponentA338,C=CC[N+](C)(C)CC(=O)OCC,-558.6679049,0.218049,0.275207,503.3352,-0.42564,-0.16323,-558.9520096,-558.4498559000001,-558.3926979,7.137552,Gaussian,QC,"opt+freq: b3lyp/6-311G** em=gd3bj
energy: M062X/6-311G+(2d, p) em=gd3"
76,ComponentA342,C=CC[N+](CC)(CC)CC(=O)OC,-597.9684841,0.245048,0.304487,523.422584,-0.4154,-0.15652,-598.2762355,-597.7234361,-597.6639971,7.041536,Gaussian,QC,"opt+freq: b3lyp/6-311G** em=gd3bj
energy: M062X/6-311G+(2d, p) em=gd3"
77,ComponentA345,C=CC[N+]1(C)CCCCC1,-408.2230339,0.219365,0.266221,412.609344,-0.42619,-0.16143,-408.4591407,-408.0036689,-407.9568129,7.201472,Gaussian,QC,"opt+freq: b3lyp/6-311G** em=gd3bj
energy: M062X/6-311G+(2d, p) em=gd3"
78,ComponentA346,C=CC[N+]1(C)CCOCC1,-444.1154603,0.195993,0.24246,409.182648,-0.42269,-0.16804,-444.346228,-443.9194673,-443.8730003,6.926480000000001,Gaussian,QC,"opt+freq: b3lyp/6-311G** em=gd3bj
energy: M062X/6-311G+(2d, p) em=gd3"
79,ComponentA347,C=CC[N+]1(CC)CCCCC1,-447.5256395,0.245032,0.29517,441.5166,-0.42071,-0.15473,-447.7865923,-447.2806075,-447.2304695,7.234655999999999,Gaussian,QC,"opt+freq: b3lyp/6-311G** em=gd3bj
energy: M062X/6-311G+(2d, p) em=gd3"
80,ComponentA348,C=CC[N+]1(CC)CCOCC1,-483.4211786,0.221678,0.271486,438.60872,-0.41784,-0.16362,-483.6769238,-483.1995006,-483.1496926,6.914784,Gaussian,QC,"opt+freq: b3lyp/6-311G** em=gd3bj
energy: M062X/6-311G+(2d, p) em=gd3"
81,ComponentA349,C=CC[NH+](C)C,-252.1886882,0.131896,0.172418,356.840808,-0.44117,-0.17729,-252.341491,-252.0567922,-252.0162702,7.177536,Gaussian,QC,"opt+freq: b3lyp/6-311G** em=gd3bj
energy: M062X/6-311G+(2d, p) em=gd3"
82,ComponentA350,C=CC[NH+](C)CC=C,-329.5726622,0.160012,0.20678,411.839488,-0.43074,-0.17698,-329.7655729,-329.4126502,-329.3658822,6.902271999999999,Gaussian,QC,"opt+freq: b3lyp/6-311G** em=gd3bj
energy: M062X/6-311G+(2d, p) em=gd3"
83,ComponentA351,C=CC[NH+](CC)CC,-330.8070871,0.182643,0.230169,418.512968,-0.43279,-0.16534,-331.0089437,-330.6244441,-330.5769181,7.274640000000001,Gaussian,QC,"opt+freq: b3lyp/6-311G** em=gd3bj
energy: M062X/6-311G+(2d, p) em=gd3"
84,ComponentA352,C=CC[n+]1cccc(C)c1,-404.6133744,0.148225,0.195703,418.090384,-0.42258,-0.23773,-404.82992,-404.4651494,-404.4176714,5.02792,Gaussian,QC,"opt+freq: b3lyp/6-311G** em=gd3bj
energy: M062X/6-311G+(2d, p) em=gd3"
85,ComponentA357,C=CCn1cc[n+](CCCCCCCCCCCC)c1,-814.9174642,0.415308,0.496978,719.183576,-0.37144,-0.17527,-815.3788314,-814.5021562000001,-814.4204862,5.335824,Gaussian,QC,"opt+freq: b3lyp/6-311G** em=gd3bj
energy: M062X/6-311G+(2d, p) em=gd3"
86,ComponentA358,C=CCn1cc[n+](CCCCCCCCCCCCCC)c1,-893.5262982,0.467298,0.555002,772.316192,-0.36081,-0.17625,-894.0359576,-893.0590002,-892.9712962000001,5.020032,Gaussian,QC,"opt+freq: b3lyp/6-311G** em=gd3bj
energy: M062X/6-311G+(2d, p) em=gd3"
87,ComponentA359,C=CCn1cc[n+](N)n1,-414.567951,0.109628,0.155192,401.237232,-0.42097,-0.23265,-414.759323,-414.458323,-414.412759,5.122304000000001,Gaussian,QC,"opt+freq: b3lyp/6-311G** em=gd3bj
energy: M062X/6-311G+(2d, p) em=gd3"
88,ComponentA360,C=Cc1ccc(C[N+](CCCC)(CCCC)CCCC)cc1,-876.263139,0.461163,0.544556,734.3547599999999,-0.33561,-0.15666,-876.7697877,-875.801976,-875.7185830000001,4.86744,Gaussian,QC,"opt+freq: b3lyp/6-311G** em=gd3bj
energy: M062X/6-311G+(2d, p) em=gd3"
89,ComponentA361,C=Cc1ccc(C[N+]2(C)CCOCC2)cc1,-675.1450057,0.266267,0.325361,520.380816,-0.34504,-0.17039,-675.4878963,-674.8787387,-674.8196446999999,4.75048,Gaussian,QC,"opt+freq: b3lyp/6-311G** em=gd3bj
energy: M062X/6-311G+(2d, p) em=gd3"
90,ComponentA362,C=Cc1ccc(C[n+]2ccccc2)cc1,-596.3298465,0.193449,0.25029,500.536104,-0.34318,-0.23333,-596.6331379,-596.1363975,-596.0795565000001,2.987919999999999,Gaussian,QC,"opt+freq: b3lyp/6-311G** em=gd3bj
energy: M062X/6-311G+(2d, p) em=gd3"
91,ComponentA363,C=Cc1ccc(C[n+]2ccn(C)c2)cc1,-613.586747,0.201928,0.261245,522.347296,-0.33484,-0.17949,-613.8926635,-613.384819,-613.3255019999999,4.22552,Gaussian,QC,"opt+freq: b3lyp/6-311G** em=gd3bj
energy: M062X/6-311G+(2d, p) em=gd3"
92,ComponentA364,C=Cn1cc[n+](CCCC)c1,-461.1706736,0.18323,0.235851,463.378,-0.41879,-0.20346,-461.4145767,-460.9874436,-460.9348226,5.856976,Gaussian,QC,"opt+freq: b3lyp/6-311G** em=gd3bj
energy: M062X/6-311G+(2d, p) em=gd3"
93,ComponentA365,CC#CCn1cc[n+](C)c1,-420.6238855,0.13253,0.184076,453.909608,-0.39474,-0.18568,-420.8310508,-420.4913555,-420.4398095,5.686431999999999,Gaussian,QC,"opt+freq: b3lyp/6-311G** em=gd3bj
energy: M062X/6-311G+(2d, p) em=gd3"
94,ComponentA366,CC(=O)OCC[N+]1(C)CCOCC1,-633.9080447,0.228287,0.282926,481.155816,-0.4178,-0.13806,-634.2059126,-633.6797577,-633.6251187,7.608928,Gaussian,QC,"opt+freq: b3lyp/6-311G** em=gd3bj
energy: M062X/6-311G+(2d, p) em=gd3"
95,ComponentA382,CCOC(C[NH+](C)C)OCC,-521.7755097,0.234914,0.292928,510.870584,-0.41141,-0.12522,-522.0525874,-521.5405957,-521.4825817000001,7.784368,Gaussian,QC,"opt+freq: b3lyp/6-311G** em=gd3bj
energy: M062X/6-311G+(2d, p) em=gd3"
96,ComponentA387,CC[N+]1(Cc2ccccc2)CCOCC1,-637.0656693,0.265381,0.320402,484.511384,-0.38729,-0.15771,-637.3915724,-636.8002882999999,-636.7452673,6.244576,Gaussian,QC,"opt+freq: b3lyp/6-311G** em=gd3bj
energy: M062X/6-311G+(2d, p) em=gd3"
97,ComponentA391,CN1CCC[NH+]2CCCN=C12,-478.4150434,0.203304,0.251208,421.8392480000001,-0.37611,-0.14729,-478.6619085,-478.2117394,-478.1638354,6.223904,Gaussian,QC,"opt+freq: b3lyp/6-311G** em=gd3bj
energy: M062X/6-311G+(2d, p) em=gd3"
98,ComponentA405,CC(C)CCCCn1cc[n+](C)c1,-541.0127345,0.257076,0.317025,527.9162,-0.41857,-0.18178,-541.3133019,-540.7556585,-540.6957095,6.440688,Gaussian,QC,"opt+freq: b3lyp/6-311G** em=gd3bj
energy: M062X/6-311G+(2d, p) em=gd3"
99,ComponentA406,CC(C)CCCn1cc[n+](C)c1,-501.7070674,0.231398,0.288067,499.017312,-0.42909,-0.18424,-501.9837293,-501.4756694,-501.4190004,6.659920000000001,Gaussian,QC,"opt+freq: b3lyp/6-311G** em=gd3bj
energy: M062X/6-311G+(2d, p) em=gd3"
100,ComponentA407,CC(C)CC[NH3+],-253.4223698,0.154215,0.19585,366.639736,-0.47551,-0.1859,-253.5844393,-253.2681548,-253.2265198,7.877392,Gaussian,QC,"opt+freq: b3lyp/6-311G** em=gd3bj
energy: M062X/6-311G+(2d, p) em=gd3"
101,ComponentA408,CC(C)CCn1cc[n+](C)c1,-462.4021596,0.205913,0.259115,468.495032,-0.43023,-0.18506,-462.6544461,-462.1962466,-462.1430446,6.668623999999999,Gaussian,QC,"opt+freq: b3lyp/6-311G** em=gd3bj
energy: M062X/6-311G+(2d, p) em=gd3"
102,ComponentA410,CC(C)C[N+]1(C)CCCC1,-409.4439165,0.239568,0.288954,434.893328,-0.47559,-0.1244,-409.689084,-409.2043485,-409.1549625,9.552368,Gaussian,QC,"opt+freq: b3lyp/6-311G** em=gd3bj
energy: M062X/6-311G+(2d, p) em=gd3"
103,ComponentA411,CC(C)C[N+]1(C)CCCCC1,-448.7557557,0.268073,0.318371,442.91824,-0.47039,-0.11804,-449.0248105,-448.4876827,-448.4373847,9.583919999999997,Gaussian,QC,"opt+freq: b3lyp/6-311G** em=gd3bj
energy: M062X/6-311G+(2d, p) em=gd3"
104,ComponentA412,CC(C)C[NH3+],-214.1171507,0.128648,0.166915,336.97936,-0.49813,-0.18658,-214.2550194,-213.9885027,-213.9502357,8.47416,Gaussian,QC,"opt+freq: b3lyp/6-311G** em=gd3bj
energy: M062X/6-311G+(2d, p) em=gd3"
105,ComponentA421,CC(C)Cn1cc[n+](C)c1,-423.0986457,0.180324,0.230156,438.826288,-0.43301,-0.18378,-423.3263511,-422.9183217,-422.8684897,6.779056,Gaussian,QC,"opt+freq: b3lyp/6-311G** em=gd3bj
energy: M062X/6-311G+(2d, p) em=gd3"
106,ComponentA422,CC(C)N(CCC(C)[NH+](C)C)C(C)C,-583.8918286,0.348809,0.414308,576.7811360000001,-0.32183,-0.13655,-584.2442107,-583.5430196000001,-583.4775206,5.039616,Gaussian,QC,"opt+freq: b3lyp/6-311G** em=gd3bj
energy: M062X/6-311G+(2d, p) em=gd3"
107,ComponentA423,CC(C)N(CCn1cc[n+](C)c1)C(C)C,-635.6512419,0.298167,0.362713,568.392216,-0.33558,-0.16932,-635.9981293,-635.3530748999999,-635.2885289,4.522272,Gaussian,QC,"opt+freq: b3lyp/6-311G** em=gd3bj
energy: M062X/6-311G+(2d, p) em=gd3"
108,ComponentA425,CC(C)[C@H]([NH3+])C(=O)O,-402.684321,0.137777,0.183808,405.341736,-0.45528,-0.18529,-402.8807789,-402.546544,-402.500513,7.343728,Gaussian,QC,"opt+freq: b3lyp/6-311G** em=gd3bj
energy: M062X/6-311G+(2d, p) em=gd3"
109,ComponentA426,CC(C)[N+](C)(C)C,-292.7251921,0.17754,0.223419,404.002856,-0.51632,-0.13112,-292.9089523,-292.5476521,-292.5017731,10.47744,Gaussian,QC,"opt+freq: b3lyp/6-311G** em=gd3bj
energy: M062X/6-311G+(2d, p) em=gd3"
110,ComponentA430,CC(C)n1cc[n+](C(F)(F)C(F)F)c1,-820.0706812,0.145354,0.202402,502.364512,-0.44696,-0.20388,-820.3785115,-819.9253272,-819.8682792,6.611776000000001,Gaussian,QC,"opt+freq: b3lyp/6-311G** em=gd3bj
energy: M062X/6-311G+(2d, p) em=gd3"
111,ComponentA436,CC(CCCCCCN(C)C)[NH+](C)C,-583.8923784,0.350326,0.415453,573.5092480000001,-0.30553,-0.12639,-584.2431527,-583.5420524,-583.4769254,4.872608,Gaussian,QC,"opt+freq: b3lyp/6-311G** em=gd3bj
energy: M062X/6-311G+(2d, p) em=gd3"
112,ComponentA437,CC(CCN(C)C)[NH+](C)C,-426.6883995,0.247486,0.298776,451.658616,-0.38789,-0.11783,-426.9473838,-426.4409135,-426.3896235,7.345632,Gaussian,QC,"opt+freq: b3lyp/6-311G** em=gd3bj
energy: M062X/6-311G+(2d, p) em=gd3"
113,ComponentA462,CC(O)C[N+](C)(C)C,-367.9386293,0.183144,0.229235,405.877288,-0.42206,-0.13581,-368.1409207,-367.7554853,-367.7093943,7.786,Gaussian,QC,"opt+freq: b3lyp/6-311G** em=gd3bj
energy: M062X/6-311G+(2d, p) em=gd3"
114,ComponentA470,CC1(C)OCC(C[N+](C)(C)Cc2cccnc2)O1,-806.9407676,0.305432,0.370244,570.7352559999999,-0.37509,-0.16348,-807.3324333,-806.6353356,-806.5705236,5.755792,Gaussian,QC,"opt+freq: b3lyp/6-311G** em=gd3bj
energy: M062X/6-311G+(2d, p) em=gd3"
115,ComponentA471,CC1=NC(N=[N+]=[N-])=N[NH2+]1,-445.416669,0.065592,0.108097,374.292272,-0.44949,-0.26646,-445.5948173,-445.351077,-445.308572,4.978416,Gaussian,QC,"opt+freq: b3lyp/6-311G** em=gd3bj
energy: M062X/6-311G+(2d, p) em=gd3"
116,ComponentA472,CC1=NN(C)N[NH+]1C,-377.6446001,0.128339,0.171495,380.03272,-0.40777,-0.19729,-377.8291336,-377.5162611,-377.4731051,5.725056,Gaussian,QC,"opt+freq: b3lyp/6-311G** em=gd3bj
energy: M062X/6-311G+(2d, p) em=gd3"
117,ComponentA477,CCC#CCn1cc[n+](C)c1,-459.9282115,0.15786,0.213212,487.427632,-0.39118,-0.18485,-460.160189,-459.7703514999999,-459.7149995,5.612176000000001,Gaussian,QC,"opt+freq: b3lyp/6-311G** em=gd3bj
energy: M062X/6-311G+(2d, p) em=gd3"
118,ComponentA479,CCC(C)C[N+](CC)(CC)CC,-489.2510917,0.310355,0.368508,512.10068,-0.45337,-0.10974,-489.5562415,-488.9407367,-488.8825837,9.346736,Gaussian,QC,"opt+freq: b3lyp/6-311G** em=gd3bj
energy: M062X/6-311G+(2d, p) em=gd3"
119,ComponentA480,CCC(C)C[NH3+],-253.4220599,0.154001,0.195911,369.058088,-0.47654,-0.18407,-253.5843181,-253.2680589,-253.2261489,7.955184,Gaussian,QC,"opt+freq: b3lyp/6-311G** em=gd3bj
energy: M062X/6-311G+(2d, p) em=gd3"
120,ComponentA481,CCC(C)n1cc[n+](C)c1,-423.0997893,0.180074,0.230189,441.311584,-0.43084,-0.18105,-423.3276697,-422.9197153,-422.8696003,6.794288,Gaussian,QC,"opt+freq: b3lyp/6-311G** em=gd3bj
energy: M062X/6-311G+(2d, p) em=gd3"
121,ComponentA482,CCC(CC)(CC)CCCC[NH3+],-489.2445057,0.310875,0.3694,515.3642,-0.40744,-0.17886,-489.5507858,-488.9336307,-488.8751057,6.217376000000001,Gaussian,QC,"opt+freq: b3lyp/6-311G** em=gd3bj
energy: M062X/6-311G+(2d, p) em=gd3"
122,ComponentA483,CCC(CC)(CC)CCCC[PH3+],-775.8095814,0.296594,0.356949,531.476784,-0.40442,-0.17663,-776.1352045,-775.5129873999999,-775.4526324,6.195888,Gaussian,QC,"opt+freq: b3lyp/6-311G** em=gd3bj
energy: M062X/6-311G+(2d, p) em=gd3"
123,ComponentA491,CCCCC/C=C\C/C=C\CCCCCCCC[n+]1ccn(C)c1,-970.9058637,0.491141,0.589529,866.3976160000001,-0.29214,-0.18038,-971.4570831,-970.4147227000001,-970.3163347000001,3.039872,Gaussian,QC,"opt+freq: b3lyp/6-311G** em=gd3bj
energy: M062X/6-311G+(2d, p) em=gd3"
124,ComponentA496,CCCCCCCC/C=C/CCCCCCCC[n+]1ccn(C)c1,-972.1335804,0.516112,0.612816,851.577888,-0.30402,-0.18232,-972.6928187,-971.6174684,-971.5207644000001,3.31024,Gaussian,QC,"opt+freq: b3lyp/6-311G** em=gd3bj
energy: M062X/6-311G+(2d, p) em=gd3"
125,ComponentA499,CCCCCCCC/C=C\CCCCCCCC[n+]1ccn(C)c1,-972.1322263,0.516154,0.613071,853.4481360000001,-0.30392,-0.1822,-972.6913282,-971.6160722999999,-971.5191553,3.310784,Gaussian,QC,"opt+freq: b3lyp/6-311G** em=gd3bj
energy: M062X/6-311G+(2d, p) em=gd3"
126,ComponentA500,CCCCCCCC/C=C\CCCCCCCCn1cc[n+](C)c1,-972.1331238,0.5159,0.613042,855.427168,-0.30563,-0.18024,-972.6920673,-971.6172238,-971.5200818000001,3.410608,Gaussian,QC,"opt+freq: b3lyp/6-311G** em=gd3bj
energy: M062X/6-311G+(2d, p) em=gd3"
127,ComponentA501,CCCCCCCCCC(=O)OCC[N+](C)(C)COCCCCC,-1067.4661262,0.527721,0.622913,838.2560320000001,-0.38167,-0.12445,-1068.0461294,-1066.9384052,-1066.8432132,6.996384,Gaussian,QC,"opt+freq: b3lyp/6-311G** em=gd3bj
energy: M062X/6-311G+(2d, p) em=gd3"
128,ComponentA531,CCCCCCCCCCCCCCCCCCCCCCn1cc[n+](C)c1,-1130.577411,0.643537,0.752446,959.043928,-0.33514,-0.1821,-1131.2407191,-1129.933874,-1129.824965,4.162687999999999,Gaussian,QC,"opt+freq: b3lyp/6-311G** em=gd3bj
energy: M062X/6-311G+(2d, p) em=gd3"
129,ComponentA536,CCCCCCCCCCCCCCCCCC[P+](CCCC)(CCCC)CCCC,-1522.6727467,0.787652,0.911749,1092.79804,-0.34453,-0.11028,-1523.4639966,-1521.8850947,-1521.7609977,6.3716,Gaussian,QC,"opt+freq: b3lyp/6-311G** em=gd3bj
energy: M062X/6-311G+(2d, p) em=gd3"
130,ComponentA540,CCCCCCCCCCCCCCCCCC[n+]1ccc(C)cc1,-995.4179838,0.556437,0.653831,857.6488720000001,-0.34571,-0.22737,-996.0064898,-994.8615468,-994.7641528,3.218848000000001,Gaussian,QC,"opt+freq: b3lyp/6-311G** em=gd3bj
energy: M062X/6-311G+(2d, p) em=gd3"
131,ComponentA541,CCCCCCCCCCCCCCCCCC[n+]1ccc2ccccc2c1,-1109.7326961,0.574914,0.673572,868.778312,-0.34465,-0.23131,-1110.3683719,-1109.1577821,-1109.0591241,3.082848000000001,Gaussian,QC,"opt+freq: b3lyp/6-311G** em=gd3bj
energy: M062X/6-311G+(2d, p) em=gd3"
132,ComponentA544,CCCCCCCCCCCCCCCCCC[n+]1ccccc1,-956.102785,0.532982,0.625607,815.64988,-0.34645,-0.23928,-956.6662536,-955.5698030000001,-955.4771780000001,2.915023999999999,Gaussian,QC,"opt+freq: b3lyp/6-311G** em=gd3bj
energy: M062X/6-311G+(2d, p) em=gd3"
133,ComponentA559,CCCCCCCCCCCCCCCC[N+](C)(C)C,-803.6823238,0.51555,0.600751,750.2790640000001,-0.3546,-0.13036,-804.1807936,-803.1667738,-803.0815728,6.099328000000001,Gaussian,QC,"opt+freq: b3lyp/6-311G** em=gd3bj
energy: M062X/6-311G+(2d, p) em=gd3"
134,ComponentA562,CCCCCCCCCCCCCCCC[P+](CCCC)(CCCC)CCCC,-1444.0636507,0.736157,0.853811,1036.058816,-0.35091,-0.11045,-1444.8066811,-1443.3274937,-1443.2098397,6.540512,Gaussian,QC,"opt+freq: b3lyp/6-311G** em=gd3bj
energy: M062X/6-311G+(2d, p) em=gd3"
135,ComponentA563,CCCCCCCCCCCCCCCC[P+](CCCCCC)(CCCCCC)CCCCCC,-1679.8906914,0.889286,1.027752,1219.326384,-0.35028,-0.10596,-1680.7806314,-1679.0014054,-1678.8629394,6.645503999999999,Gaussian,QC,"opt+freq: b3lyp/6-311G** em=gd3bj
energy: M062X/6-311G+(2d, p) em=gd3"
136,ComponentA567,CCCCCCCCCCCCCCCC[n+]1ccc(C)cc1,-916.8089861,0.50484,0.595872,801.625112,-0.35247,-0.22743,-917.3491884,-916.3041461,-916.2131141,3.401088,Gaussian,QC,"opt+freq: b3lyp/6-311G** em=gd3bj
energy: M062X/6-311G+(2d, p) em=gd3"
137,ComponentA574,CCCCCCCCCCCCCCCC[n+]1ccn(C)c1,-894.7504797,0.489862,0.578609,781.5084400000001,-0.35162,-0.18221,-895.2688575,-894.2606177,-894.1718707,4.607951999999999,Gaussian,QC,"opt+freq: b3lyp/6-311G** em=gd3bj
energy: M062X/6-311G+(2d, p) em=gd3"
138,ComponentA575,CCCCCCCCCCCCCCCC[n+]1ccsc1,-1198.2635938,0.448968,0.534336,751.73928,-0.35423,-0.23391,-1198.7645177,-1197.8146258,-1197.7292578,3.272704,Gaussian,QC,"opt+freq: b3lyp/6-311G** em=gd3bj
energy: M062X/6-311G+(2d, p) em=gd3"
139,ComponentA582,CCCCCCCCCCCCCCCCn1cc[n+](C)c1C,-934.0694436,0.514468,0.607077,815.5118080000001,-0.35127,-0.16935,-934.6119462,-933.5549756,-933.4623666,4.948224000000001,Gaussian,QC,"opt+freq: b3lyp/6-311G** em=gd3bj
energy: M062X/6-311G+(2d, p) em=gd3"
140,ComponentA583,CCCCCCCCCCCCCCCn1cc[n+](C)c1,-855.4468973,0.463642,0.549543,756.44628,-0.35692,-0.18032,-855.9409253,-854.9832553,-854.8973543000001,4.80352,Gaussian,QC,"opt+freq: b3lyp/6-311G** em=gd3bj
energy: M062X/6-311G+(2d, p) em=gd3"
141,ComponentA590,CCCCCCCCCCCCCC[N+](CCCCC)(CCCCC)CCCCC,-1196.7245163,0.773909,0.890871,1029.966912,-0.36069,-0.09633,-1197.467365,-1195.9506073,-1195.8336453,7.190592000000001,Gaussian,QC,"opt+freq: b3lyp/6-311G** em=gd3bj
energy: M062X/6-311G+(2d, p) em=gd3"
142,ComponentA591,CCCCCCCCCCCCCC[N+]1=C2CCCCCN2CCC1,-1012.6901117,0.576033,0.668513,814.37376,-0.35722,-0.16095,-1013.2803022,-1012.1140787,-1012.0215987,5.338543999999999,Gaussian,QC,"opt+freq: b3lyp/6-311G** em=gd3bj
energy: M062X/6-311G+(2d, p) em=gd3"
143,ComponentA592,CCCCCCCCCCCCCC[NH3+],-607.1626791,0.386537,0.457288,623.035256,-0.36752,-0.18167,-607.5423096,-606.7761421,-606.7053911,5.055120000000001,Gaussian,QC,"opt+freq: b3lyp/6-311G** em=gd3bj
energy: M062X/6-311G+(2d, p) em=gd3"
144,ComponentA604,CCCCCCCCCCCCCC[P+](CCCCCCCC)(CCCCCCCC)CCCCCCCC,-1837.1104823,0.993286,1.143764,1325.110456,-0.35772,-0.10384,-1838.096913,-1836.1171963,-1835.9667183,6.905536,Gaussian,QC,"opt+freq: b3lyp/6-311G** em=gd3bj
energy: M062X/6-311G+(2d, p) em=gd3"
145,ComponentA608,CCCCCCCCCCCCCC[n+]1ccc(C)cc1,-838.1999708,0.452708,0.537845,749.71004,-0.36096,-0.22754,-838.6918521,-837.7472627999999,-837.6621258,3.629024,Gaussian,QC,"opt+freq: b3lyp/6-311G** em=gd3bj
energy: M062X/6-311G+(2d, p) em=gd3"
146,ComponentA611,CCCCCCCCCCCCCC[n+]1ccccc1,-798.8847754,0.430307,0.509676,698.920464,-0.36203,-0.23942,-799.3516292,-798.4544684,-798.3750994,3.334992000000001,Gaussian,QC,"opt+freq: b3lyp/6-311G** em=gd3bj
energy: M062X/6-311G+(2d, p) em=gd3"
147,ComponentA612,CCCCCCCCCCCCCC[n+]1ccn(C)c1,-816.1414511,0.437729,0.520559,729.400904,-0.35993,-0.18236,-816.6115095,-815.7037221,-815.6208921,4.829904000000001,Gaussian,QC,"opt+freq: b3lyp/6-311G** em=gd3bj
energy: M062X/6-311G+(2d, p) em=gd3"
148,ComponentA613,CCCCCCCCCCCCCC[n+]1ccn(Cc2ccccc2)c1C,-1086.4848055,0.534313,0.632455,864.230304,-0.35942,-0.1575,-1087.0891435,-1085.9504925,-1085.8523505,5.492224,Gaussian,QC,"opt+freq: b3lyp/6-311G** em=gd3bj
energy: M062X/6-311G+(2d, p) em=gd3"
149,ComponentA626,CCCCCCCCCCCCOC[n+]1ccccc1,-834.7858011,0.405235,0.485873,710.0917440000001,-0.36838,-0.23735,-835.249268,-834.3805661,-834.2999281,3.564015999999999,Gaussian,QC,"opt+freq: b3lyp/6-311G** em=gd3bj
energy: M062X/6-311G+(2d, p) em=gd3"
150,ComponentA641,CCCCCCCCCCCC[N+](C)(C)C,-646.4642363,0.412412,0.484762,637.110232,-0.37496,-0.13067,-646.8660929,-646.0518243,-645.9794743,6.644688,Gaussian,QC,"opt+freq: b3lyp/6-311G** em=gd3bj
energy: M062X/6-311G+(2d, p) em=gd3"
151,ComponentA644,CCCCCCCCCCCC[N+](C)(CCCCCCCCCCCC)CCCCCCCCCCCC,-1511.1651135,0.981354,1.122757,1245.191872,-0.36904,-0.10414,-1512.1023766,-1510.1837595,-1510.0423565,7.205279999999999,Gaussian,QC,"opt+freq: b3lyp/6-311G** em=gd3bj
energy: M062X/6-311G+(2d, p) em=gd3"
152,ComponentA645,CCCCCCCCCCCC[N+](CC)(CC)CC,-764.3836783,0.490828,0.571736,712.476624,-0.37219,-0.10877,-764.8581071,-763.8928503000001,-763.8119423,7.165024,Gaussian,QC,"opt+freq: b3lyp/6-311G** em=gd3bj
energy: M062X/6-311G+(2d, p) em=gd3"
153,ComponentA646,CCCCCCCCCCCC[N+](CCCCCCCCCCCC)=C(N(C)C)N(C)C,-1306.2483862,0.779027,0.901666,1079.95316,-0.36911,-0.15218,-1307.0293574,-1305.4693592,-1305.3467202,5.900496,Gaussian,QC,"opt+freq: b3lyp/6-311G** em=gd3bj
energy: M062X/6-311G+(2d, p) em=gd3"
154,ComponentA647,CCCCCCCCCCCC[N+]1(C)CCCC1,-723.880573,0.446664,0.521434,658.4193440000001,-0.37449,-0.12218,-724.3193132,-723.433909,-723.359139,6.862831999999999,Gaussian,QC,"opt+freq: b3lyp/6-311G** em=gd3bj
energy: M062X/6-311G+(2d, p) em=gd3"
155,ComponentA648,CCCCCCCCCCCC[N+]1(CCCC)CCCC1,-841.7908466,0.522803,0.608534,754.9400400000001,-0.37291,-0.11436,-842.3034576,-841.2680436,-841.1823126,7.03256,Gaussian,QC,"opt+freq: b3lyp/6-311G** em=gd3bj
energy: M062X/6-311G+(2d, p) em=gd3"
156,ComponentA651,CCCCCCCCCCCC[NH+](C)C,-607.1658294,0.386085,0.45659,620.867944,-0.37804,-0.14584,-607.5447168,-606.7797444,-606.7092394,6.31584,Gaussian,QC,"opt+freq: b3lyp/6-311G** em=gd3bj
energy: M062X/6-311G+(2d, p) em=gd3"
157,ComponentA652,CCCCCCCCCCCC[P+](CC)(CC)CC,-1051.0171634,0.475859,0.563803,774.433296,-0.37091,-0.11605,-1051.517164,-1050.5413044,-1050.4533604,6.932192000000001,Gaussian,QC,"opt+freq: b3lyp/6-311G** em=gd3bj
energy: M062X/6-311G+(2d, p) em=gd3"
158,ComponentA653,CCCCCCCCCCCC[P+](CCCCCC)(CCCCCC)CCCCCC,-1522.6726389,0.785454,0.911735,1112.027704,-0.36773,-0.10606,-1523.4659481,-1521.8871849,-1521.7609039,7.117424,Gaussian,QC,"opt+freq: b3lyp/6-311G** em=gd3bj
energy: M062X/6-311G+(2d, p) em=gd3"
159,ComponentA658,CCCCCCCCCCCC[n+]1ccc(C)cc1,-759.5909581,0.401817,0.479905,687.6320320000001,-0.3717,-0.22769,-760.0345084,-759.1891410999999,-759.1110530999999,3.917071999999999,Gaussian,QC,"opt+freq: b3lyp/6-311G** em=gd3bj
energy: M062X/6-311G+(2d, p) em=gd3"
160,ComponentA659,CCCCCCCCCCCC[n+]1ccc2ccccc2c1,-873.9056191,0.419848,0.499604,702.3262400000001,-0.36959,-0.23156,-874.3963868,-873.4857711,-873.4060151,3.754416,Gaussian,QC,"opt+freq: b3lyp/6-311G** em=gd3bj
energy: M062X/6-311G+(2d, p) em=gd3"
161,ComponentA665,CCCCCCCCCCCC[n+]1ccn(C)c1,-737.5333642,0.386878,0.462635,667.1095120000001,-0.3721,-0.18053,-737.9549208,-737.1464862,-737.0707292000001,5.210704,Gaussian,QC,"opt+freq: b3lyp/6-311G** em=gd3bj
energy: M062X/6-311G+(2d, p) em=gd3"
162,ComponentA666,CCCCCCCCCCCC[n+]1ccsc1,-1041.0455039,0.345572,0.418364,641.005536,-0.3743,-0.23417,-1041.4498167,-1040.6999319,-1040.6271399,3.811536000000001,Gaussian,QC,"opt+freq: b3lyp/6-311G** em=gd3bj
energy: M062X/6-311G+(2d, p) em=gd3"
163,ComponentA678,CCCCCCCCCCCCn1cc[n+](CCCCCCCCCCCC)c1,-1169.892103,0.670035,0.781269,979.51624,-0.36985,-0.17331,-1170.5804565,-1169.222068,-1169.110834,5.345888,Gaussian,QC,"opt+freq: b3lyp/6-311G** em=gd3bj
energy: M062X/6-311G+(2d, p) em=gd3"
164,ComponentA679,CCCCCCCCCCCCn1cc[n+](CC[C@H](C)CCC=C(C)C)c1,-1090.0729604,0.59759,0.698982,892.853048,-0.34285,-0.1654,-1090.7048459,-1089.4753704,-1089.3739784,4.826639999999999,Gaussian,QC,"opt+freq: b3lyp/6-311G** em=gd3bj
energy: M062X/6-311G+(2d, p) em=gd3"
165,ComponentA681,CCCCCCCCCCCOC[N+](C)(C)CCO,-836.2034172,0.442929,0.52483,721.212816,-0.37132,-0.11697,-836.6694608,-835.7604881999999,-835.6785872,6.918319999999999,Gaussian,QC,"opt+freq: b3lyp/6-311G** em=gd3bj
energy: M062X/6-311G+(2d, p) em=gd3"
166,ComponentA682,CCCCCCCCCCCOC[n+]1ccccc1,-795.4812855,0.379925,0.456889,677.7368720000001,-0.37412,-0.23751,-795.9205905,-795.1013605,-795.0243965,3.715792,Gaussian,QC,"opt+freq: b3lyp/6-311G** em=gd3bj
energy: M062X/6-311G+(2d, p) em=gd3"
167,ComponentA683,CCCCCCCCCCCOCn1cc[n+](-c2ccccc2)c1,-1004.4564386,0.434067,0.521756,772.1864879999999,-0.37383,-0.18383,-1004.9836999,-1004.0223716,-1003.9346826,5.168,Gaussian,QC,"opt+freq: b3lyp/6-311G** em=gd3bj
energy: M062X/6-311G+(2d, p) em=gd3"
168,ComponentA693,CCCCCCCCCCCc1n(Cc2ccccc2)cc[n+]1C,-968.5674706,0.45701,0.545765,781.5712000000001,-0.36583,-0.16235,-969.0993907,-968.1104606,-968.0217056,5.534656,Gaussian,QC,"opt+freq: b3lyp/6-311G** em=gd3bj
energy: M062X/6-311G+(2d, p) em=gd3"
169,ComponentA694,CCCCCCCCCCCc1n(Cc2ccccc2)cc[n+]1CCCCC,-1125.795378,0.562216,0.661676,875.840904,-0.36688,-0.1553,-1126.4253461,-1125.233162,-1125.133702,5.754975999999999,Gaussian,QC,"opt+freq: b3lyp/6-311G** em=gd3bj
energy: M062X/6-311G+(2d, p) em=gd3"
170,ComponentA695,CCCCCCCCCCCn1cc[n+](C)c1,-698.2287997,0.361196,0.433654,638.0600000000001,-0.37845,-0.18065,-698.6262244,-697.8676037,-697.7951456999999,5.38016,Gaussian,QC,"opt+freq: b3lyp/6-311G** em=gd3bj
energy: M062X/6-311G+(2d, p) em=gd3"
171,ComponentA696,CCCCCCCCCCOCn1cc[n+](-c2ccccc2)c1,-965.1520305,0.407851,0.492736,747.496704,-0.37578,-0.18131,-965.6554683,-964.7441795,-964.6592945,5.289584,Gaussian,QC,"opt+freq: b3lyp/6-311G** em=gd3bj
energy: M062X/6-311G+(2d, p) em=gd3"
172,ComponentA713,CCCCCCCCCC[N+](CC)(CC)CCCCCCCCCC,-1000.2007215,0.646547,0.745986,875.6568080000001,-0.38529,-0.10324,-1000.8214315,-999.5541744999999,-999.4547355,7.671760000000001,Gaussian,QC,"opt+freq: b3lyp/6-311G** em=gd3bj
energy: M062X/6-311G+(2d, p) em=gd3"
173,ComponentA714,CCCCCCCCCC[N+]1(C)CCCC1,-645.2709586,0.395009,0.463458,602.759592,-0.38805,-0.1222,-645.6614425,-644.8759496,-644.8075006,7.231120000000001,Gaussian,QC,"opt+freq: b3lyp/6-311G** em=gd3bj
energy: M062X/6-311G+(2d, p) em=gd3"
174,ComponentA715,CCCCCCCCCC[N+]1(C)CCOCC1,-720.4758968,0.398315,0.468851,621.144088,-0.38859,-0.12105,-720.885232,-720.0775818,-720.0070458,7.277088,Gaussian,QC,"opt+freq: b3lyp/6-311G** em=gd3bj
energy: M062X/6-311G+(2d, p) em=gd3"
175,ComponentA716,CCCCCCCCCC[P+](C(C)(C)C)(C(C)(C)C)C(C)(C)C,-1208.2296275,0.586185,0.678802,815.578752,-0.38217,-0.10686,-1208.8261796,-1207.6434425,-1207.5508255,7.488432,Gaussian,QC,"opt+freq: b3lyp/6-311G** em=gd3bj
energy: M062X/6-311G+(2d, p) em=gd3"
176,ComponentA717,CCCCCCCCCC[P+](CC)(CC)CC,-972.4081066,0.424925,0.505866,712.76532,-0.38443,-0.1163,-972.8597681,-971.9831816,-971.9022406,7.293136,Gaussian,QC,"opt+freq: b3lyp/6-311G** em=gd3bj
energy: M062X/6-311G+(2d, p) em=gd3"
177,ComponentA718,CCCCCCCCCC[P+](CCCCCC)(CCCCCC)CCCCCC,-1444.0636409,0.734741,0.853791,1048.347224,-0.38021,-0.10628,-1444.8085706,-1443.3288999,-1443.2098499,7.450896,Gaussian,QC,"opt+freq: b3lyp/6-311G** em=gd3bj
energy: M062X/6-311G+(2d, p) em=gd3"
178,ComponentA723,CCCCCCCCCC[n+]1cccc(C)c1,-680.9796217,0.350984,0.421992,625.290432,-0.38582,-0.23299,-681.3748049,-680.6286377,-680.5576297,4.156975999999999,Gaussian,QC,"opt+freq: b3lyp/6-311G** em=gd3bj
energy: M062X/6-311G+(2d, p) em=gd3"
179,ComponentA724,CCCCCCCCCC[n+]1ccccc1,-641.6666176,0.32702,0.393693,587.115616,-0.38734,-0.23984,-642.0368386,-641.3395976,-641.2729246,4.012,Gaussian,QC,"opt+freq: b3lyp/6-311G** em=gd3bj
energy: M062X/6-311G+(2d, p) em=gd3"
180,ComponentA725,CCCCCCCCCC[n+]1ccn(C)c1,-658.9242214,0.334979,0.404595,613.043864,-0.38583,-0.1808,-659.2974896,-658.5892424,-658.5196264,5.576816,Gaussian,QC,"opt+freq: b3lyp/6-311G** em=gd3bj
energy: M062X/6-311G+(2d, p) em=gd3"
181,ComponentA726,CCCCCCCCCC[n+]1ccn(Cc2ccccc2)c1C,-929.2667901,0.430985,0.51644,752.51332,-0.37003,-0.15768,-929.7743813,-928.8358051,-928.7503501,5.775920000000001,Gaussian,QC,"opt+freq: b3lyp/6-311G** em=gd3bj
energy: M062X/6-311G+(2d, p) em=gd3"
182,ComponentA727,CCCCCCCCCC[n+]1cn(C(C)F)cn1,-813.4940373,0.339412,0.414598,662.088712,-0.38211,-0.20292,-813.9095475,-813.1546252999999,-813.0794393,4.873968000000001,Gaussian,QC,"opt+freq: b3lyp/6-311G** em=gd3bj
energy: M062X/6-311G+(2d, p) em=gd3"
183,ComponentA739,CCCCCCCCCCn1cc[n+](CCCCCCCCCC)c1,-1012.6740391,0.566859,0.665329,867.125632,-0.38341,-0.17352,-1013.2656187,-1012.1071801,-1012.0087101,5.709007999999999,Gaussian,QC,"opt+freq: b3lyp/6-311G** em=gd3bj
energy: M062X/6-311G+(2d, p) em=gd3"
184,ComponentA740,CCCCCCCCCCn1cc[n+](CCCCCCCCCC)c1C,-1051.9898482,0.591224,0.693979,904.861128,-0.38138,-0.15805,-1052.6065049,-1051.3986242,-1051.2958692,6.074576,Gaussian,QC,"opt+freq: b3lyp/6-311G** em=gd3bj
energy: M062X/6-311G+(2d, p) em=gd3"
185,ComponentA742,CCCCCCCCCOC[n+]1ccccc1,-716.8721792,0.328542,0.398942,619.94328,-0.38842,-0.23763,-717.2631531,-716.5436372,-716.4732372,4.101487999999999,Gaussian,QC,"opt+freq: b3lyp/6-311G** em=gd3bj
energy: M062X/6-311G+(2d, p) em=gd3"
186,ComponentA743,CCCCCCCCCOCn1cc[n+](COCCCC)c1,-966.5612276,0.443965,0.531199,768.1740320000001,-0.39972,-0.17459,-967.0723732,-966.1172626,-966.0300286,6.123536000000001,Gaussian,QC,"opt+freq: b3lyp/6-311G** em=gd3bj
energy: M062X/6-311G+(2d, p) em=gd3"
187,ComponentA749,CCCCCCCCC[P+](CC)(CC)CC,-933.1035211,0.399422,0.476885,682.1300719999999,-0.3927,-0.11645,-933.5310326,-932.7040991,-932.6266360999999,7.513999999999999,Gaussian,QC,"opt+freq: b3lyp/6-311G** em=gd3bj
energy: M062X/6-311G+(2d, p) em=gd3"
188,ComponentA750,CCCCCCCCC[n+]1cccc(C)c1,-641.675029,0.325173,0.393008,597.3580479999999,-0.3944,-0.2332,-642.0460557,-641.349856,-641.282021,4.384639999999999,Gaussian,QC,"opt+freq: b3lyp/6-311G** em=gd3bj
energy: M062X/6-311G+(2d, p) em=gd3"
189,ComponentA751,CCCCCCCCCc1n(C)cc[n+]1Cc1ccccc1,-889.958917,0.407458,0.487825,707.711048,-0.36964,-0.16325,-890.4425346,-889.551459,-889.471092,5.613808000000001,Gaussian,QC,"opt+freq: b3lyp/6-311G** em=gd3bj
energy: M062X/6-311G+(2d, p) em=gd3"
190,ComponentA752,CCCCCCCCCn1cc[n+](C)c1,-619.6196292,0.309183,0.375607,584.9232000000001,-0.39434,-0.18102,-619.9687391,-619.3104462,-619.2440222,5.802304000000001,Gaussian,QC,"opt+freq: b3lyp/6-311G** em=gd3bj
energy: M062X/6-311G+(2d, p) em=gd3"
191,ComponentA763,CCCCCCCC[N+](C)(C)C,-489.2458702,0.309301,0.368801,523.953952,-0.4092,-0.13151,-489.5510781,-488.9365692,-488.8770692,7.553167999999999,Gaussian,QC,"opt+freq: b3lyp/6-311G** em=gd3bj
energy: M062X/6-311G+(2d, p) em=gd3"
192,ComponentA784,CCCCCCCC[N+](CCC)(CCCCCCCC)CCCCCCCC,-1118.1171151,0.723647,0.833007,963.014544,-0.39935,-0.09503,-1118.8108273,-1117.3934681,-1117.2841081,8.277503999999999,Gaussian,QC,"opt+freq: b3lyp/6-311G** em=gd3bj
energy: M062X/6-311G+(2d, p) em=gd3"
193,ComponentA786,CCCCCCCC[N+]1(C)CCCCC1,-605.9739291,0.370123,0.434621,567.9696319999999,-0.40474,-0.11712,-606.3403828,-605.6038060999999,-605.5393081,7.823263999999999,Gaussian,QC,"opt+freq: b3lyp/6-311G** em=gd3bj
energy: M062X/6-311G+(2d, p) em=gd3"
194,ComponentA787,CCCCCCCC[N+]1(CCCC)CCCC1,-684.5763462,0.420619,0.492461,632.6375360000001,-0.4058,-0.11461,-684.991939,-684.1557272,-684.0838851999999,7.920368,Gaussian,QC,"opt+freq: b3lyp/6-311G** em=gd3bj
energy: M062X/6-311G+(2d, p) em=gd3"
195,ComponentA788,CCCCCCCC[N+]12CCN(CC1)CC2,-660.0982638,0.367297,0.430636,557.7523040000001,-0.37659,-0.12564,-660.4726322,-659.7309668,-659.6676278,6.82584,Gaussian,QC,"opt+freq: b3lyp/6-311G** em=gd3bj
energy: M062X/6-311G+(2d, p) em=gd3"
196,ComponentA789,CCCCCCCC[NH+](CCCCCCCC)CCCCCCCC,-1000.2254776,0.643689,0.746287,903.47204,-0.40217,-0.1147,-1000.8483361,-999.5817886,-999.4791905999999,7.819184,Gaussian,QC,"opt+freq: b3lyp/6-311G** em=gd3bj
energy: M062X/6-311G+(2d, p) em=gd3"
197,ComponentA790,CCCCCCCC[P+](C)(CCCCCCCC)CCCCCCCC,-1326.1483467,0.657304,0.766493,961.512488,-0.39689,-0.11389,-1326.8192602,-1325.4910427,-1325.3818537,7.6976,Gaussian,QC,"opt+freq: b3lyp/6-311G** em=gd3bj
energy: M062X/6-311G+(2d, p) em=gd3"
198,ComponentA795,CCCCCCCC[P+](CC)(CCCCCCCC)CCCCCCCC,-1365.453619,0.682665,0.795739,995.7250560000001,-0.39604,-0.11033,-1366.1496584,-1364.770954,-1364.65788,7.771312,Gaussian,QC,"opt+freq: b3lyp/6-311G** em=gd3bj
energy: M062X/6-311G+(2d, p) em=gd3"
199,ComponentA796,CCCCCCCC[P+](CCC)(CCCCCCCC)CCCCCCCC,-1404.7591564,0.709621,0.824838,1014.59908,-0.39495,-0.10907,-1405.4789,-1404.0495354,-1403.9343184,7.775936000000001,Gaussian,QC,"opt+freq: b3lyp/6-311G** em=gd3bj
energy: M062X/6-311G+(2d, p) em=gd3"
200,ComponentA798,CCCCCCCC[P+](CCCCCC)(CCCCCC)CCCCCC,-1365.4544915,0.683356,0.795849,990.616392,-0.39603,-0.10659,-1366.1510608,-1364.7711355,-1364.6586425,7.872767999999999,Gaussian,QC,"opt+freq: b3lyp/6-311G** em=gd3bj
energy: M062X/6-311G+(2d, p) em=gd3"
201,ComponentA799,CCCCCCCC[P+](CCCCCCCC)(CCCCCCCC)C(F)(F)C(F)(F)C(F)(F)C(F)(F)C(F)(F)C(F)(F)C(F)(F)CCC(F)(F)F,-3367.0538665,0.736862,0.907409,1501.830064,-0.39622,-0.14767,-3368.2782497,-3366.3170045,-3366.1464575,6.760560000000001,Gaussian,QC,"opt+freq: b3lyp/6-311G** em=gd3bj
energy: M062X/6-311G+(2d, p) em=gd3"
202,ComponentA800,CCCCCCCC[P+](CCCCCCCC)(CCCCCCCC)CCCCCCCC,-1601.2831554,0.837676,0.969706,1162.64992,-0.39358,-0.10449,-1602.1245958,-1600.4454794,-1600.3134494,7.863247999999999,Gaussian,QC,"opt+freq: b3lyp/6-311G** em=gd3bj
energy: M062X/6-311G+(2d, p) em=gd3"
203,ComponentA808,CCCCCCCC[n+]1cc(C)cc(C)c1C,-680.9945276,0.350135,0.42102,624.215144,-0.40209,-0.21746,-681.3902595,-680.6443926,-680.5735076,5.021936,Gaussian,QC,"opt+freq: b3lyp/6-311G** em=gd3bj
energy: M062X/6-311G+(2d, p) em=gd3"
204,ComponentA811,CCCCCCCC[n+]1ccc(C)cc1,-602.3726336,0.29876,0.363962,574.166136,-0.40372,-0.22837,-602.7195568,-602.0738736,-602.0086716,4.769520000000001,Gaussian,QC,"opt+freq: b3lyp/6-311G** em=gd3bj
energy: M062X/6-311G+(2d, p) em=gd3"
205,ComponentA812,CCCCCCCC[n+]1ccc(N(C)C)cc1,-697.0324162,0.339562,0.411076,629.758944,-0.37473,-0.19029,-697.4261658,-696.6928541999999,-696.6213402,5.016768000000001,Gaussian,QC,"opt+freq: b3lyp/6-311G** em=gd3bj
energy: M062X/6-311G+(2d, p) em=gd3"
206,ComponentA814,CCCCCCCC[n+]1cccc2ccccc21,-716.6860863,0.318223,0.383887,578.237168,-0.39987,-0.24102,-717.0800069,-716.3678633000001,-716.3021993000001,4.32072,Gaussian,QC,"opt+freq: b3lyp/6-311G** em=gd3bj
energy: M062X/6-311G+(2d, p) em=gd3"
207,ComponentA817,CCCCCCCC[n+]1ccccc1C,-602.3715704,0.301587,0.36419,551.2838399999999,-0.40488,-0.23096,-602.7178604,-602.0699834,-602.0073804,4.730624000000001,Gaussian,QC,"opt+freq: b3lyp/6-311G** em=gd3bj
energy: M062X/6-311G+(2d, p) em=gd3"
208,ComponentA822,CCCCCCCC[n+]1csc2ccccc21,-1037.4618249,0.285556,0.350867,575.128456,-0.40362,-0.22904,-1037.84167,-1037.1762689,-1037.1109579,4.748576,Gaussian,QC,"opt+freq: b3lyp/6-311G** em=gd3bj
energy: M062X/6-311G+(2d, p) em=gd3"
209,ComponentA834,CCCCCCCCn1cc[n+](CC)c1,-619.6238058,0.308872,0.375478,586.529856,-0.40083,-0.1797,-619.9736155,-619.3149338000001,-619.2483278,6.014736,Gaussian,QC,"opt+freq: b3lyp/6-311G** em=gd3bj
energy: M062X/6-311G+(2d, p) em=gd3"
210,ComponentA840,CCCCCCCOC[n+]1ccccc1,-638.2629913,0.277114,0.340962,562.241736,-0.40621,-0.23809,-638.6056366,-637.9858773,-637.9220293,4.572864,Gaussian,QC,"opt+freq: b3lyp/6-311G** em=gd3bj
energy: M062X/6-311G+(2d, p) em=gd3"
211,ComponentA841,CCCCCCCOCn1cc[n+](C)c1,-655.5211561,0.284994,0.351955,589.6511200000001,-0.39188,-0.18353,-655.8664262,-655.2361621,-655.1692011,5.66712,Gaussian,QC,"opt+freq: b3lyp/6-311G** em=gd3bj
energy: M062X/6-311G+(2d, p) em=gd3"
212,ComponentA842,CCCCCCCOCn1cc[n+](COCCCC)c1,-887.9511317,0.388552,0.472889,742.672552,-0.39829,-0.1719,-888.4144446,-887.5625797,-887.4782427,6.157807999999999,Gaussian,QC,"opt+freq: b3lyp/6-311G** em=gd3bj
energy: M062X/6-311G+(2d, p) em=gd3"
213,ComponentA857,CCCCCCC[N+]1(C)CCCC1,-527.3574691,0.317844,0.376489,516.4227520000001,-0.4201,-0.1234,-527.6754139,-527.0396251,-526.9809801,8.070239999999998,Gaussian,QC,"opt+freq: b3lyp/6-311G** em=gd3bj
energy: M062X/6-311G+(2d, p) em=gd3"
214,ComponentA858,CCCCCCC[P+](CC)(CC)CC,-854.4941511,0.347799,0.418918,626.277856,-0.41285,-0.11704,-854.8733922,-854.1463521,-854.0752331,8.046032,Gaussian,QC,"opt+freq: b3lyp/6-311G** em=gd3bj
energy: M062X/6-311G+(2d, p) em=gd3"
215,ComponentA859,CCCCCCC[P+](CCCCCC)(CCCCCC)CCCCCC,-1326.1497807,0.657046,0.76677,966.227856,-0.40535,-0.10682,-1326.8221727,-1325.4927347,-1325.3830107,8.120015999999998,Gaussian,QC,"opt+freq: b3lyp/6-311G** em=gd3bj
energy: M062X/6-311G+(2d, p) em=gd3"
216,ComponentA860,CCCCCCC[n+]1cccc(C)c1,-563.0657277,0.273579,0.335031,541.141824,-0.41614,-0.23373,-563.3884719,-562.7921487,-562.7306967000001,4.961552,Gaussian,QC,"opt+freq: b3lyp/6-311G** em=gd3bj
energy: M062X/6-311G+(2d, p) em=gd3"
217,ComponentA861,CCCCCCC[n+]1ccccc1,-523.7527356,0.250022,0.306757,499.6072560000001,-0.41779,-0.24072,-524.0504453,-523.5027136000001,-523.4459786000001,4.816304,Gaussian,QC,"opt+freq: b3lyp/6-311G** em=gd3bj
energy: M062X/6-311G+(2d, p) em=gd3"
218,ComponentA862,CCCCCCC[n+]1cn(C(C)F)cn1,-695.5817246,0.261994,0.327594,577.6723280000001,-0.41454,-0.20055,-695.9245228,-695.3197306000001,-695.2541306,5.820528,Gaussian,QC,"opt+freq: b3lyp/6-311G** em=gd3bj
energy: M062X/6-311G+(2d, p) em=gd3"
219,ComponentA863,CCCCCCC[n+]1csc2ccccc21,-998.1549651,0.258367,0.321934,559.7731759999999,-0.40437,-0.23051,-998.5107583,-997.8965981,-997.8330311,4.728992,Gaussian,QC,"opt+freq: b3lyp/6-311G** em=gd3bj
energy: M062X/6-311G+(2d, p) em=gd3"
220,ComponentA864,CCCCCCCc1n(C)cc[n+]1Cc1ccccc1,-811.3497034,0.356192,0.429864,648.745936,-0.37014,-0.16381,-811.7849641,-810.9935114,-810.9198394,5.612176,Gaussian,QC,"opt+freq: b3lyp/6-311G** em=gd3bj
energy: M062X/6-311G+(2d, p) em=gd3"
221,ComponentA871,CCCCCCOC[n+]1ccccc1,-598.9582153,0.251516,0.312003,532.639936,-0.41654,-0.23837,-599.2767388,-598.7066993,-598.6462123,4.846224,Gaussian,QC,"opt+freq: b3lyp/6-311G** em=gd3bj
energy: M062X/6-311G+(2d, p) em=gd3"
222,ComponentA872,CCCCCCOCn1cc[n+](COCCCC)c1,-848.6464002,0.362756,0.443903,714.581176,-0.40684,-0.1722,-849.0855902,-848.2836442,-848.2024972,6.382207999999999,Gaussian,QC,"opt+freq: b3lyp/6-311G** em=gd3bj
energy: M062X/6-311G+(2d, p) em=gd3"
223,ComponentA873,CCCCCCOCn1cc[n+](COCCCCCC)c1,-927.2556493,0.415706,0.501992,759.8311360000001,-0.40622,-0.17087,-927.7433821,-926.8399433,-926.7536573,6.401520000000001,Gaussian,QC,"opt+freq: b3lyp/6-311G** em=gd3bj
energy: M062X/6-311G+(2d, p) em=gd3"
224,ComponentA879,CCCCCC[N+](C)(C)CCCCCC,-607.1587365,0.389031,0.456044,590.107176,-0.43026,-0.11628,-607.5370746,-606.7697055,-606.7026925,8.540256,Gaussian,QC,"opt+freq: b3lyp/6-311G** em=gd3bj
energy: M062X/6-311G+(2d, p) em=gd3"
225,ComponentA880,CCCCCC[N+](C)(C)CCO,-525.1628256,0.288622,0.346122,506.339312,-0.4255,-0.12059,-525.4636783,-524.8742036,-524.8167036,8.293552,Gaussian,QC,"opt+freq: b3lyp/6-311G** em=gd3bj
energy: M062X/6-311G+(2d, p) em=gd3"
226,ComponentA888,CCCCCC[N+](CC)(CC)CCCCCC,-685.7630728,0.440907,0.514162,645.0723839999999,-0.42536,-0.10569,-686.1903597,-685.3221658,-685.2489108,8.695024,Gaussian,QC,"opt+freq: b3lyp/6-311G** em=gd3bj
energy: M062X/6-311G+(2d, p) em=gd3"
227,ComponentA903,CCCCCC[N+]12CCC(CC1)CC2,-565.4695137,0.326963,0.384251,504.473248,-0.42899,-0.12255,-565.7995535,-565.1425507,-565.0852627,8.335168,Gaussian,QC,"opt+freq: b3lyp/6-311G** em=gd3bj
energy: M062X/6-311G+(2d, p) em=gd3"
228,ComponentA904,CCCCCC[N+]12CCN(CC1)CC2,-581.4887074,0.315809,0.372676,500.774592,-0.37736,-0.12659,-581.8147655,-581.1728984,-581.1160314,6.820943999999998,Gaussian,QC,"opt+freq: b3lyp/6-311G** em=gd3bj
energy: M062X/6-311G+(2d, p) em=gd3"
229,ComponentA907,CCCCCC[NH2+]CCN,-426.6995194,0.247685,0.301628,475.022072,-0.428,-0.13636,-426.957441,-426.4518344,-426.3978914,7.932608,Gaussian,QC,"opt+freq: b3lyp/6-311G** em=gd3bj
energy: M062X/6-311G+(2d, p) em=gd3"
230,ComponentA908,CCCCCC[P+](C)(C)C,-697.2764537,0.244681,0.302021,504.937672,-0.43234,-0.12722,-697.5557646,-697.0317727,-696.9744327000001,8.299263999999999,Gaussian,QC,"opt+freq: b3lyp/6-311G** em=gd3bj
energy: M062X/6-311G+(2d, p) em=gd3"
231,ComponentA909,CCCCCC[P+](CC)(CCCCCC)CCCCCC,-1129.6248809,0.52818,0.621795,824.365152,-0.41691,-0.11247,-1130.1760124,-1129.0967009,-1129.0030859,8.280768,Gaussian,QC,"opt+freq: b3lyp/6-311G** em=gd3bj
energy: M062X/6-311G+(2d, p) em=gd3"
232,ComponentA910,CCCCCC[P+](CCC)(CCCCCC)CCCCCC,-1168.9304258,0.554544,0.650867,848.2139520000001,-0.41583,-0.11103,-1169.505252,-1168.3758818,-1168.2795588,8.29056,Gaussian,QC,"opt+freq: b3lyp/6-311G** em=gd3bj
energy: M062X/6-311G+(2d, p) em=gd3"
233,ComponentA911,CCCCCC[P+](CCCC)(CCCCCC)CCCCCC,-1208.2354701,0.580275,0.679808,876.4852400000001,-0.41525,-0.1092,-1208.834973,-1207.6551951,-1207.5556621,8.32456,Gaussian,QC,"opt+freq: b3lyp/6-311G** em=gd3bj
energy: M062X/6-311G+(2d, p) em=gd3"
234,ComponentA914,CCCCCC[n+]1cc(C)cc(C)c1,-563.0735423,0.271221,0.334315,555.597544,-0.42704,-0.22796,-563.3970444,-562.8023213,-562.7392273,5.414975999999999,Gaussian,QC,"opt+freq: b3lyp/6-311G** em=gd3bj
energy: M062X/6-311G+(2d, p) em=gd3"
235,ComponentA917,CCCCCC[n+]1ccc(N(C)C)cc1,-618.423077,0.288497,0.35313,569.1537040000001,-0.37539,-0.191,-618.7684946,-618.13458,-618.0699470000001,5.015408,Gaussian,QC,"opt+freq: b3lyp/6-311G** em=gd3bj
energy: M062X/6-311G+(2d, p) em=gd3"
236,ComponentA918,CCCCCC[n+]1ccc(N2CCC(C)CC2)cc1,-774.454589,0.374895,0.447358,638.1102080000001,-0.36386,-0.18282,-774.8862682,-774.079694,-774.007231,4.924288,Gaussian,QC,"opt+freq: b3lyp/6-311G** em=gd3bj
energy: M062X/6-311G+(2d, p) em=gd3"
237,ComponentA919,CCCCCC[n+]1ccc2ccccc2c1,-638.0787294,0.265806,0.325714,527.548008,-0.39262,-0.23155,-638.4244416,-637.8129234,-637.7530154000001,4.381104000000001,Gaussian,QC,"opt+freq: b3lyp/6-311G** em=gd3bj
energy: M062X/6-311G+(2d, p) em=gd3"
238,ComponentA923,CCCCCC[n+]1cccc2ccccc21,-638.0731243,0.265638,0.326015,531.6776160000001,-0.40113,-0.24116,-638.4187041,-637.8074863,-637.7471093,4.351183999999999,Gaussian,QC,"opt+freq: b3lyp/6-311G** em=gd3bj
energy: M062X/6-311G+(2d, p) em=gd3"
239,ComponentA926,CCCCCC[n+]1ccn(C)c1,-501.7055953,0.231844,0.288667,500.381296,-0.42761,-0.18222,-501.982193,-501.4737513,-501.4169283000001,6.674608,Gaussian,QC,"opt+freq: b3lyp/6-311G** em=gd3bj
energy: M062X/6-311G+(2d, p) em=gd3"
240,ComponentA927,CCCCCC[n+]1ccsc1,-805.2176475,0.191245,0.24446,468.612184,-0.43421,-0.23597,-805.4769648,-805.0264025,-804.9731875,5.392127999999999,Gaussian,QC,"opt+freq: b3lyp/6-311G** em=gd3bj
energy: M062X/6-311G+(2d, p) em=gd3"
241,ComponentA928,CCCCCC[n+]1csc2ccccc21,-958.8501256,0.233313,0.292956,525.21752,-0.40486,-0.2314,-959.1817948,-958.6168126,-958.5571696,4.718112,Gaussian,QC,"opt+freq: b3lyp/6-311G** em=gd3bj
energy: M062X/6-311G+(2d, p) em=gd3"
242,ComponentA929,CCCCCCn1c[nH+]c([N+](=O)[O-])c1,-666.8667138,0.206209,0.264796,515.9123040000001,-0.43671,-0.25734,-667.1844519,-666.6605048,-666.6019177999999,4.878863999999999,Gaussian,QC,"opt+freq: b3lyp/6-311G** em=gd3bj
energy: M062X/6-311G+(2d, p) em=gd3"
243,ComponentA947,CCCCCOCn1cc[n+](COCCCC)c1,-809.3446743,0.33746,0.414967,682.527552,-0.40946,-0.17789,-809.7595996,-809.0072143,-808.9297072999999,6.298704,Gaussian,QC,"opt+freq: b3lyp/6-311G** em=gd3bj
energy: M062X/6-311G+(2d, p) em=gd3"
244,ComponentA951,CCCCC[N+](C)(C)CC(=O)OCC,-638.4976033,0.291867,0.356728,571.166208,-0.42858,-0.15277,-638.840062,-638.2057363,-638.1408753000001,7.502032,Gaussian,QC,"opt+freq: b3lyp/6-311G** em=gd3bj
energy: M062X/6-311G+(2d, p) em=gd3"
245,ComponentA953,CCCCC[N+](C)(C)CCCCC,-528.5482006,0.33722,0.398064,535.790488,-0.44202,-0.11791,-528.8783849,-528.2109806,-528.1501366,8.815792,Gaussian,QC,"opt+freq: b3lyp/6-311G** em=gd3bj
energy: M062X/6-311G+(2d, p) em=gd3"
246,ComponentA954,CCCCC[N+](CC)(CC)CCCCC,-607.1525658,0.388853,0.456112,592.278672,-0.43484,-0.10705,-607.5316641,-606.7637128,-606.6964538000001,8.915888,Gaussian,QC,"opt+freq: b3lyp/6-311G** em=gd3bj
energy: M062X/6-311G+(2d, p) em=gd3"
247,ComponentA955,CCCCC[N+](CCC)(CCC)CCC,-607.1569899,0.387246,0.455971,605.1946800000001,-0.44114,-0.10245,-607.5362498,-606.7697439,-606.7010189,9.212368,Gaussian,QC,"opt+freq: b3lyp/6-311G** em=gd3bj
energy: M062X/6-311G+(2d, p) em=gd3"
248,ComponentA964,CCCCC[N+]1(C)CCCCC1,-488.0593828,0.293246,0.347727,479.754176,-0.44686,-0.11852,-488.353236,-487.7661368,-487.7116558,8.930848,Gaussian,QC,"opt+freq: b3lyp/6-311G** em=gd3bj
energy: M062X/6-311G+(2d, p) em=gd3"
249,ComponentA966,CCCCC[NH3+],-253.4202371,0.154905,0.196476,366.074896,-0.46886,-0.18585,-253.5824267,-253.2653321,-253.2237611,7.697871999999999,Gaussian,QC,"opt+freq: b3lyp/6-311G** em=gd3bj
energy: M062X/6-311G+(2d, p) em=gd3"
250,ComponentA967,CCCCC[n+]1cccc(C)c1,-484.4559514,0.222079,0.277047,484.042776,-0.44192,-0.23504,-484.7304048,-484.2338724,-484.1789044,5.627135999999999,Gaussian,QC,"opt+freq: b3lyp/6-311G** em=gd3bj
energy: M062X/6-311G+(2d, p) em=gd3"
251,ComponentA971,CCCCC[n+]1csc2ccccc21,-919.5451202,0.207038,0.263952,501.184624,-0.40563,-0.23221,-919.8526236,-919.3380822,-919.2811682,4.717023999999999,Gaussian,QC,"opt+freq: b3lyp/6-311G** em=gd3bj
energy: M062X/6-311G+(2d, p) em=gd3"
252,ComponentA975,CCCCOC[n+]1ccn(COCCC)c1,-730.7339246,0.285803,0.356998,626.9431119999999,-0.41311,-0.18073,-731.0998141,-730.4481216,-730.3769266,6.320735999999999,Gaussian,QC,"opt+freq: b3lyp/6-311G** em=gd3bj
energy: M062X/6-311G+(2d, p) em=gd3"
253,ComponentA976,CCCCOCn1cc[n+](COCCCC)c1,-770.0372265,0.311489,0.385928,655.5072799999999,-0.41394,-0.17309,-770.4278219,-769.7257374999999,-769.6512984999999,6.551119999999999,Gaussian,QC,"opt+freq: b3lyp/6-311G** em=gd3bj
energy: M062X/6-311G+(2d, p) em=gd3"
254,ComponentA979,CCCC[N+](CC)(CC)CC(=O)OC,-638.4987405,0.292957,0.356816,562.3421519999999,-0.42892,-0.1463,-638.8398424,-638.2057835,-638.1419245000001,7.687263999999999,Gaussian,QC,"opt+freq: b3lyp/6-311G** em=gd3bj
energy: M062X/6-311G+(2d, p) em=gd3"
255,ComponentA993,CCCC[N+](C)(C)CCO,-446.5530379,0.237516,0.288218,446.478824,-0.43649,-0.12227,-446.8054215,-446.3155219,-446.2648199,8.546784,Gaussian,QC,"opt+freq: b3lyp/6-311G** em=gd3bj
energy: M062X/6-311G+(2d, p) em=gd3"
256,ComponentA1004,CCCC[N+](C)=C(N(C)C)N(C)C,-559.4541494,0.289312,0.350958,542.8530800000001,-0.39577,-0.16196,-559.7749868,-559.1648374,-559.1031914,6.359632,Gaussian,QC,"opt+freq: b3lyp/6-311G** em=gd3bj
energy: M062X/6-311G+(2d, p) em=gd3"
257,ComponentA1008,CCCC[N+](CCCC)(CCCC)CCCC(=O)OCC,-913.6427272,0.474126,0.560266,758.542464,-0.39274,-0.11817,-914.1537426,-913.1686012,-913.0824612,7.468303999999999,Gaussian,QC,"opt+freq: b3lyp/6-311G** em=gd3bj
energy: M062X/6-311G+(2d, p) em=gd3"
258,ComponentA1039,CCCC[N+](CCCC)=C(N(C)C)N(C)C,-677.3738309,0.366778,0.437722,624.729776,-0.38773,-0.15834,-677.7676889,-677.0070529000001,-676.9361089,6.239408,Gaussian,QC,"opt+freq: b3lyp/6-311G** em=gd3bj
energy: M062X/6-311G+(2d, p) em=gd3"
259,ComponentA1085,CCCC[N+]1(CC)CCCC1,-448.7464362,0.267102,0.318582,453.328032,-0.46375,-0.12136,-449.0162511,-448.4793342,-448.4278542,9.313007999999998,Gaussian,QC,"opt+freq: b3lyp/6-311G** em=gd3bj
energy: M062X/6-311G+(2d, p) em=gd3"
260,ComponentA1086,CCCC[N+]12CCC(CC1)CC2,-486.8601548,0.276071,0.326366,442.89732,-0.45913,-0.12385,-487.1415421,-486.5840838,-486.5337888,9.119615999999999,Gaussian,QC,"opt+freq: b3lyp/6-311G** em=gd3bj
energy: M062X/6-311G+(2d, p) em=gd3"
261,ComponentA1089,CCCC[N+]1=Cc2ccccc2CC1,-560.6643836,0.236449,0.290706,477.787696,-0.3992,-0.23975,-560.9687446,-560.4279346,-560.3736776,4.33704,Gaussian,QC,"opt+freq: b3lyp/6-311G** em=gd3bj
energy: M062X/6-311G+(2d, p) em=gd3"
262,ComponentA1090,CCCC[NH+](CC)CC,-371.3457477,0.231349,0.282557,450.938968,-0.47565,-0.13509,-371.5801867,-371.1143987,-371.0631907,9.263232,Gaussian,QC,"opt+freq: b3lyp/6-311G** em=gd3bj
energy: M062X/6-311G+(2d, p) em=gd3"
263,ComponentA1104,CCCC[P+](CCCC)(CCCC)CCCC(=O)OCC,-1200.278561,0.463232,0.552035,781.997968,-0.37906,-0.11436,-1200.8147652,-1199.815329,-1199.726526,7.199839999999999,Gaussian,QC,"opt+freq: b3lyp/6-311G** em=gd3bj
energy: M062X/6-311G+(2d, p) em=gd3"
264,ComponentA1120,CCCC[P+](CCCC)(CCCC)COC,-968.998754,0.377257,0.453336,669.950448,-0.41296,-0.11956,-969.4241604,-968.621497,-968.5454179999999,7.98048,Gaussian,QC,"opt+freq: b3lyp/6-311G** em=gd3bj
energy: M062X/6-311G+(2d, p) em=gd3"
265,ComponentA1121,CCCC[P+](CCCC)(CCCC)c1ccccc1,-1046.2088756,0.396576,0.473933,681.201224,-0.39074,-0.16894,-1046.6757491,-1045.8122996,-1045.7349426,6.032959999999999,Gaussian,QC,"opt+freq: b3lyp/6-311G** em=gd3bj
energy: M062X/6-311G+(2d, p) em=gd3"
266,ComponentA1122,CCCC[P+](CCCC)(c1ccccc1)c1ccccc1,-1120.0112938,0.363418,0.441613,688.577616,-0.384,-0.16706,-1120.4912706,-1119.6478758,-1119.5696808,5.900768,Gaussian,QC,"opt+freq: b3lyp/6-311G** em=gd3bj
energy: M062X/6-311G+(2d, p) em=gd3"
267,ComponentA1123,CCCC[P+](Cc1ccccc1)(Cc1ccccc1)Cc1ccccc1,-1311.7317899,0.411202,0.49511,738.890216,-0.34767,-0.1423,-1312.2963892,-1311.3205879,-1311.2366799,5.586063999999999,Gaussian,QC,"opt+freq: b3lyp/6-311G** em=gd3bj
energy: M062X/6-311G+(2d, p) em=gd3"
268,ComponentA1124,CCCC[S+](CCCC)CCCC,-871.3766034,0.313563,0.380041,585.40436,-0.44949,-0.16181,-871.7212658,-871.0630404,-870.9965624,7.824896,Gaussian,QC,"opt+freq: b3lyp/6-311G** em=gd3bj
energy: M062X/6-311G+(2d, p) em=gd3"
269,ComponentA1125,CCCC[S+]1CCCCC1,-752.2785493,0.220599,0.272283,455.13552,-0.46293,-0.15845,-752.5357754,-752.0579503,-752.0062663,8.281856,Gaussian,QC,"opt+freq: b3lyp/6-311G** em=gd3bj
energy: M062X/6-311G+(2d, p) em=gd3"
270,ComponentA1130,CCCC[n+]1cc(C)cc(C)c1C,-523.7755224,0.247358,0.305058,508.10496,-0.41729,-0.22013,-524.0743117,-523.5281644,-523.4704644,5.362752,Gaussian,QC,"opt+freq: b3lyp/6-311G** em=gd3bj
energy: M062X/6-311G+(2d, p) em=gd3"
271,ComponentA1131,CCCC[n+]1cc(C)n(C)c1,-462.4110568,0.205805,0.259179,470.00964,-0.41313,-0.17805,-462.6640737,-462.2052518,-462.1518778,6.394175999999999,Gaussian,QC,"opt+freq: b3lyp/6-311G** em=gd3bj
energy: M062X/6-311G+(2d, p) em=gd3"
272,ComponentA1137,CCCC[n+]1ccc(N(C)C)cc1,-539.8135652,0.237295,0.295166,509.602832,-0.37685,-0.19255,-540.1104618,-539.5762702,-539.5183992,5.012960000000001,Gaussian,QC,"opt+freq: b3lyp/6-311G** em=gd3bj
energy: M062X/6-311G+(2d, p) em=gd3"
273,ComponentA1138,CCCC[n+]1ccc2ccccc2c1,-559.4690352,0.21449,0.267735,468.871592,-0.39409,-0.23331,-559.76622,-559.2545452,-559.2013002,4.373216,Gaussian,QC,"opt+freq: b3lyp/6-311G** em=gd3bj
energy: M062X/6-311G+(2d, p) em=gd3"
274,ComponentA1153,CCCC[n+]1ccn(CC(C)O)c1,-576.9297163,0.234422,0.293726,522.22596,-0.40664,-0.18226,-577.225179,-576.6952943,-576.6359903,6.103136,Gaussian,QC,"opt+freq: b3lyp/6-311G** em=gd3bj
energy: M062X/6-311G+(2d, p) em=gd3"
275,ComponentA1154,CCCC[n+]1cn(CCC(F)(F)F)cn1,-815.4849102,0.195294,0.256536,539.292496,-0.44993,-0.20384,-815.8206967,-815.2896162,-815.2283742,6.693648,Gaussian,QC,"opt+freq: b3lyp/6-311G** em=gd3bj
energy: M062X/6-311G+(2d, p) em=gd3"
276,ComponentA1155,CCCC[n+]1csc2ccccc21,-880.2424747,0.18268,0.234922,460.039168,-0.40676,-0.23195,-880.5254658,-880.0597947,-880.0075527,4.754832,Gaussian,QC,"opt+freq: b3lyp/6-311G** em=gd3bj
energy: M062X/6-311G+(2d, p) em=gd3"
277,ComponentA1158,CCCC[n+]1nn(CC)c2ccccc21,-632.0328545,0.237115,0.295783,516.631952,-0.40678,-0.22731,-632.3583459,-631.7957395,-631.7370715,4.881583999999999,Gaussian,QC,"opt+freq: b3lyp/6-311G** em=gd3bj
energy: M062X/6-311G+(2d, p) em=gd3"
278,ComponentA1159,CCCCn1c(C)cc(C)[n+]1-c1ccccc1,-693.4163285,0.276194,0.341352,573.77284,-0.396,-0.1786,-693.7823719,-693.1401344999999,-693.0749764999999,5.91328,Gaussian,QC,"opt+freq: b3lyp/6-311G** em=gd3bj
energy: M062X/6-311G+(2d, p) em=gd3"
279,ComponentA1217,CCCCn1cc[n+](N)n1,-455.1078346,0.158397,0.207609,433.353616,-0.46307,-0.23041,-455.3326752,-454.9494376,-454.9002256,6.328351999999999,Gaussian,QC,"opt+freq: b3lyp/6-311G** em=gd3bj
energy: M062X/6-311G+(2d, p) em=gd3"
280,ComponentA1226,CCCOc1cccc(C(=O)C[n+]2ccn(C)c2)c1,-842.6573773,0.259702,0.329963,618.721552,-0.32986,-0.18393,-843.0559567,-842.3976753000001,-842.3274143,3.969295999999999,Gaussian,QC,"opt+freq: b3lyp/6-311G** em=gd3bj
energy: M062X/6-311G+(2d, p) em=gd3"
281,ComponentA1227,CCCS[O+]1CCCCC1,-788.1333839,0.196933,0.248603,455.001632,-0.42043,-0.24321,-788.3902134,-787.9364509000001,-787.8847809,4.820384000000001,Gaussian,QC,"opt+freq: b3lyp/6-311G** em=gd3bj
energy: M062X/6-311G+(2d, p) em=gd3"
282,ComponentA1229,CCC[N+](C)(C)C,-292.7208568,0.180734,0.223929,380.371624,-0.495,-0.13646,-292.9050075,-292.5401228,-292.4969278,9.752287999999998,Gaussian,QC,"opt+freq: b3lyp/6-311G** em=gd3bj
energy: M062X/6-311G+(2d, p) em=gd3"
283,ComponentA1231,CCC[N+](C)(C)CCO,-407.2469517,0.210107,0.259062,431.102624,-0.43533,-0.12379,-407.4751172,-407.0368447,-406.9878897,8.473887999999999,Gaussian,QC,"opt+freq: b3lyp/6-311G** em=gd3bj
energy: M062X/6-311G+(2d, p) em=gd3"
284,ComponentA1238,CCC[N+](C)(CC)CCC,-410.6342207,0.259405,0.311049,454.775696,-0.48009,-0.11806,-410.891681,-410.3748157,-410.3231717,9.847216,Gaussian,QC,"opt+freq: b3lyp/6-311G** em=gd3bj
energy: M062X/6-311G+(2d, p) em=gd3"
285,ComponentA1239,CCC[N+](C)(CCC)CCC,-449.9399823,0.284745,0.340068,487.1682240000001,-0.47528,-0.11584,-450.2218891,-449.6552373,-449.5999143,9.776767999999999,Gaussian,QC,"opt+freq: b3lyp/6-311G** em=gd3bj
energy: M062X/6-311G+(2d, p) em=gd3"
286,ComponentA1243,CCC[N+](CCC)(CCC)CCCC(=O)OCC,-795.7313808,0.396682,0.473068,672.649128,-0.38925,-0.10876,-796.168475,-795.3346988,-795.2583128,7.629328,Gaussian,QC,"opt+freq: b3lyp/6-311G** em=gd3bj
energy: M062X/6-311G+(2d, p) em=gd3"
287,ComponentA1264,CCC[N+]12CCC(CC1)CC2,-447.5548142,0.250309,0.297403,414.705528,-0.4663,-0.12484,-447.8119004,-447.3045052,-447.2574112,9.287711999999999,Gaussian,QC,"opt+freq: b3lyp/6-311G** em=gd3bj
energy: M062X/6-311G+(2d, p) em=gd3"
288,ComponentA1265,CCC[NH+](C)C,-253.4212088,0.154448,0.19577,363.874112,-0.50559,-0.1536,-253.5826262,-253.2667608,-253.2254388,9.574128,Gaussian,QC,"opt+freq: b3lyp/6-311G** em=gd3bj
energy: M062X/6-311G+(2d, p) em=gd3"
289,ComponentA1268,CCC[NH+]1C(C)=CC(C)N1C,-463.5379573,0.22863,0.28133,464.076728,-0.41336,-0.16354,-463.7986218,-463.3093273,-463.2566273,6.795104,Gaussian,QC,"opt+freq: b3lyp/6-311G** em=gd3bj
energy: M062X/6-311G+(2d, p) em=gd3"
290,ComponentA1269,CCC[NH2+]CCC,-292.7327173,0.180437,0.22527,394.798056,-0.50194,-0.1589,-292.9192521,-292.5522803,-292.5074473,9.330688,Gaussian,QC,"opt+freq: b3lyp/6-311G** em=gd3bj
energy: M062X/6-311G+(2d, p) em=gd3"
291,ComponentA1272,CCC[S+](CC)CCC,-714.1586889,0.210863,0.264286,470.444776,-0.46461,-0.15581,-714.4053016,-713.9478259,-713.8944029,8.39936,Gaussian,QC,"opt+freq: b3lyp/6-311G** em=gd3bj
energy: M062X/6-311G+(2d, p) em=gd3"
292,ComponentA1273,CCC[S+]1CCCC1,-673.6609074,0.168335,0.214116,403.153504,-0.48362,-0.17853,-673.8696394,-673.4925724000001,-673.4467914,8.298447999999999,Gaussian,QC,"opt+freq: b3lyp/6-311G** em=gd3bj
energy: M062X/6-311G+(2d, p) em=gd3"
293,ComponentA1274,CCC[n+]1cc[nH]c1CC(=O)c1ccccc1,-728.147774,0.233871,0.296666,552.965808,-0.38076,-0.19962,-728.5011894,-727.913903,-727.8511080000001,4.927008,Gaussian,QC,"opt+freq: b3lyp/6-311G** em=gd3bj
energy: M062X/6-311G+(2d, p) em=gd3"
294,ComponentA1275,CCC[n+]1ccc(C)cc1,-405.8485231,0.1704,0.21907,428.58804,-0.45649,-0.23272,-406.0740468,-405.6781231000001,-405.6294531,6.086544,Gaussian,QC,"opt+freq: b3lyp/6-311G** em=gd3bj
energy: M062X/6-311G+(2d, p) em=gd3"
295,ComponentA1288,CCC[n+]1ccn(Cc2ccccc2)c1,-614.8179813,0.225956,0.28499,519.849448,-0.37916,-0.17125,-615.1315436,-614.5920253,-614.5329913,5.655151999999999,Gaussian,QC,"opt+freq: b3lyp/6-311G** em=gd3bj
energy: M062X/6-311G+(2d, p) em=gd3"
296,ComponentA1289,CCC[n+]1cn(C)cn1,-399.8110787,0.142465,0.189984,418.450208,-0.46833,-0.2078,-400.0127185,-399.6686137,-399.6210947,7.086416000000001,Gaussian,QC,"opt+freq: b3lyp/6-311G** em=gd3bj
energy: M062X/6-311G+(2d, p) em=gd3"
297,ComponentA1290,CCCc1ccc[n+](C)c1,-405.8401744,0.170656,0.219378,429.04828,-0.44186,-0.23955,-406.0659134,-405.6695184,-405.6207964,5.502831999999999,Gaussian,QC,"opt+freq: b3lyp/6-311G** em=gd3bj
energy: M062X/6-311G+(2d, p) em=gd3"
298,ComponentA1302,CCCn1cc[n+](CCC)c1,-462.4068537,0.206193,0.259503,469.453168,-0.42758,-0.18206,-462.6595863,-462.2006607,-462.1473507,6.678144000000001,Gaussian,QC,"opt+freq: b3lyp/6-311G** em=gd3bj
energy: M062X/6-311G+(2d, p) em=gd3"
299,ComponentA1303,CCCn1cc[n+](CCC)c1CC(C)C,-619.6453174,0.309806,0.374745,571.844016,-0.4047,-0.1623,-619.995615,-619.3355114,-619.2705724,6.59328,Gaussian,QC,"opt+freq: b3lyp/6-311G** em=gd3bj
energy: M062X/6-311G+(2d, p) em=gd3"
300,ComponentA1304,CCCn1cc[n+](N)n1,-415.8023409,0.132392,0.178642,407.283112,-0.47388,-0.23295,-416.0028213,-415.6699489,-415.6236989,6.553296,Gaussian,QC,"opt+freq: b3lyp/6-311G** em=gd3bj
energy: M062X/6-311G+(2d, p) em=gd3"
301,ComponentA1306,CCN(CC)c1c(N(CC)CC)c1=[N+](CC)CC,-753.5230322,0.370414,0.44878,690.0922240000001,-0.32612,-0.10125,-753.9477337,-753.1526182,-753.0742521999999,6.116464000000001,Gaussian,QC,"opt+freq: b3lyp/6-311G** em=gd3bj
energy: M062X/6-311G+(2d, p) em=gd3"
302,ComponentA1307,CCOC(=O)CCC[N+](CC)(CC)CC,-677.8193881,0.320348,0.386346,581.17852,-0.39439,-0.12168,-678.1849106,-677.4990401,-677.4330421,7.417712,Gaussian,QC,"opt+freq: b3lyp/6-311G** em=gd3bj
energy: M062X/6-311G+(2d, p) em=gd3"
303,ComponentA1308,CCOC(=O)CCC[N+]1(C)CCCC1,-637.3142851,0.27622,0.336029,526.6777360000001,-0.39999,-0.12497,-637.6446699,-637.0380651,-636.9782561,7.480544000000001,Gaussian,QC,"opt+freq: b3lyp/6-311G** em=gd3bj
energy: M062X/6-311G+(2d, p) em=gd3"
304,ComponentA1309,CCOC(=O)C[N+](C)(C)C,-481.282816,0.189329,0.240735,452.675328,-0.43863,-0.15404,-481.5269297,-481.093487,-481.0420810000001,7.740848,Gaussian,QC,"opt+freq: b3lyp/6-311G** em=gd3bj
energy: M062X/6-311G+(2d, p) em=gd3"
305,ComponentA1310,CCOC(=O)C[N+](C)(C)CC,-520.5916215,0.214799,0.269688,483.348232,-0.43483,-0.15241,-520.8600281,-520.3768225,-520.3219335,7.681824,Gaussian,QC,"opt+freq: b3lyp/6-311G** em=gd3bj
energy: M062X/6-311G+(2d, p) em=gd3"
306,ComponentA1311,CCOC(=O)C[N+]1(C)CCOCC1,-633.9045,0.227522,0.282826,487.009232,-0.41844,-0.15234,-634.2042308,-633.676978,-633.621674,7.23792,Gaussian,QC,"opt+freq: b3lyp/6-311G** em=gd3bj
energy: M062X/6-311G+(2d, p) em=gd3"
307,ComponentA1312,CCOC(=O)Cn1cc[n+](C)c1,-572.3429362,0.163099,0.218695,489.582392,-0.4139,-0.19073,-572.6059452,-572.1798372000001,-572.1242412,6.070224,Gaussian,QC,"opt+freq: b3lyp/6-311G** em=gd3bj
energy: M062X/6-311G+(2d, p) em=gd3"
308,ComponentA1315,CCOC(=O)[C@@H]([NH3+])Cc1ccccc1,-633.6967578,0.207819,0.266973,520.908,-0.36426,-0.17575,-634.004824,-633.4889388,-633.4297848,5.127471999999999,Gaussian,QC,"opt+freq: b3lyp/6-311G** em=gd3bj
energy: M062X/6-311G+(2d, p) em=gd3"
309,ComponentA1316,CCOC(=O)[C@@H]1CCC[N+]1(CC)CC,-637.3070178,0.275516,0.33535,526.899488,-0.42332,-0.16318,-637.6373089,-637.0315018,-636.9716678000001,7.075807999999999,Gaussian,QC,"opt+freq: b3lyp/6-311G** em=gd3bj
energy: M062X/6-311G+(2d, p) em=gd3"
310,ComponentA1320,CCOC[P+](CC)(CC)CC,-772.4780333,0.245539,0.308117,551.062088,-0.41357,-0.11852,-772.7800296,-772.2324943,-772.1699163,8.02536,Gaussian,QC,"opt+freq: b3lyp/6-311G** em=gd3bj
energy: M062X/6-311G+(2d, p) em=gd3"
311,ComponentA1322,CC[N+](CC)(CC)CC(=O)OC,-559.892752,0.241505,0.298896,505.38536,-0.43009,-0.15268,-560.1844058,-559.651247,-559.593856,7.545551999999998,Gaussian,QC,"opt+freq: b3lyp/6-311G** em=gd3bj
energy: M062X/6-311G+(2d, p) em=gd3"
312,ComponentA1329,CC[C@H](C)CC=CC(C)(C)[n+]1ccn(C)c1,-657.7090149,0.309856,0.378868,607.721816,-0.37324,-0.17465,-658.0734495,-657.3991589000001,-657.3301469,5.401648000000001,Gaussian,QC,"opt+freq: b3lyp/6-311G** em=gd3bj
energy: M062X/6-311G+(2d, p) em=gd3"
313,ComponentA1330,CC[C@H](C)[C@H]([NH3+])C(=O)O,-441.991967,0.163018,0.212761,438.035512,-0.45569,-0.18327,-442.2127154,-441.828949,-441.779206,7.409824,Gaussian,QC,"opt+freq: b3lyp/6-311G** em=gd3bj
energy: M062X/6-311G+(2d, p) em=gd3"
314,ComponentA1331,CC[N+](C)(C(C)C)C(C)C,-410.6380027,0.259334,0.310204,447.955776,-0.4903,-0.11396,-410.8941384,-410.3786687,-410.3277987,10.236448,Gaussian,QC,"opt+freq: b3lyp/6-311G** em=gd3bj
energy: M062X/6-311G+(2d, p) em=gd3"
315,ComponentA1332,CC[N+](C)(C)C,-253.4185493,0.154557,0.19488,355.079344,-0.53056,-0.13954,-253.5782398,-253.2639923,-253.2236693,10.635744,Gaussian,QC,"opt+freq: b3lyp/6-311G** em=gd3bj
energy: M062X/6-311G+(2d, p) em=gd3"
316,ComponentA1333,CC[N+](C)(C)C12CC3CC(CC(C3)C1)C2,-603.5859214,0.338174,0.390752,463.005624,-0.41266,-0.11213,-603.9270757,-603.2477474,-603.1951693999999,8.174416,Gaussian,QC,"opt+freq: b3lyp/6-311G** em=gd3bj
energy: M062X/6-311G+(2d, p) em=gd3"
317,ComponentA1342,CC[N+](C)(C)CCOCCOCCN(C(C)C)C(C)C,-891.5345226,0.457867,0.540492,727.593416,-0.29032,-0.1068,-892.0255162,-891.0766556,-890.9940306,4.991744000000001,Gaussian,QC,"opt+freq: b3lyp/6-311G** em=gd3bj
energy: M062X/6-311G+(2d, p) em=gd3"
318,ComponentA1343,CC[N+](C)(CC)CC(=O)OC,-520.5855559,0.215536,0.269852,478.306512,-0.43409,-0.15542,-520.8527334,-520.3700199,-520.3157039,7.579823999999999,Gaussian,QC,"opt+freq: b3lyp/6-311G** em=gd3bj
energy: M062X/6-311G+(2d, p) em=gd3"
319,ComponentA1346,CC[N+](C)(CC)CCO,-407.2500658,0.210958,0.259093,423.872672,-0.43563,-0.12017,-407.4772207,-407.0391078,-406.9909728,8.580512,Gaussian,QC,"opt+freq: b3lyp/6-311G** em=gd3bj
energy: M062X/6-311G+(2d, p) em=gd3"
320,ComponentA1350,CC[N+](CC)(CC)CC#N,-424.2513597,0.2025,0.253003,444.7299120000001,-0.49086,-0.16603,-424.4855711,-424.0488597,-423.9983567,8.835376,Gaussian,QC,"opt+freq: b3lyp/6-311G** em=gd3bj
energy: M062X/6-311G+(2d, p) em=gd3"
321,ComponentA1370,CC[N+](CC)(CC)CCCS(=O)(=O)O,-1034.4604018,0.267441,0.329952,550.4721440000001,-0.42945,-0.11918,-1034.7914128,-1034.1929608,-1034.1304498,8.439344,Gaussian,QC,"opt+freq: b3lyp/6-311G** em=gd3bj
energy: M062X/6-311G+(2d, p) em=gd3"
322,ComponentA1371,CC[N+](CC)(CC)CCO,-446.5575317,0.237293,0.288044,446.91396,-0.43231,-0.11427,-446.8088852,-446.3202387,-446.2694877,8.650688,Gaussian,QC,"opt+freq: b3lyp/6-311G** em=gd3bj
energy: M062X/6-311G+(2d, p) em=gd3"
323,ComponentA1378,CC[N+](CC)(CC)COC,-446.5456301,0.233797,0.287157,469.8841200000001,-0.42823,-0.1159,-446.7982127,-446.3118331,-446.2584731,8.495376,Gaussian,QC,"opt+freq: b3lyp/6-311G** em=gd3bj
energy: M062X/6-311G+(2d, p) em=gd3"
324,ComponentA1396,CC[N+]1(CC)CCNCC1,-425.4835952,0.231182,0.278451,416.253608,-0.37557,-0.1185,-425.724582,-425.2524132,-425.2051442,6.992304000000001,Gaussian,QC,"opt+freq: b3lyp/6-311G** em=gd3bj
energy: M062X/6-311G+(2d, p) em=gd3"
325,ComponentA1397,CC[N+]12CCN(CC1)CC2,-424.2706723,0.21224,0.256678,391.321152,-0.38282,-0.13178,-424.4996888,-424.0584323,-424.0139943,6.828288,Gaussian,QC,"opt+freq: b3lyp/6-311G** em=gd3bj
energy: M062X/6-311G+(2d, p) em=gd3"
326,ComponentA1417,CC[NH2+]C,-174.8075949,0.103624,0.138584,307.85872,-0.54476,-0.17743,-174.9213409,-174.7039709,-174.6690109,9.991376,Gaussian,QC,"opt+freq: b3lyp/6-311G** em=gd3bj
energy: M062X/6-311G+(2d, p) em=gd3"
327,ComponentA1432,CC[P+](CC)(CC)C1CCCC1,-774.6847419,0.278796,0.339653,535.899272,-0.45493,-0.1181,-775.0031309,-774.4059458999999,-774.3450889,9.161776,Gaussian,QC,"opt+freq: b3lyp/6-311G** em=gd3bj
energy: M062X/6-311G+(2d, p) em=gd3"
328,ComponentA1433,CC[P+](CC)(CC)CC,-657.9708547,0.219058,0.274053,484.27708,-0.48278,-0.1222,-658.2275986,-657.7517967,-657.6968017,9.807776,Gaussian,QC,"opt+freq: b3lyp/6-311G** em=gd3bj
energy: M062X/6-311G+(2d, p) em=gd3"
329,ComponentA1448,CC[S+](C)C,-556.9370088,0.107203,0.14809,360.049936,-0.50739,-0.17638,-557.082729,-556.8298057999999,-556.7889187999999,9.003472,Gaussian,QC,"opt+freq: b3lyp/6-311G** em=gd3bj
energy: M062X/6-311G+(2d, p) em=gd3"
330,ComponentA1451,CC[S+]1CCCC1,-634.3553851,0.142728,0.185234,374.309008,-0.49151,-0.18045,-634.5394275,-634.2126571,-634.1701511,8.460832,Gaussian,QC,"opt+freq: b3lyp/6-311G** em=gd3bj
energy: M062X/6-311G+(2d, p) em=gd3"
331,ComponentA1452,CC[n+]1c([N+](=O)[O-])cn(C)c1C,-588.270821,0.153008,0.206195,468.369512,-0.44662,-0.24557,-588.540463,-588.117813,-588.064626,5.46856,Gaussian,QC,"opt+freq: b3lyp/6-311G** em=gd3bj
energy: M062X/6-311G+(2d, p) em=gd3"
332,ComponentA1471,CC[n+]1ccsc1,-647.995307,0.088751,0.128632,351.188224,-0.46351,-0.2428,-648.1570549,-647.906556,-647.866675,6.003311999999999,Gaussian,QC,"opt+freq: b3lyp/6-311G** em=gd3bj
energy: M062X/6-311G+(2d, p) em=gd3"
333,ComponentA1477,CCc1n(CC)cc[n+]1CC,-462.4177187,0.206404,0.259435,466.988792,-0.41271,-0.16915,-462.6709456,-462.2113147,-462.1582837,6.624832,Gaussian,QC,"opt+freq: b3lyp/6-311G** em=gd3bj
energy: M062X/6-311G+(2d, p) em=gd3"
334,ComponentA1478,CCc1n(O)cc[n+]1CC(=O)c1ccc(Cl)cc1,-1223.6018303,0.197658,0.263724,581.772648,-0.3649,-0.19453,-1223.9730985,-1223.4041723,-1223.3381063,4.634064,Gaussian,QC,"opt+freq: b3lyp/6-311G** em=gd3bj
energy: M062X/6-311G+(2d, p) em=gd3"
335,ComponentA1479,CCc1n(OC(=O)C(C)(C)C)cc[n+]1CC(=O)c1ccc(Cl)cc1,-1494.1692183,0.303882,0.388785,747.65988,-0.36028,-0.18845,-1494.6770115,-1493.8653363,-1493.7804333,4.673775999999999,Gaussian,QC,"opt+freq: b3lyp/6-311G** em=gd3bj
energy: M062X/6-311G+(2d, p) em=gd3"
336,ComponentA1480,CCc1n(OCc2c(Cl)cccc2Cl)cc[n+]1OCc1c(Cl)cccc1Cl,-2834.5702233,0.260569,0.345075,744.149504,-0.3703,-0.17082,-2835.1229795,-2834.3096543,-2834.2251483,5.425856,Gaussian,QC,"opt+freq: b3lyp/6-311G** em=gd3bj
energy: M062X/6-311G+(2d, p) em=gd3"
337,ComponentA1481,CCc1n(OCc2ccc(Br)cc2)cc[n+]1OCc1ccc(Br)cc1,-6143.2954482,0.277458,0.360001,726.869584,-0.35599,-0.16754,-6143.7174838,-6143.0179902,-6142.9354472,5.125839999999999,Gaussian,QC,"opt+freq: b3lyp/6-311G** em=gd3bj
energy: M062X/6-311G+(2d, p) em=gd3"
338,ComponentA1482,CCc1n(OCc2ccc(Cl)cc2Cl)cc[n+]1OCc1ccc(Cl)cc1Cl,-2834.5670092,0.259489,0.34476,750.90248,-0.37002,-0.17221,-2835.1205138,-2834.3075202,-2834.2222492,5.380432,Gaussian,QC,"opt+freq: b3lyp/6-311G** em=gd3bj
energy: M062X/6-311G+(2d, p) em=gd3"
339,ComponentA1483,CCc1n(OCc2ccccc2)cc[n+]1Cc1cc(OC)c(OC)c(OC)c1,-1264.5434026,0.381517,0.474195,816.122672,-0.31887,-0.15635,-1265.1223863,-1264.1618856,-1264.0692076,4.420544,Gaussian,QC,"opt+freq: b3lyp/6-311G** em=gd3bj
energy: M062X/6-311G+(2d, p) em=gd3"
340,ComponentA1486,CCn1c(C)cc(C)[n+]1CCOC,-576.9029578,0.233763,0.293168,523.117152,-0.39627,-0.1765,-577.2029071,-576.6691948,-576.6097897999999,5.977744,Gaussian,QC,"opt+freq: b3lyp/6-311G** em=gd3bj
energy: M062X/6-311G+(2d, p) em=gd3"
341,ComponentA1538,CCn1cc[n+](N)n1,-376.4956093,0.106647,0.14972,379.30052,-0.47621,-0.23485,-376.6717349,-376.3889623,-376.3458893,6.564992,Gaussian,QC,"opt+freq: b3lyp/6-311G** em=gd3bj
energy: M062X/6-311G+(2d, p) em=gd3"
342,ComponentA1554,CN(C)c1cc[n+](CCCOc2ccccc2)cc1,-806.7466412,0.286192,0.355083,606.65908,-0.3263,-0.18845,-807.1472454,-806.4604492,-806.3915582,3.749519999999999,Gaussian,QC,"opt+freq: b3lyp/6-311G** em=gd3bj
energy: M062X/6-311G+(2d, p) em=gd3"
343,ComponentA1555,CN(C)c1cc[n+](CCOc2ccccc2)cc1,-767.436558,0.262133,0.325789,560.5555840000001,-0.34103,-0.19082,-767.8129602,-767.174425,-767.110769,4.085712,Gaussian,QC,"opt+freq: b3lyp/6-311G** em=gd3bj
energy: M062X/6-311G+(2d, p) em=gd3"
344,ComponentA1556,CN1N=N[NH+](N)C1N,-409.7302465,0.106596,0.149367,376.6394960000001,-0.44229,-0.21994,-409.9156016,-409.6236505,-409.5808795,6.04792,Gaussian,QC,"opt+freq: b3lyp/6-311G** em=gd3bj
energy: M062X/6-311G+(2d, p) em=gd3"
345,ComponentA1562,COC1C=CC=CC1(OC)C(=O)C[n+]1ccn(C)c1,-879.7038202,0.257889,0.328287,619.918176,-0.3426,-0.17761,-880.1024217,-879.4459312,-879.3755332,4.487728000000001,Gaussian,QC,"opt+freq: b3lyp/6-311G** em=gd3bj
energy: M062X/6-311G+(2d, p) em=gd3"
346,ComponentA1563,COC=C(C)[NH+](C)C,-366.7119443,0.159205,0.206353,415.17832,-0.39201,-0.15073,-366.9115841,-366.5527393,-366.5055913,6.562816000000001,Gaussian,QC,"opt+freq: b3lyp/6-311G** em=gd3bj
energy: M062X/6-311G+(2d, p) em=gd3"
347,ComponentA1564,COCCC[N+]1(C)CCCCC1,-523.9633746,0.270576,0.324526,475.080648,-0.3885,-0.11375,-524.2530274,-523.6927986,-523.6388486,7.473199999999999,Gaussian,QC,"opt+freq: b3lyp/6-311G** em=gd3bj
energy: M062X/6-311G+(2d, p) em=gd3"
348,ComponentA1565,COCCOCCn1cc[n+](C)c1,-612.8161325,0.21093,0.270701,526.338832,-0.35691,-0.17586,-613.1088665,-612.6052025,-612.5454315,4.92456,Gaussian,QC,"opt+freq: b3lyp/6-311G** em=gd3bj
energy: M062X/6-311G+(2d, p) em=gd3"
349,ComponentA1588,COCC[NH3+],-250.0190617,0.106592,0.144235,331.481584,-0.43673,-0.17592,-250.1533891,-249.9124697,-249.8748267,7.094031999999999,Gaussian,QC,"opt+freq: b3lyp/6-311G** em=gd3bj
energy: M062X/6-311G+(2d, p) em=gd3"
350,ComponentA1589,COCC[n+]1c(C)cc(C)n1C,-537.5967043,0.208026,0.264112,493.891912,-0.39635,-0.18264,-537.8710288,-537.3886783,-537.3325923000001,5.812911999999999,Gaussian,QC,"opt+freq: b3lyp/6-311G** em=gd3bj
energy: M062X/6-311G+(2d, p) em=gd3"
351,ComponentA1608,C[C@@H]([NH3+])C1CCCCC1,-370.1510967,0.215486,0.261249,402.986144,-0.43226,-0.17326,-370.3737737,-369.9356107,-369.8898477,7.0448,Gaussian,QC,"opt+freq: b3lyp/6-311G** em=gd3bj
energy: M062X/6-311G+(2d, p) em=gd3"
352,ComponentA1609,C[C@H]([NH3+])C1CCCCC1,-370.1510991,0.215487,0.26125,402.986144,-0.43225,-0.17328,-370.3737737,-369.9356121,-369.8898491,7.043984000000001,Gaussian,QC,"opt+freq: b3lyp/6-311G** em=gd3bj
energy: M062X/6-311G+(2d, p) em=gd3"
353,ComponentA1610,COc1cc(OC)c(C(=O)C[n+]2ccn(C)c2)c(OC)c1,-993.0691513,0.265457,0.340479,660.636864,-0.32475,-0.17418,-993.5083599,-992.8036943000001,-992.7286723000001,4.095503999999999,Gaussian,QC,"opt+freq: b3lyp/6-311G** em=gd3bj
energy: M062X/6-311G+(2d, p) em=gd3"
354,ComponentA1613,COc1ccc(-n2cc[n+](C)c2)cc1,-611.4124754,0.177513,0.231809,478.130784,-0.35044,-0.18225,-611.6974396,-611.2349624,-611.1806664,4.574768,Gaussian,QC,"opt+freq: b3lyp/6-311G** em=gd3bj
energy: M062X/6-311G+(2d, p) em=gd3"
355,ComponentA1614,COc1ccc(C(=O)C[n+]2ccn(-c3ccccc3)c2C)cc1,-995.0852829,0.280692,0.354868,653.193528,-0.33519,-0.17123,-995.5447376,-994.8045909,-994.7304149,4.459712,Gaussian,QC,"opt+freq: b3lyp/6-311G** em=gd3bj
energy: M062X/6-311G+(2d, p) em=gd3"
356,ComponentA1619,COc1ccc(C(=O)C[n+]2ccn(Cc3ccccc3)c2C)cc1,-1034.3909691,0.305581,0.384241,692.677936,-0.33435,-0.16986,-1034.874178,-1034.0853881,-1034.0067281,4.474127999999999,Gaussian,QC,"opt+freq: b3lyp/6-311G** em=gd3bj
energy: M062X/6-311G+(2d, p) em=gd3"
357,ComponentA1620,COc1ccc(Cn2cc[n+](CC(=O)c3ccc(C)cc3)c2C)cc1,-1073.6989735,0.327916,0.412296,743.044928,-0.32484,-0.17558,-1074.206703,-1073.3710575,-1073.2866775,4.059872,Gaussian,QC,"opt+freq: b3lyp/6-311G** em=gd3bj
energy: M062X/6-311G+(2d, p) em=gd3"
358,ComponentA1621,COc1ccc(OC)c(C(=O)C[n+]2ccn(C)c2)c1,-878.5354476,0.236758,0.305888,608.7594480000001,-0.32652,-0.18699,-878.9287699,-878.2986896,-878.2295596,3.795215999999999,Gaussian,QC,"opt+freq: b3lyp/6-311G** em=gd3bj
energy: M062X/6-311G+(2d, p) em=gd3"
359,ComponentA1624,COc1cccc(C(=O)C[n+]2ccn(C)c2)c1OC,-878.5557652,0.237238,0.30647,609.6506400000001,-0.32271,-0.17482,-878.9503319,-878.3185272,-878.2492952,4.022608,Gaussian,QC,"opt+freq: b3lyp/6-311G** em=gd3bj
energy: M062X/6-311G+(2d, p) em=gd3"
360,ComponentA1627,C[C@@H](c1ccccc1)[N+](C)(C)C,-484.443167,0.226662,0.277835,450.620984,-0.38718,-0.15713,-484.7130003,-484.216505,-484.165332,6.257360000000001,Gaussian,QC,"opt+freq: b3lyp/6-311G** em=gd3bj
energy: M062X/6-311G+(2d, p) em=gd3"
361,ComponentA1628,C[C@H](c1ccccc1)[N+](C)(C)C,-484.4431662,0.226662,0.277835,450.625168,-0.38718,-0.15713,-484.7130003,-484.2165042,-484.1653312,6.257360000000001,Gaussian,QC,"opt+freq: b3lyp/6-311G** em=gd3bj
energy: M062X/6-311G+(2d, p) em=gd3"
362,ComponentA1636,C[As+](C)(C)C,-2395.2392528,0.110947,0.155295,390.530376,-0.52496,-0.13784,-2395.3825607,-2395.1283058,-2395.0839578,10.529664,Gaussian,QC,"opt+freq: b3lyp/6-311G** em=gd3bj
energy: M062X/6-311G+(2d, p) em=gd3"
363,ComponentA1653,C[N+](C)(C)CC(=O)O,-402.6777394,0.139502,0.183324,385.894504,-0.45589,-0.16921,-402.8717567,-402.5382374,-402.4944154,7.797696000000001,Gaussian,QC,"opt+freq: b3lyp/6-311G** em=gd3bj
energy: M062X/6-311G+(2d, p) em=gd3"
364,ComponentA1657,C[N+](C)(C)CCCS(=O)(=O)O,-916.5415867,0.189402,0.242959,471.62048,-0.43973,-0.13834,-916.7999434,-916.3521847000001,-916.2986277,8.197808,Gaussian,QC,"opt+freq: b3lyp/6-311G** em=gd3bj
energy: M062X/6-311G+(2d, p) em=gd3"
365,ComponentA1668,C[N+](C)(C)Cc1ccccc1,-445.1374313,0.200682,0.249168,426.973016,-0.38934,-0.16341,-445.3829726,-444.9367493,-444.8882633,6.145296,Gaussian,QC,"opt+freq: b3lyp/6-311G** em=gd3bj
energy: M062X/6-311G+(2d, p) em=gd3"
366,ComponentA1676,C[N+]1(C(OCCC(F)(F)C(F)(F)C(F)F)C(F)F)CCOCC1,-1471.7293717,0.255087,0.332311,680.029704,-0.4122,-0.11199,-1472.2487611,-1471.4742847,-1471.3970607,8.165712,Gaussian,QC,"opt+freq: b3lyp/6-311G** em=gd3bj
energy: M062X/6-311G+(2d, p) em=gd3"
367,ComponentA1683,C[N+]1(CCCC#N)CCOCC1,-537.5752035,0.214681,0.266901,459.846704,-0.42798,-0.13205,-537.8400658,-537.3605225,-537.3083025000001,8.049296,Gaussian,QC,"opt+freq: b3lyp/6-311G** em=gd3bj
energy: M062X/6-311G+(2d, p) em=gd3"
368,ComponentA1687,C[N+]1(CCCO)CCOCC1,-520.5634126,0.222801,0.272378,436.575296,-0.41688,-0.11658,-520.821949,-520.3406116,-520.2910346,8.168159999999999,Gaussian,QC,"opt+freq: b3lyp/6-311G** em=gd3bj
energy: M062X/6-311G+(2d, p) em=gd3"
369,ComponentA1692,C[N+]1(CCOCC(F)(F)F)CCOCC1,-857.6091789,0.221839,0.2803,514.807728,-0.42093,-0.1166,-857.9543164,-857.3873398999999,-857.3288789,8.277776000000001,Gaussian,QC,"opt+freq: b3lyp/6-311G** em=gd3bj
energy: M062X/6-311G+(2d, p) em=gd3"
370,ComponentA1697,C[N+]12CCC(CC1)CC2,-368.9446867,0.198232,0.239393,362.4557360000001,-0.47693,-0.13537,-369.1530137,-368.7464547,-368.7052937,9.290432000000001,Gaussian,QC,"opt+freq: b3lyp/6-311G** em=gd3bj
energy: M062X/6-311G+(2d, p) em=gd3"
371,ComponentA1701,C[NH+](C)N,-190.8138716,0.09291,0.126952,299.775232,-0.48937,-0.17559,-190.9240606,-190.7209616,-190.6869196,8.534816000000001,Gaussian,QC,"opt+freq: b3lyp/6-311G** em=gd3bj
energy: M062X/6-311G+(2d, p) em=gd3"
372,ComponentA1702,C[NH+](Cc1cccnc1)CC1COC(C)(C)O1,-767.6399159,0.277405,0.341688,566.0742799999999,-0.38176,-0.17053,-768.0083311,-767.3625109,-767.2982279,5.745456,Gaussian,QC,"opt+freq: b3lyp/6-311G** em=gd3bj
energy: M062X/6-311G+(2d, p) em=gd3"
373,ComponentA1709,C[NH2+]C,-135.4966206,0.078609,0.10989,275.466192,-0.60602,-0.18827,-135.5858359,-135.4180116,-135.3867306,11.3628,Gaussian,QC,"opt+freq: b3lyp/6-311G** em=gd3bj
energy: M062X/6-311G+(2d, p) em=gd3"
374,ComponentA1710,C[NH3+],-96.1893136,0.05348,0.081121,243.400016,-0.63093,-0.20734,-96.254154,-96.13583360000001,-96.10819260000001,11.521648,Gaussian,QC,"opt+freq: b3lyp/6-311G** em=gd3bj
energy: M062X/6-311G+(2d, p) em=gd3"
375,ComponentA1711,C[P+](C)(C)C,-500.7502605,0.115373,0.15678,364.623048,-0.54394,-0.13865,-500.9070042,-500.6348875,-500.5934805,11.023888,Gaussian,QC,"opt+freq: b3lyp/6-311G** em=gd3bj
energy: M062X/6-311G+(2d, p) em=gd3"
376,ComponentA1712,C[P+](c1ccccc1)(c1ccccc1)c1ccccc1,-1075.8949032,0.2545,0.322175,595.94804,-0.38729,-0.171,-1076.3133601,-1075.6404032,-1075.5727282,5.883088,Gaussian,QC,"opt+freq: b3lyp/6-311G** em=gd3bj
energy: M062X/6-311G+(2d, p) em=gd3"
377,ComponentA1716,C[SH+](C)(C)C,-558.0009755,0.123154,0.166908,385.300376,-0.41479,-0.18596,-558.1579225,-557.8778215,-557.8340675,6.224176,Gaussian,QC,"opt+freq: b3lyp/6-311G** em=gd3bj
energy: M062X/6-311G+(2d, p) em=gd3"
378,ComponentA1717,C[n+]1cc[nH]c1CC(=O)c1ccccc1,-649.5412274,0.181035,0.238298,504.2640480000001,-0.37645,-0.19702,-649.8461222,-649.3601924000001,-649.3029294,4.880496,Gaussian,QC,"opt+freq: b3lyp/6-311G** em=gd3bj
energy: M062X/6-311G+(2d, p) em=gd3"
379,ComponentA1729,C[n+]1ccn(CCCBr)c1,-2957.3615463,0.143554,0.194127,445.34496,-0.40551,-0.18654,-2957.5424825,-2957.2179923,-2957.1674193,5.955983999999999,Gaussian,QC,"opt+freq: b3lyp/6-311G** em=gd3bj
energy: M062X/6-311G+(2d, p) em=gd3"
380,ComponentA1740,C[n+]1ccn(Cc2ccc3ccccc3c2)c1,-689.8264393,0.216645,0.275078,514.565056,-0.33052,-0.17295,-690.1621192,-689.6097943,-689.5513612999999,4.285903999999999,Gaussian,QC,"opt+freq: b3lyp/6-311G** em=gd3bj
energy: M062X/6-311G+(2d, p) em=gd3"
381,ComponentA1767,Cc1c(C)[n+](C)c(C)n1C,-423.1222992,0.175879,0.229586,472.950992,-0.38996,-0.16629,-423.3504996,-422.9464202,-422.8927132,6.083823999999999,Gaussian,QC,"opt+freq: b3lyp/6-311G** em=gd3bj
energy: M062X/6-311G+(2d, p) em=gd3"
382,ComponentA1774,Cc1cc(C)[n+](-c2ccccc2)n1C,-575.4959216,0.196692,0.254469,508.782768,-0.39947,-0.18032,-575.7882484,-575.2992296,-575.2414526,5.96088,Gaussian,QC,"opt+freq: b3lyp/6-311G** em=gd3bj
energy: M062X/6-311G+(2d, p) em=gd3"
383,ComponentA1775,Cc1cc(C)[nH+]c(C)c1,-366.5603618,0.141606,0.189403,420.902032,-0.4385,-0.2313,-366.7619029,-366.4187558,-366.3709588,5.63584,Gaussian,QC,"opt+freq: b3lyp/6-311G** em=gd3bj
energy: M062X/6-311G+(2d, p) em=gd3"
384,ComponentA1776,Cc1cc[n+](C)cc1,-327.2310301,0.11745,0.161275,385.923792,-0.46458,-0.23982,-327.4075383,-327.1135801,-327.0697551,6.113472,Gaussian,QC,"opt+freq: b3lyp/6-311G** em=gd3bj
energy: M062X/6-311G+(2d, p) em=gd3"
385,ComponentA1780,Cc1cc[n+](CCCOc2ccccc2)cc1,-712.0848434,0.2456,0.307805,547.76928,-0.3469,-0.22374,-712.4391402,-711.8392434,-711.7770383999999,3.349952,Gaussian,QC,"opt+freq: b3lyp/6-311G** em=gd3bj
energy: M062X/6-311G+(2d, p) em=gd3"
386,ComponentA1781,Cc1cc[n+](CCOc2ccccc2)cc1,-672.775703,0.220323,0.278586,513.071368,-0.34934,-0.22778,-673.1052636,-672.55538,-672.497117,3.306431999999999,Gaussian,QC,"opt+freq: b3lyp/6-311G** em=gd3bj
energy: M062X/6-311G+(2d, p) em=gd3"
387,ComponentA1796,Cc1ccc[n+](CCCOc2ccccc2)c1,-712.0825143,0.24689,0.307873,537.012216,-0.34719,-0.22882,-712.4367569,-711.8356243,-711.7746413,3.219664,Gaussian,QC,"opt+freq: b3lyp/6-311G** em=gd3bj
energy: M062X/6-311G+(2d, p) em=gd3"
388,ComponentA1797,Cc1ccc[n+](CCOc2ccccc2)c1,-672.7726008,0.221354,0.278753,505.456488,-0.35405,-0.23159,-673.102325,-672.5512468,-672.4938477999999,3.330912,Gaussian,QC,"opt+freq: b3lyp/6-311G** em=gd3bj
energy: M062X/6-311G+(2d, p) em=gd3"
389,ComponentA1801,Cc1cccc[n+]1CCCOc1ccccc1,-712.085462,0.246899,0.308131,539.204632,-0.33262,-0.22894,-712.438971,-711.838563,-711.777331,2.820096,Gaussian,QC,"opt+freq: b3lyp/6-311G** em=gd3bj
energy: M062X/6-311G+(2d, p) em=gd3"
390,ComponentA1802,Cc1cccc[n+]1CCOc1ccccc1,-672.7744924,0.222024,0.278883,500.69928,-0.34701,-0.23068,-673.1032596,-672.5524684,-672.4956094,3.164175999999999,Gaussian,QC,"opt+freq: b3lyp/6-311G** em=gd3bj
energy: M062X/6-311G+(2d, p) em=gd3"
391,ComponentA1813,Cc1n(C)c2ccccc2[n+]1C,-498.1242198,0.168644,0.220655,458.009928,-0.39162,-0.19244,-498.374625,-497.9555758,-497.9035648,5.417696,Gaussian,QC,"opt+freq: b3lyp/6-311G** em=gd3bj
energy: M062X/6-311G+(2d, p) em=gd3"
392,ComponentA1818,Cc1n(C)cc[n+]1CCCC#N,-515.3471552,0.178062,0.231351,469.260704,-0.41988,-0.17547,-515.6003654,-515.1690932,-515.1158042,6.647951999999999,Gaussian,QC,"opt+freq: b3lyp/6-311G** em=gd3bj
energy: M062X/6-311G+(2d, p) em=gd3"
393,ComponentA1819,Cc1n(C)cc[n+]1CCCOc1ccccc1,-729.3488319,0.256784,0.319352,550.97004,-0.34201,-0.16466,-729.7051581,-729.0920479,-729.0294799000001,4.823919999999999,Gaussian,QC,"opt+freq: b3lyp/6-311G** em=gd3bj
energy: M062X/6-311G+(2d, p) em=gd3"
394,ComponentA1820,Cc1n(C)cc[n+]1CCOc1ccccc1,-690.0400908,0.230695,0.290116,523.25104,-0.34768,-0.16979,-690.3719352,-689.8093958000001,-689.7499748,4.838608,Gaussian,QC,"opt+freq: b3lyp/6-311G** em=gd3bj
energy: M062X/6-311G+(2d, p) em=gd3"
395,ComponentA1823,Cc1n(C2CCCC2)cc[n+]1C,-500.5177835,0.213113,0.266484,469.976168,-0.41208,-0.16935,-500.782064,-500.3046705,-500.2512995,6.602256,Gaussian,QC,"opt+freq: b3lyp/6-311G** em=gd3bj
energy: M062X/6-311G+(2d, p) em=gd3"
396,ComponentA1824,Cc1n(O)cc[n+]1CC(=O)c1ccc(Cl)cc1,-1184.2974234,0.172459,0.234595,547.1667840000001,-0.36715,-0.19804,-1184.6441194,-1184.1249644,-1184.0628284,4.599791999999999,Gaussian,QC,"opt+freq: b3lyp/6-311G** em=gd3bj
energy: M062X/6-311G+(2d, p) em=gd3"
397,ComponentA1825,Cc1n(OCc2ccc(Br)cc2)cc[n+]1OCc1ccc(Br)cc1,-6103.987983,0.250317,0.330709,707.936984,-0.35717,-0.17117,-6104.3855894,-6103.737666,-6103.657274,5.0592,Gaussian,QC,"opt+freq: b3lyp/6-311G** em=gd3bj
energy: M062X/6-311G+(2d, p) em=gd3"
398,ComponentA1826,Cc1n(OCc2ccc([N+](=O)[O-])cc2)cc[n+]1OCc1ccc([N+](=O)[O-])cc1,-1365.8283231,0.274858,0.357578,728.430216,-0.39387,-0.20973,-1366.4029318,-1365.5534651,-1365.4707451,5.008608,Gaussian,QC,"opt+freq: b3lyp/6-311G** em=gd3bj
energy: M062X/6-311G+(2d, p) em=gd3"
399,ComponentA1827,Cc1nc(N=[N+]=[N-])[nH][nH+]1,-445.4698244,0.06459,0.108455,386.271064,-0.44677,-0.23114,-445.6498531,-445.4052344,-445.3613694,5.865136,Gaussian,QC,"opt+freq: b3lyp/6-311G** em=gd3bj
energy: M062X/6-311G+(2d, p) em=gd3"
400,ComponentA1853,Cn1cc[n+](CC(=O)c2ccc([N+](=O)[O-])cc2)c1,-854.0095848,0.179039,0.243174,564.7730560000001,-0.39172,-0.22017,-854.3784621,-853.8305458,-853.7664108,4.666160000000001,Gaussian,QC,"opt+freq: b3lyp/6-311G** em=gd3bj
energy: M062X/6-311G+(2d, p) em=gd3"
401,ComponentA1861,Cn1cc[n+](CC(F)(F)F)c1,-642.2233782,0.10358,0.152466,430.483392,-0.44992,-0.20467,-642.4633658,-642.1197982,-642.0709122,6.6708,Gaussian,QC,"opt+freq: b3lyp/6-311G** em=gd3bj
energy: M062X/6-311G+(2d, p) em=gd3"
402,ComponentA1862,Cn1cc[n+](CCC(F)(F)C(F)(F)C(F)(F)C(F)(F)C(F)(F)C(F)(F)C(F)(F)C(F)(F)F)c1,-2346.0863107,0.1851,0.284249,873.100384,-0.43043,-0.18705,-2346.7906951,-2345.9012107,-2345.8020617,6.619935999999999,Gaussian,QC,"opt+freq: b3lyp/6-311G** em=gd3bj
energy: M062X/6-311G+(2d, p) em=gd3"
403,ComponentA1863,Cn1cc[n+](CCC(F)(F)C(F)(F)C(F)(F)C(F)(F)C(F)(F)C(F)(F)F)c1,-1870.5019965,0.169237,0.254968,754.9442240000001,-0.43552,-0.18734,-1871.0810219,-1870.3327595,-1870.2470285,6.750496,Gaussian,QC,"opt+freq: b3lyp/6-311G** em=gd3bj
energy: M062X/6-311G+(2d, p) em=gd3"
404,ComponentA1864,Cn1cc[n+](CCC(F)(F)C(F)(F)C(F)(F)C(F)(F)F)c1,-1394.9175592,0.153391,0.225687,636.633256,-0.43631,-0.18783,-1395.3711581,-1394.7641682,-1394.6918722,6.758655999999999,Gaussian,QC,"opt+freq: b3lyp/6-311G** em=gd3bj
energy: M062X/6-311G+(2d, p) em=gd3"
405,ComponentA1865,Cn1cc[n+](CCC(F)(F)C(F)(F)F)c1,-919.3334728,0.138234,0.196366,511.908216,-0.4377,-0.1887,-919.6605793,-919.1952388,-919.1371068,6.772799999999999,Gaussian,QC,"opt+freq: b3lyp/6-311G** em=gd3bj
energy: M062X/6-311G+(2d, p) em=gd3"
406,ComponentA1868,Cn1cc[n+](CCCSCCC(F)(F)C(F)(F)C(F)(F)C(F)(F)C(F)(F)C(F)(F)C(F)(F)C(F)(F)F)c1,-2862.1987614,0.262063,0.374227,987.7168800000001,-0.35013,-0.17918,-2863.0108372,-2861.9366984,-2861.8245344,4.649839999999999,Gaussian,QC,"opt+freq: b3lyp/6-311G** em=gd3bj
energy: M062X/6-311G+(2d, p) em=gd3"
407,ComponentA1893,Cn1cn[n+](N)c1,-337.2089784,0.081694,0.121208,347.953992,-0.4779,-0.21938,-337.3586644,-337.1272844,-337.0877704,7.031743999999999,Gaussian,QC,"opt+freq: b3lyp/6-311G** em=gd3bj
energy: M062X/6-311G+(2d, p) em=gd3"
408,ComponentA1896,Cn1n[nH+]n(N)c1=N,-408.5215395,0.084426,0.126032,366.380328,-0.42705,-0.26516,-408.6981217,-408.4371135,-408.3955075,4.403407999999999,Gaussian,QC,"opt+freq: b3lyp/6-311G** em=gd3bj
energy: M062X/6-311G+(2d, p) em=gd3"
409,ComponentA1900,OCC[NH+](CCO)CCO,-518.3986718,0.190748,0.242826,458.591504,-0.4281,-0.11594,-518.6400582,-518.2079238,-518.1558458,8.490751999999999,Gaussian,QC,"opt+freq: b3lyp/6-311G** em=gd3bj
energy: M062X/6-311G+(2d, p) em=gd3"
410,ComponentA1906,Fc1cccc[nH+]1,-347.8434482,0.062459,0.097551,309.013504,-0.48255,-0.27124,-347.9914211,-347.7809892,-347.7458972,5.747631999999999,Gaussian,QC,"opt+freq: b3lyp/6-311G** em=gd3bj
energy: M062X/6-311G+(2d, p) em=gd3"
411,ComponentA1923,Nc1[nH]nn[n+]1N,-369.268435,0.060957,0.098005,326.243216,-0.47513,-0.22161,-369.4176286,-369.207478,-369.17043,6.895743999999999,Gaussian,QC,"opt+freq: b3lyp/6-311G** em=gd3bj
energy: M062X/6-311G+(2d, p) em=gd3"
412,ComponentA1924,Nc1nc[nH+]n1N,-353.2638864,0.072359,0.11002,331.64476,-0.43936,-0.21739,-353.4134365,-353.1915274,-353.1538664,6.037583999999999,Gaussian,QC,"opt+freq: b3lyp/6-311G** em=gd3bj
energy: M062X/6-311G+(2d, p) em=gd3"
413,ComponentA1927,Nn1cn[n+](CCBr)c1,-2950.0821304,0.095831,0.142027,406.797768,-0.42049,-0.22016,-2950.2335964,-2949.9862994,-2949.9401034,5.448975999999999,Gaussian,QC,"opt+freq: b3lyp/6-311G** em=gd3bj
energy: M062X/6-311G+(2d, p) em=gd3"
414,ComponentA1942,O=S(=O)(Cl)CCCC[P+](c1ccccc1)(c1ccccc1)c1ccccc1,-2202.0028471,0.328844,0.416005,767.5380640000001,-0.3868,-0.18077,-2202.5738853,-2201.6740031,-2201.5868421,5.604016,Gaussian,QC,"opt+freq: b3lyp/6-311G** em=gd3bj
energy: M062X/6-311G+(2d, p) em=gd3"
415,ComponentA1944,[K+],-599.7431251,-0.015176,0.00236,154.423072,-0.9748,-0.21785,-599.7609368,-599.7583011,-599.7407651000001,20.58904,Gaussian,QC,"opt+freq: b3lyp/6-311G** em=gd3bj
energy: M062X/6-311G+(2d, p) em=gd3"
416,ComponentA1948,OCCC[n+]1ccccc1,-441.7562958,0.151816,0.197168,399.366984,-0.42014,-0.23771,-441.9753096,-441.6044798,-441.5591278,4.962096,Gaussian,QC,"opt+freq: b3lyp/6-311G** em=gd3bj
energy: M062X/6-311G+(2d, p) em=gd3"
417,ComponentA1949,[Li+],-7.2811983,-0.012748,0.00236,133.042832,-2.3488,-0.25486,-7.2849058,-7.2939463,-7.278838299999999,56.95516800000001,Gaussian,QC,"opt+freq: b3lyp/6-311G** em=gd3bj
energy: M062X/6-311G+(2d, p) em=gd3"
418,ComponentA1952,c1c[nH+]c[nH]1,-226.5609519,0.056038,0.087213,274.5289760000001,-0.46545,-0.21819,-226.6660603,-226.5049139,-226.4737389,6.725471999999999,Gaussian,QC,"opt+freq: b3lyp/6-311G** em=gd3bj
energy: M062X/6-311G+(2d, p) em=gd3"
419,ComponentA1956,c1cc[nH+]cc1,-248.6089087,0.071972,0.104954,290.444912,-0.48471,-0.26474,-248.7361569,-248.5369367,-248.5039547,5.983184,Gaussian,QC,"opt+freq: b3lyp/6-311G** em=gd3bj
energy: M062X/6-311G+(2d, p) em=gd3"
420,ComponentA1957,O=[N+]([O-])OCC[NH2+]CCO[N+](=O)[O-],-773.4454193,0.131653,0.187776,494.222448,-0.47807,-0.23205,-773.7653063,-773.3137663,-773.2576433,6.691744,Gaussian,QC,"opt+freq: b3lyp/6-311G** em=gd3bj
energy: M062X/6-311G+(2d, p) em=gd3"
421,ComponentA1959,[N-]=[N+]=NCC[NH+]1C=NC(N=[N+]=[N-])=N1,-648.2919556,0.09088,0.142879,457.901144,-0.42011,-0.26086,-648.5478282,-648.2010756000001,-648.1490766000001,4.3316,Gaussian,QC,"opt+freq: b3lyp/6-311G** em=gd3bj
energy: M062X/6-311G+(2d, p) em=gd3"
422,ComponentA1964,[N-]=[N+]=Nc1nc(N=[N+]=[N-])[nH+][nH]1,-569.7347444,0.040353,0.085873,400.8481200000001,-0.44569,-0.24461,-569.9419248,-569.6943914,-569.6488714,5.469376,Gaussian,QC,"opt+freq: b3lyp/6-311G** em=gd3bj
energy: M062X/6-311G+(2d, p) em=gd3"
423,ComponentA1967,[NH3+]CCCCCCCCc1ccccc1,-602.3566197,0.303574,0.366828,557.0075519999999,-0.31504,-0.18172,-602.7000328,-602.0530457,-601.9897917,3.626304,Gaussian,QC,"opt+freq: b3lyp/6-311G** em=gd3bj
energy: M062X/6-311G+(2d, p) em=gd3"
424,ComponentA1969,c1ccc2c(c1)CCC[NH2+]2,-404.6394015,0.158008,0.199771,367.765232,-0.40253,-0.17324,-404.8504918,-404.4813935,-404.4396305,6.236688,Gaussian,QC,"opt+freq: b3lyp/6-311G** em=gd3bj
energy: M062X/6-311G+(2d, p) em=gd3"
425,ComponentA1977,OCCc1cn(Cc2ccccc2)c[n+]1Cc1ccccc1,-921.0685763,0.300346,0.374148,649.8965360000001,-0.36848,-0.1502,-921.5103182,-920.7682303,-920.6944283,5.937215999999999,Gaussian,QC,"opt+freq: b3lyp/6-311G** em=gd3bj
energy: M062X/6-311G+(2d, p) em=gd3"
426,ComponentA1978,c1ccc(OCCC[n+]2ccccn2)cc1,-688.7776088,0.211658,0.267436,491.184864,-0.35599,-0.2588,-689.1050035,-688.5659508,-688.5101728000001,2.643568,Gaussian,QC,"opt+freq: b3lyp/6-311G** em=gd3bj
energy: M062X/6-311G+(2d, p) em=gd3"
427,ComponentA1979,c1ccc(OCC[n+]2ccccn2)cc1,-649.4673972,0.18504,0.238199,468.118472,-0.35839,-0.26211,-649.7702326,-649.2823572000001,-649.2291982,2.618815999999999,Gaussian,QC,"opt+freq: b3lyp/6-311G** em=gd3bj
energy: M062X/6-311G+(2d, p) em=gd3"
428,ComponentA1982,c1ccc([P+](c2ccccc2)(c2ccccc2)c2ccccc2)cc1,-1267.6095102,0.30268,0.377344,657.490496,-0.38048,-0.16977,-1268.1155989,-1267.3068302,-1267.2321662,5.731311999999999,Gaussian,QC,"opt+freq: b3lyp/6-311G** em=gd3bj
energy: M062X/6-311G+(2d, p) em=gd3"
429,ComponentA1983,[NH4+],-56.8819695,0.028209,0.051666,206.56408,-0.8264,-0.22961,-56.9219782,-56.8537605,-56.8303035,16.232688,Gaussian,QC,"opt+freq: b3lyp/6-311G** em=gd3bj
energy: M062X/6-311G+(2d, p) em=gd3"
430,ComponentA1985,[N-]=[N+]=NC1=N[NH2+]C=N1,-406.0915952,0.041572,0.079735,336.05888,-0.46675,-0.28462,-406.2441329,-406.0500232,-406.0118601999999,4.953936000000001,Gaussian,QC,"opt+freq: b3lyp/6-311G** em=gd3bj
energy: M062X/6-311G+(2d, p) em=gd3"
431,ComponentA1989,[NH3+]O,-132.0263413,0.029961,0.057034,238.40432,-0.58367,-0.22761,-132.0866,-131.9963803,-131.9693073,9.684832,Gaussian,QC,"opt+freq: b3lyp/6-311G** em=gd3bj
energy: M062X/6-311G+(2d, p) em=gd3"
