id,Component_Name_B,Component_SMILES_B,Component_B_Energy_Hatree,Component_B_Thermal_correction_to_Gibbs_Free_Energy_Hatree,Component_B_Thermal_correction_to_Enthalpy_Hatree,Component_B_Entropy_J_per_mol_K,Component_B_HOMO_Hatree,Component_B_LUMO_Hatree,Component_B_Dipole_Debye,Component_B_Gibbs_Free_Energy_Hatree,Component_B_Enthalpy_Hatree,Component_B_ECW_V,Software,Source,Theory_Level
1,electrolyte1,CCOC,-194.306102,0.076354,0.110973,304.858792,-0.25597,0.04266,-194.4112118,-194.229748,-194.195129,8.122735999999998,Gaussian,QC,"opt+freq: b3lyp/6-311G** em=gd3bj
energy: M062X/6-311G+(2d, p) em=gd3"
2,electrolyte2,COC(C)C,-233.6138576,0.101393,0.139372,334.435488,-0.25316,0.03912,-233.7430761,-233.5124646,-233.4744856,7.950016,Gaussian,QC,"opt+freq: b3lyp/6-311G** em=gd3bj
energy: M062X/6-311G+(2d, p) em=gd3"
3,electrolyte3,CCOCC,-233.613402,0.101595,0.139738,335.887336,-0.25292,0.0404,-233.7438375,-233.511807,-233.473664,7.978303999999999,Gaussian,QC,"opt+freq: b3lyp/6-311G** em=gd3bj
energy: M062X/6-311G+(2d, p) em=gd3"
4,electrolyte4,CCCOC,-233.612784,0.101808,0.13983,334.8246,-0.25767,0.04385,-233.7425346,-233.510976,-233.472954,8.201344,Gaussian,QC,"opt+freq: b3lyp/6-311G** em=gd3bj
energy: M062X/6-311G+(2d, p) em=gd3"
5,electrolyte5,COCOC,-269.520557,0.079404,0.116988,330.971136,-0.27378,0.04688,-269.6442283,-269.441153,-269.403569,8.721952,Gaussian,QC,"opt+freq: b3lyp/6-311G** em=gd3bj
energy: M062X/6-311G+(2d, p) em=gd3"
6,electrolyte6,C1CCOC1,-232.4126638,0.084295,0.118669,302.695664,-0.24495,0.03723,-232.5293008,-232.3283688,-232.2939948,7.675295999999999,Gaussian,QC,"opt+freq: b3lyp/6-311G** em=gd3bj
energy: M062X/6-311G+(2d, p) em=gd3"
7,electrolyte7,C1COCO1,-268.320625,0.061617,0.095416,297.6413920000001,-0.26119,0.03955,-268.430623,-268.259008,-268.225209,8.180128,Gaussian,QC,"opt+freq: b3lyp/6-311G** em=gd3bj
energy: M062X/6-311G+(2d, p) em=gd3"
8,electrolyte8,COC(C)(C)C,-272.9244061,0.126149,0.167258,362.003864,-0.25322,0.03722,-273.0771678,-272.7982571,-272.7571481,7.899968,Gaussian,QC,"opt+freq: b3lyp/6-311G** em=gd3bj
energy: M062X/6-311G+(2d, p) em=gd3"
9,electrolyte9,CCOC(C)C,-272.9191718,0.127507,0.168242,358.711056,-0.25051,0.03839,-273.0734585,-272.7916648,-272.7509298,7.858079999999999,Gaussian,QC,"opt+freq: b3lyp/6-311G** em=gd3bj
energy: M062X/6-311G+(2d, p) em=gd3"
10,electrolyte10,CCC(C)OC,-272.9177864,0.126863,0.168391,365.689968,-0.25125,0.04026,-273.0713383,-272.7909234,-272.7493954,7.929072,Gaussian,QC,"opt+freq: b3lyp/6-311G** em=gd3bj
energy: M062X/6-311G+(2d, p) em=gd3"
11,electrolyte11,COC(C)OC,-308.8220232,0.105068,0.145211,353.497792,-0.25696,0.03554,-308.9691926,-308.7169552,-308.6768122,7.956,Gaussian,QC,"opt+freq: b3lyp/6-311G** em=gd3bj
energy: M062X/6-311G+(2d, p) em=gd3"
12,electrolyte12,CCCOCC,-272.9200846,0.126795,0.168653,368.593664,-0.25549,0.04334,-273.075087,-272.7932896,-272.7514316,8.128176,Gaussian,QC,"opt+freq: b3lyp/6-311G** em=gd3bj
energy: M062X/6-311G+(2d, p) em=gd3"
13,electrolyte13,CCOCOC,-308.8280941,0.104747,0.145838,361.844872,-0.27166,0.0439,-308.9772635,-308.7233471,-308.6822561,8.583232,Gaussian,QC,"opt+freq: b3lyp/6-311G** em=gd3bj
energy: M062X/6-311G+(2d, p) em=gd3"
14,electrolyte14,COCC(C)C,-272.9195846,0.126927,0.168228,363.6942,-0.25807,0.04199,-273.0734142,-272.7926576,-272.7513566,8.161631999999999,Gaussian,QC,"opt+freq: b3lyp/6-311G** em=gd3bj
energy: M062X/6-311G+(2d, p) em=gd3"
15,electrolyte15,CCCCOC,-272.9169248,0.127084,0.168821,367.539296,-0.25793,0.03886,-273.0710749,-272.7898408,-272.7481038,8.072688,Gaussian,QC,"opt+freq: b3lyp/6-311G** em=gd3bj
energy: M062X/6-311G+(2d, p) em=gd3"
16,electrolyte16,COCCOC,-308.8117241,0.104211,0.145505,363.63144,-0.23891,0.04979,-308.9596525,-308.7075131,-308.6662191,7.85264,Gaussian,QC,"opt+freq: b3lyp/6-311G** em=gd3bj
energy: M062X/6-311G+(2d, p) em=gd3"
17,electrolyte17,CC1CCCO1,-271.7235709,0.109301,0.146941,331.45648,-0.24488,0.03888,-271.8651856,-271.6142699,-271.5766299,7.718272,Gaussian,QC,"opt+freq: b3lyp/6-311G** em=gd3bj
energy: M062X/6-311G+(2d, p) em=gd3"
18,electrolyte18,CC1COCO1,-307.6316004,0.08672,0.123729,325.900128,-0.25943,0.03928,-307.766941,-307.5448804,-307.5078714,8.124911999999998,Gaussian,QC,"opt+freq: b3lyp/6-311G** em=gd3bj
energy: M062X/6-311G+(2d, p) em=gd3"
19,electrolyte19,CC1OCCO1,-307.6354754,0.086556,0.123583,326.054936,-0.26005,0.04265,-307.7705732,-307.5489194,-307.5118924,8.23344,Gaussian,QC,"opt+freq: b3lyp/6-311G** em=gd3bj
energy: M062X/6-311G+(2d, p) em=gd3"
20,electrolyte20,CC1CCOC1,-271.7195336,0.109551,0.147106,330.707544,-0.24487,0.03676,-271.8609344,-271.6099826,-271.5724276,7.660335999999999,Gaussian,QC,"opt+freq: b3lyp/6-311G** em=gd3bj
energy: M062X/6-311G+(2d, p) em=gd3"
21,electrolyte21,C1CCOCC1,-271.7255689,0.112634,0.147871,310.293808,-0.25053,0.04236,-271.8667155,-271.6129349,-271.5776979,7.966607999999999,Gaussian,QC,"opt+freq: b3lyp/6-311G** em=gd3bj
energy: M062X/6-311G+(2d, p) em=gd3"
22,electrolyte22,C1COCCO1,-307.6259052,0.089581,0.12437,306.348296,-0.24275,0.04918,-307.7604483,-307.5363242,-307.5015352,7.940496,Gaussian,QC,"opt+freq: b3lyp/6-311G** em=gd3bj
energy: M062X/6-311G+(2d, p) em=gd3"
23,electrolyte23,C1COCOC1,-307.6343572,0.090046,0.124697,305.134936,-0.26752,0.04294,-307.7692472,-307.5443112,-307.5096602,8.444511999999998,Gaussian,QC,"opt+freq: b3lyp/6-311G** em=gd3bj
energy: M062X/6-311G+(2d, p) em=gd3"
24,electrolyte24,C1OCOCO1,-343.5474717,0.067688,0.101665,299.202024,-0.28545,0.04433,-343.6758867,-343.4797837,-343.4458067,8.970016,Gaussian,QC,"opt+freq: b3lyp/6-311G** em=gd3bj
energy: M062X/6-311G+(2d, p) em=gd3"
25,electrolyte25,CCOC(C)(C)C,-312.2292873,0.152567,0.196117,383.497072,-0.25021,0.03659,-312.4072219,-312.0767203,-312.0331703,7.80096,Gaussian,QC,"opt+freq: b3lyp/6-311G** em=gd3bj
energy: M062X/6-311G+(2d, p) em=gd3"
26,electrolyte26,CCC(C)(C)OC,-312.2284678,0.152175,0.196314,388.689416,-0.25313,0.03795,-312.4057943,-312.0762928,-312.0321538,7.917376,Gaussian,QC,"opt+freq: b3lyp/6-311G** em=gd3bj
energy: M062X/6-311G+(2d, p) em=gd3"
27,electrolyte27,COC(C)(C)OC,-348.1296073,0.129887,0.172743,377.388432,-0.24892,0.03481,-348.3003182,-347.9997203,-347.9568642999999,7.717455999999999,Gaussian,QC,"opt+freq: b3lyp/6-311G** em=gd3bj
energy: M062X/6-311G+(2d, p) em=gd3"
28,electrolyte28,CC(C)OC(C)C,-312.2237549,0.153764,0.196738,378.430248,-0.24917,0.03662,-312.4022995,-312.0699909,-312.0270169,7.773488,Gaussian,QC,"opt+freq: b3lyp/6-311G** em=gd3bj
energy: M062X/6-311G+(2d, p) em=gd3"
29,electrolyte29,CCOC(C)CC,-312.2241661,0.153019,0.197173,388.814936,-0.25057,0.03918,-312.4031066,-312.0711471,-312.0269931,7.8812,Gaussian,QC,"opt+freq: b3lyp/6-311G** em=gd3bj
energy: M062X/6-311G+(2d, p) em=gd3"
30,electrolyte30,CCCOC(C)C,-312.2192431,0.152906,0.197108,389.241704,-0.24811,0.03948,-312.3984231,-312.0663371000001,-312.0221351,7.822448000000001,Gaussian,QC,"opt+freq: b3lyp/6-311G** em=gd3bj
energy: M062X/6-311G+(2d, p) em=gd3"
31,electrolyte31,COCOC(C)C,-348.1352441,0.129633,0.174163,392.12448,-0.26747,0.0398,-348.3089026,-348.0056111,-347.9610811,8.357744,Gaussian,QC,"opt+freq: b3lyp/6-311G** em=gd3bj
energy: M062X/6-311G+(2d, p) em=gd3"
32,electrolyte32,COC(C)C(C)C,-312.2249725,0.152665,0.196833,388.940456,-0.25249,0.03896,-312.4024348,-312.0723075,-312.0281395,7.92744,Gaussian,QC,"opt+freq: b3lyp/6-311G** em=gd3bj
energy: M062X/6-311G+(2d, p) em=gd3"
33,electrolyte33,CCC(CC)OC,-312.2191429,0.153464,0.197488,387.66852,-0.24876,0.03564,-312.3967154,-312.0656789,-312.0216549,7.735679999999999,Gaussian,QC,"opt+freq: b3lyp/6-311G** em=gd3bj
energy: M062X/6-311G+(2d, p) em=gd3"
34,electrolyte34,CCCC(C)OC,-312.2216974,0.152687,0.197217,392.128664,-0.25282,0.04158,-312.3997048,-312.0690104,-312.0244804,8.007679999999999,Gaussian,QC,"opt+freq: b3lyp/6-311G** em=gd3bj
energy: M062X/6-311G+(2d, p) em=gd3"
35,electrolyte35,COCC(C)OC,-348.1209436,0.12903,0.173931,395.400552,-0.25523,0.04068,-348.293244,-347.9919136,-347.9470126,8.048752,Gaussian,QC,"opt+freq: b3lyp/6-311G** em=gd3bj
energy: M062X/6-311G+(2d, p) em=gd3"
36,electrolyte36,CCOC(C)OC,-348.1292174,0.130488,0.173955,382.769056,-0.25558,0.03512,-348.3020726,-347.9987294,-347.9552624,7.907039999999999,Gaussian,QC,"opt+freq: b3lyp/6-311G** em=gd3bj
energy: M062X/6-311G+(2d, p) em=gd3"
37,electrolyte37,CCC(OC)OC,-348.1361991,0.129963,0.174153,389.13292,-0.26644,0.04619,-348.308949,-348.0062361,-347.9620461,8.503536,Gaussian,QC,"opt+freq: b3lyp/6-311G** em=gd3bj
energy: M062X/6-311G+(2d, p) em=gd3"
38,electrolyte38,CCOCC(C)C,-312.2269099,0.151874,0.197043,397.756144,-0.2558,0.04144,-312.4059803,-312.0750359,-312.0298669,8.084928,Gaussian,QC,"opt+freq: b3lyp/6-311G** em=gd3bj
energy: M062X/6-311G+(2d, p) em=gd3"
39,electrolyte39,CCCOCCC,-312.2267839,0.152187,0.197499,399.015528,-0.25701,0.04185,-312.4063959,-312.0745969,-312.0292849,8.128992,Gaussian,QC,"opt+freq: b3lyp/6-311G** em=gd3bj
energy: M062X/6-311G+(2d, p) em=gd3"
40,electrolyte40,CCCCOCC,-312.2242693,0.152076,0.197645,401.274888,-0.25577,0.0396,-312.4036908,-312.0721933,-312.0266243,8.034064,Gaussian,QC,"opt+freq: b3lyp/6-311G** em=gd3bj
energy: M062X/6-311G+(2d, p) em=gd3"
41,electrolyte41,CCOCCOC,-348.1200914,0.129521,0.174303,394.3461840000001,-0.23851,0.04661,-348.2934335,-347.9905704,-347.9457884,7.755263999999999,Gaussian,QC,"opt+freq: b3lyp/6-311G** em=gd3bj
energy: M062X/6-311G+(2d, p) em=gd3"
42,electrolyte42,CCCOCOC,-348.1345213,0.129776,0.174655,395.19972,-0.27303,0.04443,-348.3079884,-348.0047453,-347.9598663,8.634911999999998,Gaussian,QC,"opt+freq: b3lyp/6-311G** em=gd3bj
energy: M062X/6-311G+(2d, p) em=gd3"
43,electrolyte43,CCOCOCC,-348.1355671,0.13011,0.17469,392.572168,-0.26984,0.04157,-348.3102689,-348.0054571,-347.9608771,8.470352,Gaussian,QC,"opt+freq: b3lyp/6-311G** em=gd3bj
energy: M062X/6-311G+(2d, p) em=gd3"
44,electrolyte44,COCC(C)(C)C,-312.2277274,0.152381,0.196354,387.2292,-0.25899,0.03689,-312.4054048,-312.0753464,-312.0313734,8.047936,Gaussian,QC,"opt+freq: b3lyp/6-311G** em=gd3bj
energy: M062X/6-311G+(2d, p) em=gd3"
45,electrolyte45,CCC(C)COC,-312.2232341,0.152194,0.197196,396.291744,-0.25767,0.04386,-312.4016186,-312.0710401,-312.0260381,8.201616,Gaussian,QC,"opt+freq: b3lyp/6-311G** em=gd3bj
energy: M062X/6-311G+(2d, p) em=gd3"
46,electrolyte46,COCCC(C)C,-312.2237306,0.15217,0.197166,396.233168,-0.25817,0.03914,-312.4019182,-312.0715606,-312.0265646,8.086832000000001,Gaussian,QC,"opt+freq: b3lyp/6-311G** em=gd3bj
energy: M062X/6-311G+(2d, p) em=gd3"
47,electrolyte47,CCCCCOC,-312.2213298,0.152988,0.197815,394.752032,-0.25804,0.03705,-312.3996385,-312.0683418,-312.0235148,8.026447999999998,Gaussian,QC,"opt+freq: b3lyp/6-311G** em=gd3bj
energy: M062X/6-311G+(2d, p) em=gd3"
48,electrolyte48,COCCCOC,-348.1126714,0.130156,0.174396,389.580608,-0.25666,0.03903,-348.2845252,-347.9825154,-347.9382754,8.042768,Gaussian,QC,"opt+freq: b3lyp/6-311G** em=gd3bj
energy: M062X/6-311G+(2d, p) em=gd3"
49,electrolyte49,COC(OC)OC,-384.0424755,0.106971,0.150954,387.31288,-0.26748,0.04266,-384.2090579,-383.9355045,-383.8915215,8.435808,Gaussian,QC,"opt+freq: b3lyp/6-311G** em=gd3bj
energy: M062X/6-311G+(2d, p) em=gd3"
50,electrolyte50,COCOCOC,-384.0462233,0.105851,0.150855,396.300112,-0.27453,0.04416,-384.2122874,-383.9403723,-383.8953683,8.668368,Gaussian,QC,"opt+freq: b3lyp/6-311G** em=gd3bj
energy: M062X/6-311G+(2d, p) em=gd3"
51,electrolyte51,CC1(C)CCCO1,-311.0338276,0.134701,0.174913,354.108656,-0.24584,0.03607,-311.1995918,-310.8991266,-310.8589146,7.667952,Gaussian,QC,"opt+freq: b3lyp/6-311G** em=gd3bj
energy: M062X/6-311G+(2d, p) em=gd3"
52,electrolyte52,CC1(C)COCO1,-346.9426991,0.112029,0.151687,349.225928,-0.25855,0.03693,-347.1025081,-346.8306701,-346.7910121,8.037056,Gaussian,QC,"opt+freq: b3lyp/6-311G** em=gd3bj
energy: M062X/6-311G+(2d, p) em=gd3"
53,electrolyte53,CC1(C)OCCO1,-346.9474265,0.111294,0.151322,352.48108,-0.25631,0.03974,-347.1068769,-346.8361325,-346.7961045,8.05256,Gaussian,QC,"opt+freq: b3lyp/6-311G** em=gd3bj
energy: M062X/6-311G+(2d, p) em=gd3"
54,electrolyte54,CC1CCC(C)O1,-311.0343963,0.134377,0.17525,359.932784,-0.24752,0.03979,-311.2007979,-310.9000193000001,-310.8591463,7.814832,Gaussian,QC,"opt+freq: b3lyp/6-311G** em=gd3bj
energy: M062X/6-311G+(2d, p) em=gd3"
55,electrolyte55,CC1COC(C)O1,-346.9469136,0.111672,0.151919,354.414088,-0.25846,0.04128,-347.1070655,-346.8352416,-346.7949946,8.152928,Gaussian,QC,"opt+freq: b3lyp/6-311G** em=gd3bj
energy: M062X/6-311G+(2d, p) em=gd3"
56,electrolyte56,CC1CCOC1C,-311.0292026,0.135316,0.175553,354.317856,-0.24491,0.03588,-311.1949534,-310.8938866,-310.8536496,7.637487999999999,Gaussian,QC,"opt+freq: b3lyp/6-311G** em=gd3bj
energy: M062X/6-311G+(2d, p) em=gd3"
57,electrolyte57,CCC1CCCO1,-311.0282649,0.134944,0.175927,360.899288,-0.24394,0.03936,-311.1942479,-310.8933209,-310.8523379,7.70576,Gaussian,QC,"opt+freq: b3lyp/6-311G** em=gd3bj
energy: M062X/6-311G+(2d, p) em=gd3"
58,electrolyte58,CC1CCCCO1,-311.0274807,0.134996,0.176028,361.321872,-0.24492,0.03811,-311.1940054,-310.8924847,-310.8514527,7.698416,Gaussian,QC,"opt+freq: b3lyp/6-311G** em=gd3bj
energy: M062X/6-311G+(2d, p) em=gd3"
59,electrolyte59,CC1COCCO1,-346.933963,0.114888,0.152883,334.586112,-0.24139,0.04225,-347.0935393,-346.819075,-346.78108,7.715008,Gaussian,QC,"opt+freq: b3lyp/6-311G** em=gd3bj
energy: M062X/6-311G+(2d, p) em=gd3"
60,electrolyte60,CC1COC(C)C1,-311.0304152,0.134617,0.175364,358.8198400000001,-0.24451,0.0376,-311.1967911,-310.8957982,-310.8550512,7.673392000000001,Gaussian,QC,"opt+freq: b3lyp/6-311G** em=gd3bj
energy: M062X/6-311G+(2d, p) em=gd3"
61,electrolyte61,CC1OCOC1C,-346.9425545,0.112499,0.152156,349.221744,-0.25718,0.03819,-347.1020822,-346.8300555,-346.7903985,8.034064,Gaussian,QC,"opt+freq: b3lyp/6-311G** em=gd3bj
energy: M062X/6-311G+(2d, p) em=gd3"
62,electrolyte62,CCC1COCO1,-346.9367413,0.112921,0.152768,350.89116,-0.26316,0.0387,-347.096939,-346.8238203,-346.7839733,8.210592,Gaussian,QC,"opt+freq: b3lyp/6-311G** em=gd3bj
energy: M062X/6-311G+(2d, p) em=gd3"
63,electrolyte63,CC1CCOCO1,-346.9355837,0.112663,0.15283,353.706992,-0.25895,0.0378,-347.0955738,-346.8229207,-346.7827537,8.0716,Gaussian,QC,"opt+freq: b3lyp/6-311G** em=gd3bj
energy: M062X/6-311G+(2d, p) em=gd3"
64,electrolyte64,COC1CCCC1,-311.0209609,0.134966,0.175894,360.40976,-0.25372,0.03759,-311.1870713,-310.8859949,-310.8450668999999,7.923632,Gaussian,QC,"opt+freq: b3lyp/6-311G** em=gd3bj
energy: M062X/6-311G+(2d, p) em=gd3"
65,electrolyte65,COC1CCOC1,-346.9249506,0.112275,0.152524,354.435008,-0.25094,0.03623,-347.0849108,-346.8126756,-346.7724266,7.811023999999999,Gaussian,QC,"opt+freq: b3lyp/6-311G** em=gd3bj
energy: M062X/6-311G+(2d, p) em=gd3"
66,electrolyte66,CCC1OCCO1,-346.9402057,0.11203,0.152558,356.886832,-0.2585,0.04289,-347.0999561,-346.8281757,-346.7876477,8.197808,Gaussian,QC,"opt+freq: b3lyp/6-311G** em=gd3bj
energy: M062X/6-311G+(2d, p) em=gd3"
67,electrolyte67,COC1CCCO1,-346.9341682,0.11328,0.152871,348.635984,-0.25439,0.034,-347.0943416,-346.8208882,-346.7812972,7.844208000000001,Gaussian,QC,"opt+freq: b3lyp/6-311G** em=gd3bj
energy: M062X/6-311G+(2d, p) em=gd3"
68,electrolyte68,CC1OCCCO1,-346.9484907,0.114654,0.152713,335.142584,-0.26481,0.04448,-347.1080141,-346.8338367,-346.7957777,8.412688,Gaussian,QC,"opt+freq: b3lyp/6-311G** em=gd3bj
energy: M062X/6-311G+(2d, p) em=gd3"
69,electrolyte69,COC1COCO1,-382.8438144,0.090445,0.129491,343.84112,-0.26107,0.03921,-382.9977481,-382.7533694,-382.7143234,8.167616,Gaussian,QC,"opt+freq: b3lyp/6-311G** em=gd3bj
energy: M062X/6-311G+(2d, p) em=gd3"
70,electrolyte70,CC1OCOCO1,-382.8551744,0.092568,0.129929,329.004656,-0.27288,0.03613,-383.0085794,-382.7626064,-382.7252454,8.405072,Gaussian,QC,"opt+freq: b3lyp/6-311G** em=gd3bj
energy: M062X/6-311G+(2d, p) em=gd3"
71,electrolyte71,CC1(C)CCOC1,-311.0275494,0.135027,0.175244,354.142128,-0.24697,0.03215,-311.1927733,-310.8925224,-310.8523054,7.592063999999999,Gaussian,QC,"opt+freq: b3lyp/6-311G** em=gd3bj
energy: M062X/6-311G+(2d, p) em=gd3"
72,electrolyte72,CC1CCCOC1,-311.0275505,0.135023,0.175245,354.183968,-0.24698,0.03215,-311.1927733,-310.8925275,-310.8523055,7.592336,Gaussian,QC,"opt+freq: b3lyp/6-311G** em=gd3bj
energy: M062X/6-311G+(2d, p) em=gd3"
73,electrolyte73,CC1COCC1C,-311.0254308,0.135483,0.175718,354.3136720000001,-0.24497,0.0327,-311.1906739,-310.8899478,-310.8497128,7.552623999999999,Gaussian,QC,"opt+freq: b3lyp/6-311G** em=gd3bj
energy: M062X/6-311G+(2d, p) em=gd3"
74,electrolyte74,CCC1CCOC1,-311.0231075,0.135728,0.176251,356.840808,-0.2514,0.03373,-311.1889365,-310.8873795,-310.8468565,7.755535999999999,Gaussian,QC,"opt+freq: b3lyp/6-311G** em=gd3bj
energy: M062X/6-311G+(2d, p) em=gd3"
75,electrolyte75,CC1CCOCC1,-311.0302604,0.138062,0.176481,338.31824,-0.24831,0.03571,-311.1956507,-310.8921984,-310.8537794,7.725344,Gaussian,QC,"opt+freq: b3lyp/6-311G** em=gd3bj
energy: M062X/6-311G+(2d, p) em=gd3"
76,electrolyte76,COC1OCCO1,-382.8519449,0.089617,0.12952,351.384872,-0.26645,0.04218,-383.0058583,-382.7623279,-382.7224249,8.394736,Gaussian,QC,"opt+freq: b3lyp/6-311G** em=gd3bj
energy: M062X/6-311G+(2d, p) em=gd3"
77,electrolyte77,CC1COCOC1,-346.9420011,0.114998,0.153117,335.669768,-0.26463,0.03793,-347.1012713,-346.8270031,-346.7888841,8.229632,Gaussian,QC,"opt+freq: b3lyp/6-311G** em=gd3bj
energy: M062X/6-311G+(2d, p) em=gd3"
78,electrolyte78,CC(C)OC(C)(C)C,-351.5335208,0.178761,0.224602,403.67232,-0.24938,0.03515,-351.7357538,-351.3547598,-351.3089188,7.739216,Gaussian,QC,"opt+freq: b3lyp/6-311G** em=gd3bj
energy: M062X/6-311G+(2d, p) em=gd3"
79,electrolyte79,CCOC(C)(C)CC,-351.533164,0.178135,0.225163,414.13232,-0.25043,0.03734,-351.7357199,-351.355029,-351.308001,7.827343999999999,Gaussian,QC,"opt+freq: b3lyp/6-311G** em=gd3bj
energy: M062X/6-311G+(2d, p) em=gd3"
80,electrolyte80,CCCOC(C)(C)C,-351.5293929,0.178013,0.225014,413.889648,-0.24818,0.03783,-351.7321455,-351.3513799,-351.3043789,7.779471999999999,Gaussian,QC,"opt+freq: b3lyp/6-311G** em=gd3bj
energy: M062X/6-311G+(2d, p) em=gd3"
81,electrolyte81,COCOC(C)(C)C,-387.4459146,0.154865,0.201999,415.056984,-0.26765,0.03702,-387.6431056,-387.2910496,-387.2439156,8.287023999999999,Gaussian,QC,"opt+freq: b3lyp/6-311G** em=gd3bj
energy: M062X/6-311G+(2d, p) em=gd3"
82,electrolyte82,COC(C)(C)C(C)C,-351.5329009,0.177786,0.224942,415.253632,-0.25327,0.03703,-351.734205,-351.3551149,-351.3079589,7.89616,Gaussian,QC,"opt+freq: b3lyp/6-311G** em=gd3bj
energy: M062X/6-311G+(2d, p) em=gd3"
83,electrolyte83,CCC(C)(CC)OC,-351.5326691,0.178156,0.225409,416.111352,-0.25342,0.03804,-351.7343711,-351.3545131,-351.3072601,7.927712,Gaussian,QC,"opt+freq: b3lyp/6-311G** em=gd3bj
energy: M062X/6-311G+(2d, p) em=gd3"
84,electrolyte84,CCCC(C)(C)OC,-351.5273011,0.177595,0.225518,422.006608,-0.24797,0.03816,-351.7286993,-351.3497061,-351.3017831,7.782736,Gaussian,QC,"opt+freq: b3lyp/6-311G** em=gd3bj
energy: M062X/6-311G+(2d, p) em=gd3"
85,electrolyte85,COCC(C)(C)OC,-387.43079,0.154455,0.201742,416.408416,-0.24877,0.03922,-387.6261842,-387.276335,-387.229048,7.833327999999999,Gaussian,QC,"opt+freq: b3lyp/6-311G** em=gd3bj
energy: M062X/6-311G+(2d, p) em=gd3"
86,electrolyte86,CCOC(C)(C)OC,-387.4354913,0.155122,0.201561,408.935792,-0.24696,0.03558,-387.6314276,-387.2803693,-387.2339303,7.685088,Gaussian,QC,"opt+freq: b3lyp/6-311G** em=gd3bj
energy: M062X/6-311G+(2d, p) em=gd3"
87,electrolyte87,CCC(C)(OC)OC,-387.4405118,0.155195,0.201935,411.592632,-0.25466,0.03877,-387.6364348,-387.2853168,-387.2385768,7.981295999999999,Gaussian,QC,"opt+freq: b3lyp/6-311G** em=gd3bj
energy: M062X/6-311G+(2d, p) em=gd3"
88,electrolyte88,CCC(C)OC(C)C,-351.5277697,0.179222,0.225705,409.329088,-0.24806,0.03757,-351.7304778,-351.3485477,-351.3020647,7.769136,Gaussian,QC,"opt+freq: b3lyp/6-311G** em=gd3bj
energy: M062X/6-311G+(2d, p) em=gd3"
89,electrolyte89,COC(C)OC(C)C,-387.431372,0.156458,0.202406,404.626272,-0.25238,0.03484,-387.628899,-387.274914,-387.228966,7.812383999999999,Gaussian,QC,"opt+freq: b3lyp/6-311G** em=gd3bj
energy: M062X/6-311G+(2d, p) em=gd3"
90,electrolyte90,CCOC(C)C(C)C,-351.5299527,0.17863,0.225693,414.433568,-0.2493,0.03793,-351.7326805,-351.3513227,-351.3042597,7.812656,Gaussian,QC,"opt+freq: b3lyp/6-311G** em=gd3bj
energy: M062X/6-311G+(2d, p) em=gd3"
91,electrolyte91,CCOC(CC)CC,-351.534233,0.177735,0.225602,421.512896,-0.25169,0.0393,-351.736652,-351.356498,-351.308631,7.914928000000001,Gaussian,QC,"opt+freq: b3lyp/6-311G** em=gd3bj
energy: M062X/6-311G+(2d, p) em=gd3"
92,electrolyte92,CCCOC(C)CC,-351.5243338,0.178476,0.226046,418.893712,-0.24838,0.03997,-351.7280856,-351.3458578,-351.2982878,7.84312,Gaussian,QC,"opt+freq: b3lyp/6-311G** em=gd3bj
energy: M062X/6-311G+(2d, p) em=gd3"
93,electrolyte93,CCCC(C)OCC,-351.5268035,0.178446,0.226253,420.985712,-0.24932,0.03631,-351.7297584,-351.3483575,-351.3005505,7.769136,Gaussian,QC,"opt+freq: b3lyp/6-311G** em=gd3bj
energy: M062X/6-311G+(2d, p) em=gd3"
94,electrolyte94,CCOC(C)COC,-387.4251052,0.156102,0.202892,412.036136,-0.23598,0.03636,-387.6228979,-387.2690032,-387.2222132,7.407648000000001,Gaussian,QC,"opt+freq: b3lyp/6-311G** em=gd3bj
energy: M062X/6-311G+(2d, p) em=gd3"
95,electrolyte95,CC(C)COC(C)C,-351.5254042,0.177933,0.225578,419.5631520000001,-0.24747,0.03819,-351.7285213,-351.3474712,-351.2998262,7.769952000000001,Gaussian,QC,"opt+freq: b3lyp/6-311G** em=gd3bj
energy: M062X/6-311G+(2d, p) em=gd3"
96,electrolyte96,CCCCOC(C)C,-351.532893,0.177354,0.225395,423.048424,-0.2492,0.03519,-351.736131,-351.355539,-351.307498,7.735408000000001,Gaussian,QC,"opt+freq: b3lyp/6-311G** em=gd3bj
energy: M062X/6-311G+(2d, p) em=gd3"
97,electrolyte97,COCCOC(C)C,-387.427866,0.153025,0.202738,437.77192,-0.25398,0.03722,-387.6250969,-387.274841,-387.225128,7.920640000000001,Gaussian,QC,"opt+freq: b3lyp/6-311G** em=gd3bj
energy: M062X/6-311G+(2d, p) em=gd3"
98,electrolyte98,CCC(C)OCOC,-387.4391742,0.155259,0.203148,421.709544,-0.26694,0.04051,-387.637095,-387.2839152,-387.2360262,8.362639999999999,Gaussian,QC,"opt+freq: b3lyp/6-311G** em=gd3bj
energy: M062X/6-311G+(2d, p) em=gd3"
99,electrolyte99,CCOCOC(C)C,-387.4429784,0.155194,0.203083,421.709544,-0.26466,0.04098,-387.6418408,-387.2877844,-387.2398954,8.313408,Gaussian,QC,"opt+freq: b3lyp/6-311G** em=gd3bj
energy: M062X/6-311G+(2d, p) em=gd3"
100,electrolyte100,COC(C)C(C)(C)C,-351.5272471,0.178509,0.22516,410.8102240000001,-0.2509,0.03385,-351.7286476,-351.3487381,-351.3020871,7.7452,Gaussian,QC,"opt+freq: b3lyp/6-311G** em=gd3bj
energy: M062X/6-311G+(2d, p) em=gd3"
101,electrolyte101,CCC(OC)C(C)C,-351.5305035,0.177828,0.22561,420.76396,-0.25057,0.04293,-351.7328031,-351.3526755,-351.3048935,7.983200000000001,Gaussian,QC,"opt+freq: b3lyp/6-311G** em=gd3bj
energy: M062X/6-311G+(2d, p) em=gd3"
102,electrolyte102,CCC(C)C(C)OC,-351.5283577,0.178257,0.225864,419.224248,-0.2524,0.0397,-351.7301259,-351.3501007,-351.3024937,7.94512,Gaussian,QC,"opt+freq: b3lyp/6-311G** em=gd3bj
energy: M062X/6-311G+(2d, p) em=gd3"
103,electrolyte103,COC(C)C(C)OC,-387.427476,0.154542,0.202485,422.18652,-0.24301,0.03829,-387.6240404,-387.272934,-387.224991,7.651359999999999,Gaussian,QC,"opt+freq: b3lyp/6-311G** em=gd3bj
energy: M062X/6-311G+(2d, p) em=gd3"
104,electrolyte104,CCCC(CC)OC,-351.5227252,0.178973,0.226492,418.446024,-0.24789,0.03465,-351.7248455,-351.3437522,-351.2962332,7.685088,Gaussian,QC,"opt+freq: b3lyp/6-311G** em=gd3bj
energy: M062X/6-311G+(2d, p) em=gd3"
105,electrolyte105,CCC(COC)OC,-387.4263568,0.15525,0.203029,420.734672,-0.24583,0.03423,-387.6238019,-387.2711068,-387.2233278,7.617632,Gaussian,QC,"opt+freq: b3lyp/6-311G** em=gd3bj
energy: M062X/6-311G+(2d, p) em=gd3"
106,electrolyte106,COC(C)CC(C)C,-351.5305788,0.178022,0.225716,419.98992,-0.25396,0.03673,-351.7326009,-351.3525568,-351.3048628,7.906768,Gaussian,QC,"opt+freq: b3lyp/6-311G** em=gd3bj
energy: M062X/6-311G+(2d, p) em=gd3"
107,electrolyte107,CCCCC(C)OC,-351.5262021,0.178162,0.226373,424.542112,-0.25039,0.03621,-351.7282962,-351.3480401,-351.2998291,7.795520000000001,Gaussian,QC,"opt+freq: b3lyp/6-311G** em=gd3bj
energy: M062X/6-311G+(2d, p) em=gd3"
108,electrolyte108,COCCC(C)OC,-387.4268522,0.154709,0.202905,424.412408,-0.24922,0.03575,-387.6235325,-387.2721432,-387.2239472,7.751183999999999,Gaussian,QC,"opt+freq: b3lyp/6-311G** em=gd3bj
energy: M062X/6-311G+(2d, p) em=gd3"
109,electrolyte109,CCOCC(C)OC,-387.4285187,0.154015,0.202756,429.2114560000001,-0.2555,0.04033,-387.6260583,-387.2745037,-387.2257627,8.046576,Gaussian,QC,"opt+freq: b3lyp/6-311G** em=gd3bj
energy: M062X/6-311G+(2d, p) em=gd3"
110,electrolyte110,COC(C)(OC)OC,-423.3452628,0.131928,0.178466,409.810248,-0.26472,0.03059,-423.5351285,-423.2133348,-423.1667968,8.032432,Gaussian,QC,"opt+freq: b3lyp/6-311G** em=gd3bj
energy: M062X/6-311G+(2d, p) em=gd3"
111,electrolyte111,CCOC(CC)OC,-387.4287505,0.155912,0.20299,414.563272,-0.24826,0.0348,-387.6265565,-387.2728385,-387.2257605,7.699231999999999,Gaussian,QC,"opt+freq: b3lyp/6-311G** em=gd3bj
energy: M062X/6-311G+(2d, p) em=gd3"
112,electrolyte112,CCCOC(C)OC,-387.4396546,0.155848,0.202933,414.630216,-0.26387,0.04329,-387.638732,-387.2838066,-387.2367216,8.354752,Gaussian,QC,"opt+freq: b3lyp/6-311G** em=gd3bj
energy: M062X/6-311G+(2d, p) em=gd3"
113,electrolyte113,CCOC(C)OCC,-387.4388257,0.155718,0.202713,413.835256,-0.25507,0.0355,-387.6365103,-387.2831077,-387.2361127,7.903504,Gaussian,QC,"opt+freq: b3lyp/6-311G** em=gd3bj
energy: M062X/6-311G+(2d, p) em=gd3"
114,electrolyte114,COCOC(C)OC,-423.3443148,0.134127,0.180155,405.320816,-0.26614,0.04024,-423.5370973,-423.2101878,-423.1641598,8.333535999999999,Gaussian,QC,"opt+freq: b3lyp/6-311G** em=gd3bj
energy: M062X/6-311G+(2d, p) em=gd3"
115,electrolyte115,COC(OC)C(C)C,-387.4433047,0.155553,0.202606,414.34152,-0.26702,0.04302,-387.6402262,-387.2877517,-387.2406987,8.433088,Gaussian,QC,"opt+freq: b3lyp/6-311G** em=gd3bj
energy: M062X/6-311G+(2d, p) em=gd3"
116,electrolyte116,CCCC(OC)OC,-387.4398116,0.155162,0.203136,422.454296,-0.26528,0.04058,-387.6372182,-387.2846496,-387.2366756,8.319392,Gaussian,QC,"opt+freq: b3lyp/6-311G** em=gd3bj
energy: M062X/6-311G+(2d, p) em=gd3"
117,electrolyte117,COCC(OC)OC,-423.3356887,0.132302,0.179804,418.299584,-0.24866,0.04413,-423.5277266,-423.2033867,-423.1558847,7.963888,Gaussian,QC,"opt+freq: b3lyp/6-311G** em=gd3bj
energy: M062X/6-311G+(2d, p) em=gd3"
118,electrolyte118,CCOCC(C)(C)C,-351.5350989,0.177273,0.22518,421.868536,-0.25662,0.03689,-351.738033,-351.3578259,-351.3099189,7.983472,Gaussian,QC,"opt+freq: b3lyp/6-311G** em=gd3bj
energy: M062X/6-311G+(2d, p) em=gd3"
119,electrolyte119,CCCOCC(C)C,-351.5336286,0.177363,0.225899,427.403968,-0.25736,0.04085,-351.7372995,-351.3562656,-351.3077296,8.111312,Gaussian,QC,"opt+freq: b3lyp/6-311G** em=gd3bj
energy: M062X/6-311G+(2d, p) em=gd3"
120,electrolyte120,CCOCC(C)CC,-351.5300743,0.17698,0.226027,431.910136,-0.25472,0.03998,-351.7336246,-351.3530943,-351.3040473,8.01584,Gaussian,QC,"opt+freq: b3lyp/6-311G** em=gd3bj
energy: M062X/6-311G+(2d, p) em=gd3"
121,electrolyte121,CCCCOCCC,-351.5309947,0.177573,0.226497,430.822296,-0.25729,0.03732,-351.735009,-351.3534217,-351.3044977,8.013392000000001,Gaussian,QC,"opt+freq: b3lyp/6-311G** em=gd3bj
energy: M062X/6-311G+(2d, p) em=gd3"
122,electrolyte122,CCCOCCOC,-387.428019,0.154552,0.203077,427.31192,-0.24902,0.04205,-387.6268715,-387.273467,-387.224942,7.917103999999999,Gaussian,QC,"opt+freq: b3lyp/6-311G** em=gd3bj
energy: M062X/6-311G+(2d, p) em=gd3"
123,electrolyte123,CCOCCC(C)C,-351.5310621,0.177177,0.225987,429.82232,-0.25586,0.04012,-351.7345246,-351.3538851,-351.3050751,8.050655999999998,Gaussian,QC,"opt+freq: b3lyp/6-311G** em=gd3bj
energy: M062X/6-311G+(2d, p) em=gd3"
124,electrolyte124,CCCCCOCC,-351.5286848,0.17781,0.226613,429.751192,-0.25584,0.03791,-351.7322551,-351.3508748,-351.3020718,7.99,Gaussian,QC,"opt+freq: b3lyp/6-311G** em=gd3bj
energy: M062X/6-311G+(2d, p) em=gd3"
125,electrolyte125,CCOCCCOC,-387.4300307,0.154577,0.203229,428.429048,-0.25019,0.04337,-387.6281004,-387.2754537,-387.2268017,7.984832000000001,Gaussian,QC,"opt+freq: b3lyp/6-311G** em=gd3bj
energy: M062X/6-311G+(2d, p) em=gd3"
126,electrolyte126,CCOCCOCC,-387.4263215,0.154422,0.203099,428.642432,-0.24373,0.03083,-387.6248802,-387.2718995,-387.2232225,7.468032000000001,Gaussian,QC,"opt+freq: b3lyp/6-311G** em=gd3bj
energy: M062X/6-311G+(2d, p) em=gd3"
127,electrolyte127,CCOC(OC)OC,-423.3550049,0.132417,0.179643,415.8770480000001,-0.27223,0.04481,-423.5475081,-423.2225879,-423.1753619,8.623488000000002,Gaussian,QC,"opt+freq: b3lyp/6-311G** em=gd3bj
energy: M062X/6-311G+(2d, p) em=gd3"
128,electrolyte128,COCOCC(C)C,-387.4413414,0.154855,0.203054,424.441696,-0.2733,0.04133,-387.6389178,-387.2864864,-387.2382874,8.557935999999998,Gaussian,QC,"opt+freq: b3lyp/6-311G** em=gd3bj
energy: M062X/6-311G+(2d, p) em=gd3"
129,electrolyte129,CCCCOCOC,-387.438673,0.155143,0.203653,427.178032,-0.27322,0.04046,-387.6365819,-387.28353,-387.23502,8.532096000000001,Gaussian,QC,"opt+freq: b3lyp/6-311G** em=gd3bj
energy: M062X/6-311G+(2d, p) em=gd3"
130,electrolyte130,CCCOCOCC,-387.442002,0.154995,0.20349,427.048328,-0.27112,0.04356,-387.6409896,-387.287007,-387.238512,8.559296,Gaussian,QC,"opt+freq: b3lyp/6-311G** em=gd3bj
energy: M062X/6-311G+(2d, p) em=gd3"
131,electrolyte131,COCCOCOC,-423.3320864,0.133557,0.180464,413.057032,-0.25195,0.04321,-423.5233459,-423.1985294,-423.1516224,8.028352,Gaussian,QC,"opt+freq: b3lyp/6-311G** em=gd3bj
energy: M062X/6-311G+(2d, p) em=gd3"
132,electrolyte132,CCOCOCOC,-423.3491226,0.133297,0.180681,417.261952,-0.27203,0.0429,-423.5424397,-423.2158256,-423.1684416,8.566096,Gaussian,QC,"opt+freq: b3lyp/6-311G** em=gd3bj
energy: M062X/6-311G+(2d, p) em=gd3"
133,electrolyte133,CCC(C)(C)COC,-351.5313621,0.178057,0.225451,417.349816,-0.25955,0.03695,-351.7331519,-351.3533051,-351.3059111,8.0648,Gaussian,QC,"opt+freq: b3lyp/6-311G** em=gd3bj
energy: M062X/6-311G+(2d, p) em=gd3"
134,electrolyte134,COCC(C)C(C)C,-351.5275862,0.177594,0.225781,424.328728,-0.25724,0.04088,-351.7295782,-351.3499922,-351.3018052,8.108864,Gaussian,QC,"opt+freq: b3lyp/6-311G** em=gd3bj
energy: M062X/6-311G+(2d, p) em=gd3"
135,electrolyte135,CCC(CC)COC,-351.5263788,0.178064,0.226329,425.023272,-0.2568,0.04026,-351.7289643,-351.3483148,-351.3000498,8.080032,Gaussian,QC,"opt+freq: b3lyp/6-311G** em=gd3bj
energy: M062X/6-311G+(2d, p) em=gd3"
136,electrolyte136,CCCC(C)COC,-351.5255727,0.178817,0.226361,418.67196,-0.25831,0.03644,-351.7290089,-351.3467557,-351.2992117,8.017199999999999,Gaussian,QC,"opt+freq: b3lyp/6-311G** em=gd3bj
energy: M062X/6-311G+(2d, p) em=gd3"
137,electrolyte137,COCC(C)COC,-387.4283346,0.154657,0.202797,423.92288,-0.2522,0.04266,-387.6252999,-387.2736776,-387.2255376000001,8.020191999999998,Gaussian,QC,"opt+freq: b3lyp/6-311G** em=gd3bj
energy: M062X/6-311G+(2d, p) em=gd3"
138,electrolyte138,COCCC(C)(C)C,-351.5272714,0.177269,0.225446,424.2450480000001,-0.25182,0.03284,-351.7289462,-351.3500024,-351.3018254,7.742751999999999,Gaussian,QC,"opt+freq: b3lyp/6-311G** em=gd3bj
energy: M062X/6-311G+(2d, p) em=gd3"
139,electrolyte139,CCC(C)CCOC,-351.5272263,0.177431,0.226176,429.249112,-0.25816,0.03997,-351.7297732,-351.3497953,-351.3010503,8.109136,Gaussian,QC,"opt+freq: b3lyp/6-311G** em=gd3bj
energy: M062X/6-311G+(2d, p) em=gd3"
140,electrolyte140,COCCCC(C)C,-351.5282708,0.178096,0.226168,423.320384,-0.25851,0.03675,-351.7305466,-351.3501748,-351.3021028,8.031072,Gaussian,QC,"opt+freq: b3lyp/6-311G** em=gd3bj
energy: M062X/6-311G+(2d, p) em=gd3"
141,electrolyte141,CCCCCCOC,-351.5257983,0.178653,0.226798,423.96472,-0.25791,0.03632,-351.7282713,-351.3471453,-351.2990003,8.003055999999999,Gaussian,QC,"opt+freq: b3lyp/6-311G** em=gd3bj
energy: M062X/6-311G+(2d, p) em=gd3"
142,electrolyte142,COCCCCOC,-387.4275474,0.155398,0.203411,422.805752,-0.25414,0.03512,-387.6244111,-387.2721494,-387.2241364,7.867871999999998,Gaussian,QC,"opt+freq: b3lyp/6-311G** em=gd3bj
energy: M062X/6-311G+(2d, p) em=gd3"
143,electrolyte143,CC1CCC(C)(C)O1,-350.3450169,0.15967,0.203176,383.112144,-0.24574,0.03749,-350.5356468,-350.1853469,-350.1418409,7.703855999999999,Gaussian,QC,"opt+freq: b3lyp/6-311G** em=gd3bj
energy: M062X/6-311G+(2d, p) em=gd3"
144,electrolyte144,CC1OCC(C)(C)O1,-386.2576414,0.136848,0.179842,378.601792,-0.25791,0.03906,-386.4423834,-386.1207934,-386.0777994,8.077583999999998,Gaussian,QC,"opt+freq: b3lyp/6-311G** em=gd3bj
energy: M062X/6-311G+(2d, p) em=gd3"
145,electrolyte145,CC1CCOC1(C)C,-350.3403192,0.160041,0.203505,382.748136,-0.24361,0.03512,-350.5300551,-350.1802782,-350.1368142,7.581455999999999,Gaussian,QC,"opt+freq: b3lyp/6-311G** em=gd3bj
energy: M062X/6-311G+(2d, p) em=gd3"
146,electrolyte146,CCC1(C)CCCO1,-350.3383053,0.160608,0.203981,381.93644,-0.24704,0.03594,-350.5285423,-350.1776973,-350.1343243,7.697056,Gaussian,QC,"opt+freq: b3lyp/6-311G** em=gd3bj
energy: M062X/6-311G+(2d, p) em=gd3"
147,electrolyte147,CC1(C)CCCCO1,-350.3383235,0.160947,0.203999,379.1164240000001,-0.24614,0.03799,-350.528661,-350.1773765,-350.1343245,7.728336,Gaussian,QC,"opt+freq: b3lyp/6-311G** em=gd3bj
energy: M062X/6-311G+(2d, p) em=gd3"
148,electrolyte148,CC1(C)COCCO1,-386.2459051,0.139816,0.180793,360.844896,-0.24053,0.04104,-386.4294008,-386.1060891,-386.0651121,7.658703999999999,Gaussian,QC,"opt+freq: b3lyp/6-311G** em=gd3bj
energy: M062X/6-311G+(2d, p) em=gd3"
149,electrolyte149,CC1COC(C)(C)C1,-350.340787,0.159838,0.203342,383.095408,-0.24547,0.03685,-350.5312492,-350.180949,-350.137445,7.679104000000001,Gaussian,QC,"opt+freq: b3lyp/6-311G** em=gd3bj
energy: M062X/6-311G+(2d, p) em=gd3"
150,electrolyte150,CC1OCOC1(C)C,-386.2539627,0.13731,0.180077,376.60184,-0.25485,0.03648,-386.437553,-386.1166527,-386.0738857,7.924176000000001,Gaussian,QC,"opt+freq: b3lyp/6-311G** em=gd3bj
energy: M062X/6-311G+(2d, p) em=gd3"
151,electrolyte151,CCC1(C)COCO1,-386.2468584,0.137777,0.18075,378.417696,-0.2571,0.03564,-386.4309276,-386.1090814,-386.0661084,7.962528,Gaussian,QC,"opt+freq: b3lyp/6-311G** em=gd3bj
energy: M062X/6-311G+(2d, p) em=gd3"
152,electrolyte152,CC1(C)CCOCO1,-386.2468514,0.138054,0.180769,376.1416,-0.25817,0.038,-386.431236,-386.1087974,-386.0660824,8.055824,Gaussian,QC,"opt+freq: b3lyp/6-311G** em=gd3bj
energy: M062X/6-311G+(2d, p) em=gd3"
153,electrolyte153,COC1(C)CCCC1,-350.3287184,0.160407,0.204138,385.099544,-0.25116,0.03336,-350.5179696,-350.1683114,-350.1245804,7.738944,Gaussian,QC,"opt+freq: b3lyp/6-311G** em=gd3bj
energy: M062X/6-311G+(2d, p) em=gd3"
154,electrolyte154,COC1(C)CCOC1,-386.2320188,0.136946,0.180783,386.0283920000001,-0.2498,0.03823,-386.4157328,-386.0950728,-386.0512358,7.834416,Gaussian,QC,"opt+freq: b3lyp/6-311G** em=gd3bj
energy: M062X/6-311G+(2d, p) em=gd3"
155,electrolyte155,CC1COC(C)(C)O1,-386.2587599,0.136112,0.17963,383.2125600000001,-0.2552,0.04011,-386.4432709,-386.1226478999999,-386.0791299,8.032431999999998,Gaussian,QC,"opt+freq: b3lyp/6-311G** em=gd3bj
energy: M062X/6-311G+(2d, p) em=gd3"
156,electrolyte156,CCC1(C)OCCO1,-386.2520239,0.137197,0.18039,380.359072,-0.25483,0.03843,-386.4361422,-386.1148269,-386.0716339,7.976672000000001,Gaussian,QC,"opt+freq: b3lyp/6-311G** em=gd3bj
energy: M062X/6-311G+(2d, p) em=gd3"
157,electrolyte157,COC1(C)CCCO1,-386.2474667,0.13823,0.1806,373.1082,-0.25289,0.03577,-386.4317653,-386.1092367,-386.0668667,7.851552000000001,Gaussian,QC,"opt+freq: b3lyp/6-311G** em=gd3bj
energy: M062X/6-311G+(2d, p) em=gd3"
158,electrolyte158,CC1(C)OCCCO1,-386.2512986,0.138861,0.180697,368.405384,-0.24976,0.03969,-386.4348659,-386.1124376,-386.0706016,7.87304,Gaussian,QC,"opt+freq: b3lyp/6-311G** em=gd3bj
energy: M062X/6-311G+(2d, p) em=gd3"
159,electrolyte159,COC1(C)COCO1,-422.1574767,0.114948,0.157518,374.8696640000001,-0.26574,0.04223,-422.3357092,-422.0425287,-421.9999587,8.376783999999999,Gaussian,QC,"opt+freq: b3lyp/6-311G** em=gd3bj
energy: M062X/6-311G+(2d, p) em=gd3"
160,electrolyte160,CC1(C)OCOCO1,-422.1693251,0.117196,0.157588,355.690208,-0.27196,0.03838,-422.3466383,-422.0521291,-422.0117371,8.441247999999998,Gaussian,QC,"opt+freq: b3lyp/6-311G** em=gd3bj
energy: M062X/6-311G+(2d, p) em=gd3"
161,electrolyte161,CC1CC(C)C(C)O1,-350.3403091,0.160428,0.20384,382.279528,-0.24485,0.03674,-350.5309235,-350.1798811,-350.1364691,7.659248,Gaussian,QC,"opt+freq: b3lyp/6-311G** em=gd3bj
energy: M062X/6-311G+(2d, p) em=gd3"
162,electrolyte162,CCC1CCC(C)O1,-350.3405838,0.160086,0.203902,385.844296,-0.25049,0.03651,-350.5305007,-350.1804978,-350.1366818,7.806399999999999,Gaussian,QC,"opt+freq: b3lyp/6-311G** em=gd3bj
energy: M062X/6-311G+(2d, p) em=gd3"
163,electrolyte163,CC1CCCC(C)O1,-350.3417921,0.159667,0.203689,387.655968,-0.2468,0.04151,-350.5326444,-350.1821251,-350.1381031,7.842032,Gaussian,QC,"opt+freq: b3lyp/6-311G** em=gd3bj
energy: M062X/6-311G+(2d, p) em=gd3"
164,electrolyte164,CC1COCC(C)O1,-386.2397432,0.14004,0.181331,363.61052,-0.24242,0.03874,-386.4243099,-386.0997032,-386.0584122,7.647551999999999,Gaussian,QC,"opt+freq: b3lyp/6-311G** em=gd3bj
energy: M062X/6-311G+(2d, p) em=gd3"
165,electrolyte165,CC1OC(C)C(C)O1,-386.2573786,0.137383,0.180322,378.116448,-0.25671,0.03989,-386.4419039,-386.1199956,-386.0770566,8.067519999999998,Gaussian,QC,"opt+freq: b3lyp/6-311G** em=gd3bj
energy: M062X/6-311G+(2d, p) em=gd3"
166,electrolyte166,CCC1COC(C)O1,-386.2519075,0.137083,0.180878,385.6602,-0.25934,0.04246,-386.4367352,-386.1148245,-386.0710295,8.20896,Gaussian,QC,"opt+freq: b3lyp/6-311G** em=gd3bj
energy: M062X/6-311G+(2d, p) em=gd3"
167,electrolyte167,CC1CCOC(C)O1,-386.250179,0.136191,0.180824,393.040776,-0.25452,0.03939,-386.435369,-386.113988,-386.069355,7.994352,Gaussian,QC,"opt+freq: b3lyp/6-311G** em=gd3bj
energy: M062X/6-311G+(2d, p) em=gd3"
168,electrolyte168,CCC1OCC(C)O1,-386.2520013,0.137718,0.180958,380.769104,-0.25961,0.04308,-386.4370407,-386.1142833,-386.0710433,8.233168000000001,Gaussian,QC,"opt+freq: b3lyp/6-311G** em=gd3bj
energy: M062X/6-311G+(2d, p) em=gd3"
169,electrolyte169,COC1CCC(C)O1,-386.2493514,0.138352,0.181264,377.886328,-0.26323,0.03887,-386.4348838,-386.1109994,-386.0680874,8.217120000000001,Gaussian,QC,"opt+freq: b3lyp/6-311G** em=gd3bj
energy: M062X/6-311G+(2d, p) em=gd3"
170,electrolyte170,CC1OCCC1(C)C,-350.3385871,0.160597,0.203677,379.359096,-0.24584,0.03391,-350.5277617,-350.1779901,-350.1349101,7.6092,Gaussian,QC,"opt+freq: b3lyp/6-311G** em=gd3bj
energy: M062X/6-311G+(2d, p) em=gd3"
171,electrolyte171,CC(C)C1CCCO1,-350.3354962,0.160336,0.204337,387.476056,-0.24492,0.03901,-350.5256191,-350.1751602000001,-350.1311592,7.722896,Gaussian,QC,"opt+freq: b3lyp/6-311G** em=gd3bj
energy: M062X/6-311G+(2d, p) em=gd3"
172,electrolyte172,CC1CCCOC1C,-350.341676,0.163229,0.204788,365.966112,-0.24917,0.03739,-350.5313371,-350.178447,-350.136888,7.794432,Gaussian,QC,"opt+freq: b3lyp/6-311G** em=gd3bj
energy: M062X/6-311G+(2d, p) em=gd3"
173,electrolyte173,CC1OCCOC1C,-386.2450229,0.140124,0.181257,362.213064,-0.2396,0.04124,-386.4286577,-386.1048989,-386.0637659,7.638847999999999,Gaussian,QC,"opt+freq: b3lyp/6-311G** em=gd3bj
energy: M062X/6-311G+(2d, p) em=gd3"
174,electrolyte174,CCC1OCCC1C,-350.3345534,0.160489,0.204532,387.8442480000001,-0.24671,0.03562,-350.5244559,-350.1740644,-350.1300214,7.679376,Gaussian,QC,"opt+freq: b3lyp/6-311G** em=gd3bj
energy: M062X/6-311G+(2d, p) em=gd3"
175,electrolyte175,CCC1CCCCO1,-350.3363503,0.163323,0.205414,370.652192,-0.2468,0.03686,-350.5266038,-350.1730273,-350.1309363,7.715551999999999,Gaussian,QC,"opt+freq: b3lyp/6-311G** em=gd3bj
energy: M062X/6-311G+(2d, p) em=gd3"
176,electrolyte176,CCOC1CCCC1,-350.3263381,0.16125,0.204839,383.844344,-0.24811,0.03554,-350.516861,-350.1650881,-350.1214991,7.71528,Gaussian,QC,"opt+freq: b3lyp/6-311G** em=gd3bj
energy: M062X/6-311G+(2d, p) em=gd3"
177,electrolyte177,CCC1COCCO1,-386.2405163,0.140079,0.181757,367.012112,-0.24032,0.04388,-386.4245069,-386.1004373,-386.0587593,7.73024,Gaussian,QC,"opt+freq: b3lyp/6-311G** em=gd3bj
energy: M062X/6-311G+(2d, p) em=gd3"
178,electrolyte178,CCOC1CCOC1,-386.2314346,0.136773,0.181279,391.923648,-0.24516,0.03921,-386.4162127,-386.0946616,-386.0501556,7.734864,Gaussian,QC,"opt+freq: b3lyp/6-311G** em=gd3bj
energy: M062X/6-311G+(2d, p) em=gd3"
179,electrolyte179,CC1COC(C)C1C,-350.3359313,0.161074,0.204149,379.317256,-0.24423,0.03303,-350.5254125,-350.1748573,-350.1317823000001,7.541472,Gaussian,QC,"opt+freq: b3lyp/6-311G** em=gd3bj
energy: M062X/6-311G+(2d, p) em=gd3"
180,electrolyte180,CCC1CC(C)CO1,-350.3345113,0.160149,0.204435,389.982272,-0.24476,0.0371,-350.5256918,-350.1743623,-350.1300763,7.666592,Gaussian,QC,"opt+freq: b3lyp/6-311G** em=gd3bj
energy: M062X/6-311G+(2d, p) em=gd3"
181,electrolyte181,CC1CCC(C)OC1,-350.3425405,0.162847,0.204645,368.06648,-0.2495,0.0374,-350.5325955,-350.1796935,-350.1378955,7.803679999999999,Gaussian,QC,"opt+freq: b3lyp/6-311G** em=gd3bj
energy: M062X/6-311G+(2d, p) em=gd3"
182,electrolyte182,CCC1CCOC1C,-350.3337961,0.160802,0.204527,385.045152,-0.24457,0.03668,-350.5238224,-350.1729941,-350.1292691,7.649999999999999,Gaussian,QC,"opt+freq: b3lyp/6-311G** em=gd3bj
energy: M062X/6-311G+(2d, p) em=gd3"
183,electrolyte183,CCCC1CCCO1,-350.3323764,0.159866,0.204884,396.425632,-0.24479,0.038,-350.5231717,-350.1725104,-350.1274924,7.691888,Gaussian,QC,"opt+freq: b3lyp/6-311G** em=gd3bj
energy: M062X/6-311G+(2d, p) em=gd3"
184,electrolyte184,CC1CCOC(C)C1,-350.3346323,0.163308,0.204991,367.058136,-0.2476,0.03195,-350.5250584,-350.1713243,-350.1296413,7.603759999999999,Gaussian,QC,"opt+freq: b3lyp/6-311G** em=gd3bj
energy: M062X/6-311G+(2d, p) em=gd3"
185,electrolyte185,CC1COC(C)CO1,-386.2454979,0.139713,0.181148,364.874088,-0.24002,0.04231,-386.4296163,-386.1057849,-386.0643499,7.679376,Gaussian,QC,"opt+freq: b3lyp/6-311G** em=gd3bj
energy: M062X/6-311G+(2d, p) em=gd3"
186,electrolyte186,COC1CCOC1C,-386.2335007,0.137252,0.181145,386.51792,-0.24807,0.03352,-386.417989,-386.0962487,-386.0523557,7.659248,Gaussian,QC,"opt+freq: b3lyp/6-311G** em=gd3bj
energy: M062X/6-311G+(2d, p) em=gd3"
187,electrolyte187,COCC1CCCO1,-386.2292285,0.137011,0.18166,393.178848,-0.2406,0.0353,-386.4141203,-386.0922175,-386.0475685,7.504480000000001,Gaussian,QC,"opt+freq: b3lyp/6-311G** em=gd3bj
energy: M062X/6-311G+(2d, p) em=gd3"
188,electrolyte188,CC1CC(C)(C)CO1,-350.3383229,0.160124,0.203493,381.902968,-0.24583,0.03331,-350.528511,-350.1781989,-350.1348299,7.592607999999999,Gaussian,QC,"opt+freq: b3lyp/6-311G** em=gd3bj
energy: M062X/6-311G+(2d, p) em=gd3"
189,electrolyte189,CCC1COC(C)C1,-350.335061,0.159976,0.204301,390.32536,-0.24427,0.03763,-350.5256492,-350.175085,-350.13076,7.667679999999999,Gaussian,QC,"opt+freq: b3lyp/6-311G** em=gd3bj
energy: M062X/6-311G+(2d, p) em=gd3"
190,electrolyte190,COC1COC(C)C1,-386.2353692,0.137155,0.180775,384.116304,-0.25098,0.03739,-386.4194862,-386.0982142,-386.0545942,7.843663999999999,Gaussian,QC,"opt+freq: b3lyp/6-311G** em=gd3bj
energy: M062X/6-311G+(2d, p) em=gd3"
191,electrolyte191,COC1OCC(C)O1,-422.1624243,0.115356,0.157853,374.221144,-0.27568,0.03784,-422.3413595,-422.0470683,-422.0045713,8.527743999999998,Gaussian,QC,"opt+freq: b3lyp/6-311G** em=gd3bj
energy: M062X/6-311G+(2d, p) em=gd3"
192,electrolyte192,CC(C)C1COCO1,-386.2437642,0.138402,0.181231,377.1499440000001,-0.26271,0.03791,-386.4280326,-386.1053622,-386.0625332,8.176864,Gaussian,QC,"opt+freq: b3lyp/6-311G** em=gd3bj
energy: M062X/6-311G+(2d, p) em=gd3"
193,electrolyte193,CC1COCOC1C,-386.2517046,0.140476,0.181545,361.656592,-0.26392,0.03717,-386.435624,-386.1112286,-386.0701596,8.189647999999998,Gaussian,QC,"opt+freq: b3lyp/6-311G** em=gd3bj
energy: M062X/6-311G+(2d, p) em=gd3"
194,electrolyte194,CCC1OCOC1C,-386.2529772,0.139996,0.181415,364.731832,-0.26297,0.04007,-386.4364446,-386.1129812,-386.0715622,8.242688,Gaussian,QC,"opt+freq: b3lyp/6-311G** em=gd3bj
energy: M062X/6-311G+(2d, p) em=gd3"
195,electrolyte195,CCC1CCOCO1,-386.2462013,0.140698,0.182159,365.108392,-0.26538,0.03654,-386.4304495,-386.1055033,-386.0640423,8.212224,Gaussian,QC,"opt+freq: b3lyp/6-311G** em=gd3bj
energy: M062X/6-311G+(2d, p) em=gd3"
196,electrolyte196,CCCC1COCO1,-386.2418451,0.139531,0.181837,372.547544,-0.25152,0.04208,-386.4252238,-386.1023141,-386.0600081,7.98592,Gaussian,QC,"opt+freq: b3lyp/6-311G** em=gd3bj
energy: M062X/6-311G+(2d, p) em=gd3"
197,electrolyte197,CC1CC(C)OCO1,-386.2399458,0.140835,0.182349,365.568632,-0.25991,0.03311,-386.4244094,-386.0991108,-386.0575968,7.970143999999999,Gaussian,QC,"opt+freq: b3lyp/6-311G** em=gd3bj
energy: M062X/6-311G+(2d, p) em=gd3"
198,electrolyte198,COC1OCOC1C,-422.1563975,0.114591,0.157749,380.045272,-0.25972,0.04127,-422.3351452,-422.0418065,-421.9986485,8.186928,Gaussian,QC,"opt+freq: b3lyp/6-311G** em=gd3bj
energy: M062X/6-311G+(2d, p) em=gd3"
199,electrolyte199,COCC1COCO1,-422.1374585,0.112999,0.158364,399.479952,-0.25057,0.0408,-422.3164484,-422.0244595,-421.9790945,7.925264,Gaussian,QC,"opt+freq: b3lyp/6-311G** em=gd3bj
energy: M062X/6-311G+(2d, p) em=gd3"
200,electrolyte200,COC1CCCC1C,-350.3272599,0.161069,0.204632,383.614224,-0.25266,0.03256,-350.5170374,-350.1661909,-350.1226279,7.757983999999999,Gaussian,QC,"opt+freq: b3lyp/6-311G** em=gd3bj
energy: M062X/6-311G+(2d, p) em=gd3"
201,electrolyte201,COC1COCC1C,-386.2298664,0.137289,0.181139,386.145544,-0.25047,0.0332,-386.4145784,-386.0925774,-386.0487274,7.715824,Gaussian,QC,"opt+freq: b3lyp/6-311G** em=gd3bj
energy: M062X/6-311G+(2d, p) em=gd3"
202,electrolyte202,COC1CCC(C)C1,-350.3229755,0.161235,0.204542,381.354864,-0.24863,0.03252,-350.5128878,-350.1617405,-350.1184335,7.64728,Gaussian,QC,"opt+freq: b3lyp/6-311G** em=gd3bj
energy: M062X/6-311G+(2d, p) em=gd3"
203,electrolyte203,COC1CCCCC1,-350.3280634,0.160147,0.20424,388.2793840000001,-0.25319,0.03951,-350.5187462,-350.1679164,-350.1238234,7.961440000000001,Gaussian,QC,"opt+freq: b3lyp/6-311G** em=gd3bj
energy: M062X/6-311G+(2d, p) em=gd3"
204,electrolyte204,COC1CCOCC1,-386.2384725,0.139846,0.181787,369.334232,-0.2556,0.03881,-386.4223124,-386.0986265,-386.0566855,8.007952,Gaussian,QC,"opt+freq: b3lyp/6-311G** em=gd3bj
energy: M062X/6-311G+(2d, p) em=gd3"
205,electrolyte205,COC1CCCOC1,-386.2372615,0.139734,0.181847,370.844656,-0.24792,0.03934,-386.4212829,-386.0975275,-386.0554145,7.813472,Gaussian,QC,"opt+freq: b3lyp/6-311G** em=gd3bj
energy: M062X/6-311G+(2d, p) em=gd3"
206,electrolyte206,COC1COCOC1,-422.1419945,0.1167,0.158453,367.681552,-0.25304,0.03415,-422.3193461,-422.0252945,-421.9835415,7.811567999999999,Gaussian,QC,"opt+freq: b3lyp/6-311G** em=gd3bj
energy: M062X/6-311G+(2d, p) em=gd3"
207,electrolyte207,COC1(C)OCCO1,-422.1652317,0.114305,0.15731,378.702208,-0.26453,0.04134,-422.343278,-422.0509267,-422.0079217,8.319664,Gaussian,QC,"opt+freq: b3lyp/6-311G** em=gd3bj
energy: M062X/6-311G+(2d, p) em=gd3"
208,electrolyte209,CC1OCOC(C)O1,-422.1613678,0.117469,0.158118,357.953752,-0.26307,0.0354,-422.3401246,-422.0438988,-422.0032498,8.118384,Gaussian,QC,"opt+freq: b3lyp/6-311G** em=gd3bj
energy: M062X/6-311G+(2d, p) em=gd3"
209,electrolyte210,CC(C)C1OCCO1,-386.2472847,0.137662,0.181068,382.233504,-0.25727,0.03963,-386.4316919,-386.1096227,-386.0662167,8.07568,Gaussian,QC,"opt+freq: b3lyp/6-311G** em=gd3bj
energy: M062X/6-311G+(2d, p) em=gd3"
210,electrolyte211,COC1OCCC1C,-386.2468695,0.138162,0.181396,380.714712,-0.2613,0.03963,-386.4320891,-386.1087075,-386.0654735,8.185296,Gaussian,QC,"opt+freq: b3lyp/6-311G** em=gd3bj
energy: M062X/6-311G+(2d, p) em=gd3"
211,electrolyte212,COC1CCCCO1,-386.2447634,0.14004,0.182023,369.706608,-0.25536,0.03726,-386.4292153,-386.1047234,-386.0627404,7.959263999999999,Gaussian,QC,"opt+freq: b3lyp/6-311G** em=gd3bj
energy: M062X/6-311G+(2d, p) em=gd3"
212,electrolyte213,CCC1OCCCO1,-386.252941,0.140324,0.181782,365.079104,-0.26526,0.04312,-386.4375142,-386.112617,-386.071159,8.387936,Gaussian,QC,"opt+freq: b3lyp/6-311G** em=gd3bj
energy: M062X/6-311G+(2d, p) em=gd3"
213,electrolyte214,CCOC1CCCO1,-386.2467075,0.137997,0.181644,384.354792,-0.26184,0.04249,-386.4329002,-386.1087105,-386.0650635,8.277776,Gaussian,QC,"opt+freq: b3lyp/6-311G** em=gd3bj
energy: M062X/6-311G+(2d, p) em=gd3"
214,electrolyte215,CCCC1OCCO1,-386.243143,0.137242,0.181467,389.44672,-0.25975,0.04228,-386.4280661,-386.105901,-386.061676,8.215215999999998,Gaussian,QC,"opt+freq: b3lyp/6-311G** em=gd3bj
energy: M062X/6-311G+(2d, p) em=gd3"
215,electrolyte216,COC1COCCO1,-422.1433381,0.116936,0.158467,365.727624,-0.24144,0.04529,-422.3211689,-422.0264021,-421.9848711,7.799055999999999,Gaussian,QC,"opt+freq: b3lyp/6-311G** em=gd3bj
energy: M062X/6-311G+(2d, p) em=gd3"
216,electrolyte217,CCOC1COCO1,-422.1541448,0.115169,0.158314,379.92812,-0.26795,0.045,-422.3339908,-422.0389758,-421.9958308,8.51224,Gaussian,QC,"opt+freq: b3lyp/6-311G** em=gd3bj
energy: M062X/6-311G+(2d, p) em=gd3"
217,electrolyte218,COCC1OCCO1,-422.1402557,0.114833,0.158244,382.279528,-0.25154,0.03969,-422.3191395,-422.0254227,-421.9820117,7.921455999999999,Gaussian,QC,"opt+freq: b3lyp/6-311G** em=gd3bj
energy: M062X/6-311G+(2d, p) em=gd3"
218,electrolyte219,COC1CC(C)CO1,-386.2411694,0.138337,0.1813,378.325648,-0.25371,0.03241,-386.4261138,-386.1028324,-386.0598694,7.782463999999999,Gaussian,QC,"opt+freq: b3lyp/6-311G** em=gd3bj
energy: M062X/6-311G+(2d, p) em=gd3"
219,electrolyte220,CC1COC(C)OC1,-386.255176,0.139846,0.181206,364.213016,-0.26255,0.03754,-386.4395252,-386.11533,-386.07397,8.162448000000001,Gaussian,QC,"opt+freq: b3lyp/6-311G** em=gd3bj
energy: M062X/6-311G+(2d, p) em=gd3"
220,electrolyte221,COC1CCOCO1,-422.1529741,0.117379,0.158807,364.8071440000001,-0.26044,0.03471,-422.3310574,-422.0355951,-421.9941671,8.028080000000001,Gaussian,QC,"opt+freq: b3lyp/6-311G** em=gd3bj
energy: M062X/6-311G+(2d, p) em=gd3"
221,electrolyte222,CCC1OCOCO1,-422.1671121,0.117793,0.158686,360.104328,-0.28344,0.04501,-422.3449022,-422.0493191,-422.0084261,8.93384,Gaussian,QC,"opt+freq: b3lyp/6-311G** em=gd3bj
energy: M062X/6-311G+(2d, p) em=gd3"
222,electrolyte223,CC1(C)CCCOC1,-350.3405341,0.16319,0.20446,363.42224,-0.24974,0.03619,-350.529915,-350.1773441,-350.1360741,7.777296000000001,Gaussian,QC,"opt+freq: b3lyp/6-311G** em=gd3bj
energy: M062X/6-311G+(2d, p) em=gd3"
223,electrolyte224,CC1COCC1(C)C,-350.3342847,0.160984,0.203872,377.672944,-0.24559,0.03103,-350.5235676,-350.1733007,-350.1304127,7.524063999999999,Gaussian,QC,"opt+freq: b3lyp/6-311G** em=gd3bj
energy: M062X/6-311G+(2d, p) em=gd3"
224,electrolyte225,CC1COCC(C)C1,-350.3324092,0.160299,0.203913,384.07028,-0.25079,0.03337,-350.5217244,-350.1721102,-350.1284962,7.729152,Gaussian,QC,"opt+freq: b3lyp/6-311G** em=gd3bj
energy: M062X/6-311G+(2d, p) em=gd3"
225,electrolyte226,CCC1(C)CCOC1,-350.329274,0.160112,0.204367,389.701944,-0.24482,0.03429,-350.5190105,-350.169162,-350.124907,7.591792000000001,Gaussian,QC,"opt+freq: b3lyp/6-311G** em=gd3bj
energy: M062X/6-311G+(2d, p) em=gd3"
226,electrolyte227,CC1CCOCC1C,-350.3368256,0.163447,0.205,365.907536,-0.24686,0.03532,-350.5260901,-350.1733786,-350.1318256,7.675295999999999,Gaussian,QC,"opt+freq: b3lyp/6-311G** em=gd3bj
energy: M062X/6-311G+(2d, p) em=gd3"
227,electrolyte228,CCC1CCCOC1,-350.3366899,0.162974,0.20523,372.10404,-0.24893,0.04144,-350.5265125,-350.1737159,-350.1314599,7.898064000000001,Gaussian,QC,"opt+freq: b3lyp/6-311G** em=gd3bj
energy: M062X/6-311G+(2d, p) em=gd3"
228,electrolyte229,CCC1COCC1C,-350.3305857,0.16134,0.204716,381.965728,-0.24504,0.0323,-350.5199923,-350.1692457,-350.1258697,7.543648000000001,Gaussian,QC,"opt+freq: b3lyp/6-311G** em=gd3bj
energy: M062X/6-311G+(2d, p) em=gd3"
229,electrolyte230,CC(C)C1CCOC1,-350.3295793,0.160743,0.204716,387.220832,-0.25119,0.03336,-350.519577,-350.1688363,-350.1248633,7.73976,Gaussian,QC,"opt+freq: b3lyp/6-311G** em=gd3bj
energy: M062X/6-311G+(2d, p) em=gd3"
230,electrolyte231,CC1(C)CCOCC1,-350.3392226,0.163307,0.204469,362.476656,-0.24994,0.03624,-350.5283002,-350.1759156000001,-350.1347536,7.784096,Gaussian,QC,"opt+freq: b3lyp/6-311G** em=gd3bj
energy: M062X/6-311G+(2d, p) em=gd3"
231,electrolyte232,CCCC1CCOC1,-350.3253088,0.160667,0.205039,390.739576,-0.24478,0.03535,-350.5149654,-350.1646418,-350.1202698,7.619535999999999,Gaussian,QC,"opt+freq: b3lyp/6-311G** em=gd3bj
energy: M062X/6-311G+(2d, p) em=gd3"
232,electrolyte233,CCC1CCOCC1,-350.3372606,0.163041,0.205188,371.14172,-0.25071,0.04194,-350.52694,-350.1742196,-350.1320726,7.960079999999999,Gaussian,QC,"opt+freq: b3lyp/6-311G** em=gd3bj
energy: M062X/6-311G+(2d, p) em=gd3"
233,electrolyte234,COCC1CCOC1,-386.2239237,0.139619,0.182081,373.9240800000001,-0.25465,0.03397,-386.4093022,-386.0843047,-386.0418427,7.850464,Gaussian,QC,"opt+freq: b3lyp/6-311G** em=gd3bj
energy: M062X/6-311G+(2d, p) em=gd3"
234,electrolyte235,COC1OCCCO1,-422.1580485,0.117221,0.158373,362.388792,-0.27071,0.04084,-422.3356438,-422.0408275,-421.9996755,8.47416,Gaussian,QC,"opt+freq: b3lyp/6-311G** em=gd3bj
energy: M062X/6-311G+(2d, p) em=gd3"
235,electrolyte236,CCOC1OCCO1,-422.1592831,0.115418,0.15825,377.1750480000001,-0.27225,0.03477,-422.3392585,-422.0438651,-422.0010331,8.350944,Gaussian,QC,"opt+freq: b3lyp/6-311G** em=gd3bj
energy: M062X/6-311G+(2d, p) em=gd3"
236,electrolyte237,CC1(C)COCOC1,-386.2504559,0.140386,0.181238,359.748688,-0.2634,0.03417,-386.4341268,-386.1100699,-386.0692179,8.093904,Gaussian,QC,"opt+freq: b3lyp/6-311G** em=gd3bj
energy: M062X/6-311G+(2d, p) em=gd3"
237,electrolyte238,CCC1COCOC1,-386.2504577,0.140385,0.181239,359.757056,-0.2634,0.03417,-386.4341268,-386.1100727,-386.0692187,8.093904,Gaussian,QC,"opt+freq: b3lyp/6-311G** em=gd3bj
energy: M062X/6-311G+(2d, p) em=gd3"
238,electrolyte239,COCC1CCCC1,-350.3202176,0.159585,0.205076,400.588712,-0.2501,0.03799,-350.5104025,-350.1606326,-350.1151416,7.836048,Gaussian,QC,"opt+freq: b3lyp/6-311G** em=gd3bj
energy: M062X/6-311G+(2d, p) em=gd3"
239,electrolyte240,COC1OCOCO1,-458.0709615,0.094784,0.135313,356.8952,-0.28783,0.04112,-458.2422133,-457.9761775,-457.9356485,8.947439999999999,Gaussian,QC,"opt+freq: b3lyp/6-311G** em=gd3bj
energy: M062X/6-311G+(2d, p) em=gd3"
240,electrolyte241,CC(C)(C)OC(C)(C)C,-390.8431683,0.203796,0.252475,428.667536,-0.24962,0.03316,-391.0691249,-390.6393723,-390.5906933,7.691616000000001,Gaussian,QC,"opt+freq: b3lyp/6-311G** em=gd3bj
energy: M062X/6-311G+(2d, p) em=gd3"
241,electrolyte242,CCC(C)(C)OC(C)C,-390.8378873,0.204372,0.253617,433.646496,-0.24956,0.03603,-391.0646477,-390.6335153,-390.5842703,7.768048,Gaussian,QC,"opt+freq: b3lyp/6-311G** em=gd3bj
energy: M062X/6-311G+(2d, p) em=gd3"
242,electrolyte243,CCC(C)OC(C)(C)C,-390.8375259,0.204306,0.253606,434.13184,-0.24819,0.03627,-391.0639511,-390.6332199,-390.5839199,7.737311999999999,Gaussian,QC,"opt+freq: b3lyp/6-311G** em=gd3bj
energy: M062X/6-311G+(2d, p) em=gd3"
243,electrolyte244,COC(C)OC(C)(C)C,-426.7409965,0.1812,0.230224,431.70512,-0.25233,0.03352,-426.9622456,-426.5597965,-426.5107725,7.775119999999999,Gaussian,QC,"opt+freq: b3lyp/6-311G** em=gd3bj
energy: M062X/6-311G+(2d, p) em=gd3"
244,electrolyte245,CCOC(C)(C)C(C)C,-390.8420555,0.202501,0.253691,450.775792,-0.25252,0.03733,-391.0684408,-390.6395545,-390.5883645,7.883920000000002,Gaussian,QC,"opt+freq: b3lyp/6-311G** em=gd3bj
energy: M062X/6-311G+(2d, p) em=gd3"
245,electrolyte246,CCOC(C)(CC)CC,-390.837856,0.204218,0.253745,436.131792,-0.24911,0.0365,-391.0643635,-390.633638,-390.584111,7.768591999999999,Gaussian,QC,"opt+freq: b3lyp/6-311G** em=gd3bj
energy: M062X/6-311G+(2d, p) em=gd3"
246,electrolyte247,CCCOC(C)(C)CC,-390.8331895,0.203446,0.254039,445.520688,-0.24852,0.03829,-391.0605457,-390.6297435,-390.5791505,7.801232,Gaussian,QC,"opt+freq: b3lyp/6-311G** em=gd3bj
energy: M062X/6-311G+(2d, p) em=gd3"
247,electrolyte248,CCCC(C)(C)OCC,-390.8401442,0.203132,0.254019,448.114768,-0.25072,0.03612,-391.067252,-390.6370122,-390.5861252,7.802047999999999,Gaussian,QC,"opt+freq: b3lyp/6-311G** em=gd3bj
energy: M062X/6-311G+(2d, p) em=gd3"
248,electrolyte249,CCOC(C)(C)COC,-426.7400045,0.179565,0.230507,448.600112,-0.24821,0.03924,-426.9604896,-426.5604395,-426.5094975,7.818639999999999,Gaussian,QC,"opt+freq: b3lyp/6-311G** em=gd3bj
energy: M062X/6-311G+(2d, p) em=gd3"
249,electrolyte250,CC(C)COC(C)(C)C,-390.8355995,0.202843,0.253466,445.78428,-0.24779,0.03695,-391.0622587,-390.6327565,-390.5821335,7.744928,Gaussian,QC,"opt+freq: b3lyp/6-311G** em=gd3bj
energy: M062X/6-311G+(2d, p) em=gd3"
250,electrolyte251,CCCCOC(C)(C)C,-390.8414018,0.203185,0.25346,442.725776,-0.24874,0.03378,-391.0680363,-390.6382168,-390.5879418,7.684544,Gaussian,QC,"opt+freq: b3lyp/6-311G** em=gd3bj
energy: M062X/6-311G+(2d, p) em=gd3"
251,electrolyte252,COCCOC(C)(C)C,-426.7384769,0.178528,0.230627,458.788152,-0.25259,0.03511,-426.9592819,-426.5599489000001,-426.5078499,7.825439999999999,Gaussian,QC,"opt+freq: b3lyp/6-311G** em=gd3bj
energy: M062X/6-311G+(2d, p) em=gd3"
252,electrolyte253,CCC(C)(C)OCOC,-426.7502704,0.180718,0.231047,443.198568,-0.26743,0.03876,-426.9716674,-426.5695524,-426.5192234,8.328368000000001,Gaussian,QC,"opt+freq: b3lyp/6-311G** em=gd3bj
energy: M062X/6-311G+(2d, p) em=gd3"
253,electrolyte254,CCOCOC(C)(C)C,-426.7531732,0.179742,0.230864,450.17748,-0.26536,0.03766,-426.9759454,-426.5734312,-426.5223092,8.242143999999998,Gaussian,QC,"opt+freq: b3lyp/6-311G** em=gd3bj
energy: M062X/6-311G+(2d, p) em=gd3"
254,electrolyte255,COC(C)(C)C(C)(C)C,-390.837034,0.202945,0.253231,442.81364,-0.25312,0.03619,-391.0623547,-390.634089,-390.583803,7.869232,Gaussian,QC,"opt+freq: b3lyp/6-311G** em=gd3bj
energy: M062X/6-311G+(2d, p) em=gd3"
255,electrolyte256,CCC(C)(OC)C(C)C,-390.832994,0.204783,0.254153,434.751072,-0.25107,0.03638,-391.0584406,-390.628211,-390.578841,7.818640000000001,Gaussian,QC,"opt+freq: b3lyp/6-311G** em=gd3bj
energy: M062X/6-311G+(2d, p) em=gd3"
256,electrolyte257,CCC(C)C(C)(C)OC,-390.8355112,0.202933,0.253948,449.23608,-0.25283,0.03762,-391.0613081,-390.6325782,-390.5815632,7.900239999999999,Gaussian,QC,"opt+freq: b3lyp/6-311G** em=gd3bj
energy: M062X/6-311G+(2d, p) em=gd3"
257,electrolyte258,COC(C)C(C)(C)OC,-426.7371558,0.180025,0.230567,445.068816,-0.24395,0.03569,-426.958138,-426.5571308,-426.5065888,7.606208,Gaussian,QC,"opt+freq: b3lyp/6-311G** em=gd3bj
energy: M062X/6-311G+(2d, p) em=gd3"
258,electrolyte259,CCC(CC)(CC)OC,-390.8360953,0.204415,0.254582,441.76764,-0.25134,0.04036,-391.0618577,-390.6316803,-390.5815133,7.93424,Gaussian,QC,"opt+freq: b3lyp/6-311G** em=gd3bj
energy: M062X/6-311G+(2d, p) em=gd3"
259,electrolyte260,CCCC(C)(CC)OC,-390.8286394,0.204716,0.254602,439.2990800000001,-0.25089,0.0365,-391.0546984,-390.6239234,-390.5740374,7.817008,Gaussian,QC,"opt+freq: b3lyp/6-311G** em=gd3bj
energy: M062X/6-311G+(2d, p) em=gd3"
260,electrolyte261,CCC(C)(COC)OC,-426.7309152,0.181674,0.23118,435.947696,-0.24044,0.03824,-426.9519867,-426.5492412,-426.4997352,7.580095999999999,Gaussian,QC,"opt+freq: b3lyp/6-311G** em=gd3bj
energy: M062X/6-311G+(2d, p) em=gd3"
261,electrolyte262,COC(C)(C)CC(C)C,-390.837352,0.203127,0.253638,444.8052240000001,-0.25241,0.03511,-391.063544,-390.634225,-390.583714,7.820544,Gaussian,QC,"opt+freq: b3lyp/6-311G** em=gd3bj
energy: M062X/6-311G+(2d, p) em=gd3"
262,electrolyte263,CCCCC(C)(C)OC,-390.8361647,0.20419,0.254283,441.110752,-0.25343,0.03482,-391.0627929,-390.6319747,-390.5818817,7.8404,Gaussian,QC,"opt+freq: b3lyp/6-311G** em=gd3bj
energy: M062X/6-311G+(2d, p) em=gd3"
263,electrolyte264,COCCC(C)(C)OC,-426.7304553,0.179813,0.23083,449.252816,-0.24224,0.03397,-426.9517923,-426.5506423,-426.4996253,7.512912,Gaussian,QC,"opt+freq: b3lyp/6-311G** em=gd3bj
energy: M062X/6-311G+(2d, p) em=gd3"
264,electrolyte265,CCOCC(C)(C)OC,-426.7381521,0.178675,0.230553,456.842592,-0.24764,0.03988,-426.9589016,-426.5594771,-426.5075991,7.820544,Gaussian,QC,"opt+freq: b3lyp/6-311G** em=gd3bj
energy: M062X/6-311G+(2d, p) em=gd3"
265,electrolyte266,COC(C)(C)OC(C)C,-426.7389105,0.181132,0.230041,430.692592,-0.24559,0.03544,-426.9593713,-426.5577785,-426.5088694999999,7.644016,Gaussian,QC,"opt+freq: b3lyp/6-311G** em=gd3bj
energy: M062X/6-311G+(2d, p) em=gd3"
266,electrolyte267,CCOC(C)(CC)OC,-426.7409663,0.18083,0.230622,438.470648,-0.24802,0.03564,-426.9616654,-426.5601363,-426.5103443,7.715551999999999,Gaussian,QC,"opt+freq: b3lyp/6-311G** em=gd3bj
energy: M062X/6-311G+(2d, p) em=gd3"
267,electrolyte268,CCCOC(C)(C)OC,-426.7499965,0.179622,0.230527,448.269576,-0.25661,0.03793,-426.9712847,-426.5703745,-426.5194695,8.011488,Gaussian,QC,"opt+freq: b3lyp/6-311G** em=gd3bj
energy: M062X/6-311G+(2d, p) em=gd3"
268,electrolyte269,CCOC(C)(C)OCC,-426.7413769,0.180812,0.230354,436.26568,-0.24332,0.03726,-426.9625837,-426.5605649,-426.5110229,7.631775999999999,Gaussian,QC,"opt+freq: b3lyp/6-311G** em=gd3bj
energy: M062X/6-311G+(2d, p) em=gd3"
269,electrolyte270,COCOC(C)(C)OC,-462.6513005,0.156532,0.207477,448.621032,-0.25616,0.03696,-462.8664503,-462.4947685,-462.4438235,7.972864,Gaussian,QC,"opt+freq: b3lyp/6-311G** em=gd3bj
energy: M062X/6-311G+(2d, p) em=gd3"
270,electrolyte271,COC(C)(OC)C(C)C,-426.7449402,0.181285,0.230458,433.010528,-0.25592,0.03458,-426.9652325,-426.5636552,-426.5144822,7.901599999999999,Gaussian,QC,"opt+freq: b3lyp/6-311G** em=gd3bj
energy: M062X/6-311G+(2d, p) em=gd3"
271,electrolyte272,CCC(CC)(OC)OC,-426.741454,0.181875,0.231105,433.516792,-0.25212,0.03782,-426.9613458,-426.559579,-426.510349,7.886368000000001,Gaussian,QC,"opt+freq: b3lyp/6-311G** em=gd3bj
energy: M062X/6-311G+(2d, p) em=gd3"
272,electrolyte273,CCCC(C)(OC)OC,-426.7384724,0.181796,0.230999,433.282488,-0.24993,0.03779,-426.9593631,-426.5566764,-426.5074734,7.825984000000001,Gaussian,QC,"opt+freq: b3lyp/6-311G** em=gd3bj
energy: M062X/6-311G+(2d, p) em=gd3"
273,electrolyte274,COCC(C)(OC)OC,-462.6418695,0.157436,0.207388,439.876472,-0.25442,0.03862,-462.8561162,-462.4844335,-462.4344815,7.970687999999999,Gaussian,QC,"opt+freq: b3lyp/6-311G** em=gd3bj
energy: M062X/6-311G+(2d, p) em=gd3"
274,electrolyte275,CC(C)OC(C)C(C)C,-390.8344157,0.204776,0.254159,434.8682240000001,-0.24789,0.03667,-391.0613406,-390.6296397,-390.5802567,7.740031999999999,Gaussian,QC,"opt+freq: b3lyp/6-311G** em=gd3bj
energy: M062X/6-311G+(2d, p) em=gd3"
275,electrolyte276,CCC(CC)OC(C)C,-390.8275227,0.205703,0.254841,432.705096,-0.24684,0.03476,-391.0550492,-390.6218196999999,-390.5726817,7.659520000000001,Gaussian,QC,"opt+freq: b3lyp/6-311G** em=gd3bj
energy: M062X/6-311G+(2d, p) em=gd3"
276,electrolyte277,CCC(C)OC(C)CC,-390.8329544,0.204987,0.254689,437.66732,-0.24811,0.03798,-391.0602742,-390.6279674,-390.5782654,7.781648,Gaussian,QC,"opt+freq: b3lyp/6-311G** em=gd3bj
energy: M062X/6-311G+(2d, p) em=gd3"
277,electrolyte278,CCCC(C)OC(C)C,-390.8315835,0.204876,0.254708,438.822104,-0.24759,0.03515,-391.0587037,-390.6267075,-390.5768755,7.690528,Gaussian,QC,"opt+freq: b3lyp/6-311G** em=gd3bj
energy: M062X/6-311G+(2d, p) em=gd3"
278,electrolyte279,COCC(C)OC(C)C,-426.7312589,0.181392,0.231237,438.935072,-0.2529,0.03618,-426.9528629,-426.5498669,-426.5000219,7.862976,Gaussian,QC,"opt+freq: b3lyp/6-311G** em=gd3bj
energy: M062X/6-311G+(2d, p) em=gd3"
279,electrolyte280,CCC(C)OC(C)OC,-426.7355043,0.18176,0.231343,436.62132,-0.25121,0.03502,-426.9574486,-426.5537443,-426.5041613,7.785455999999999,Gaussian,QC,"opt+freq: b3lyp/6-311G** em=gd3bj
energy: M062X/6-311G+(2d, p) em=gd3"
280,electrolyte281,CCC(OC)OC(C)C,-426.7476733,0.181647,0.231314,437.37444,-0.2635,0.04036,-426.9699796,-426.5660263,-426.5163593,8.264992,Gaussian,QC,"opt+freq: b3lyp/6-311G** em=gd3bj
energy: M062X/6-311G+(2d, p) em=gd3"
281,electrolyte282,CCOC(C)OC(C)C,-426.7147361,0.174931,0.225653,446.654552,-0.25622,0.03071,-426.9369897,-426.5398051,-426.4890831,7.804496,Gaussian,QC,"opt+freq: b3lyp/6-311G** em=gd3bj
energy: M062X/6-311G+(2d, p) em=gd3"
282,electrolyte283,CCOC(C)C(C)(C)C,-390.8378165,0.204043,0.253915,439.17356,-0.24632,0.03443,-391.0636836,-390.6337735,-390.5839015,7.6364,Gaussian,QC,"opt+freq: b3lyp/6-311G** em=gd3bj
energy: M062X/6-311G+(2d, p) em=gd3"
283,electrolyte284,CCOC(CC)C(C)C,-390.8378152,0.20404,0.253915,439.19448,-0.24631,0.03443,-391.0636836,-390.6337752,-390.5839002,7.636127999999999,Gaussian,QC,"opt+freq: b3lyp/6-311G** em=gd3bj
energy: M062X/6-311G+(2d, p) em=gd3"
284,electrolyte285,CCCOC(C)C(C)C,-390.830335,0.204195,0.254591,443.784328,-0.24726,0.03931,-391.0578262,-390.62614,-390.575744,7.794703999999999,Gaussian,QC,"opt+freq: b3lyp/6-311G** em=gd3bj
energy: M062X/6-311G+(2d, p) em=gd3"
285,electrolyte286,CCOC(C)C(C)CC,-390.8313038,0.20463,0.254761,441.449656,-0.24914,0.03862,-391.0583721,-390.6266738,-390.5765428,7.827072,Gaussian,QC,"opt+freq: b3lyp/6-311G** em=gd3bj
energy: M062X/6-311G+(2d, p) em=gd3"
286,electrolyte287,CCOC(C)C(C)OC,-426.7333811,0.180547,0.231299,446.918144,-0.23841,0.03868,-426.955167,-426.5528341,-426.5020821,7.536848,Gaussian,QC,"opt+freq: b3lyp/6-311G** em=gd3bj
energy: M062X/6-311G+(2d, p) em=gd3"
287,electrolyte288,CCCOC(CC)CC,-390.8344557,0.20394,0.255087,450.395048,-0.25037,0.03662,-391.0619874,-390.6305157,-390.5793687,7.806127999999999,Gaussian,QC,"opt+freq: b3lyp/6-311G** em=gd3bj
energy: M062X/6-311G+(2d, p) em=gd3"
288,electrolyte289,CCCC(CC)OCC,-390.8316385,0.203914,0.2553,452.507968,-0.24516,0.03526,-391.0589018,-390.6277245,-390.5763385,7.627424,Gaussian,QC,"opt+freq: b3lyp/6-311G** em=gd3bj
energy: M062X/6-311G+(2d, p) em=gd3"
289,electrolyte290,CCOC(CC)COC,-426.725912,0.182442,0.232,436.403752,-0.23476,0.03491,-426.9481552,-426.54347,-426.493912,7.335023999999999,Gaussian,QC,"opt+freq: b3lyp/6-311G** em=gd3bj
energy: M062X/6-311G+(2d, p) em=gd3"
290,electrolyte291,CCC(C)OCC(C)C,-390.8292229,0.203677,0.254616,448.5624560000001,-0.24679,0.03751,-391.0565982,-390.6255459,-390.5746069,7.732959999999999,Gaussian,QC,"opt+freq: b3lyp/6-311G** em=gd3bj
energy: M062X/6-311G+(2d, p) em=gd3"
291,electrolyte292,CCCOC(C)CCC,-390.8284553,0.20369,0.255055,452.315504,-0.24766,0.03974,-391.0567339,-390.6247653,-390.5734002999999,7.817279999999999,Gaussian,QC,"opt+freq: b3lyp/6-311G** em=gd3bj
energy: M062X/6-311G+(2d, p) em=gd3"
292,electrolyte293,CCCCOC(C)CC,-390.8285477,0.204006,0.255001,449.064536,-0.24695,0.03786,-391.056774,-390.6245417,-390.5735467,7.746832,Gaussian,QC,"opt+freq: b3lyp/6-311G** em=gd3bj
energy: M062X/6-311G+(2d, p) em=gd3"
293,electrolyte294,CCC(C)OCCOC,-426.7325719,0.181572,0.231744,441.80948,-0.24797,0.04068,-426.9555166,-426.5509999,-426.5008279,7.85128,Gaussian,QC,"opt+freq: b3lyp/6-311G** em=gd3bj
energy: M062X/6-311G+(2d, p) em=gd3"
294,electrolyte295,CCOC(C)CC(C)C,-390.8356287,0.203687,0.254541,447.821888,-0.25065,0.03747,-391.0629253,-390.6319417,-390.5810877,7.836863999999999,Gaussian,QC,"opt+freq: b3lyp/6-311G** em=gd3bj
energy: M062X/6-311G+(2d, p) em=gd3"
295,electrolyte296,CCCCC(C)OCC,-390.8315022,0.20417,0.255239,449.708872,-0.24932,0.03559,-391.0585819,-390.6273322,-390.5762632,7.749552,Gaussian,QC,"opt+freq: b3lyp/6-311G** em=gd3bj
energy: M062X/6-311G+(2d, p) em=gd3"
296,electrolyte297,CCOC(C)CCOC,-426.7335679,0.180992,0.231726,446.763336,-0.24976,0.04124,-426.9557796,-426.5525759,-426.5018419,7.9152,Gaussian,QC,"opt+freq: b3lyp/6-311G** em=gd3bj
energy: M062X/6-311G+(2d, p) em=gd3"
297,electrolyte298,CCCOC(C)COC,-426.7253831,0.181269,0.231746,444.499792,-0.23566,0.03769,-426.9482747,-426.5441141,-426.4936371,7.43512,Gaussian,QC,"opt+freq: b3lyp/6-311G** em=gd3bj
energy: M062X/6-311G+(2d, p) em=gd3"
298,electrolyte299,CCOCC(C)OCC,-426.7358166,0.179596,0.231486,456.93464,-0.25255,0.03979,-426.9587,-426.5562206,-426.5043306,7.951648,Gaussian,QC,"opt+freq: b3lyp/6-311G** em=gd3bj
energy: M062X/6-311G+(2d, p) em=gd3"
299,electrolyte300,CC(C)OCC(C)(C)C,-390.845509,0.202032,0.253397,452.315504,-0.25586,0.03529,-391.0727748,-390.643477,-390.592112,7.919279999999999,Gaussian,QC,"opt+freq: b3lyp/6-311G** em=gd3bj
energy: M062X/6-311G+(2d, p) em=gd3"
300,electrolyte301,CCC(C)COC(C)C,-390.8297722,0.202689,0.254558,456.754728,-0.24765,0.03844,-391.0570674,-390.6270832,-390.5752142,7.781648,Gaussian,QC,"opt+freq: b3lyp/6-311G** em=gd3bj
energy: M062X/6-311G+(2d, p) em=gd3"
301,electrolyte302,COC(C)COC(C)C,-426.7339094,0.182052,0.231277,433.466584,-0.23861,0.03621,-426.9559891,-426.5518574,-426.5026324,7.475104,Gaussian,QC,"opt+freq: b3lyp/6-311G** em=gd3bj
energy: M062X/6-311G+(2d, p) em=gd3"
302,electrolyte303,CC(C)CCOC(C)C,-390.8310193,0.203642,0.25443,447.240312,-0.24797,0.03699,-391.0584128,-390.6273773,-390.5765893,7.750912,Gaussian,QC,"opt+freq: b3lyp/6-311G** em=gd3bj
energy: M062X/6-311G+(2d, p) em=gd3"
303,electrolyte304,CCCCCOC(C)C,-390.8310185,0.203639,0.25443,447.261232,-0.24797,0.03699,-391.0584128,-390.6273795,-390.5765885,7.750912,Gaussian,QC,"opt+freq: b3lyp/6-311G** em=gd3bj
energy: M062X/6-311G+(2d, p) em=gd3"
304,electrolyte305,COCCCOC(C)C,-426.7363524,0.17941,0.231544,459.093584,-0.24846,0.04142,-426.958215,-426.5569424,-426.5048084,7.884735999999999,Gaussian,QC,"opt+freq: b3lyp/6-311G** em=gd3bj
energy: M062X/6-311G+(2d, p) em=gd3"
305,electrolyte306,CCOCCOC(C)C,-426.7363246,0.181087,0.231552,444.395192,-0.24681,0.04071,-426.9599951,-426.5552376,-426.5047726,7.820544,Gaussian,QC,"opt+freq: b3lyp/6-311G** em=gd3bj
energy: M062X/6-311G+(2d, p) em=gd3"
306,electrolyte307,COC(OC)OC(C)C,-462.6501689,0.15823,0.208025,438.491568,-0.25991,0.0372,-462.8669672,-462.4919389,-462.4421439,8.081392,Gaussian,QC,"opt+freq: b3lyp/6-311G** em=gd3bj
energy: M062X/6-311G+(2d, p) em=gd3"
307,electrolyte308,COCOC(C)C(C)C,-426.746191,0.182175,0.231771,436.734288,-0.26367,0.04159,-426.9673561,-426.564016,-426.51442,8.303072,Gaussian,QC,"opt+freq: b3lyp/6-311G** em=gd3bj
energy: M062X/6-311G+(2d, p) em=gd3"
308,electrolyte309,CCC(CC)OCOC,-426.7418834,0.182286,0.232319,440.587752,-0.26605,0.03785,-426.964398,-426.5595974,-426.5095644,8.26608,Gaussian,QC,"opt+freq: b3lyp/6-311G** em=gd3bj
energy: M062X/6-311G+(2d, p) em=gd3"
309,electrolyte310,CCCC(C)OCOC,-426.7466205,0.181208,0.232129,448.411832,-0.26634,0.04114,-426.9692941,-426.5654125,-426.5144915,8.363456000000001,Gaussian,QC,"opt+freq: b3lyp/6-311G** em=gd3bj
energy: M062X/6-311G+(2d, p) em=gd3"
310,electrolyte311,CCOCOC(C)CC,-426.7480213,0.180828,0.231928,449.985016,-0.26431,0.0412,-426.9710183,-426.5671933,-426.5160933,8.309872,Gaussian,QC,"opt+freq: b3lyp/6-311G** em=gd3bj
energy: M062X/6-311G+(2d, p) em=gd3"
311,electrolyte312,COCOC(C)COC,-462.6403756,0.158897,0.208942,440.688168,-0.24325,0.0426,-462.8568461,-462.4814786,-462.4314336,7.775119999999999,Gaussian,QC,"opt+freq: b3lyp/6-311G** em=gd3bj
energy: M062X/6-311G+(2d, p) em=gd3"
312,electrolyte313,CC(C)OCOC(C)C,-426.7495551,0.18057,0.231294,446.667104,-0.26146,0.0373,-426.9730258,-426.5689851,-426.5182611,8.126272,Gaussian,QC,"opt+freq: b3lyp/6-311G** em=gd3bj
energy: M062X/6-311G+(2d, p) em=gd3"
313,electrolyte314,CCCOCOC(C)C,-426.7495591,0.18057,0.231295,446.679656,-0.26147,0.03729,-426.9730259,-426.5689891,-426.5182641,8.126271999999998,Gaussian,QC,"opt+freq: b3lyp/6-311G** em=gd3bj
energy: M062X/6-311G+(2d, p) em=gd3"
314,electrolyte315,COCOCOC(C)C,-462.6562481,0.157957,0.20901,449.5708,-0.27021,0.04011,-462.8740382,-462.4982911,-462.4472381,8.440704,Gaussian,QC,"opt+freq: b3lyp/6-311G** em=gd3bj
energy: M062X/6-311G+(2d, p) em=gd3"
315,electrolyte316,CCC(OC)C(C)(C)C,-390.8376439,0.203799,0.253892,441.1191200000001,-0.25077,0.03871,-391.0635367,-390.6338449,-390.5837519,7.873856,Gaussian,QC,"opt+freq: b3lyp/6-311G** em=gd3bj
energy: M062X/6-311G+(2d, p) em=gd3"
316,electrolyte317,CCC(C)(C)C(C)OC,-390.8265115,0.2056,0.254379,429.546176,-0.25022,0.0344,-391.051726,-390.6209115,-390.5721325,7.741663999999999,Gaussian,QC,"opt+freq: b3lyp/6-311G** em=gd3bj
energy: M062X/6-311G+(2d, p) em=gd3"
317,electrolyte318,COC(C(C)C)C(C)C,-390.8299323,0.205195,0.254569,434.78036,-0.24979,0.03625,-391.0553678,-390.6247373,-390.5753633,7.780288000000001,Gaussian,QC,"opt+freq: b3lyp/6-311G** em=gd3bj
energy: M062X/6-311G+(2d, p) em=gd3"
318,electrolyte319,CCC(C)C(CC)OC,-390.8296725,0.204451,0.254963,444.809408,-0.24959,0.03503,-391.05554,-390.6252215,-390.5747095,7.741663999999999,Gaussian,QC,"opt+freq: b3lyp/6-311G** em=gd3bj
energy: M062X/6-311G+(2d, p) em=gd3"
319,electrolyte320,CCCC(OC)C(C)C,-390.8344747,0.203366,0.254574,450.9306,-0.25058,0.03919,-391.0613074,-390.6311087,-390.5799007,7.881744,Gaussian,QC,"opt+freq: b3lyp/6-311G** em=gd3bj
energy: M062X/6-311G+(2d, p) em=gd3"
320,electrolyte321,COCC(OC)C(C)C,-426.7327026,0.180749,0.231374,445.8052,-0.23651,0.04415,-426.953976,-426.5519536,-426.5013286,7.633952000000001,Gaussian,QC,"opt+freq: b3lyp/6-311G** em=gd3bj
energy: M062X/6-311G+(2d, p) em=gd3"
321,electrolyte322,COC(C)C(C)C(C)C,-390.8291228,0.204587,0.254569,440.144248,-0.25265,0.0392,-391.0544185,-390.6245358,-390.5745538,7.93832,Gaussian,QC,"opt+freq: b3lyp/6-311G** em=gd3bj
energy: M062X/6-311G+(2d, p) em=gd3"
322,electrolyte323,CCC(CC)C(C)OC,-390.8325904,0.204501,0.255066,445.273832,-0.25187,0.0382,-391.0583332,-390.6280894,-390.5775244,7.889904,Gaussian,QC,"opt+freq: b3lyp/6-311G** em=gd3bj
energy: M062X/6-311G+(2d, p) em=gd3"
323,electrolyte324,CCCC(C)C(C)OC,-390.8243392,0.205324,0.255162,438.876496,-0.25071,0.03109,-391.050515,-390.6190152,-390.5691772,7.66496,Gaussian,QC,"opt+freq: b3lyp/6-311G** em=gd3bj
energy: M062X/6-311G+(2d, p) em=gd3"
324,electrolyte325,COCC(C)C(C)OC,-426.7328384,0.180504,0.231417,448.340704,-0.25527,0.03878,-426.9534766,-426.5523344,-426.5014214,7.998159999999999,Gaussian,QC,"opt+freq: b3lyp/6-311G** em=gd3bj
energy: M062X/6-311G+(2d, p) em=gd3"
325,electrolyte326,CCC(OC)C(C)OC,-426.7334689,0.180861,0.231325,444.38264,-0.23716,0.03838,-426.9550206,-426.5526079,-426.5021439,7.494688,Gaussian,QC,"opt+freq: b3lyp/6-311G** em=gd3bj
energy: M062X/6-311G+(2d, p) em=gd3"
326,electrolyte327,CCC(CC(C)C)OC,-390.8253019,0.20495,0.25493,440.123328,-0.24887,0.03306,-391.051264,-390.6203519,-390.5703719,7.668496,Gaussian,QC,"opt+freq: b3lyp/6-311G** em=gd3bj
energy: M062X/6-311G+(2d, p) em=gd3"
327,electrolyte328,CCCC(CCC)OC,-390.8317636,0.203992,0.254738,446.863752,-0.25119,0.03465,-391.0582889,-390.6277716,-390.5770256,7.774848,Gaussian,QC,"opt+freq: b3lyp/6-311G** em=gd3bj
energy: M062X/6-311G+(2d, p) em=gd3"
328,electrolyte329,CCCCC(CC)OC,-390.8331708,0.203492,0.254515,449.307208,-0.25275,0.03687,-391.0595796,-390.6296788,-390.5786558,7.877663999999999,Gaussian,QC,"opt+freq: b3lyp/6-311G** em=gd3bj
energy: M062X/6-311G+(2d, p) em=gd3"
329,electrolyte330,CCC(CCOC)OC,-426.7270486,0.181585,0.232065,444.52908,-0.2415,0.032,-426.9491277,-426.5454636,-426.4949836,7.439199999999999,Gaussian,QC,"opt+freq: b3lyp/6-311G** em=gd3bj
energy: M062X/6-311G+(2d, p) em=gd3"
330,electrolyte331,CCCC(COC)OC,-426.7270482,0.181581,0.232065,444.558368,-0.2415,0.032,-426.9491276,-426.5454672,-426.4949832,7.439199999999999,Gaussian,QC,"opt+freq: b3lyp/6-311G** em=gd3bj
energy: M062X/6-311G+(2d, p) em=gd3"
331,electrolyte332,CCOCC(CC)OC,-426.7305023,0.180857,0.231904,449.516408,-0.25335,0.03774,-426.9519216,-426.5496453,-426.4985983,7.917648,Gaussian,QC,"opt+freq: b3lyp/6-311G** em=gd3bj
energy: M062X/6-311G+(2d, p) em=gd3"
332,electrolyte333,COC(C)CC(C)(C)C,-390.8357518,0.204009,0.25396,439.868104,-0.25166,0.03328,-391.061946,-390.6317428,-390.5817918,7.750367999999999,Gaussian,QC,"opt+freq: b3lyp/6-311G** em=gd3bj
energy: M062X/6-311G+(2d, p) em=gd3"
333,electrolyte334,CCC(C)CC(C)OC,-390.8317693,0.202922,0.254747,456.3698000000001,-0.2502,0.0361,-391.0580685,-390.6288473,-390.5770223,7.78736,Gaussian,QC,"opt+freq: b3lyp/6-311G** em=gd3bj
energy: M062X/6-311G+(2d, p) em=gd3"
334,electrolyte335,COC(C)CC(C)OC,-426.7340616,0.180359,0.23145,449.90552,-0.24978,0.03643,-426.9546565,-426.5537026,-426.5026116,7.784912,Gaussian,QC,"opt+freq: b3lyp/6-311G** em=gd3bj
energy: M062X/6-311G+(2d, p) em=gd3"
335,electrolyte336,COC(C)CCC(C)C,-390.8351758,0.203937,0.254712,447.118976,-0.25396,0.03517,-391.0613487,-390.6312388,-390.5804638,7.864336,Gaussian,QC,"opt+freq: b3lyp/6-311G** em=gd3bj
energy: M062X/6-311G+(2d, p) em=gd3"
336,electrolyte337,CCCCCC(C)OC,-390.8307536,0.203863,0.255356,453.445184,-0.25038,0.0347,-391.0570201,-390.6268906,-390.5753976,7.754176,Gaussian,QC,"opt+freq: b3lyp/6-311G** em=gd3bj
energy: M062X/6-311G+(2d, p) em=gd3"
337,electrolyte338,COCCCC(C)OC,-426.7276935,0.180916,0.232041,450.202584,-0.25171,0.03803,-426.9489785,-426.5467775,-426.4956525,7.880928,Gaussian,QC,"opt+freq: b3lyp/6-311G** em=gd3bj
energy: M062X/6-311G+(2d, p) em=gd3"
338,electrolyte339,CCOCCC(C)OC,-426.7341957,0.179685,0.231737,458.369752,-0.24809,0.03697,-426.9561382,-426.5545107,-426.5024587,7.753632,Gaussian,QC,"opt+freq: b3lyp/6-311G** em=gd3bj
energy: M062X/6-311G+(2d, p) em=gd3"
339,electrolyte340,COC(C)C(OC)OC,-462.6378941,0.157412,0.208104,446.39096,-0.24089,0.03888,-462.8532963,-462.4804821,-462.4297901,7.609743999999999,Gaussian,QC,"opt+freq: b3lyp/6-311G** em=gd3bj
energy: M062X/6-311G+(2d, p) em=gd3"
340,electrolyte341,COCC(COC)OC,-462.6356866,0.159145,0.208461,434.2782800000001,-0.24817,0.0377,-462.8513518,-462.4765416,-462.4272256,7.775664,Gaussian,QC,"opt+freq: b3lyp/6-311G** em=gd3bj
energy: M062X/6-311G+(2d, p) em=gd3"
341,electrolyte342,CCCOCC(C)OC,-426.7350501,0.179529,0.231615,458.6751840000001,-0.25483,0.03947,-426.957145,-426.5555211,-426.5034351,8.00496,Gaussian,QC,"opt+freq: b3lyp/6-311G** em=gd3bj
energy: M062X/6-311G+(2d, p) em=gd3"
342,electrolyte343,COCOCC(C)OC,-462.642649,0.156728,0.208727,457.905328,-0.25685,0.04221,-462.8586238,-462.485921,-462.433922,8.134432,Gaussian,QC,"opt+freq: b3lyp/6-311G** em=gd3bj
energy: M062X/6-311G+(2d, p) em=gd3"
343,electrolyte344,CCOC(C)(OC)OC,-462.6531279,0.157521,0.207159,437.110848,-0.26121,0.02964,-462.8685244,-462.4956069,-462.4459689,7.911119999999999,Gaussian,QC,"opt+freq: b3lyp/6-311G** em=gd3bj
energy: M062X/6-311G+(2d, p) em=gd3"
344,electrolyte345,CCC(OC)(OC)OC,-462.6582265,0.158066,0.207819,438.115008,-0.26702,0.04284,-462.8733327,-462.5001605,-462.4504075,8.428192,Gaussian,QC,"opt+freq: b3lyp/6-311G** em=gd3bj
energy: M062X/6-311G+(2d, p) em=gd3"
345,electrolyte346,COC(C)OC(C)OC,-462.6503635,0.159208,0.208275,432.0774960000001,-0.26487,0.03976,-462.8678764,-462.4911555,-462.4420885,8.285936,Gaussian,QC,"opt+freq: b3lyp/6-311G** em=gd3bj
energy: M062X/6-311G+(2d, p) em=gd3"
346,electrolyte347,CCOC(OC)C(C)C,-426.7502831,0.180866,0.231314,444.2445680000001,-0.26067,0.04373,-426.9721838,-426.5694171,-426.5189691,8.279679999999999,Gaussian,QC,"opt+freq: b3lyp/6-311G** em=gd3bj
energy: M062X/6-311G+(2d, p) em=gd3"
347,electrolyte348,CCCOC(CC)OC,-426.7404427,0.178801,0.231663,465.503472,-0.24311,0.03475,-426.962732,-426.5616417,-426.5087797,7.557792,Gaussian,QC,"opt+freq: b3lyp/6-311G** em=gd3bj
energy: M062X/6-311G+(2d, p) em=gd3"
348,electrolyte349,CCCC(OC)OCC,-426.7408336,0.179553,0.231617,458.474352,-0.25621,0.04041,-426.9641549,-426.5612806,-426.5092165999999,8.068064,Gaussian,QC,"opt+freq: b3lyp/6-311G** em=gd3bj
energy: M062X/6-311G+(2d, p) em=gd3"
349,electrolyte350,CCOC(CC)OCC,-426.7382289,0.180806,0.231714,448.290496,-0.24737,0.03464,-426.9611276,-426.5574229,-426.5065149,7.670672,Gaussian,QC,"opt+freq: b3lyp/6-311G** em=gd3bj
energy: M062X/6-311G+(2d, p) em=gd3"
350,electrolyte351,CCOC(COC)OC,-462.6425024,0.157992,0.208689,446.436984,-0.24432,0.03816,-462.8609029,-462.4845104,-462.4338134,7.683456,Gaussian,QC,"opt+freq: b3lyp/6-311G** em=gd3bj
energy: M062X/6-311G+(2d, p) em=gd3"
351,electrolyte352,COC(C)OCC(C)C,-426.7428731,0.181511,0.231414,439.44552,-0.25668,0.04275,-426.9646858,-426.5613621,-426.5114591,8.144496,Gaussian,QC,"opt+freq: b3lyp/6-311G** em=gd3bj
energy: M062X/6-311G+(2d, p) em=gd3"
352,electrolyte353,CCCOC(C)OCC,-426.7528791,0.180245,0.231565,451.922208,-0.26311,0.04188,-426.9757521,-426.5726341,-426.5213141,8.295727999999999,Gaussian,QC,"opt+freq: b3lyp/6-311G** em=gd3bj
energy: M062X/6-311G+(2d, p) em=gd3"
353,electrolyte354,CCCCOC(C)OC,-426.7436461,0.180904,0.231857,448.687976,-0.26293,0.04109,-426.9673671,-426.5627421,-426.5117891,8.269344,Gaussian,QC,"opt+freq: b3lyp/6-311G** em=gd3bj
energy: M062X/6-311G+(2d, p) em=gd3"
354,electrolyte355,COCCOC(C)OC,-462.6386878,0.158956,0.208763,438.596168,-0.24796,0.03875,-462.8558026,-462.4797318,-462.4299248,7.798512000000001,Gaussian,QC,"opt+freq: b3lyp/6-311G** em=gd3bj
energy: M062X/6-311G+(2d, p) em=gd3"
355,electrolyte356,CCOC(C)OCOC,-462.6590407,0.157874,0.208566,446.395144,-0.26477,0.04199,-462.8754138,-462.5011667,-462.4504747,8.343872000000001,Gaussian,QC,"opt+freq: b3lyp/6-311G** em=gd3bj
energy: M062X/6-311G+(2d, p) em=gd3"
356,electrolyte357,CCC(OC)OCOC,-462.6547413,0.159269,0.208891,436.97696,-0.26845,0.04433,-462.8711854,-462.4954723,-462.4458503,8.507616,Gaussian,QC,"opt+freq: b3lyp/6-311G** em=gd3bj
energy: M062X/6-311G+(2d, p) em=gd3"
357,electrolyte358,CCOCOC(C)OC,-462.6517467,0.158523,0.209037,444.830328,-0.26567,0.0399,-462.8697062,-462.4932237,-462.4427097,8.311504,Gaussian,QC,"opt+freq: b3lyp/6-311G** em=gd3bj
energy: M062X/6-311G+(2d, p) em=gd3"
358,electrolyte359,COC(OC)C(C)(C)C,-426.7469053,0.181357,0.23087,436.01464,-0.26329,0.03729,-426.9677127,-426.5655483,-426.5160353,8.175776,Gaussian,QC,"opt+freq: b3lyp/6-311G** em=gd3bj
energy: M062X/6-311G+(2d, p) em=gd3"
359,electrolyte360,CCC(C)C(OC)OC,-426.7468749,0.18095,0.231598,446.010216,-0.26667,0.04365,-426.9683538,-426.5659249,-426.5152769,8.440704,Gaussian,QC,"opt+freq: b3lyp/6-311G** em=gd3bj
energy: M062X/6-311G+(2d, p) em=gd3"
360,electrolyte361,COC(CC(C)C)OC,-426.7263382,0.182309,0.23174,435.294992,-0.25178,0.0336,-426.9475588,-426.5440292,-426.4945982,7.762336,Gaussian,QC,"opt+freq: b3lyp/6-311G** em=gd3bj
energy: M062X/6-311G+(2d, p) em=gd3"
361,electrolyte362,CCCCC(OC)OC,-426.7443929,0.181064,0.232142,449.788368,-0.26533,0.03908,-426.9659352,-426.5633289,-426.5122509,8.279952,Gaussian,QC,"opt+freq: b3lyp/6-311G** em=gd3bj
energy: M062X/6-311G+(2d, p) em=gd3"
362,electrolyte363,COCCC(OC)OC,-462.64554,0.157755,0.208694,448.570824,-0.25665,0.04335,-462.8616577,-462.487785,-462.436846,8.16,Gaussian,QC,"opt+freq: b3lyp/6-311G** em=gd3bj
energy: M062X/6-311G+(2d, p) em=gd3"
363,electrolyte364,CCOCC(OC)OC,-462.6436911,0.157804,0.208613,447.420224,-0.24725,0.0434,-462.8610777,-462.4858871,-462.4350781,7.90568,Gaussian,QC,"opt+freq: b3lyp/6-311G** em=gd3bj
energy: M062X/6-311G+(2d, p) em=gd3"
364,electrolyte365,CCCOCC(C)(C)C,-390.8419603,0.202623,0.254013,452.54144,-0.25783,0.03578,-391.0691831,-390.6393373,-390.5879473,7.986191999999999,Gaussian,QC,"opt+freq: b3lyp/6-311G** em=gd3bj
energy: M062X/6-311G+(2d, p) em=gd3"
365,electrolyte366,CCOCC(C)(C)CC,-390.8390006,0.20287,0.254273,452.6585920000001,-0.25701,0.03737,-391.0659191,-390.6361306,-390.5847276,8.007136000000001,Gaussian,QC,"opt+freq: b3lyp/6-311G** em=gd3bj
energy: M062X/6-311G+(2d, p) em=gd3"
366,electrolyte367,CC(C)COCC(C)C,-390.8404665,0.202456,0.254291,456.457664,-0.25769,0.03974,-391.0681931,-390.6380105,-390.5861755,8.090095999999999,Gaussian,QC,"opt+freq: b3lyp/6-311G** em=gd3bj
energy: M062X/6-311G+(2d, p) em=gd3"
367,electrolyte368,CCCOCC(C)CC,-390.8368527,0.202444,0.254877,461.72532,-0.2566,0.04168,-391.0650069,-390.6344087,-390.5819757,8.113216,Gaussian,QC,"opt+freq: b3lyp/6-311G** em=gd3bj
energy: M062X/6-311G+(2d, p) em=gd3"
368,electrolyte369,CCCCOCC(C)C,-390.8378453,0.202756,0.254905,459.21492,-0.25763,0.03682,-391.065927,-390.6350893,-390.5829403,8.00904,Gaussian,QC,"opt+freq: b3lyp/6-311G** em=gd3bj
energy: M062X/6-311G+(2d, p) em=gd3"
369,electrolyte370,COCCOCC(C)C,-426.7348299,0.179575,0.231471,456.993216,-0.24935,0.04117,-426.9578177,-426.5552549,-426.5033589,7.902144,Gaussian,QC,"opt+freq: b3lyp/6-311G** em=gd3bj
energy: M062X/6-311G+(2d, p) em=gd3"
370,electrolyte371,CCOCC(C)C(C)C,-390.8348319,0.202383,0.254596,459.788128,-0.25472,0.03901,-391.062081,-390.6324489,-390.5802359,7.989456,Gaussian,QC,"opt+freq: b3lyp/6-311G** em=gd3bj
energy: M062X/6-311G+(2d, p) em=gd3"
371,electrolyte372,CCOCC(CC)CC,-390.8348322,0.202384,0.254596,459.775576,-0.25472,0.03901,-391.062081,-390.6324482,-390.5802362,7.989456,Gaussian,QC,"opt+freq: b3lyp/6-311G** em=gd3bj
energy: M062X/6-311G+(2d, p) em=gd3"
372,electrolyte373,CCCC(C)COCC,-390.834763,0.202787,0.255007,459.846704,-0.25502,0.04126,-391.0627046,-390.631976,-390.579756,8.058816,Gaussian,QC,"opt+freq: b3lyp/6-311G** em=gd3bj
energy: M062X/6-311G+(2d, p) em=gd3"
373,electrolyte374,CCOCC(C)COC,-426.7356738,0.179586,0.231633,458.327912,-0.24972,0.04266,-426.9579776,-426.5560878,-426.5040408,7.952735999999999,Gaussian,QC,"opt+freq: b3lyp/6-311G** em=gd3bj
energy: M062X/6-311G+(2d, p) em=gd3"
374,electrolyte375,CCCOCCC(C)C,-390.8378227,0.20269,0.254856,459.373912,-0.25753,0.03728,-391.0658784,-390.6351327,-390.5829667,8.018831999999998,Gaussian,QC,"opt+freq: b3lyp/6-311G** em=gd3bj
energy: M062X/6-311G+(2d, p) em=gd3"
375,electrolyte376,CCCCOCCCC,-390.8352072,0.202953,0.255508,462.7964240000001,-0.25756,0.03391,-391.0636273,-390.6322542,-390.5796992,7.927984,Gaussian,QC,"opt+freq: b3lyp/6-311G** em=gd3bj
energy: M062X/6-311G+(2d, p) em=gd3"
376,electrolyte377,CCCCCOCCC,-390.8354145,0.203506,0.255504,457.901144,-0.25737,0.0361,-391.0635918,-390.6319085,-390.5799105,7.982384,Gaussian,QC,"opt+freq: b3lyp/6-311G** em=gd3bj
energy: M062X/6-311G+(2d, p) em=gd3"
377,electrolyte378,CCCOCCCOC,-426.736559,0.179994,0.232077,458.645896,-0.25095,0.04085,-426.9592453,-426.556565,-426.504482,7.93696,Gaussian,QC,"opt+freq: b3lyp/6-311G** em=gd3bj
energy: M062X/6-311G+(2d, p) em=gd3"
378,electrolyte379,CCCCOCCOC,-426.7321737,0.179742,0.232061,460.716976,-0.24926,0.04127,-426.955473,-426.5524317,-426.5001127,7.902416,Gaussian,QC,"opt+freq: b3lyp/6-311G** em=gd3bj
energy: M062X/6-311G+(2d, p) em=gd3"
379,electrolyte380,CCCOCCOCC,-426.7362315,0.18002,0.231981,457.570608,-0.24773,0.03691,-426.9594832,-426.5562115,-426.5042505,7.742208,Gaussian,QC,"opt+freq: b3lyp/6-311G** em=gd3bj
energy: M062X/6-311G+(2d, p) em=gd3"
380,electrolyte381,CCOCCC(C)(C)C,-390.8349257,0.202825,0.254202,452.424288,-0.24909,0.03123,-391.0618643,-390.6321007,-390.5807237,7.624704,Gaussian,QC,"opt+freq: b3lyp/6-311G** em=gd3bj
energy: M062X/6-311G+(2d, p) em=gd3"
381,electrolyte382,CCOCCC(C)CC,-390.8366686,0.202998,0.254212,450.989176,-0.2568,0.0374,-391.0641494,-390.6336706,-390.5824566,8.002239999999999,Gaussian,QC,"opt+freq: b3lyp/6-311G** em=gd3bj
energy: M062X/6-311G+(2d, p) em=gd3"
382,electrolyte383,CCOCCCC(C)C,-390.836668,0.202997,0.254212,450.9933600000001,-0.25679,0.0374,-391.0641494,-390.633671,-390.582456,8.001968,Gaussian,QC,"opt+freq: b3lyp/6-311G** em=gd3bj
energy: M062X/6-311G+(2d, p) em=gd3"
383,electrolyte384,CCCCCCOCC,-390.833161,0.203616,0.255608,457.8342,-0.25572,0.03719,-391.0609009,-390.629545,-390.577553,7.967152,Gaussian,QC,"opt+freq: b3lyp/6-311G** em=gd3bj
energy: M062X/6-311G+(2d, p) em=gd3"
384,electrolyte385,CCOCCCCOC,-426.73492,0.18023,0.232217,457.79236,-0.25289,0.03594,-426.9570144,-426.55469,-426.502703,7.856176,Gaussian,QC,"opt+freq: b3lyp/6-311G** em=gd3bj
energy: M062X/6-311G+(2d, p) em=gd3"
385,electrolyte386,CCOCCCOCC,-426.7374967,0.179691,0.23206,461.16048,-0.24974,0.04309,-426.9608389,-426.5578057,-426.5054367,7.964975999999999,Gaussian,QC,"opt+freq: b3lyp/6-311G** em=gd3bj
energy: M062X/6-311G+(2d, p) em=gd3"
386,electrolyte387,COCCOCCOC,-462.6263077,0.157291,0.208838,453.926344,-0.23452,0.04574,-462.8427892,-462.4690167,-462.4174697,7.623072,Gaussian,QC,"opt+freq: b3lyp/6-311G** em=gd3bj
energy: M062X/6-311G+(2d, p) em=gd3"
387,electrolyte388,CCOCCOCOC,-462.6408229,0.157539,0.209198,454.909584,-0.25124,0.03531,-462.8581864,-462.4832839,-462.4316249,7.794160000000001,Gaussian,QC,"opt+freq: b3lyp/6-311G** em=gd3bj
energy: M062X/6-311G+(2d, p) em=gd3"
388,electrolyte389,CCCOC(OC)OC,-462.6607735,0.157158,0.208555,452.595832,-0.27278,0.04414,-462.8772892,-462.5036155,-462.4522185,8.620224,Gaussian,QC,"opt+freq: b3lyp/6-311G** em=gd3bj
energy: M062X/6-311G+(2d, p) em=gd3"
389,electrolyte390,CCOC(OC)OCC,-462.662392,0.157317,0.208526,450.9431520000001,-0.2715,0.03793,-462.8803435,-462.505075,-462.453866,8.416496,Gaussian,QC,"opt+freq: b3lyp/6-311G** em=gd3bj
energy: M062X/6-311G+(2d, p) em=gd3"
390,electrolyte391,COCOCC(C)(C)C,-426.7499542,0.180511,0.231198,446.357488,-0.27349,0.03614,-426.9710336,-426.5694432,-426.5187562,8.421936,Gaussian,QC,"opt+freq: b3lyp/6-311G** em=gd3bj
energy: M062X/6-311G+(2d, p) em=gd3"
391,electrolyte392,CCC(C)COCOC,-426.7450276,0.180086,0.232018,457.3112,-0.27284,0.0427,-426.9671182,-426.5649416,-426.5130096,8.582688000000001,Gaussian,QC,"opt+freq: b3lyp/6-311G** em=gd3bj
energy: M062X/6-311G+(2d, p) em=gd3"
392,electrolyte393,CCOCOCC(C)C,-426.7488093,0.180121,0.231893,455.901192,-0.27139,0.04195,-426.9719102,-426.5686883,-426.5169163,8.522848,Gaussian,QC,"opt+freq: b3lyp/6-311G** em=gd3bj
energy: M062X/6-311G+(2d, p) em=gd3"
393,electrolyte394,COCOCCC(C)C,-426.7454835,0.18025,0.232,455.712912,-0.27325,0.03989,-426.9674182,-426.5652335,-426.5134834999999,8.517408,Gaussian,QC,"opt+freq: b3lyp/6-311G** em=gd3bj
energy: M062X/6-311G+(2d, p) em=gd3"
394,electrolyte395,CCCCOCOCC,-426.7461603,0.180456,0.23249,458.21076,-0.27133,0.04025,-426.9695906,-426.5657043,-426.5136703,8.474976,Gaussian,QC,"opt+freq: b3lyp/6-311G** em=gd3bj
energy: M062X/6-311G+(2d, p) em=gd3"
395,electrolyte396,CCCCCOCOC,-426.7430721,0.180959,0.232628,454.9890800000001,-0.27324,0.03819,-426.9651521,-426.5621131,-426.5104441,8.470896,Gaussian,QC,"opt+freq: b3lyp/6-311G** em=gd3bj
energy: M062X/6-311G+(2d, p) em=gd3"
396,electrolyte397,COCCCOCOC,-462.6398975,0.158594,0.209391,447.315624,-0.25173,0.04294,-462.8560462,-462.4813035,-462.4305065,8.015023999999999,Gaussian,QC,"opt+freq: b3lyp/6-311G** em=gd3bj
energy: M062X/6-311G+(2d, p) em=gd3"
397,electrolyte398,CCCOCOCCC,-426.7484853,0.180128,0.232309,459.5078,-0.2724,0.04236,-426.9717858,-426.5683573,-426.5161763,8.561472,Gaussian,QC,"opt+freq: b3lyp/6-311G** em=gd3bj
energy: M062X/6-311G+(2d, p) em=gd3"
398,electrolyte399,CCCOCOCOC,-462.6555402,0.158288,0.209496,450.938968,-0.27349,0.04482,-462.8732348,-462.4972522,-462.4460442,8.658031999999999,Gaussian,QC,"opt+freq: b3lyp/6-311G** em=gd3bj
energy: M062X/6-311G+(2d, p) em=gd3"
399,electrolyte400,CCOCOCCOC,-462.6396486,0.158975,0.209308,443.236224,-0.25074,0.03957,-462.856528,-462.4806736,-462.4303406,7.896432,Gaussian,QC,"opt+freq: b3lyp/6-311G** em=gd3bj
energy: M062X/6-311G+(2d, p) em=gd3"
400,electrolyte401,CCOCOCOCC,-462.6566889,0.158598,0.209513,448.35744,-0.27006,0.04175,-462.8754229,-462.4980909,-462.4471759,8.481232,Gaussian,QC,"opt+freq: b3lyp/6-311G** em=gd3bj
energy: M062X/6-311G+(2d, p) em=gd3"
401,electrolyte402,COCC(C)(C)C(C)C,-390.8339197,0.20458,0.254213,437.0690080000001,-0.26038,0.03625,-391.059706,-390.6293397,-390.5797067,8.068336,Gaussian,QC,"opt+freq: b3lyp/6-311G** em=gd3bj
energy: M062X/6-311G+(2d, p) em=gd3"
402,electrolyte403,CCC(C)(CC)COC,-390.8239868,0.204968,0.254759,438.458096,-0.25262,0.03778,-391.0503057,-390.6190188,-390.5692278,7.898879999999999,Gaussian,QC,"opt+freq: b3lyp/6-311G** em=gd3bj
energy: M062X/6-311G+(2d, p) em=gd3"
403,electrolyte404,CCCC(C)(C)COC,-390.8334603,0.203922,0.254609,446.344936,-0.25915,0.03852,-391.0595216,-390.6295383,-390.5788513,8.096624,Gaussian,QC,"opt+freq: b3lyp/6-311G** em=gd3bj
energy: M062X/6-311G+(2d, p) em=gd3"
404,electrolyte405,COCC(C)(C)COC,-426.7376515,0.180295,0.23103,446.775888,-0.25144,0.04047,-426.9587692,-426.5573565,-426.5066215000001,7.939952,Gaussian,QC,"opt+freq: b3lyp/6-311G** em=gd3bj
energy: M062X/6-311G+(2d, p) em=gd3"
405,electrolyte406,COCC(C)C(C)(C)C,-390.8336328,0.203797,0.254076,442.75088,-0.25702,0.03672,-391.059029,-390.6298358,-390.5795568,7.989727999999999,Gaussian,QC,"opt+freq: b3lyp/6-311G** em=gd3bj
energy: M062X/6-311G+(2d, p) em=gd3"
406,electrolyte407,CCC(COC)C(C)C,-390.8318724,0.203301,0.254856,453.98492,-0.2589,0.03587,-391.0586196,-390.6285714,-390.5770164,8.017744,Gaussian,QC,"opt+freq: b3lyp/6-311G** em=gd3bj
energy: M062X/6-311G+(2d, p) em=gd3"
407,electrolyte408,CCC(C)C(C)COC,-390.8289844,0.202687,0.254912,459.892728,-0.25337,0.03905,-391.0555279,-390.6262974,-390.5740724,7.953824,Gaussian,QC,"opt+freq: b3lyp/6-311G** em=gd3bj
energy: M062X/6-311G+(2d, p) em=gd3"
408,electrolyte409,CCCC(CC)COC,-390.8273295,0.203222,0.254973,455.72128,-0.25269,0.03802,-391.0539112,-390.6241075,-390.5723565,7.907312,Gaussian,QC,"opt+freq: b3lyp/6-311G** em=gd3bj
energy: M062X/6-311G+(2d, p) em=gd3"
409,electrolyte410,CCC(COC)COC,-426.7321545,0.179979,0.231828,456.579,-0.25282,0.0379,-426.9540428,-426.5521755,-426.5003265,7.907583999999999,Gaussian,QC,"opt+freq: b3lyp/6-311G** em=gd3bj
energy: M062X/6-311G+(2d, p) em=gd3"
410,electrolyte411,COCC(C)CC(C)C,-390.8341342,0.203222,0.254566,452.139776,-0.25758,0.03745,-391.0605772,-390.6309122,-390.5795682,8.024816,Gaussian,QC,"opt+freq: b3lyp/6-311G** em=gd3bj
energy: M062X/6-311G+(2d, p) em=gd3"
411,electrolyte412,CCCCC(C)COC,-390.8322235,0.203636,0.255263,454.6292560000001,-0.25869,0.04096,-391.0594846,-390.6285875,-390.5769605,8.150479999999998,Gaussian,QC,"opt+freq: b3lyp/6-311G** em=gd3bj
energy: M062X/6-311G+(2d, p) em=gd3"
412,electrolyte413,COCCC(C)COC,-426.7324018,0.179999,0.231705,455.319616,-0.25386,0.03981,-426.953676,-426.5524028,-426.5006968,7.987824,Gaussian,QC,"opt+freq: b3lyp/6-311G** em=gd3bj
energy: M062X/6-311G+(2d, p) em=gd3"
413,electrolyte414,CCC(C)(C)CCOC,-390.8332263,0.204036,0.25445,443.951688,-0.25888,0.03597,-391.0600547,-390.6291903,-390.5787763,8.019919999999999,Gaussian,QC,"opt+freq: b3lyp/6-311G** em=gd3bj
energy: M062X/6-311G+(2d, p) em=gd3"
414,electrolyte415,COCCC(C)C(C)C,-390.8317303,0.202966,0.254768,456.164784,-0.25847,0.03935,-391.0578654,-390.6287643,-390.5769623,8.100703999999999,Gaussian,QC,"opt+freq: b3lyp/6-311G** em=gd3bj
energy: M062X/6-311G+(2d, p) em=gd3"
415,electrolyte416,CCC(CC)CCOC,-390.8307322,0.203202,0.255316,458.913672,-0.2576,0.03904,-391.0575152,-390.6275302,-390.5754162,8.068608,Gaussian,QC,"opt+freq: b3lyp/6-311G** em=gd3bj
energy: M062X/6-311G+(2d, p) em=gd3"
416,electrolyte417,CCCC(C)CCOC,-390.827278,0.204631,0.255506,447.997616,-0.26055,0.03637,-391.0546231,-390.622647,-390.571772,8.076224,Gaussian,QC,"opt+freq: b3lyp/6-311G** em=gd3bj
energy: M062X/6-311G+(2d, p) em=gd3"
417,electrolyte418,COCCCC(C)(C)C,-390.8322941,0.203562,0.254323,446.99764,-0.25681,0.03479,-391.0584416,-390.6287321,-390.5779711,7.931519999999999,Gaussian,QC,"opt+freq: b3lyp/6-311G** em=gd3bj
energy: M062X/6-311G+(2d, p) em=gd3"
418,electrolyte419,CCC(C)CCCOC,-390.8318637,0.20356,0.255173,454.499552,-0.2586,0.0358,-391.0585071,-390.6283037,-390.5766907,8.007679999999999,Gaussian,QC,"opt+freq: b3lyp/6-311G** em=gd3bj
energy: M062X/6-311G+(2d, p) em=gd3"
419,electrolyte420,COCCCCC(C)C,-390.8328389,0.203891,0.255157,451.445232,-0.25834,0.03348,-391.0592742,-390.6289479,-390.5776819,7.937504000000001,Gaussian,QC,"opt+freq: b3lyp/6-311G** em=gd3bj
energy: M062X/6-311G+(2d, p) em=gd3"
420,electrolyte421,CCCCCCCOC,-390.8302548,0.204282,0.255768,453.382424,-0.25782,0.0354,-391.0569011,-390.6259728,-390.5744868,7.975584,Gaussian,QC,"opt+freq: b3lyp/6-311G** em=gd3bj
energy: M062X/6-311G+(2d, p) em=gd3"
421,electrolyte422,COCCCCCOC,-426.7309617,0.180785,0.232322,453.830112,-0.25561,0.03523,-426.9520898,-426.5501767,-426.4986397,7.910848,Gaussian,QC,"opt+freq: b3lyp/6-311G** em=gd3bj
energy: M062X/6-311G+(2d, p) em=gd3"
422,electrolyte423,COC(OC)(OC)OC,-498.5724288,0.133083,0.184363,451.574936,-0.27063,0.03943,-498.7815507,-498.4393458,-498.3880658,8.433632,Gaussian,QC,"opt+freq: b3lyp/6-311G** em=gd3bj
energy: M062X/6-311G+(2d, p) em=gd3"
423,electrolyte424,COCOC(OC)OC,-498.5773769,0.134767,0.184576,438.612904,-0.27566,0.04114,-498.7849288,-498.4426099,-498.3928009,8.61696,Gaussian,QC,"opt+freq: b3lyp/6-311G** em=gd3bj
energy: M062X/6-311G+(2d, p) em=gd3"
424,electrolyte425,COCOCOCOC,-498.5724319,0.133007,0.184363,452.244376,-0.27063,0.03943,-498.7815507,-498.4394249,-498.3880689,8.433632,Gaussian,QC,"opt+freq: b3lyp/6-311G** em=gd3bj
energy: M062X/6-311G+(2d, p) em=gd3"
425,electrolyte426,CC1(C)CCC(C)(C)O1,-389.6551355,0.184789,0.231196,408.65128,-0.24403,0.0332,-389.8697835,-389.4703464999999,-389.4239395,7.540655999999999,Gaussian,QC,"opt+freq: b3lyp/6-311G** em=gd3bj
energy: M062X/6-311G+(2d, p) em=gd3"
426,electrolyte427,CC1(C)COC(C)(C)O1,-425.5694625,0.161903,0.207677,403.08656,-0.25365,0.03544,-425.7781804,-425.4075595,-425.3617855,7.863247999999999,Gaussian,QC,"opt+freq: b3lyp/6-311G** em=gd3bj
energy: M062X/6-311G+(2d, p) em=gd3"
427,electrolyte428,CC1CC(C)C(C)(C)O1,-389.6514608,0.185348,0.231779,408.873032,-0.24367,0.03581,-389.8660719,-389.4661128,-389.4196818,7.601856,Gaussian,QC,"opt+freq: b3lyp/6-311G** em=gd3bj
energy: M062X/6-311G+(2d, p) em=gd3"
428,electrolyte429,CCC1(C)CCC(C)O1,-389.6501047,0.186045,0.232003,404.709952,-0.24773,0.03361,-389.8636975,-389.4640597,-389.4181017,7.652448000000001,Gaussian,QC,"opt+freq: b3lyp/6-311G** em=gd3bj
energy: M062X/6-311G+(2d, p) em=gd3"
429,electrolyte430,CC1CCCC(C)(C)O1,-389.6513202,0.185104,0.231853,411.672128,-0.24615,0.03565,-389.8657322,-389.4662162,-389.4194672,7.66496,Gaussian,QC,"opt+freq: b3lyp/6-311G** em=gd3bj
energy: M062X/6-311G+(2d, p) em=gd3"
430,electrolyte431,CC1COCC(C)(C)O1,-425.5511783,0.165011,0.209244,389.517848,-0.24172,0.03809,-425.759714,-425.3861673,-425.3419343,7.610832,Gaussian,QC,"opt+freq: b3lyp/6-311G** em=gd3bj
energy: M062X/6-311G+(2d, p) em=gd3"
431,electrolyte432,CC1CC(C)(C)OC1C,-389.6504477,0.18567,0.231838,406.55928,-0.24455,0.03468,-389.8651814,-389.4647777,-389.4186097,7.595056,Gaussian,QC,"opt+freq: b3lyp/6-311G** em=gd3bj
energy: M062X/6-311G+(2d, p) em=gd3"
432,electrolyte433,CCC1CCC(C)(C)O1,-389.6499516,0.185025,0.232109,414.621848,-0.24575,0.03726,-389.8652878,-389.4649266,-389.4178426,7.697871999999999,Gaussian,QC,"opt+freq: b3lyp/6-311G** em=gd3bj
energy: M062X/6-311G+(2d, p) em=gd3"
433,electrolyte434,CC1OC(C)C(C)(C)O1,-425.5687928,0.16225,0.208249,405.065592,-0.25461,0.03767,-425.7773918,-425.4065428,-425.3605438,7.950016,Gaussian,QC,"opt+freq: b3lyp/6-311G** em=gd3bj
energy: M062X/6-311G+(2d, p) em=gd3"
434,electrolyte435,CCC1(C)COC(C)O1,-425.5608678,0.162207,0.208939,411.521504,-0.25262,0.03456,-425.7697602,-425.3986608,-425.3519288,7.811296,Gaussian,QC,"opt+freq: b3lyp/6-311G** em=gd3bj
energy: M062X/6-311G+(2d, p) em=gd3"
435,electrolyte436,CC1OCCC(C)(C)O1,-425.5578638,0.16523,0.209262,387.739648,-0.25605,0.03558,-425.7665562,-425.3926338,-425.3486018,7.932335999999999,Gaussian,QC,"opt+freq: b3lyp/6-311G** em=gd3bj
energy: M062X/6-311G+(2d, p) em=gd3"
436,electrolyte437,CCC1OCC(C)(C)O1,-425.5624088,0.16226,0.208813,409.94832,-0.25657,0.03955,-425.7718185,-425.4001488,-425.3535958,8.054464000000001,Gaussian,QC,"opt+freq: b3lyp/6-311G** em=gd3bj
energy: M062X/6-311G+(2d, p) em=gd3"
437,electrolyte438,COC1CCC(C)(C)O1,-425.5549884,0.162977,0.208954,404.873128,-0.25309,0.03705,-425.7638943,-425.3920114,-425.3460344,7.891807999999998,Gaussian,QC,"opt+freq: b3lyp/6-311G** em=gd3bj
energy: M062X/6-311G+(2d, p) em=gd3"
438,electrolyte439,CC1(C)CCOC1(C)C,-389.6467663,0.186517,0.231922,399.835592,-0.24541,0.03283,-389.8591399,-389.4602493,-389.4148443,7.568128,Gaussian,QC,"opt+freq: b3lyp/6-311G** em=gd3bj
energy: M062X/6-311G+(2d, p) em=gd3"
439,electrolyte440,CC(C)C1(C)CCCO1,-389.6439205,0.186708,0.232576,403.906624,-0.24527,0.03742,-389.858089,-389.4572125,-389.4113445,7.689168,Gaussian,QC,"opt+freq: b3lyp/6-311G** em=gd3bj
energy: M062X/6-311G+(2d, p) em=gd3"
440,electrolyte441,CC1CCCOC1(C)C,-389.6476381,0.188982,0.23305,388.057632,-0.24767,0.035,-389.8607457,-389.4586561,-389.4145881,7.688623999999999,Gaussian,QC,"opt+freq: b3lyp/6-311G** em=gd3bj
energy: M062X/6-311G+(2d, p) em=gd3"
441,electrolyte442,CC1OCCOC1(C)C,-425.5527764,0.165805,0.209433,384.183248,-0.23835,0.03873,-425.7602937,-425.3869714,-425.3433434,7.536575999999999,Gaussian,QC,"opt+freq: b3lyp/6-311G** em=gd3bj
energy: M062X/6-311G+(2d, p) em=gd3"
442,electrolyte443,CCC1(C)OCCC1C,-389.6433634,0.186716,0.232817,405.965152,-0.24564,0.03264,-389.8565183,-389.4566474,-389.4105464,7.569215999999999,Gaussian,QC,"opt+freq: b3lyp/6-311G** em=gd3bj
energy: M062X/6-311G+(2d, p) em=gd3"
443,electrolyte444,CCC1(CC)CCCO1,-389.6422232,0.187022,0.233075,405.546752,-0.24517,0.03752,-389.8568512,-389.4552012,-389.4091482,7.689168,Gaussian,QC,"opt+freq: b3lyp/6-311G** em=gd3bj
energy: M062X/6-311G+(2d, p) em=gd3"
444,electrolyte445,CCC1(C)CCCCO1,-389.642802,0.18718,0.233126,404.601168,-0.24677,0.03896,-389.8572154,-389.455622,-389.409676,7.771856,Gaussian,QC,"opt+freq: b3lyp/6-311G** em=gd3bj
energy: M062X/6-311G+(2d, p) em=gd3"
445,electrolyte446,CCOC1(C)CCCC1,-389.635618,0.185429,0.232834,417.450232,-0.2476,0.03278,-389.850088,-389.450189,-389.402784,7.626335999999998,Gaussian,QC,"opt+freq: b3lyp/6-311G** em=gd3bj
energy: M062X/6-311G+(2d, p) em=gd3"
446,electrolyte447,CCC1(C)COCCO1,-425.5489176,0.165572,0.209926,390.580584,-0.23927,0.04122,-425.7569509,-425.3833456,-425.3389916,7.629328,Gaussian,QC,"opt+freq: b3lyp/6-311G** em=gd3bj
energy: M062X/6-311G+(2d, p) em=gd3"
447,electrolyte448,CCOC1(C)CCOC1,-425.5406303,0.163168,0.209481,407.831216,-0.25258,0.03818,-425.7491593,-425.3774623,-425.3311493,7.908672,Gaussian,QC,"opt+freq: b3lyp/6-311G** em=gd3bj
energy: M062X/6-311G+(2d, p) em=gd3"
448,electrolyte449,CC1COC(C)(C)C1C,-389.6446091,0.186288,0.232241,404.65556,-0.24293,0.0328,-389.8582448,-389.4583211,-389.4123681,7.499856,Gaussian,QC,"opt+freq: b3lyp/6-311G** em=gd3bj
energy: M062X/6-311G+(2d, p) em=gd3"
449,electrolyte450,CCC1(C)CC(C)CO1,-389.6452585,0.185711,0.232415,411.278832,-0.24648,0.03707,-389.8602122,-389.4595475,-389.4128435,7.712560000000001,Gaussian,QC,"opt+freq: b3lyp/6-311G** em=gd3bj
energy: M062X/6-311G+(2d, p) em=gd3"
450,electrolyte451,CC1CCC(C)(C)OC1,-389.6495935,0.188248,0.232811,392.421544,-0.24798,0.0331,-389.8635411,-389.4613455,-389.4167825,7.645376,Gaussian,QC,"opt+freq: b3lyp/6-311G** em=gd3bj
energy: M062X/6-311G+(2d, p) em=gd3"
451,electrolyte452,CCC1CCOC1(C)C,-389.6407317,0.186305,0.2327,408.550864,-0.24335,0.03335,-389.8547734,-389.4544267,-389.4080317,7.52624,Gaussian,QC,"opt+freq: b3lyp/6-311G** em=gd3bj
energy: M062X/6-311G+(2d, p) em=gd3"
452,electrolyte453,CCCC1(C)CCCO1,-389.6388602,0.186799,0.233101,407.734984,-0.24627,0.03606,-389.8540684,-389.4520612,-389.4057592,7.679375999999999,Gaussian,QC,"opt+freq: b3lyp/6-311G** em=gd3bj
energy: M062X/6-311G+(2d, p) em=gd3"
453,electrolyte454,CC1CCOC(C)(C)C1,-389.6454916,0.188293,0.232876,392.597272,-0.24755,0.03239,-389.8596257,-389.4571986,-389.4126156,7.614367999999999,Gaussian,QC,"opt+freq: b3lyp/6-311G** em=gd3bj
energy: M062X/6-311G+(2d, p) em=gd3"
454,electrolyte455,CC1COC(C)(C)CO1,-425.5538518,0.165155,0.209324,388.948824,-0.23887,0.03725,-425.7622144,-425.3886968,-425.3445278,7.510463999999999,Gaussian,QC,"opt+freq: b3lyp/6-311G** em=gd3bj
energy: M062X/6-311G+(2d, p) em=gd3"
455,electrolyte456,COC1CCOC1(C)C,-425.5457185,0.162654,0.209118,409.161728,-0.24992,0.03584,-425.7540324,-425.3830645,-425.3366005,7.772672,Gaussian,QC,"opt+freq: b3lyp/6-311G** em=gd3bj
energy: M062X/6-311G+(2d, p) em=gd3"
456,electrolyte457,COCC1(C)CCCO1,-425.5394488,0.163262,0.209667,408.647096,-0.24228,0.03389,-425.7487466,-425.3761868,-425.3297818,7.511824000000001,Gaussian,QC,"opt+freq: b3lyp/6-311G** em=gd3bj
energy: M062X/6-311G+(2d, p) em=gd3"
457,electrolyte458,CC1(C)COC(C)(C)C1,-389.6483645,0.185889,0.231576,402.325072,-0.24873,0.0334,-389.8625519,-389.4624755,-389.4167885,7.673935999999999,Gaussian,QC,"opt+freq: b3lyp/6-311G** em=gd3bj
energy: M062X/6-311G+(2d, p) em=gd3"
458,electrolyte459,CCC1COC(C)(C)C1,-389.6483639,0.185886,0.231576,402.345992,-0.24872,0.03339,-389.8625519,-389.4624779,-389.4167879,7.673391999999999,Gaussian,QC,"opt+freq: b3lyp/6-311G** em=gd3bj
energy: M062X/6-311G+(2d, p) em=gd3"
459,electrolyte460,COC1COC(C)(C)C1,-425.5454646,0.162414,0.208733,407.885608,-0.2442,0.03521,-425.7550776,-425.3830506,-425.3367316,7.599951999999999,Gaussian,QC,"opt+freq: b3lyp/6-311G** em=gd3bj
energy: M062X/6-311G+(2d, p) em=gd3"
460,electrolyte461,COC1OCC(C)(C)O1,-461.4747764,0.139839,0.185772,404.492384,-0.26881,0.04059,-461.6785221,-461.3349374,-461.2890044,8.41568,Gaussian,QC,"opt+freq: b3lyp/6-311G** em=gd3bj
energy: M062X/6-311G+(2d, p) em=gd3"
461,electrolyte462,CC1(C)OCOC1(C)C,-425.5632867,0.163001,0.2082,398.019736,-0.251,0.03431,-425.7697298,-425.4002857,-425.3550867,7.760432,Gaussian,QC,"opt+freq: b3lyp/6-311G** em=gd3bj
energy: M062X/6-311G+(2d, p) em=gd3"
462,electrolyte463,CC(C)C1(C)COCO1,-425.5524079,0.16376,0.209336,401.3502,-0.257,0.03607,-425.7606063,-425.3886479,-425.3430719,7.971503999999999,Gaussian,QC,"opt+freq: b3lyp/6-311G** em=gd3bj
energy: M062X/6-311G+(2d, p) em=gd3"
463,electrolyte464,CC1COCOC1(C)C,-425.5577043,0.166166,0.209774,384.015888,-0.2633,0.03479,-425.7651098,-425.3915383,-425.3479303,8.108047999999998,Gaussian,QC,"opt+freq: b3lyp/6-311G** em=gd3bj
energy: M062X/6-311G+(2d, p) em=gd3"
464,electrolyte465,CCC1(C)OCOC1C,-425.5565684,0.16329,0.209224,404.492384,-0.25199,0.03621,-425.764326,-425.3932784,-425.3473444,7.83904,Gaussian,QC,"opt+freq: b3lyp/6-311G** em=gd3bj
energy: M062X/6-311G+(2d, p) em=gd3"
465,electrolyte466,CCC1(CC)COCO1,-425.5472966,0.16379,0.209865,405.735032,-0.25558,0.03219,-425.756029,-425.3835066,-425.3374316,7.827343999999999,Gaussian,QC,"opt+freq: b3lyp/6-311G** em=gd3bj
energy: M062X/6-311G+(2d, p) em=gd3"
466,electrolyte467,CCC1(C)CCOCO1,-425.5519187,0.164148,0.209791,401.927592,-0.25903,0.03644,-425.7606173,-425.3877707,-425.3421277,8.036784,Gaussian,QC,"opt+freq: b3lyp/6-311G** em=gd3bj
energy: M062X/6-311G+(2d, p) em=gd3"
467,electrolyte468,CCC1OCOC1(C)C,-425.5587987,0.162742,0.209019,407.5090480000001,-0.25493,0.03762,-425.7670314,-425.3960567,-425.3497797,7.95736,Gaussian,QC,"opt+freq: b3lyp/6-311G** em=gd3bj
energy: M062X/6-311G+(2d, p) em=gd3"
468,electrolyte469,CCCC1(C)COCO1,-425.5481508,0.163139,0.209751,410.462952,-0.25724,0.0351,-425.7566467,-425.3850118,-425.3383998,7.951648000000001,Gaussian,QC,"opt+freq: b3lyp/6-311G** em=gd3bj
energy: M062X/6-311G+(2d, p) em=gd3"
469,electrolyte470,CC1CC(C)(C)OCO1,-425.5498953,0.163572,0.2097,406.1994560000001,-0.261,0.03701,-425.759537,-425.3863233,-425.3401953,8.105872,Gaussian,QC,"opt+freq: b3lyp/6-311G** em=gd3bj
energy: M062X/6-311G+(2d, p) em=gd3"
470,electrolyte471,COC1OCOC1(C)C,-461.4674137,0.140081,0.185898,403.4631200000001,-0.25711,0.04021,-461.6709288,-461.3273327,-461.2815157,8.087104,Gaussian,QC,"opt+freq: b3lyp/6-311G** em=gd3bj
energy: M062X/6-311G+(2d, p) em=gd3"
471,electrolyte472,COCC1(C)COCO1,-461.4490607,0.139851,0.186162,407.81448,-0.2604,0.03523,-461.6515061,-461.3092097,-461.2628987,8.041136,Gaussian,QC,"opt+freq: b3lyp/6-311G** em=gd3bj
energy: M062X/6-311G+(2d, p) em=gd3"
472,electrolyte473,COC1(C)CCCC1C,-389.6352444,0.186669,0.232798,406.207824,-0.25105,0.03266,-389.8482644,-389.4485754,-389.4024464,7.716912000000001,Gaussian,QC,"opt+freq: b3lyp/6-311G** em=gd3bj
energy: M062X/6-311G+(2d, p) em=gd3"
473,electrolyte474,COC1(C)COCC1C,-425.5388899,0.163478,0.209306,403.563536,-0.24078,0.03211,-425.7472921,-425.3754119,-425.3295839,7.422607999999999,Gaussian,QC,"opt+freq: b3lyp/6-311G** em=gd3bj
energy: M062X/6-311G+(2d, p) em=gd3"
474,electrolyte475,COC1(C)CCOC1C,-425.5429563,0.162801,0.20919,408.5048400000001,-0.2497,0.03539,-425.751147,-425.3801553,-425.3337663,7.754448,Gaussian,QC,"opt+freq: b3lyp/6-311G** em=gd3bj
energy: M062X/6-311G+(2d, p) em=gd3"
475,electrolyte476,CCC1(OC)CCCC1,-389.632289,0.187147,0.233003,403.806208,-0.24917,0.03583,-389.8465109,-389.445142,-389.399286,7.752000000000001,Gaussian,QC,"opt+freq: b3lyp/6-311G** em=gd3bj
energy: M062X/6-311G+(2d, p) em=gd3"
476,electrolyte477,CCC1(OC)CCOC1,-425.5342153,0.16314,0.2098,410.88972,-0.24591,0.03551,-425.7428174,-425.3710753,-425.3244153000001,7.654624,Gaussian,QC,"opt+freq: b3lyp/6-311G** em=gd3bj
energy: M062X/6-311G+(2d, p) em=gd3"
477,electrolyte478,COC1(C)CCC(C)C1,-389.6352669,0.184921,0.23252,419.1531200000001,-0.25073,0.03361,-389.8491991,-389.4503459,-389.4027469,7.734048,Gaussian,QC,"opt+freq: b3lyp/6-311G** em=gd3bj
energy: M062X/6-311G+(2d, p) em=gd3"
478,electrolyte479,COC1(C)CCCCC1,-389.6363722,0.185903,0.232487,410.22028,-0.25195,0.03669,-389.8506592,-389.4504692,-389.4038852,7.851008,Gaussian,QC,"opt+freq: b3lyp/6-311G** em=gd3bj
energy: M062X/6-311G+(2d, p) em=gd3"
479,electrolyte480,COC1(C)CCOCC1,-425.5475494,0.165157,0.209973,394.651616,-0.24567,0.03777,-425.7554744,-425.3823924,-425.3375764,7.709568000000001,Gaussian,QC,"opt+freq: b3lyp/6-311G** em=gd3bj
energy: M062X/6-311G+(2d, p) em=gd3"
480,electrolyte481,COC1(C)COC(C)C1,-425.5436348,0.16245,0.209037,410.2412,-0.24948,0.03496,-425.7522056,-425.3811848,-425.3345978,7.736768000000001,Gaussian,QC,"opt+freq: b3lyp/6-311G** em=gd3bj
energy: M062X/6-311G+(2d, p) em=gd3"
481,electrolyte482,COC1(C)CCCOC1,-425.5467724,0.165832,0.209933,388.354696,-0.24615,0.03801,-425.7547284,-425.3809404,-425.3368394,7.729152,Gaussian,QC,"opt+freq: b3lyp/6-311G** em=gd3bj
energy: M062X/6-311G+(2d, p) em=gd3"
482,electrolyte483,COC1(C)COCOC1,-461.4525306,0.142814,0.18663,385.844296,-0.25618,0.03401,-461.6539234,-461.3097166,-461.2659006,7.893168,Gaussian,QC,"opt+freq: b3lyp/6-311G** em=gd3bj
energy: M062X/6-311G+(2d, p) em=gd3"
483,electrolyte484,CCC1(C)OCC(C)O1,-425.5626608,0.162681,0.208781,405.956784,-0.25414,0.03747,-425.7718165,-425.3999798,-425.3538798,7.931791999999999,Gaussian,QC,"opt+freq: b3lyp/6-311G** em=gd3bj
energy: M062X/6-311G+(2d, p) em=gd3"
484,electrolyte485,COC1(C)CCC(C)O1,-425.5572397,0.163357,0.208951,401.505008,-0.25033,0.0353,-425.7662232,-425.3938827,-425.3482887,7.769136,Gaussian,QC,"opt+freq: b3lyp/6-311G** em=gd3bj
energy: M062X/6-311G+(2d, p) em=gd3"
485,electrolyte486,CC1CCOC(C)(C)O1,-425.5597952,0.16491,0.209085,388.994848,-0.25578,0.03531,-425.768507,-425.3948852,-425.3507102,7.917648,Gaussian,QC,"opt+freq: b3lyp/6-311G** em=gd3bj
energy: M062X/6-311G+(2d, p) em=gd3"
486,electrolyte487,CC1OC(C)(C)OC1C,-425.56897,0.162364,0.208137,403.074008,-0.25346,0.03708,-425.7776978,-425.406606,-425.360833,7.902688,Gaussian,QC,"opt+freq: b3lyp/6-311G** em=gd3bj
energy: M062X/6-311G+(2d, p) em=gd3"
487,electrolyte488,CCC1COC(C)(C)O1,-425.5624697,0.161605,0.208733,415.002592,-0.25438,0.03808,-425.7717973,-425.4008647,-425.3537367,7.954911999999999,Gaussian,QC,"opt+freq: b3lyp/6-311G** em=gd3bj
energy: M062X/6-311G+(2d, p) em=gd3"
488,electrolyte489,COC1(C)COC(C)O1,-461.4657296,0.139407,0.1853,404.128376,-0.25633,0.03504,-461.6688698,-461.3263226,-461.2804296,7.925264,Gaussian,QC,"opt+freq: b3lyp/6-311G** em=gd3bj
energy: M062X/6-311G+(2d, p) em=gd3"
489,electrolyte490,CC1OCOC(C)(C)O1,-461.4749779,0.142083,0.185784,384.831768,-0.2621,0.03625,-461.6777101,-461.3328949,-461.2891939,8.11512,Gaussian,QC,"opt+freq: b3lyp/6-311G** em=gd3bj
energy: M062X/6-311G+(2d, p) em=gd3"
490,electrolyte491,COC1COC(C)(C)O1,-461.4734719,0.139972,0.185554,401.39204,-0.26215,0.04245,-461.6770367,-461.3334999,-461.2879179,8.28512,Gaussian,QC,"opt+freq: b3lyp/6-311G** em=gd3bj
energy: M062X/6-311G+(2d, p) em=gd3"
491,electrolyte492,CC(C)C1(C)OCCO1,-425.5583592,0.162871,0.208936,405.647168,-0.25389,0.03833,-425.7667591,-425.3954882,-425.3494232,7.948384000000001,Gaussian,QC,"opt+freq: b3lyp/6-311G** em=gd3bj
energy: M062X/6-311G+(2d, p) em=gd3"
492,electrolyte493,CCC1(CC)OCCO1,-425.5585435,0.163394,0.208996,401.5677680000001,-0.25473,0.03923,-425.7667854,-425.3951495,-425.3495475,7.995712,Gaussian,QC,"opt+freq: b3lyp/6-311G** em=gd3bj
energy: M062X/6-311G+(2d, p) em=gd3"
493,electrolyte494,COC1(C)OCCC1C,-425.55358,0.163589,0.209193,401.58032,-0.25371,0.03563,-425.7627263,-425.389991,-425.344387,7.870048,Gaussian,QC,"opt+freq: b3lyp/6-311G** em=gd3bj
energy: M062X/6-311G+(2d, p) em=gd3"
494,electrolyte495,CCC1(OC)CCCO1,-425.552911,0.163986,0.209648,402.1033200000001,-0.2573,0.03469,-425.76214,-425.388925,-425.343263,7.942127999999999,Gaussian,QC,"opt+freq: b3lyp/6-311G** em=gd3bj
energy: M062X/6-311G+(2d, p) em=gd3"
495,electrolyte496,COC1(C)CCCCO1,-425.5619046,0.165713,0.209952,389.568056,-0.26044,0.04346,-425.7698144,-425.3961916,-425.3519526,8.26608,Gaussian,QC,"opt+freq: b3lyp/6-311G** em=gd3bj
energy: M062X/6-311G+(2d, p) em=gd3"
496,electrolyte497,CCC1(C)OCCCO1,-425.5592555,0.165337,0.209705,390.706104,-0.26155,0.03762,-425.7677421,-425.3939185,-425.3495505,8.137424,Gaussian,QC,"opt+freq: b3lyp/6-311G** em=gd3bj
energy: M062X/6-311G+(2d, p) em=gd3"
497,electrolyte498,CCOC1(C)CCCO1,-425.5550317,0.163547,0.209303,402.9275680000001,-0.24822,0.03539,-425.7649642,-425.3914847,-425.3457287,7.714191999999999,Gaussian,QC,"opt+freq: b3lyp/6-311G** em=gd3bj
energy: M062X/6-311G+(2d, p) em=gd3"
498,electrolyte499,CCCC1(C)OCCO1,-425.5537067,0.16281,0.209366,409.965056,-0.25498,0.03763,-425.7623784,-425.3908967,-425.3443407,7.958991999999999,Gaussian,QC,"opt+freq: b3lyp/6-311G** em=gd3bj
energy: M062X/6-311G+(2d, p) em=gd3"
499,electrolyte500,COC1(C)COCCO1,-461.4520962,0.142052,0.186406,390.5764,-0.2442,0.04219,-461.6551092,-461.3100442,-461.2656902000001,7.789807999999999,Gaussian,QC,"opt+freq: b3lyp/6-311G** em=gd3bj
energy: M062X/6-311G+(2d, p) em=gd3"
500,electrolyte501,CCOC1(C)COCO1,-461.4586566,0.140688,0.18618,400.601264,-0.25756,0.03446,-461.6607016,-461.3179686,-461.2724766,7.942944,Gaussian,QC,"opt+freq: b3lyp/6-311G** em=gd3bj
energy: M062X/6-311G+(2d, p) em=gd3"
501,electrolyte502,COCC1(C)OCCO1,-461.454071,0.139858,0.186064,406.885632,-0.24192,0.03645,-461.6577798,-461.314213,-461.268007,7.571664,Gaussian,QC,"opt+freq: b3lyp/6-311G** em=gd3bj
energy: M062X/6-311G+(2d, p) em=gd3"
502,electrolyte503,COC1(C)CC(C)CO1,-425.5565623,0.162843,0.209205,408.262168,-0.26271,0.04039,-425.7658839,-425.3937193,-425.3473573,8.24432,Gaussian,QC,"opt+freq: b3lyp/6-311G** em=gd3bj
energy: M062X/6-311G+(2d, p) em=gd3"
503,electrolyte504,CC1COC(C)(C)OC1,-425.562765,0.164571,0.209077,391.91528,-0.25961,0.03603,-425.770877,-425.398194,-425.353688,8.041408,Gaussian,QC,"opt+freq: b3lyp/6-311G** em=gd3bj
energy: M062X/6-311G+(2d, p) em=gd3"
504,electrolyte505,COC1(C)OCOC1C,-461.4612778,0.140216,0.185744,400.919248,-0.24782,0.03358,-461.6630637,-461.3210618,-461.2755338,7.65408,Gaussian,QC,"opt+freq: b3lyp/6-311G** em=gd3bj
energy: M062X/6-311G+(2d, p) em=gd3"
505,electrolyte506,CCC1(OC)COCO1,-461.4601206,0.141048,0.186381,399.207992,-0.26445,0.0398,-461.6632226,-461.3190726,-461.2737396,8.2756,Gaussian,QC,"opt+freq: b3lyp/6-311G** em=gd3bj
energy: M062X/6-311G+(2d, p) em=gd3"
506,electrolyte507,COC1(C)CCOCO1,-461.4706035,0.143061,0.186773,384.923816,-0.26304,0.0445,-461.6724322,-461.3275425,-461.2838305,8.365088,Gaussian,QC,"opt+freq: b3lyp/6-311G** em=gd3bj
energy: M062X/6-311G+(2d, p) em=gd3"
507,electrolyte508,CCC1(C)OCOCO1,-461.4733147,0.142889,0.186699,385.794088,-0.26871,0.03685,-461.6754141,-461.3304257,-461.2866157,8.311232,Gaussian,QC,"opt+freq: b3lyp/6-311G** em=gd3bj
energy: M062X/6-311G+(2d, p) em=gd3"
508,electrolyte509,COC1(OC)CCCC1,-425.532521,0.16404,0.209434,399.735176,-0.24352,0.03246,-425.7398897,-425.368481,-425.323087,7.506656,Gaussian,QC,"opt+freq: b3lyp/6-311G** em=gd3bj
energy: M062X/6-311G+(2d, p) em=gd3"
509,electrolyte510,COC1(OC)CCOC1,-461.4439831,0.140657,0.186309,402.011272,-0.2459,0.03587,-461.6463707,-461.3033261,-461.2576741,7.664144,Gaussian,QC,"opt+freq: b3lyp/6-311G** em=gd3bj
energy: M062X/6-311G+(2d, p) em=gd3"
510,electrolyte511,CC1CC(C)(C)C(C)O1,-389.6480319,0.186046,0.231985,404.5342240000001,-0.24531,0.03563,-389.8621729,-389.4619859,-389.4160469,7.641568,Gaussian,QC,"opt+freq: b3lyp/6-311G** em=gd3bj
energy: M062X/6-311G+(2d, p) em=gd3"
511,electrolyte512,CC1CCC(C(C)C)O1,-389.649345,0.185733,0.231939,406.885632,-0.24491,0.0348,-389.863528,-389.463612,-389.417406,7.608112,Gaussian,QC,"opt+freq: b3lyp/6-311G** em=gd3bj
energy: M062X/6-311G+(2d, p) em=gd3"
512,electrolyte513,CC1CCC(C)C(C)O1,-389.6490735,0.185729,0.232,407.463024,-0.24916,0.03644,-389.8630098,-389.4633445,-389.4170735,7.768319999999999,Gaussian,QC,"opt+freq: b3lyp/6-311G** em=gd3bj
energy: M062X/6-311G+(2d, p) em=gd3"
513,electrolyte514,CC1COC(C)C(C)O1,-425.550748,0.165472,0.209755,389.957168,-0.24064,0.03779,-425.7593022,-425.385276,-425.340993,7.573296,Gaussian,QC,"opt+freq: b3lyp/6-311G** em=gd3bj
energy: M062X/6-311G+(2d, p) em=gd3"
514,electrolyte515,CCC1OC(C)CC1C,-389.6453784,0.185541,0.232857,416.667824,-0.25118,0.03702,-389.8600024,-389.4598374,-389.4125214,7.83904,Gaussian,QC,"opt+freq: b3lyp/6-311G** em=gd3bj
energy: M062X/6-311G+(2d, p) em=gd3"
515,electrolyte516,CCC1CCCC(C)O1,-389.6414346,0.188634,0.233798,397.71012,-0.24625,0.03544,-389.8564363,-389.4528006,-389.4076366,7.661968,Gaussian,QC,"opt+freq: b3lyp/6-311G** em=gd3bj
energy: M062X/6-311G+(2d, p) em=gd3"
516,electrolyte517,CC(C)OC1CCCC1,-389.634664,0.184862,0.233108,424.847544,-0.24507,0.03275,-389.8501096,-389.449802,-389.401556,7.556704,Gaussian,QC,"opt+freq: b3lyp/6-311G** em=gd3bj
energy: M062X/6-311G+(2d, p) em=gd3"
517,electrolyte518,CCC1COCC(C)O1,-425.5443927,0.165642,0.210304,393.296,-0.24217,0.03901,-425.7538236,-425.3787507,-425.3340887,7.648096,Gaussian,QC,"opt+freq: b3lyp/6-311G** em=gd3bj
energy: M062X/6-311G+(2d, p) em=gd3"
518,electrolyte519,CC(C)OC1CCOC1,-425.5395179,0.162458,0.209704,416.040224,-0.25094,0.03237,-425.7486736,-425.3770599,-425.3298139,7.706032,Gaussian,QC,"opt+freq: b3lyp/6-311G** em=gd3bj
energy: M062X/6-311G+(2d, p) em=gd3"
519,electrolyte520,CC1OC(C)C(C)C1C,-389.6448317,0.186899,0.232659,402.96104,-0.2455,0.03204,-389.8586973,-389.4579327,-389.4121727,7.549088,Gaussian,QC,"opt+freq: b3lyp/6-311G** em=gd3bj
energy: M062X/6-311G+(2d, p) em=gd3"
520,electrolyte521,CCC1CC(C)C(C)O1,-389.6452805,0.185704,0.232761,414.38336,-0.24492,0.0367,-389.8605602,-389.4595765,-389.4125195,7.660063999999999,Gaussian,QC,"opt+freq: b3lyp/6-311G** em=gd3bj
energy: M062X/6-311G+(2d, p) em=gd3"
521,electrolyte522,CCC1CCC(CC)O1,-389.645731,0.185874,0.232773,412.994272,-0.24573,0.03609,-389.8607016,-389.459857,-389.412958,7.665504,Gaussian,QC,"opt+freq: b3lyp/6-311G** em=gd3bj
energy: M062X/6-311G+(2d, p) em=gd3"
522,electrolyte523,CCC1CC(C)OC1C,-389.6448159,0.186134,0.232813,411.052896,-0.24429,0.03591,-389.8596706,-389.4586819,-389.4120029,7.62144,Gaussian,QC,"opt+freq: b3lyp/6-311G** em=gd3bj
energy: M062X/6-311G+(2d, p) em=gd3"
523,electrolyte524,CCCC1CCC(C)O1,-389.6421798,0.185,0.233108,423.63,-0.2493,0.03896,-389.8585092,-389.4571798,-389.4090718,7.840672000000001,Gaussian,QC,"opt+freq: b3lyp/6-311G** em=gd3bj
energy: M062X/6-311G+(2d, p) em=gd3"
524,electrolyte525,CC1CC(C)OC(C)C1,-389.636251,0.188654,0.233499,394.902656,-0.24774,0.02863,-389.8522086,-389.447597,-389.402752,7.517264,Gaussian,QC,"opt+freq: b3lyp/6-311G** em=gd3bj
energy: M062X/6-311G+(2d, p) em=gd3"
525,electrolyte526,COC1CC(C)OC1C,-425.5389106,0.162462,0.209481,414.052824,-0.25098,0.03643,-425.7481277,-425.3764486,-425.3294296,7.817552,Gaussian,QC,"opt+freq: b3lyp/6-311G** em=gd3bj
energy: M062X/6-311G+(2d, p) em=gd3"
526,electrolyte527,COCC1CCC(C)O1,-425.5422386,0.163084,0.210031,413.412672,-0.23974,0.04037,-425.7521224,-425.3791546,-425.3322076,7.618992,Gaussian,QC,"opt+freq: b3lyp/6-311G** em=gd3bj
energy: M062X/6-311G+(2d, p) em=gd3"
527,electrolyte528,COC1(C)OCC(C)O1,-461.4767043,0.139968,0.185597,401.806256,-0.26748,0.04297,-461.6800698,-461.3367363,-461.2911073,8.44424,Gaussian,QC,"opt+freq: b3lyp/6-311G** em=gd3bj
energy: M062X/6-311G+(2d, p) em=gd3"
528,electrolyte529,CC1OCC(C(C)C)O1,-425.5586877,0.16267,0.20929,410.525712,-0.25822,0.03989,-425.7675865,-425.3960177,-425.3493977,8.108592,Gaussian,QC,"opt+freq: b3lyp/6-311G** em=gd3bj
energy: M062X/6-311G+(2d, p) em=gd3"
529,electrolyte530,CC1OCC(C)C(C)O1,-425.5572967,0.162919,0.209432,409.59268,-0.25825,0.03722,-425.7664006,-425.3943777,-425.3478647,8.036784,Gaussian,QC,"opt+freq: b3lyp/6-311G** em=gd3bj
energy: M062X/6-311G+(2d, p) em=gd3"
530,electrolyte531,CCC1OC(C)OC1C,-425.562199,0.162821,0.209272,409.04876,-0.25682,0.04045,-425.7713882,-425.399378,-425.352927,8.085744,Gaussian,QC,"opt+freq: b3lyp/6-311G** em=gd3bj
energy: M062X/6-311G+(2d, p) em=gd3"
531,electrolyte532,CCC1CCOC(C)O1,-425.5593116,0.165261,0.210217,395.877528,-0.26312,0.03558,-425.7680559,-425.3940506,-425.3490946,8.124640000000001,Gaussian,QC,"opt+freq: b3lyp/6-311G** em=gd3bj
energy: M062X/6-311G+(2d, p) em=gd3"
532,electrolyte533,CCC1OC(C)C(C)O1,-425.562221,0.162808,0.209298,409.38348,-0.25532,0.03945,-425.7714011,-425.399413,-425.352923,8.017743999999999,Gaussian,QC,"opt+freq: b3lyp/6-311G** em=gd3bj
energy: M062X/6-311G+(2d, p) em=gd3"
533,electrolyte534,CCC1COC(CC)O1,-425.5566607,0.163298,0.20992,410.550816,-0.26051,0.04147,-425.7660977,-425.3933627,-425.3467407,8.213856,Gaussian,QC,"opt+freq: b3lyp/6-311G** em=gd3bj
energy: M062X/6-311G+(2d, p) em=gd3"
534,electrolyte535,CCC1OCCC(C)O1,-425.5517487,0.165659,0.210366,393.680928,-0.25412,0.0353,-425.7614115,-425.3860897,-425.3413827,7.872224,Gaussian,QC,"opt+freq: b3lyp/6-311G** em=gd3bj
energy: M062X/6-311G+(2d, p) em=gd3"
535,electrolyte536,COC1CC(C)C(C)O1,-425.5502328,0.163688,0.20958,404.120008,-0.25316,0.03467,-425.759269,-425.3865448,-425.3406528,7.828975999999999,Gaussian,QC,"opt+freq: b3lyp/6-311G** em=gd3bj
energy: M062X/6-311G+(2d, p) em=gd3"
536,electrolyte537,CCC1CCC(OC)O1,-425.5501817,0.164282,0.210223,404.55096,-0.25821,0.03528,-425.7590917,-425.3858997,-425.3399587,7.982927999999999,Gaussian,QC,"opt+freq: b3lyp/6-311G** em=gd3bj
energy: M062X/6-311G+(2d, p) em=gd3"
537,electrolyte538,COC1CCCC(C)O1,-425.5572709,0.166098,0.210595,391.835784,-0.26224,0.03816,-425.7666223,-425.3911729,-425.3466759,8.17088,Gaussian,QC,"opt+freq: b3lyp/6-311G** em=gd3bj
energy: M062X/6-311G+(2d, p) em=gd3"
538,electrolyte539,CCCC1COC(C)O1,-425.5558678,0.162321,0.209884,418.843504,-0.25882,0.03836,-425.7652249,-425.3935468,-425.3459838,8.083295999999999,Gaussian,QC,"opt+freq: b3lyp/6-311G** em=gd3bj
energy: M062X/6-311G+(2d, p) em=gd3"
539,electrolyte540,CC1CC(C)OC(C)O1,-425.5542751,0.164092,0.210092,405.07396,-0.2629,0.03872,-425.7645417,-425.3901831,-425.3441831,8.204063999999999,Gaussian,QC,"opt+freq: b3lyp/6-311G** em=gd3bj
energy: M062X/6-311G+(2d, p) em=gd3"
540,electrolyte541,COC1COCC(C)O1,-461.4506928,0.142187,0.186773,392.618192,-0.24508,0.03741,-461.6540264,-461.3085058,-461.2639198,7.683728,Gaussian,QC,"opt+freq: b3lyp/6-311G** em=gd3bj
energy: M062X/6-311G+(2d, p) em=gd3"
541,electrolyte542,COC1OC(C)OC1C,-461.4713963,0.139458,0.185913,409.078048,-0.25814,0.04328,-461.6755057,-461.3319383,-461.2854833,8.198623999999999,Gaussian,QC,"opt+freq: b3lyp/6-311G** em=gd3bj
energy: M062X/6-311G+(2d, p) em=gd3"
542,electrolyte543,COCC1COC(C)O1,-461.4529632,0.13961,0.186544,413.299704,-0.25936,0.04335,-461.6566844,-461.3133532,-461.2664192,8.233711999999999,Gaussian,QC,"opt+freq: b3lyp/6-311G** em=gd3bj
energy: M062X/6-311G+(2d, p) em=gd3"
543,electrolyte544,CC1COC(C(C)C)O1,-425.5587491,0.162339,0.209306,413.584216,-0.25639,0.04044,-425.7677965,-425.3964101,-425.3494431,8.073775999999999,Gaussian,QC,"opt+freq: b3lyp/6-311G** em=gd3bj
energy: M062X/6-311G+(2d, p) em=gd3"
544,electrolyte545,COC1OC(C)CC1C,-425.5469975,0.162527,0.209449,413.19092,-0.24873,0.03224,-425.7556071,-425.3844705,-425.3375485,7.642384,Gaussian,QC,"opt+freq: b3lyp/6-311G** em=gd3bj
energy: M062X/6-311G+(2d, p) em=gd3"
545,electrolyte546,CC(C)OC1CCCO1,-425.55424,0.163605,0.210127,409.667992,-0.26026,0.04038,-425.7641053,-425.390635,-425.344113,8.177408,Gaussian,QC,"opt+freq: b3lyp/6-311G** em=gd3bj
energy: M062X/6-311G+(2d, p) em=gd3"
546,electrolyte547,CCCC1OCC(C)O1,-425.5543959,0.162673,0.209785,414.860336,-0.25994,0.04291,-425.7646171,-425.3917229,-425.3446109,8.23752,Gaussian,QC,"opt+freq: b3lyp/6-311G** em=gd3bj
energy: M062X/6-311G+(2d, p) em=gd3"
547,electrolyte548,CC(C)OC1COCO1,-461.4615673,0.140143,0.186789,410.768384,-0.26591,0.03883,-461.6653197,-461.3214243,-461.2747783,8.288928,Gaussian,QC,"opt+freq: b3lyp/6-311G** em=gd3bj
energy: M062X/6-311G+(2d, p) em=gd3"
548,electrolyte549,COCC1OCC(C)O1,-461.4485801,0.138803,0.186356,418.751456,-0.2468,0.04168,-461.6518512,-461.3097771,-461.2622241,7.846656,Gaussian,QC,"opt+freq: b3lyp/6-311G** em=gd3bj
energy: M062X/6-311G+(2d, p) em=gd3"
549,electrolyte550,CCOC1CCC(C)O1,-425.5564695,0.163514,0.210105,410.2746720000001,-0.2619,0.03814,-425.7674746,-425.3929555,-425.3463645,8.161088000000001,Gaussian,QC,"opt+freq: b3lyp/6-311G** em=gd3bj
energy: M062X/6-311G+(2d, p) em=gd3"
550,electrolyte551,CC(C)(C)C1CCCO1,-389.6428152,0.186401,0.232617,406.973496,-0.24538,0.03497,-389.8566333,-389.4564142,-389.4101982,7.62552,Gaussian,QC,"opt+freq: b3lyp/6-311G** em=gd3bj
energy: M062X/6-311G+(2d, p) em=gd3"
551,electrolyte552,CC1OCCCC1(C)C,-389.6461715,0.189125,0.233116,387.379824,-0.24765,0.03539,-389.859495,-389.4570465,-389.4130555,7.698688,Gaussian,QC,"opt+freq: b3lyp/6-311G** em=gd3bj
energy: M062X/6-311G+(2d, p) em=gd3"
552,electrolyte553,CCC1OCCC1(C)C,-389.6415293,0.186312,0.232734,408.785168,-0.2446,0.03355,-389.8552504,-389.4552173,-389.4087953,7.56568,Gaussian,QC,"opt+freq: b3lyp/6-311G** em=gd3bj
energy: M062X/6-311G+(2d, p) em=gd3"
553,electrolyte554,CC(C)C1OCCC1C,-389.6417397,0.186337,0.233026,411.14076,-0.2473,0.03461,-389.8553974,-389.4554027,-389.4087137,7.667952,Gaussian,QC,"opt+freq: b3lyp/6-311G** em=gd3bj
energy: M062X/6-311G+(2d, p) em=gd3"
554,electrolyte555,CCC1OCCCC1C,-389.6413663,0.189056,0.233906,394.944496,-0.24568,0.0391,-389.8552107,-389.4523103,-389.4074603,7.746016000000001,Gaussian,QC,"opt+freq: b3lyp/6-311G** em=gd3bj
energy: M062X/6-311G+(2d, p) em=gd3"
555,electrolyte556,CC(C)C1CCCCO1,-389.6370473,0.188926,0.234021,397.10344,-0.24633,0.03327,-389.8521798,-389.4481213,-389.4030263,7.60512,Gaussian,QC,"opt+freq: b3lyp/6-311G** em=gd3bj
energy: M062X/6-311G+(2d, p) em=gd3"
556,electrolyte557,CCOC1CCCC1C,-389.6332445,0.185571,0.233388,421.073576,-0.24851,0.03358,-389.8487973,-389.4476735,-389.3998565,7.672848,Gaussian,QC,"opt+freq: b3lyp/6-311G** em=gd3bj
energy: M062X/6-311G+(2d, p) em=gd3"
557,electrolyte558,CC(C)C1COCCO1,-425.5466471,0.165561,0.210254,393.56796,-0.24018,0.04019,-425.7548262,-425.3810860999999,-425.3363931,7.626064,Gaussian,QC,"opt+freq: b3lyp/6-311G** em=gd3bj
energy: M062X/6-311G+(2d, p) em=gd3"
558,electrolyte559,CCOC1COCC1C,-425.5384796,0.162627,0.209869,416.019304,-0.24445,0.03268,-425.74843,-425.3758526,-425.3286106,7.537935999999999,Gaussian,QC,"opt+freq: b3lyp/6-311G** em=gd3bj
energy: M062X/6-311G+(2d, p) em=gd3"
559,electrolyte560,CC1COC(C)C1(C)C,-389.6451882,0.186411,0.232266,403.7978400000001,-0.24452,0.0326,-389.8584499,-389.4587772,-389.4129222,7.537663999999999,Gaussian,QC,"opt+freq: b3lyp/6-311G** em=gd3bj
energy: M062X/6-311G+(2d, p) em=gd3"
560,electrolyte561,CC1COC(C(C)C)C1,-389.6451889,0.186405,0.232264,403.835496,-0.24451,0.03259,-389.8584497,-389.4587839,-389.4129249,7.53712,Gaussian,QC,"opt+freq: b3lyp/6-311G** em=gd3bj
energy: M062X/6-311G+(2d, p) em=gd3"
561,electrolyte562,CC1COC(C)C(C)C1,-389.6451889,0.186412,0.232266,403.785288,-0.2445,0.0326,-389.8584498,-389.4587769,-389.4129229,7.53712,Gaussian,QC,"opt+freq: b3lyp/6-311G** em=gd3bj
energy: M062X/6-311G+(2d, p) em=gd3"
562,electrolyte563,CCC1(C)CCOC1C,-389.6406618,0.186615,0.232835,407.015336,-0.24563,0.03442,-389.8540439,-389.4540468,-389.4078268,7.617359999999999,Gaussian,QC,"opt+freq: b3lyp/6-311G** em=gd3bj
energy: M062X/6-311G+(2d, p) em=gd3"
563,electrolyte564,CCC(C)C1CCCO1,-389.6390245,0.185576,0.233307,420.320456,-0.24516,0.03938,-389.8536902,-389.4534485,-389.4057175,7.739488000000001,Gaussian,QC,"opt+freq: b3lyp/6-311G** em=gd3bj
energy: M062X/6-311G+(2d, p) em=gd3"
564,electrolyte565,CC1CCOC(C)C1C,-389.6403746,0.188997,0.233619,392.931992,-0.24647,0.03153,-389.8546326,-389.4513776,-389.4067556,7.5616,Gaussian,QC,"opt+freq: b3lyp/6-311G** em=gd3bj
energy: M062X/6-311G+(2d, p) em=gd3"
565,electrolyte566,CCC1CCCOC1C,-389.643888,0.189062,0.233796,393.9236,-0.24962,0.03953,-389.8579405,-389.454826,-389.410092,7.86488,Gaussian,QC,"opt+freq: b3lyp/6-311G** em=gd3bj
energy: M062X/6-311G+(2d, p) em=gd3"
566,electrolyte567,CCC1OCCOC1C,-425.5472586,0.165876,0.210289,391.103584,-0.2384,0.04226,-425.755311,-425.3813826,-425.3369696,7.633952000000001,Gaussian,QC,"opt+freq: b3lyp/6-311G** em=gd3bj
energy: M062X/6-311G+(2d, p) em=gd3"
567,electrolyte568,CCOC1CCOC1C,-425.5381458,0.164459,0.210068,401.630528,-0.24193,0.03275,-425.7487148,-425.3736868,-425.3280778,7.471296000000001,Gaussian,QC,"opt+freq: b3lyp/6-311G** em=gd3bj
energy: M062X/6-311G+(2d, p) em=gd3"
568,electrolyte569,COC(C)C1CCCO1,-425.5351963,0.163236,0.21025,414.0068000000001,-0.24269,0.0345,-425.7442201,-425.3719603,-425.3249463,7.539567999999999,Gaussian,QC,"opt+freq: b3lyp/6-311G** em=gd3bj
energy: M062X/6-311G+(2d, p) em=gd3"
569,electrolyte570,COC1CCCOC1C,-425.5464993,0.164933,0.210074,397.509288,-0.2433,0.03434,-425.7555136,-425.3815663,-425.3364253,7.551807999999999,Gaussian,QC,"opt+freq: b3lyp/6-311G** em=gd3bj
energy: M062X/6-311G+(2d, p) em=gd3"
570,electrolyte571,CCC1OCC(C)C1C,-389.6390953,0.187003,0.233181,406.64296,-0.24648,0.03338,-389.853393,-389.4520923,-389.4059143,7.612191999999999,Gaussian,QC,"opt+freq: b3lyp/6-311G** em=gd3bj
energy: M062X/6-311G+(2d, p) em=gd3"
571,electrolyte572,CCC1CCC(C)CO1,-389.6439582,0.188228,0.233761,400.965272,-0.24598,0.03664,-389.8584656,-389.4557302,-389.4101972,7.687263999999999,Gaussian,QC,"opt+freq: b3lyp/6-311G** em=gd3bj
energy: M062X/6-311G+(2d, p) em=gd3"
572,electrolyte573,CCCOC1CCCC1,-389.6349282,0.185134,0.233584,426.650848,-0.2532,0.03703,-389.850886,-389.4497942,-389.4013442,7.894255999999999,Gaussian,QC,"opt+freq: b3lyp/6-311G** em=gd3bj
energy: M062X/6-311G+(2d, p) em=gd3"
573,electrolyte574,CCC1CCOC1CC,-389.6398748,0.18631,0.233409,414.755736,-0.25225,0.03715,-389.8541613,-389.4535648,-389.4064658,7.87168,Gaussian,QC,"opt+freq: b3lyp/6-311G** em=gd3bj
energy: M062X/6-311G+(2d, p) em=gd3"
574,electrolyte575,CCCC1OCCC1C,-389.6365694,0.186472,0.233553,414.59256,-0.24556,0.03454,-389.8510304,-389.4500974,-389.4030164,7.618720000000001,Gaussian,QC,"opt+freq: b3lyp/6-311G** em=gd3bj
energy: M062X/6-311G+(2d, p) em=gd3"
575,electrolyte576,CCC1CC(C)CCO1,-389.6388722,0.188755,0.234013,398.54692,-0.24623,0.03164,-389.85376,-389.4501172,-389.4048592,7.558064,Gaussian,QC,"opt+freq: b3lyp/6-311G** em=gd3bj
energy: M062X/6-311G+(2d, p) em=gd3"
576,electrolyte577,CCCC1CCCCO1,-389.6452551,0.18833,0.233679,399.34188,-0.24747,0.0377,-389.859562,-389.4569251,-389.4115761,7.756624,Gaussian,QC,"opt+freq: b3lyp/6-311G** em=gd3bj
energy: M062X/6-311G+(2d, p) em=gd3"
577,electrolyte578,CCOC1CCC(C)C1,-389.6321627,0.186436,0.233325,412.906408,-0.24806,0.03391,-389.8471212,-389.4457267,-389.3988377,7.669584,Gaussian,QC,"opt+freq: b3lyp/6-311G** em=gd3bj
energy: M062X/6-311G+(2d, p) em=gd3"
578,electrolyte579,CCOC1CCCCC1,-389.6293761,0.187051,0.2334,408.1492,-0.24632,0.03455,-389.8441374,-389.4423251,-389.3959761,7.639664,Gaussian,QC,"opt+freq: b3lyp/6-311G** em=gd3bj
energy: M062X/6-311G+(2d, p) em=gd3"
579,electrolyte580,CCOC1CCOCC1,-425.5457419,0.165052,0.210559,400.726784,-0.25372,0.03469,-425.7550957,-425.3806899,-425.3351829,7.844752,Gaussian,QC,"opt+freq: b3lyp/6-311G** em=gd3bj
energy: M062X/6-311G+(2d, p) em=gd3"
580,electrolyte581,CCC1COC(C)CO1,-425.5448332,0.165291,0.210277,396.145304,-0.23901,0.0386,-425.7547831,-425.3795422,-425.3345562,7.550992000000001,Gaussian,QC,"opt+freq: b3lyp/6-311G** em=gd3bj
energy: M062X/6-311G+(2d, p) em=gd3"
581,electrolyte582,CCCOC1CCOC1,-425.5389956,0.162528,0.210193,419.73888,-0.2505,0.03578,-425.7487441,-425.3764676,-425.3288026,7.786815999999999,Gaussian,QC,"opt+freq: b3lyp/6-311G** em=gd3bj
energy: M062X/6-311G+(2d, p) em=gd3"
582,electrolyte583,CCCC1COCCO1,-425.5430284,0.16543,0.210594,397.714304,-0.24018,0.04326,-425.7514423,-425.3775984,-425.3324344,7.709568000000001,Gaussian,QC,"opt+freq: b3lyp/6-311G** em=gd3bj
energy: M062X/6-311G+(2d, p) em=gd3"
583,electrolyte584,CCOC1COC(C)C1,-425.5423417,0.162415,0.209597,415.483752,-0.24419,0.0368,-425.7517775,-425.3799267,-425.3327447,7.642927999999999,Gaussian,QC,"opt+freq: b3lyp/6-311G** em=gd3bj
energy: M062X/6-311G+(2d, p) em=gd3"
584,electrolyte585,CCOC1CCCOC1,-425.5410611,0.165534,0.21073,397.986264,-0.24052,0.03727,-425.7502329,-425.3755271,-425.3303311,7.555887999999999,Gaussian,QC,"opt+freq: b3lyp/6-311G** em=gd3bj
energy: M062X/6-311G+(2d, p) em=gd3"
585,electrolyte586,COCC1OCCC1C,-425.5359653,0.163079,0.210219,415.107192,-0.24864,0.03291,-425.7449744,-425.3728863,-425.3257463,7.658160000000001,Gaussian,QC,"opt+freq: b3lyp/6-311G** em=gd3bj
energy: M062X/6-311G+(2d, p) em=gd3"
586,electrolyte587,CCC1OCCC1OC,-425.5343192,0.1649,0.210376,400.459008,-0.23753,0.0322,-425.7433204,-425.3694192,-425.3239432,7.336655999999999,Gaussian,QC,"opt+freq: b3lyp/6-311G** em=gd3bj
energy: M062X/6-311G+(2d, p) em=gd3"
587,electrolyte588,COCC1CCCCO1,-425.5378268,0.165386,0.211092,402.47988,-0.24148,0.03811,-425.7473824,-425.3724408,-425.3267348,7.604848,Gaussian,QC,"opt+freq: b3lyp/6-311G** em=gd3bj
energy: M062X/6-311G+(2d, p) em=gd3"
588,electrolyte589,CC1OCC(C)(C)C1C,-389.6429232,0.186783,0.232363,401.366936,-0.24683,0.03204,-389.8566552,-389.4561402,-389.4105602,7.585264,Gaussian,QC,"opt+freq: b3lyp/6-311G** em=gd3bj
energy: M062X/6-311G+(2d, p) em=gd3"
589,electrolyte590,CCC1CC(C)(C)CO1,-389.6428124,0.186595,0.232684,405.852184,-0.25238,0.03605,-389.857295,-389.4562174,-389.4101284,7.845295999999998,Gaussian,QC,"opt+freq: b3lyp/6-311G** em=gd3bj
energy: M062X/6-311G+(2d, p) em=gd3"
590,electrolyte591,CC1CCC(C)(C)CO1,-389.6427517,0.186123,0.232596,409.245408,-0.24586,0.03254,-389.8574926,-389.4566287,-389.4101557,7.57248,Gaussian,QC,"opt+freq: b3lyp/6-311G** em=gd3bj
energy: M062X/6-311G+(2d, p) em=gd3"
591,electrolyte592,CCC1C(C)COC1C,-389.6410898,0.186376,0.233044,410.95248,-0.24443,0.03747,-389.8556909,-389.4547138,-389.4080458,7.667680000000001,Gaussian,QC,"opt+freq: b3lyp/6-311G** em=gd3bj
energy: M062X/6-311G+(2d, p) em=gd3"
592,electrolyte593,CCCC1CC(C)CO1,-389.6354469,0.1862,0.233532,416.801712,-0.24457,0.03489,-389.8512545,-389.4492469,-389.4019149,7.601311999999999,Gaussian,QC,"opt+freq: b3lyp/6-311G** em=gd3bj
energy: M062X/6-311G+(2d, p) em=gd3"
593,electrolyte594,CC1CC(C)C(C)CO1,-389.6354458,0.186197,0.233532,416.826816,-0.24457,0.03489,-389.8512545,-389.4492488,-389.4019138,7.601311999999999,Gaussian,QC,"opt+freq: b3lyp/6-311G** em=gd3bj
energy: M062X/6-311G+(2d, p) em=gd3"
594,electrolyte595,CCC1COC(C)C1C,-389.6354784,0.187075,0.233365,407.630384,-0.24272,0.03136,-389.8494997,-389.4484034,-389.4021134,7.454975999999999,Gaussian,QC,"opt+freq: b3lyp/6-311G** em=gd3bj
energy: M062X/6-311G+(2d, p) em=gd3"
595,electrolyte596,CCC1COC(CC)C1,-389.6401584,0.183402,0.233074,437.4079120000001,-0.25266,0.03715,-389.8544004,-389.4567564,-389.4070844,7.882832000000001,Gaussian,QC,"opt+freq: b3lyp/6-311G** em=gd3bj
energy: M062X/6-311G+(2d, p) em=gd3"
596,electrolyte597,CCC1CCC(C)OC1,-389.6425894,0.188906,0.233846,395.735272,-0.24747,0.03395,-389.8582837,-389.4536834,-389.4087434,7.654624,Gaussian,QC,"opt+freq: b3lyp/6-311G** em=gd3bj
energy: M062X/6-311G+(2d, p) em=gd3"
597,electrolyte598,COC1COC(C)C1C,-425.5413607,0.163364,0.209611,407.253824,-0.24817,0.03043,-425.7497269,-425.3779967,-425.3317497,7.57792,Gaussian,QC,"opt+freq: b3lyp/6-311G** em=gd3bj
energy: M062X/6-311G+(2d, p) em=gd3"
598,electrolyte599,CCC1CC(OC)CO1,-425.5389195,0.164015,0.210016,405.086512,-0.24309,0.0353,-425.7475579,-425.3749045,-425.3289035,7.572208000000001,Gaussian,QC,"opt+freq: b3lyp/6-311G** em=gd3bj
energy: M062X/6-311G+(2d, p) em=gd3"
599,electrolyte600,COC1CCC(C)OC1,-425.5478344,0.164797,0.21003,398.320984,-0.24424,0.03818,-425.7561012,-425.3830374,-425.3378044,7.681824,Gaussian,QC,"opt+freq: b3lyp/6-311G** em=gd3bj
energy: M062X/6-311G+(2d, p) em=gd3"
600,electrolyte601,CC(C)C1CCOC1C,-389.6404488,0.186349,0.233016,410.948296,-0.2444,0.03453,-389.8540266,-389.4540998,-389.4074328,7.586896,Gaussian,QC,"opt+freq: b3lyp/6-311G** em=gd3bj
energy: M062X/6-311G+(2d, p) em=gd3"
601,electrolyte602,CC(C)CC1CCCO1,-389.6365583,0.184714,0.233259,427.487648,-0.24355,0.03783,-389.8514578,-389.4518443,-389.4032993,7.653535999999999,Gaussian,QC,"opt+freq: b3lyp/6-311G** em=gd3bj
energy: M062X/6-311G+(2d, p) em=gd3"
602,electrolyte603,CC1CC(C)(C)CCO1,-389.6392718,0.184881,0.233233,425.78476,-0.24558,0.03779,-389.8540701,-389.4543908,-389.4060388,7.707664,Gaussian,QC,"opt+freq: b3lyp/6-311G** em=gd3bj
energy: M062X/6-311G+(2d, p) em=gd3"
603,electrolyte604,CCCC1CCOC1C,-389.6357555,0.186557,0.233549,413.814336,-0.24382,0.03587,-389.8505352,-389.4491985,-389.4022065,7.607568,Gaussian,QC,"opt+freq: b3lyp/6-311G** em=gd3bj
energy: M062X/6-311G+(2d, p) em=gd3"
604,electrolyte605,CCCCC1CCCO1,-389.6356685,0.187457,0.23402,410.027816,-0.24532,0.03459,-389.8511853,-389.4482115,-389.4016485,7.613551999999999,Gaussian,QC,"opt+freq: b3lyp/6-311G** em=gd3bj
energy: M062X/6-311G+(2d, p) em=gd3"
605,electrolyte606,CCC1CCOC(C)C1,-389.6306248,0.188951,0.234213,398.576208,-0.24737,0.02901,-389.8460522,-389.4416738,-389.3964118,7.517536,Gaussian,QC,"opt+freq: b3lyp/6-311G** em=gd3bj
energy: M062X/6-311G+(2d, p) em=gd3"
606,electrolyte607,COCC1CCOC1C,-425.5341389,0.162935,0.210197,416.178296,-0.24891,0.03778,-425.7428777,-425.3712039,-425.3239419,7.797968,Gaussian,QC,"opt+freq: b3lyp/6-311G** em=gd3bj
energy: M062X/6-311G+(2d, p) em=gd3"
607,electrolyte608,COCCC1CCCO1,-425.5340827,0.162265,0.210507,424.814072,-0.24544,0.03598,-425.7428782,-425.3718177,-425.3235757,7.654624,Gaussian,QC,"opt+freq: b3lyp/6-311G** em=gd3bj
energy: M062X/6-311G+(2d, p) em=gd3"
608,electrolyte609,COC1CCOC(C)C1,-425.5316004,0.16568,0.210671,396.191328,-0.25389,0.03036,-425.7410062,-425.3659204,-425.3209294,7.7316,Gaussian,QC,"opt+freq: b3lyp/6-311G** em=gd3bj
energy: M062X/6-311G+(2d, p) em=gd3"
609,electrolyte610,COC1OCCOC1C,-461.4596148,0.142439,0.18686,391.170528,-0.2464,0.04242,-461.6624062,-461.3171758,-461.2727548,7.855904000000001,Gaussian,QC,"opt+freq: b3lyp/6-311G** em=gd3bj
energy: M062X/6-311G+(2d, p) em=gd3"
610,electrolyte611,COCC1COCCO1,-461.4360051,0.141857,0.187272,399.923456,-0.24359,0.03984,-461.638269,-461.2941481,-461.2487331,7.709296,Gaussian,QC,"opt+freq: b3lyp/6-311G** em=gd3bj
energy: M062X/6-311G+(2d, p) em=gd3"
611,electrolyte612,CCOC1COCOC1,-461.4493293,0.142365,0.187212,394.923576,-0.249,0.03172,-461.652075,-461.3069643,-461.2621173,7.635583999999999,Gaussian,QC,"opt+freq: b3lyp/6-311G** em=gd3bj
energy: M062X/6-311G+(2d, p) em=gd3"
612,electrolyte613,COC1C(C)COC1C,-425.5391087,0.163637,0.209724,405.835448,-0.23845,0.038,-425.7482497,-425.3754717,-425.3293847,7.519439999999999,Gaussian,QC,"opt+freq: b3lyp/6-311G** em=gd3bj
energy: M062X/6-311G+(2d, p) em=gd3"
613,electrolyte614,COCC1CC(C)CO1,-425.5381361,0.162943,0.210094,415.211792,-0.23812,0.0377,-425.748616,-425.3751931,-425.3280420999999,7.502304,Gaussian,QC,"opt+freq: b3lyp/6-311G** em=gd3bj
energy: M062X/6-311G+(2d, p) em=gd3"
614,electrolyte615,COC1COC(C)CO1,-461.4511316,0.142277,0.186996,393.793896,-0.24488,0.03885,-461.6546832,-461.3088546,-461.2641356,7.717455999999999,Gaussian,QC,"opt+freq: b3lyp/6-311G** em=gd3bj
energy: M062X/6-311G+(2d, p) em=gd3"
615,electrolyte616,CCOCC1CCCO1,-425.5370395,0.162133,0.210357,424.6550800000001,-0.24008,0.03865,-425.7471314,-425.3749065,-425.3266825,7.581455999999999,Gaussian,QC,"opt+freq: b3lyp/6-311G** em=gd3bj
energy: M062X/6-311G+(2d, p) em=gd3"
616,electrolyte617,CCC1(C)COC(C)C1,-389.6401859,0.185467,0.232614,415.17832,-0.24397,0.03509,-389.8548836,-389.4547189,-389.4075719,7.590431999999999,Gaussian,QC,"opt+freq: b3lyp/6-311G** em=gd3bj
energy: M062X/6-311G+(2d, p) em=gd3"
617,electrolyte618,CC1CC(C(C)C)CO1,-389.6421824,0.185453,0.232749,416.49628,-0.24444,0.0373,-389.8563809,-389.4567294,-389.4094334,7.663328,Gaussian,QC,"opt+freq: b3lyp/6-311G** em=gd3bj
energy: M062X/6-311G+(2d, p) em=gd3"
618,electrolyte619,CCCC1COC(C)C1,-389.637092,0.184517,0.233282,429.42484,-0.24398,0.03629,-389.8525135,-389.452575,-389.40381,7.623344,Gaussian,QC,"opt+freq: b3lyp/6-311G** em=gd3bj
energy: M062X/6-311G+(2d, p) em=gd3"
619,electrolyte620,COCC1COC(C)C1,-425.538576,0.162302,0.210023,420.228408,-0.23931,0.03565,-425.7486958,-425.376274,-425.328553,7.478911999999999,Gaussian,QC,"opt+freq: b3lyp/6-311G** em=gd3bj
energy: M062X/6-311G+(2d, p) em=gd3"
620,electrolyte621,COC1OC(C)C(C)O1,-461.4721693,0.140398,0.186204,403.366888,-0.26537,0.03783,-461.6761973,-461.3317713,-461.2859653,8.24704,Gaussian,QC,"opt+freq: b3lyp/6-311G** em=gd3bj
energy: M062X/6-311G+(2d, p) em=gd3"
621,electrolyte622,CCC1COC(OC)O1,-461.4678631,0.140864,0.186796,404.471464,-0.27471,0.03935,-461.6712252,-461.3269991,-461.2810671,8.542432,Gaussian,QC,"opt+freq: b3lyp/6-311G** em=gd3bj
energy: M062X/6-311G+(2d, p) em=gd3"
622,electrolyte623,COC1OCCC(C)O1,-461.4691659,0.143196,0.187191,387.413296,-0.2657,0.03755,-461.6725639,-461.3259699,-461.2819749,8.2484,Gaussian,QC,"opt+freq: b3lyp/6-311G** em=gd3bj
energy: M062X/6-311G+(2d, p) em=gd3"
623,electrolyte624,CC(C)OC1OCCO1,-461.4672628,0.140828,0.186728,404.199504,-0.26236,0.03842,-461.6705281,-461.3264348,-461.2805348,8.181216,Gaussian,QC,"opt+freq: b3lyp/6-311G** em=gd3bj
energy: M062X/6-311G+(2d, p) em=gd3"
624,electrolyte625,CCOC1OCC(C)O1,-461.4699427,0.140752,0.186574,403.513328,-0.27322,0.03672,-461.6747253,-461.3291907,-461.2833687,8.430368,Gaussian,QC,"opt+freq: b3lyp/6-311G** em=gd3bj
energy: M062X/6-311G+(2d, p) em=gd3"
625,electrolyte626,CC(C)(C)C1COCO1,-425.5514945,0.163857,0.209371,400.793728,-0.26309,0.03425,-425.7594129,-425.3876375,-425.3421235,8.087648,Gaussian,QC,"opt+freq: b3lyp/6-311G** em=gd3bj
energy: M062X/6-311G+(2d, p) em=gd3"
626,electrolyte627,CC1OCOCC1(C)C,-425.5562945,0.166271,0.20988,384.020072,-0.2616,0.03334,-425.7639097,-425.3900235,-425.3464145,8.022367999999998,Gaussian,QC,"opt+freq: b3lyp/6-311G** em=gd3bj
energy: M062X/6-311G+(2d, p) em=gd3"
627,electrolyte628,CC(C)C1OCOC1C,-425.5494412,0.164065,0.209853,403.203712,-0.25542,0.03151,-425.7578526,-425.3853762,-425.3395882,7.804495999999999,Gaussian,QC,"opt+freq: b3lyp/6-311G** em=gd3bj
energy: M062X/6-311G+(2d, p) em=gd3"
628,electrolyte629,CCC1OCOCC1C,-425.5505926,0.166402,0.210754,390.563848,-0.26141,0.03488,-425.7583117,-425.3841906,-425.3398386,8.059088,Gaussian,QC,"opt+freq: b3lyp/6-311G** em=gd3bj
energy: M062X/6-311G+(2d, p) em=gd3"
629,electrolyte630,CC(C)C1CCOCO1,-425.5458542,0.166245,0.210819,392.52196,-0.2584,0.03234,-425.7543315,-425.3796092,-425.3350352,7.908128,Gaussian,QC,"opt+freq: b3lyp/6-311G** em=gd3bj
energy: M062X/6-311G+(2d, p) em=gd3"
630,electrolyte631,CCC(C)C1COCO1,-425.5460067,0.165577,0.210515,395.72272,-0.25323,0.03273,-425.7544866,-425.3804297,-425.3354917,7.778111999999999,Gaussian,QC,"opt+freq: b3lyp/6-311G** em=gd3bj
energy: M062X/6-311G+(2d, p) em=gd3"
631,electrolyte632,CC1OCOC(C)C1C,-425.5523205,0.166233,0.21037,388.676864,-0.26185,0.02969,-425.7606933,-425.3860875,-425.3419505,7.929888,Gaussian,QC,"opt+freq: b3lyp/6-311G** em=gd3bj
energy: M062X/6-311G+(2d, p) em=gd3"
632,electrolyte633,CCC1COCOC1C,-425.5538658,0.166889,0.210686,385.672752,-0.26209,0.03311,-425.7632169,-425.3869768,-425.3431798,8.029440000000001,Gaussian,QC,"opt+freq: b3lyp/6-311G** em=gd3bj
energy: M062X/6-311G+(2d, p) em=gd3"
633,electrolyte634,COC(C)C1COCO1,-461.4438691,0.140119,0.186728,410.433664,-0.25106,0.03562,-461.6460054,-461.3037500999999,-461.2571411,7.797695999999999,Gaussian,QC,"opt+freq: b3lyp/6-311G** em=gd3bj
energy: M062X/6-311G+(2d, p) em=gd3"
634,electrolyte635,COC1COCOC1C,-461.4533327,0.141813,0.186782,395.99468,-0.25116,0.03317,-461.6556646,-461.3115197,-461.2665507,7.733775999999999,Gaussian,QC,"opt+freq: b3lyp/6-311G** em=gd3bj
energy: M062X/6-311G+(2d, p) em=gd3"
635,electrolyte636,COCOC1CCCC1,-425.5415721,0.162618,0.210861,424.818256,-0.26662,0.03689,-425.7514654,-425.3789541,-425.3307111,8.255472,Gaussian,QC,"opt+freq: b3lyp/6-311G** em=gd3bj
energy: M062X/6-311G+(2d, p) em=gd3"
636,electrolyte637,CCC1OCOC1CC,-425.5530961,0.163257,0.210023,411.826936,-0.26082,0.0379,-425.7620412,-425.3898391,-425.3430731,8.125183999999999,Gaussian,QC,"opt+freq: b3lyp/6-311G** em=gd3bj
energy: M062X/6-311G+(2d, p) em=gd3"
637,electrolyte638,CCCC1OCOC1C,-425.5494574,0.163865,0.210122,407.33332,-0.25504,0.03568,-425.758129,-425.3855924,-425.3393354,7.907583999999999,Gaussian,QC,"opt+freq: b3lyp/6-311G** em=gd3bj
energy: M062X/6-311G+(2d, p) em=gd3"
638,electrolyte639,CCC1CC(C)OCO1,-425.550932,0.165851,0.210632,394.333632,-0.26233,0.03249,-425.760335,-425.385081,-425.3403,8.019104,Gaussian,QC,"opt+freq: b3lyp/6-311G** em=gd3bj
energy: M062X/6-311G+(2d, p) em=gd3"
639,electrolyte640,CCCC1CCOCO1,-425.5429358,0.166164,0.210938,394.27924,-0.25665,0.02864,-425.7522985,-425.3767718,-425.3319978,7.759887999999999,Gaussian,QC,"opt+freq: b3lyp/6-311G** em=gd3bj
energy: M062X/6-311G+(2d, p) em=gd3"
640,electrolyte641,COCOC1CCOC1,-461.4467004,0.141493,0.187414,404.375232,-0.24755,0.03884,-461.6513658,-461.3052074,-461.2592864,7.789807999999999,Gaussian,QC,"opt+freq: b3lyp/6-311G** em=gd3bj
energy: M062X/6-311G+(2d, p) em=gd3"
641,electrolyte642,COCC1OCOC1C,-461.4474006,0.140108,0.186868,411.764176,-0.25836,0.03203,-461.6506049,-461.3072926,-461.2605326,7.898607999999999,Gaussian,QC,"opt+freq: b3lyp/6-311G** em=gd3bj
energy: M062X/6-311G+(2d, p) em=gd3"
642,electrolyte643,CCC1OCOC1OC,-461.4579538,0.14094,0.186916,404.86476,-0.26363,0.03943,-461.6613264,-461.3170138,-461.2710378,8.243231999999999,Gaussian,QC,"opt+freq: b3lyp/6-311G** em=gd3bj
energy: M062X/6-311G+(2d, p) em=gd3"
643,electrolyte644,COCC1CCOCO1,-461.4465184,0.142773,0.187908,397.450712,-0.25186,0.03578,-461.6498809,-461.3037454,-461.2586104,7.823807999999999,Gaussian,QC,"opt+freq: b3lyp/6-311G** em=gd3bj
energy: M062X/6-311G+(2d, p) em=gd3"
644,electrolyte645,CC(C)CC1COCO1,-425.5461389,0.162843,0.210086,416.023488,-0.26135,0.03666,-425.7542379,-425.3832959,-425.3360529,8.105872,Gaussian,QC,"opt+freq: b3lyp/6-311G** em=gd3bj
energy: M062X/6-311G+(2d, p) em=gd3"
645,electrolyte646,CCCCC1COCO1,-425.5454002,0.164484,0.210342,403.8229440000001,-0.26556,0.03728,-425.7551375,-425.3809162,-425.3350582,8.237248,Gaussian,QC,"opt+freq: b3lyp/6-311G** em=gd3bj
energy: M062X/6-311G+(2d, p) em=gd3"
646,electrolyte647,COCCC1COCO1,-461.4456355,0.140032,0.187281,416.07788,-0.25633,0.0324,-461.6481317,-461.3056035,-461.2583545,7.853456,Gaussian,QC,"opt+freq: b3lyp/6-311G** em=gd3bj
energy: M062X/6-311G+(2d, p) em=gd3"
647,electrolyte648,COC1CC(C)OCO1,-461.445248,0.141036,0.187532,409.4504240000001,-0.25599,0.03626,-461.6493517,-461.304212,-461.257716,7.9492,Gaussian,QC,"opt+freq: b3lyp/6-311G** em=gd3bj
energy: M062X/6-311G+(2d, p) em=gd3"
648,electrolyte649,CCOC1OCOC1C,-461.4638255,0.139956,0.186679,411.442008,-0.25516,0.04045,-461.6686952,-461.3238695,-461.2771465,8.040592,Gaussian,QC,"opt+freq: b3lyp/6-311G** em=gd3bj
energy: M062X/6-311G+(2d, p) em=gd3"
649,electrolyte650,CCOCC1COCO1,-461.4427969,0.140106,0.186988,412.843648,-0.24676,0.03247,-461.6468862,-461.3026909,-461.2558089,7.595056,Gaussian,QC,"opt+freq: b3lyp/6-311G** em=gd3bj
energy: M062X/6-311G+(2d, p) em=gd3"
650,electrolyte651,COC1CCCC1(C)C,-389.6299768,0.187,0.232922,404.391968,-0.24725,0.03068,-389.8438296,-389.4429768,-389.3970548,7.559696,Gaussian,QC,"opt+freq: b3lyp/6-311G** em=gd3bj
energy: M062X/6-311G+(2d, p) em=gd3"
651,electrolyte652,COC1COCC1(C)C,-425.5351241,0.16328,0.209521,407.199432,-0.24276,0.0322,-425.7432828,-425.3718441,-425.3256031,7.478911999999999,Gaussian,QC,"opt+freq: b3lyp/6-311G** em=gd3bj
energy: M062X/6-311G+(2d, p) em=gd3"
652,electrolyte653,COC1C(C)CCC1C,-389.634221,0.185619,0.233046,417.64688,-0.2535,0.03665,-389.8490391,-389.4486020000001,-389.401175,7.89208,Gaussian,QC,"opt+freq: b3lyp/6-311G** em=gd3bj
energy: M062X/6-311G+(2d, p) em=gd3"
653,electrolyte654,COC1CCC(C)C1C,-389.6310468,0.187038,0.233258,407.011152,-0.25129,0.03138,-389.8458228,-389.4440088,-389.3977888,7.688624000000001,Gaussian,QC,"opt+freq: b3lyp/6-311G** em=gd3bj
energy: M062X/6-311G+(2d, p) em=gd3"
654,electrolyte655,CCC1CCCC1OC,-389.6278703,0.186986,0.233748,411.785096,-0.2476,0.03055,-389.8424857,-389.4408843,-389.3941223,7.56568,Gaussian,QC,"opt+freq: b3lyp/6-311G** em=gd3bj
energy: M062X/6-311G+(2d, p) em=gd3"
655,electrolyte656,COC1CCCCC1C,-389.6433583,0.187822,0.2336,403.120032,-0.25148,0.04147,-389.8578835,-389.4555363,-389.4097583,7.96824,Gaussian,QC,"opt+freq: b3lyp/6-311G** em=gd3bj
energy: M062X/6-311G+(2d, p) em=gd3"
656,electrolyte657,COC1CCOCC1C,-425.5454683,0.165246,0.210413,397.7352240000001,-0.245,0.03486,-425.7544677,-425.3802223,-425.3350553,7.612191999999999,Gaussian,QC,"opt+freq: b3lyp/6-311G** em=gd3bj
energy: M062X/6-311G+(2d, p) em=gd3"
657,electrolyte658,COC1CC(C)CC1C,-389.6329978,0.185859,0.232992,415.044432,-0.25186,0.03272,-389.8475585,-389.4471388,-389.4000058,7.740575999999998,Gaussian,QC,"opt+freq: b3lyp/6-311G** em=gd3bj
energy: M062X/6-311G+(2d, p) em=gd3"
658,electrolyte659,CCC1COCC1OC,-425.5341914,0.163946,0.210163,406.986048,-0.24249,0.03597,-425.7427634,-425.3702454,-425.3240284,7.574112000000001,Gaussian,QC,"opt+freq: b3lyp/6-311G** em=gd3bj
energy: M062X/6-311G+(2d, p) em=gd3"
659,electrolyte660,COC1COCCC1C,-425.543846,0.165,0.210261,398.572024,-0.24482,0.03715,-425.7523776,-425.378846,-425.333585,7.669584,Gaussian,QC,"opt+freq: b3lyp/6-311G** em=gd3bj
energy: M062X/6-311G+(2d, p) em=gd3"
660,electrolyte661,COC(C)C1CCCC1,-389.6262688,0.186043,0.233687,419.5506,-0.24991,0.03262,-389.8401237,-389.4402258,-389.3925818,7.684816,Gaussian,QC,"opt+freq: b3lyp/6-311G** em=gd3bj
energy: M062X/6-311G+(2d, p) em=gd3"
661,electrolyte662,COC(C)C1CCOC1,-425.5350572,0.162365,0.210198,421.220016,-0.24592,0.0331,-425.7434471,-425.3726922,-425.3248592,7.589344,Gaussian,QC,"opt+freq: b3lyp/6-311G** em=gd3bj
energy: M062X/6-311G+(2d, p) em=gd3"
662,electrolyte663,COC1CCCC1OC,-425.5259618,0.164213,0.21018,404.785264,-0.24449,0.031,-425.7346073,-425.3617488,-425.3157818,7.493328,Gaussian,QC,"opt+freq: b3lyp/6-311G** em=gd3bj
energy: M062X/6-311G+(2d, p) em=gd3"
663,electrolyte664,COC1COCC1OC,-461.4256865,0.14054,0.187101,410.015264,-0.24759,0.03693,-461.6286834,-461.2851465,-461.2385855,7.738944,Gaussian,QC,"opt+freq: b3lyp/6-311G** em=gd3bj
energy: M062X/6-311G+(2d, p) em=gd3"
664,electrolyte665,COC1CCC(C)(C)C1,-389.6355216,0.186317,0.232449,406.237112,-0.25247,0.03506,-389.8504769,-389.4492046,-389.4030726,7.820816,Gaussian,QC,"opt+freq: b3lyp/6-311G** em=gd3bj
energy: M062X/6-311G+(2d, p) em=gd3"
665,electrolyte666,COC1CCCC(C)C1,-389.6305649,0.185709,0.23269,413.71392,-0.24924,0.03248,-389.8445864,-389.4448559000001,-389.3978749,7.662783999999999,Gaussian,QC,"opt+freq: b3lyp/6-311G** em=gd3bj
energy: M062X/6-311G+(2d, p) em=gd3"
666,electrolyte667,COC1CC(C)C(C)C1,-389.6355898,0.186443,0.232452,405.161824,-0.2528,0.03654,-389.8501465,-389.4491468,-389.4031378,7.870048000000001,Gaussian,QC,"opt+freq: b3lyp/6-311G** em=gd3bj
energy: M062X/6-311G+(2d, p) em=gd3"
667,electrolyte668,CCC1CCC(OC)C1,-389.6291045,0.186655,0.233383,411.483848,-0.24843,0.03396,-389.8433036,-389.4424495,-389.3957215,7.681008,Gaussian,QC,"opt+freq: b3lyp/6-311G** em=gd3bj
energy: M062X/6-311G+(2d, p) em=gd3"
668,electrolyte669,COC1CCC(C)CC1,-389.64371,0.188153,0.23367,400.8272,-0.25351,0.03711,-389.8580869,-389.455557,-389.41004,7.904864,Gaussian,QC,"opt+freq: b3lyp/6-311G** em=gd3bj
energy: M062X/6-311G+(2d, p) em=gd3"
669,electrolyte670,COC1CCC(OC)C1,-425.5296467,0.163349,0.209998,410.789304,-0.2496,0.0325,-425.7380195,-425.3662977,-425.3196487,7.67312,Gaussian,QC,"opt+freq: b3lyp/6-311G** em=gd3bj
energy: M062X/6-311G+(2d, p) em=gd3"
670,electrolyte671,COC1CCOC1OC,-461.4453743,0.140861,0.186706,403.705792,-0.25688,0.03279,-461.6487456,-461.3045133000001,-461.2586683,7.879023999999999,Gaussian,QC,"opt+freq: b3lyp/6-311G** em=gd3bj
energy: M062X/6-311G+(2d, p) em=gd3"
671,electrolyte672,COC1COCC(C)C1,-425.541389,0.165607,0.210322,393.75624,-0.24571,0.0297,-425.7508622,-425.375782,-425.331067,7.491152,Gaussian,QC,"opt+freq: b3lyp/6-311G** em=gd3bj
energy: M062X/6-311G+(2d, p) em=gd3"
672,electrolyte673,COC1COC(OC)C1,-461.4453635,0.14057,0.186724,406.429576,-0.25676,0.03166,-461.6485067,-461.3047935,-461.2586395,7.845024,Gaussian,QC,"opt+freq: b3lyp/6-311G** em=gd3bj
energy: M062X/6-311G+(2d, p) em=gd3"
673,electrolyte674,COC(C)C1OCCO1,-461.4476502,0.141183,0.186726,401.048952,-0.23731,0.03972,-461.650684,-461.3064672,-461.2609242,7.535216,Gaussian,QC,"opt+freq: b3lyp/6-311G** em=gd3bj
energy: M062X/6-311G+(2d, p) em=gd3"
674,electrolyte675,COC1COC(C)OC1,-461.4584249,0.141619,0.186736,397.295904,-0.25157,0.03952,-461.6612144,-461.3168059,-461.2716889,7.917648,Gaussian,QC,"opt+freq: b3lyp/6-311G** em=gd3bj
energy: M062X/6-311G+(2d, p) em=gd3"
675,electrolyte676,CCC1(OC)OCCO1,-461.471969,0.141296,0.186254,395.89008,-0.26915,0.03625,-461.6747498,-461.330673,-461.285715,8.30688,Gaussian,QC,"opt+freq: b3lyp/6-311G** em=gd3bj
energy: M062X/6-311G+(2d, p) em=gd3"
676,electrolyte677,COC1(OC)CCCO1,-461.4589367,0.141452,0.186243,394.42568,-0.26434,0.03064,-461.6611477,-461.3174847,-461.2726937,8.023456,Gaussian,QC,"opt+freq: b3lyp/6-311G** em=gd3bj
energy: M062X/6-311G+(2d, p) em=gd3"
677,electrolyte678,COC1(C)OCCCO1,-461.4754285,0.142636,0.186472,386.020024,-0.26484,0.04352,-461.677729,-461.3327925,-461.2889565,8.387392,Gaussian,QC,"opt+freq: b3lyp/6-311G** em=gd3bj
energy: M062X/6-311G+(2d, p) em=gd3"
678,electrolyte679,CCOC1(C)OCCO1,-461.4743354,0.139229,0.186061,412.404328,-0.26346,0.038,-461.6773992,-461.3351064,-461.2882744,8.199712,Gaussian,QC,"opt+freq: b3lyp/6-311G** em=gd3bj
energy: M062X/6-311G+(2d, p) em=gd3"
679,electrolyte680,COC1(OC)COCO1,-497.366079,0.11812,0.162891,394.254136,-0.26549,0.0349,-497.562512,-497.247959,-497.203188,8.170608,Gaussian,QC,"opt+freq: b3lyp/6-311G** em=gd3bj
energy: M062X/6-311G+(2d, p) em=gd3"
680,electrolyte681,COC1(C)OCOCO1,-497.3885325,0.120119,0.163378,380.9364640000001,-0.2766,0.04367,-497.5843088,-497.2684135,-497.2251545,8.711344,Gaussian,QC,"opt+freq: b3lyp/6-311G** em=gd3bj
energy: M062X/6-311G+(2d, p) em=gd3"
681,electrolyte682,COC1CCOC(C)O1,-461.4731148,0.142508,0.18697,391.534536,-0.26374,0.04308,-461.6759702,-461.3306068,-461.2861448,8.345504,Gaussian,QC,"opt+freq: b3lyp/6-311G** em=gd3bj
energy: M062X/6-311G+(2d, p) em=gd3"
682,electrolyte683,CCC1OCOC(C)O1,-461.4662778,0.14281,0.187056,389.626632,-0.26098,0.03424,-461.669877,-461.3234678,-461.2792218,8.029983999999999,Gaussian,QC,"opt+freq: b3lyp/6-311G** em=gd3bj
energy: M062X/6-311G+(2d, p) em=gd3"
683,electrolyte684,CCC1OCC(OC)O1,-461.4636934,0.140973,0.186666,402.3669120000001,-0.25975,0.04272,-461.666991,-461.3227204,-461.2770274,8.227184,Gaussian,QC,"opt+freq: b3lyp/6-311G** em=gd3bj
energy: M062X/6-311G+(2d, p) em=gd3"
684,electrolyte685,COC1CCC(OC)O1,-461.4604442,0.14188,0.187138,398.538552,-0.26132,0.03649,-461.6646501,-461.3185642,-461.2733062,8.100432,Gaussian,QC,"opt+freq: b3lyp/6-311G** em=gd3bj
energy: M062X/6-311G+(2d, p) em=gd3"
685,electrolyte686,CCOC1COC(C)O1,-461.4605936,0.138494,0.186321,421.169808,-0.2627,0.03561,-461.6647548,-461.3220996,-461.2742726,8.114031999999998,Gaussian,QC,"opt+freq: b3lyp/6-311G** em=gd3bj
energy: M062X/6-311G+(2d, p) em=gd3"
686,electrolyte687,CC1OC(C)OC(C)O1,-461.4666638,0.140959,0.186473,400.793728,-0.25785,0.04334,-461.6711445,-461.3257048,-461.2801908,8.192368,Gaussian,QC,"opt+freq: b3lyp/6-311G** em=gd3bj
energy: M062X/6-311G+(2d, p) em=gd3"
687,electrolyte688,CC(C)(C)C1OCCO1,-425.5557076,0.1631,0.209144,405.467256,-0.25653,0.03868,-425.763714,-425.3926076,-425.3465636,8.029711999999998,Gaussian,QC,"opt+freq: b3lyp/6-311G** em=gd3bj
energy: M062X/6-311G+(2d, p) em=gd3"
688,electrolyte689,COC1OCCC1(C)C,-425.5444122,0.163041,0.209552,409.575944,-0.24539,0.03491,-425.7536285,-425.3813712,-425.3348602,7.62416,Gaussian,QC,"opt+freq: b3lyp/6-311G** em=gd3bj
energy: M062X/6-311G+(2d, p) em=gd3"
689,electrolyte690,COC1OCCCC1C,-425.5549053,0.163601,0.209496,404.149296,-0.26201,0.03844,-425.763848,-425.3913042999999,-425.3454093,8.17224,Gaussian,QC,"opt+freq: b3lyp/6-311G** em=gd3bj
energy: M062X/6-311G+(2d, p) em=gd3"
690,electrolyte691,CC(C)C1OCCCO1,-425.5597889,0.165415,0.210105,393.538672,-0.265,0.04371,-425.7684785,-425.3943739,-425.3496839,8.396912,Gaussian,QC,"opt+freq: b3lyp/6-311G** em=gd3bj
energy: M062X/6-311G+(2d, p) em=gd3"
691,electrolyte692,CCOC1OCCC1C,-425.5543384,0.163282,0.210143,412.659552,-0.2577,0.04042,-425.7653147,-425.3910564,-425.3441954,8.108864,Gaussian,QC,"opt+freq: b3lyp/6-311G** em=gd3bj
energy: M062X/6-311G+(2d, p) em=gd3"
692,electrolyte693,CCC(C)C1OCCO1,-425.5508417,0.16267,0.20998,416.609248,-0.25714,0.0434,-425.7592818,-425.3881717,-425.3408617,8.174688,Gaussian,QC,"opt+freq: b3lyp/6-311G** em=gd3bj
energy: M062X/6-311G+(2d, p) em=gd3"
693,electrolyte694,COC1OCC(C)C1C,-425.5427898,0.16467,0.210173,400.70168,-0.25296,0.02957,-425.7525726,-425.3781198,-425.3326168,7.684816,Gaussian,QC,"opt+freq: b3lyp/6-311G** em=gd3bj
energy: M062X/6-311G+(2d, p) em=gd3"
694,electrolyte695,COC1CCC(C)CO1,-425.5584206,0.165586,0.210548,395.936104,-0.26092,0.04136,-425.7671196,-425.3928346,-425.3478726,8.222016,Gaussian,QC,"opt+freq: b3lyp/6-311G** em=gd3bj
energy: M062X/6-311G+(2d, p) em=gd3"
695,electrolyte696,CCC1OCC(C)CO1,-425.5605554,0.165303,0.210214,395.484232,-0.26238,0.03903,-425.769508,-425.3952524,-425.3503414,8.198352,Gaussian,QC,"opt+freq: b3lyp/6-311G** em=gd3bj
energy: M062X/6-311G+(2d, p) em=gd3"
696,electrolyte697,CCCOC1CCCO1,-425.550821,0.164744,0.210389,401.944328,-0.24904,0.039,-425.7600486,-425.386077,-425.340432,7.834688,Gaussian,QC,"opt+freq: b3lyp/6-311G** em=gd3bj
energy: M062X/6-311G+(2d, p) em=gd3"
697,electrolyte698,CCC1CCOC1OC,-425.5454739,0.164633,0.210534,404.212056,-0.25555,0.03071,-425.7537725,-425.3808409,-425.3349399,7.786272,Gaussian,QC,"opt+freq: b3lyp/6-311G** em=gd3bj
energy: M062X/6-311G+(2d, p) em=gd3"
698,electrolyte699,COC1CC(C)CCO1,-425.5552014,0.166137,0.210713,392.530328,-0.26204,0.03697,-425.7645958,-425.3890644,-425.3444884,8.133072,Gaussian,QC,"opt+freq: b3lyp/6-311G** em=gd3bj
energy: M062X/6-311G+(2d, p) em=gd3"
699,electrolyte700,CCCC1OCCCO1,-425.5554571,0.165221,0.210599,399.605472,-0.26531,0.04278,-425.7651267,-425.3902361,-425.3448581,8.380047999999999,Gaussian,QC,"opt+freq: b3lyp/6-311G** em=gd3bj
energy: M062X/6-311G+(2d, p) em=gd3"
700,electrolyte701,CCOC1CC(C)CO1,-425.5487957,0.163557,0.209986,408.856296,-0.24945,0.03207,-425.7593838,-425.3852387,-425.3388097,7.657343999999999,Gaussian,QC,"opt+freq: b3lyp/6-311G** em=gd3bj
energy: M062X/6-311G+(2d, p) em=gd3"
701,electrolyte702,CCOC1CCCCO1,-425.5539563,0.163033,0.209998,413.575848,-0.25729,0.04228,-425.7648228,-425.3909233,-425.3439583,8.148304,Gaussian,QC,"opt+freq: b3lyp/6-311G** em=gd3bj
energy: M062X/6-311G+(2d, p) em=gd3"
702,electrolyte703,CCOC1CCOCO1,-461.4681943,0.142894,0.187705,394.605592,-0.26488,0.04132,-461.671409,-461.3253003,-461.2804893,8.32864,Gaussian,QC,"opt+freq: b3lyp/6-311G** em=gd3bj
energy: M062X/6-311G+(2d, p) em=gd3"
703,electrolyte704,CC(C)CC1OCCO1,-425.5497314,0.162364,0.209835,418.0318080000001,-0.2602,0.04188,-425.7586609,-425.3873674,-425.3398964,8.216576,Gaussian,QC,"opt+freq: b3lyp/6-311G** em=gd3bj
energy: M062X/6-311G+(2d, p) em=gd3"
704,electrolyte705,CCCCC1OCCO1,-425.5491524,0.162605,0.209929,416.738952,-0.25762,0.03936,-425.7589461,-425.3865474,-425.3392234,8.077856,Gaussian,QC,"opt+freq: b3lyp/6-311G** em=gd3bj
energy: M062X/6-311G+(2d, p) em=gd3"
705,electrolyte706,COCCC1OCCO1,-461.442951,0.139464,0.187021,418.784928,-0.24651,0.03898,-461.6469211,-461.303487,-461.25593,7.765328,Gaussian,QC,"opt+freq: b3lyp/6-311G** em=gd3bj
energy: M062X/6-311G+(2d, p) em=gd3"
706,electrolyte707,CCCOC1COCO1,-461.4607829,0.140383,0.18723,412.538216,-0.26781,0.04045,-461.6644622,-461.3203999,-461.2735529,8.384671999999998,Gaussian,QC,"opt+freq: b3lyp/6-311G** em=gd3bj
energy: M062X/6-311G+(2d, p) em=gd3"
707,electrolyte708,COCC1OCCCO1,-461.4530429,0.1426,0.187392,394.438232,-0.25352,0.04123,-461.6564731,-461.3104429,-461.2656509,8.0172,Gaussian,QC,"opt+freq: b3lyp/6-311G** em=gd3bj
energy: M062X/6-311G+(2d, p) em=gd3"
708,electrolyte709,CCOC1COCCO1,-461.4552714,0.142079,0.187093,396.387976,-0.24586,0.04682,-461.6588614,-461.3131924,-461.2681784,7.960896,Gaussian,QC,"opt+freq: b3lyp/6-311G** em=gd3bj
energy: M062X/6-311G+(2d, p) em=gd3"
709,electrolyte710,CCOCC1OCCO1,-461.4555336,0.142499,0.187336,394.835712,-0.24777,0.04122,-461.6591241,-461.3130346,-461.2681976,7.860527999999999,Gaussian,QC,"opt+freq: b3lyp/6-311G** em=gd3bj
energy: M062X/6-311G+(2d, p) em=gd3"
710,electrolyte711,COC1CC(C)(C)CO1,-425.552992,0.163154,0.209396,407.199432,-0.26136,0.03764,-425.7629543,-425.389838,-425.343596,8.1328,Gaussian,QC,"opt+freq: b3lyp/6-311G** em=gd3bj
energy: M062X/6-311G+(2d, p) em=gd3"
711,electrolyte712,CC1OCC(C)(C)CO1,-425.5646098,0.165005,0.209271,389.810728,-0.26064,0.03571,-425.7728347,-425.3996048,-425.3553388,8.06072,Gaussian,QC,"opt+freq: b3lyp/6-311G** em=gd3bj
energy: M062X/6-311G+(2d, p) em=gd3"
712,electrolyte713,CCC1COC(OC)C1,-425.5469203,0.163996,0.210244,407.253824,-0.25718,0.03228,-425.7559144,-425.3829243,-425.3366763,7.873312000000001,Gaussian,QC,"opt+freq: b3lyp/6-311G** em=gd3bj
energy: M062X/6-311G+(2d, p) em=gd3"
713,electrolyte714,CCC1COC(C)OC1,-425.5576426,0.165019,0.210272,398.496712,-0.25973,0.03623,-425.7661431,-425.3926236,-425.3473706,8.050112,Gaussian,QC,"opt+freq: b3lyp/6-311G** em=gd3bj
energy: M062X/6-311G+(2d, p) em=gd3"
714,electrolyte715,COCOC1CCCO1,-461.4581767,0.141131,0.187451,407.885608,-0.26387,0.04014,-461.662323,-461.3170457000001,-461.2707257,8.269072,Gaussian,QC,"opt+freq: b3lyp/6-311G** em=gd3bj
energy: M062X/6-311G+(2d, p) em=gd3"
715,electrolyte716,COC1COC(OC)O1,-497.3724365,0.118025,0.163388,399.463216,-0.27218,0.03204,-497.5706302,-497.2544115,-497.2090485,8.274784,Gaussian,QC,"opt+freq: b3lyp/6-311G** em=gd3bj
energy: M062X/6-311G+(2d, p) em=gd3"
716,electrolyte717,COC1OCOC(C)O1,-497.3829769,0.120299,0.163867,383.660248,-0.27573,0.04125,-497.5805592,-497.2626779,-497.2191099,8.621856,Gaussian,QC,"opt+freq: b3lyp/6-311G** em=gd3bj
energy: M062X/6-311G+(2d, p) em=gd3"
717,electrolyte718,COC1OCOCC1C,-461.4663351,0.143132,0.18746,390.34628,-0.26275,0.03941,-461.6693583,-461.3232031,-461.2788751,8.218751999999999,Gaussian,QC,"opt+freq: b3lyp/6-311G** em=gd3bj
energy: M062X/6-311G+(2d, p) em=gd3"
718,electrolyte719,CC(C)C1OCOCO1,-461.4737523,0.143279,0.187208,386.83172,-0.28355,0.0419,-461.6761261,-461.3304733,-461.2865443,8.85224,Gaussian,QC,"opt+freq: b3lyp/6-311G** em=gd3bj
energy: M062X/6-311G+(2d, p) em=gd3"
719,electrolyte720,CCCC1OCOCO1,-461.4737529,0.143281,0.187209,386.819168,-0.28355,0.0419,-461.676126,-461.3304719,-461.2865439,8.85224,Gaussian,QC,"opt+freq: b3lyp/6-311G** em=gd3bj
energy: M062X/6-311G+(2d, p) em=gd3"
720,electrolyte721,COCOC1COCO1,-497.3633421,0.118568,0.164037,400.400432,-0.26567,0.04718,-497.5618611,-497.2447741,-497.1993051,8.50952,Gaussian,QC,"opt+freq: b3lyp/6-311G** em=gd3bj
energy: M062X/6-311G+(2d, p) em=gd3"
721,electrolyte722,COC1OCOC1OC,-497.3677345,0.118096,0.163631,400.986192,-0.26718,0.0416,-497.5654636,-497.2496385,-497.2041035,8.398815999999998,Gaussian,QC,"opt+freq: b3lyp/6-311G** em=gd3bj
energy: M062X/6-311G+(2d, p) em=gd3"
722,electrolyte723,COCC1OCOCO1,-497.3664382,0.120194,0.164357,388.894432,-0.2613,0.04488,-497.5633744,-497.2462442,-497.2020812,8.328096,Gaussian,QC,"opt+freq: b3lyp/6-311G** em=gd3bj
energy: M062X/6-311G+(2d, p) em=gd3"
723,electrolyte724,CC1COCC(C)(C)C1,-389.6430193,0.188367,0.233058,393.54704,-0.24961,0.03216,-389.8569995,-389.4546523,-389.4099613,7.664144,Gaussian,QC,"opt+freq: b3lyp/6-311G** em=gd3bj
energy: M062X/6-311G+(2d, p) em=gd3"
724,electrolyte725,CC1CCOCC1(C)C,-389.6434087,0.18922,0.233265,387.865168,-0.2473,0.0344,-389.8564713,-389.4541887,-389.4101437,7.66224,Gaussian,QC,"opt+freq: b3lyp/6-311G** em=gd3bj
energy: M062X/6-311G+(2d, p) em=gd3"
725,electrolyte726,CCC1(C)CCCOC1,-389.6431461,0.18877,0.233617,394.919392,-0.24895,0.03787,-389.8569729,-389.4543761,-389.4095291,7.801504,Gaussian,QC,"opt+freq: b3lyp/6-311G** em=gd3bj
energy: M062X/6-311G+(2d, p) em=gd3"
726,electrolyte727,CC1(C)COCC1(C)C,-389.6395355,0.186694,0.232199,400.718416,-0.24444,0.03017,-389.8517234,-389.4528415,-389.4073365,7.469391999999999,Gaussian,QC,"opt+freq: b3lyp/6-311G** em=gd3bj
energy: M062X/6-311G+(2d, p) em=gd3"
727,electrolyte728,CCC1(C)COCC1C,-389.6315985,0.186461,0.233108,410.772568,-0.24779,0.03427,-389.8450812,-389.4451375,-389.3984905,7.672032000000001,Gaussian,QC,"opt+freq: b3lyp/6-311G** em=gd3bj
energy: M062X/6-311G+(2d, p) em=gd3"
728,electrolyte729,CC1COCC(C)C1C,-389.6397203,0.18881,0.233669,395.03236,-0.25001,0.03161,-389.854021,-389.4509103,-389.4060513,7.660063999999999,Gaussian,QC,"opt+freq: b3lyp/6-311G** em=gd3bj
energy: M062X/6-311G+(2d, p) em=gd3"
729,electrolyte730,CCC1COCC(C)C1,-389.6386648,0.188992,0.234029,396.588808,-0.24882,0.03226,-389.8532802,-389.4496728,-389.4046358,7.645376,Gaussian,QC,"opt+freq: b3lyp/6-311G** em=gd3bj
energy: M062X/6-311G+(2d, p) em=gd3"
730,electrolyte731,CCC1COCC1(C)C,-389.6428261,0.188306,0.233791,400.538504,-0.24916,0.0385,-389.8573254,-389.4545201,-389.4090351,7.824351999999999,Gaussian,QC,"opt+freq: b3lyp/6-311G** em=gd3bj
energy: M062X/6-311G+(2d, p) em=gd3"
731,electrolyte732,CC(C)C1(C)CCOC1,-389.6337787,0.186629,0.233033,408.6303600000001,-0.24437,0.03268,-389.8468678,-389.4471497,-389.4007457,7.535760000000001,Gaussian,QC,"opt+freq: b3lyp/6-311G** em=gd3bj
energy: M062X/6-311G+(2d, p) em=gd3"
732,electrolyte733,CC1COCCC1(C)C,-389.642965,0.189168,0.233213,387.860984,-0.24877,0.03537,-389.8560571,-389.453797,-389.409752,7.728607999999999,Gaussian,QC,"opt+freq: b3lyp/6-311G** em=gd3bj
energy: M062X/6-311G+(2d, p) em=gd3"
733,electrolyte734,CC(C)C1CCCOC1,-389.6410931,0.188567,0.233876,398.98624,-0.24732,0.03834,-389.8549425,-389.4525261,-389.4072171,7.769952000000001,Gaussian,QC,"opt+freq: b3lyp/6-311G** em=gd3bj
energy: M062X/6-311G+(2d, p) em=gd3"
734,electrolyte735,CCC1(CC)CCOC1,-389.6334138,0.18844,0.233931,400.592896,-0.24562,0.03352,-389.8473472,-389.4449738,-389.3994828,7.592607999999999,Gaussian,QC,"opt+freq: b3lyp/6-311G** em=gd3bj
energy: M062X/6-311G+(2d, p) em=gd3"
735,electrolyte736,CCC1COCCC1C,-389.6412855,0.18849,0.233941,400.249808,-0.25055,0.03856,-389.855785,-389.4527955,-389.4073445,7.863791999999999,Gaussian,QC,"opt+freq: b3lyp/6-311G** em=gd3bj
energy: M062X/6-311G+(2d, p) em=gd3"
736,electrolyte737,CCOCC1CCCC1,-389.63154,0.186033,0.233899,421.5045280000001,-0.25652,0.04,-389.8474918,-389.445507,-389.397641,8.065344,Gaussian,QC,"opt+freq: b3lyp/6-311G** em=gd3bj
energy: M062X/6-311G+(2d, p) em=gd3"
737,electrolyte738,CCOCC1CCOC1,-425.5363233,0.163174,0.210699,418.508784,-0.24429,0.03644,-425.7458868,-425.3731493,-425.3256243,7.635856,Gaussian,QC,"opt+freq: b3lyp/6-311G** em=gd3bj
energy: M062X/6-311G+(2d, p) em=gd3"
738,electrolyte739,CCCC1(C)CCOC1,-389.6310906,0.187616,0.233543,404.4338080000001,-0.25104,0.03428,-389.8449043,-389.4434746,-389.3975476,7.760703999999999,Gaussian,QC,"opt+freq: b3lyp/6-311G** em=gd3bj
energy: M062X/6-311G+(2d, p) em=gd3"
739,electrolyte740,CCC1CCOCC1C,-389.6352533,0.189656,0.234267,392.844128,-0.24672,0.03131,-389.8494501,-389.4455973,-389.4009863,7.562416,Gaussian,QC,"opt+freq: b3lyp/6-311G** em=gd3bj
energy: M062X/6-311G+(2d, p) em=gd3"
740,electrolyte741,CCCC1CCCOC1,-389.6384011,0.188579,0.234228,401.981984,-0.24796,0.04076,-389.8524605,-389.4498221,-389.4041731,7.853184000000001,Gaussian,QC,"opt+freq: b3lyp/6-311G** em=gd3bj
energy: M062X/6-311G+(2d, p) em=gd3"
741,electrolyte742,COCC1(C)CCOC1,-425.5330363,0.162514,0.21,418.161512,-0.24972,0.03043,-425.7414806,-425.3705223,-425.3230363,7.62008,Gaussian,QC,"opt+freq: b3lyp/6-311G** em=gd3bj
energy: M062X/6-311G+(2d, p) em=gd3"
742,electrolyte743,COCC1CCCOC1,-425.5362988,0.162962,0.210003,414.23692,-0.24575,0.03691,-425.7454427,-425.3733368,-425.3262958,7.688352,Gaussian,QC,"opt+freq: b3lyp/6-311G** em=gd3bj
energy: M062X/6-311G+(2d, p) em=gd3"
743,electrolyte744,CC(C)C1COCC1C,-389.6308138,0.186837,0.23344,410.391824,-0.24358,0.02775,-389.8447006,-389.4439768,-389.3973738,7.380176000000001,Gaussian,QC,"opt+freq: b3lyp/6-311G** em=gd3bj
energy: M062X/6-311G+(2d, p) em=gd3"
744,electrolyte745,CCC1COCC1CC,-389.6356635,0.187099,0.233612,409.59268,-0.25251,0.04014,-389.8497944,-389.4485645,-389.4020515,7.96008,Gaussian,QC,"opt+freq: b3lyp/6-311G** em=gd3bj
energy: M062X/6-311G+(2d, p) em=gd3"
745,electrolyte746,CCCC1COCC1C,-389.6325188,0.186819,0.233675,412.617712,-0.24473,0.03296,-389.8466239,-389.4456998,-389.3988438,7.553167999999999,Gaussian,QC,"opt+freq: b3lyp/6-311G** em=gd3bj
energy: M062X/6-311G+(2d, p) em=gd3"
746,electrolyte747,COCC1COCC1C,-425.5309284,0.163639,0.210376,411.563344,-0.24986,0.03373,-425.7390629,-425.3672894,-425.3205524,7.713648,Gaussian,QC,"opt+freq: b3lyp/6-311G** em=gd3bj
energy: M062X/6-311G+(2d, p) em=gd3"
747,electrolyte748,CC(C)(C)C1CCOC1,-389.6365692,0.186974,0.232921,404.609536,-0.25339,0.03181,-389.8498323,-389.4495952,-389.4036482,7.75744,Gaussian,QC,"opt+freq: b3lyp/6-311G** em=gd3bj
energy: M062X/6-311G+(2d, p) em=gd3"
748,electrolyte749,CCC(C)C1CCOC1,-389.6365685,0.186974,0.23292,404.605352,-0.25339,0.03181,-389.8498323,-389.4495945,-389.4036485,7.75744,Gaussian,QC,"opt+freq: b3lyp/6-311G** em=gd3bj
energy: M062X/6-311G+(2d, p) em=gd3"
749,electrolyte750,CCC1(C)CCOCC1,-389.6417435,0.188812,0.233623,394.605592,-0.24897,0.03697,-389.8552413,-389.4529315,-389.4081205,7.777567999999999,Gaussian,QC,"opt+freq: b3lyp/6-311G** em=gd3bj
energy: M062X/6-311G+(2d, p) em=gd3"
750,electrolyte751,CC(C)CC1CCOC1,-389.6337423,0.185061,0.233512,426.655032,-0.25274,0.03539,-389.8482318,-389.4486813,-389.4002303,7.837136,Gaussian,QC,"opt+freq: b3lyp/6-311G** em=gd3bj
energy: M062X/6-311G+(2d, p) em=gd3"
751,electrolyte752,CC(C)C1CCOCC1,-389.6418258,0.18866,0.233838,397.83564,-0.25066,0.03828,-389.8556696,-389.4531658,-389.4079878,7.859167999999999,Gaussian,QC,"opt+freq: b3lyp/6-311G** em=gd3bj
energy: M062X/6-311G+(2d, p) em=gd3"
752,electrolyte753,CCCCC1CCOC1,-389.6287373,0.186777,0.234273,418.245192,-0.2483,0.02974,-389.8445678,-389.4419603,-389.3944643,7.562688,Gaussian,QC,"opt+freq: b3lyp/6-311G** em=gd3bj
energy: M062X/6-311G+(2d, p) em=gd3"
753,electrolyte754,CCCC1CCOCC1,-389.6372806,0.189295,0.23439,397.099256,-0.25037,0.03803,-389.8515909,-389.4479856,-389.4028906,7.84448,Gaussian,QC,"opt+freq: b3lyp/6-311G** em=gd3bj
energy: M062X/6-311G+(2d, p) em=gd3"
754,electrolyte755,COCCC1CCOC1,-425.530593,0.162293,0.210653,425.860072,-0.24801,0.03506,-425.7391983,-425.3683,-425.31994,7.699503999999999,Gaussian,QC,"opt+freq: b3lyp/6-311G** em=gd3bj
energy: M062X/6-311G+(2d, p) em=gd3"
755,electrolyte756,COCC1CCOCC1,-425.5421862,0.165465,0.21078,399.044816,-0.25119,0.04295,-425.7505263,-425.3767212,-425.3314062,8.000608,Gaussian,QC,"opt+freq: b3lyp/6-311G** em=gd3bj
energy: M062X/6-311G+(2d, p) em=gd3"
756,electrolyte757,COC1(OC)OCCO1,-497.3822343,0.11748,0.16304,401.20376,-0.27333,0.0394,-497.579545,-497.2647543,-497.2191943,8.506256,Gaussian,QC,"opt+freq: b3lyp/6-311G** em=gd3bj
energy: M062X/6-311G+(2d, p) em=gd3"
757,electrolyte758,COC1OCC(C)CO1,-461.4681833,0.142171,0.187003,394.7813200000001,-0.26636,0.0344,-461.6709701,-461.3260123,-461.2811803,8.180672,Gaussian,QC,"opt+freq: b3lyp/6-311G** em=gd3bj
energy: M062X/6-311G+(2d, p) em=gd3"
758,electrolyte759,CCCOC1OCCO1,-461.4661388,0.139822,0.187167,416.918864,-0.26948,0.03828,-461.6697036,-461.3263168,-461.2789718,8.371072,Gaussian,QC,"opt+freq: b3lyp/6-311G** em=gd3bj
energy: M062X/6-311G+(2d, p) em=gd3"
759,electrolyte760,CCOC1OCCCO1,-461.4652191,0.142118,0.187178,396.793824,-0.26938,0.03827,-461.6683522,-461.3231011,-461.2780411,8.368079999999999,Gaussian,QC,"opt+freq: b3lyp/6-311G** em=gd3bj
energy: M062X/6-311G+(2d, p) em=gd3"
760,electrolyte761,CCOC1OCOCO1,-497.3827006,0.120415,0.164245,385.961448,-0.28906,0.04273,-497.5806154,-497.2622856,-497.2184556,9.024688,Gaussian,QC,"opt+freq: b3lyp/6-311G** em=gd3bj
energy: M062X/6-311G+(2d, p) em=gd3"
761,electrolyte762,COCOC1OCCO1,-497.3728122,0.117856,0.164289,408.8814,-0.27089,0.04351,-497.5707235,-497.2549562,-497.2085232,8.55168,Gaussian,QC,"opt+freq: b3lyp/6-311G** em=gd3bj
energy: M062X/6-311G+(2d, p) em=gd3"
762,electrolyte763,CCC1(C)COCOC1,-425.5534431,0.166084,0.210381,390.078504,-0.26234,0.03434,-425.7613804,-425.3873591,-425.3430621,8.069696,Gaussian,QC,"opt+freq: b3lyp/6-311G** em=gd3bj
energy: M062X/6-311G+(2d, p) em=gd3"
763,electrolyte764,CC(C)C1COCOC1,-425.5516075,0.165636,0.21037,393.931968,-0.26149,0.0344,-425.7597784,-425.3859715,-425.3412375,8.048207999999999,Gaussian,QC,"opt+freq: b3lyp/6-311G** em=gd3bj
energy: M062X/6-311G+(2d, p) em=gd3"
764,electrolyte765,CCCC1COCOC1,-425.5534838,0.165838,0.210379,392.233264,-0.26281,0.03562,-425.7616939,-425.3876458,-425.3431048,8.117296,Gaussian,QC,"opt+freq: b3lyp/6-311G** em=gd3bj
energy: M062X/6-311G+(2d, p) em=gd3"
765,electrolyte766,COCC1COCOC1,-461.4478382,0.143065,0.187821,394.120248,-0.25923,0.03286,-461.6514334,-461.3047732,-461.2600172,7.944848,Gaussian,QC,"opt+freq: b3lyp/6-311G** em=gd3bj
energy: M062X/6-311G+(2d, p) em=gd3"
766,electrolyte767,COCC1(C)CCCC1,-389.6316404,0.186148,0.233221,414.5298,-0.25846,0.03369,-389.8461543,-389.4454924,-389.3984194,7.94648,Gaussian,QC,"opt+freq: b3lyp/6-311G** em=gd3bj
energy: M062X/6-311G+(2d, p) em=gd3"
767,electrolyte768,COCC1CCCC1C,-389.6316655,0.185794,0.233054,416.165744,-0.25809,0.0374,-389.8458394,-389.4458715,-389.3986115,8.037327999999999,Gaussian,QC,"opt+freq: b3lyp/6-311G** em=gd3bj
energy: M062X/6-311G+(2d, p) em=gd3"
768,electrolyte769,COCC1CCC(C)C1,-389.6317892,0.186059,0.2331,414.23692,-0.25843,0.03642,-389.8462525,-389.4457302,-389.3986892,8.019919999999999,Gaussian,QC,"opt+freq: b3lyp/6-311G** em=gd3bj
energy: M062X/6-311G+(2d, p) em=gd3"
769,electrolyte770,COCC1CCCCC1,-389.6321918,0.186451,0.233141,411.149128,-0.25969,0.04032,-389.8466864,-389.4457408,-389.3990508,8.160271999999999,Gaussian,QC,"opt+freq: b3lyp/6-311G** em=gd3bj
energy: M062X/6-311G+(2d, p) em=gd3"
770,electrolyte771,COCCC1CCCC1,-389.6312662,0.186007,0.233279,416.278712,-0.25829,0.03704,-389.8460184,-389.4452592,-389.3979872,8.032976000000001,Gaussian,QC,"opt+freq: b3lyp/6-311G** em=gd3bj
energy: M062X/6-311G+(2d, p) em=gd3"
771,electrolyte772,CC(C)=O,-193.1246176,0.050819,0.087031,318.887744,-0.25266,-0.01868,-193.2229198,-193.0737986,-193.0375866,6.364255999999999,Gaussian,QC,"opt+freq: b3lyp/6-311G** em=gd3bj
energy: M062X/6-311G+(2d, p) em=gd3"
772,electrolyte773,CCC(C)=O,-232.4300691,0.07745,0.116044,339.857952,-0.25195,-0.01733,-232.5531686,-232.3526191,-232.3140251,6.381664,Gaussian,QC,"opt+freq: b3lyp/6-311G** em=gd3bj
energy: M062X/6-311G+(2d, p) em=gd3"
773,electrolyte774,COC(C)=O,-268.3485544,0.056996,0.093491,321.368856,-0.27372,0.00744,-268.465894,-268.2915584,-268.2550634,7.647552,Gaussian,QC,"opt+freq: b3lyp/6-311G** em=gd3bj
energy: M062X/6-311G+(2d, p) em=gd3"
774,electrolyte775,CC(=O)C(C)C,-271.7339109,0.104183,0.144885,358.413992,-0.2459,-0.01744,-271.8808872,-271.6297279,-271.5890259,6.214112,Gaussian,QC,"opt+freq: b3lyp/6-311G** em=gd3bj
energy: M062X/6-311G+(2d, p) em=gd3"
775,electrolyte776,CCC(=O)CC,-271.7314852,0.104931,0.145566,357.828232,-0.24469,-0.01897,-271.8787271,-271.6265542,-271.5859192,6.139583999999999,Gaussian,QC,"opt+freq: b3lyp/6-311G** em=gd3bj
energy: M062X/6-311G+(2d, p) em=gd3"
776,electrolyte777,CCCC(C)=O,-271.7330688,0.104018,0.145193,362.5812560000001,-0.24753,-0.01921,-271.880305,-271.6290508,-271.5878758,6.210304,Gaussian,QC,"opt+freq: b3lyp/6-311G** em=gd3bj
energy: M062X/6-311G+(2d, p) em=gd3"
777,electrolyte778,COCC(C)=O,-307.6284161,0.08097,0.121572,357.535352,-0.24465,-0.02472,-307.769871,-307.5474461,-307.5068441,5.982096,Gaussian,QC,"opt+freq: b3lyp/6-311G** em=gd3bj
energy: M062X/6-311G+(2d, p) em=gd3"
778,electrolyte779,CCC(=O)OC,-307.6640307,0.082249,0.122968,358.572984,-0.27443,0.00504,-307.8067478,-307.5817817,-307.5410627,7.601584,Gaussian,QC,"opt+freq: b3lyp/6-311G** em=gd3bj
energy: M062X/6-311G+(2d, p) em=gd3"
779,electrolyte780,CCOC(C)=O,-307.6568902,0.082983,0.122348,346.6444,-0.27148,0.00744,-307.7994859,-307.5739072,-307.5345422,7.586624,Gaussian,QC,"opt+freq: b3lyp/6-311G** em=gd3bj
energy: M062X/6-311G+(2d, p) em=gd3"
780,electrolyte781,COC(=O)OC,-343.5834943,0.060988,0.100132,344.694656,-0.2933,0.03647,-343.7200654,-343.5225063,-343.4833623,8.969744,Gaussian,QC,"opt+freq: b3lyp/6-311G** em=gd3bj
energy: M062X/6-311G+(2d, p) em=gd3"
781,electrolyte782,O=C1CCCC1,-270.5314232,0.087918,0.123703,315.122144,-0.24429,-0.02264,-270.6665539,-270.4435052,-270.4077202,6.02888,Gaussian,QC,"opt+freq: b3lyp/6-311G** em=gd3bj
energy: M062X/6-311G+(2d, p) em=gd3"
782,electrolyte783,O=C1CCOC1,-306.4307723,0.064876,0.100181,310.887936,-0.25286,-0.03483,-306.5599669,-306.3658963,-306.3305913,5.930415999999999,Gaussian,QC,"opt+freq: b3lyp/6-311G** em=gd3bj
energy: M062X/6-311G+(2d, p) em=gd3"
783,electrolyte784,O=C1CCCO1,-306.4624147,0.066481,0.101363,307.172544,-0.27363,0.00457,-306.5926916,-306.3959337,-306.3610517,7.56704,Gaussian,QC,"opt+freq: b3lyp/6-311G** em=gd3bj
energy: M062X/6-311G+(2d, p) em=gd3"
784,electrolyte785,O=C1COCO1,-342.3646481,0.043237,0.077792,304.293952,-0.28611,-0.00972,-342.4887829,-342.3214111,-342.2868561,7.517807999999999,Gaussian,QC,"opt+freq: b3lyp/6-311G** em=gd3bj
energy: M062X/6-311G+(2d, p) em=gd3"
785,electrolyte786,O=C1OCCO1,-342.3806734,0.044001,0.078367,302.624536,-0.30221,0.0231,-342.5053735,-342.3366724,-342.3023064,8.848431999999999,Gaussian,QC,"opt+freq: b3lyp/6-311G** em=gd3bj
energy: M062X/6-311G+(2d, p) em=gd3"
786,electrolyte787,CC(=O)C(C)(C)C,-311.041724,0.129773,0.173033,380.949016,-0.24636,-0.01765,-311.212555,-310.911951,-310.868691,6.220911999999999,Gaussian,QC,"opt+freq: b3lyp/6-311G** em=gd3bj
energy: M062X/6-311G+(2d, p) em=gd3"
787,electrolyte788,CCC(=O)C(C)C,-311.0360131,0.130717,0.174217,383.057752,-0.24327,-0.02231,-311.2075375,-310.9052961,-310.8617961,6.010111999999999,Gaussian,QC,"opt+freq: b3lyp/6-311G** em=gd3bj
energy: M062X/6-311G+(2d, p) em=gd3"
788,electrolyte789,CCC(C)C(C)=O,-311.0389668,0.12923,0.173785,392.350416,-0.24724,-0.01686,-311.210796,-310.9097368,-310.8651818,6.266335999999999,Gaussian,QC,"opt+freq: b3lyp/6-311G** em=gd3bj
energy: M062X/6-311G+(2d, p) em=gd3"
789,electrolyte790,COC(C)C(C)=O,-346.9379536,0.106678,0.150269,383.852712,-0.24386,-0.02882,-347.1037285,-346.8312756,-346.7876846,5.849088,Gaussian,QC,"opt+freq: b3lyp/6-311G** em=gd3bj
energy: M062X/6-311G+(2d, p) em=gd3"
790,electrolyte791,CCCC(=O)CC,-311.0378741,0.129873,0.174232,390.630792,-0.24793,-0.01923,-311.2101309,-310.9080011,-310.8636421,6.22064,Gaussian,QC,"opt+freq: b3lyp/6-311G** em=gd3bj
energy: M062X/6-311G+(2d, p) em=gd3"
791,electrolyte792,CCC(=O)COC,-346.9333673,0.107626,0.151008,382.02012,-0.24309,-0.02729,-347.0998025,-346.8257413,-346.7823593,5.869759999999999,Gaussian,QC,"opt+freq: b3lyp/6-311G** em=gd3bj
energy: M062X/6-311G+(2d, p) em=gd3"
792,electrolyte793,CC(=O)CC(C)C,-311.0411763,0.129203,0.173332,388.601552,-0.25161,-0.01874,-311.2130401,-310.9119733,-310.8678443,6.334064,Gaussian,QC,"opt+freq: b3lyp/6-311G** em=gd3bj
energy: M062X/6-311G+(2d, p) em=gd3"
793,electrolyte794,CCCCC(C)=O,-311.0376328,0.12978,0.174252,391.618216,-0.2487,-0.02071,-311.2097878,-310.9078528,-310.8633808,6.201328,Gaussian,QC,"opt+freq: b3lyp/6-311G** em=gd3bj
energy: M062X/6-311G+(2d, p) em=gd3"
794,electrolyte795,COCCC(C)=O,-346.9336773,0.106997,0.150758,385.354768,-0.25192,-0.02612,-347.0995454,-346.8266803,-346.7829193,6.141759999999999,Gaussian,QC,"opt+freq: b3lyp/6-311G** em=gd3bj
energy: M062X/6-311G+(2d, p) em=gd3"
795,electrolyte796,CCOCC(C)=O,-346.9358939,0.105697,0.150328,393.02404,-0.24457,-0.02295,-347.1024968,-346.8301969,-346.7855659,6.028064000000001,Gaussian,QC,"opt+freq: b3lyp/6-311G** em=gd3bj
energy: M062X/6-311G+(2d, p) em=gd3"
796,electrolyte797,COC(=O)C(C)C,-346.9701256,0.107934,0.151513,383.75648,-0.27178,0.00845,-347.1374431,-346.8621916,-346.8186126,7.622256000000001,Gaussian,QC,"opt+freq: b3lyp/6-311G** em=gd3bj
energy: M062X/6-311G+(2d, p) em=gd3"
797,electrolyte798,CCCC(=O)OC,-346.9704118,0.108058,0.151659,383.948944,-0.27809,0.00714,-347.1376758,-346.8623538,-346.8187528,7.758255999999999,Gaussian,QC,"opt+freq: b3lyp/6-311G** em=gd3bj
energy: M062X/6-311G+(2d, p) em=gd3"
798,electrolyte799,CCOC(=O)CC,-346.9729135,0.108083,0.151783,384.815032,-0.27324,0.00549,-347.1410753,-346.8648305,-346.8211305,7.581455999999999,Gaussian,QC,"opt+freq: b3lyp/6-311G** em=gd3bj
energy: M062X/6-311G+(2d, p) em=gd3"
799,electrolyte800,COCC(=O)OC,-382.8626521,0.085441,0.12836,377.936536,-0.26124,0.00196,-383.0239658,-382.7772111,-382.7342921,7.159040000000001,Gaussian,QC,"opt+freq: b3lyp/6-311G** em=gd3bj
energy: M062X/6-311G+(2d, p) em=gd3"
800,electrolyte801,CC(=O)OC(C)C,-346.9757047,0.107566,0.150835,381.01596,-0.26925,0.00795,-347.1435015,-346.8681387,-346.8248697,7.53984,Gaussian,QC,"opt+freq: b3lyp/6-311G** em=gd3bj
energy: M062X/6-311G+(2d, p) em=gd3"
801,electrolyte802,CCCOC(C)=O,-346.961517,0.107899,0.151281,382.02012,-0.27079,0.00809,-347.1286035,-346.853618,-346.810236,7.585535999999999,Gaussian,QC,"opt+freq: b3lyp/6-311G** em=gd3bj
energy: M062X/6-311G+(2d, p) em=gd3"
802,electrolyte803,COCOC(C)=O,-382.8696732,0.085995,0.128247,372.070568,-0.27436,0.00288,-383.0310233,-382.7836782,-382.7414262,7.540927999999999,Gaussian,QC,"opt+freq: b3lyp/6-311G** em=gd3bj
energy: M062X/6-311G+(2d, p) em=gd3"
803,electrolyte804,CCOC(=O)OC,-382.8927488,0.086738,0.128918,371.438784,-0.29179,0.03607,-383.0547364,-382.8060108,-382.7638308,8.917791999999999,Gaussian,QC,"opt+freq: b3lyp/6-311G** em=gd3bj
energy: M062X/6-311G+(2d, p) em=gd3"
804,electrolyte805,CC1CCCC1=O,-309.838975,0.11312,0.152324,345.234392,-0.24355,-0.02318,-309.9990449,-309.725855,-309.686651,5.994063999999999,Gaussian,QC,"opt+freq: b3lyp/6-311G** em=gd3bj
energy: M062X/6-311G+(2d, p) em=gd3"
805,electrolyte806,CC1COCC1=O,-345.7384665,0.090087,0.128866,341.489712,-0.25181,-0.03503,-345.8929093,-345.6483795,-345.6096005,5.896415999999999,Gaussian,QC,"opt+freq: b3lyp/6-311G** em=gd3bj
energy: M062X/6-311G+(2d, p) em=gd3"
806,electrolyte807,CC1OCCC1=O,-345.7424622,0.089895,0.128721,341.903928,-0.24925,-0.03412,-345.8966459,-345.6525672,-345.6137412,5.851535999999999,Gaussian,QC,"opt+freq: b3lyp/6-311G** em=gd3bj
energy: M062X/6-311G+(2d, p) em=gd3"
807,electrolyte808,CC1CCC(=O)C1,-309.8386614,0.112913,0.15204,344.5524,-0.24378,-0.02193,-309.9983684,-309.7257484,-309.6866214,6.034319999999999,Gaussian,QC,"opt+freq: b3lyp/6-311G** em=gd3bj
energy: M062X/6-311G+(2d, p) em=gd3"
808,electrolyte809,O=C1CCCCC1,-309.842274,0.115326,0.153418,335.443832,-0.24278,-0.02118,-310.0016195,-309.726948,-309.688856,6.02752,Gaussian,QC,"opt+freq: b3lyp/6-311G** em=gd3bj
energy: M062X/6-311G+(2d, p) em=gd3"
809,electrolyte810,O=C1CCOCC1,-345.7434908,0.092348,0.129949,331.117576,-0.25193,-0.02881,-345.8972713,-345.6511428,-345.6135418,6.068864,Gaussian,QC,"opt+freq: b3lyp/6-311G** em=gd3bj
energy: M062X/6-311G+(2d, p) em=gd3"
810,electrolyte811,CC1CC(=O)CO1,-345.7425062,0.089758,0.128434,340.5776,-0.25113,-0.03296,-345.8965449,-345.6527482,-345.6140722,5.934224,Gaussian,QC,"opt+freq: b3lyp/6-311G** em=gd3bj
energy: M062X/6-311G+(2d, p) em=gd3"
811,electrolyte812,O=C1CCCOC1,-345.739274,0.091893,0.129697,332.89996,-0.24197,-0.03265,-345.8930242,-345.647381,-345.609577,5.693504,Gaussian,QC,"opt+freq: b3lyp/6-311G** em=gd3bj
energy: M062X/6-311G+(2d, p) em=gd3"
812,electrolyte813,O=C1COCOC1,-381.6432336,0.068593,0.106154,330.761936,-0.25173,-0.04512,-381.790881,-381.5746406,-381.5370796,5.619792,Gaussian,QC,"opt+freq: b3lyp/6-311G** em=gd3bj
energy: M062X/6-311G+(2d, p) em=gd3"
813,electrolyte814,CC1CCOC1=O,-345.7701497,0.091712,0.129948,336.699032,-0.2723,0.00222,-345.9254609,-345.6784377,-345.6402017,7.466944,Gaussian,QC,"opt+freq: b3lyp/6-311G** em=gd3bj
energy: M062X/6-311G+(2d, p) em=gd3"
814,electrolyte815,CC1OCOC1=O,-381.6768114,0.068296,0.106273,334.422936,-0.2815,-0.00909,-381.8260617,-381.6085154,-381.5705384,7.409552,Gaussian,QC,"opt+freq: b3lyp/6-311G** em=gd3bj
energy: M062X/6-311G+(2d, p) em=gd3"
815,electrolyte816,CC1COC(=O)C1,-345.7694986,0.091531,0.129754,336.598616,-0.27229,0.00573,-345.9246404,-345.6779676,-345.6397446,7.562143999999999,Gaussian,QC,"opt+freq: b3lyp/6-311G** em=gd3bj
energy: M062X/6-311G+(2d, p) em=gd3"
816,electrolyte817,O=C1CCCCO1,-345.7641849,0.092649,0.130689,334.979408,-0.26714,0.00481,-345.918776,-345.6715359,-345.6334959,7.397039999999999,Gaussian,QC,"opt+freq: b3lyp/6-311G** em=gd3bj
energy: M062X/6-311G+(2d, p) em=gd3"
817,electrolyte818,O=C1CCOCO1,-381.6721397,0.069888,0.107122,327.874976,-0.27837,-0.0094,-381.8209659,-381.6022517,-381.5650177,7.315983999999999,Gaussian,QC,"opt+freq: b3lyp/6-311G** em=gd3bj
energy: M062X/6-311G+(2d, p) em=gd3"
818,electrolyte819,CC1CCC(=O)O1,-345.7739611,0.091322,0.129579,336.887312,-0.27142,0.00626,-345.929054,-345.6826391,-345.6443821,7.552896,Gaussian,QC,"opt+freq: b3lyp/6-311G** em=gd3bj
energy: M062X/6-311G+(2d, p) em=gd3"
819,electrolyte820,O=C1COCCO1,-381.6632231,0.069603,0.106835,327.862424,-0.26512,-0.0049,-381.812279,-381.5936201,-381.5563881,7.077984,Gaussian,QC,"opt+freq: b3lyp/6-311G** em=gd3bj
energy: M062X/6-311G+(2d, p) em=gd3"
820,electrolyte821,CC1OCC(=O)O1,-381.6804893,0.06799,0.105907,333.90412,-0.2824,-0.00655,-381.8296261,-381.6124993,-381.5745823,7.503119999999999,Gaussian,QC,"opt+freq: b3lyp/6-311G** em=gd3bj
energy: M062X/6-311G+(2d, p) em=gd3"
821,electrolyte822,CC1COC(=O)O1,-381.6927462,0.068871,0.106647,332.653104,-0.29916,0.0231,-381.8425951,-381.6238752,-381.5860992,8.765471999999999,Gaussian,QC,"opt+freq: b3lyp/6-311G** em=gd3bj
energy: M062X/6-311G+(2d, p) em=gd3"
822,electrolyte823,O=C1OCCCO1,-381.681188,0.069685,0.107271,330.97532,-0.28866,0.01486,-381.8313285,-381.611503,-381.573917,8.255744,Gaussian,QC,"opt+freq: b3lyp/6-311G** em=gd3bj
energy: M062X/6-311G+(2d, p) em=gd3"
823,electrolyte824,O=C1OCOCO1,-417.5926631,0.047167,0.084035,324.65748,-0.30431,0.00812,-417.7362959,-417.5454961,-417.5086281,8.498096,Gaussian,QC,"opt+freq: b3lyp/6-311G** em=gd3bj
energy: M062X/6-311G+(2d, p) em=gd3"
824,electrolyte825,CCC(=O)C(C)(C)C,-350.3432696,0.156308,0.202413,406.002808,-0.24343,-0.02279,-350.5387446,-350.1869616,-350.1408566,6.001408,Gaussian,QC,"opt+freq: b3lyp/6-311G** em=gd3bj
energy: M062X/6-311G+(2d, p) em=gd3"
825,electrolyte826,CCC(C)(C)C(C)=O,-350.3461974,0.155448,0.202071,410.559184,-0.24565,-0.01783,-350.5412021,-350.1907494,-350.1441264,6.196704,Gaussian,QC,"opt+freq: b3lyp/6-311G** em=gd3bj
energy: M062X/6-311G+(2d, p) em=gd3"
826,electrolyte827,COC(C)(C)C(C)=O,-386.2477872,0.130929,0.178302,417.16572,-0.24902,-0.01959,-386.4381302,-386.1168582,-386.0694852,6.240495999999999,Gaussian,QC,"opt+freq: b3lyp/6-311G** em=gd3bj
energy: M062X/6-311G+(2d, p) em=gd3"
827,electrolyte828,CC(C)C(=O)C(C)C,-350.3383514,0.156745,0.203001,407.324952,-0.24079,-0.01956,-350.5343409,-350.1816064,-350.1353504,6.017456,Gaussian,QC,"opt+freq: b3lyp/6-311G** em=gd3bj
energy: M062X/6-311G+(2d, p) em=gd3"
828,electrolyte829,CCC(=O)C(C)CC,-350.3403902,0.156088,0.203181,414.701344,-0.2419,-0.02234,-350.5365941,-350.1843022,-350.1372092,5.972032,Gaussian,QC,"opt+freq: b3lyp/6-311G** em=gd3bj
energy: M062X/6-311G+(2d, p) em=gd3"
829,electrolyte830,CCCC(=O)C(C)C,-350.3441487,0.155524,0.202844,416.701296,-0.24538,-0.01784,-350.5405255,-350.1886247,-350.1413047,6.189088,Gaussian,QC,"opt+freq: b3lyp/6-311G** em=gd3bj
energy: M062X/6-311G+(2d, p) em=gd3"
830,electrolyte831,COCC(=O)C(C)C,-386.2376862,0.133455,0.179794,408.057152,-0.24088,-0.03053,-386.4282283,-386.1042312,-386.0578922,5.72152,Gaussian,QC,"opt+freq: b3lyp/6-311G** em=gd3bj
energy: M062X/6-311G+(2d, p) em=gd3"
831,electrolyte832,CC(=O)C(C)C(C)C,-350.3446309,0.154592,0.202274,419.893688,-0.24395,-0.01614,-350.5398513,-350.1900389,-350.1423569,6.196432000000001,Gaussian,QC,"opt+freq: b3lyp/6-311G** em=gd3bj
energy: M062X/6-311G+(2d, p) em=gd3"
832,electrolyte833,CCC(CC)C(C)=O,-350.3437626,0.15543,0.202794,417.0862240000001,-0.247,-0.0188,-350.5395039,-350.1883326,-350.1409686,6.207039999999999,Gaussian,QC,"opt+freq: b3lyp/6-311G** em=gd3bj
energy: M062X/6-311G+(2d, p) em=gd3"
833,electrolyte834,CCCC(C)C(C)=O,-350.3411165,0.156003,0.202876,412.764152,-0.24496,-0.01956,-350.53686,-350.1851135,-350.1382405,6.13088,Gaussian,QC,"opt+freq: b3lyp/6-311G** em=gd3bj
energy: M062X/6-311G+(2d, p) em=gd3"
834,electrolyte835,COCC(C)C(C)=O,-386.24416,0.132028,0.179322,416.47536,-0.25201,-0.02147,-386.4346135,-386.112132,-386.064838,6.270688000000001,Gaussian,QC,"opt+freq: b3lyp/6-311G** em=gd3bj
energy: M062X/6-311G+(2d, p) em=gd3"
835,electrolyte836,CCC(=O)C(C)OC,-386.2354949,0.131561,0.179244,419.893688,-0.24501,-0.03284,-386.425761,-386.1039339,-386.0562509,5.771024,Gaussian,QC,"opt+freq: b3lyp/6-311G** em=gd3bj
energy: M062X/6-311G+(2d, p) em=gd3"
836,electrolyte837,CCC(OC)C(C)=O,-386.2450469,0.131785,0.179155,417.140616,-0.24243,-0.02482,-386.4360708,-386.1132619,-386.0658919,5.918991999999999,Gaussian,QC,"opt+freq: b3lyp/6-311G** em=gd3bj
energy: M062X/6-311G+(2d, p) em=gd3"
837,electrolyte838,CCOC(C)C(C)=O,-386.2447755,0.132672,0.17916,409.370928,-0.24005,-0.02718,-386.435744,-386.1121035,-386.0656155,5.790064,Gaussian,QC,"opt+freq: b3lyp/6-311G** em=gd3bj
energy: M062X/6-311G+(2d, p) em=gd3"
838,electrolyte839,CCC(=O)CC(C)C,-350.3444592,0.155009,0.202581,418.918816,-0.24771,-0.01943,-350.5408133,-350.1894502,-350.1418782,6.209216000000001,Gaussian,QC,"opt+freq: b3lyp/6-311G** em=gd3bj
energy: M062X/6-311G+(2d, p) em=gd3"
839,electrolyte840,CCCC(=O)CCC,-350.3399988,0.15405,0.203447,434.997928,-0.24512,-0.02622,-350.5365822,-350.1859488,-350.1365518,5.95408,Gaussian,QC,"opt+freq: b3lyp/6-311G** em=gd3bj
energy: M062X/6-311G+(2d, p) em=gd3"
840,electrolyte841,CCCCC(=O)CC,-350.3374584,0.155036,0.203451,426.345416,-0.24341,-0.01826,-350.5339999,-350.1824224,-350.1340074,6.124079999999999,Gaussian,QC,"opt+freq: b3lyp/6-311G** em=gd3bj
energy: M062X/6-311G+(2d, p) em=gd3"
841,electrolyte842,CCC(=O)CCOC,-386.2421452,0.132785,0.180057,416.278712,-0.24646,-0.01939,-386.4335517,-386.1093602,-386.0620882,6.176304,Gaussian,QC,"opt+freq: b3lyp/6-311G** em=gd3bj
energy: M062X/6-311G+(2d, p) em=gd3"
842,electrolyte843,CCCC(=O)COC,-386.2390922,0.132473,0.179612,415.098824,-0.24497,-0.02661,-386.4303911,-386.1066192,-386.0594802,5.939392,Gaussian,QC,"opt+freq: b3lyp/6-311G** em=gd3bj
energy: M062X/6-311G+(2d, p) em=gd3"
843,electrolyte844,CCOCC(=O)CC,-386.241388,0.132728,0.179787,414.400096,-0.24143,-0.02631,-386.4329413,-386.10866,-386.061601,5.851264,Gaussian,QC,"opt+freq: b3lyp/6-311G** em=gd3bj
energy: M062X/6-311G+(2d, p) em=gd3"
844,electrolyte845,CC(=O)CC(C)(C)C,-350.3465882,0.155587,0.20177,406.688984,-0.24743,-0.02233,-350.5422105,-350.1910012,-350.1448182,6.12272,Gaussian,QC,"opt+freq: b3lyp/6-311G** em=gd3bj
energy: M062X/6-311G+(2d, p) em=gd3"
845,electrolyte846,CCC(C)CC(C)=O,-350.3438172,0.154643,0.20252,421.604944,-0.24675,-0.0186,-350.5394978,-350.1891742,-350.1412972,6.205679999999999,Gaussian,QC,"opt+freq: b3lyp/6-311G** em=gd3bj
energy: M062X/6-311G+(2d, p) em=gd3"
846,electrolyte847,COC(C)CC(C)=O,-386.2453972,0.132915,0.179321,408.647096,-0.24891,-0.01817,-386.435788,-386.1124822,-386.0660762,6.276128,Gaussian,QC,"opt+freq: b3lyp/6-311G** em=gd3bj
energy: M062X/6-311G+(2d, p) em=gd3"
847,electrolyte848,CC(=O)CCC(C)C,-350.3453075,0.154327,0.202305,422.487768,-0.25163,-0.01883,-350.5417016,-350.1909805,-350.1430025,6.33216,Gaussian,QC,"opt+freq: b3lyp/6-311G** em=gd3bj
energy: M062X/6-311G+(2d, p) em=gd3"
848,electrolyte849,CCCCCC(C)=O,-350.3421195,0.155495,0.203244,420.4836320000001,-0.24872,-0.02084,-350.5385508,-350.1866245000001,-350.1388755,6.198335999999999,Gaussian,QC,"opt+freq: b3lyp/6-311G** em=gd3bj
energy: M062X/6-311G+(2d, p) em=gd3"
849,electrolyte850,COCCCC(C)=O,-386.2452842,0.131708,0.179569,421.466872,-0.24941,-0.01712,-386.4361323,-386.1135762,-386.0657152,6.318288,Gaussian,QC,"opt+freq: b3lyp/6-311G** em=gd3bj
energy: M062X/6-311G+(2d, p) em=gd3"
850,electrolyte851,CCOCCC(C)=O,-386.2410895,0.132273,0.179557,416.3874960000001,-0.25061,-0.02493,-386.4320827,-386.1088165,-386.0615325,6.138496,Gaussian,QC,"opt+freq: b3lyp/6-311G** em=gd3bj
energy: M062X/6-311G+(2d, p) em=gd3"
851,electrolyte852,COC(OC)C(C)=O,-422.1464882,0.108524,0.15588,417.015096,-0.24812,-0.03007,-422.3313986,-422.0379642,-421.9906082,5.930960000000001,Gaussian,QC,"opt+freq: b3lyp/6-311G** em=gd3bj
energy: M062X/6-311G+(2d, p) em=gd3"
852,electrolyte853,COCC(=O)COC,-422.1305289,0.109229,0.156505,416.3121840000001,-0.24194,-0.04303,-422.3158335,-422.0212999,-421.9740239,5.410352,Gaussian,QC,"opt+freq: b3lyp/6-311G** em=gd3bj
energy: M062X/6-311G+(2d, p) em=gd3"
853,electrolyte854,CC(=O)COC(C)C,-386.2450065,0.131791,0.178864,414.521432,-0.24062,-0.02403,-386.4361564,-386.1132155,-386.0661425,5.891248,Gaussian,QC,"opt+freq: b3lyp/6-311G** em=gd3bj
energy: M062X/6-311G+(2d, p) em=gd3"
854,electrolyte855,CCCOCC(C)=O,-386.2426252,0.131267,0.179244,422.483584,-0.24425,-0.02437,-386.4340609,-386.1113582,-386.0633812,5.980735999999999,Gaussian,QC,"opt+freq: b3lyp/6-311G** em=gd3bj
energy: M062X/6-311G+(2d, p) em=gd3"
855,electrolyte856,COCOCC(C)=O,-422.1509964,0.109444,0.15643,413.75576,-0.25071,-0.02412,-422.3363983,-422.0415524,-421.9945664,6.163247999999999,Gaussian,QC,"opt+freq: b3lyp/6-311G** em=gd3bj
energy: M062X/6-311G+(2d, p) em=gd3"
856,electrolyte857,COC(=O)C(C)(C)C,-386.2781351,0.133471,0.179565,405.898208,-0.27258,0.00814,-386.4693322,-386.1446641,-386.0985701,7.635583999999999,Gaussian,QC,"opt+freq: b3lyp/6-311G** em=gd3bj
energy: M062X/6-311G+(2d, p) em=gd3"
857,electrolyte858,CCC(C)C(=O)OC,-386.2740695,0.13323,0.180466,415.964912,-0.27036,0.00925,-386.4658158,-386.1408395,-386.0936035,7.605391999999999,Gaussian,QC,"opt+freq: b3lyp/6-311G** em=gd3bj
energy: M062X/6-311G+(2d, p) em=gd3"
858,electrolyte859,CCOC(=O)C(C)C,-386.2790429,0.13367,0.180321,410.801856,-0.27057,0.00859,-386.4718214,-386.1453729,-386.0987219,7.593151999999999,Gaussian,QC,"opt+freq: b3lyp/6-311G** em=gd3bj
energy: M062X/6-311G+(2d, p) em=gd3"
859,electrolyte860,COC(=O)C(C)OC,-422.1704199,0.11065,0.156871,407.01952,-0.2573,-0.00187,-422.356159,-422.0597699,-422.0135489,6.947696,Gaussian,QC,"opt+freq: b3lyp/6-311G** em=gd3bj
energy: M062X/6-311G+(2d, p) em=gd3"
860,electrolyte861,COC(=O)CC(C)C,-386.2769832,0.133176,0.180014,412.454536,-0.27806,0.00707,-386.4683566,-386.1438072,-386.0969692,7.755535999999999,Gaussian,QC,"opt+freq: b3lyp/6-311G** em=gd3bj
energy: M062X/6-311G+(2d, p) em=gd3"
861,electrolyte862,CCCC(=O)OCC,-386.2791894,0.133742,0.180458,411.383432,-0.27677,0.00689,-386.4718917,-386.1454474,-386.0987314,7.715552000000001,Gaussian,QC,"opt+freq: b3lyp/6-311G** em=gd3bj
energy: M062X/6-311G+(2d, p) em=gd3"
862,electrolyte863,CCCCC(=O)OC,-386.2742129,0.132805,0.180653,421.34972,-0.27723,0.00623,-386.4660943,-386.1414079,-386.0935599,7.710112,Gaussian,QC,"opt+freq: b3lyp/6-311G** em=gd3bj
energy: M062X/6-311G+(2d, p) em=gd3"
863,electrolyte864,COCCC(=O)OC,-422.1719914,0.111396,0.15742,405.287344,-0.26021,-0.00041,-422.3578828,-422.0605954,-422.0145714,7.066559999999999,Gaussian,QC,"opt+freq: b3lyp/6-311G** em=gd3bj
energy: M062X/6-311G+(2d, p) em=gd3"
864,electrolyte865,CCC(=O)OC(C)C,-386.2793462,0.133559,0.180061,409.492264,-0.266,0.00561,-386.4723344,-386.1457872,-386.0992852,7.387792,Gaussian,QC,"opt+freq: b3lyp/6-311G** em=gd3bj
energy: M062X/6-311G+(2d, p) em=gd3"
865,electrolyte866,CCCOC(=O)CC,-386.2772403,0.133336,0.180664,416.76824,-0.27372,0.00546,-386.4700227,-386.1439043,-386.0965763,7.593696,Gaussian,QC,"opt+freq: b3lyp/6-311G** em=gd3bj
energy: M062X/6-311G+(2d, p) em=gd3"
866,electrolyte867,CCC(=O)OCOC,-422.1803566,0.110345,0.157458,414.877072,-0.2751,0.00078,-422.3670986,-422.0700116,-422.0228986,7.503936,Gaussian,QC,"opt+freq: b3lyp/6-311G** em=gd3bj
energy: M062X/6-311G+(2d, p) em=gd3"
867,electrolyte868,CCOC(=O)COC,-422.1716058,0.111077,0.157156,405.772688,-0.25967,0.00224,-422.3582079,-422.0605288,-422.0144498,7.123952000000001,Gaussian,QC,"opt+freq: b3lyp/6-311G** em=gd3bj
energy: M062X/6-311G+(2d, p) em=gd3"
868,electrolyte869,CCOCC(=O)OC,-422.1703264,0.110383,0.157118,411.546608,-0.25873,0.00361,-422.3567344,-422.0599434,-422.0132084,7.135648000000001,Gaussian,QC,"opt+freq: b3lyp/6-311G** em=gd3bj
energy: M062X/6-311G+(2d, p) em=gd3"
869,electrolyte870,CC(=O)OC(C)(C)C,-386.2858233,0.13255,0.178668,406.115776,-0.26877,0.00882,-386.4774861,-386.1532733,-386.1071553,7.550448,Gaussian,QC,"opt+freq: b3lyp/6-311G** em=gd3bj
energy: M062X/6-311G+(2d, p) em=gd3"
870,electrolyte871,CCC(C)OC(C)=O,-386.2642475,0.133657,0.179765,406.019544,-0.26731,0.00895,-386.4562322,-386.1305905,-386.0844825,7.514272,Gaussian,QC,"opt+freq: b3lyp/6-311G** em=gd3bj
energy: M062X/6-311G+(2d, p) em=gd3"
871,electrolyte872,COC(C)OC(C)=O,-422.1650304,0.111167,0.156428,398.563656,-0.2742,0.00102,-422.3504816,-422.0538634,-422.0086024,7.485984,Gaussian,QC,"opt+freq: b3lyp/6-311G** em=gd3bj
energy: M062X/6-311G+(2d, p) em=gd3"
872,electrolyte873,CC(=O)OCC(C)C,-386.2800757,0.132298,0.17985,418.743088,-0.27761,0.00811,-386.4719184,-386.1477777,-386.1002257,7.771584000000001,Gaussian,QC,"opt+freq: b3lyp/6-311G** em=gd3bj
energy: M062X/6-311G+(2d, p) em=gd3"
873,electrolyte874,CCCCOC(C)=O,-386.2671264,0.132878,0.180173,416.483728,-0.27158,0.00889,-386.4587302,-386.1342484,-386.0869534,7.628784,Gaussian,QC,"opt+freq: b3lyp/6-311G** em=gd3bj
energy: M062X/6-311G+(2d, p) em=gd3"
874,electrolyte875,COCCOC(C)=O,-422.1667175,0.111204,0.156868,402.115872,-0.26526,0.01527,-422.3530184,-422.0555135,-422.0098495,7.630415999999999,Gaussian,QC,"opt+freq: b3lyp/6-311G** em=gd3bj
energy: M062X/6-311G+(2d, p) em=gd3"
875,electrolyte876,CCOCOC(C)=O,-422.1774893,0.111214,0.157061,403.73508,-0.27257,0.00414,-422.364173,-422.0662753,-422.0204283,7.526511999999999,Gaussian,QC,"opt+freq: b3lyp/6-311G** em=gd3bj
energy: M062X/6-311G+(2d, p) em=gd3"
876,electrolyte877,COC(=O)OC(C)C,-422.1997453,0.112141,0.157183,396.639016,-0.28397,0.03691,-422.38664,-422.0876043,-422.0425623,8.727936,Gaussian,QC,"opt+freq: b3lyp/6-311G** em=gd3bj
energy: M062X/6-311G+(2d, p) em=gd3"
877,electrolyte878,CCOC(=O)OCC,-422.2019807,0.112542,0.157713,397.777064,-0.29048,0.03665,-422.3894276,-422.0894387,-422.0442677,8.897936000000001,Gaussian,QC,"opt+freq: b3lyp/6-311G** em=gd3bj
energy: M062X/6-311G+(2d, p) em=gd3"
878,electrolyte879,CCCOC(=O)OC,-422.1967822,0.111856,0.157819,404.751792,-0.29219,0.03621,-422.3835122,-422.0849262,-422.0389632,8.93248,Gaussian,QC,"opt+freq: b3lyp/6-311G** em=gd3bj
energy: M062X/6-311G+(2d, p) em=gd3"
879,electrolyte880,COCOC(=O)OC,-458.1006101,0.089115,0.134676,401.212128,-0.28978,0.03327,-458.2814387,-458.0114951,-457.9659341,8.78696,Gaussian,QC,"opt+freq: b3lyp/6-311G** em=gd3bj
energy: M062X/6-311G+(2d, p) em=gd3"
880,electrolyte881,CC1(C)CCCC1=O,-349.1464323,0.138566,0.180686,370.907416,-0.24167,-0.02197,-349.330524,-349.0078663,-348.9657463,5.97584,Gaussian,QC,"opt+freq: b3lyp/6-311G** em=gd3bj
energy: M062X/6-311G+(2d, p) em=gd3"
881,electrolyte882,CC1(C)COCC1=O,-385.0467389,0.115534,0.157197,366.890776,-0.24849,-0.03309,-385.2255186,-384.9312049,-384.8895419,5.858879999999999,Gaussian,QC,"opt+freq: b3lyp/6-311G** em=gd3bj
energy: M062X/6-311G+(2d, p) em=gd3"
882,electrolyte883,CC1(C)OCCC1=O,-385.0532548,0.11503,0.15693,368.970224,-0.24831,-0.03224,-385.231915,-384.9382248,-384.8963248,5.877104,Gaussian,QC,"opt+freq: b3lyp/6-311G** em=gd3bj
energy: M062X/6-311G+(2d, p) em=gd3"
883,electrolyte884,CC1CCC(C)C1=O,-349.1451808,0.138487,0.181126,375.480528,-0.24217,-0.02501,-349.3299121,-349.0066938,-348.9640548,5.906752,Gaussian,QC,"opt+freq: b3lyp/6-311G** em=gd3bj
energy: M062X/6-311G+(2d, p) em=gd3"
884,electrolyte885,CC1COC(C)C1=O,-385.0489158,0.115244,0.157519,372.2714,-0.25065,-0.03553,-385.228562,-384.9336718,-384.8913968,5.851264,Gaussian,QC,"opt+freq: b3lyp/6-311G** em=gd3bj
energy: M062X/6-311G+(2d, p) em=gd3"
885,electrolyte886,CC1CCC(=O)C1C,-349.1441142,0.138827,0.181031,371.647984,-0.24174,-0.02402,-349.3279888,-349.0052872,-348.9630832,5.921984,Gaussian,QC,"opt+freq: b3lyp/6-311G** em=gd3bj
energy: M062X/6-311G+(2d, p) em=gd3"
886,electrolyte887,CCC1CCCC1=O,-349.1417816,0.139417,0.181569,371.196112,-0.24276,-0.02485,-349.3260467,-349.0023646,-348.9602126,5.927152,Gaussian,QC,"opt+freq: b3lyp/6-311G** em=gd3bj
energy: M062X/6-311G+(2d, p) em=gd3"
887,electrolyte888,CC1CCCCC1=O,-349.143055,0.138778,0.181379,375.141624,-0.24265,-0.02294,-349.3276268,-349.004277,-348.961676,5.976112000000001,Gaussian,QC,"opt+freq: b3lyp/6-311G** em=gd3bj
energy: M062X/6-311G+(2d, p) em=gd3"
888,electrolyte889,CC1COCCC1=O,-385.0493104,0.11777,0.158662,360.091776,-0.24881,-0.02699,-385.2278852,-384.9315404,-384.8906484,6.033504000000001,Gaussian,QC,"opt+freq: b3lyp/6-311G** em=gd3bj
energy: M062X/6-311G+(2d, p) em=gd3"
889,electrolyte890,CC1CC(=O)C(C)C1,-349.1461084,0.138121,0.180668,374.6772,-0.243,-0.02269,-349.3307685,-349.0079874,-348.9654404,5.992432,Gaussian,QC,"opt+freq: b3lyp/6-311G** em=gd3bj
energy: M062X/6-311G+(2d, p) em=gd3"
890,electrolyte891,CC1OCC(=O)C1C,-385.0485706,0.115599,0.157388,367.986984,-0.24722,-0.03362,-385.2269241,-384.9329716,-384.8911826,5.80992,Gaussian,QC,"opt+freq: b3lyp/6-311G** em=gd3bj
energy: M062X/6-311G+(2d, p) em=gd3"
891,electrolyte892,CCC1COCC1=O,-385.0431026,0.115493,0.157805,372.597752,-0.25118,-0.03426,-385.222044,-384.9276096,-384.8852976,5.900224,Gaussian,QC,"opt+freq: b3lyp/6-311G** em=gd3bj
energy: M062X/6-311G+(2d, p) em=gd3"
892,electrolyte893,CC1CCOCC1=O,-385.0431023,0.115494,0.157806,372.5935680000001,-0.25117,-0.03426,-385.222044,-384.9276083,-384.8852963,5.899952,Gaussian,QC,"opt+freq: b3lyp/6-311G** em=gd3bj
energy: M062X/6-311G+(2d, p) em=gd3"
893,electrolyte894,CC(=O)C1CCCC1,-349.138988,0.137796,0.181667,386.321272,-0.24396,-0.01551,-349.3223235,-349.001192,-348.957321,6.21384,Gaussian,QC,"opt+freq: b3lyp/6-311G** em=gd3bj
energy: M062X/6-311G+(2d, p) em=gd3"
894,electrolyte895,CC(=O)C1CCOC1,-385.0433709,0.114344,0.158212,386.304536,-0.25746,-0.02449,-385.2219415,-384.9290269,-384.8851589,6.336784,Gaussian,QC,"opt+freq: b3lyp/6-311G** em=gd3bj
energy: M062X/6-311G+(2d, p) em=gd3"
895,electrolyte896,CCC1OCCC1=O,-385.0461467,0.115517,0.157734,371.765136,-0.24873,-0.03477,-385.2256707,-384.9306297,-384.8884127,5.819712,Gaussian,QC,"opt+freq: b3lyp/6-311G** em=gd3bj
energy: M062X/6-311G+(2d, p) em=gd3"
896,electrolyte897,COC1CCCC1=O,-385.0395886,0.115871,0.157946,370.509936,-0.23445,-0.03375,-385.218754,-384.9237176,-384.8816426,5.45904,Gaussian,QC,"opt+freq: b3lyp/6-311G** em=gd3bj
energy: M062X/6-311G+(2d, p) em=gd3"
897,electrolyte898,CC1OCCCC1=O,-385.0480053,0.117217,0.158357,362.284192,-0.24003,-0.02991,-385.226647,-384.9307883,-384.8896483,5.715263999999999,Gaussian,QC,"opt+freq: b3lyp/6-311G** em=gd3bj
energy: M062X/6-311G+(2d, p) em=gd3"
898,electrolyte899,CC1CC(=O)C(C)O1,-385.0540732,0.114747,0.156965,371.7693200000001,-0.24779,-0.03258,-385.2331063,-384.9393262,-384.8971082,5.853712,Gaussian,QC,"opt+freq: b3lyp/6-311G** em=gd3bj
energy: M062X/6-311G+(2d, p) em=gd3"
899,electrolyte900,COC1COCC1=O,-420.9370192,0.092529,0.134348,368.258944,-0.24011,-0.04389,-421.1105253,-420.8444902,-420.8026712,5.337184,Gaussian,QC,"opt+freq: b3lyp/6-311G** em=gd3bj
energy: M062X/6-311G+(2d, p) em=gd3"
900,electrolyte901,CC1OCOCC1=O,-420.9525425,0.093687,0.134805,362.08336,-0.24994,-0.0443,-421.1253002,-420.8588555,-420.8177375,5.593407999999999,Gaussian,QC,"opt+freq: b3lyp/6-311G** em=gd3bj
energy: M062X/6-311G+(2d, p) em=gd3"
901,electrolyte902,CC(=O)C1CCCO1,-385.0464534,0.114529,0.157999,382.785792,-0.24202,-0.02569,-385.2253241,-384.9319244,-384.8884544,5.884176,Gaussian,QC,"opt+freq: b3lyp/6-311G** em=gd3bj
energy: M062X/6-311G+(2d, p) em=gd3"
902,electrolyte903,CC(=O)C1COCO1,-420.9545049,0.092165,0.134608,373.748352,-0.25088,-0.02864,-421.1272852,-420.8623399,-420.8198969,6.044928,Gaussian,QC,"opt+freq: b3lyp/6-311G** em=gd3bj
energy: M062X/6-311G+(2d, p) em=gd3"
903,electrolyte904,CC1(C)CCC(=O)C1,-349.1462241,0.138345,0.180209,368.65224,-0.24353,-0.02217,-349.3298063,-349.0078791,-348.9660151,6.020992,Gaussian,QC,"opt+freq: b3lyp/6-311G** em=gd3bj
energy: M062X/6-311G+(2d, p) em=gd3"
904,electrolyte905,CC1CCCC(=O)C1,-349.1462238,0.138345,0.180209,368.65224,-0.24354,-0.02218,-349.3298063,-349.0078788,-348.9660148,6.020992,Gaussian,QC,"opt+freq: b3lyp/6-311G** em=gd3bj
energy: M062X/6-311G+(2d, p) em=gd3"
905,electrolyte906,CC1CC(=O)CCO1,-385.0517594,0.117662,0.158435,359.054144,-0.25018,-0.02706,-385.2300792,-384.9340974,-384.8933244,6.068864,Gaussian,QC,"opt+freq: b3lyp/6-311G** em=gd3bj
energy: M062X/6-311G+(2d, p) em=gd3"
906,electrolyte907,CC1CC(=O)CC1C,-349.1442467,0.138672,0.180698,370.078984,-0.24251,-0.02163,-349.3279398,-349.0055747,-348.9635487,6.007936,Gaussian,QC,"opt+freq: b3lyp/6-311G** em=gd3bj
energy: M062X/6-311G+(2d, p) em=gd3"
907,electrolyte908,CCC1CCC(=O)C1,-349.141915,0.138502,0.181125,375.338272,-0.24315,-0.02201,-349.326025,-349.003413,-348.96079,6.015008,Gaussian,QC,"opt+freq: b3lyp/6-311G** em=gd3bj
energy: M062X/6-311G+(2d, p) em=gd3"
908,electrolyte909,CC1CCC(=O)CC1,-349.1494826,0.140373,0.181784,364.6607040000001,-0.24255,-0.02165,-349.3329804,-349.0091096,-348.9676986,6.00848,Gaussian,QC,"opt+freq: b3lyp/6-311G** em=gd3bj
energy: M062X/6-311G+(2d, p) em=gd3"
909,electrolyte910,COC1CCC(=O)C1,-385.0402192,0.116067,0.157715,366.744336,-0.2466,-0.0298,-385.2181982,-384.9241522,-384.8825042,5.89696,Gaussian,QC,"opt+freq: b3lyp/6-311G** em=gd3bj
energy: M062X/6-311G+(2d, p) em=gd3"
910,electrolyte911,COC1OCCC1=O,-420.9503024,0.092607,0.134627,370.028776,-0.25477,-0.0392,-421.1234949,-420.8576954,-420.8156754,5.863504,Gaussian,QC,"opt+freq: b3lyp/6-311G** em=gd3bj
energy: M062X/6-311G+(2d, p) em=gd3"
911,electrolyte912,CC1(C)CC(=O)CO1,-385.0527561,0.114894,0.15647,366.112552,-0.25149,-0.03259,-385.2310243,-384.9378621,-384.8962861,5.954079999999999,Gaussian,QC,"opt+freq: b3lyp/6-311G** em=gd3bj
energy: M062X/6-311G+(2d, p) em=gd3"
912,electrolyte913,CC1COCC(=O)C1,-385.0461002,0.117193,0.158177,360.899288,-0.24168,-0.03187,-385.224656,-384.9289072,-384.8879232,5.706831999999999,Gaussian,QC,"opt+freq: b3lyp/6-311G** em=gd3bj
energy: M062X/6-311G+(2d, p) em=gd3"
913,electrolyte914,CCC1CC(=O)CO1,-385.0462828,0.115294,0.157517,371.815344,-0.25088,-0.03233,-385.2253862,-384.9309888,-384.8887658,5.94456,Gaussian,QC,"opt+freq: b3lyp/6-311G** em=gd3bj
energy: M062X/6-311G+(2d, p) em=gd3"
914,electrolyte915,CC1CCC(=O)CO1,-385.0454905,0.115257,0.157523,372.191904,-0.25256,-0.03346,-385.2242087,-384.9302335,-384.8879675,5.95952,Gaussian,QC,"opt+freq: b3lyp/6-311G** em=gd3bj
energy: M062X/6-311G+(2d, p) em=gd3"
915,electrolyte916,COC1CC(=O)CO1,-420.9526291,0.091882,0.134078,371.576856,-0.25461,-0.03644,-421.1254211,-420.8607471,-420.8185511,5.934223999999999,Gaussian,QC,"opt+freq: b3lyp/6-311G** em=gd3bj
energy: M062X/6-311G+(2d, p) em=gd3"
916,electrolyte917,CC(=O)C1OCCO1,-420.9522406,0.091309,0.134463,380.003432,-0.24945,-0.03244,-421.124812,-420.8609316,-420.8177776,5.902672,Gaussian,QC,"opt+freq: b3lyp/6-311G** em=gd3bj
energy: M062X/6-311G+(2d, p) em=gd3"
917,electrolyte918,CC1OCC(=O)CO1,-420.9524567,0.09347,0.134438,360.7654,-0.24966,-0.0432,-421.1249016,-420.8589867,-420.8180187,5.615711999999999,Gaussian,QC,"opt+freq: b3lyp/6-311G** em=gd3bj
energy: M062X/6-311G+(2d, p) em=gd3"
918,electrolyte919,CC1(C)CCOC1=O,-385.0778293,0.117073,0.15823,362.426448,-0.26943,0.00696,-385.2571401,-384.9607563,-384.9195993,7.517808,Gaussian,QC,"opt+freq: b3lyp/6-311G** em=gd3bj
energy: M062X/6-311G+(2d, p) em=gd3"
919,electrolyte920,CC1(C)OCOC1=O,-420.9880008,0.093308,0.134397,361.823952,-0.2788,-0.00509,-421.1617322,-420.8946928,-420.8536038,7.444912,Gaussian,QC,"opt+freq: b3lyp/6-311G** em=gd3bj
energy: M062X/6-311G+(2d, p) em=gd3"
920,electrolyte921,CC1COC(=O)C1C,-385.0753034,0.117326,0.158652,363.915952,-0.26884,0.00161,-385.2546302,-384.9579774,-384.9166514,7.356240000000001,Gaussian,QC,"opt+freq: b3lyp/6-311G** em=gd3bj
energy: M062X/6-311G+(2d, p) em=gd3"
921,electrolyte922,CCC1CCOC1=O,-385.0740766,0.117335,0.158903,366.045608,-0.2698,0.0018,-385.2543881,-384.9567416,-384.9151736,7.38752,Gaussian,QC,"opt+freq: b3lyp/6-311G** em=gd3bj
energy: M062X/6-311G+(2d, p) em=gd3"
922,electrolyte923,CC1CCCOC1=O,-385.0744395,0.117359,0.159007,366.7527040000001,-0.27139,0.00289,-385.2542771,-384.9570805,-384.9154325,7.460416,Gaussian,QC,"opt+freq: b3lyp/6-311G** em=gd3bj
energy: M062X/6-311G+(2d, p) em=gd3"
923,electrolyte924,CC1COCOC1=O,-420.9784728,0.095333,0.135817,356.49772,-0.27568,-0.00748,-421.1522437,-420.8831398,-420.8426558,7.295039999999999,Gaussian,QC,"opt+freq: b3lyp/6-311G** em=gd3bj
energy: M062X/6-311G+(2d, p) em=gd3"
924,electrolyte925,CC1CC(C)C(=O)O1,-385.0816382,0.11653,0.158159,366.5769760000001,-0.27015,0.00391,-385.2617473,-384.9651082,-384.9234792,7.454432000000001,Gaussian,QC,"opt+freq: b3lyp/6-311G** em=gd3bj
energy: M062X/6-311G+(2d, p) em=gd3"
925,electrolyte926,CCC1OCOC1=O,-420.981876,0.093715,0.135209,365.392904,-0.28141,-0.00766,-421.1558396,-420.888161,-420.846667,7.446,Gaussian,QC,"opt+freq: b3lyp/6-311G** em=gd3bj
energy: M062X/6-311G+(2d, p) em=gd3"
926,electrolyte927,COC1CCOC1=O,-420.9671017,0.094192,0.135513,363.874112,-0.26025,-0.00697,-421.1411265,-420.8729097,-420.8315887,6.889216,Gaussian,QC,"opt+freq: b3lyp/6-311G** em=gd3bj
energy: M062X/6-311G+(2d, p) em=gd3"
927,electrolyte928,CC1OCCOC1=O,-420.9722019,0.094834,0.135399,357.213184,-0.26378,-0.00441,-421.1465743,-420.8773679,-420.8368029,7.054863999999999,Gaussian,QC,"opt+freq: b3lyp/6-311G** em=gd3bj
energy: M062X/6-311G+(2d, p) em=gd3"
928,electrolyte929,CC1OC(=O)C(C)O1,-420.9925059,0.093046,0.134393,364.104232,-0.2781,-0.00623,-421.1667707,-420.8994599,-420.8581129,7.394864,Gaussian,QC,"opt+freq: b3lyp/6-311G** em=gd3bj
energy: M062X/6-311G+(2d, p) em=gd3"
929,electrolyte930,CC1(C)COC(=O)C1,-385.077803,0.116821,0.157815,360.99552,-0.27159,0.00587,-385.2568887,-384.960982,-384.919988,7.546911999999999,Gaussian,QC,"opt+freq: b3lyp/6-311G** em=gd3bj
energy: M062X/6-311G+(2d, p) em=gd3"
930,electrolyte931,CC1CCOC(=O)C1,-385.0778032,0.116821,0.157816,361.003888,-0.27156,0.0059,-385.2568887,-384.9609822,-384.9199872,7.546912000000001,Gaussian,QC,"opt+freq: b3lyp/6-311G** em=gd3bj
energy: M062X/6-311G+(2d, p) em=gd3"
931,electrolyte932,CC1CC(=O)OCO1,-420.9806899,0.095103,0.135561,356.271784,-0.27548,-0.00437,-421.1540478,-420.8855869,-420.8451289,7.374192,Gaussian,QC,"opt+freq: b3lyp/6-311G** em=gd3bj
energy: M062X/6-311G+(2d, p) em=gd3"
932,electrolyte933,CC1CC(=O)OC1C,-385.0796622,0.11713,0.158226,361.886712,-0.26931,0.00758,-385.2590088,-384.9625322,-384.9214362,7.531407999999999,Gaussian,QC,"opt+freq: b3lyp/6-311G** em=gd3bj
energy: M062X/6-311G+(2d, p) em=gd3"
933,electrolyte934,CC1CCCC(=O)O1,-385.074256,0.117699,0.158851,362.388792,-0.26419,0.00447,-385.2539244,-384.956557,-384.915405,7.307551999999998,Gaussian,QC,"opt+freq: b3lyp/6-311G** em=gd3bj
energy: M062X/6-311G+(2d, p) em=gd3"
934,electrolyte935,CCC1COC(=O)C1,-385.0736963,0.11696,0.158694,367.510008,-0.27129,0.00663,-385.253038,-384.9567363,-384.9150023,7.559424,Gaussian,QC,"opt+freq: b3lyp/6-311G** em=gd3bj
energy: M062X/6-311G+(2d, p) em=gd3"
935,electrolyte936,CC1CCC(=O)OC1,-385.0710759,0.118015,0.159003,360.945312,-0.26637,4e-05,-385.2504429,-384.9530609,-384.9120729,7.246351999999999,Gaussian,QC,"opt+freq: b3lyp/6-311G** em=gd3bj
energy: M062X/6-311G+(2d, p) em=gd3"
936,electrolyte937,CC1OCCC(=O)O1,-420.9823857,0.094475,0.135286,359.376312,-0.27458,-0.00122,-421.156534,-420.8879107,-420.8470997,7.435391999999999,Gaussian,QC,"opt+freq: b3lyp/6-311G** em=gd3bj
energy: M062X/6-311G+(2d, p) em=gd3"
937,electrolyte938,COC1COC(=O)C1,-420.973106,0.093632,0.134988,364.179544,-0.27205,0.00564,-421.146455,-420.879474,-420.838118,7.553167999999999,Gaussian,QC,"opt+freq: b3lyp/6-311G** em=gd3bj
energy: M062X/6-311G+(2d, p) em=gd3"
938,electrolyte939,CC1(C)CCC(=O)O1,-385.0847023,0.116454,0.157584,362.196328,-0.26947,0.00636,-385.2639367,-384.9682483,-384.9271183,7.502575999999999,Gaussian,QC,"opt+freq: b3lyp/6-311G** em=gd3bj
energy: M062X/6-311G+(2d, p) em=gd3"
939,electrolyte940,CCC1CCC(=O)O1,-385.0847035,0.116455,0.157586,362.200512,-0.26948,0.00636,-385.2639367,-384.9682485,-384.9271175,7.502847999999999,Gaussian,QC,"opt+freq: b3lyp/6-311G** em=gd3bj
energy: M062X/6-311G+(2d, p) em=gd3"
940,electrolyte941,COC1CCC(=O)O1,-420.9782923,0.09293,0.135078,371.154272,-0.2752,0.00123,-421.1515134,-420.8853623,-420.8432143,7.518896,Gaussian,QC,"opt+freq: b3lyp/6-311G** em=gd3bj
energy: M062X/6-311G+(2d, p) em=gd3"
941,electrolyte942,COC1OCOC1=O,-456.8812233,0.070659,0.11201,364.13352,-0.2804,-0.0224,-457.0493,-456.8105643,-456.7692133,7.0176,Gaussian,QC,"opt+freq: b3lyp/6-311G** em=gd3bj
energy: M062X/6-311G+(2d, p) em=gd3"
942,electrolyte943,CC1COCC(=O)O1,-420.9739682,0.09476,0.135194,356.062584,-0.26334,-0.00143,-421.148222,-420.8792082,-420.8387742,7.123952000000001,Gaussian,QC,"opt+freq: b3lyp/6-311G** em=gd3bj
energy: M062X/6-311G+(2d, p) em=gd3"
943,electrolyte944,CC1COC(=O)CO1,-420.9721581,0.094827,0.135299,356.397304,-0.26392,-0.00416,-421.14586,-420.8773311,-420.8368591,7.065472,Gaussian,QC,"opt+freq: b3lyp/6-311G** em=gd3bj
energy: M062X/6-311G+(2d, p) em=gd3"
944,electrolyte945,CC1(C)OCC(=O)O1,-420.9934954,0.09269,0.13374,361.4850480000001,-0.28017,-0.00374,-421.1669605,-420.9008054,-420.8597554,7.518895999999999,Gaussian,QC,"opt+freq: b3lyp/6-311G** em=gd3bj
energy: M062X/6-311G+(2d, p) em=gd3"
945,electrolyte946,CCC1OCC(=O)O1,-420.9934997,0.092697,0.133742,361.447392,-0.28015,-0.00374,-421.1669604,-420.9008027,-420.8597577,7.518351999999999,Gaussian,QC,"opt+freq: b3lyp/6-311G** em=gd3bj
energy: M062X/6-311G+(2d, p) em=gd3"
946,electrolyte947,COC1OCC(=O)O1,-456.8942727,0.070877,0.111716,359.627352,-0.2913,-0.01152,-457.0622068,-456.8233957,-456.7825567,7.610016000000001,Gaussian,QC,"opt+freq: b3lyp/6-311G** em=gd3bj
energy: M062X/6-311G+(2d, p) em=gd3"
947,electrolyte948,CC1(C)COC(=O)O1,-421.0046027,0.093954,0.134609,358.012328,-0.29663,0.0202,-421.1787852,-420.9106487,-420.8699937,8.617776,Gaussian,QC,"opt+freq: b3lyp/6-311G** em=gd3bj
energy: M062X/6-311G+(2d, p) em=gd3"
948,electrolyte949,CC1CCOC(=O)O1,-421.0045979,0.093949,0.134608,358.0458,-0.29661,0.0202,-421.1787851,-420.9106489,-420.8699899,8.617232,Gaussian,QC,"opt+freq: b3lyp/6-311G** em=gd3bj
energy: M062X/6-311G+(2d, p) em=gd3"
949,electrolyte950,CC1OCOC(=O)O1,-456.9049191,0.071963,0.112108,353.518712,-0.2983,0.01783,-457.0735234,-456.8329561,-456.7928111,8.598736,Gaussian,QC,"opt+freq: b3lyp/6-311G** em=gd3bj
energy: M062X/6-311G+(2d, p) em=gd3"
950,electrolyte951,CC1OC(=O)OC1C,-421.0036827,0.094488,0.135069,357.35544,-0.29533,0.01869,-421.1777434,-420.9091947,-420.8686137,8.541343999999999,Gaussian,QC,"opt+freq: b3lyp/6-311G** em=gd3bj
energy: M062X/6-311G+(2d, p) em=gd3"
951,electrolyte952,CCC1COC(=O)O1,-420.9973004,0.094361,0.135645,363.54776,-0.29845,0.02131,-421.1715376,-420.9029394,-420.8616554,8.697472,Gaussian,QC,"opt+freq: b3lyp/6-311G** em=gd3bj
energy: M062X/6-311G+(2d, p) em=gd3"
952,electrolyte953,CC1COC(=O)OC1,-420.9880892,0.094937,0.135754,359.430704,-0.28811,0.01128,-421.1625876,-420.8931522,-420.8523352,8.143407999999999,Gaussian,QC,"opt+freq: b3lyp/6-311G** em=gd3bj
energy: M062X/6-311G+(2d, p) em=gd3"
953,electrolyte954,COC1COC(=O)O1,-456.9028145,0.072167,0.112366,353.98732,-0.29757,0.01982,-457.0709159,-456.8306475,-456.7904485,8.633008,Gaussian,QC,"opt+freq: b3lyp/6-311G** em=gd3bj
energy: M062X/6-311G+(2d, p) em=gd3"
954,electrolyte955,CC(C)C(=O)C(C)(C)C,-389.6449414,0.182237,0.231132,430.5712560000001,-0.24117,-0.01962,-389.8647577,-389.4627044,-389.4138094,6.02616,Gaussian,QC,"opt+freq: b3lyp/6-311G** em=gd3bj
energy: M062X/6-311G+(2d, p) em=gd3"
955,electrolyte956,CCC(=O)C(C)(C)CC,-389.6489454,0.181627,0.231384,438.156848,-0.24357,-0.02193,-389.8689447,-389.4673184,-389.4175614,6.028608,Gaussian,QC,"opt+freq: b3lyp/6-311G** em=gd3bj
energy: M062X/6-311G+(2d, p) em=gd3"
956,electrolyte957,CCCC(=O)C(C)(C)C,-389.6519466,0.180967,0.230998,440.566832,-0.24561,-0.01807,-389.8720531,-389.4709796,-389.4209486,6.189088,Gaussian,QC,"opt+freq: b3lyp/6-311G** em=gd3bj
energy: M062X/6-311G+(2d, p) em=gd3"
957,electrolyte958,COCC(=O)C(C)(C)C,-425.545246,0.159038,0.207962,430.822296,-0.2407,-0.03023,-425.7596872,-425.386208,-425.337284,5.724784,Gaussian,QC,"opt+freq: b3lyp/6-311G** em=gd3bj
energy: M062X/6-311G+(2d, p) em=gd3"
958,electrolyte959,CC(=O)C(C)(C)C(C)C,-389.6472344,0.181627,0.230749,432.567024,-0.24387,-0.02037,-389.8668627,-389.4656074,-389.4164854,6.0792,Gaussian,QC,"opt+freq: b3lyp/6-311G** em=gd3bj
energy: M062X/6-311G+(2d, p) em=gd3"
959,electrolyte960,CCC(C)(CC)C(C)=O,-389.6472526,0.18196,0.231232,433.884984,-0.24448,-0.01883,-389.866398,-389.4652926,-389.4160206,6.13768,Gaussian,QC,"opt+freq: b3lyp/6-311G** em=gd3bj
energy: M062X/6-311G+(2d, p) em=gd3"
960,electrolyte961,CCCC(C)(C)C(C)=O,-389.6497872,0.181649,0.231159,435.985352,-0.24527,-0.01902,-389.8692787,-389.4681382,-389.4186282,6.153999999999999,Gaussian,QC,"opt+freq: b3lyp/6-311G** em=gd3bj
energy: M062X/6-311G+(2d, p) em=gd3"
961,electrolyte962,COCC(C)(C)C(C)=O,-425.5517586,0.158223,0.2076,434.805464,-0.24352,-0.01303,-425.7663439,-425.3935356,-425.3441586,6.269327999999999,Gaussian,QC,"opt+freq: b3lyp/6-311G** em=gd3bj
energy: M062X/6-311G+(2d, p) em=gd3"
962,electrolyte963,CCC(=O)C(C)(C)OC,-425.5417652,0.157683,0.207547,439.106616,-0.24389,-0.02527,-425.755511,-425.3840822,-425.3342182,5.946464,Gaussian,QC,"opt+freq: b3lyp/6-311G** em=gd3bj
energy: M062X/6-311G+(2d, p) em=gd3"
963,electrolyte964,CCC(C)(OC)C(C)=O,-425.5512421,0.157818,0.207403,436.64224,-0.24578,-0.01981,-425.766113,-425.3934241,-425.3438391,6.146384,Gaussian,QC,"opt+freq: b3lyp/6-311G** em=gd3bj
energy: M062X/6-311G+(2d, p) em=gd3"
964,electrolyte965,CCOC(C)(C)C(C)=O,-425.553194,0.157451,0.207183,437.9434640000001,-0.24359,-0.01878,-425.7687293,-425.395743,-425.346011,6.114832,Gaussian,QC,"opt+freq: b3lyp/6-311G** em=gd3bj
energy: M062X/6-311G+(2d, p) em=gd3"
965,electrolyte966,CCC(C)C(=O)C(C)C,-389.6422962,0.182106,0.231972,439.114984,-0.2397,-0.01904,-389.862581,-389.4601902,-389.4103242,6.001951999999999,Gaussian,QC,"opt+freq: b3lyp/6-311G** em=gd3bj
energy: M062X/6-311G+(2d, p) em=gd3"
966,electrolyte967,COC(C)C(=O)C(C)C,-425.5468442,0.157754,0.207993,442.407792,-0.24636,-0.02545,-425.7630368,-425.3890902,-425.3388512,6.008751999999999,Gaussian,QC,"opt+freq: b3lyp/6-311G** em=gd3bj
energy: M062X/6-311G+(2d, p) em=gd3"
967,electrolyte968,CCC(=O)C(C)C(C)C,-389.6457435,0.18143,0.231701,442.683936,-0.24127,-0.02081,-389.8656274,-389.4643135,-389.4140425,5.996512,Gaussian,QC,"opt+freq: b3lyp/6-311G** em=gd3bj
energy: M062X/6-311G+(2d, p) em=gd3"
968,electrolyte969,CCC(=O)C(CC)CC,-389.6499779,0.180307,0.23131,449.13148,-0.24348,-0.0148,-389.8700458,-389.4696709,-389.4186679,6.220096,Gaussian,QC,"opt+freq: b3lyp/6-311G** em=gd3bj
energy: M062X/6-311G+(2d, p) em=gd3"
969,electrolyte970,CCCC(=O)C(C)CC,-389.6493961,0.180996,0.231795,447.344912,-0.24417,-0.01809,-389.8701894,-389.4684001,-389.4176011,6.149376,Gaussian,QC,"opt+freq: b3lyp/6-311G** em=gd3bj
energy: M062X/6-311G+(2d, p) em=gd3"
970,electrolyte971,CCCC(C)C(=O)CC,-389.644044,0.181885,0.232239,443.416136,-0.24188,-0.02144,-389.8643293,-389.462159,-389.411805,5.995968,Gaussian,QC,"opt+freq: b3lyp/6-311G** em=gd3bj
energy: M062X/6-311G+(2d, p) em=gd3"
971,electrolyte972,CCC(=O)C(C)COC,-425.5399431,0.158658,0.208811,441.6504880000001,-0.24219,-0.02676,-425.754737,-425.3812851,-425.3311321,5.859696,Gaussian,QC,"opt+freq: b3lyp/6-311G** em=gd3bj
energy: M062X/6-311G+(2d, p) em=gd3"
972,electrolyte973,CC(C)CC(=O)C(C)C,-389.6507787,0.180596,0.231192,445.541608,-0.24511,-0.01807,-389.8712668,-389.4701827,-389.4195867,6.175488,Gaussian,QC,"opt+freq: b3lyp/6-311G** em=gd3bj
energy: M062X/6-311G+(2d, p) em=gd3"
973,electrolyte974,CCCCC(=O)C(C)C,-389.6521518,0.180247,0.231106,447.859544,-0.2473,-0.0183,-389.8729401,-389.4719048,-389.4210458,6.2288,Gaussian,QC,"opt+freq: b3lyp/6-311G** em=gd3bj
energy: M062X/6-311G+(2d, p) em=gd3"
974,electrolyte975,COCCC(=O)C(C)C,-425.547928,0.157705,0.208554,447.77168,-0.24405,-0.01788,-425.7634553,-425.390223,-425.339374,6.151824,Gaussian,QC,"opt+freq: b3lyp/6-311G** em=gd3bj
energy: M062X/6-311G+(2d, p) em=gd3"
975,electrolyte976,CCC(C)C(=O)COC,-425.5415846,0.158909,0.208772,439.08988,-0.24002,-0.02934,-425.7565114,-425.3826756,-425.3328126,5.730496,Gaussian,QC,"opt+freq: b3lyp/6-311G** em=gd3bj
energy: M062X/6-311G+(2d, p) em=gd3"
976,electrolyte977,CCOCC(=O)C(C)C,-425.545814,0.158516,0.208543,440.53336,-0.23932,-0.02898,-425.7614857,-425.387298,-425.337271,5.721248,Gaussian,QC,"opt+freq: b3lyp/6-311G** em=gd3bj
energy: M062X/6-311G+(2d, p) em=gd3"
977,electrolyte978,CC(=O)C(C)C(C)(C)C,-389.6479605,0.181041,0.230656,436.905832,-0.24392,-0.01936,-389.8669334,-389.4669195,-389.4173045,6.108032,Gaussian,QC,"opt+freq: b3lyp/6-311G** em=gd3bj
energy: M062X/6-311G+(2d, p) em=gd3"
978,electrolyte979,CCC(C(C)=O)C(C)C,-389.6495598,0.180407,0.231243,447.658712,-0.24313,-0.01665,-389.8690324,-389.4691528,-389.4183168,6.160256,Gaussian,QC,"opt+freq: b3lyp/6-311G** em=gd3bj
energy: M062X/6-311G+(2d, p) em=gd3"
979,electrolyte980,CCC(C)C(C)C(C)=O,-389.6489713,0.180488,0.231234,446.863752,-0.24692,-0.01783,-389.8688237,-389.4684833,-389.4177373000001,6.231248,Gaussian,QC,"opt+freq: b3lyp/6-311G** em=gd3bj
energy: M062X/6-311G+(2d, p) em=gd3"
980,electrolyte981,COC(C)C(C)C(C)=O,-425.5500357,0.157223,0.207862,445.926536,-0.25049,-0.02394,-425.7646747,-425.3928127,-425.3421737,6.16216,Gaussian,QC,"opt+freq: b3lyp/6-311G** em=gd3bj
energy: M062X/6-311G+(2d, p) em=gd3"
981,electrolyte982,CCCC(CC)C(C)=O,-389.6483176,0.18137,0.231799,444.06884,-0.24678,-0.01839,-389.8682562,-389.4669476,-389.4165186,6.212208,Gaussian,QC,"opt+freq: b3lyp/6-311G** em=gd3bj
energy: M062X/6-311G+(2d, p) em=gd3"
982,electrolyte983,CCC(COC)C(C)=O,-425.5447995,0.158763,0.208438,437.441384,-0.24902,-0.0175,-425.7602634,-425.3860365,-425.3363615,6.297344,Gaussian,QC,"opt+freq: b3lyp/6-311G** em=gd3bj
energy: M062X/6-311G+(2d, p) em=gd3"
983,electrolyte984,CC(=O)C(C)CC(C)C,-389.6509393,0.180987,0.231214,442.294824,-0.24613,-0.01866,-389.8708611,-389.4699523,-389.4197253,6.187183999999999,Gaussian,QC,"opt+freq: b3lyp/6-311G** em=gd3bj
energy: M062X/6-311G+(2d, p) em=gd3"
984,electrolyte985,CCCCC(C)C(C)=O,-389.648445,0.180767,0.231761,449.0478000000001,-0.24651,-0.01586,-389.8685283,-389.467678,-389.416684,6.273680000000001,Gaussian,QC,"opt+freq: b3lyp/6-311G** em=gd3bj
energy: M062X/6-311G+(2d, p) em=gd3"
985,electrolyte986,COCCC(C)C(C)=O,-425.5489342,0.156573,0.208324,455.72128,-0.24456,-0.01368,-425.7640284,-425.3923612,-425.3406102,6.279936,Gaussian,QC,"opt+freq: b3lyp/6-311G** em=gd3bj
energy: M062X/6-311G+(2d, p) em=gd3"
986,electrolyte987,CCOCC(C)C(C)=O,-425.5516534,0.156923,0.208142,451.0352,-0.25136,-0.02098,-425.7673468,-425.3947304,-425.3435114,6.266335999999999,Gaussian,QC,"opt+freq: b3lyp/6-311G** em=gd3bj
energy: M062X/6-311G+(2d, p) em=gd3"
987,electrolyte988,COC(C)(OC)C(C)=O,-461.4587361,0.134862,0.183988,432.608864,-0.24229,-0.0251,-461.6683002,-461.3238741,-461.2747481,5.907567999999999,Gaussian,QC,"opt+freq: b3lyp/6-311G** em=gd3bj
energy: M062X/6-311G+(2d, p) em=gd3"
988,electrolyte989,CCC(=O)C(CC)OC,-425.5404851,0.157622,0.208329,446.524848,-0.24045,-0.02444,-425.7552816,-425.3828631,-425.3321561,5.875472,Gaussian,QC,"opt+freq: b3lyp/6-311G** em=gd3bj
energy: M062X/6-311G+(2d, p) em=gd3"
989,electrolyte990,CCCC(=O)C(C)OC,-425.5477865,0.157957,0.208198,442.424528,-0.24274,-0.02882,-425.7629878,-425.3898295,-425.3395885,5.818624,Gaussian,QC,"opt+freq: b3lyp/6-311G** em=gd3bj
energy: M062X/6-311G+(2d, p) em=gd3"
990,electrolyte991,CCOC(C)C(=O)CC,-425.5517351,0.156596,0.208209,454.50792,-0.24623,-0.02422,-425.7685919,-425.3951391,-425.3435261,6.038672,Gaussian,QC,"opt+freq: b3lyp/6-311G** em=gd3bj
energy: M062X/6-311G+(2d, p) em=gd3"
991,electrolyte992,COCC(=O)C(C)OC,-461.4366646,0.134713,0.184817,441.2153520000001,-0.23764,-0.03833,-461.6470352,-461.3019516,-461.2518476,5.421232,Gaussian,QC,"opt+freq: b3lyp/6-311G** em=gd3bj
energy: M062X/6-311G+(2d, p) em=gd3"
992,electrolyte993,COC(C(C)=O)C(C)C,-425.5481154,0.157685,0.207843,441.696512,-0.24436,-0.0325,-425.7632122,-425.3904304,-425.3402723999999,5.762592,Gaussian,QC,"opt+freq: b3lyp/6-311G** em=gd3bj
energy: M062X/6-311G+(2d, p) em=gd3"
993,electrolyte994,CCCC(OC)C(C)=O,-425.5494329,0.157193,0.208152,448.746552,-0.24207,-0.02389,-425.7649781,-425.3922399,-425.3412809,5.934496,Gaussian,QC,"opt+freq: b3lyp/6-311G** em=gd3bj
energy: M062X/6-311G+(2d, p) em=gd3"
994,electrolyte995,CCOC(CC)C(C)=O,-425.5445556,0.159104,0.208287,433.102576,-0.23812,-0.0264,-425.7600988,-425.3854516,-425.3362686,5.758783999999999,Gaussian,QC,"opt+freq: b3lyp/6-311G** em=gd3bj
energy: M062X/6-311G+(2d, p) em=gd3"
995,electrolyte996,COCC(OC)C(C)=O,-461.4442147,0.133899,0.184722,447.545744,-0.23726,-0.02567,-461.6545455,-461.3103157,-461.2594927,5.755248,Gaussian,QC,"opt+freq: b3lyp/6-311G** em=gd3bj
energy: M062X/6-311G+(2d, p) em=gd3"
996,electrolyte997,CC(=O)C(C)OC(C)C,-425.5526105,0.156714,0.207303,445.483032,-0.24727,-0.01829,-425.7687352,-425.3958965,-425.3453075,6.228255999999999,Gaussian,QC,"opt+freq: b3lyp/6-311G** em=gd3bj
energy: M062X/6-311G+(2d, p) em=gd3"
997,electrolyte998,CCCOC(C)C(C)=O,-425.5427188,0.15913,0.208041,430.705144,-0.24128,-0.02318,-425.7580957,-425.3835888,-425.3346778,5.93232,Gaussian,QC,"opt+freq: b3lyp/6-311G** em=gd3bj
energy: M062X/6-311G+(2d, p) em=gd3"
998,electrolyte999,COCOC(C)C(C)=O,-461.4579364,0.135317,0.185083,438.240528,-0.24445,-0.02471,-461.6681742,-461.3226194,-461.2728534,5.976928,Gaussian,QC,"opt+freq: b3lyp/6-311G** em=gd3bj
energy: M062X/6-311G+(2d, p) em=gd3"
999,electrolyte1000,CCC(=O)CC(C)(C)C,-389.6501192,0.181248,0.231076,438.784448,-0.24389,-0.02413,-389.8703069,-389.4688712,-389.4190432,5.977472000000001,Gaussian,QC,"opt+freq: b3lyp/6-311G** em=gd3bj
energy: M062X/6-311G+(2d, p) em=gd3"
1000,electrolyte1001,CCCC(=O)CC(C)C,-389.6471362,0.17978,0.231801,458.089424,-0.24476,-0.02563,-389.8677344,-389.4673562,-389.4153352,5.960336,Gaussian,QC,"opt+freq: b3lyp/6-311G** em=gd3bj
energy: M062X/6-311G+(2d, p) em=gd3"
1001,electrolyte1002,CCC(=O)CC(C)CC,-389.6481545,0.180249,0.231538,451.646064,-0.24719,-0.01841,-389.8690647,-389.4679055,-389.4166165,6.222815999999999,Gaussian,QC,"opt+freq: b3lyp/6-311G** em=gd3bj
energy: M062X/6-311G+(2d, p) em=gd3"
1002,electrolyte1003,CCC(=O)CC(C)OC,-425.5473426,0.157253,0.208274,449.290472,-0.24953,-0.02452,-425.7623726,-425.3900896,-425.3390686,6.120272,Gaussian,QC,"opt+freq: b3lyp/6-311G** em=gd3bj
energy: M062X/6-311G+(2d, p) em=gd3"
1003,electrolyte1004,CCCCC(=O)CCC,-389.6484821,0.180548,0.231903,452.22764,-0.25003,-0.01863,-389.8701924,-389.4679341,-389.4165791,6.294079999999999,Gaussian,QC,"opt+freq: b3lyp/6-311G** em=gd3bj
energy: M062X/6-311G+(2d, p) em=gd3"
1004,electrolyte1005,CCCC(=O)CCOC,-425.5428402,0.15858,0.209009,444.073024,-0.2427,-0.01766,-425.7589819,-425.3842602,-425.3338312,6.121087999999999,Gaussian,QC,"opt+freq: b3lyp/6-311G** em=gd3bj
energy: M062X/6-311G+(2d, p) em=gd3"
1005,electrolyte1006,CCC(=O)CCC(C)C,-389.6444733,0.180668,0.231861,450.800896,-0.24348,-0.01792,-389.8649495,-389.4638053,-389.4126123,6.135232,Gaussian,QC,"opt+freq: b3lyp/6-311G** em=gd3bj
energy: M062X/6-311G+(2d, p) em=gd3"
1006,electrolyte1007,CCCCCC(=O)CC,-389.6416066,0.181332,0.232468,450.3071840000001,-0.24306,-0.017,-389.8624916,-389.4602746,-389.4091386,6.148832,Gaussian,QC,"opt+freq: b3lyp/6-311G** em=gd3bj
energy: M062X/6-311G+(2d, p) em=gd3"
1007,electrolyte1008,CCC(=O)CCCOC,-425.537368,0.157758,0.209038,451.566568,-0.24679,-0.0227,-425.7519662,-425.37961,-425.32833,6.095248,Gaussian,QC,"opt+freq: b3lyp/6-311G** em=gd3bj
energy: M062X/6-311G+(2d, p) em=gd3"
1008,electrolyte1009,CCOCCC(=O)CC,-425.5482418,0.158922,0.208797,439.19448,-0.24986,-0.02753,-425.7640968,-425.3893198,-425.3394448,6.047376,Gaussian,QC,"opt+freq: b3lyp/6-311G** em=gd3bj
energy: M062X/6-311G+(2d, p) em=gd3"
1009,electrolyte1010,CCC(=O)C(OC)OC,-461.4544729,0.134731,0.18492,441.95592,-0.24931,-0.02984,-461.6648287,-461.3197419,-461.2695529,5.969584,Gaussian,QC,"opt+freq: b3lyp/6-311G** em=gd3bj
energy: M062X/6-311G+(2d, p) em=gd3"
1010,electrolyte1011,COCC(=O)CC(C)C,-425.5456452,0.157496,0.207952,444.311512,-0.24484,-0.02668,-425.7610811,-425.3881492,-425.3376932,5.933952,Gaussian,QC,"opt+freq: b3lyp/6-311G** em=gd3bj
energy: M062X/6-311G+(2d, p) em=gd3"
1011,electrolyte1012,CCCCC(=O)COC,-425.54243,0.159288,0.208988,437.654768,-0.24344,-0.0312,-425.7583791,-425.383142,-425.333442,5.772927999999999,Gaussian,QC,"opt+freq: b3lyp/6-311G** em=gd3bj
energy: M062X/6-311G+(2d, p) em=gd3"
1012,electrolyte1013,CCCC(=O)COCC,-425.5471846,0.157598,0.208369,447.093872,-0.24309,-0.02505,-425.7635676,-425.3895866,-425.3388156,5.930688,Gaussian,QC,"opt+freq: b3lyp/6-311G** em=gd3bj
energy: M062X/6-311G+(2d, p) em=gd3"
1013,electrolyte1014,COCCC(=O)COC,-461.4403058,0.135079,0.185252,441.826216,-0.24721,-0.03384,-461.6501284,-461.3052268,-461.2550538,5.803664,Gaussian,QC,"opt+freq: b3lyp/6-311G** em=gd3bj
energy: M062X/6-311G+(2d, p) em=gd3"
1014,electrolyte1015,CCC(=O)COC(C)C,-425.5492616,0.158276,0.208151,439.202848,-0.23772,-0.02343,-425.7650119,-425.3909856,-425.3411106,5.828688,Gaussian,QC,"opt+freq: b3lyp/6-311G** em=gd3bj
energy: M062X/6-311G+(2d, p) em=gd3"
1015,electrolyte1016,CCCOCC(=O)CC,-425.5478996,0.158067,0.208677,445.667128,-0.2422,-0.02661,-425.7640138,-425.3898326,-425.3392226,5.864048,Gaussian,QC,"opt+freq: b3lyp/6-311G** em=gd3bj
energy: M062X/6-311G+(2d, p) em=gd3"
1016,electrolyte1017,CCC(=O)COCOC,-461.454536,0.135693,0.185771,440.989416,-0.24573,-0.02702,-461.6650372,-461.318843,-461.268765,5.948912,Gaussian,QC,"opt+freq: b3lyp/6-311G** em=gd3bj
energy: M062X/6-311G+(2d, p) em=gd3"
1017,electrolyte1018,CCC(C)(C)CC(C)=O,-389.6496756,0.181361,0.230868,435.960248,-0.24692,-0.02239,-389.8694209,-389.4683146,-389.4188076,6.107216,Gaussian,QC,"opt+freq: b3lyp/6-311G** em=gd3bj
energy: M062X/6-311G+(2d, p) em=gd3"
1018,electrolyte1019,COC(C)(C)CC(C)=O,-425.5546242,0.157425,0.207265,438.8890480000001,-0.24272,-0.01558,-425.7694155,-425.3971992,-425.3473592,6.178208,Gaussian,QC,"opt+freq: b3lyp/6-311G** em=gd3bj
energy: M062X/6-311G+(2d, p) em=gd3"
1019,electrolyte1020,CC(=O)CC(C)C(C)C,-389.6494302,0.179841,0.230849,449.17332,-0.25098,-0.01745,-389.8694756,-389.4695892,-389.4185812,6.352016,Gaussian,QC,"opt+freq: b3lyp/6-311G** em=gd3bj
energy: M062X/6-311G+(2d, p) em=gd3"
1020,electrolyte1021,CCC(CC)CC(C)=O,-389.647434,0.18065,0.231683,449.395072,-0.24623,-0.01814,-389.8673906,-389.466784,-389.415751,6.204048,Gaussian,QC,"opt+freq: b3lyp/6-311G** em=gd3bj
energy: M062X/6-311G+(2d, p) em=gd3"
1021,electrolyte1022,CCCC(C)CC(C)=O,-389.6484743,0.180559,0.231455,448.181712,-0.25065,-0.01818,-389.8689912,-389.4679153,-389.4170193,6.323183999999999,Gaussian,QC,"opt+freq: b3lyp/6-311G** em=gd3bj
energy: M062X/6-311G+(2d, p) em=gd3"
1022,electrolyte1023,COCC(C)CC(C)=O,-425.5489262,0.156893,0.208123,451.127248,-0.24956,-0.02117,-425.763492,-425.3920332,-425.3408032,6.212208,Gaussian,QC,"opt+freq: b3lyp/6-311G** em=gd3bj
energy: M062X/6-311G+(2d, p) em=gd3"
1023,electrolyte1024,CCC(CC(C)=O)OC,-425.5460448,0.158127,0.20822,441.123304,-0.25256,-0.02639,-425.7614334,-425.3879178,-425.3378248,6.151824,Gaussian,QC,"opt+freq: b3lyp/6-311G** em=gd3bj
energy: M062X/6-311G+(2d, p) em=gd3"
1024,electrolyte1025,CCOC(C)CC(C)=O,-425.5513085,0.15927,0.208141,430.357872,-0.24532,-0.01514,-425.7668339,-425.3920385,-425.3431675,6.260896,Gaussian,QC,"opt+freq: b3lyp/6-311G** em=gd3bj
energy: M062X/6-311G+(2d, p) em=gd3"
1025,electrolyte1026,CC(=O)CCC(C)(C)C,-389.6522403,0.180805,0.230488,437.5041440000001,-0.25226,-0.01864,-389.8719845,-389.4714353,-389.4217523,6.354464,Gaussian,QC,"opt+freq: b3lyp/6-311G** em=gd3bj
energy: M062X/6-311G+(2d, p) em=gd3"
1026,electrolyte1027,CCC(C)CCC(C)=O,-389.648371,0.180467,0.231635,450.579144,-0.24866,-0.02036,-389.8687582,-389.467904,-389.416736,6.20976,Gaussian,QC,"opt+freq: b3lyp/6-311G** em=gd3bj
energy: M062X/6-311G+(2d, p) em=gd3"
1027,electrolyte1028,COC(C)CCC(C)=O,-425.5516006,0.157179,0.208036,447.846992,-0.25088,-0.0174,-425.7667307,-425.3944216,-425.3435646,6.350656,Gaussian,QC,"opt+freq: b3lyp/6-311G** em=gd3bj
energy: M062X/6-311G+(2d, p) em=gd3"
1028,electrolyte1029,CC(=O)CCCC(C)C,-389.6497769,0.180303,0.231332,449.3616000000001,-0.25109,-0.01917,-389.8702585,-389.4694739,-389.4184449,6.308223999999999,Gaussian,QC,"opt+freq: b3lyp/6-311G** em=gd3bj
energy: M062X/6-311G+(2d, p) em=gd3"
1029,electrolyte1030,CCCCCCC(C)=O,-389.6465625,0.181178,0.232248,449.713056,-0.24869,-0.0209,-389.8672281,-389.4653845,-389.4143145,6.195888,Gaussian,QC,"opt+freq: b3lyp/6-311G** em=gd3bj
energy: M062X/6-311G+(2d, p) em=gd3"
1030,electrolyte1031,COCCCCC(C)=O,-425.5482434,0.158106,0.208893,447.22776,-0.24712,-0.02069,-425.7635212,-425.3901374,-425.3393504,6.158896,Gaussian,QC,"opt+freq: b3lyp/6-311G** em=gd3bj
energy: M062X/6-311G+(2d, p) em=gd3"
1031,electrolyte1032,CCOCCCC(C)=O,-425.5462789,0.156855,0.208429,454.156464,-0.25154,-0.02435,-425.7618397,-425.3894239,-425.3378499,6.179567999999999,Gaussian,QC,"opt+freq: b3lyp/6-311G** em=gd3bj
energy: M062X/6-311G+(2d, p) em=gd3"
1032,electrolyte1033,COC(CC(C)=O)OC,-461.4581959,0.135818,0.185218,435.014664,-0.25105,-0.02247,-461.6690956,-461.3223779,-461.2729779,6.217376,Gaussian,QC,"opt+freq: b3lyp/6-311G** em=gd3bj
energy: M062X/6-311G+(2d, p) em=gd3"
1033,electrolyte1034,CC(=O)CCOC(C)C,-425.5502249,0.158316,0.207872,436.382832,-0.24891,-0.02603,-425.7664647,-425.3919089,-425.3423529,6.062335999999999,Gaussian,QC,"opt+freq: b3lyp/6-311G** em=gd3bj
energy: M062X/6-311G+(2d, p) em=gd3"
1034,electrolyte1035,CCCOCCC(C)=O,-425.5479617,0.157409,0.208428,449.273736,-0.25105,-0.02543,-425.7637837,-425.3905527,-425.3395336999999,6.136863999999999,Gaussian,QC,"opt+freq: b3lyp/6-311G** em=gd3bj
energy: M062X/6-311G+(2d, p) em=gd3"
1035,electrolyte1036,COCOCCC(C)=O,-461.4577527,0.136934,0.185739,429.772112,-0.24862,-0.02081,-461.6680673,-461.3208187,-461.2720137,6.196432000000001,Gaussian,QC,"opt+freq: b3lyp/6-311G** em=gd3bj
energy: M062X/6-311G+(2d, p) em=gd3"
1036,electrolyte1037,CCOC(OC)C(C)=O,-461.4546618,0.134757,0.184742,440.173536,-0.24602,-0.03007,-461.6648759,-461.3199048,-461.2699198,5.87384,Gaussian,QC,"opt+freq: b3lyp/6-311G** em=gd3bj
energy: M062X/6-311G+(2d, p) em=gd3"
1037,electrolyte1038,CCOCC(=O)COC,-461.438269,0.13393,0.185322,452.558176,-0.2404,-0.0419,-461.6487962,-461.304339,-461.252947,5.3992,Gaussian,QC,"opt+freq: b3lyp/6-311G** em=gd3bj
energy: M062X/6-311G+(2d, p) em=gd3"
1038,electrolyte1039,CC(=O)COC(C)(C)C,-425.5559015,0.156583,0.206731,441.6044640000001,-0.24028,-0.02333,-425.7705536,-425.3993185,-425.3491705,5.90104,Gaussian,QC,"opt+freq: b3lyp/6-311G** em=gd3bj
energy: M062X/6-311G+(2d, p) em=gd3"
1039,electrolyte1040,CCC(C)OCC(C)=O,-425.547187,0.157186,0.207673,444.579288,-0.24293,-0.02049,-425.7624839,-425.390001,-425.339514,6.050368,Gaussian,QC,"opt+freq: b3lyp/6-311G** em=gd3bj
energy: M062X/6-311G+(2d, p) em=gd3"
1040,electrolyte1041,COC(C)OCC(C)=O,-461.4518561,0.134264,0.184475,442.156752,-0.25152,-0.02828,-461.6612592,-461.3175921,-461.2673811,6.072128,Gaussian,QC,"opt+freq: b3lyp/6-311G** em=gd3bj
energy: M062X/6-311G+(2d, p) em=gd3"
1041,electrolyte1042,CC(=O)COCC(C)C,-425.5506281,0.156785,0.207748,448.780024,-0.24523,-0.02616,-425.766073,-425.3938431,-425.3428801,5.958704,Gaussian,QC,"opt+freq: b3lyp/6-311G** em=gd3bj
energy: M062X/6-311G+(2d, p) em=gd3"
1042,electrolyte1043,CCCCOCC(C)=O,-425.5467784,0.156608,0.208234,454.608336,-0.24449,-0.0245,-425.7626429,-425.3901704,-425.3385444,5.983728,Gaussian,QC,"opt+freq: b3lyp/6-311G** em=gd3bj
energy: M062X/6-311G+(2d, p) em=gd3"
1043,electrolyte1044,COCCOCC(C)=O,-461.4431691,0.133671,0.18488,450.9431520000001,-0.23765,-0.02033,-461.6527637,-461.3094981,-461.2582891,5.911104,Gaussian,QC,"opt+freq: b3lyp/6-311G** em=gd3bj
energy: M062X/6-311G+(2d, p) em=gd3"
1044,electrolyte1045,CCOCOCC(C)=O,-461.4586376,0.134813,0.185273,444.353352,-0.24968,-0.02326,-461.6695212,-461.3238246,-461.2733646,6.158624000000001,Gaussian,QC,"opt+freq: b3lyp/6-311G** em=gd3bj
energy: M062X/6-311G+(2d, p) em=gd3"
1045,electrolyte1046,CCC(C)(C)C(=O)OC,-425.5821922,0.159355,0.208603,433.679968,-0.27223,0.00735,-425.7976045,-425.4228372,-425.3735892,7.604576000000002,Gaussian,QC,"opt+freq: b3lyp/6-311G** em=gd3bj
energy: M062X/6-311G+(2d, p) em=gd3"
1046,electrolyte1047,CCOC(=O)C(C)(C)C,-425.5870395,0.159197,0.208367,432.993792,-0.27136,0.00824,-425.8037137,-425.4278425,-425.3786725,7.60512,Gaussian,QC,"opt+freq: b3lyp/6-311G** em=gd3bj
energy: M062X/6-311G+(2d, p) em=gd3"
1047,electrolyte1048,COC(=O)C(C)(C)OC,-461.4762445,0.134871,0.184789,439.579408,-0.26109,0.00855,-461.6860637,-461.3413735,-461.2914555,7.334207999999999,Gaussian,QC,"opt+freq: b3lyp/6-311G** em=gd3bj
energy: M062X/6-311G+(2d, p) em=gd3"
1048,electrolyte1049,COC(=O)C(C)C(C)C,-425.5813136,0.158951,0.208856,439.470624,-0.26992,0.00965,-425.7967001,-425.4223626,-425.3724576,7.604303999999999,Gaussian,QC,"opt+freq: b3lyp/6-311G** em=gd3bj
energy: M062X/6-311G+(2d, p) em=gd3"
1049,electrolyte1050,CCC(CC)C(=O)OC,-425.5782405,0.159125,0.209476,443.386848,-0.27108,0.00671,-425.794351,-425.4191155,-425.3687645,7.555887999999999,Gaussian,QC,"opt+freq: b3lyp/6-311G** em=gd3bj
energy: M062X/6-311G+(2d, p) em=gd3"
1050,electrolyte1051,CCOC(=O)C(C)CC,-425.5844724,0.158979,0.209193,442.181856,-0.26977,0.00831,-425.8015675,-425.4254934,-425.3752794,7.563776,Gaussian,QC,"opt+freq: b3lyp/6-311G** em=gd3bj
energy: M062X/6-311G+(2d, p) em=gd3"
1051,electrolyte1052,CCCC(C)C(=O)OC,-425.5785171,0.158932,0.209472,445.047896,-0.26971,0.00923,-425.7946235,-425.4195851,-425.3690451,7.587168,Gaussian,QC,"opt+freq: b3lyp/6-311G** em=gd3bj
energy: M062X/6-311G+(2d, p) em=gd3"
1052,electrolyte1053,COCC(C)C(=O)OC,-461.4781149,0.135537,0.186007,444.437032,-0.26507,0.0047,-461.6887194,-461.3425779,-461.2921079,7.337743999999999,Gaussian,QC,"opt+freq: b3lyp/6-311G** em=gd3bj
energy: M062X/6-311G+(2d, p) em=gd3"
1053,electrolyte1054,CC(C)OC(=O)C(C)C,-425.5855865,0.159116,0.208593,435.684104,-0.26366,0.00898,-425.8032159,-425.4264705,-425.3769935,7.415807999999999,Gaussian,QC,"opt+freq: b3lyp/6-311G** em=gd3bj
energy: M062X/6-311G+(2d, p) em=gd3"
1054,electrolyte1055,CCCOC(=O)C(C)C,-425.5855854,0.159113,0.208594,435.72176,-0.26366,0.00899,-425.8032161,-425.4264724,-425.3769914,7.41608,Gaussian,QC,"opt+freq: b3lyp/6-311G** em=gd3bj
energy: M062X/6-311G+(2d, p) em=gd3"
1055,electrolyte1056,COCOC(=O)C(C)C,-461.4865346,0.135838,0.186012,441.8304,-0.27251,0.00396,-461.6978782,-461.3506966,-461.3005226,7.519984,Gaussian,QC,"opt+freq: b3lyp/6-311G** em=gd3bj
energy: M062X/6-311G+(2d, p) em=gd3"
1056,electrolyte1057,CCC(OC)C(=O)OC,-461.478258,0.135875,0.185749,439.186112,-0.25892,0.00169,-461.6889009,-461.342383,-461.292509,7.088592,Gaussian,QC,"opt+freq: b3lyp/6-311G** em=gd3bj
energy: M062X/6-311G+(2d, p) em=gd3"
1057,electrolyte1058,CCOC(=O)C(C)OC,-461.4794592,0.13623,0.18567,435.36612,-0.25598,-0.00146,-461.6904013,-461.3432292,-461.2937892,6.922943999999999,Gaussian,QC,"opt+freq: b3lyp/6-311G** em=gd3bj
energy: M062X/6-311G+(2d, p) em=gd3"
1058,electrolyte1059,CCOC(C)C(=O)OC,-461.4801528,0.135793,0.185626,438.826288,-0.25595,-0.00111,-461.6908787,-461.3443598,-461.2945268,6.931648,Gaussian,QC,"opt+freq: b3lyp/6-311G** em=gd3bj
energy: M062X/6-311G+(2d, p) em=gd3"
1059,electrolyte1060,COC(=O)CC(C)(C)C,-425.5834195,0.159147,0.208406,433.7762,-0.2737,0.00294,-425.7991033,-425.4242725,-425.3750135,7.524608,Gaussian,QC,"opt+freq: b3lyp/6-311G** em=gd3bj
energy: M062X/6-311G+(2d, p) em=gd3"
1060,electrolyte1061,CCOC(=O)CC(C)C,-425.5857666,0.158744,0.208809,440.876448,-0.27672,0.00691,-425.8025671,-425.4270226,-425.3769576,7.714736000000001,Gaussian,QC,"opt+freq: b3lyp/6-311G** em=gd3bj
energy: M062X/6-311G+(2d, p) em=gd3"
1061,electrolyte1062,CCC(C)CC(=O)OC,-425.5807985,0.158457,0.208996,445.047896,-0.27778,0.00748,-425.7965787,-425.4223415,-425.3718025,7.759072,Gaussian,QC,"opt+freq: b3lyp/6-311G** em=gd3bj
energy: M062X/6-311G+(2d, p) em=gd3"
1062,electrolyte1063,COC(=O)CC(C)OC,-461.4796051,0.135482,0.185673,441.981024,-0.25907,0.00226,-461.6895398,-461.3441231,-461.2939321,7.108176,Gaussian,QC,"opt+freq: b3lyp/6-311G** em=gd3bj
energy: M062X/6-311G+(2d, p) em=gd3"
1063,electrolyte1064,CCCC(=O)OC(C)C,-425.5856897,0.159203,0.20874,436.2238400000001,-0.26942,0.00705,-425.8032044,-425.4264867,-425.3769497,7.519984,Gaussian,QC,"opt+freq: b3lyp/6-311G** em=gd3bj
energy: M062X/6-311G+(2d, p) em=gd3"
1064,electrolyte1065,CCCCC(=O)OCC,-425.5832106,0.15975,0.209729,440.110776,-0.27432,0.00475,-425.8004683,-425.4234606,-425.3734816,7.590704,Gaussian,QC,"opt+freq: b3lyp/6-311G** em=gd3bj
energy: M062X/6-311G+(2d, p) em=gd3"
1065,electrolyte1066,CCCOC(=O)CCC,-425.5836131,0.159005,0.209378,443.58768,-0.27723,0.00688,-425.8010581,-425.4246081,-425.3742351,7.727791999999999,Gaussian,QC,"opt+freq: b3lyp/6-311G** em=gd3bj
energy: M062X/6-311G+(2d, p) em=gd3"
1066,electrolyte1067,CCCC(=O)OCOC,-461.4859856,0.136883,0.186487,436.817968,-0.27647,-6e-05,-461.6978825,-461.3491026,-461.2994986,7.518351999999999,Gaussian,QC,"opt+freq: b3lyp/6-311G** em=gd3bj
energy: M062X/6-311G+(2d, p) em=gd3"
1067,electrolyte1068,COC(=O)CCC(C)C,-425.5811625,0.157942,0.209024,449.826024,-0.27747,0.00627,-425.7970859,-425.4232205,-425.3721385,7.717727999999999,Gaussian,QC,"opt+freq: b3lyp/6-311G** em=gd3bj
energy: M062X/6-311G+(2d, p) em=gd3"
1068,electrolyte1069,CCCCCC(=O)OC,-425.5785501,0.158793,0.209774,448.939016,-0.27676,0.0054,-425.7948645,-425.4197571,-425.3687761,7.674752000000001,Gaussian,QC,"opt+freq: b3lyp/6-311G** em=gd3bj
energy: M062X/6-311G+(2d, p) em=gd3"
1069,electrolyte1070,COCCCC(=O)OC,-461.4806423,0.135851,0.186204,443.411952,-0.25759,0.00887,-461.6910155,-461.3447913,-461.2944383,7.247711999999999,Gaussian,QC,"opt+freq: b3lyp/6-311G** em=gd3bj
energy: M062X/6-311G+(2d, p) em=gd3"
1070,electrolyte1071,CCOC(=O)CCOC,-461.4813855,0.13712,0.186207,432.265776,-0.2595,-0.0004,-461.6922497,-461.3442655,-461.2951785,7.04752,Gaussian,QC,"opt+freq: b3lyp/6-311G** em=gd3bj
energy: M062X/6-311G+(2d, p) em=gd3"
1071,electrolyte1072,CCOCCC(=O)OC,-461.4802643,0.137497,0.18629,429.6716960000001,-0.25795,-0.00185,-461.6914247,-461.3427673,-461.2939743,6.96592,Gaussian,QC,"opt+freq: b3lyp/6-311G** em=gd3bj
energy: M062X/6-311G+(2d, p) em=gd3"
1072,electrolyte1073,CCC(=O)OC(C)(C)C,-425.5895244,0.158408,0.20788,435.646448,-0.26549,0.00638,-425.8064024,-425.4311164,-425.3816444,7.394864,Gaussian,QC,"opt+freq: b3lyp/6-311G** em=gd3bj
energy: M062X/6-311G+(2d, p) em=gd3"
1073,electrolyte1074,CCC(=O)OC(C)CC,-425.5895235,0.158405,0.20788,435.67992,-0.26547,0.00639,-425.8064024,-425.4311185,-425.3816435,7.394591999999999,Gaussian,QC,"opt+freq: b3lyp/6-311G** em=gd3bj
energy: M062X/6-311G+(2d, p) em=gd3"
1074,electrolyte1075,CCC(=O)OC(C)OC,-461.4852593,0.136243,0.185773,436.165264,-0.27097,0.00119,-461.6975618,-461.3490163,-461.2994863,7.402752,Gaussian,QC,"opt+freq: b3lyp/6-311G** em=gd3bj
energy: M062X/6-311G+(2d, p) em=gd3"
1075,electrolyte1076,CCC(=O)OCC(C)C,-425.5841269,0.158521,0.209082,445.236176,-0.27387,0.00552,-425.8009027,-425.4256059,-425.3750449,7.599408,Gaussian,QC,"opt+freq: b3lyp/6-311G** em=gd3bj
energy: M062X/6-311G+(2d, p) em=gd3"
1076,electrolyte1077,CCCCOC(=O)CC,-425.5821394,0.159526,0.209678,441.633752,-0.27537,0.00384,-425.7998413,-425.4226134,-425.3724614,7.594512,Gaussian,QC,"opt+freq: b3lyp/6-311G** em=gd3bj
energy: M062X/6-311G+(2d, p) em=gd3"
1077,electrolyte1078,CCC(=O)OCCOC,-461.4784112,0.135058,0.186038,448.9264640000001,-0.26334,0.00141,-461.6892371,-461.3433532,-461.2923732,7.201200000000001,Gaussian,QC,"opt+freq: b3lyp/6-311G** em=gd3bj
energy: M062X/6-311G+(2d, p) em=gd3"
1078,electrolyte1079,CCOCOC(=O)CC,-461.4879755,0.135281,0.186289,449.181688,-0.27319,0.00213,-461.7000172,-461.3526945,-461.3016865,7.488704,Gaussian,QC,"opt+freq: b3lyp/6-311G** em=gd3bj
energy: M062X/6-311G+(2d, p) em=gd3"
1079,electrolyte1080,COC(=O)C(OC)OC,-497.3763973,0.11293,0.162543,436.889096,-0.26103,-0.01072,-497.5816717,-497.2634673,-497.2138543,6.808431999999999,Gaussian,QC,"opt+freq: b3lyp/6-311G** em=gd3bj
energy: M062X/6-311G+(2d, p) em=gd3"
1080,electrolyte1081,COCC(=O)OC(C)C,-461.4782607,0.136512,0.185435,430.818112,-0.25549,0.00307,-461.6896984,-461.3417487,-461.2928257,7.032832,Gaussian,QC,"opt+freq: b3lyp/6-311G** em=gd3bj
energy: M062X/6-311G+(2d, p) em=gd3"
1081,electrolyte1082,CCOCC(=O)OCC,-461.4792945,0.13605,0.185919,439.140088,-0.25733,0.00386,-461.6910117,-461.3432445,-461.2933755,7.104367999999999,Gaussian,QC,"opt+freq: b3lyp/6-311G** em=gd3bj
energy: M062X/6-311G+(2d, p) em=gd3"
1082,electrolyte1083,CCCOC(=O)COC,-461.4761191,0.136487,0.186043,436.382832,-0.25997,0.00262,-461.6872458,-461.3396321,-461.2900761,7.142448,Gaussian,QC,"opt+freq: b3lyp/6-311G** em=gd3bj
energy: M062X/6-311G+(2d, p) em=gd3"
1083,electrolyte1084,COCOC(=O)COC,-497.3787651,0.113244,0.162941,437.633848,-0.26385,-0.00645,-497.5843763,-497.2655211,-497.2158241,7.001279999999999,Gaussian,QC,"opt+freq: b3lyp/6-311G** em=gd3bj
energy: M062X/6-311G+(2d, p) em=gd3"
1084,electrolyte1085,COC(=O)COC(C)C,-461.4782365,0.136412,0.185536,432.58376,-0.25542,0.00333,-461.688768,-461.3418245,-461.2927005,7.037999999999999,Gaussian,QC,"opt+freq: b3lyp/6-311G** em=gd3bj
energy: M062X/6-311G+(2d, p) em=gd3"
1085,electrolyte1086,CCCOCC(=O)OC,-461.4769591,0.135771,0.186031,442.591888,-0.26031,0.0023,-461.6881134,-461.3411881,-461.2909281,7.142992,Gaussian,QC,"opt+freq: b3lyp/6-311G** em=gd3bj
energy: M062X/6-311G+(2d, p) em=gd3"
1086,electrolyte1087,COCOCC(=O)OC,-497.3845824,0.1137,0.163174,435.667368,-0.26836,0.00358,-497.589875,-497.2708824,-497.2214084,7.396767999999999,Gaussian,QC,"opt+freq: b3lyp/6-311G** em=gd3bj
energy: M062X/6-311G+(2d, p) em=gd3"
1087,electrolyte1088,CCC(C)(C)OC(C)=O,-425.5740471,0.158854,0.207628,429.504336,-0.26684,0.00936,-425.789811,-425.4151931,-425.3664191,7.51264,Gaussian,QC,"opt+freq: b3lyp/6-311G** em=gd3bj
energy: M062X/6-311G+(2d, p) em=gd3"
1088,electrolyte1089,COC(C)(C)OC(C)=O,-461.4724172,0.135552,0.183933,426.039984,-0.2681,0.00576,-461.6819006,-461.3368652,-461.2884842,7.448992,Gaussian,QC,"opt+freq: b3lyp/6-311G** em=gd3bj
energy: M062X/6-311G+(2d, p) em=gd3"
1089,electrolyte1090,CC(=O)OC(C)C(C)C,-425.5865541,0.158052,0.208262,442.148384,-0.26872,0.00732,-425.8025918,-425.4285021,-425.3782921,7.508288,Gaussian,QC,"opt+freq: b3lyp/6-311G** em=gd3bj
energy: M062X/6-311G+(2d, p) em=gd3"
1090,electrolyte1091,CCC(CC)OC(C)=O,-425.5656247,0.159546,0.208857,434.2322560000001,-0.26584,0.00867,-425.7814861,-425.4060787,-425.3567677,7.466672000000001,Gaussian,QC,"opt+freq: b3lyp/6-311G** em=gd3bj
energy: M062X/6-311G+(2d, p) em=gd3"
1091,electrolyte1093,COCC(C)OC(C)=O,-461.4667205,0.135786,0.185304,436.052296,-0.27084,0.00537,-461.6776206,-461.3309345,-461.2814165,7.512912,Gaussian,QC,"opt+freq: b3lyp/6-311G** em=gd3bj
energy: M062X/6-311G+(2d, p) em=gd3"
1092,electrolyte1094,CCC(OC)OC(C)=O,-461.4820237,0.136049,0.185335,434.002136,-0.26957,0.00521,-461.693761,-461.3459747,-461.2966887,7.474015999999999,Gaussian,QC,"opt+freq: b3lyp/6-311G** em=gd3bj
energy: M062X/6-311G+(2d, p) em=gd3"
1093,electrolyte1095,CCOC(C)OC(C)=O,-461.4724088,0.135825,0.184959,432.671624,-0.27449,-0.00929,-461.6835611,-461.3365838,-461.2874498,7.213439999999999,Gaussian,QC,"opt+freq: b3lyp/6-311G** em=gd3bj
energy: M062X/6-311G+(2d, p) em=gd3"
1094,electrolyte1096,CC(=O)OCC(C)(C)C,-425.5883099,0.158027,0.207966,439.7593200000001,-0.27846,0.0066,-425.8039774,-425.4302829,-425.3803439,7.753632,Gaussian,QC,"opt+freq: b3lyp/6-311G** em=gd3bj
energy: M062X/6-311G+(2d, p) em=gd3"
1095,electrolyte1097,CCC(C)COC(C)=O,-425.5724907,0.15837,0.20868,443.02284,-0.27045,0.00871,-425.7878916,-425.4141207,-425.3638107,7.593152,Gaussian,QC,"opt+freq: b3lyp/6-311G** em=gd3bj
energy: M062X/6-311G+(2d, p) em=gd3"
1096,electrolyte1098,COC(C)COC(C)=O,-461.4705502,0.136764,0.185337,427.73032,-0.26705,0.01391,-461.6804298,-461.3337862,-461.2852132,7.642111999999999,Gaussian,QC,"opt+freq: b3lyp/6-311G** em=gd3bj
energy: M062X/6-311G+(2d, p) em=gd3"
1097,electrolyte1099,CC(=O)OCCC(C)C,-425.5847933,0.158237,0.208806,445.307304,-0.27931,0.00585,-425.8015076,-425.4265563,-425.3759873,7.756352000000001,Gaussian,QC,"opt+freq: b3lyp/6-311G** em=gd3bj
energy: M062X/6-311G+(2d, p) em=gd3"
1098,electrolyte1100,CCCCCOC(C)=O,-425.5715196,0.158581,0.209142,445.236176,-0.27137,0.00898,-425.7873079,-425.4129386,-425.3623776,7.62552,Gaussian,QC,"opt+freq: b3lyp/6-311G** em=gd3bj
energy: M062X/6-311G+(2d, p) em=gd3"
1099,electrolyte1101,COCCCOC(C)=O,-461.4735571,0.135348,0.185842,444.642048,-0.2664,0.01095,-461.6839034,-461.3382091,-461.2877151,7.543920000000001,Gaussian,QC,"opt+freq: b3lyp/6-311G** em=gd3bj
energy: M062X/6-311G+(2d, p) em=gd3"
1100,electrolyte1102,CCOCCOC(C)=O,-461.4747822,0.136408,0.185684,433.92264,-0.26453,0.01581,-461.6861872,-461.3383742,-461.2890982,7.625247999999999,Gaussian,QC,"opt+freq: b3lyp/6-311G** em=gd3bj
energy: M062X/6-311G+(2d, p) em=gd3"
1101,electrolyte1103,COC(OC)OC(C)=O,-497.3865129,0.11286,0.161887,431.72604,-0.27619,0.00148,-497.5912444,-497.2736529,-497.2246259,7.552623999999999,Gaussian,QC,"opt+freq: b3lyp/6-311G** em=gd3bj
energy: M062X/6-311G+(2d, p) em=gd3"
1102,electrolyte1104,CC(=O)OCOC(C)C,-461.4917984,0.13527,0.185493,442.265536,-0.2745,0.00551,-461.7035404,-461.3565284,-461.3063054,7.616272,Gaussian,QC,"opt+freq: b3lyp/6-311G** em=gd3bj
energy: M062X/6-311G+(2d, p) em=gd3"
1103,electrolyte1105,CCCOCOC(C)=O,-461.4838375,0.136301,0.185889,436.667344,-0.27343,0.00367,-461.6949206,-461.3475365,-461.2979485,7.53712,Gaussian,QC,"opt+freq: b3lyp/6-311G** em=gd3bj
energy: M062X/6-311G+(2d, p) em=gd3"
1104,electrolyte1106,COCOCOC(C)=O,-497.3904477,0.114432,0.163036,428.0064640000001,-0.2755,0.00199,-497.5958008,-497.2760157,-497.2274117,7.547728,Gaussian,QC,"opt+freq: b3lyp/6-311G** em=gd3bj
energy: M062X/6-311G+(2d, p) em=gd3"
1105,electrolyte1107,COC(=O)OC(C)(C)C,-461.5100117,0.137074,0.185005,422.077736,-0.28329,0.03825,-461.7206843,-461.3729377,-461.3250067,8.745887999999999,Gaussian,QC,"opt+freq: b3lyp/6-311G** em=gd3bj
energy: M062X/6-311G+(2d, p) em=gd3"
1106,electrolyte1108,CCOC(=O)OC(C)C,-461.5089329,0.137932,0.185984,423.1488400000001,-0.28283,0.03536,-461.7213058,-461.3710009,-461.3229489,8.654768,Gaussian,QC,"opt+freq: b3lyp/6-311G** em=gd3bj
energy: M062X/6-311G+(2d, p) em=gd3"
1107,electrolyte1109,CCC(C)OC(=O)OC,-461.5038311,0.137517,0.186196,428.667536,-0.28275,0.03756,-461.7150771,-461.3663141,-461.3176351,8.712432,Gaussian,QC,"opt+freq: b3lyp/6-311G** em=gd3bj
energy: M062X/6-311G+(2d, p) em=gd3"
1108,electrolyte1110,COC(=O)OC(C)OC,-497.4055934,0.114809,0.162927,423.730416,-0.28017,0.03225,-497.6117049,-497.2907844,-497.2426664,8.497824,Gaussian,QC,"opt+freq: b3lyp/6-311G** em=gd3bj
energy: M062X/6-311G+(2d, p) em=gd3"
1109,electrolyte1111,CCCOC(=O)OCC,-461.5060345,0.137682,0.186615,430.901792,-0.29093,0.03664,-461.7182293,-461.3683525,-461.3194195,8.909904000000001,Gaussian,QC,"opt+freq: b3lyp/6-311G** em=gd3bj
energy: M062X/6-311G+(2d, p) em=gd3"
1110,electrolyte1112,CCOC(=O)OCOC,-497.4098672,0.114867,0.163464,427.93952,-0.28869,0.03325,-497.6161098,-497.2950002,-497.2464032,8.756768,Gaussian,QC,"opt+freq: b3lyp/6-311G** em=gd3bj
energy: M062X/6-311G+(2d, p) em=gd3"
1111,electrolyte1113,COC(=O)OCC(C)C,-461.5036629,0.137086,0.186247,432.910112,-0.29216,0.03722,-461.7144126,-461.3665769,-461.3174159,8.959135999999999,Gaussian,QC,"opt+freq: b3lyp/6-311G** em=gd3bj
energy: M062X/6-311G+(2d, p) em=gd3"
1112,electrolyte1114,CCCCOC(=O)OC,-461.5014691,0.137725,0.186802,432.16536,-0.29397,0.03456,-461.7131484,-461.3637441,-461.3146671,8.936015999999999,Gaussian,QC,"opt+freq: b3lyp/6-311G** em=gd3bj
energy: M062X/6-311G+(2d, p) em=gd3"
1113,electrolyte1115,COCCOC(=O)OC,-497.3977869,0.11347,0.163258,438.437176,-0.26156,0.03294,-497.6031183,-497.2843169,-497.2345289,8.010399999999999,Gaussian,QC,"opt+freq: b3lyp/6-311G** em=gd3bj
energy: M062X/6-311G+(2d, p) em=gd3"
1114,electrolyte1116,CCOCOC(=O)OC,-497.4083056,0.114354,0.163489,432.684176,-0.28661,0.03393,-497.614377,-497.2939516,-497.2448166,8.718688,Gaussian,QC,"opt+freq: b3lyp/6-311G** em=gd3bj
energy: M062X/6-311G+(2d, p) em=gd3"
1115,electrolyte1117,CC1CCC(C)(C)C1=O,-388.4540305,0.163855,0.209327,400.425536,-0.2407,-0.02282,-388.6630027,-388.2901755,-388.2447035,5.926335999999999,Gaussian,QC,"opt+freq: b3lyp/6-311G** em=gd3bj
energy: M062X/6-311G+(2d, p) em=gd3"
1116,electrolyte1118,CC1OCC(C)(C)C1=O,-424.3584954,0.140555,0.18573,397.810536,-0.2448,-0.03258,-424.5620214,-424.2179404,-424.1727654,5.772384,Gaussian,QC,"opt+freq: b3lyp/6-311G** em=gd3bj
energy: M062X/6-311G+(2d, p) em=gd3"
1117,electrolyte1119,CC1CCC(=O)C1(C)C,-388.4534807,0.164077,0.209234,397.651544,-0.24115,-0.02182,-388.6615882,-388.2894037,-388.2442467,5.965776,Gaussian,QC,"opt+freq: b3lyp/6-311G** em=gd3bj
energy: M062X/6-311G+(2d, p) em=gd3"
1118,electrolyte1120,CCC1(C)CCCC1=O,-388.449069,0.164535,0.209765,398.29588,-0.23919,-0.02306,-388.6580396,-388.284534,-388.239304,5.878736,Gaussian,QC,"opt+freq: b3lyp/6-311G** em=gd3bj
energy: M062X/6-311G+(2d, p) em=gd3"
1119,electrolyte1121,CC1(C)CCCCC1=O,-388.4505281,0.1642,0.209735,400.986192,-0.24094,-0.02242,-388.6590286,-388.2863281,-388.2407931,5.943744,Gaussian,QC,"opt+freq: b3lyp/6-311G** em=gd3bj
energy: M062X/6-311G+(2d, p) em=gd3"
1120,electrolyte1122,CC1(C)COCCC1=O,-424.3586848,0.143053,0.1868,385.237616,-0.24906,-0.0266,-424.5613602,-424.2156318,-424.1718848,6.050911999999999,Gaussian,QC,"opt+freq: b3lyp/6-311G** em=gd3bj
energy: M062X/6-311G+(2d, p) em=gd3"
1121,electrolyte1123,CC1CC(=O)C(C)(C)C1,-388.4535447,0.163583,0.209027,400.182864,-0.24126,-0.02133,-388.6622621,-388.2899617,-388.2445177,5.982096,Gaussian,QC,"opt+freq: b3lyp/6-311G** em=gd3bj
energy: M062X/6-311G+(2d, p) em=gd3"
1122,electrolyte1124,CC1OCC(=O)C1(C)C,-424.3584078,0.140875,0.1856,393.848288,-0.24665,-0.03161,-424.5611452,-424.2175328,-424.1728078,5.849088,Gaussian,QC,"opt+freq: b3lyp/6-311G** em=gd3bj
energy: M062X/6-311G+(2d, p) em=gd3"
1123,electrolyte1125,CCC1(C)COCC1=O,-424.3506366,0.141149,0.186266,397.304272,-0.24742,-0.03215,-424.5536735,-424.2094876,-424.1643706,5.855344000000001,Gaussian,QC,"opt+freq: b3lyp/6-311G** em=gd3bj
energy: M062X/6-311G+(2d, p) em=gd3"
1124,electrolyte1126,CC1(C)CCOCC1=O,-424.3504595,0.141033,0.186243,398.120152,-0.24718,-0.03308,-424.5536517,-424.2094265,-424.1642165,5.82352,Gaussian,QC,"opt+freq: b3lyp/6-311G** em=gd3bj
energy: M062X/6-311G+(2d, p) em=gd3"
1125,electrolyte1127,CC(=O)C1(C)CCCC1,-388.4474243,0.163835,0.209843,405.140904,-0.24627,-0.01882,-388.6552527,-388.2835893,-388.2375813,6.18664,Gaussian,QC,"opt+freq: b3lyp/6-311G** em=gd3bj
energy: M062X/6-311G+(2d, p) em=gd3"
1126,electrolyte1128,CC(=O)C1(C)CCOC1,-424.3504847,0.140358,0.186607,407.27056,-0.25326,-0.02454,-424.5531011,-424.2101267,-424.1638777,6.221183999999999,Gaussian,QC,"opt+freq: b3lyp/6-311G** em=gd3bj
energy: M062X/6-311G+(2d, p) em=gd3"
1127,electrolyte1129,CC1COC(C)(C)C1=O,-424.3609969,0.140209,0.185592,399.647312,-0.2472,-0.03262,-424.5648152,-424.2207878999999,-424.1754049,5.836576,Gaussian,QC,"opt+freq: b3lyp/6-311G** em=gd3bj
energy: M062X/6-311G+(2d, p) em=gd3"
1128,electrolyte1130,CCC1(C)OCCC1=O,-424.3588488,0.140791,0.185921,397.413056,-0.24808,-0.03259,-424.5622958,-424.2180578,-424.1729278,5.861327999999999,Gaussian,QC,"opt+freq: b3lyp/6-311G** em=gd3bj
energy: M062X/6-311G+(2d, p) em=gd3"
1129,electrolyte1131,COC1(C)CCCC1=O,-424.3480812,0.140927,0.18608,397.618072,-0.23625,-0.03333,-424.5509461,-424.2071542,-424.1620012,5.519424,Gaussian,QC,"opt+freq: b3lyp/6-311G** em=gd3bj
energy: M062X/6-311G+(2d, p) em=gd3"
1130,electrolyte1132,CC1(C)OCCCC1=O,-424.3591273,0.142229,0.18635,388.52624,-0.23853,-0.02884,-424.5619063,-424.2168983,-424.1727773,5.703568,Gaussian,QC,"opt+freq: b3lyp/6-311G** em=gd3bj
energy: M062X/6-311G+(2d, p) em=gd3"
1131,electrolyte1133,CC1CC(=O)C(C)(C)O1,-424.3648104,0.139846,0.185146,398.906744,-0.24704,-0.0307,-424.5683663,-424.2249644,-424.1796644,5.884448,Gaussian,QC,"opt+freq: b3lyp/6-311G** em=gd3bj
energy: M062X/6-311G+(2d, p) em=gd3"
1132,electrolyte1134,COC1(C)COCC1=O,-460.2444989,0.117441,0.162463,396.459104,-0.2479,-0.0363,-460.4412685,-460.1270579,-460.0820359,5.75552,Gaussian,QC,"opt+freq: b3lyp/6-311G** em=gd3bj
energy: M062X/6-311G+(2d, p) em=gd3"
1133,electrolyte1135,CC1(C)OCOCC1=O,-460.264102,0.118737,0.162848,388.434192,-0.24718,-0.04223,-460.4610675,-460.145365,-460.101254,5.57464,Gaussian,QC,"opt+freq: b3lyp/6-311G** em=gd3bj
energy: M062X/6-311G+(2d, p) em=gd3"
1134,electrolyte1136,CC(=O)C1(C)CCCO1,-424.3579682,0.139829,0.186126,407.693144,-0.24006,-0.02336,-424.5610176,-424.2181392,-424.1718422,5.89424,Gaussian,QC,"opt+freq: b3lyp/6-311G** em=gd3bj
energy: M062X/6-311G+(2d, p) em=gd3"
1135,electrolyte1137,CC(=O)C1(C)COCO1,-460.2611036,0.117483,0.162798,399.049,-0.25131,-0.02776,-460.4572904,-460.1436206,-460.0983056,6.080559999999999,Gaussian,QC,"opt+freq: b3lyp/6-311G** em=gd3bj
energy: M062X/6-311G+(2d, p) em=gd3"
1136,electrolyte1138,CC1CC(C)C(C)C1=O,-388.4516228,0.16412,0.209678,401.178656,-0.2413,-0.02507,-388.6604306,-388.2875028,-388.2419448,5.881455999999999,Gaussian,QC,"opt+freq: b3lyp/6-311G** em=gd3bj
energy: M062X/6-311G+(2d, p) em=gd3"
1137,electrolyte1139,CCC1CCC(C)C1=O,-388.45008,0.164138,0.209837,402.429672,-0.23986,-0.02489,-388.6586331,-388.285942,-388.240243,5.847183999999999,Gaussian,QC,"opt+freq: b3lyp/6-311G** em=gd3bj
energy: M062X/6-311G+(2d, p) em=gd3"
1138,electrolyte1140,CC1CCCC(C)C1=O,-388.453004,0.163564,0.209492,404.437992,-0.24202,-0.0235,-388.6622202,-388.28944,-388.243512,5.943744000000001,Gaussian,QC,"opt+freq: b3lyp/6-311G** em=gd3bj
energy: M062X/6-311G+(2d, p) em=gd3"
1139,electrolyte1141,CC1COCC(C)C1=O,-424.3536451,0.143096,0.187393,390.0743200000001,-0.2471,-0.02919,-424.5567549,-424.2105491,-424.1662521,5.927152,Gaussian,QC,"opt+freq: b3lyp/6-311G** em=gd3bj
energy: M062X/6-311G+(2d, p) em=gd3"
1140,electrolyte1142,CC1OC(C)C(C)C1=O,-424.3602457,0.140624,0.18593,398.96532,-0.24414,-0.03367,-424.5634102,-424.2196217,-424.1743157,5.724784,Gaussian,QC,"opt+freq: b3lyp/6-311G** em=gd3bj
energy: M062X/6-311G+(2d, p) em=gd3"
1141,electrolyte1143,CCC1COC(C)C1=O,-424.3530666,0.140843,0.186602,402.9526720000001,-0.24874,-0.0347,-424.5570313,-424.2122236,-424.1664646,5.821888,Gaussian,QC,"opt+freq: b3lyp/6-311G** em=gd3bj
energy: M062X/6-311G+(2d, p) em=gd3"
1142,electrolyte1144,CC1CCOC(C)C1=O,-424.3535619,0.140661,0.186456,403.262288,-0.24999,-0.03479,-424.5576788,-424.2129009,-424.1671059,5.85344,Gaussian,QC,"opt+freq: b3lyp/6-311G** em=gd3bj
energy: M062X/6-311G+(2d, p) em=gd3"
1143,electrolyte1145,CCC1OCC(C)C1=O,-424.3540963,0.140709,0.186464,402.915016,-0.24598,-0.03421,-424.5578279,-424.2133873,-424.1676323,5.760144,Gaussian,QC,"opt+freq: b3lyp/6-311G** em=gd3bj
energy: M062X/6-311G+(2d, p) em=gd3"
1144,electrolyte1146,COC1CCC(C)C1=O,-424.3455888,0.140939,0.186626,402.31252,-0.23038,-0.03282,-424.5493983,-424.2046498,-424.1589628,5.373632000000001,Gaussian,QC,"opt+freq: b3lyp/6-311G** em=gd3bj
energy: M062X/6-311G+(2d, p) em=gd3"
1145,electrolyte1147,CC1C(=O)CCC1(C)C,-388.454021,0.164031,0.20901,396.082544,-0.2425,-0.02135,-388.6619596,-388.28999,-388.245011,6.01528,Gaussian,QC,"opt+freq: b3lyp/6-311G** em=gd3bj
energy: M062X/6-311G+(2d, p) em=gd3"
1146,electrolyte1148,CC(C)C1CCCC1=O,-388.4485054,0.164836,0.210007,397.77288,-0.24291,-0.02461,-388.6568673,-388.2836694,-388.2384984,5.93776,Gaussian,QC,"opt+freq: b3lyp/6-311G** em=gd3bj
energy: M062X/6-311G+(2d, p) em=gd3"
1147,electrolyte1149,CC1CCCC(=O)C1C,-388.4554394,0.166377,0.21063,389.685208,-0.24207,-0.02022,-388.6633933,-388.2890624,-388.2448094,6.03432,Gaussian,QC,"opt+freq: b3lyp/6-311G** em=gd3bj
energy: M062X/6-311G+(2d, p) em=gd3"
1148,electrolyte1150,CC1OCCC(=O)C1C,-424.3595607,0.143312,0.187126,385.823376,-0.24981,-0.0263,-424.5621315,-424.2162487,-424.1724347,6.079472,Gaussian,QC,"opt+freq: b3lyp/6-311G** em=gd3bj
energy: M062X/6-311G+(2d, p) em=gd3"
1149,electrolyte1151,CCC1C(=O)CCC1C,-388.4457796,0.16483,0.210086,398.521816,-0.24074,-0.02254,-388.6545162,-388.2809496,-388.2356936,5.93504,Gaussian,QC,"opt+freq: b3lyp/6-311G** em=gd3bj
energy: M062X/6-311G+(2d, p) em=gd3"
1150,electrolyte1152,CCC1CCCCC1=O,-388.4535957,0.165885,0.210894,396.35032,-0.24246,-0.02064,-388.6620911,-388.2877107,-388.2427017,6.033504000000001,Gaussian,QC,"opt+freq: b3lyp/6-311G** em=gd3bj
energy: M062X/6-311G+(2d, p) em=gd3"
1151,electrolyte1153,CCC(=O)C1CCCC1,-388.4434404,0.162886,0.210935,423.115368,-0.24571,-0.02112,-388.6523815,-388.2805544,-388.2325054,6.108848,Gaussian,QC,"opt+freq: b3lyp/6-311G** em=gd3bj
energy: M062X/6-311G+(2d, p) em=gd3"
1152,electrolyte1154,CCC1COCCC1=O,-424.3533645,0.143057,0.187646,392.64748,-0.24747,-0.02601,-424.5566925,-424.2103075,-424.1657185,6.023712,Gaussian,QC,"opt+freq: b3lyp/6-311G** em=gd3bj
energy: M062X/6-311G+(2d, p) em=gd3"
1153,electrolyte1155,CCC(=O)C1CCOC1,-424.3475668,0.14077,0.187617,412.534032,-0.24774,-0.02743,-424.5506176,-424.2067968,-424.1599498,5.992431999999999,Gaussian,QC,"opt+freq: b3lyp/6-311G** em=gd3bj
energy: M062X/6-311G+(2d, p) em=gd3"
1154,electrolyte1156,CC1CC(=O)C(C)C1C,-388.451395,0.164312,0.209471,397.659912,-0.24138,-0.02155,-388.6595624,-388.287083,-388.241924,5.979376,Gaussian,QC,"opt+freq: b3lyp/6-311G** em=gd3bj
energy: M062X/6-311G+(2d, p) em=gd3"
1155,electrolyte1157,CCC1CC(C)CC1=O,-388.4508171,0.16358,0.209611,405.34592,-0.24261,-0.02226,-388.6599273,-388.2872371,-388.2412061,5.993519999999999,Gaussian,QC,"opt+freq: b3lyp/6-311G** em=gd3bj
energy: M062X/6-311G+(2d, p) em=gd3"
1156,electrolyte1158,CC1CCC(C)C(=O)C1,-388.4561717,0.165998,0.210491,391.802312,-0.24205,-0.02044,-388.6644126,-388.2901737,-388.2456807,6.027791999999999,Gaussian,QC,"opt+freq: b3lyp/6-311G** em=gd3bj
energy: M062X/6-311G+(2d, p) em=gd3"
1157,electrolyte1159,CCC1CCC(=O)C1C,-388.448489,0.164285,0.21,402.567744,-0.24101,-0.02355,-388.6566375,-388.284204,-388.238489,5.914911999999999,Gaussian,QC,"opt+freq: b3lyp/6-311G** em=gd3bj
energy: M062X/6-311G+(2d, p) em=gd3"
1158,electrolyte1160,CCCC1CCCC1=O,-388.4427695,0.164411,0.21046,405.504912,-0.24293,-0.02383,-388.6526606,-388.2783585,-388.2323095,5.95952,Gaussian,QC,"opt+freq: b3lyp/6-311G** em=gd3bj
energy: M062X/6-311G+(2d, p) em=gd3"
1159,electrolyte1161,CC1CCC(=O)C(C)C1,-388.449392,0.16618,0.210761,392.572168,-0.24,-0.01924,-388.6579687,-388.283212,-388.238631,6.004671999999999,Gaussian,QC,"opt+freq: b3lyp/6-311G** em=gd3bj
energy: M062X/6-311G+(2d, p) em=gd3"
1160,electrolyte1162,CC1CC(=O)C(C)CO1,-424.3599418,0.142769,0.186982,389.337936,-0.24993,-0.02665,-424.5629123,-424.2171728,-424.1729598,6.073216,Gaussian,QC,"opt+freq: b3lyp/6-311G** em=gd3bj
energy: M062X/6-311G+(2d, p) em=gd3"
1161,electrolyte1163,COC1CCC(=O)C1C,-424.3432518,0.141584,0.186735,397.592968,-0.24173,-0.02887,-424.5456163,-424.2016678,-424.1565168,5.789791999999999,Gaussian,QC,"opt+freq: b3lyp/6-311G** em=gd3bj
energy: M062X/6-311G+(2d, p) em=gd3"
1162,electrolyte1164,COCC1CCCC1=O,-424.3454745,0.141944,0.187171,398.270776,-0.24532,-0.02917,-424.5486397,-424.2035305,-424.1583035,5.879280000000001,Gaussian,QC,"opt+freq: b3lyp/6-311G** em=gd3bj
energy: M062X/6-311G+(2d, p) em=gd3"
1163,electrolyte1165,CC1CC(C)(C)CC1=O,-388.4532908,0.163533,0.208855,399.107576,-0.24271,-0.02333,-388.6619078,-388.2897578,-388.2444358,5.967136,Gaussian,QC,"opt+freq: b3lyp/6-311G** em=gd3bj
energy: M062X/6-311G+(2d, p) em=gd3"
1164,electrolyte1166,CCC1CC(=O)C(C)C1,-388.4508966,0.163546,0.209609,405.626248,-0.24287,-0.02258,-388.6598241,-388.2873506,-388.2412876,5.991888,Gaussian,QC,"opt+freq: b3lyp/6-311G** em=gd3bj
energy: M062X/6-311G+(2d, p) em=gd3"
1165,electrolyte1167,COC1CC(=O)C(C)C1,-424.3509385,0.140448,0.186186,402.77276,-0.24589,-0.02716,-424.5541136,-424.2104905,-424.1647525,5.949456,Gaussian,QC,"opt+freq: b3lyp/6-311G** em=gd3bj
energy: M062X/6-311G+(2d, p) em=gd3"
1166,electrolyte1168,COC1OCC(C)C1=O,-460.2558029,0.118181,0.163335,397.622256,-0.24174,-0.04002,-460.4547383,-460.1376219,-460.0924679,5.486784,Gaussian,QC,"opt+freq: b3lyp/6-311G** em=gd3bj
energy: M062X/6-311G+(2d, p) em=gd3"
1167,electrolyte1169,CC1C(=O)COC1(C)C,-424.3608041,0.140621,0.185288,393.333656,-0.24993,-0.0315,-424.5635007,-424.2201831,-424.1755161,5.941296,Gaussian,QC,"opt+freq: b3lyp/6-311G** em=gd3bj
energy: M062X/6-311G+(2d, p) em=gd3"
1168,electrolyte1170,CC(C)C1COCC1=O,-424.3488486,0.141026,0.186376,399.350248,-0.25013,-0.03409,-424.5518734,-424.2078226,-424.1624726,5.876288,Gaussian,QC,"opt+freq: b3lyp/6-311G** em=gd3bj
energy: M062X/6-311G+(2d, p) em=gd3"
1169,electrolyte1171,CC1COCC(=O)C1C,-424.3532606,0.142815,0.186896,388.1706,-0.24089,-0.03156,-424.5560995,-424.2104456,-424.1663646,5.693776,Gaussian,QC,"opt+freq: b3lyp/6-311G** em=gd3bj
energy: M062X/6-311G+(2d, p) em=gd3"
1170,electrolyte1172,CCC1C(=O)COC1C,-424.3524652,0.141429,0.186339,395.475864,-0.24968,-0.034,-424.5561865,-424.2110362,-424.1661262,5.866496,Gaussian,QC,"opt+freq: b3lyp/6-311G** em=gd3bj
energy: M062X/6-311G+(2d, p) em=gd3"
1171,electrolyte1173,CCC1CCOCC1=O,-424.3492743,0.142905,0.187443,392.195608,-0.23881,-0.03208,-424.5521993,-424.2063693,-424.1618313,5.623056,Gaussian,QC,"opt+freq: b3lyp/6-311G** em=gd3bj
energy: M062X/6-311G+(2d, p) em=gd3"
1172,electrolyte1174,CCC1OCC(=O)C1C,-424.3533424,0.141085,0.186346,398.563656,-0.24686,-0.0334,-424.5563368,-424.2122574,-424.1669964,5.806112,Gaussian,QC,"opt+freq: b3lyp/6-311G** em=gd3bj
energy: M062X/6-311G+(2d, p) em=gd3"
1173,electrolyte1175,CCCC1COCC1=O,-424.3474611,0.140926,0.186774,403.73508,-0.2503,-0.0327,-424.5508218,-424.2065351,-424.1606871,5.91872,Gaussian,QC,"opt+freq: b3lyp/6-311G** em=gd3bj
energy: M062X/6-311G+(2d, p) em=gd3"
1174,electrolyte1176,CC1CC(C)C(=O)CO1,-424.3553016,0.141891,0.186537,393.14956,-0.24046,-0.02514,-424.5581621,-424.2134106,-424.1687646,5.856704000000001,Gaussian,QC,"opt+freq: b3lyp/6-311G** em=gd3bj
energy: M062X/6-311G+(2d, p) em=gd3"
1175,electrolyte1177,COC1OCC(=O)C1C,-460.2520879,0.117391,0.163205,403.433832,-0.24664,-0.04004,-460.4501191,-460.1346969,-460.0888829,5.61952,Gaussian,QC,"opt+freq: b3lyp/6-311G** em=gd3bj
energy: M062X/6-311G+(2d, p) em=gd3"
1176,electrolyte1178,COCC1COCC1=O,-460.2434733,0.117964,0.163436,400.421352,-0.25661,-0.04053,-460.4412764,-460.1255093,-460.0800373,5.877376,Gaussian,QC,"opt+freq: b3lyp/6-311G** em=gd3bj
energy: M062X/6-311G+(2d, p) em=gd3"
1177,electrolyte1179,CC(=O)C1CCCC1C,-388.44663,0.163975,0.2102,407.057176,-0.24666,-0.01949,-388.655488,-388.282655,-388.23643,6.179023999999999,Gaussian,QC,"opt+freq: b3lyp/6-311G** em=gd3bj
energy: M062X/6-311G+(2d, p) em=gd3"
1178,electrolyte1180,CC(=O)C1COCC1C,-424.348011,0.140742,0.186596,403.789472,-0.25609,-0.02834,-424.5504932,-424.207269,-424.161415,6.194799999999999,Gaussian,QC,"opt+freq: b3lyp/6-311G** em=gd3bj
energy: M062X/6-311G+(2d, p) em=gd3"
1179,electrolyte1181,CC(=O)C1CCOC1C,-424.3516224,0.140371,0.186565,406.785216,-0.25402,-0.02693,-424.5540269,-424.2112514,-424.1650574,6.176848000000001,Gaussian,QC,"opt+freq: b3lyp/6-311G** em=gd3bj
energy: M062X/6-311G+(2d, p) em=gd3"
1180,electrolyte1182,CC(=O)C1CCC(C)C1,-388.4462508,0.163091,0.210114,414.086296,-0.2476,-0.01948,-388.6552559,-388.2831598,-388.2361368,6.204864,Gaussian,QC,"opt+freq: b3lyp/6-311G** em=gd3bj
energy: M062X/6-311G+(2d, p) em=gd3"
1181,electrolyte1183,CC(=O)C1CCCCC1,-388.4460056,0.163092,0.210013,413.182552,-0.2435,-0.01541,-388.6538614,-388.2829136,-388.2359926,6.204047999999999,Gaussian,QC,"opt+freq: b3lyp/6-311G** em=gd3bj
energy: M062X/6-311G+(2d, p) em=gd3"
1182,electrolyte1184,CC(=O)C1CCOCC1,-424.3573628,0.14262,0.187256,393.061696,-0.25,-0.02261,-424.5592615,-424.2147428,-424.1701068,6.185008,Gaussian,QC,"opt+freq: b3lyp/6-311G** em=gd3bj
energy: M062X/6-311G+(2d, p) em=gd3"
1183,electrolyte1185,CC(=O)C1COC(C)C1,-424.3548615,0.139251,0.18648,415.893784,-0.25647,-0.02326,-424.5581105,-424.2156105,-424.1683815,6.343311999999999,Gaussian,QC,"opt+freq: b3lyp/6-311G** em=gd3bj
energy: M062X/6-311G+(2d, p) em=gd3"
1184,electrolyte1186,CC(=O)C1CCCOC1,-424.3567963,0.142494,0.18734,394.911024,-0.24683,-0.02385,-424.558893,-424.2143023,-424.1694563,6.065055999999999,Gaussian,QC,"opt+freq: b3lyp/6-311G** em=gd3bj
energy: M062X/6-311G+(2d, p) em=gd3"
1185,electrolyte1187,CC(=O)C1COCOC1,-460.263952,0.120781,0.164161,382.003384,-0.25442,-0.02515,-460.4608576,-460.143171,-460.099791,6.236143999999999,Gaussian,QC,"opt+freq: b3lyp/6-311G** em=gd3bj
energy: M062X/6-311G+(2d, p) em=gd3"
1186,electrolyte1188,COC1(C)OCCC1=O,-460.262186,0.118109,0.162673,392.4299120000001,-0.24164,-0.03627,-460.4599517,-460.144077,-460.099513,5.586063999999999,Gaussian,QC,"opt+freq: b3lyp/6-311G** em=gd3bj
energy: M062X/6-311G+(2d, p) em=gd3"
1187,electrolyte1189,CC(=O)C1(C)OCCO1,-460.2662034,0.117241,0.162592,399.3628,-0.24157,-0.02821,-460.4625713,-460.1489624,-460.1036114,5.803392,Gaussian,QC,"opt+freq: b3lyp/6-311G** em=gd3bj
energy: M062X/6-311G+(2d, p) em=gd3"
1188,electrolyte1190,COC1COC(C)C1=O,-460.2476643,0.117678,0.163002,399.124312,-0.23873,-0.04338,-460.4463994,-460.1299863,-460.0846623,5.31352,Gaussian,QC,"opt+freq: b3lyp/6-311G** em=gd3bj
energy: M062X/6-311G+(2d, p) em=gd3"
1189,electrolyte1191,CC1OCOC(C)C1=O,-460.2618557,0.118572,0.163339,394.212296,-0.25053,-0.04615,-460.4598856,-460.1432837,-460.0985167,5.559136,Gaussian,QC,"opt+freq: b3lyp/6-311G** em=gd3bj
energy: M062X/6-311G+(2d, p) em=gd3"
1190,electrolyte1192,CC(C)C1OCCC1=O,-424.3529,0.140913,0.186182,398.638968,-0.24903,-0.03506,-424.5567454,-424.211987,-424.166718,5.819984,Gaussian,QC,"opt+freq: b3lyp/6-311G** em=gd3bj
energy: M062X/6-311G+(2d, p) em=gd3"
1191,electrolyte1193,COC1C(=O)CCC1C,-424.3442841,0.140915,0.186294,399.601288,-0.24248,-0.02686,-424.5467442,-424.2033691,-424.1579901,5.864864,Gaussian,QC,"opt+freq: b3lyp/6-311G** em=gd3bj
energy: M062X/6-311G+(2d, p) em=gd3"
1192,electrolyte1194,COC1CCCCC1=O,-424.3479117,0.142419,0.187246,394.752032,-0.24237,-0.02111,-424.550172,-424.2054927,-424.1606657,6.018272000000001,Gaussian,QC,"opt+freq: b3lyp/6-311G** em=gd3bj
energy: M062X/6-311G+(2d, p) em=gd3"
1193,electrolyte1195,CCC1OCCCC1=O,-424.3499423,0.142403,0.187252,394.936128,-0.24363,-0.03288,-424.553511,-424.2075393,-424.1626903,5.7324,Gaussian,QC,"opt+freq: b3lyp/6-311G** em=gd3bj
energy: M062X/6-311G+(2d, p) em=gd3"
1194,electrolyte1196,CCC(=O)C1CCCO1,-424.3474853,0.141004,0.187526,409.667992,-0.23736,-0.02973,-424.5521719,-424.2064813,-424.1599593,5.647536,Gaussian,QC,"opt+freq: b3lyp/6-311G** em=gd3bj
energy: M062X/6-311G+(2d, p) em=gd3"
1195,electrolyte1197,CCC1OC(C)CC1=O,-424.3577778,0.14039,0.185981,401.47572,-0.24736,-0.03319,-424.562186,-424.2173878,-424.1717968,5.825424,Gaussian,QC,"opt+freq: b3lyp/6-311G** em=gd3bj
energy: M062X/6-311G+(2d, p) em=gd3"
1196,electrolyte1198,CCCC1OCCC1=O,-424.349891,0.140798,0.18665,403.772736,-0.24913,-0.03449,-424.5543751,-424.209093,-424.163241,5.838208,Gaussian,QC,"opt+freq: b3lyp/6-311G** em=gd3bj
energy: M062X/6-311G+(2d, p) em=gd3"
1197,electrolyte1199,COC1COCCC1=O,-460.2506508,0.119634,0.163897,389.785624,-0.24527,-0.03655,-460.4478532,-460.1310168,-460.0867538,5.677184,Gaussian,QC,"opt+freq: b3lyp/6-311G** em=gd3bj
energy: M062X/6-311G+(2d, p) em=gd3"
1198,electrolyte1200,CCC(=O)C1COCO1,-460.2581127,0.118504,0.16406,401.166104,-0.24877,-0.03236,-460.456293,-460.1396087000001,-460.0940527,5.886352,Gaussian,QC,"opt+freq: b3lyp/6-311G** em=gd3bj
energy: M062X/6-311G+(2d, p) em=gd3"
1199,electrolyte1201,COCC1OCCC1=O,-460.2481203,0.118038,0.163313,398.689176,-0.25143,-0.04009,-460.4462957,-460.1300823,-460.0848073,5.748447999999999,Gaussian,QC,"opt+freq: b3lyp/6-311G** em=gd3bj
energy: M062X/6-311G+(2d, p) em=gd3"
1200,electrolyte1202,COC1CC(C)CC1=O,-424.3439732,0.140077,0.186017,404.55096,-0.24353,-0.02786,-424.5466465,-424.2038962,-424.1579562,5.866224,Gaussian,QC,"opt+freq: b3lyp/6-311G** em=gd3bj
energy: M062X/6-311G+(2d, p) em=gd3"
1201,electrolyte1203,CC1COC(C)C(=O)C1,-424.3575122,0.142273,0.186626,390.5764,-0.23937,-0.03087,-424.560777,-424.2152392,-424.1708862,5.6712,Gaussian,QC,"opt+freq: b3lyp/6-311G** em=gd3bj
energy: M062X/6-311G+(2d, p) em=gd3"
1202,electrolyte1204,CCOC1CCCC1=O,-424.3406744,0.142031,0.186758,393.865024,-0.23402,-0.03726,-424.5439234,-424.1986434,-424.1539164,5.351871999999999,Gaussian,QC,"opt+freq: b3lyp/6-311G** em=gd3bj
energy: M062X/6-311G+(2d, p) em=gd3"
1203,electrolyte1205,CC1CCC(=O)C(C)O1,-424.3535212,0.142262,0.186779,392.01988,-0.24106,-0.02989,-424.5571499,-424.2112592,-424.1667422,5.743824,Gaussian,QC,"opt+freq: b3lyp/6-311G** em=gd3bj
energy: M062X/6-311G+(2d, p) em=gd3"
1204,electrolyte1206,CC1OC(C)(C)CC1=O,-424.364054,0.139901,0.185018,397.295904,-0.2483,-0.03249,-424.5674277,-424.224153,-424.179036,5.870032,Gaussian,QC,"opt+freq: b3lyp/6-311G** em=gd3bj
energy: M062X/6-311G+(2d, p) em=gd3"
1205,electrolyte1207,CCC1CC(=O)C(C)O1,-424.3587433,0.140191,0.185951,402.965224,-0.24756,-0.03243,-424.5622075,-424.2185523,-424.1727923,5.851535999999999,Gaussian,QC,"opt+freq: b3lyp/6-311G** em=gd3bj
energy: M062X/6-311G+(2d, p) em=gd3"
1206,electrolyte1208,COC1CC(=O)C(C)O1,-460.2608375,0.116758,0.162742,404.931704,-0.25071,-0.03901,-460.4590753,-460.1440795,-460.0980955,5.75824,Gaussian,QC,"opt+freq: b3lyp/6-311G** em=gd3bj
energy: M062X/6-311G+(2d, p) em=gd3"
1207,electrolyte1209,COC1C(=O)COC1C,-460.2425628,0.118281,0.162892,392.844128,-0.24393,-0.0444,-460.440661,-460.1242817999999,-460.0796708,5.427216,Gaussian,QC,"opt+freq: b3lyp/6-311G** em=gd3bj
energy: M062X/6-311G+(2d, p) em=gd3"
1208,electrolyte1210,COC1CCOCC1=O,-460.2488001,0.1197,0.163959,389.743784,-0.23735,-0.0404,-460.446441,-460.1291001,-460.0848411,5.35704,Gaussian,QC,"opt+freq: b3lyp/6-311G** em=gd3bj
energy: M062X/6-311G+(2d, p) em=gd3"
1209,electrolyte1211,CCC1OCOCC1=O,-460.2577063,0.119286,0.163786,391.860888,-0.24906,-0.04324,-460.4553716,-460.1384203,-460.0939203,5.598304,Gaussian,QC,"opt+freq: b3lyp/6-311G** em=gd3bj
energy: M062X/6-311G+(2d, p) em=gd3"
1210,electrolyte1212,CCOC1COCC1=O,-460.2448118,0.117713,0.163162,400.22052,-0.23934,-0.04243,-460.4436254,-460.1270988,-460.0816498,5.355952,Gaussian,QC,"opt+freq: b3lyp/6-311G** em=gd3bj
energy: M062X/6-311G+(2d, p) em=gd3"
1211,electrolyte1213,CC1OCC(=O)C(C)O1,-460.2615104,0.118648,0.162941,390.040848,-0.253,-0.04339,-460.459182,-460.1428624,-460.0985694,5.701392,Gaussian,QC,"opt+freq: b3lyp/6-311G** em=gd3bj
energy: M062X/6-311G+(2d, p) em=gd3"
1212,electrolyte1214,CC(=O)C1OCCC1C,-424.3488624,0.140545,0.186572,405.308264,-0.23938,-0.02185,-424.5512732,-424.2083174,-424.1622904,5.916816,Gaussian,QC,"opt+freq: b3lyp/6-311G** em=gd3bj
energy: M062X/6-311G+(2d, p) em=gd3"
1213,electrolyte1215,CC(=O)C1OCOC1C,-460.2664719,0.118041,0.163017,396.061624,-0.24872,-0.02906,-460.4634741,-460.1484309,-460.1034549,5.974752,Gaussian,QC,"opt+freq: b3lyp/6-311G** em=gd3bj
energy: M062X/6-311G+(2d, p) em=gd3"
1214,electrolyte1216,CC(=O)C1CC(C)CO1,-424.3532154,0.139433,0.186409,413.676264,-0.24128,-0.02502,-424.5569337,-424.2137824,-424.1668064,5.882272,Gaussian,QC,"opt+freq: b3lyp/6-311G** em=gd3bj
energy: M062X/6-311G+(2d, p) em=gd3"
1215,electrolyte1217,CC(=O)C1CCCCO1,-424.3540858,0.139364,0.186271,413.0654,-0.23864,-0.02236,-424.5576939,-424.2147218,-424.1678148,5.882816,Gaussian,QC,"opt+freq: b3lyp/6-311G** em=gd3bj
energy: M062X/6-311G+(2d, p) em=gd3"
1216,electrolyte1218,CC(=O)C1CCOCO1,-460.2624563,0.120439,0.164067,384.183248,-0.24834,-0.03269,-460.4587408,-460.1420173,-460.0983893,5.86568,Gaussian,QC,"opt+freq: b3lyp/6-311G** em=gd3bj
energy: M062X/6-311G+(2d, p) em=gd3"
1217,electrolyte1219,CC(=O)C1CCC(C)O1,-424.3578466,0.139993,0.186245,407.295664,-0.24477,-0.01921,-424.5608754,-424.2178536,-424.1716016,6.135231999999999,Gaussian,QC,"opt+freq: b3lyp/6-311G** em=gd3bj
energy: M062X/6-311G+(2d, p) em=gd3"
1218,electrolyte1220,CC(=O)C1COCCO1,-460.2529668,0.119168,0.163402,389.522032,-0.24759,-0.02625,-460.4485017,-460.1337988,-460.0895648,6.020448,Gaussian,QC,"opt+freq: b3lyp/6-311G** em=gd3bj
energy: M062X/6-311G+(2d, p) em=gd3"
1219,electrolyte1221,CC(=O)C1COC(C)O1,-460.2484206,0.118232,0.163615,399.643128,-0.24329,-0.02996,-460.4454734,-460.1301886,-460.0848056,5.802576,Gaussian,QC,"opt+freq: b3lyp/6-311G** em=gd3bj
energy: M062X/6-311G+(2d, p) em=gd3"
1220,electrolyte1222,CC1(C)CCCC(=O)C1,-388.4570595,0.166099,0.210021,386.773144,-0.24199,-0.01985,-388.6644217,-388.2909605,-388.2470385,6.042208,Gaussian,QC,"opt+freq: b3lyp/6-311G** em=gd3bj
energy: M062X/6-311G+(2d, p) em=gd3"
1221,electrolyte1223,CC1(C)CC(=O)CCO1,-424.3632237,0.14265,0.18631,384.46776,-0.24924,-0.02565,-424.5653342,-424.2205737,-424.1769137,6.081647999999999,Gaussian,QC,"opt+freq: b3lyp/6-311G** em=gd3bj
energy: M062X/6-311G+(2d, p) em=gd3"
1222,electrolyte1224,CC1CC(=O)CC1(C)C,-388.4526037,0.163909,0.208778,395.11604,-0.24181,-0.021,-388.660232,-388.2886947,-388.2438257,6.006032,Gaussian,QC,"opt+freq: b3lyp/6-311G** em=gd3bj
energy: M062X/6-311G+(2d, p) em=gd3"
1223,electrolyte1225,CC1CC(=O)CC(C)C1,-388.4512639,0.164183,0.208875,393.555408,-0.2424,-0.02205,-388.6586756,-388.2870809,-388.2423889,5.993519999999999,Gaussian,QC,"opt+freq: b3lyp/6-311G** em=gd3bj
energy: M062X/6-311G+(2d, p) em=gd3"
1224,electrolyte1226,CCC1(C)CCC(=O)C1,-388.4499831,0.163995,0.209268,398.668256,-0.24263,-0.02159,-388.6577097,-388.2859881,-388.2407151,6.012288,Gaussian,QC,"opt+freq: b3lyp/6-311G** em=gd3bj
energy: M062X/6-311G+(2d, p) em=gd3"
1225,electrolyte1227,CC1CCC(=O)CC1C,-388.4540234,0.166169,0.210483,390.229128,-0.24165,-0.018,-388.6617037,-388.2878544,-388.2435404,6.08328,Gaussian,QC,"opt+freq: b3lyp/6-311G** em=gd3bj
energy: M062X/6-311G+(2d, p) em=gd3"
1226,electrolyte1228,CCC1CCCC(=O)C1,-388.453649,0.165779,0.210763,396.124384,-0.24216,-0.01957,-388.6617484,-388.28787,-388.242886,6.054447999999999,Gaussian,QC,"opt+freq: b3lyp/6-311G** em=gd3bj
energy: M062X/6-311G+(2d, p) em=gd3"
1227,electrolyte1229,CC1CC(=O)CC(C)O1,-424.3565851,0.142906,0.186912,387.517896,-0.2492,-0.02805,-424.5598442,-424.2136791,-424.1696731,6.015280000000001,Gaussian,QC,"opt+freq: b3lyp/6-311G** em=gd3bj
energy: M062X/6-311G+(2d, p) em=gd3"
1228,electrolyte1230,CCC1CC(=O)CCO1,-424.351564,0.143361,0.187522,388.877696,-0.24996,-0.02759,-424.5549855,-424.208203,-424.164042,6.048463999999999,Gaussian,QC,"opt+freq: b3lyp/6-311G** em=gd3bj
energy: M062X/6-311G+(2d, p) em=gd3"
1229,electrolyte1231,COC1(C)CCC(=O)C1,-424.3523742,0.140613,0.185658,396.66412,-0.24621,-0.02639,-424.5544328,-424.2117612,-424.1667162,5.979104,Gaussian,QC,"opt+freq: b3lyp/6-311G** em=gd3bj
energy: M062X/6-311G+(2d, p) em=gd3"
1230,electrolyte1232,COC1CCCC(=O)C1,-424.3523736,0.140613,0.185658,396.659936,-0.2462,-0.02639,-424.5544328,-424.2117606,-424.1667156,5.978832,Gaussian,QC,"opt+freq: b3lyp/6-311G** em=gd3bj
energy: M062X/6-311G+(2d, p) em=gd3"
1231,electrolyte1233,CCC1CC(=O)CC1C,-388.4489435,0.164139,0.209654,400.7979120000001,-0.24234,-0.02154,-388.6568908,-388.2848045,-388.2392895,6.00576,Gaussian,QC,"opt+freq: b3lyp/6-311G** em=gd3bj
energy: M062X/6-311G+(2d, p) em=gd3"
1232,electrolyte1234,COC1CC(=O)CC1C,-424.3498166,0.140869,0.186164,398.86072,-0.24541,-0.02629,-424.5525126,-424.2089476,-424.1636526,5.960063999999999,Gaussian,QC,"opt+freq: b3lyp/6-311G** em=gd3bj
energy: M062X/6-311G+(2d, p) em=gd3"
1233,electrolyte1235,CC(C)C1CCC(=O)C1,-388.4472583,0.164569,0.209743,397.797984,-0.24256,-0.02253,-388.6551168,-388.2826893,-388.2375153,5.984816,Gaussian,QC,"opt+freq: b3lyp/6-311G** em=gd3bj
energy: M062X/6-311G+(2d, p) em=gd3"
1234,electrolyte1236,CC1(C)CCC(=O)CC1,-388.455916,0.166062,0.210031,387.195728,-0.24217,-0.02087,-388.6631657,-388.289854,-388.245885,6.01936,Gaussian,QC,"opt+freq: b3lyp/6-311G** em=gd3bj
energy: M062X/6-311G+(2d, p) em=gd3"
1235,electrolyte1237,CCCC1CCC(=O)C1,-388.4457828,0.163794,0.210123,407.973472,-0.24283,-0.02177,-388.6543912,-388.2819888,-388.2356598,6.012832,Gaussian,QC,"opt+freq: b3lyp/6-311G** em=gd3bj
energy: M062X/6-311G+(2d, p) em=gd3"
1236,electrolyte1238,CCC1CCC(=O)CC1,-388.4515107,0.166195,0.210986,394.434048,-0.24163,-0.01884,-388.6595991,-388.2853157,-388.2405247,6.059888,Gaussian,QC,"opt+freq: b3lyp/6-311G** em=gd3bj
energy: M062X/6-311G+(2d, p) em=gd3"
1237,electrolyte1239,COCC1CCC(=O)C1,-424.3467944,0.140824,0.186682,403.81876,-0.24255,-0.02163,-424.5495829,-424.2059704,-424.1601124,6.009023999999999,Gaussian,QC,"opt+freq: b3lyp/6-311G** em=gd3bj
energy: M062X/6-311G+(2d, p) em=gd3"
1238,electrolyte1240,COC1CCC(=O)CC1,-424.3559178,0.142977,0.187488,391.961304,-0.24041,-0.01702,-424.5585213,-424.2129408,-424.1684298,6.076208,Gaussian,QC,"opt+freq: b3lyp/6-311G** em=gd3bj
energy: M062X/6-311G+(2d, p) em=gd3"
1239,electrolyte1241,COC1CC(=O)CCO1,-460.2582642,0.120452,0.164126,384.5974640000001,-0.25696,-0.03426,-460.4550639,-460.1378122,-460.0941382,6.05744,Gaussian,QC,"opt+freq: b3lyp/6-311G** em=gd3bj
energy: M062X/6-311G+(2d, p) em=gd3"
1240,electrolyte1242,CCOC1CCC(=O)C1,-424.3516805,0.140458,0.186333,403.981936,-0.24269,-0.02007,-424.5552368,-424.2112225,-424.1653475,6.055263999999999,Gaussian,QC,"opt+freq: b3lyp/6-311G** em=gd3bj
energy: M062X/6-311G+(2d, p) em=gd3"
1241,electrolyte1243,COC1OC(C)CC1=O,-460.2585605,0.117827,0.162911,397.0113920000001,-0.24355,-0.04032,-460.4579682,-460.1407335,-460.0956495,5.527856,Gaussian,QC,"opt+freq: b3lyp/6-311G** em=gd3bj
energy: M062X/6-311G+(2d, p) em=gd3"
1242,electrolyte1244,COC1OCCCC1=O,-460.2619067,0.117492,0.162845,399.38372,-0.25325,-0.03768,-460.4599504,-460.1444147,-460.0990617,5.863504,Gaussian,QC,"opt+freq: b3lyp/6-311G** em=gd3bj
energy: M062X/6-311G+(2d, p) em=gd3"
1243,electrolyte1245,CCC(=O)C1OCCO1,-460.2555531,0.117427,0.163817,408.513208,-0.24724,-0.03586,-460.453189,-460.1381261,-460.0917361,5.749535999999999,Gaussian,QC,"opt+freq: b3lyp/6-311G** em=gd3bj
energy: M062X/6-311G+(2d, p) em=gd3"
1244,electrolyte1246,CCOC1OCCC1=O,-460.2540664,0.117716,0.16314,400.002952,-0.24585,-0.04727,-460.4525654,-460.1363504,-460.0909264,5.401376,Gaussian,QC,"opt+freq: b3lyp/6-311G** em=gd3bj
energy: M062X/6-311G+(2d, p) em=gd3"
1245,electrolyte1247,CC1(C)COCC(=O)C1,-424.3551743,0.142388,0.186223,386.007472,-0.24174,-0.03121,-424.5575616,-424.2127863,-424.1689513,5.726416,Gaussian,QC,"opt+freq: b3lyp/6-311G** em=gd3bj
energy: M062X/6-311G+(2d, p) em=gd3"
1246,electrolyte1248,CCC1(C)CC(=O)CO1,-424.3566486,0.140336,0.185487,397.601336,-0.2515,-0.03195,-424.5599979,-424.2163126,-424.1711616,5.97176,Gaussian,QC,"opt+freq: b3lyp/6-311G** em=gd3bj
energy: M062X/6-311G+(2d, p) em=gd3"
1247,electrolyte1249,CC1CC(=O)COC1C,-424.3562913,0.142334,0.186526,389.162208,-0.24015,-0.03114,-424.5589468,-424.2139573,-424.1697653,5.685072,Gaussian,QC,"opt+freq: b3lyp/6-311G** em=gd3bj
energy: M062X/6-311G+(2d, p) em=gd3"
1248,electrolyte1250,CCC1COCC(=O)C1,-424.3503756,0.142481,0.18716,393.446624,-0.24116,-0.03102,-424.5534505,-424.2078946,-424.1632156,5.715808,Gaussian,QC,"opt+freq: b3lyp/6-311G** em=gd3bj
energy: M062X/6-311G+(2d, p) em=gd3"
1249,electrolyte1251,COC1(C)CC(=O)CO1,-460.2583666,0.116953,0.161911,395.898448,-0.25311,-0.0372,-460.4546975,-460.1414136,-460.0964556,5.872751999999999,Gaussian,QC,"opt+freq: b3lyp/6-311G** em=gd3bj
energy: M062X/6-311G+(2d, p) em=gd3"
1250,electrolyte1252,COC1COCC(=O)C1,-460.2498998,0.119266,0.163525,389.7396000000001,-0.24086,-0.02879,-460.4463961,-460.1306338,-460.0863748,5.768304,Gaussian,QC,"opt+freq: b3lyp/6-311G** em=gd3bj
energy: M062X/6-311G+(2d, p) em=gd3"
1251,electrolyte1253,CC(C)C1CC(=O)CO1,-424.3526925,0.140644,0.18597,399.136864,-0.25064,-0.03251,-424.5560289,-424.2120485,-424.1667225,5.933135999999999,Gaussian,QC,"opt+freq: b3lyp/6-311G** em=gd3bj
energy: M062X/6-311G+(2d, p) em=gd3"
1252,electrolyte1254,CC1(C)CCC(=O)CO1,-424.3523631,0.140615,0.185986,399.538528,-0.25243,-0.03336,-424.5555375,-424.2117481,-424.1663771,5.958703999999999,Gaussian,QC,"opt+freq: b3lyp/6-311G** em=gd3bj
energy: M062X/6-311G+(2d, p) em=gd3"
1253,electrolyte1255,CCCC1CC(=O)CO1,-424.3526916,0.140645,0.18597,399.13268,-0.25065,-0.03251,-424.5560289,-424.2120466,-424.1667216,5.933408,Gaussian,QC,"opt+freq: b3lyp/6-311G** em=gd3bj
energy: M062X/6-311G+(2d, p) em=gd3"
1254,electrolyte1256,CCC1CCC(=O)CO1,-424.3523628,0.140615,0.185986,399.538528,-0.25241,-0.03335,-424.5555375,-424.2117478,-424.1663768,5.958432000000001,Gaussian,QC,"opt+freq: b3lyp/6-311G** em=gd3bj
energy: M062X/6-311G+(2d, p) em=gd3"
1255,electrolyte1257,COCC1CC(=O)CO1,-460.2489507,0.117803,0.163109,398.969504,-0.25289,-0.03217,-460.4478664,-460.1311477,-460.0858417,6.003584,Gaussian,QC,"opt+freq: b3lyp/6-311G** em=gd3bj
energy: M062X/6-311G+(2d, p) em=gd3"
1256,electrolyte1258,COC1CCC(=O)CO1,-460.2489503,0.117801,0.163109,398.982056,-0.25289,-0.03218,-460.4478664,-460.1311493,-460.0858413,6.003312,Gaussian,QC,"opt+freq: b3lyp/6-311G** em=gd3bj
energy: M062X/6-311G+(2d, p) em=gd3"
1257,electrolyte1259,CCOC1CC(=O)CO1,-460.260011,0.11699,0.16289,404.19532,-0.2528,-0.03529,-460.4581599,-460.143021,-460.097121,5.916272000000001,Gaussian,QC,"opt+freq: b3lyp/6-311G** em=gd3bj
energy: M062X/6-311G+(2d, p) em=gd3"
1258,electrolyte1260,CC(=O)CC1CCCC1,-388.4456121,0.161262,0.210038,429.516888,-0.2508,-0.01803,-388.6540801,-388.2843501,-388.2355741,6.331344000000001,Gaussian,QC,"opt+freq: b3lyp/6-311G** em=gd3bj
energy: M062X/6-311G+(2d, p) em=gd3"
1259,electrolyte1261,CC(=O)CC1CCOC1,-424.3507691,0.139373,0.186856,418.136408,-0.25278,-0.0215,-424.5532354,-424.2113961,-424.1639131,6.290816,Gaussian,QC,"opt+freq: b3lyp/6-311G** em=gd3bj
energy: M062X/6-311G+(2d, p) em=gd3"
1260,electrolyte1262,CC(=O)CC1CCCO1,-424.3539578,0.139855,0.18688,414.094664,-0.24383,-0.01371,-424.5572059,-424.2141028,-424.1670778,6.259264,Gaussian,QC,"opt+freq: b3lyp/6-311G** em=gd3bj
energy: M062X/6-311G+(2d, p) em=gd3"
1261,electrolyte1263,CC(=O)CC1COCO1,-460.2633352,0.117076,0.163374,407.693144,-0.25389,-0.02795,-460.4600265,-460.1462592,-460.0999612,6.145568,Gaussian,QC,"opt+freq: b3lyp/6-311G** em=gd3bj
energy: M062X/6-311G+(2d, p) em=gd3"
1262,electrolyte1264,CC(=O)CC1OCCO1,-460.2628086,0.117044,0.163277,407.1241200000001,-0.24946,-0.01613,-460.4590103,-460.1457646,-460.0995316,6.346576,Gaussian,QC,"opt+freq: b3lyp/6-311G** em=gd3bj
energy: M062X/6-311G+(2d, p) em=gd3"
1263,electrolyte1265,COC1OCOCC1=O,-496.1608437,0.096921,0.140644,385.024232,-0.24563,-0.04728,-496.3526163,-496.0639227,-496.0201997,5.395119999999999,Gaussian,QC,"opt+freq: b3lyp/6-311G** em=gd3bj
energy: M062X/6-311G+(2d, p) em=gd3"
1264,electrolyte1266,CC(=O)C1OCC(C)O1,-460.2600244,0.116923,0.162719,403.279024,-0.24232,-0.03006,-460.4578802,-460.1431014,-460.0973054,5.773472,Gaussian,QC,"opt+freq: b3lyp/6-311G** em=gd3bj
energy: M062X/6-311G+(2d, p) em=gd3"
1265,electrolyte1267,CC(=O)C1OCCCO1,-460.2610024,0.1169,0.162675,403.090744,-0.2419,-0.02716,-460.4586868,-460.1441024,-460.0983274,5.840928,Gaussian,QC,"opt+freq: b3lyp/6-311G** em=gd3bj
energy: M062X/6-311G+(2d, p) em=gd3"
1266,electrolyte1268,CC(=O)C1OCOCO1,-496.1773637,0.096743,0.140563,385.881952,-0.26372,-0.03702,-496.3679804,-496.0806207,-496.0368007,6.16624,Gaussian,QC,"opt+freq: b3lyp/6-311G** em=gd3bj
energy: M062X/6-311G+(2d, p) em=gd3"
1267,electrolyte1269,CC1(C)OCC(=O)CO1,-460.2661012,0.118145,0.162135,387.371456,-0.24732,-0.0417,-460.4622542,-460.1479562,-460.1039662,5.592864000000001,Gaussian,QC,"opt+freq: b3lyp/6-311G** em=gd3bj
energy: M062X/6-311G+(2d, p) em=gd3"
1268,electrolyte1270,CCC1OCC(=O)CO1,-460.2661001,0.118144,0.162135,387.3840080000001,-0.24733,-0.0417,-460.4622542,-460.1479561,-460.1039651,5.593135999999999,Gaussian,QC,"opt+freq: b3lyp/6-311G** em=gd3bj
energy: M062X/6-311G+(2d, p) em=gd3"
1269,electrolyte1271,COC1OCC(=O)CO1,-496.1725845,0.095958,0.140246,389.999008,-0.25237,-0.04055,-496.363742,-496.0766265,-496.0323385,5.761504,Gaussian,QC,"opt+freq: b3lyp/6-311G** em=gd3bj
energy: M062X/6-311G+(2d, p) em=gd3"
1270,electrolyte1272,CC1COC(=O)C1(C)C,-424.3849567,0.142629,0.1868,388.969744,-0.26799,0.00676,-424.5884725,-424.2423277,-424.1981567,7.473199999999999,Gaussian,QC,"opt+freq: b3lyp/6-311G** em=gd3bj
energy: M062X/6-311G+(2d, p) em=gd3"
1271,electrolyte1273,CCC1(C)CCOC1=O,-424.3821786,0.142617,0.187265,393.174664,-0.26875,0.00643,-424.5859055,-424.2395616,-424.1949135999999,7.484895999999999,Gaussian,QC,"opt+freq: b3lyp/6-311G** em=gd3bj
energy: M062X/6-311G+(2d, p) em=gd3"
1272,electrolyte1274,CC1(C)CCCOC1=O,-424.3821762,0.142618,0.187265,393.166296,-0.2687,0.00646,-424.5859053,-424.2395582,-424.1949112,7.484352,Gaussian,QC,"opt+freq: b3lyp/6-311G** em=gd3bj
energy: M062X/6-311G+(2d, p) em=gd3"
1273,electrolyte1275,CC1(C)COCOC1=O,-460.287382,0.120588,0.163936,381.718872,-0.27522,-0.00797,-460.4854588,-460.166794,-460.123446,7.269200000000001,Gaussian,QC,"opt+freq: b3lyp/6-311G** em=gd3bj
energy: M062X/6-311G+(2d, p) em=gd3"
1274,electrolyte1276,CC1CC(C)(C)C(=O)O1,-424.3892721,0.141925,0.186445,392.0408,-0.26748,0.00849,-424.5934181,-424.2473471,-424.2028271,7.506384,Gaussian,QC,"opt+freq: b3lyp/6-311G** em=gd3bj
energy: M062X/6-311G+(2d, p) em=gd3"
1275,electrolyte1277,CCC1(C)OCOC1=O,-460.2922771,0.118956,0.163474,392.01988,-0.27816,-0.0045,-460.4905707,-460.1733211,-460.1288031,7.443552,Gaussian,QC,"opt+freq: b3lyp/6-311G** em=gd3bj
energy: M062X/6-311G+(2d, p) em=gd3"
1276,electrolyte1278,COC1(C)CCOC1=O,-460.2791763,0.119494,0.163627,388.63084,-0.25106,-0.00116,-460.4777661,-460.1596823,-460.1155493,6.79728,Gaussian,QC,"opt+freq: b3lyp/6-311G** em=gd3bj
energy: M062X/6-311G+(2d, p) em=gd3"
1277,electrolyte1279,CC1(C)OCCOC1=O,-460.2831718,0.119888,0.163393,383.103776,-0.26146,-0.00151,-460.4817224,-460.1632838,-460.1197788,7.07064,Gaussian,QC,"opt+freq: b3lyp/6-311G** em=gd3bj
energy: M062X/6-311G+(2d, p) em=gd3"
1278,electrolyte1280,CC1OC(=O)C(C)(C)O1,-460.303584,0.118081,0.16252,391.337888,-0.27572,-0.00257,-460.502378,-460.185503,-460.141064,7.42968,Gaussian,QC,"opt+freq: b3lyp/6-311G** em=gd3bj
energy: M062X/6-311G+(2d, p) em=gd3"
1279,electrolyte1281,CC1C(=O)OCC1(C)C,-424.3855876,0.142535,0.186587,387.915376,-0.26998,0.00383,-424.5890268,-424.2430526,-424.1990006,7.447632,Gaussian,QC,"opt+freq: b3lyp/6-311G** em=gd3bj
energy: M062X/6-311G+(2d, p) em=gd3"
1280,electrolyte1282,CC(C)C1CCOC1=O,-424.3807307,0.142891,0.18734,391.417384,-0.2698,0.00219,-424.584794,-424.2378397,-424.1933907,7.398128,Gaussian,QC,"opt+freq: b3lyp/6-311G** em=gd3bj
energy: M062X/6-311G+(2d, p) em=gd3"
1281,electrolyte1283,CC1CCOC(=O)C1C,-424.3776731,0.143656,0.187671,387.58484,-0.2652,-0.00084,-424.5810959,-424.2340171,-424.1900021,7.190592,Gaussian,QC,"opt+freq: b3lyp/6-311G** em=gd3bj
energy: M062X/6-311G+(2d, p) em=gd3"
1282,electrolyte1284,CC1OCOC(=O)C1C,-460.2879617,0.120809,0.164242,382.467808,-0.27485,-0.00639,-460.4857286,-460.1671527,-460.1237197,7.302111999999999,Gaussian,QC,"opt+freq: b3lyp/6-311G** em=gd3bj
energy: M062X/6-311G+(2d, p) em=gd3"
1283,electrolyte1285,CCC1C(=O)OCC1C,-424.3775632,0.143256,0.187644,390.881832,-0.26904,0.00223,-424.5816979,-424.2343072,-424.1899192,7.378544,Gaussian,QC,"opt+freq: b3lyp/6-311G** em=gd3bj
energy: M062X/6-311G+(2d, p) em=gd3"
1284,electrolyte1286,CCC1CCCOC1=O,-424.3761517,0.143553,0.188049,391.827416,-0.26613,-0.00271,-424.5803275,-424.2325987,-424.1881027,7.165024,Gaussian,QC,"opt+freq: b3lyp/6-311G** em=gd3bj
energy: M062X/6-311G+(2d, p) em=gd3"
1285,electrolyte1287,COC(=O)C1CCCC1,-424.376324,0.140701,0.188146,417.797504,-0.27396,0.01011,-424.580171,-424.235623,-424.188178,7.726704,Gaussian,QC,"opt+freq: b3lyp/6-311G** em=gd3bj
energy: M062X/6-311G+(2d, p) em=gd3"
1286,electrolyte1288,CCC1COCOC1=O,-460.2829069,0.121267,0.164875,384.0117040000001,-0.27585,-0.0076,-460.4818361,-460.1616399,-460.1180319,7.296399999999999,Gaussian,QC,"opt+freq: b3lyp/6-311G** em=gd3bj
energy: M062X/6-311G+(2d, p) em=gd3"
1287,electrolyte1289,COC(=O)C1CCOC1,-460.2793856,0.118419,0.164912,409.421136,-0.25503,-0.00134,-460.4774377,-460.1609666,-460.1144736,6.900367999999999,Gaussian,QC,"opt+freq: b3lyp/6-311G** em=gd3bj
energy: M062X/6-311G+(2d, p) em=gd3"
1288,electrolyte1290,CC1OC(=O)C(C)C1C,-424.3874012,0.142752,0.186908,388.835856,-0.26793,0.0046,-424.5908099,-424.2446492,-424.2004932,7.412815999999999,Gaussian,QC,"opt+freq: b3lyp/6-311G** em=gd3bj
energy: M062X/6-311G+(2d, p) em=gd3"
1289,electrolyte1291,CCC1CC(C)OC1=O,-424.3855558,0.142151,0.187109,395.902632,-0.26783,0.00343,-424.5906886,-424.2434048,-424.1984468,7.378272,Gaussian,QC,"opt+freq: b3lyp/6-311G** em=gd3bj
energy: M062X/6-311G+(2d, p) em=gd3"
1290,electrolyte1292,CC1CCC(C)C(=O)O1,-424.3810949,0.142887,0.187374,391.756288,-0.26431,0.00017,-424.5855527,-424.2382079,-424.1937209,7.193855999999999,Gaussian,QC,"opt+freq: b3lyp/6-311G** em=gd3bj
energy: M062X/6-311G+(2d, p) em=gd3"
1291,electrolyte1293,CCC1COC(=O)C1C,-424.3798679,0.14282,0.187624,394.538648,-0.26781,0.00259,-424.5834316,-424.2370479000001,-424.1922439,7.354879999999999,Gaussian,QC,"opt+freq: b3lyp/6-311G** em=gd3bj
energy: M062X/6-311G+(2d, p) em=gd3"
1292,electrolyte1294,CCCC1CCOC1=O,-424.3763509,0.142659,0.187764,397.195488,-0.27154,0.00342,-424.5808428,-424.2336919,-424.1885869,7.478911999999999,Gaussian,QC,"opt+freq: b3lyp/6-311G** em=gd3bj
energy: M062X/6-311G+(2d, p) em=gd3"
1293,electrolyte1295,CC1COC(=O)C(C)C1,-424.3749951,0.143331,0.187754,391.191448,-0.26511,0.00318,-424.5790319,-424.2316641,-424.1872411,7.297488,Gaussian,QC,"opt+freq: b3lyp/6-311G** em=gd3bj
energy: M062X/6-311G+(2d, p) em=gd3"
1294,electrolyte1296,CC1OCC(C)C(=O)O1,-460.289796,0.119679,0.163878,389.220784,-0.27426,-0.00513,-460.4888078,-460.170117,-460.125918,7.320335999999999,Gaussian,QC,"opt+freq: b3lyp/6-311G** em=gd3bj
energy: M062X/6-311G+(2d, p) em=gd3"
1295,electrolyte1297,COC1COC(=O)C1C,-460.2712249,0.119921,0.164274,390.572216,-0.26351,-0.00272,-460.4694804,-460.1513039,-460.1069509,7.093488000000001,Gaussian,QC,"opt+freq: b3lyp/6-311G** em=gd3bj
energy: M062X/6-311G+(2d, p) em=gd3"
1296,electrolyte1298,COCC1CCOC1=O,-460.2715081,0.119255,0.164449,397.9820800000001,-0.25813,-0.00153,-460.4703294,-460.1522531,-460.1070591,6.979520000000001,Gaussian,QC,"opt+freq: b3lyp/6-311G** em=gd3bj
energy: M062X/6-311G+(2d, p) em=gd3"
1297,electrolyte1299,CC1CC(C)(C)OC1=O,-424.3921977,0.141662,0.186173,391.961304,-0.26835,0.00338,-424.5964762,-424.2505357,-424.2060247,7.391055999999999,Gaussian,QC,"opt+freq: b3lyp/6-311G** em=gd3bj
energy: M062X/6-311G+(2d, p) em=gd3"
1298,electrolyte1300,CCC1CC(C)C(=O)O1,-424.3864191,0.142034,0.18717,397.467448,-0.2694,0.00421,-424.5908114,-424.2443851,-424.1992491,7.442191999999999,Gaussian,QC,"opt+freq: b3lyp/6-311G** em=gd3bj
energy: M062X/6-311G+(2d, p) em=gd3"
1299,electrolyte1301,COC1CC(C)C(=O)O1,-460.2925968,0.118974,0.163867,395.321056,-0.27287,0.00128,-460.4915908,-460.1736228,-460.1287298,7.45688,Gaussian,QC,"opt+freq: b3lyp/6-311G** em=gd3bj
energy: M062X/6-311G+(2d, p) em=gd3"
1300,electrolyte1302,COC1(C)OCOC1=O,-496.1955189,0.096289,0.140052,385.375688,-0.26763,-0.01352,-496.3882003,-496.0992299,-496.0554669,6.911792,Gaussian,QC,"opt+freq: b3lyp/6-311G** em=gd3bj
energy: M062X/6-311G+(2d, p) em=gd3"
1301,electrolyte1303,CC(C)C1OCOC1=O,-460.2891514,0.119192,0.163726,392.157952,-0.28133,-0.00799,-460.4875718,-460.1699594,-460.1254254,7.434848000000001,Gaussian,QC,"opt+freq: b3lyp/6-311G** em=gd3bj
energy: M062X/6-311G+(2d, p) em=gd3"
1302,electrolyte1304,COC1C(=O)OCC1C,-460.2771798,0.119668,0.163945,389.898592,-0.25363,-0.00419,-460.476084,-460.1575118,-460.1132348,6.784768000000001,Gaussian,QC,"opt+freq: b3lyp/6-311G** em=gd3bj
energy: M062X/6-311G+(2d, p) em=gd3"
1303,electrolyte1305,COC1CCCOC1=O,-460.2737796,0.120643,0.164829,389.1036320000001,-0.25754,-0.00635,-460.4727331,-460.1531366,-460.1089506,6.832367999999999,Gaussian,QC,"opt+freq: b3lyp/6-311G** em=gd3bj
energy: M062X/6-311G+(2d, p) em=gd3"
1304,electrolyte1306,CCC1OCCOC1=O,-460.2765816,0.120342,0.16434,387.442584,-0.26907,-0.00595,-460.4756485,-460.1562396,-460.1122416,7.156863999999999,Gaussian,QC,"opt+freq: b3lyp/6-311G** em=gd3bj
energy: M062X/6-311G+(2d, p) em=gd3"
1305,electrolyte1307,COC(=O)C1CCCO1,-460.2794422,0.118659,0.164692,405.36684,-0.25575,0.00537,-460.477611,-460.1607832,-460.1147502,7.102463999999999,Gaussian,QC,"opt+freq: b3lyp/6-311G** em=gd3bj
energy: M062X/6-311G+(2d, p) em=gd3"
1306,electrolyte1308,CCC1OC(C)OC1=O,-460.2981675,0.118657,0.163409,394.086776,-0.27769,-0.00584,-460.4972633,-460.1795105,-460.1347585,7.39432,Gaussian,QC,"opt+freq: b3lyp/6-311G** em=gd3bj
energy: M062X/6-311G+(2d, p) em=gd3"
1307,electrolyte1309,CCCC1OCOC1=O,-460.2852118,0.119231,0.164118,395.270848,-0.28162,-0.0084,-460.4842131,-460.1659808,-460.1210938,7.431583999999999,Gaussian,QC,"opt+freq: b3lyp/6-311G** em=gd3bj
energy: M062X/6-311G+(2d, p) em=gd3"
1308,electrolyte1310,COC1COCOC1=O,-496.1729092,0.096478,0.140938,391.509432,-0.26672,-0.01539,-496.3653001,-496.0764312,-496.0319712,6.836176,Gaussian,QC,"opt+freq: b3lyp/6-311G** em=gd3bj
energy: M062X/6-311G+(2d, p) em=gd3"
1309,electrolyte1311,COC(=O)C1COCO1,-496.1858544,0.095492,0.14114,401.969432,-0.26074,-0.00481,-496.3777044,-496.0903624,-496.0447144,6.961296000000001,Gaussian,QC,"opt+freq: b3lyp/6-311G** em=gd3bj
energy: M062X/6-311G+(2d, p) em=gd3"
1310,electrolyte1312,COCC1OCOC1=O,-496.1791746,0.095957,0.140884,395.622304,-0.26878,-0.01451,-496.3730772,-496.0832176,-496.0382906,6.916144,Gaussian,QC,"opt+freq: b3lyp/6-311G** em=gd3bj
energy: M062X/6-311G+(2d, p) em=gd3"
1311,electrolyte1313,COC1CC(C)OC1=O,-460.2788651,0.119029,0.163732,393.660008,-0.25875,-0.0049,-460.4777454,-460.1598361,-460.1151331,6.904719999999998,Gaussian,QC,"opt+freq: b3lyp/6-311G** em=gd3bj
energy: M062X/6-311G+(2d, p) em=gd3"
1312,electrolyte1314,CC1COC(C)C(=O)O1,-460.2847635,0.119831,0.16365,385.865216,-0.26,-0.00343,-460.4837897,-460.1649325,-460.1211135,6.978704,Gaussian,QC,"opt+freq: b3lyp/6-311G** em=gd3bj
energy: M062X/6-311G+(2d, p) em=gd3"
1313,electrolyte1315,CCOC1CCOC1=O,-460.2775408,0.119355,0.164217,395.05328,-0.25369,-0.00365,-460.4772865,-460.1581858,-460.1133238,6.801088000000001,Gaussian,QC,"opt+freq: b3lyp/6-311G** em=gd3bj
energy: M062X/6-311G+(2d, p) em=gd3"
1314,electrolyte1316,CC1COC(=O)C(C)O1,-460.2806093,0.119686,0.163736,387.907008,-0.26853,-0.00525,-460.4797091,-460.1609233,-460.1168733,7.161216,Gaussian,QC,"opt+freq: b3lyp/6-311G** em=gd3bj
energy: M062X/6-311G+(2d, p) em=gd3"
1315,electrolyte1317,CC1OC(C)(C)OC1=O,-460.3052623,0.117827,0.162251,391.199816,-0.27604,-0.00423,-460.5039467,-460.1874353,-460.1430113,7.393231999999999,Gaussian,QC,"opt+freq: b3lyp/6-311G** em=gd3bj
energy: M062X/6-311G+(2d, p) em=gd3"
1316,electrolyte1318,CCC1OC(=O)C(C)O1,-460.297357,0.11844,0.163374,395.689248,-0.27767,-0.00597,-460.4962668,-460.178917,-460.133983,7.390239999999999,Gaussian,QC,"opt+freq: b3lyp/6-311G** em=gd3bj
energy: M062X/6-311G+(2d, p) em=gd3"
1317,electrolyte1319,COC1OC(=O)C(C)O1,-496.2068236,0.09557,0.140295,393.844104,-0.28416,-0.01232,-496.4005138,-496.1112536,-496.0665286,7.394048000000001,Gaussian,QC,"opt+freq: b3lyp/6-311G** em=gd3bj
energy: M062X/6-311G+(2d, p) em=gd3"
1318,electrolyte1320,CC1(C)CCOC(=O)C1,-424.3802076,0.14325,0.187018,385.421712,-0.26505,0.00316,-424.5830525,-424.2369576,-424.1931896,7.295312,Gaussian,QC,"opt+freq: b3lyp/6-311G** em=gd3bj
energy: M062X/6-311G+(2d, p) em=gd3"
1319,electrolyte1321,CC1(C)CC(=O)OCO1,-460.292609,0.120068,0.163419,381.743976,-0.27377,-0.0022,-460.4897639,-460.172541,-460.1291900000001,7.386704000000001,Gaussian,QC,"opt+freq: b3lyp/6-311G** em=gd3bj
energy: M062X/6-311G+(2d, p) em=gd3"
1320,electrolyte1322,CC1OC(=O)CC1(C)C,-424.3887503,0.142267,0.186246,387.275224,-0.26836,0.00793,-424.5917479,-424.2464833,-424.2025043,7.515088,Gaussian,QC,"opt+freq: b3lyp/6-311G** em=gd3bj
energy: M062X/6-311G+(2d, p) em=gd3"
1321,electrolyte1323,CC1CC(=O)OC(C)C1,-424.3779097,0.142779,0.187406,392.9822,-0.26315,0.00881,-424.5818416,-424.2351307,-424.1905037,7.397311999999999,Gaussian,QC,"opt+freq: b3lyp/6-311G** em=gd3bj
energy: M062X/6-311G+(2d, p) em=gd3"
1322,electrolyte1324,CCC1(C)COC(=O)C1,-424.3816981,0.142462,0.186883,391.174712,-0.27033,0.00678,-424.5849377,-424.2392361,-424.1948151,7.537392000000001,Gaussian,QC,"opt+freq: b3lyp/6-311G** em=gd3bj
energy: M062X/6-311G+(2d, p) em=gd3"
1323,electrolyte1325,CC1COC(=O)CC1C,-424.3779607,0.143335,0.187472,388.676864,-0.26566,0.00246,-424.5815001,-424.2346257,-424.1904887,7.292864000000001,Gaussian,QC,"opt+freq: b3lyp/6-311G** em=gd3bj
energy: M062X/6-311G+(2d, p) em=gd3"
1324,electrolyte1326,CCC1CCOC(=O)C1,-424.3757287,0.143187,0.188033,394.915208,-0.26555,0.00954,-424.5790284,-424.2325417,-424.1876957,7.482448,Gaussian,QC,"opt+freq: b3lyp/6-311G** em=gd3bj
energy: M062X/6-311G+(2d, p) em=gd3"
1325,electrolyte1327,CC1CC(=O)OC(C)O1,-460.2964287,0.119413,0.163512,388.333776,-0.27409,-0.00136,-460.4946152,-460.1770157,-460.1329167,7.418256,Gaussian,QC,"opt+freq: b3lyp/6-311G** em=gd3bj
energy: M062X/6-311G+(2d, p) em=gd3"
1326,electrolyte1328,CCC1CC(=O)OCO1,-460.2848577,0.120493,0.164587,388.287752,-0.27466,-0.00341,-460.4827772,-460.1643647,-460.1202707,7.377999999999999,Gaussian,QC,"opt+freq: b3lyp/6-311G** em=gd3bj
energy: M062X/6-311G+(2d, p) em=gd3"
1327,electrolyte1329,COC1(C)COC(=O)C1,-460.2800122,0.119196,0.163227,387.739648,-0.2696,0.00174,-460.4778934,-460.1608162,-460.1167852,7.380448,Gaussian,QC,"opt+freq: b3lyp/6-311G** em=gd3bj
energy: M062X/6-311G+(2d, p) em=gd3"
1328,electrolyte1330,COC1CCOC(=O)C1,-460.2817037,0.118968,0.1632,389.501112,-0.27425,0.00329,-460.4791495,-460.1627357,-460.1185037,7.549088,Gaussian,QC,"opt+freq: b3lyp/6-311G** em=gd3bj
energy: M062X/6-311G+(2d, p) em=gd3"
1329,electrolyte1331,CC1CC(=O)OC1(C)C,-424.3914358,0.142035,0.186133,388.321224,-0.26707,0.00926,-424.5947013,-424.2494008,-424.2053028,7.516175999999999,Gaussian,QC,"opt+freq: b3lyp/6-311G** em=gd3bj
energy: M062X/6-311G+(2d, p) em=gd3"
1330,electrolyte1332,CC1(C)CCCC(=O)O1,-424.3853851,0.142526,0.186699,388.98648,-0.26283,0.00466,-424.588933,-424.2428591,-424.1986861,7.275728,Gaussian,QC,"opt+freq: b3lyp/6-311G** em=gd3bj
energy: M062X/6-311G+(2d, p) em=gd3"
1331,electrolyte1333,CCC1CC(=O)OC1C,-424.3844699,0.142581,0.187175,392.68932,-0.26882,0.00759,-424.5880898,-424.2418889,-424.1972949,7.518351999999999,Gaussian,QC,"opt+freq: b3lyp/6-311G** em=gd3bj
energy: M062X/6-311G+(2d, p) em=gd3"
1332,electrolyte1334,CC1CCC(=O)OC1C,-424.3802318,0.143134,0.187422,389.999008,-0.26845,0.00943,-424.584062,-424.2370978,-424.1928098,7.558336000000001,Gaussian,QC,"opt+freq: b3lyp/6-311G** em=gd3bj
energy: M062X/6-311G+(2d, p) em=gd3"
1333,electrolyte1335,CCC1OC(=O)CC1C,-424.3808851,0.142882,0.187362,391.68516,-0.26984,0.00661,-424.5848376,-424.2380031,-424.1935231,7.51944,Gaussian,QC,"opt+freq: b3lyp/6-311G** em=gd3bj
energy: M062X/6-311G+(2d, p) em=gd3"
1334,electrolyte1336,CCC1CCCC(=O)O1,-424.3792165,0.143131,0.187801,393.362944,-0.26491,0.00277,-424.5836187,-424.2360855,-424.1914155,7.280895999999999,Gaussian,QC,"opt+freq: b3lyp/6-311G** em=gd3bj
energy: M062X/6-311G+(2d, p) em=gd3"
1335,electrolyte1337,COC1OC(=O)CC1C,-460.2854264,0.118959,0.163619,393.279264,-0.27304,0.00221,-460.4830949,-460.1664674,-460.1218074,7.4868,Gaussian,QC,"opt+freq: b3lyp/6-311G** em=gd3bj
energy: M062X/6-311G+(2d, p) em=gd3"
1336,electrolyte1338,COC1CCCC(=O)O1,-460.2885665,0.120167,0.164732,392.442464,-0.26666,0.00249,-460.4867271,-460.1683995,-460.1238345,7.32088,Gaussian,QC,"opt+freq: b3lyp/6-311G** em=gd3bj
energy: M062X/6-311G+(2d, p) em=gd3"
1337,electrolyte1339,CC(C)C1COC(=O)C1,-424.3805684,0.143137,0.187313,389.011584,-0.27127,0.00604,-424.5837779,-424.2374314,-424.1932554,7.542832,Gaussian,QC,"opt+freq: b3lyp/6-311G** em=gd3bj
energy: M062X/6-311G+(2d, p) em=gd3"
1338,electrolyte1340,CC1(C)CCC(=O)OC1,-424.3800595,0.143286,0.187079,385.635096,-0.26623,-0.00053,-424.5830917,-424.2367735,-424.1929805,7.227040000000001,Gaussian,QC,"opt+freq: b3lyp/6-311G** em=gd3bj
energy: M062X/6-311G+(2d, p) em=gd3"
1339,electrolyte1341,CCCC1COC(=O)C1,-424.3774554,0.14216,0.187674,400.793728,-0.27073,0.00677,-424.5813725,-424.2352954,-424.1897814,7.548,Gaussian,QC,"opt+freq: b3lyp/6-311G** em=gd3bj
energy: M062X/6-311G+(2d, p) em=gd3"
1340,electrolyte1342,CCC1CCC(=O)OC1,-424.3758168,0.143392,0.188087,393.584696,-0.26598,0.00625,-424.5790189,-424.2324248,-424.1877298,7.404655999999999,Gaussian,QC,"opt+freq: b3lyp/6-311G** em=gd3bj
energy: M062X/6-311G+(2d, p) em=gd3"
1341,electrolyte1343,COCC1COC(=O)C1,-460.2725866,0.119133,0.164351,398.178728,-0.27017,0.00173,-460.4707197,-460.1534536,-460.1082356,7.39568,Gaussian,QC,"opt+freq: b3lyp/6-311G** em=gd3bj
energy: M062X/6-311G+(2d, p) em=gd3"
1342,electrolyte1344,COC1CCC(=O)OC1,-460.2755423,0.120193,0.164543,390.538744,-0.26984,0.00458,-460.4732036,-460.1553493,-460.1109993,7.464224,Gaussian,QC,"opt+freq: b3lyp/6-311G** em=gd3bj
energy: M062X/6-311G+(2d, p) em=gd3"
1343,electrolyte1345,COC1CC(=O)OCO1,-496.1963506,0.097583,0.141248,384.513784,-0.2767,-0.00331,-496.3887019,-496.0987676,-496.0551026,7.436208000000001,Gaussian,QC,"opt+freq: b3lyp/6-311G** em=gd3bj
energy: M062X/6-311G+(2d, p) em=gd3"
1344,electrolyte1346,CC1(C)OCCC(=O)O1,-460.2960514,0.11908,0.162986,386.635072,-0.2719,-0.00013,-460.4941149,-460.1769714,-460.1330654,7.392143999999998,Gaussian,QC,"opt+freq: b3lyp/6-311G** em=gd3bj
energy: M062X/6-311G+(2d, p) em=gd3"
1345,electrolyte1347,COC1CC(=O)OC1C,-460.2832159,0.119208,0.163585,390.781416,-0.27052,0.00382,-460.4815937,-460.1640079,-460.1196309,7.462047999999999,Gaussian,QC,"opt+freq: b3lyp/6-311G** em=gd3bj
energy: M062X/6-311G+(2d, p) em=gd3"
1346,electrolyte1348,CCC1OCCC(=O)O1,-460.2898405,0.119984,0.164312,390.354648,-0.27578,-0.00241,-460.488163,-460.1698565,-460.1255285,7.435664,Gaussian,QC,"opt+freq: b3lyp/6-311G** em=gd3bj
energy: M062X/6-311G+(2d, p) em=gd3"
1347,electrolyte1349,COC1OCCC(=O)O1,-496.2004022,0.097542,0.141083,383.42176,-0.27837,-0.00721,-496.3932281,-496.1028602,-496.0593192,7.375552,Gaussian,QC,"opt+freq: b3lyp/6-311G** em=gd3bj
energy: M062X/6-311G+(2d, p) em=gd3"
1348,electrolyte1350,CCOC1COC(=O)C1,-460.2784493,0.120407,0.164105,384.810848,-0.26636,-0.00357,-460.4773431,-460.1580423,-460.1143443,7.147887999999999,Gaussian,QC,"opt+freq: b3lyp/6-311G** em=gd3bj
energy: M062X/6-311G+(2d, p) em=gd3"
1349,electrolyte1351,CCC1(C)CCC(=O)O1,-424.3891143,0.142193,0.186651,391.501064,-0.26945,0.00676,-424.5927778,-424.2469213,-424.2024633,7.512912,Gaussian,QC,"opt+freq: b3lyp/6-311G** em=gd3bj
energy: M062X/6-311G+(2d, p) em=gd3"
1350,electrolyte1352,COC1(C)CCC(=O)O1,-460.2960666,0.118865,0.163173,390.170552,-0.27195,0.00451,-460.4940258,-460.1772016,-460.1328936,7.519712000000001,Gaussian,QC,"opt+freq: b3lyp/6-311G** em=gd3bj
energy: M062X/6-311G+(2d, p) em=gd3"
1351,electrolyte1353,CC(C)C1CCC(=O)O1,-424.3848278,0.142364,0.187171,394.57212,-0.27074,0.00667,-424.5886136,-424.2424638,-424.1976568,7.545552,Gaussian,QC,"opt+freq: b3lyp/6-311G** em=gd3bj
energy: M062X/6-311G+(2d, p) em=gd3"
1352,electrolyte1354,CCCC1CCC(=O)O1,-424.3848272,0.142365,0.187171,394.567936,-0.27074,0.00667,-424.5886136,-424.2424622,-424.1976562,7.545552,Gaussian,QC,"opt+freq: b3lyp/6-311G** em=gd3bj
energy: M062X/6-311G+(2d, p) em=gd3"
1353,electrolyte1355,COCC1CCC(=O)O1,-460.2784735,0.118671,0.164221,401.115896,-0.2704,0.00286,-460.4768924,-460.1598025,-460.1142525,7.432671999999998,Gaussian,QC,"opt+freq: b3lyp/6-311G** em=gd3bj
energy: M062X/6-311G+(2d, p) em=gd3"
1354,electrolyte1356,CCOC1CCC(=O)O1,-460.2928041,0.118888,0.164032,397.538576,-0.27251,0.00437,-460.4926326,-460.1739161,-460.1287721,7.531135999999998,Gaussian,QC,"opt+freq: b3lyp/6-311G** em=gd3bj
energy: M062X/6-311G+(2d, p) em=gd3"
1355,electrolyte1357,COC1OCCOC1=O,-496.1806936,0.097458,0.141115,384.438472,-0.26845,-0.01077,-496.3740474,-496.0832356,-496.0395786,7.008896,Gaussian,QC,"opt+freq: b3lyp/6-311G** em=gd3bj
energy: M062X/6-311G+(2d, p) em=gd3"
1356,electrolyte1358,COC(=O)C1OCCO1,-496.185748,0.095496,0.141318,403.509144,-0.25848,-0.00939,-496.3785106,-496.090252,-496.04443,6.775247999999999,Gaussian,QC,"opt+freq: b3lyp/6-311G** em=gd3bj
energy: M062X/6-311G+(2d, p) em=gd3"
1357,electrolyte1359,COC1OC(C)OC1=O,-496.1963793,0.096143,0.140178,387.7731200000001,-0.26827,-0.01498,-496.3905986,-496.1002363,-496.0562013,6.889488,Gaussian,QC,"opt+freq: b3lyp/6-311G** em=gd3bj
energy: M062X/6-311G+(2d, p) em=gd3"
1358,electrolyte1360,CCOC1OCOC1=O,-496.1887459,0.096303,0.140765,391.526168,-0.27883,-0.02174,-496.3824421,-496.0924429,-496.0479809,6.992848000000001,Gaussian,QC,"opt+freq: b3lyp/6-311G** em=gd3bj
energy: M062X/6-311G+(2d, p) em=gd3"
1359,electrolyte1361,CC1(C)COCC(=O)O1,-460.2858318,0.119576,0.163088,383.166536,-0.26152,0.00013,-460.484208,-460.1662558,-460.1227438,7.116879999999999,Gaussian,QC,"opt+freq: b3lyp/6-311G** em=gd3bj
energy: M062X/6-311G+(2d, p) em=gd3"
1360,electrolyte1362,CC1OCC(=O)OC1C,-460.2835876,0.120024,0.163649,384.158144,-0.26176,-0.00199,-460.4815855,-460.1635636,-460.1199386,7.065744,Gaussian,QC,"opt+freq: b3lyp/6-311G** em=gd3bj
energy: M062X/6-311G+(2d, p) em=gd3"
1361,electrolyte1363,CCC1COCC(=O)O1,-460.2773255,0.120444,0.164264,385.8694,-0.26177,-0.00126,-460.4765258,-460.1568815,-460.1130615,7.085872,Gaussian,QC,"opt+freq: b3lyp/6-311G** em=gd3bj
energy: M062X/6-311G+(2d, p) em=gd3"
1362,electrolyte1364,COC1COCC(=O)O1,-496.1783951,0.09602,0.140598,392.555432,-0.26456,-0.00551,-496.3701307,-496.0823751,-496.0377971,7.04616,Gaussian,QC,"opt+freq: b3lyp/6-311G** em=gd3bj
energy: M062X/6-311G+(2d, p) em=gd3"
1363,electrolyte1365,CC1(C)COC(=O)CO1,-460.2841039,0.119723,0.163226,383.08704,-0.26227,-0.00327,-460.4815468,-460.1643809,-460.1208779,7.0448,Gaussian,QC,"opt+freq: b3lyp/6-311G** em=gd3bj
energy: M062X/6-311G+(2d, p) em=gd3"
1364,electrolyte1366,CCC1COC(=O)CO1,-460.2840985,0.119717,0.163225,383.133064,-0.26233,-0.0033,-460.4815468,-460.1643815,-460.1208735,7.045615999999999,Gaussian,QC,"opt+freq: b3lyp/6-311G** em=gd3bj
energy: M062X/6-311G+(2d, p) em=gd3"
1365,electrolyte1367,COC1COC(=O)CO1,-496.1862955,0.097068,0.140979,386.672728,-0.26827,-0.00048,-496.3785223,-496.0892275,-496.0453165,7.283888,Gaussian,QC,"opt+freq: b3lyp/6-311G** em=gd3bj
energy: M062X/6-311G+(2d, p) em=gd3"
1366,electrolyte1368,CCC1(C)OCC(=O)O1,-460.297883,0.118355,0.162838,391.710264,-0.27947,-0.00343,-460.4959649,-460.179528,-460.135045,7.508288,Gaussian,QC,"opt+freq: b3lyp/6-311G** em=gd3bj
energy: M062X/6-311G+(2d, p) em=gd3"
1367,electrolyte1369,COC1(C)OCC(=O)O1,-496.2088969,0.095689,0.139466,385.497024,-0.28503,-0.00737,-496.400927,-496.1132079,-496.0694309,7.552352,Gaussian,QC,"opt+freq: b3lyp/6-311G** em=gd3bj
energy: M062X/6-311G+(2d, p) em=gd3"
1368,electrolyte1370,CC(C)C1OCC(=O)O1,-460.2912162,0.118642,0.163367,393.848288,-0.28239,-0.00653,-460.4895108,-460.1725742,-460.1278492,7.503392,Gaussian,QC,"opt+freq: b3lyp/6-311G** em=gd3bj
energy: M062X/6-311G+(2d, p) em=gd3"
1369,electrolyte1371,CCCC1OCC(=O)O1,-460.2924244,0.118835,0.163417,392.58472,-0.28222,-0.00636,-460.4908319,-460.1735894,-460.1290074,7.503392000000001,Gaussian,QC,"opt+freq: b3lyp/6-311G** em=gd3bj
energy: M062X/6-311G+(2d, p) em=gd3"
1370,electrolyte1372,COCC1OCC(=O)O1,-496.185233,0.096542,0.140561,387.62668,-0.26738,-0.0022,-496.3775807,-496.088691,-496.044672,7.212896000000001,Gaussian,QC,"opt+freq: b3lyp/6-311G** em=gd3bj
energy: M062X/6-311G+(2d, p) em=gd3"
1371,electrolyte1373,CCOC1OCC(=O)O1,-496.2026608,0.095768,0.1405,393.906864,-0.28579,-0.01166,-496.3968063,-496.1068928,-496.0621608,7.456335999999999,Gaussian,QC,"opt+freq: b3lyp/6-311G** em=gd3bj
energy: M062X/6-311G+(2d, p) em=gd3"
1372,electrolyte1374,CC(=O)OC1CCCC1,-424.3831081,0.140186,0.187387,415.651112,-0.27346,0.00907,-424.5869769,-424.2429221,-424.1957211,7.684816,Gaussian,QC,"opt+freq: b3lyp/6-311G** em=gd3bj
energy: M062X/6-311G+(2d, p) em=gd3"
1373,electrolyte1375,CC(=O)OC1CCOC1,-460.2863381,0.117423,0.163915,409.408584,-0.25633,0.00092,-460.4839911,-460.1689151,-460.1224231,6.997199999999999,Gaussian,QC,"opt+freq: b3lyp/6-311G** em=gd3bj
energy: M062X/6-311G+(2d, p) em=gd3"
1374,electrolyte1376,CC(=O)OC1CCCO1,-460.2951943,0.117434,0.164125,411.157496,-0.27063,0.00688,-460.4927253,-460.1777603,-460.1310693,7.548271999999999,Gaussian,QC,"opt+freq: b3lyp/6-311G** em=gd3bj
energy: M062X/6-311G+(2d, p) em=gd3"
1375,electrolyte1377,CC(=O)OC1COCO1,-496.2013301,0.094833,0.140699,403.8982560000001,-0.27722,-0.00343,-496.3934347,-496.1064971,-496.0606311,7.447088000000001,Gaussian,QC,"opt+freq: b3lyp/6-311G** em=gd3bj
energy: M062X/6-311G+(2d, p) em=gd3"
1376,electrolyte1378,CC(=O)OC1OCCO1,-496.2073577,0.095847,0.14079,395.76456,-0.27743,1e-05,-496.3997001,-496.1115107,-496.0665677,7.546368,Gaussian,QC,"opt+freq: b3lyp/6-311G** em=gd3bj
energy: M062X/6-311G+(2d, p) em=gd3"
1377,electrolyte1379,CC1(C)CCOC(=O)O1,-460.3027607,0.119495,0.163541,387.860984,-0.28317,0.0176,-460.5014914,-460.1832657,-460.1392197,8.180943999999998,Gaussian,QC,"opt+freq: b3lyp/6-311G** em=gd3bj
energy: M062X/6-311G+(2d, p) em=gd3"
1378,electrolyte1380,CC1(C)OCOC(=O)O1,-496.2191227,0.096651,0.139852,380.421832,-0.29496,0.02001,-496.4117622,-496.1224717,-496.0792707,8.567184,Gaussian,QC,"opt+freq: b3lyp/6-311G** em=gd3bj
energy: M062X/6-311G+(2d, p) em=gd3"
1379,electrolyte1381,CC1OC(=O)OC1(C)C,-460.3159882,0.119427,0.163021,383.890368,-0.29252,0.01888,-460.5141409,-460.1965612,-460.1529672,8.47008,Gaussian,QC,"opt+freq: b3lyp/6-311G** em=gd3bj
energy: M062X/6-311G+(2d, p) em=gd3"
1380,electrolyte1382,CC1CC(C)OC(=O)O1,-460.299373,0.120437,0.164088,384.388264,-0.28213,0.01802,-460.4987526,-460.178936,-460.135285,8.164079999999998,Gaussian,QC,"opt+freq: b3lyp/6-311G** em=gd3bj
energy: M062X/6-311G+(2d, p) em=gd3"
1381,electrolyte1383,CCC1(C)COC(=O)O1,-460.2993716,0.120437,0.164087,384.38408,-0.28212,0.01802,-460.4987526,-460.1789346,-460.1352846,8.163808,Gaussian,QC,"opt+freq: b3lyp/6-311G** em=gd3bj
energy: M062X/6-311G+(2d, p) em=gd3"
1382,electrolyte1384,CC1COC(=O)OC1C,-460.299244,0.120188,0.164098,386.672728,-0.28579,0.01234,-460.4979988,-460.179056,-460.135146,8.109136,Gaussian,QC,"opt+freq: b3lyp/6-311G** em=gd3bj
energy: M062X/6-311G+(2d, p) em=gd3"
1383,electrolyte1385,CCC1CCOC(=O)O1,-460.2956232,0.120045,0.164699,393.220688,-0.28441,0.01663,-460.4949078,-460.1755782,-460.1309242,8.188287999999998,Gaussian,QC,"opt+freq: b3lyp/6-311G** em=gd3bj
energy: M062X/6-311G+(2d, p) em=gd3"
1384,electrolyte1386,CC1OC(=O)OC(C)O1,-496.2239205,0.096577,0.140118,383.417576,-0.29653,0.01241,-496.4169179,-496.1273435,-496.0838025,8.403167999999999,Gaussian,QC,"opt+freq: b3lyp/6-311G** em=gd3bj
energy: M062X/6-311G+(2d, p) em=gd3"
1385,electrolyte1387,CCC1OCOC(=O)O1,-496.2093409,0.097714,0.141186,382.810896,-0.29553,0.01013,-496.4025828,-496.1116269,-496.0681549,8.313952,Gaussian,QC,"opt+freq: b3lyp/6-311G** em=gd3bj
energy: M062X/6-311G+(2d, p) em=gd3"
1386,electrolyte1388,COC1(C)COC(=O)O1,-496.2107743,0.096556,0.140001,382.572408,-0.29099,0.01828,-496.4028908,-496.1142183,-496.0707733,8.412144000000001,Gaussian,QC,"opt+freq: b3lyp/6-311G** em=gd3bj
energy: M062X/6-311G+(2d, p) em=gd3"
1387,electrolyte1389,COC1CCOC(=O)O1,-496.21711,0.096876,0.140136,380.944832,-0.29397,0.02315,-496.4095197,-496.120234,-496.076974,8.625664,Gaussian,QC,"opt+freq: b3lyp/6-311G** em=gd3bj
energy: M062X/6-311G+(2d, p) em=gd3"
1388,electrolyte1390,CCC1OC(=O)OC1C,-460.3045259,0.120195,0.16427,388.120392,-0.29497,0.0167,-460.5036447,-460.1843309,-460.1402559,8.477424,Gaussian,QC,"opt+freq: b3lyp/6-311G** em=gd3bj
energy: M062X/6-311G+(2d, p) em=gd3"
1389,electrolyte1391,COC1OC(=O)OC1C,-496.2126295,0.097494,0.140808,381.417624,-0.29044,0.01627,-496.4058633,-496.1151355,-496.0718215,8.342512,Gaussian,QC,"opt+freq: b3lyp/6-311G** em=gd3bj
energy: M062X/6-311G+(2d, p) em=gd3"
1390,electrolyte1392,CC(C)C1COC(=O)O1,-460.3052332,0.120219,0.164179,387.112048,-0.29903,0.01806,-460.5033955,-460.1850142,-460.1410542,8.624848,Gaussian,QC,"opt+freq: b3lyp/6-311G** em=gd3bj
energy: M062X/6-311G+(2d, p) em=gd3"
1391,electrolyte1393,CC1(C)COC(=O)OC1,-460.297306,0.120207,0.163883,384.605832,-0.28754,0.01205,-460.495661,-460.177099,-460.133423,8.148848000000001,Gaussian,QC,"opt+freq: b3lyp/6-311G** em=gd3bj
energy: M062X/6-311G+(2d, p) em=gd3"
1392,electrolyte1394,CCCC1COC(=O)O1,-460.3006608,0.120282,0.16469,391.05756,-0.30002,0.01923,-460.4996794,-460.1803788,-460.1359708,8.6836,Gaussian,QC,"opt+freq: b3lyp/6-311G** em=gd3bj
energy: M062X/6-311G+(2d, p) em=gd3"
1393,electrolyte1395,CCC1COC(=O)OC1,-460.292713,0.11998,0.164749,394.233216,-0.28664,0.0163,-460.4916991,-460.172733,-460.127964,8.239968,Gaussian,QC,"opt+freq: b3lyp/6-311G** em=gd3bj
energy: M062X/6-311G+(2d, p) em=gd3"
1394,electrolyte1396,COCC1COC(=O)O1,-496.2003139,0.096631,0.141149,392.028248,-0.28318,0.02174,-496.3932205,-496.1036829,-496.0591649,8.293823999999999,Gaussian,QC,"opt+freq: b3lyp/6-311G** em=gd3bj
energy: M062X/6-311G+(2d, p) em=gd3"
1395,electrolyte1397,COC1COC(=O)OC1,-496.1886688,0.096146,0.141237,397.069968,-0.28667,0.01893,-496.3822758,-496.0925228,-496.0474318,8.31232,Gaussian,QC,"opt+freq: b3lyp/6-311G** em=gd3bj
energy: M062X/6-311G+(2d, p) em=gd3"
1396,electrolyte1398,COC1OCOC(=O)O1,-532.1211026,0.074712,0.11799,381.09964,-0.29816,0.02257,-532.3087222,-532.0463906,-532.0031126,8.723855999999998,Gaussian,QC,"opt+freq: b3lyp/6-311G** em=gd3bj
energy: M062X/6-311G+(2d, p) em=gd3"
1397,electrolyte1399,CCOC1COC(=O)O1,-496.2089713,0.098117,0.141277,380.066192,-0.29242,0.01974,-496.4028317,-496.1108543,-496.0676943,8.490751999999999,Gaussian,QC,"opt+freq: b3lyp/6-311G** em=gd3bj
energy: M062X/6-311G+(2d, p) em=gd3"
