id,Dimer_Name,Dimer_SMILES,Component_Name_A,Component_SMILES_A,Component_Name_B,Component_SMILES_B,Component_A_Energy_Hatree,Component_B_Energy_Hatree,Component_A_Thermal_correction_to_Gibbs_Free_Energy_Hatree,Component_B_Thermal_correction_to_Gibbs_Free_Energy_Hatree,Component_A_Thermal_correction_to_Enthalpy_Hatree,Component_B_Thermal_correction_to_Enthalpy_Hatree,Component_A_Entropy_J_mol_K,Component_B_Entropy_J_mol_K,Component_A_HOMO_Hatree,Component_B_HOMO_Hatree,Component_A_Dipole_Debye,Component_B_Dipole_Debye,Component_A_LUMO_Hatree,Component_B_LUMO_Hatree,Component_A_Gibbs_Free_Energy_Hatree,Component_A_Enthalpy_Hatree,Component_B_Gibbs_Free_Energy_Hatree,Component_B_Enthalpy_Hatree,Dimer_Energy_Hatree,Dimer_Thermal_correction_to_Gibbs_Free_Energy_Hatree,Dimer_Thermal_correction_to_Enthalpy_Hatree,Dimer_Entropy_J_mol_K,Dimer_HOMO_Hatree,Dimer_Dipole_Debye,Dimer_LUMO_Hatree,Dimer_Gibbs_Free_Energy_Hatree,Dimer_Enthalpy_Hatree,Binding_energy_kJ_mol,Software,Theory_Level,Source
499,Li+_bis(trifluoromethylsulfonyl)imide,O=S(=O)([N-]S(=O)(=O)C(F)(F)F)C(F)(F)F.[Li+],Li+,[Li+],bis(trifluoromethylsulfonyl)imide,O=S(=O)([N-]S(=O)(=O)C(F)(F)F)C(F)(F)F,-7.2811983,-1827.300096,-0.012748,0.007679,0.00236,0.06695,133.042832,521.945632,-2.3488,-0.15011,-7.2849058,-1827.6026494,-0.25486,0.161,-7.2939463,-7.278838299999999,-1827.292417,-1827.233146,-1834.8059179,0.00961,0.07103,540.861496,-0.31757,-1835.1280136,-0.05075,-1834.7963079,-1834.7348879,-589.7492618002266,Gaussian,"opt+freq: b3lyp/6-311G** em=gd3bj
energy: M062X/6-311G+(2d, p) em=gd3",QC
500,Li+_diethyl-phosphate,CCOP(=O)([O-])OCC.[Li+],Li+,[Li+],diethyl-phosphate,CCOP(=O)([O-])OCC,-7.2811983,-800.8282504,-0.012748,0.107688,0.00236,0.157286,133.042832,436.763576,-2.3488,-0.07332,-7.2849058,-801.0365467,-0.25486,0.16836,-7.2939463,-7.278838299999999,-800.7205624,-800.6709644,-808.3625366,0.107736,0.162057,478.348352,-0.25967,-808.5864152,-0.04353,-808.2548006,-808.2004796,-664.4822814499175,Gaussian,"opt+freq: b3lyp/6-311G** em=gd3bj
energy: M062X/6-311G+(2d, p) em=gd3",QC
501,Li+_ethyl-sulfate,CCOS(=O)(=O)[O-].[Li+],Li+,[Li+],ethyl-sulfate,CCOS(=O)(=O)[O-],-7.2811983,-778.3321631,-0.012748,0.047795,0.00236,0.088931,133.042832,362.238168,-2.3488,-0.07903,-7.2849058,-778.4758512,-0.25486,0.17326,-7.2939463,-7.278838299999999,-778.2843681,-778.2432321,-785.8560465,0.049903,0.093156,380.8862560000001,-0.28707,-786.0113472,-0.05243,-785.8061435000001,-785.7628905,-637.1697300500446,Gaussian,"opt+freq: b3lyp/6-311G** em=gd3bj
energy: M062X/6-311G+(2d, p) em=gd3",QC
502,Li+_bis(2-ethylhexyl)phosphate,CCCCC(CC)COP(=O)([O-])OCC(CC)CCCC.[Li+],Li+,[Li+],bis(2-ethylhexyl)phosphate,CCCCC(CC)COP(=O)([O-])OCC(CC)CCCC,-7.2811983,-1272.4908082,-0.012748,0.416921,0.00236,0.504171,133.042832,768.3162880000001,-2.3488,-0.09528,-7.2849058,-1272.9959659,-0.25486,0.11817,-7.2939463,-7.278838299999999,-1272.0738872,-1271.9866372,-1280.0203929,0.419352,0.509025,789.6546880000001,-0.25142,-1280.5393512,-0.03629,-1279.6010409,-1279.5113679,-652.1384932001895,Gaussian,"opt+freq: b3lyp/6-311G** em=gd3bj
energy: M062X/6-311G+(2d, p) em=gd3",QC
503,Li+_dibutylphosphate,CCCCOP(=O)([O-])OCCCC.[Li+],Li+,[Li+],dibutylphosphate,CCCCOP(=O)([O-])OCCCC,-7.2811983,-958.0531178,-0.012748,0.210993,0.00236,0.273031,133.042832,546.30488,-2.3488,-0.08989,-7.2849058,-958.3618981,-0.25486,0.15418,-7.2939463,-7.278838299999999,-957.8421248,-957.7800868,-965.5835471,0.21597,0.278039,546.5726559999999,-0.26647,-965.9082153,-0.04231,-965.3675771000001,-965.3055081,-654.3559905000233,Gaussian,"opt+freq: b3lyp/6-311G** em=gd3bj
energy: M062X/6-311G+(2d, p) em=gd3",QC
504,Li+_bis(pentafluoroethylsulfonyl)imide,O=S(=O)([N-]S(=O)(=O)C(F)(F)C(F)(F)F)C(F)(F)C(F)(F)F.[Li+],Li+,[Li+],bis(pentafluoroethylsulfonyl)imide,O=S(=O)([N-]S(=O)(=O)C(F)(F)C(F)(F)F)C(F)(F)C(F)(F)F,-7.2811983,-2302.891743,-0.012748,0.023205,0.00236,0.096268,133.042832,643.3862320000001,-2.3488,-0.1565,-7.2849058,-2303.321564,-0.25486,0.1239,-7.2939463,-7.278838299999999,-2302.868538,-2302.795475,-2310.3969183,0.026255,0.100213,651.2688880000001,-0.32201,-2310.8481406,-0.04634,-2310.3706633,-2310.2967053,-588.0516134990803,Gaussian,"opt+freq: b3lyp/6-311G** em=gd3bj
energy: M062X/6-311G+(2d, p) em=gd3",QC
505,Li+_dodecylbenzenesulfonate,CCCCCCCCCCCCc1ccc(S(=O)(=O)[O-])cc1.[Li+],Li+,[Li+],dodecylbenzenesulfonate,CCCCCCCCCCCCc1ccc(S(=O)(=O)[O-])cc1,-7.2811983,-1327.1752989,-0.012748,0.370785,0.00236,0.455777,133.042832,748.4381040000001,-2.3488,-0.07722,-7.2849058,-1327.6527174,-0.25486,0.08129,-7.2939463,-7.278838299999999,-1326.8045139,-1326.7195219,0.0,0.0,0.0,0.0,0.0,0.0,0.0,0.0,0.0,0.0,Gaussian,"opt+freq: b3lyp/6-311G** em=gd3bj
energy: M062X/6-311G+(2d, p) em=gd3",QC
506,Li+_Anionname12,Cc1cccc(Nc2ccccc2C(=O)[O-])c1C.[Li+],Li+,[Li+],Anionname12,Cc1cccc(Nc2ccccc2C(=O)[O-])c1C,-7.2811983,-785.2358447,-0.012748,0.201107,0.00236,0.262333,133.042832,539.15024,-2.3488,-0.06512,-7.2849058,-785.587276,-0.25486,0.0933,-7.2939463,-7.278838299999999,-785.0347377,-784.9735117,-792.7730686,0.206394,0.268005,542.543464,-0.20835,-793.1382854,-0.02732,-792.5666745999999,-792.5050636,-672.195212799816,Gaussian,"opt+freq: b3lyp/6-311G** em=gd3bj
energy: M062X/6-311G+(2d, p) em=gd3",QC
507,Li+_Anionname14,O=S(=O)([N-]S(=O)(=O)C(F)(F)C(F)(F)C(F)(F)C(F)(F)F)C(F)(F)C(F)(F)C(F)(F)C(F)(F)F.[Li+],Li+,[Li+],Anionname14,O=S(=O)([N-]S(=O)(=O)C(F)(F)C(F)(F)C(F)(F)C(F)(F)F)C(F)(F)C(F)(F)C(F)(F)C(F)(F)F,-7.2811983,-3254.0611188,-0.012748,0.053881,0.00236,0.154859,133.042832,889.2046,-2.3488,-0.15542,-7.2849058,-3254.7447177,-0.25486,0.09258,-7.2939463,-7.278838299999999,-3254.0072378,-3253.9062598,-2704.3472612,0.025676,0.103421,684.619552,-0.30401,-2704.8243997,-0.05987,-2704.3215852,-2704.2438402,0.0,Gaussian,"opt+freq: b3lyp/6-311G** em=gd3bj
energy: M062X/6-311G+(2d, p) em=gd3",QC
508,Li+_Anionname16,O=S(=O)([O-])NC1CCCCC1.[Li+],Li+,[Li+],Anionname16,O=S(=O)([O-])NC1CCCCC1,-7.2811983,-914.4841945,-0.012748,0.146319,0.00236,0.195347,133.042832,431.738592,-2.3488,-0.07335,-7.2849058,-914.7146457,-0.25486,0.13532,-7.2939463,-7.278838299999999,-914.3378755,-914.2888475,-417.6509148,0.023544,0.065011,365.1586,-0.24387,-417.8058688,-0.06768,-417.6273708,-417.5859038,0.0,Gaussian,"opt+freq: b3lyp/6-311G** em=gd3bj
energy: M062X/6-311G+(2d, p) em=gd3",QC
509,Li+_Anionname20,N[C@H](Cc1ccccc1)C(=O)[O-].[Li+],Li+,[Li+],Anionname20,N[C@H](Cc1ccccc1)C(=O)[O-],-7.2811983,-554.1934889,-0.012748,0.131759,0.00236,0.181987,133.042832,442.307376,-2.3488,-0.04181,-7.2849058,-554.4271186,-0.25486,0.08934,-7.2939463,-7.278838299999999,-554.0617299,-554.0115019,0.0,0.0,0.0,0.0,0.0,0.0,0.0,0.0,0.0,0.0,Gaussian,"opt+freq: b3lyp/6-311G** em=gd3bj
energy: M062X/6-311G+(2d, p) em=gd3",QC
510,Li+_Anionname21,CCCCCCCCCCCCOS(=O)(=O)[O-].[Li+],Li+,[Li+],Anionname21,CCCCCCCCCCCCOS(=O)(=O)[O-],-7.2811983,-1171.3794474,-0.012748,0.305794,0.00236,0.378523,133.042832,640.453248,-2.3488,-0.0904,-7.2849058,-1171.7675671,-0.25486,0.09797,-7.2939463,-7.278838299999999,-1171.0736534,-1171.0009244,-768.3494178,-0.012387,0.02288,310.565768,-0.31364,-768.4426117,-0.06284,-768.3618048,-768.3265378,0.0,Gaussian,"opt+freq: b3lyp/6-311G** em=gd3bj
energy: M062X/6-311G+(2d, p) em=gd3",QC
511,Li+_Anionname25,Cc1cc(Cl)ccc1OCC(=O)[O-].[Li+],Li+,[Li+],Anionname25,Cc1cc(Cl)ccc1OCC(=O)[O-],-7.2811983,-1033.6589893,-0.012748,0.106599,0.00236,0.16052,133.042832,474.833792,-2.3488,-0.05344,-7.2849058,-1033.9169754,-0.25486,0.10485,-7.2939463,-7.278838299999999,-1033.5523903,-1033.4984693,-467.7958,-0.019294,0.004861,212.702008,-0.25699,-467.8345477,-0.06213,-467.815094,-467.790939,0.0,Gaussian,"opt+freq: b3lyp/6-311G** em=gd3bj
energy: M062X/6-311G+(2d, p) em=gd3",QC
512,Li+_Anionname27,N=C(N)NCCC[C@H](N)C(=O)[O-].[Li+],Li+,[Li+],Anionname27,N=C(N)NCCC[C@H](N)C(=O)[O-],-7.2811983,-605.9507311,-0.012748,0.163501,0.00236,0.217478,133.042832,475.327504,-2.3488,-0.0686,-7.2849058,-606.2052445,-0.25486,0.15054,-7.2939463,-7.278838299999999,-605.7872301,-605.7332531,-314.6759376,0.071958,0.114179,371.802792,-0.2574,-314.8216391,-0.03701,-314.6039796,-314.5617586,0.0,Gaussian,"opt+freq: b3lyp/6-311G** em=gd3bj
energy: M062X/6-311G+(2d, p) em=gd3",QC
513,Li+_Anionname29,CC(=O)Oc1ccccc1C(=O)[O-].[Li+],Li+,[Li+],Anionname29,CC(=O)Oc1ccccc1C(=O)[O-],-7.2811983,-648.1087054,-0.012748,0.09996,0.00236,0.151056,133.042832,449.955728,-2.3488,-0.06029,-7.2849058,-648.3585974,-0.25486,0.11093,-7.2939463,-7.278838299999999,-648.0087454,-647.9576493999999,-655.6463193,0.102211,0.155906,472.842208,-0.22221,-655.9156853,-0.04213,-655.5441083,-655.4904133,-673.2191577999172,Gaussian,"opt+freq: b3lyp/6-311G** em=gd3bj
energy: M062X/6-311G+(2d, p) em=gd3",QC
514,Li+_Anionname31,O=C([O-])c1ccccc1.[Li+],Li+,[Li+],Anionname31,O=C([O-])c1ccccc1,-7.2811983,-420.2341981,-0.012748,0.066349,0.00236,0.106392,133.042832,352.610784,-2.3488,-0.03942,-7.2849058,-420.4002711,-0.25486,0.12435,-7.2939463,-7.278838299999999,-420.1678491,-420.1278061,-385.318203,0.005155,0.045321,353.7028080000001,-0.26641,-385.448277,-0.04635,-385.313048,-385.272882,0.0,Gaussian,"opt+freq: b3lyp/6-311G** em=gd3bj
energy: M062X/6-311G+(2d, p) em=gd3",QC
515,Li+_Anionname33,CCCCCCCCOS(=O)(=O)[O-].[Li+],Li+,[Li+],Anionname33,CCCCCCCCOS(=O)(=O)[O-],-7.2811983,-1014.1611032,-0.012748,0.20261,0.00236,0.262579,133.042832,528.08356,-2.3488,-0.08968,-7.2849058,-1014.4526982,-0.25486,0.12203,-7.2939463,-7.278838299999999,-1013.9584932,-1013.8985242,-1021.6961101,0.207516,0.267253,526.037584,-0.28377,-1021.9994462,-0.02905,-1021.4885941,-1021.4288571,-666.3744793001847,Gaussian,"opt+freq: b3lyp/6-311G** em=gd3bj
energy: M062X/6-311G+(2d, p) em=gd3",QC
516,Li+_Anionname37,CCCCCCCC/C=C\CCCCCCCC(=O)[O-].[Li+],Li+,[Li+],Anionname37,CCCCCCCC/C=C\CCCCCCCC(=O)[O-],-7.2811983,-856.1565344,-0.012748,0.406358,0.00236,0.491886,133.042832,753.16184,-2.3488,-0.02988,-7.2849058,-856.6175001,-0.25486,0.07666,-7.2939463,-7.278838299999999,-855.7501764000001,-855.6646484,0.0,0.0,0.0,0.0,0.0,0.0,0.0,0.0,0.0,0.0,Gaussian,"opt+freq: b3lyp/6-311G** em=gd3bj
energy: M062X/6-311G+(2d, p) em=gd3",QC
517,Li+_Anionname39,O=C([O-])c1ccccc1O.[Li+],Li+,[Li+],Anionname39,O=C([O-])c1ccccc1O,-7.2811983,-495.4477547,-0.012748,0.066962,0.00236,0.111396,133.042832,391.28768,-2.3488,-0.03037,-7.2849058,-495.6318828,-0.25486,0.12347,-7.2939463,-7.278838299999999,-495.3807927,-495.3363587,-502.9971205,0.071217,0.116478,398.572024,-0.22328,-503.2030568,-0.04913,-502.9259035,-502.8806425,-704.0737712500109,Gaussian,"opt+freq: b3lyp/6-311G** em=gd3bj
energy: M062X/6-311G+(2d, p) em=gd3",QC
518,Li+_Anionname41,CO[C@H](C(=O)[O-])c1ccccc1.[Li+],Li+,[Li+],Anionname41,CO[C@H](C(=O)[O-])c1ccccc1,-7.2811983,-574.0431753,-0.012748,0.118498,0.00236,0.169266,133.042832,447.064584,-2.3488,-0.04115,-7.2849058,-574.2789572,-0.25486,0.10564,-7.2939463,-7.278838299999999,-573.9246773,-573.8739093,-581.5892226,0.121843,0.173955,458.90112,-0.22175,-581.8449431,-0.04511,-581.4673796,-581.4152676,-695.3610494997712,Gaussian,"opt+freq: b3lyp/6-311G** em=gd3bj
energy: M062X/6-311G+(2d, p) em=gd3",QC
519,Li+_Anionname42,O=C([O-])c1cccnc1.[Li+],Li+,[Li+],Anionname42,O=C([O-])c1cccnc1,-7.2811983,-436.280275,-0.012748,0.055258,0.00236,0.095156,133.042832,351.338848,-2.3488,-0.0475,-7.2849058,-436.443037,-0.25486,0.10894,-7.2939463,-7.278838299999999,-436.225017,-436.185119,-249.1424046,0.019409,0.052898,294.905056,-0.20441,-249.2393798,-0.03753,-249.1229956,-249.0895066,0.0,Gaussian,"opt+freq: b3lyp/6-311G** em=gd3bj
energy: M062X/6-311G+(2d, p) em=gd3",QC
520,Li+_Anionname43,CC(F)(F)S(=O)(=O)[N-]S(=O)(=O)C(F)(F)F.[Li+],Li+,[Li+],Anionname43,CC(F)(F)S(=O)(=O)[N-]S(=O)(=O)C(F)(F)F,-7.2811983,-1767.358586,-0.012748,0.041753,0.00236,0.102133,133.042832,531.70272,-2.3488,-0.14075,-7.2849058,-1767.6668128,-0.25486,0.14833,-7.2939463,-7.278838299999999,-1767.316833,-1767.256453,-1774.8739277,0.044595,0.106017,540.882416,-0.3061,-1775.2017605,-0.0417,-1774.8293327,-1774.7679107,-614.7434966999831,Gaussian,"opt+freq: b3lyp/6-311G** em=gd3bj
energy: M062X/6-311G+(2d, p) em=gd3",QC
521,Li+_Anionname44,COC(=O)C(=O)[O-].[Li+],Li+,[Li+],Anionname44,COC(=O)C(=O)[O-],-7.2811983,-417.0706928,-0.012748,0.028126,0.00236,0.069235,133.042832,362.012232,-2.3488,-0.03796,-7.2849058,-417.2067814,-0.25486,0.17,-7.2939463,-7.278838299999999,-417.0425668,-417.0014578,-171.741865,-0.005481,0.017761,204.664544,-0.20777,-171.8112731,-0.06426,-171.747346,-171.724104,0.0,Gaussian,"opt+freq: b3lyp/6-311G** em=gd3bj
energy: M062X/6-311G+(2d, p) em=gd3",QC
522,Li+_Anionname47,N#Cc1nc(C(F)(F)F)[n-]c1C#N.[Li+],Li+,[Li+],Anionname47,N#Cc1nc(C(F)(F)F)[n-]c1C#N,-7.2811983,-747.2327407,-0.012748,0.019048,0.00236,0.069523,133.042832,444.483056,-2.3488,-0.1093,-7.2849058,-747.4561757,-0.25486,0.088,-7.2939463,-7.278838299999999,-747.2136927,-747.1632177,-1091.6297257,-0.014566,0.022586,327.159512,-0.31554,-1091.737905,-0.07939,-1091.6442917,-1091.6071397,-885097.4979808504,Gaussian,"opt+freq: b3lyp/6-311G** em=gd3bj
energy: M062X/6-311G+(2d, p) em=gd3",QC
523,Li+_Anionname50,O=C([O-])C=Cc1ccccc1.[Li+],Li+,[Li+],Anionname50,O=C([O-])C=Cc1ccccc1,-7.2811983,-497.6189036,-0.012748,0.093669,0.00236,0.140792,133.042832,414.9565680000001,-2.3488,-0.03788,-7.2849058,-497.8254755,-0.25486,0.07659,-7.2939463,-7.278838299999999,-497.5252346,-497.4781116,-324.1601764,-0.000871,0.041229,370.731688,-0.21491,-324.2803901,-0.09122,-324.1610474,-324.1189474,0.0,Gaussian,"opt+freq: b3lyp/6-311G** em=gd3bj
energy: M062X/6-311G+(2d, p) em=gd3",QC
524,Li+_Anionname53,CCCCCCOC(=O)CC(C(=O)OCCCCCC)C(C(=O)OCCCCCC)S(=O)(=O)[O-].[Li+],Li+,[Li+],Anionname53,CCCCCCOC(=O)CC(C(=O)OCCCCCC)C(C(=O)OCCCCCC)S(=O)(=O)[O-],-7.2811983,-2015.6138228,-0.012748,0.563636,0.00236,0.684679,133.042832,1065.89492,-2.3488,-0.11079,-7.2849058,-2016.3830027,-0.25486,0.08379,-7.2939463,-7.278838299999999,-2015.0501868,-2014.9291438,-271.9916286,6.1e-05,0.033309,292.7754,-0.26715,-272.086225,-0.04868,-271.9915676,-271.9583196,0.0,Gaussian,"opt+freq: b3lyp/6-311G** em=gd3bj
energy: M062X/6-311G+(2d, p) em=gd3",QC
525,Li+_Anionname54,CCCCC(CC)COC(=O)CC(C(=O)OCC(CC)CCCC)S(=O)(=O)[O-].[Li+],Li+,[Li+],Anionname54,CCCCC(CC)COC(=O)CC(C(=O)OCC(CC)CCCC)S(=O)(=O)[O-],-7.2811983,-1709.1318676,-0.012748,0.476459,0.00236,0.580011,133.042832,911.8735120000001,-2.3488,-0.09366,-7.2849058,-1709.7644741,-0.25486,0.08845,-7.2939463,-7.278838299999999,-1708.6554086,-1708.5518566,-1716.6459589,0.479632,0.584579,924.16192,-0.2833,-1717.2960511,-0.03729,-1716.1663269,-1716.0613799,-611.4605715002723,Gaussian,"opt+freq: b3lyp/6-311G** em=gd3bj
energy: M062X/6-311G+(2d, p) em=gd3",QC
526,Li+_Anionname60,O=C([O-])C1([N+](=O)[O-])N=CN=N1.[Li+],Li+,[Li+],Anionname60,O=C([O-])C1([N+](=O)[O-])N=CN=N1,-7.2811983,-634.7845131,-0.012748,0.020585,0.00236,0.07016,133.042832,436.5585600000001,-2.3488,-0.09936,-7.2849058,-634.9938313,-0.25486,0.06894,-7.2939463,-7.278838299999999,-634.7639281,-634.7143531,-642.3080906,0.022717,0.07452,456.168968,-0.26819,-642.5399562,-0.11138,-642.2853736000001,-642.2335706,-636.3665895998934,Gaussian,"opt+freq: b3lyp/6-311G** em=gd3bj
energy: M062X/6-311G+(2d, p) em=gd3",QC
527,Li+_Anionname62,O=S(=O)([O-])OCC(F)(F)F.[Li+],Li+,[Li+],Anionname62,O=S(=O)([O-])OCC(F)(F)F,-7.2811983,-1076.0972507,-0.012748,0.020737,0.00236,0.068651,133.042832,421.922928,-2.3488,-0.09719,-7.2849058,-1076.29736,-0.25486,0.1901,-7.2939463,-7.278838299999999,-1076.0765137,-1076.0285997,-437.6321657,0.028378,0.068491,353.2342,-0.24761,-437.7982888,-0.10278,-437.6037877,-437.5636747,0.0,Gaussian,"opt+freq: b3lyp/6-311G** em=gd3bj
energy: M062X/6-311G+(2d, p) em=gd3",QC
528,Li+_Anionname66,O=S(=O)([O-])OCC(F)(F)C(F)F.[Li+],Li+,[Li+],Anionname66,O=S(=O)([O-])OCC(F)(F)C(F)F,-7.2811983,-1214.6312877,-0.012748,0.037371,0.00236,0.090825,133.042832,470.72092,-2.3488,-0.09505,-7.2849058,-1214.8758664,-0.25486,0.14732,-7.2939463,-7.278838299999999,-1214.5939167,-1214.5404627,-1222.1509492,0.041943,0.094747,464.98884,-0.29926,-1222.4135383,-0.04006,-1222.1090062,-1222.0562022,-626.0851316001819,Gaussian,"opt+freq: b3lyp/6-311G** em=gd3bj
energy: M062X/6-311G+(2d, p) em=gd3",QC
529,Li+_Anionname69,O=S(=O)([O-])OCCCC(F)(F)C(F)(F)F.[Li+],Li+,[Li+],Anionname69,O=S(=O)([O-])OCCCC(F)(F)C(F)(F)F,-7.2811983,-1392.5059244,-0.012748,0.082202,0.00236,0.141491,133.042832,522.096256,-2.3488,-0.09886,-7.2849058,-1392.8195313,-0.25486,0.15936,-7.2939463,-7.278838299999999,-1392.4237224,-1392.3644334,-1400.0210843,0.083292,0.145796,550.401016,-0.2959,-1400.3459656,-0.05289,-1399.9377923,-1399.8752883,-614.2661808004121,Gaussian,"opt+freq: b3lyp/6-311G** em=gd3bj
energy: M062X/6-311G+(2d, p) em=gd3",QC
530,Li+_Anionname70,CCCCOS(=O)(=O)[O-].[Li+],Li+,[Li+],Anionname70,CCCCOS(=O)(=O)[O-],-7.2811983,-856.9419467,-0.012748,0.099878,0.00236,0.146733,133.042832,412.6009760000001,-2.3488,-0.08662,-7.2849058,-857.1368296,-0.25486,0.15771,-7.2939463,-7.278838299999999,-856.8420687,-856.7952137,-864.4659587,0.103111,0.151107,422.655128,-0.28286,-864.6724883,-0.04399,-864.3628477,-864.3148517,-637.5073693498488,Gaussian,"opt+freq: b3lyp/6-311G** em=gd3bj
energy: M062X/6-311G+(2d, p) em=gd3",QC
531,Li+_Anionname71,FC(F)(F)c1cc([B-](c2cc(C(F)(F)F)cc(C(F)(F)F)c2)(c2cc(C(F)(F)F)cc(C(F)(F)F)c2)c2cc(C(F)(F)F)cc(C(F)(F)F)c2)cc(C(F)(F)F)c1.[Li+],Li+,[Li+],Anionname71,FC(F)(F)c1cc([B-](c2cc(C(F)(F)F)cc(C(F)(F)F)c2)(c2cc(C(F)(F)F)cc(C(F)(F)F)c2)c2cc(C(F)(F)F)cc(C(F)(F)F)c2)cc(C(F)(F)F)c1,-7.2811983,-3647.9459631,-0.012748,0.282521,0.00236,0.441358,133.042832,1398.719568,-2.3488,-0.1741,-7.2849058,-3649.0950325,-0.25486,0.02035,-7.2939463,-7.278838299999999,-3647.6634421,-3647.5046051,0.0,0.0,0.0,0.0,0.0,0.0,0.0,0.0,0.0,0.0,Gaussian,"opt+freq: b3lyp/6-311G** em=gd3bj
energy: M062X/6-311G+(2d, p) em=gd3",QC
532,Li+_Anionname73,O=C([O-])c1nnn[nH]1.[Li+],Li+,[Li+],Anionname73,O=C([O-])c1nnn[nH]1,-7.2811983,-446.2844591,-0.012748,0.016493,0.00236,0.054353,133.042832,333.389488,-2.3488,-0.07047,-7.2849058,-446.4211919,-0.25486,0.1238,-7.2939463,-7.278838299999999,-446.2679661,-446.2301061,-533.7939397,-0.004888,0.035765,357.991408,-0.26247,-533.9557978,-0.05762,-533.7988277000001,-533.7581747,-210639.35517865,Gaussian,"opt+freq: b3lyp/6-311G** em=gd3bj
energy: M062X/6-311G+(2d, p) em=gd3",QC
533,Li+_Anionname74,O=C([O-])c1c([N+](=O)[O-])ccc2[nH]nnc12.[Li+],Li+,[Li+],Anionname74,O=C([O-])c1c([N+](=O)[O-])ccc2[nH]nnc12,-7.2811983,-788.3449736,-0.012748,0.064929,0.00236,0.117656,133.042832,464.3194,-2.3488,-0.07144,-7.2849058,-788.6237487,-0.25486,0.04255,-7.2939463,-7.278838299999999,-788.2800446,-788.2273176,0.0,0.0,0.0,0.0,0.0,0.0,0.0,0.0,0.0,0.0,Gaussian,"opt+freq: b3lyp/6-311G** em=gd3bj
energy: M062X/6-311G+(2d, p) em=gd3",QC
534,Li+_Anionname76,O=S(=O)([N-]S(=O)(=O)C(F)(F)C(F)(F)C(F)(F)F)C(F)(F)C(F)(F)C(F)(F)F.[Li+],Li+,[Li+],Anionname76,O=S(=O)([N-]S(=O)(=O)C(F)(F)C(F)(F)C(F)(F)F)C(F)(F)C(F)(F)C(F)(F)F,-7.2811983,-2778.4767836,-0.012748,0.039128,0.00236,0.125584,133.042832,761.32064,-2.3488,-0.15994,-7.2849058,-2779.0342977,-0.25486,0.11118,-7.2939463,-7.278838299999999,-2778.4376556,-2778.3511996,0.0,0.0,0.0,0.0,0.0,0.0,0.0,0.0,0.0,0.0,Gaussian,"opt+freq: b3lyp/6-311G** em=gd3bj
energy: M062X/6-311G+(2d, p) em=gd3",QC
535,Li+_Anionname77,O=C([O-])c1ccncc1.[Li+],Li+,[Li+],Anionname77,O=C([O-])c1ccncc1,-7.2811983,-436.2824372,-0.012748,0.055228,0.00236,0.095159,133.042832,351.631728,-2.3488,-0.05068,-7.2849058,-436.4453165,-0.25486,0.1053,-7.2939463,-7.278838299999999,-436.2272092,-436.1872782,-83.3739524,-0.002365,0.016029,161.98356,-0.21358,-83.4078626,-0.04365,-83.37631739999999,-83.35792339999999,0.0,Gaussian,"opt+freq: b3lyp/6-311G** em=gd3bj
energy: M062X/6-311G+(2d, p) em=gd3",QC
536,Li+_Anionname78,CCCCCOS(=O)(=O)[O-].[Li+],Li+,[Li+],Anionname78,CCCCCOS(=O)(=O)[O-],-7.2811983,-896.2467936,-0.012748,0.125458,0.00236,0.175656,133.042832,442.0396000000001,-2.3488,-0.08785,-7.2849058,-896.4659647,-0.25486,0.14665,-7.2939463,-7.278838299999999,-896.1213356000001,-896.0711376,-903.7703918,0.128573,0.180114,453.876136,-0.28216,-904.0017619,-0.04321,-903.6418188,-903.5902778,-636.4209374497264,Gaussian,"opt+freq: b3lyp/6-311G** em=gd3bj
energy: M062X/6-311G+(2d, p) em=gd3",QC
537,Li+_Anionname84,O=S(=O)([O-])OCC(F)(F)C(F)(F)C(F)(F)C(F)F.[Li+],Li+,[Li+],Anionname84,O=S(=O)([O-])OCC(F)(F)C(F)(F)C(F)(F)C(F)F,-7.2811983,-1690.2182472,-0.012748,0.052252,0.00236,0.12007,133.042832,597.20324,-2.3488,-0.0997,-7.2849058,-1690.5886415,-0.25486,0.10928,-7.2939463,-7.278838299999999,-1690.1659952,-1690.0981772,-575.908655,0.004077,0.039897,315.423392,-0.27804,-576.008797,-0.03709,-575.9045779999999,-575.868758,0.0,Gaussian,"opt+freq: b3lyp/6-311G** em=gd3bj
energy: M062X/6-311G+(2d, p) em=gd3",QC
538,Li+_Anionname86,O=C([O-])c1ccccc1C(=O)O.[Li+],Li+,[Li+],Anionname86,O=C([O-])c1ccccc1C(=O)O,-7.2811983,-608.8113835,-0.012748,0.076175,0.00236,0.123476,133.042832,416.533936,-2.3488,-0.06022,-7.2849058,-609.0363762,-0.25486,0.10669,-7.2939463,-7.278838299999999,-608.7352085,-608.6879075,-616.3483652,0.078536,0.128286,438.102456,-0.24435,-616.5922226,-0.0714,-616.2698292,-616.2200792,-671.5593166998096,Gaussian,"opt+freq: b3lyp/6-311G** em=gd3bj
energy: M062X/6-311G+(2d, p) em=gd3",QC
539,Li+_Anionname87,COC(=O)[O-].[Li+],Li+,[Li+],Anionname87,COC(=O)[O-],-7.2811983,-303.7403045,-0.012748,0.022554,0.00236,0.057535,133.042832,308.042816,-2.3488,-0.02753,-7.2849058,-303.8386036,-0.25486,0.20525,-7.2939463,-7.278838299999999,-303.7177505,-303.6827695,0.0,0.0,0.0,0.0,0.0,0.0,0.0,0.0,0.0,0.0,Gaussian,"opt+freq: b3lyp/6-311G** em=gd3bj
energy: M062X/6-311G+(2d, p) em=gd3",QC
540,Li+_Anionname90,O=C([O-])/C=C\C(=O)O.[Li+],Li+,[Li+],Anionname90,O=C([O-])/C=C\C(=O)O,-7.2811983,-455.1682371,-0.012748,0.032568,0.00236,0.075255,133.042832,375.898928,-2.3488,-0.0494,-7.2849058,-455.322193,-0.25486,0.10628,-7.2939463,-7.278838299999999,-455.1356691,-455.0929821,-462.6990509,0.0359,0.07979,386.492816,-0.24108,-462.8775408,-0.07592,-462.6631508999999,-462.6192609,-655.3654952498624,Gaussian,"opt+freq: b3lyp/6-311G** em=gd3bj
energy: M062X/6-311G+(2d, p) em=gd3",QC
541,Li+_Anionname93,O=C([O-])C1([N+](=O)[O-])N=NN=N1.[Li+],Li+,[Li+],Anionname93,O=C([O-])C1([N+](=O)[O-])N=NN=N1,-7.2811983,-650.8021327,-0.012748,0.008388,0.00236,0.058156,133.042832,438.257264,-2.3488,-0.11988,-7.2849058,-651.0105126,-0.25486,0.05287,-7.2939463,-7.278838299999999,-650.7937447,-650.7439767,-658.2262883,0.00883,0.059363,444.993504,-0.24945,-658.4558805,-0.09922,-658.2174583,-658.1669253,-375.3343911497923,Gaussian,"opt+freq: b3lyp/6-311G** em=gd3bj
energy: M062X/6-311G+(2d, p) em=gd3",QC
542,Li+_Anionname96,FC(F)(F)C(O[B-](OC(C(F)(F)F)C(F)(F)F)(OC(C(F)(F)F)C(F)(F)F)OC(C(F)(F)F)C(F)(F)F)C(F)(F)F.[Li+],Li+,[Li+],Anionname96,FC(F)(F)C(O[B-](OC(C(F)(F)F)C(F)(F)F)(OC(C(F)(F)F)C(F)(F)F)OC(C(F)(F)F)C(F)(F)F)C(F)(F)F,-7.2811983,0.0,-0.012748,0.0,0.00236,0.0,133.042832,0.0,-2.3488,0.0,-7.2849058,0.0,-0.25486,0.0,-7.2939463,-7.278838299999999,0.0,0.0,0.0,0.0,0.0,0.0,0.0,0.0,0.0,0.0,0.0,0.0,Gaussian,"opt+freq: b3lyp/6-311G** em=gd3bj
energy: M062X/6-311G+(2d, p) em=gd3",QC
543,Li+_Anionname99,CCCCCCCCCCCCOP(C)(=O)[O-].[Li+],Li+,[Li+],Anionname99,CCCCCCCCCCCCOP(C)(=O)[O-],-7.2811983,-1079.3269574,-0.012748,0.33671,0.00236,0.411849,133.042832,661.6703120000001,-2.3488,-0.07591,-7.2849058,-1079.7378359,-0.25486,0.10167,-7.2939463,-7.278838299999999,-1078.9902474,-1078.9151084,-591.2796685,0.07086,0.116908,405.504912,-0.2245,-591.5164432,-0.1151,-591.2088084999999,-591.1627605,0.0,Gaussian,"opt+freq: b3lyp/6-311G** em=gd3bj
energy: M062X/6-311G+(2d, p) em=gd3",QC
544,Li+_Anionname100,O=C([O-])c1ccccn1.[Li+],Li+,[Li+],Anionname100,O=C([O-])c1ccccn1,-7.2811983,-436.2680683,-0.012748,0.054082,0.00236,0.094688,133.042832,357.577192,-2.3488,-0.03431,-7.2849058,-436.4298661,-0.25486,0.10763,-7.2939463,-7.278838299999999,-436.2139863,-436.1733803,-671.336412,0.021795,0.058626,324.331128,-0.27806,-671.4494931,-0.04489,-671.314617,-671.277786,-598055.1502476999,Gaussian,"opt+freq: b3lyp/6-311G** em=gd3bj
energy: M062X/6-311G+(2d, p) em=gd3",QC
545,Li+_Anionname108,O=C([O-])C1([N+](=O)[O-])C=NN=N1.[Li+],Li+,[Li+],Anionname108,O=C([O-])C1([N+](=O)[O-])C=NN=N1,-7.2811983,0.0,-0.012748,0.0,0.00236,0.0,133.042832,0.0,-2.3488,0.0,-7.2849058,0.0,-0.25486,0.0,-7.2939463,-7.278838299999999,0.0,0.0,0.0,0.0,0.0,0.0,0.0,0.0,0.0,0.0,0.0,0.0,Gaussian,"opt+freq: b3lyp/6-311G** em=gd3bj
energy: M062X/6-311G+(2d, p) em=gd3",QC
546,Li+_Anionname109,O=C([O-])C1([N+](=O)[O-])N=NC([N+](=O)[O-])=N1.[Li+],Li+,[Li+],Anionname109,O=C([O-])C1([N+](=O)[O-])N=NC([N+](=O)[O-])=N1,-7.2811983,-839.2909039,-0.012748,0.017572,0.00236,0.075088,133.042832,506.481568,-2.3488,-0.14183,-7.2849058,-839.5651877,-0.25486,0.03024,-7.2939463,-7.278838299999999,-839.2733319,-839.2158158999999,-846.7007729,0.021712,0.077631,492.419144,-0.30732,-846.9876708,-0.14701,-846.6790609,-846.6231419,-337.8249228498153,Gaussian,"opt+freq: b3lyp/6-311G** em=gd3bj
energy: M062X/6-311G+(2d, p) em=gd3",QC
547,Li+_Anionname151,O=C(O[B-](F)(F)OC(=O)C(F)(F)F)C(F)(F)F.[Li+],Li+,[Li+],Anionname151,O=C(O[B-](F)(F)OC(=O)C(F)(F)F)C(F)(F)F,-7.2811983,-1277.2744305,-0.012748,0.016368,0.00236,0.081779,133.042832,576.0112799999999,-2.3488,-0.16168,-7.2849058,-1277.6180703,-0.25486,0.10225,-7.2939463,-7.278838299999999,-1277.2580625,-1277.1926515,0.0,0.0,0.0,0.0,0.0,0.0,0.0,0.0,0.0,0.0,Gaussian,"opt+freq: b3lyp/6-311G** em=gd3bj
energy: M062X/6-311G+(2d, p) em=gd3",QC
548,Li+_Anionname153,O=C([O-])[C@@H]1CCCN1.[Li+],Li+,[Li+],Anionname153,O=C([O-])[C@@H]1CCCN1,-7.2811983,-400.5692294,-0.012748,0.094539,0.00236,0.135159,133.042832,357.694344,-2.3488,-0.02654,-7.2849058,-400.7315726,-0.25486,0.16988,-7.2939463,-7.278838299999999,-400.4746904,-400.4340704,-408.1189461,0.096148,0.13988,385.103728,-0.20983,-408.2965782,-0.04048,-408.0227981,-407.9790661,-704.995059200013,Gaussian,"opt+freq: b3lyp/6-311G** em=gd3bj
energy: M062X/6-311G+(2d, p) em=gd3",QC
549,Li+_Anionname156,F[B-](F)(F)c1ccc(C(F)(F)F)cc1.[Li+],Li+,[Li+],Anionname156,F[B-](F)(F)c1ccc(C(F)(F)F)cc1,-7.2811983,-893.3349465,-0.012748,0.060719,0.00236,0.115924,133.042832,486.130592,-2.3488,-0.12701,-7.2849058,-893.6114193,-0.25486,0.09871,-7.2939463,-7.278838299999999,-893.2742275,-893.2190225,0.0,0.0,0.0,0.0,0.0,0.0,0.0,0.0,0.0,0.0,Gaussian,"opt+freq: b3lyp/6-311G** em=gd3bj
energy: M062X/6-311G+(2d, p) em=gd3",QC
550,Li+_Anionname164,O=C(O)c1ccccc1[O-].[Li+],Li+,[Li+],Anionname164,O=C(O)c1ccccc1[O-],-7.2811983,-495.4510965,-0.012748,0.068531,0.00236,0.111355,133.042832,377.112288,-2.3488,-0.0288,-7.2849058,-495.6406935,-0.25486,0.1198,-7.2939463,-7.278838299999999,-495.3825655,-495.3397415,-503.0149662,0.072726,0.116588,386.250144,-0.20444,-503.2221693,-0.04987,-502.9422402,-502.8983782,-742.1537606999204,Gaussian,"opt+freq: b3lyp/6-311G** em=gd3bj
energy: M062X/6-311G+(2d, p) em=gd3",QC
551,Li+_Anionname165,O=C(CF)OOB([O-])OOC(=O)CF.[Li+],Li+,[Li+],Anionname165,O=C(CF)OOB([O-])OOC(=O)CF,-7.2811983,-905.9460358,-0.012748,0.056006,0.00236,0.115546,133.042832,524.3095920000001,-2.3488,-0.09738,-7.2849058,-906.2327718,-0.25486,0.09571,-7.2939463,-7.278838299999999,-905.8900298,-905.8304898,-448.6313839,0.140919,0.190249,434.4038,-0.21738,-448.8499044,-0.04397,-448.4904649,-448.4411349,0.0,Gaussian,"opt+freq: b3lyp/6-311G** em=gd3bj
energy: M062X/6-311G+(2d, p) em=gd3",QC
552,Li+_Anionname167,CCCCO[PH](=O)[O-].[Li+],Li+,[Li+],Anionname167,CCCCO[PH](=O)[O-],-7.2811983,-725.5708345,-0.012748,0.105227,0.00236,0.151089,133.042832,403.8606,-2.3488,-0.07716,-7.2849058,-725.761309,-0.25486,0.15715,-7.2939463,-7.278838299999999,-725.4656075,-725.4197455000001,0.0,0.0,0.0,0.0,0.0,0.0,0.0,0.0,0.0,0.0,Gaussian,"opt+freq: b3lyp/6-311G** em=gd3bj
energy: M062X/6-311G+(2d, p) em=gd3",QC
553,Li+_Anionname169,CCCCCCO[PH](=O)[O-].[Li+],Li+,[Li+],Anionname169,CCCCCCO[PH](=O)[O-],-7.2811983,-804.1803359,-0.012748,0.156448,0.00236,0.208996,133.042832,462.742032,-2.3488,-0.07933,-7.2849058,-804.4194844,-0.25486,0.13567,-7.2939463,-7.278838299999999,-804.0238879000001,-803.9713399000001,-811.621634,0.159557,0.212093,462.633248,-0.20484,-811.8737597,-0.08439,-811.462077,-811.409541,-420.3420248997325,Gaussian,"opt+freq: b3lyp/6-311G** em=gd3bj
energy: M062X/6-311G+(2d, p) em=gd3",QC
554,Li+_Anionname175,COc1cccc([B-](F)(F)F)c1.[Li+],Li+,[Li+],Anionname175,COc1cccc([B-](F)(F)F)c1,-7.2811983,-670.7797225,-0.012748,0.090724,0.00236,0.141614,133.042832,448.131504,-2.3488,-0.08787,-7.2849058,-671.0150252,-0.25486,0.13302,-7.2939463,-7.278838299999999,-670.6889985,-670.6381085,0.0,0.0,0.0,0.0,0.0,0.0,0.0,0.0,0.0,0.0,Gaussian,"opt+freq: b3lyp/6-311G** em=gd3bj
energy: M062X/6-311G+(2d, p) em=gd3",QC
555,Li+_Anionname183,CCO[PH](=O)[O-].[Li+],Li+,[Li+],Anionname183,CCO[PH](=O)[O-],-7.2811983,-646.9574164,-0.012748,0.051554,0.00236,0.093289,133.042832,367.514192,-2.3488,-0.06178,-7.2849058,-647.0966616,-0.25486,0.16962,-7.2939463,-7.278838299999999,-646.9058624,-646.8641274,0.0,0.0,0.0,0.0,0.0,0.0,0.0,0.0,0.0,0.0,Gaussian,"opt+freq: b3lyp/6-311G** em=gd3bj
energy: M062X/6-311G+(2d, p) em=gd3",QC
556,Li+_Anionname184,COCCOCCOS(=O)(=O)[O-].[Li+],Li+,[Li+],Anionname184,COCCOCCOS(=O)(=O)[O-],-7.2811983,-1046.6626845,-0.012748,0.129404,0.00236,0.186671,133.042832,504.293336,-2.3488,-0.09374,-7.2849058,-1046.9185025,-0.25486,0.14429,-7.2939463,-7.278838299999999,-1046.5332805,-1046.4760135,-1054.1988681,0.134567,0.191091,497.753744,-0.27959,-1054.4711707,-0.01874,-1054.0643011,-1054.0077771,-669.4639051501154,Gaussian,"opt+freq: b3lyp/6-311G** em=gd3bj
energy: M062X/6-311G+(2d, p) em=gd3",QC
557,Li+_Anionname186,COc1ccccc1[B-](F)(F)F.[Li+],Li+,[Li+],Anionname186,COc1ccccc1[B-](F)(F)F,-7.2811983,0.0,-0.012748,0.0,0.00236,0.0,133.042832,0.0,-2.3488,0.0,-7.2849058,0.0,-0.25486,0.0,-7.2939463,-7.278838299999999,0.0,0.0,0.0,0.0,0.0,0.0,0.0,0.0,0.0,0.0,0.0,0.0,Gaussian,"opt+freq: b3lyp/6-311G** em=gd3bj
energy: M062X/6-311G+(2d, p) em=gd3",QC
558,Li+_Anionname189,COc1ccc([B-](F)(F)F)cc1.[Li+],Li+,[Li+],Anionname189,COc1ccc([B-](F)(F)F)cc1,-7.2811983,-670.7771805,-0.012748,0.090542,0.00236,0.141574,133.042832,449.3867040000001,-2.3488,-0.08528,-7.2849058,-671.0123528,-0.25486,0.12926,-7.2939463,-7.278838299999999,-670.6866385,-670.6356065,0.0,0.0,0.0,0.0,0.0,0.0,0.0,0.0,0.0,0.0,Gaussian,"opt+freq: b3lyp/6-311G** em=gd3bj
energy: M062X/6-311G+(2d, p) em=gd3",QC
559,Li+_Anionname198,CCCCCCCCO[PH](=O)[O-].[Li+],Li+,[Li+],Anionname198,CCCCCCCCO[PH](=O)[O-],-7.2811983,-882.7883157,-0.012748,0.207186,0.00236,0.267036,133.042832,527.03756,-2.3488,-0.07725,-7.2849058,-883.0735424,-0.25486,0.11309,-7.2939463,-7.278838299999999,-882.5811297,-882.5212797,-890.3386238,0.213353,0.271894,515.51064,-0.26504,-890.6407812,-0.02561,-890.1252708000001,-890.0667298000001,-706.5477799000626,Gaussian,"opt+freq: b3lyp/6-311G** em=gd3bj
energy: M062X/6-311G+(2d, p) em=gd3",QC
560,Li+_Anionname203,CC(=O)O[B-](F)(F)OC(C)=O.[Li+],Li+,[Li+],Anionname203,CC(=O)O[B-](F)(F)OC(C)=O,-7.2811983,-681.7827214,-0.012748,0.06946,0.00236,0.122354,133.042832,465.779616,-2.3488,-0.11371,-7.2849058,-682.0061459,-0.25486,0.15354,-7.2939463,-7.278838299999999,-681.7132614,-681.6603674,0.0,0.0,0.0,0.0,0.0,0.0,0.0,0.0,0.0,0.0,Gaussian,"opt+freq: b3lyp/6-311G** em=gd3bj
energy: M062X/6-311G+(2d, p) em=gd3",QC
561,Li+_Anionname204,F[B-](F)(F)c1cccc(C(F)(F)F)c1.[Li+],Li+,[Li+],Anionname204,F[B-](F)(F)c1cccc(C(F)(F)F)c1,-7.2811983,-893.3341618,-0.012748,0.060705,0.00236,0.115897,133.042832,486.021808,-2.3488,-0.12387,-7.2849058,-893.6105914,-0.25486,0.09832,-7.2939463,-7.278838299999999,-893.2734568,-893.2182647999999,0.0,0.0,0.0,0.0,0.0,0.0,0.0,0.0,0.0,0.0,Gaussian,"opt+freq: b3lyp/6-311G** em=gd3bj
energy: M062X/6-311G+(2d, p) em=gd3",QC
562,Li+_Anionname214,CCCCCCCCCCOS(=O)(=O)[O-].[Li+],Li+,[Li+],Anionname214,CCCCCCCCCCOS(=O)(=O)[O-],-7.2811983,-1092.7703437,-0.012748,0.253986,0.00236,0.320532,133.042832,585.998488,-2.3488,-0.09016,-7.2849058,-1093.1101791,-0.25486,0.10821,-7.2939463,-7.278838299999999,-1092.5163577,-1092.4498117,0.0,0.0,0.0,0.0,0.0,0.0,0.0,0.0,0.0,0.0,Gaussian,"opt+freq: b3lyp/6-311G** em=gd3bj
energy: M062X/6-311G+(2d, p) em=gd3",QC
563,Li+_Anionname2,O=C[O-].[Li+],Li+,[Li+],Anionname2,O=C[O-],-7.2811983,-189.194621,-0.012748,-0.004652,0.00236,0.023078,133.042832,244.186608,-2.3488,-0.00249,-7.2849058,-189.2456824,-0.25486,0.27592,-7.2939463,-7.278838299999999,-189.199273,-189.171543,0.0,0.0,0.0,0.0,0.0,0.0,0.0,0.0,0.0,0.0,Gaussian,"opt+freq: b3lyp/6-311G** em=gd3bj
energy: M062X/6-311G+(2d, p) em=gd3",QC
564,Li+_Anionname3,O=S(=O)([O-])C(F)(F)F.[Li+],Li+,[Li+],Anionname3,O=S(=O)([O-])C(F)(F)F,-7.2811983,-961.5562424,-0.012748,-0.006569,0.00236,0.034341,133.042832,360.254952,-2.3488,-0.09102,-7.2849058,-961.7139738,-0.25486,0.25497,-7.2939463,-7.278838299999999,-961.5628114,-961.5219013999999,-969.0672367,-0.005049,0.038199,380.8486,-0.31091,-969.2415301,-0.05564,-969.0722857,-969.0290377,-603.3293979999075,Gaussian,"opt+freq: b3lyp/6-311G** em=gd3bj
energy: M062X/6-311G+(2d, p) em=gd3",QC
565,Li+_Anionname4,CC(C)CP(=S)([S-])CC(C)C.[Li+],Li+,[Li+],Anionname4,CC(C)CP(=S)([S-])CC(C)C,-7.2811983,-1453.4891534,-0.012748,0.197479,0.00236,0.257486,133.042832,528.414096,-2.3488,-0.0534,-7.2849058,-1453.7927771,-0.25486,0.14002,-7.2939463,-7.278838299999999,-1453.2916744,-1453.2316674,-1461.0166583,0.200076,0.262127,546.417848,-0.22595,-1461.3303785,-0.03069,-1460.8165823,-1460.7545313,-646.6779783000666,Gaussian,"opt+freq: b3lyp/6-311G** em=gd3bj
energy: M062X/6-311G+(2d, p) em=gd3",QC
566,Li+_Anionname5,CCCCC(=O)[O-].[Li+],Li+,[Li+],Anionname5,CCCCC(=O)[O-],-7.2811983,-346.4228486,-0.012748,0.096712,0.00236,0.13864,133.042832,369.208712,-2.3488,-0.02349,-7.2849058,-346.576971,-0.25486,0.17222,-7.2939463,-7.278838299999999,-346.3261366,-346.2842086,-353.9488704,0.098221,0.143191,396.007232,-0.21143,-354.1218415,-0.05336,-353.8506494,-353.8056794,-642.784099249988,Gaussian,"opt+freq: b3lyp/6-311G** em=gd3bj
energy: M062X/6-311G+(2d, p) em=gd3",QC
567,Li+_Anionname6,CCCCC[B-](F)(F)F.[Li+],Li+,[Li+],Anionname6,CCCCC[B-](F)(F)F,-7.2811983,-521.7583947,-0.012748,0.120255,0.00236,0.168354,133.042832,423.558872,-2.3488,-0.09301,-7.2849058,-521.9647458,-0.25486,0.15826,-7.2939463,-7.278838299999999,-521.6381397,-521.5900407,0.0,0.0,0.0,0.0,0.0,0.0,0.0,0.0,0.0,0.0,Gaussian,"opt+freq: b3lyp/6-311G** em=gd3bj
energy: M062X/6-311G+(2d, p) em=gd3",QC
568,Li+_Anionname8,O=[N+]([O-])c1c[n-]c([N+](=O)[O-])n1.[Li+],Li+,[Li+],Anionname8,O=[N+]([O-])c1c[n-]c([N+](=O)[O-])n1,-7.2811983,-634.674507,-0.012748,0.025733,0.00236,0.0704,133.042832,393.333656,-2.3488,-0.10576,-7.2849058,-634.8857462,-0.25486,0.04727,-7.2939463,-7.278838299999999,-634.648774,-634.604107,-642.151359,0.025424,0.073827,426.240816,-0.26861,-642.3802221,-0.13142,-642.1259349999999,-642.0775319999999,-513.688789349947,Gaussian,"opt+freq: b3lyp/6-311G** em=gd3bj
energy: M062X/6-311G+(2d, p) em=gd3",QC
569,Li+_Anionname11,COP(=O)([O-])OC.[Li+],Li+,[Li+],Anionname11,COP(=O)([O-])OC,-7.2811983,-722.2086406,-0.012748,0.056104,0.00236,0.099742,133.042832,384.275296,-2.3488,-0.06847,-7.2849058,-722.3639209,-0.25486,0.18167,-7.2939463,-7.278838299999999,-722.1525366,-722.1088986,-729.743073,0.057797,0.104539,411.609368,-0.26023,-729.915386,-0.04444,-729.6852759999999,-729.6385339999999,-664.8661295499633,Gaussian,"opt+freq: b3lyp/6-311G** em=gd3bj
energy: M062X/6-311G+(2d, p) em=gd3",QC
570,Li+_Anionname13,[Li+].c1ccc([B-](c2ccccc2)(c2ccccc2)c2ccccc2)cc1,Li+,[Li+],Anionname13,c1ccc([B-](c2ccccc2)(c2ccccc2)c2ccccc2)cc1,-7.2811983,-951.4039667,-0.012748,0.30144,0.00236,0.374885,133.042832,646.754352,-2.3488,-0.10299,-7.2849058,-951.8732042,-0.25486,0.10169,-7.2939463,-7.278838299999999,-951.1025267,-951.0290817,0.0,0.0,0.0,0.0,0.0,0.0,0.0,0.0,0.0,0.0,Gaussian,"opt+freq: b3lyp/6-311G** em=gd3bj
energy: M062X/6-311G+(2d, p) em=gd3",QC
571,Li+_Anionname14,O=S(=O)([C-](S(=O)(=O)C(F)(F)F)S(=O)(=O)C(F)(F)F)C(F)(F)F.[Li+],Li+,[Li+],Anionname14,O=S(=O)([C-](S(=O)(=O)C(F)(F)F)S(=O)(=O)C(F)(F)F)C(F)(F)F,-7.2811983,-3254.0611188,-0.012748,0.053881,0.00236,0.154859,133.042832,889.2046,-2.3488,-0.15542,-7.2849058,-3254.7447177,-0.25486,0.09258,-7.2939463,-7.278838299999999,-3254.0072378,-3253.9062598,-2704.3472612,0.025676,0.103421,684.619552,-0.30401,-2704.8243997,-0.05987,-2704.3215852,-2704.2438402,0.0,Gaussian,"opt+freq: b3lyp/6-311G** em=gd3bj
energy: M062X/6-311G+(2d, p) em=gd3",QC
572,Li+_Anionname15,O=P([O-])(F)F.[Li+],Li+,[Li+],Anionname15,O=P([O-])(F)F,-7.2811983,-691.7098798,-0.012748,-0.014742,0.00236,0.018979,133.042832,296.946848,-2.3488,-0.08632,-7.2849058,-691.8134868,-0.25486,0.26209,-7.2939463,-7.278838299999999,-691.7246217999999,-691.6909008,0.0,0.0,0.0,0.0,0.0,0.0,0.0,0.0,0.0,0.0,Gaussian,"opt+freq: b3lyp/6-311G** em=gd3bj
energy: M062X/6-311G+(2d, p) em=gd3",QC
573,Li+_Anionname16,N#Cc1nc[n-]c1C#N.[Li+],Li+,[Li+],Anionname16,N#Cc1nc[n-]c1C#N,-7.2811983,-914.4841945,-0.012748,0.146319,0.00236,0.195347,133.042832,431.738592,-2.3488,-0.07335,-7.2849058,-914.7146457,-0.25486,0.13532,-7.2939463,-7.278838299999999,-914.3378755,-914.2888475,-417.6509148,0.023544,0.065011,365.1586,-0.24387,-417.8058688,-0.06768,-417.6273708,-417.5859038,0.0,Gaussian,"opt+freq: b3lyp/6-311G** em=gd3bj
energy: M062X/6-311G+(2d, p) em=gd3",QC
574,Li+_Anionname17,CCC(CC)C(=O)[O-].[Li+],Li+,[Li+],Anionname17,CCC(CC)C(=O)[O-],-7.2811983,-385.7286844,-0.012748,0.121379,0.00236,0.166978,133.042832,401.546848,-2.3488,-0.02666,-7.2849058,-385.9077116,-0.25486,0.16104,-7.2939463,-7.278838299999999,-385.6073054,-385.5617064,-393.2533309,0.123068,0.171566,427.069248,-0.21404,-393.4501419,-0.06005,-393.1302629,-393.0817649,-639.1732490999709,Gaussian,"opt+freq: b3lyp/6-311G** em=gd3bj
energy: M062X/6-311G+(2d, p) em=gd3",QC
575,Li+_Anionname19,O=S([O-])C(F)(F)F.[Li+],Li+,[Li+],Anionname19,O=S([O-])C(F)(F)F,-7.2811983,-886.3071315,-0.012748,-0.012585,0.00236,0.02811,133.042832,358.3596000000001,-2.3488,-0.03057,-7.2849058,-886.4471821,-0.25486,0.19675,-7.2939463,-7.278838299999999,-886.3197164999999,-886.2790215,-893.8400615,-0.00969,0.032192,368.811232,-0.26008,-894.0046702,-0.04305,-893.8497515,-893.8078695,-660.921578350132,Gaussian,"opt+freq: b3lyp/6-311G** em=gd3bj
energy: M062X/6-311G+(2d, p) em=gd3",QC
576,Li+_Anionname20,F[B-](F)(F)F.[Li+],Li+,[Li+],Anionname20,F[B-](F)(F)F,-7.2811983,-554.1934889,-0.012748,0.131759,0.00236,0.181987,133.042832,442.307376,-2.3488,-0.04181,-7.2849058,-554.4271186,-0.25486,0.08934,-7.2939463,-7.278838299999999,-554.0617299,-554.0115019,0.0,0.0,0.0,0.0,0.0,0.0,0.0,0.0,0.0,0.0,Gaussian,"opt+freq: b3lyp/6-311G** em=gd3bj
energy: M062X/6-311G+(2d, p) em=gd3",QC
577,Li+_Anionname21,[Li+].[O-][Cl+3]([O-])([O-])[O-],Li+,[Li+],Anionname21,[O-][Cl+3]([O-])([O-])[O-],-7.2811983,-1171.3794474,-0.012748,0.305794,0.00236,0.378523,133.042832,640.453248,-2.3488,-0.0904,-7.2849058,-1171.7675671,-0.25486,0.09797,-7.2939463,-7.278838299999999,-1171.0736534,-1171.0009244,-768.3494178,-0.012387,0.02288,310.565768,-0.31364,-768.4426117,-0.06284,-768.3618048,-768.3265378,0.0,Gaussian,"opt+freq: b3lyp/6-311G** em=gd3bj
energy: M062X/6-311G+(2d, p) em=gd3",QC
578,Li+_Anionname22,O=P([O-])(C1CCCCC1)C1CCCCC1.[Li+],Li+,[Li+],Anionname22,O=P([O-])(C1CCCCC1)C1CCCCC1,-7.2811983,-962.3831319,-0.012748,0.273949,0.00236,0.33385,133.042832,527.4852480000001,-2.3488,-0.06876,-7.2849058,-962.7319867,-0.25486,0.14049,-7.2939463,-7.278838299999999,-962.1091829,-962.0492819,-969.9362413,0.277296,0.339288,545.890664,-0.24779,-970.2957628,-0.02721,-969.6589453,-969.5969533,-713.9025930500293,Gaussian,"opt+freq: b3lyp/6-311G** em=gd3bj
energy: M062X/6-311G+(2d, p) em=gd3",QC
579,Li+_Anionname23,CCC[B-](F)(F)F.[Li+],Li+,[Li+],Anionname23,CCC[B-](F)(F)F,-7.2811983,-443.1468517,-0.012748,0.068545,0.00236,0.11045,133.042832,369.012064,-2.3488,-0.08819,-7.2849058,-443.3047027,-0.25486,0.18362,-7.2939463,-7.278838299999999,-443.0783067,-443.0364017,0.0,0.0,0.0,0.0,0.0,0.0,0.0,0.0,0.0,0.0,Gaussian,"opt+freq: b3lyp/6-311G** em=gd3bj
energy: M062X/6-311G+(2d, p) em=gd3",QC
580,Li+_Anionname24,[F-].[Li+],Li+,[Li+],Anionname24,[F-],-7.2811983,-99.8424676,-0.012748,-0.014159,0.00236,0.00236,133.042832,145.465128,-2.3488,0.12593,-7.2849058,-99.8213357,-0.25486,1.39928,-7.2939463,-7.278838299999999,-99.85662660000001,-99.84010760000001,-107.4225998,-0.017236,0.005481,200.045408,-0.27068,-107.4587729,-0.05145,-107.4398358,-107.4171188,-784.8509544499854,Gaussian,"opt+freq: b3lyp/6-311G** em=gd3bj
energy: M062X/6-311G+(2d, p) em=gd3",QC
581,Li+_Anionname25,[Cl-].[Li+],Li+,[Li+],Anionname25,[Cl-],-7.2811983,-1033.6589893,-0.012748,0.106599,0.00236,0.16052,133.042832,474.833792,-2.3488,-0.05344,-7.2849058,-1033.9169754,-0.25486,0.10485,-7.2939463,-7.278838299999999,-1033.5523903,-1033.4984693,-467.7958,-0.019294,0.004861,212.702008,-0.25699,-467.8345477,-0.06213,-467.815094,-467.790939,0.0,Gaussian,"opt+freq: b3lyp/6-311G** em=gd3bj
energy: M062X/6-311G+(2d, p) em=gd3",QC
582,Li+_Anionname27,CC(C)C(=O)[O-].[Li+],Li+,[Li+],Anionname27,CC(C)C(=O)[O-],-7.2811983,-605.9507311,-0.012748,0.163501,0.00236,0.217478,133.042832,475.327504,-2.3488,-0.0686,-7.2849058,-606.2052445,-0.25486,0.15054,-7.2939463,-7.278838299999999,-605.7872301,-605.7332531,-314.6759376,0.071958,0.114179,371.802792,-0.2574,-314.8216391,-0.03701,-314.6039796,-314.5617586,0.0,Gaussian,"opt+freq: b3lyp/6-311G** em=gd3bj
energy: M062X/6-311G+(2d, p) em=gd3",QC
583,Li+_Anionname28,CC(O)C(=O)[O-].[Li+],Li+,[Li+],Anionname28,CC(O)C(=O)[O-],-7.2811983,-343.0288827,-0.012748,0.047459,0.00236,0.086132,133.042832,340.548312,-2.3488,-0.02154,-7.2849058,-343.1502076,-0.25486,0.16991,-7.2939463,-7.278838299999999,-342.9814237,-342.9427507,-350.586215,0.051101,0.090933,350.757272,-0.22207,-350.7303719,-0.04464,-350.535114,-350.495282,-724.9898170000347,Gaussian,"opt+freq: b3lyp/6-311G** em=gd3bj
energy: M062X/6-311G+(2d, p) em=gd3",QC
584,Li+_Anionname30,CCCCCCCC(=O)[O-].[Li+],Li+,[Li+],Anionname30,CCCCCCCC(=O)[O-],-7.2811983,-464.3375293,-0.012748,0.173819,0.00236,0.225471,133.042832,454.846824,-2.3488,-0.02725,-7.2849058,-464.564621,-0.25486,0.13535,-7.2939463,-7.278838299999999,-464.1637103,-464.1120583,-471.8928632,0.178283,0.230498,459.804864,-0.25294,-472.1387263,-0.02962,-471.7145802,-471.6623652,-719.7430178000586,Gaussian,"opt+freq: b3lyp/6-311G** em=gd3bj
energy: M062X/6-311G+(2d, p) em=gd3",QC
585,Li+_Anionname31,O=C([O-])C(=O)O.[Li+],Li+,[Li+],Anionname31,O=C([O-])C(=O)O,-7.2811983,-420.2341981,-0.012748,0.066349,0.00236,0.106392,133.042832,352.610784,-2.3488,-0.03942,-7.2849058,-420.4002711,-0.25486,0.12435,-7.2939463,-7.278838299999999,-420.1678491,-420.1278061,-385.318203,0.005155,0.045321,353.7028080000001,-0.26641,-385.448277,-0.04635,-385.313048,-385.272882,0.0,Gaussian,"opt+freq: b3lyp/6-311G** em=gd3bj
energy: M062X/6-311G+(2d, p) em=gd3",QC
586,Li+_Anionname32,O=[N+]([O-])c1c[n-]cn1.[Li+],Li+,[Li+],Anionname32,O=[N+]([O-])c1c[n-]cn1,-7.2811983,-430.1602524,-0.012748,0.028022,0.00236,0.065435,133.042832,329.460712,-2.3488,-0.06115,-7.2849058,-430.305956,-0.25486,0.09536,-7.2939463,-7.278838299999999,-430.1322304,-430.0948174,-437.646468,0.029061,0.068821,350.125488,-0.25246,-437.8102119,-0.1057,-437.617407,-437.577647,-538.2729211500226,Gaussian,"opt+freq: b3lyp/6-311G** em=gd3bj
energy: M062X/6-311G+(2d, p) em=gd3",QC
587,Li+_Anionname34,O=[N+]([O-])c1cc([N+](=O)[O-])c([O-])c([N+](=O)[O-])c1.[Li+],Li+,[Li+],Anionname34,O=[N+]([O-])c1cc([N+](=O)[O-])c([O-])c([N+](=O)[O-])c1,-7.2811983,-920.413344,-0.012748,0.053979,0.00236,0.10974,133.042832,491.025872,-2.3488,-0.1128,-7.2849058,-920.7406408,-0.25486,0.02187,-7.2939463,-7.278838299999999,-920.359365,-920.3036040000001,-927.8797691,0.054829,0.113382,515.61524,-0.25877,-928.2234848,-0.13953,-927.8249400999999,-927.7663871,-486.3129633997264,Gaussian,"opt+freq: b3lyp/6-311G** em=gd3bj
energy: M062X/6-311G+(2d, p) em=gd3",QC
588,Li+_Anionname35,[Li+].[c-]1c[nH]nn1,Li+,[Li+],Anionname35,[c-]1c[nH]nn1,-7.2811983,-241.5633926,-0.012748,0.016201,0.00236,0.047292,133.042832,273.78004,-2.3488,0.03488,-7.2849058,-241.6396974,-0.25486,0.19217,-7.2939463,-7.278838299999999,-241.5471916,-241.5161006,-249.0915061,0.01876,0.052273,295.11844,-0.1553,-249.1915332,-0.05117,-249.0727461,-249.0392331,-648.275857600047,Gaussian,"opt+freq: b3lyp/6-311G** em=gd3bj
energy: M062X/6-311G+(2d, p) em=gd3",QC
589,Li+_Anionname36,COS(=O)(=O)[O-].[Li+],Li+,[Li+],Anionname36,COS(=O)(=O)[O-],-7.2811983,-739.0239035,-0.012748,0.022497,0.00236,0.060197,133.042832,331.987848,-2.3488,-0.07519,-7.2849058,-739.1406866,-0.25486,0.18867,-7.2939463,-7.278838299999999,-739.0014064999999,-738.9637065,-746.5414974,0.023493,0.064333,359.644088,-0.27805,-746.6763826,-0.05551,-746.5180044,-746.4771644,-620.6566478000975,Gaussian,"opt+freq: b3lyp/6-311G** em=gd3bj
energy: M062X/6-311G+(2d, p) em=gd3",QC
590,Li+_Anionname38,O=C([O-])CO.[Li+],Li+,[Li+],Anionname38,O=C([O-])CO,-7.2811983,-303.7431863,-0.012748,0.024637,0.00236,0.058195,133.042832,295.511736,-2.3488,-0.03262,-7.2849058,-303.8398437,-0.25486,0.22531,-7.2939463,-7.278838299999999,-303.7185493,-303.6849913,-311.2861213,0.025419,0.062488,326.427312,-0.25584,-311.3993757,-0.04514,-311.2607023,-311.2236333,-687.1897058499258,Gaussian,"opt+freq: b3lyp/6-311G** em=gd3bj
energy: M062X/6-311G+(2d, p) em=gd3",QC
591,Li+_Anionname40,O=S(=O)(F)[N-]S(=O)(=O)F.[Li+],Li+,[Li+],Anionname40,O=S(=O)(F)[N-]S(=O)(=O)F,-7.2811983,-1351.7260689,-0.012748,-0.007671,0.00236,0.037736,133.042832,399.856512,-2.3488,-0.14856,-7.2849058,-1351.8970709,-0.25486,0.13877,-7.2939463,-7.278838299999999,-1351.7337399,-1351.6883329,-1359.2032697,-0.0067,0.041367,423.2743600000001,-0.31736,-1359.3823135,-0.07624,-1359.2099697,-1359.1619027,-514.6045637502019,Gaussian,"opt+freq: b3lyp/6-311G** em=gd3bj
energy: M062X/6-311G+(2d, p) em=gd3",QC
592,Li+_Anionname42,[Li+].[c-]1nc[nH]n1,Li+,[Li+],Anionname42,[c-]1nc[nH]n1,-7.2811983,-436.280275,-0.012748,0.055258,0.00236,0.095156,133.042832,351.338848,-2.3488,-0.0475,-7.2849058,-436.443037,-0.25486,0.10894,-7.2939463,-7.278838299999999,-436.225017,-436.185119,-249.1424046,0.019409,0.052898,294.905056,-0.20441,-249.2393798,-0.03753,-249.1229956,-249.0895066,0.0,Gaussian,"opt+freq: b3lyp/6-311G** em=gd3bj
energy: M062X/6-311G+(2d, p) em=gd3",QC
593,Li+_Anionname44,[Li+].[N-]=[N+]=[N-],Li+,[Li+],Anionname44,[N-]=[N+]=[N-],-7.2811983,-417.0706928,-0.012748,0.028126,0.00236,0.069235,133.042832,362.012232,-2.3488,-0.03796,-7.2849058,-417.2067814,-0.25486,0.17,-7.2939463,-7.278838299999999,-417.0425668,-417.0014578,-171.741865,-0.005481,0.017761,204.664544,-0.20777,-171.8112731,-0.06426,-171.747346,-171.724104,0.0,Gaussian,"opt+freq: b3lyp/6-311G** em=gd3bj
energy: M062X/6-311G+(2d, p) em=gd3",QC
594,Li+_Anionname45,O=P([O-])(O)O.[Li+],Li+,[Li+],Anionname45,O=P([O-])(O)O,-7.2811983,-643.6372948,-0.012748,0.007254,0.00236,0.042673,133.042832,311.892096,-2.3488,-0.06874,-7.2849058,-643.7365662,-0.25486,0.19582,-7.2939463,-7.278838299999999,-643.6300408,-643.5946217999999,-651.1690111,0.008895,0.046564,331.715888,-0.27439,-651.2873489,-0.04825,-651.1601161,-651.1224471,-657.7350090001481,Gaussian,"opt+freq: b3lyp/6-311G** em=gd3bj
energy: M062X/6-311G+(2d, p) em=gd3",QC
595,Li+_Anionname47,O=S(=O)([O-])Cl.[Li+],Li+,[Li+],Anionname47,O=S(=O)([O-])Cl,-7.2811983,-747.2327407,-0.012748,0.019048,0.00236,0.069523,133.042832,444.483056,-2.3488,-0.1093,-7.2849058,-747.4561757,-0.25486,0.088,-7.2939463,-7.278838299999999,-747.2136927,-747.1632177,-1091.6297257,-0.014566,0.022586,327.159512,-0.31554,-1091.737905,-0.07939,-1091.6442917,-1091.6071397,-885097.4979808504,Gaussian,"opt+freq: b3lyp/6-311G** em=gd3bj
energy: M062X/6-311G+(2d, p) em=gd3",QC
596,Li+_Anionname49,N#C[S-].[Li+],Li+,[Li+],Anionname49,N#C[S-],-7.2811983,-491.1026163,-0.012748,-0.014125,0.00236,0.012378,133.042832,233.38352,-2.3488,-0.03124,-7.2849058,-491.1625674,-0.25486,0.24161,-7.2939463,-7.278838299999999,-491.1167413,-491.0902383,-498.6084095,-0.012065,0.015712,244.59664,-0.20833,-498.6830546,-0.07166,-498.6204745,-498.5926975,-589.6739099498498,Gaussian,"opt+freq: b3lyp/6-311G** em=gd3bj
energy: M062X/6-311G+(2d, p) em=gd3",QC
597,Li+_Anionname50,N#C[C-](C#N)C#N.[Li+],Li+,[Li+],Anionname50,N#C[C-](C#N)C#N,-7.2811983,-497.6189036,-0.012748,0.093669,0.00236,0.140792,133.042832,414.9565680000001,-2.3488,-0.03788,-7.2849058,-497.8254755,-0.25486,0.07659,-7.2939463,-7.278838299999999,-497.5252346,-497.4781116,-324.1601764,-0.000871,0.041229,370.731688,-0.21491,-324.2803901,-0.09122,-324.1610474,-324.1189474,0.0,Gaussian,"opt+freq: b3lyp/6-311G** em=gd3bj
energy: M062X/6-311G+(2d, p) em=gd3",QC
598,Li+_Anionname51,O=C([O-])C(F)(F)C(F)(F)C(F)(F)C(F)(F)F.[Li+],Li+,[Li+],Anionname51,O=C([O-])C(F)(F)C(F)(F)C(F)(F)C(F)(F)F,-7.2811983,-1239.6634472,-0.012748,0.016565,0.00236,0.075737,133.042832,521.058624,-2.3488,-0.07119,-7.2849058,-1239.9926296,-0.25486,0.15014,-7.2939463,-7.278838299999999,-1239.6468822,-1239.5877102,-1247.1736916,0.018254,0.079777,541.769424,-0.2652,-1247.5265846,-0.05958,-1247.1554376,-1247.0939146,-601.3605355500132,Gaussian,"opt+freq: b3lyp/6-311G** em=gd3bj
energy: M062X/6-311G+(2d, p) em=gd3",QC
599,Li+_Anionname53,O=C([O-])O.[Li+],Li+,[Li+],Anionname53,O=C([O-])O,-7.2811983,-2015.6138228,-0.012748,0.563636,0.00236,0.684679,133.042832,1065.89492,-2.3488,-0.11079,-7.2849058,-2016.3830027,-0.25486,0.08379,-7.2939463,-7.278838299999999,-2015.0501868,-2014.9291438,-271.9916286,6.1e-05,0.033309,292.7754,-0.26715,-272.086225,-0.04868,-271.9915676,-271.9583196,0.0,Gaussian,"opt+freq: b3lyp/6-311G** em=gd3bj
energy: M062X/6-311G+(2d, p) em=gd3",QC
600,Li+_Anionname56,O=[N+]([O-])c1nc[n-]c1[N+](=O)[O-].[Li+],Li+,[Li+],Anionname56,O=[N+]([O-])c1nc[n-]c1[N+](=O)[O-],-7.2811983,-634.662935,-0.012748,0.025849,0.00236,0.07047,133.042832,392.936176,-2.3488,-0.09595,-7.2849058,-634.8746463,-0.25486,0.04921,-7.2939463,-7.278838299999999,-634.637086,-634.592465,-642.1627168,0.027141,0.074261,414.939832,-0.265,-642.397563,-0.13514,-642.1355758,-642.0884558,-573.890979250059,Gaussian,"opt+freq: b3lyp/6-311G** em=gd3bj
energy: M062X/6-311G+(2d, p) em=gd3",QC
601,Li+_Anionname58,O=N[O-].[Li+],Li+,[Li+],Anionname58,O=N[O-],-7.2811983,-205.1414292,-0.012748,-0.015374,0.00236,0.011542,133.042832,237.0236,-2.3488,0.04641,-7.2849058,-205.1884787,-0.25486,0.23238,-7.2939463,-7.278838299999999,-205.1568032,-205.1298872,-212.6860585,-0.015181,0.015195,267.487304,-0.24242,-212.7634028,-0.05074,-212.7012395,-212.6708635,-691.6380904999924,Gaussian,"opt+freq: b3lyp/6-311G** em=gd3bj
energy: M062X/6-311G+(2d, p) em=gd3",QC
602,Li+_Anionname62,O=[N+]([O-])c1cn[n-]c1.[Li+],Li+,[Li+],Anionname62,O=[N+]([O-])c1cn[n-]c1,-7.2811983,-1076.0972507,-0.012748,0.020737,0.00236,0.068651,133.042832,421.922928,-2.3488,-0.09719,-7.2849058,-1076.29736,-0.25486,0.1901,-7.2939463,-7.278838299999999,-1076.0765137,-1076.0285997,-437.6321657,0.028378,0.068491,353.2342,-0.24761,-437.7982888,-0.10278,-437.6037877,-437.5636747,0.0,Gaussian,"opt+freq: b3lyp/6-311G** em=gd3bj
energy: M062X/6-311G+(2d, p) em=gd3",QC
603,Li+_Anionname63,CCCCCCCCCC(=O)[O-].[Li+],Li+,[Li+],Anionname63,CCCCCCCCCC(=O)[O-],-7.2811983,-542.9469002,-0.012748,0.225291,0.00236,0.283428,133.042832,511.95424,-2.3488,-0.02816,-7.2849058,-543.222267,-0.25486,0.1194,-7.2939463,-7.278838299999999,-542.7216092,-542.6634722,0.0,0.0,0.0,0.0,0.0,0.0,0.0,0.0,0.0,0.0,Gaussian,"opt+freq: b3lyp/6-311G** em=gd3bj
energy: M062X/6-311G+(2d, p) em=gd3",QC
604,Li+_Anionname65,Cl[Al-](Cl)(Cl)Cl.[Li+],Li+,[Li+],Anionname65,Cl[Al-](Cl)(Cl)Cl,-7.2811983,-2083.6222928,-0.012748,-0.028138,0.00236,0.013813,133.042832,369.413728,-2.3488,-0.1577,-7.2849058,-2083.7728151,-0.25486,0.15123,-7.2939463,-7.278838299999999,-2083.6504308,-2083.6084798,0.0,0.0,0.0,0.0,0.0,0.0,0.0,0.0,0.0,0.0,Gaussian,"opt+freq: b3lyp/6-311G** em=gd3bj
energy: M062X/6-311G+(2d, p) em=gd3",QC
605,Li+_Anionname67,CCCCCCCCCCCCCCCC(=O)[O-].[Li+],Li+,[Li+],Anionname67,CCCCCCCCCCCCCCCC(=O)[O-],-7.2811983,-778.7741709,-0.012748,0.379691,0.00236,0.457333,133.042832,683.719992,-2.3488,-0.02895,-7.2849058,-779.1943897,-0.25486,0.08745,-7.2939463,-7.278838299999999,-778.3944799,-778.3168379,0.0,0.0,0.0,0.0,0.0,0.0,0.0,0.0,0.0,0.0,Gaussian,"opt+freq: b3lyp/6-311G** em=gd3bj
energy: M062X/6-311G+(2d, p) em=gd3",QC
606,Li+_Anionname68,CC(CC(C)(C)C)CP(=O)([O-])CC(C)CC(C)(C)C.[Li+],Li+,[Li+],Anionname68,CC(CC(C)(C)C)CP(=O)([O-])CC(C)CC(C)(C)C,-7.2811983,-1121.9916277,-0.012748,0.407925,0.00236,0.488829,133.042832,712.434784,-2.3488,-0.0752,-7.2849058,-1122.4597359,-0.25486,0.1149,-7.2939463,-7.278838299999999,-1121.5837027,-1121.5027987,-1129.5410375,0.410172,0.494143,739.442504,-0.25593,-1130.021311,-0.02993,-1129.1308655,-1129.0468945,-704.1892932500176,Gaussian,"opt+freq: b3lyp/6-311G** em=gd3bj
energy: M062X/6-311G+(2d, p) em=gd3",QC
607,Li+_Anionname72,CCCCCCCCCCCCCCCCC(=O)[O-].[Li+],Li+,[Li+],Anionname72,CCCCCCCCCCCCCCCCC(=O)[O-],-7.2811983,-818.0786968,-0.012748,0.405564,0.00236,0.486348,133.042832,711.376232,-2.3488,-0.02902,-7.2849058,-818.5230533,-0.25486,0.08398,-7.2939463,-7.278838299999999,-817.6731328,-817.5923488,0.0,0.0,0.0,0.0,0.0,0.0,0.0,0.0,0.0,0.0,Gaussian,"opt+freq: b3lyp/6-311G** em=gd3bj
energy: M062X/6-311G+(2d, p) em=gd3",QC
608,Li+_Anionname73,O=C([O-])C(F)(F)F.[Li+],Li+,[Li+],Anionname73,O=C([O-])C(F)(F)F,-7.2811983,-446.2844591,-0.012748,0.016493,0.00236,0.054353,133.042832,333.389488,-2.3488,-0.07047,-7.2849058,-446.4211919,-0.25486,0.1238,-7.2939463,-7.278838299999999,-446.2679661,-446.2301061,-533.7939397,-0.004888,0.035765,357.991408,-0.26247,-533.9557978,-0.05762,-533.7988277000001,-533.7581747,-210639.35517865,Gaussian,"opt+freq: b3lyp/6-311G** em=gd3bj
energy: M062X/6-311G+(2d, p) em=gd3",QC
609,Li+_Anionname74,F[B-](F)(F)C(F)(F)C(F)(F)C(F)(F)C(F)(F)F.[Li+],Li+,[Li+],Anionname74,F[B-](F)(F)C(F)(F)C(F)(F)C(F)(F)C(F)(F)F,-7.2811983,-788.3449736,-0.012748,0.064929,0.00236,0.117656,133.042832,464.3194,-2.3488,-0.07144,-7.2849058,-788.6237487,-0.25486,0.04255,-7.2939463,-7.278838299999999,-788.2800446,-788.2273176,0.0,0.0,0.0,0.0,0.0,0.0,0.0,0.0,0.0,0.0,Gaussian,"opt+freq: b3lyp/6-311G** em=gd3bj
energy: M062X/6-311G+(2d, p) em=gd3",QC
610,Li+_Anionname75,CCCCCCCCCCCCCCCCCC(=O)[O-].[Li+],Li+,[Li+],Anionname75,CCCCCCCCCCCCCCCCCC(=O)[O-],-7.2811983,-857.3831976,-0.012748,0.431296,0.00236,0.515319,133.042832,739.9027440000001,-2.3488,-0.02904,-7.2849058,-857.8517003,-0.25486,0.08083,-7.2939463,-7.278838299999999,-856.9519016,-856.8678786,0.0,0.0,0.0,0.0,0.0,0.0,0.0,0.0,0.0,0.0,Gaussian,"opt+freq: b3lyp/6-311G** em=gd3bj
energy: M062X/6-311G+(2d, p) em=gd3",QC
611,Li+_Anionname76,FC(F)(F)C(F)(F)[P-](F)(F)(F)(C(F)(F)C(F)(F)F)C(F)(F)C(F)(F)F.[Li+],Li+,[Li+],Anionname76,FC(F)(F)C(F)(F)[P-](F)(F)(F)(C(F)(F)C(F)(F)F)C(F)(F)C(F)(F)F,-7.2811983,-2778.4767836,-0.012748,0.039128,0.00236,0.125584,133.042832,761.32064,-2.3488,-0.15994,-7.2849058,-2779.0342977,-0.25486,0.11118,-7.2939463,-7.278838299999999,-2778.4376556,-2778.3511996,0.0,0.0,0.0,0.0,0.0,0.0,0.0,0.0,0.0,0.0,Gaussian,"opt+freq: b3lyp/6-311G** em=gd3bj
energy: M062X/6-311G+(2d, p) em=gd3",QC
612,Li+_Anionname77,[Li+].[OH-],Li+,[Li+],Anionname77,[OH-],-7.2811983,-436.2824372,-0.012748,0.055228,0.00236,0.095159,133.042832,351.631728,-2.3488,-0.05068,-7.2849058,-436.4453165,-0.25486,0.1053,-7.2939463,-7.278838299999999,-436.2272092,-436.1872782,-83.3739524,-0.002365,0.016029,161.98356,-0.21358,-83.4078626,-0.04365,-83.37631739999999,-83.35792339999999,0.0,Gaussian,"opt+freq: b3lyp/6-311G** em=gd3bj
energy: M062X/6-311G+(2d, p) em=gd3",QC
613,Li+_Anionname81,C[C@H](N)C(=O)[O-].[Li+],Li+,[Li+],Anionname81,C[C@H](N)C(=O)[O-],-7.2811983,-323.1680907,-0.012748,0.06097,0.00236,0.099119,133.042832,335.937544,-2.3488,-0.02117,-7.2849058,-323.2922457,-0.25486,0.19399,-7.2939463,-7.278838299999999,-323.1071207,-323.0689717,-330.714412,0.064019,0.103893,351.129648,-0.21664,-330.8599078,-0.04514,-330.650393,-330.610519,-696.0804365000442,Gaussian,"opt+freq: b3lyp/6-311G** em=gd3bj
energy: M062X/6-311G+(2d, p) em=gd3",QC
614,Li+_Anionname82,O=S(=O)([O-])C(F)(F)C(F)F.[Li+],Li+,[Li+],Anionname82,O=S(=O)([O-])C(F)(F)C(F)F,-7.2811983,-1100.090239,-0.012748,0.008434,0.00236,0.056441,133.042832,422.747176,-2.3488,-0.09013,-7.2849058,-1100.2931996,-0.25486,0.16387,-7.2939463,-7.278838299999999,-1100.081805,-1100.033798,-1107.6049692,0.010697,0.060316,436.9476720000001,-0.30568,-1107.823736,-0.0525,-1107.5942722,-1107.5446532,-613.1380034497085,Gaussian,"opt+freq: b3lyp/6-311G** em=gd3bj
energy: M062X/6-311G+(2d, p) em=gd3",QC
615,Li+_Anionname83,CCC(=O)[O-].[Li+],Li+,[Li+],Anionname83,CCC(=O)[O-],-7.2811983,-267.8111868,-0.012748,0.044753,0.00236,0.08058,133.042832,315.490336,-2.3488,-0.0145,-7.2849058,-267.9151364,-0.25486,0.19563,-7.2939463,-7.278838299999999,-267.7664338,-267.7306068,-275.3704918,0.046429,0.085404,343.209336,-0.25655,-275.491477,-0.03655,-275.3240628,-275.2850878,-730.1691408502109,Gaussian,"opt+freq: b3lyp/6-311G** em=gd3bj
energy: M062X/6-311G+(2d, p) em=gd3",QC
616,Li+_Anionname84,O=[PH]([O-])O.[Li+],Li+,[Li+],Anionname84,O=[PH]([O-])O,-7.2811983,-1690.2182472,-0.012748,0.052252,0.00236,0.12007,133.042832,597.20324,-2.3488,-0.0997,-7.2849058,-1690.5886415,-0.25486,0.10928,-7.2939463,-7.278838299999999,-1690.1659952,-1690.0981772,-575.908655,0.004077,0.039897,315.423392,-0.27804,-576.008797,-0.03709,-575.9045779999999,-575.868758,0.0,Gaussian,"opt+freq: b3lyp/6-311G** em=gd3bj
energy: M062X/6-311G+(2d, p) em=gd3",QC
617,Li+_Anionname87,F[B-](F)(F)C(F)(F)C(F)(F)C(F)(F)F.[Li+],Li+,[Li+],Anionname87,F[B-](F)(F)C(F)(F)C(F)(F)C(F)(F)F,-7.2811983,-303.7403045,-0.012748,0.022554,0.00236,0.057535,133.042832,308.042816,-2.3488,-0.02753,-7.2849058,-303.8386036,-0.25486,0.20525,-7.2939463,-7.278838299999999,-303.7177505,-303.6827695,0.0,0.0,0.0,0.0,0.0,0.0,0.0,0.0,0.0,0.0,Gaussian,"opt+freq: b3lyp/6-311G** em=gd3bj
energy: M062X/6-311G+(2d, p) em=gd3",QC
618,Li+_Anionname89,F[B-](F)(F)C(F)(F)F.[Li+],Li+,[Li+],Anionname89,F[B-](F)(F)C(F)(F)F,-7.2811983,-662.3146732,-0.012748,-0.008195,0.00236,0.033236,133.042832,364.8448,-2.3488,-0.12788,-7.2849058,-662.47925,-0.25486,0.29709,-7.2939463,-7.278838299999999,-662.3228682,-662.2814372,0.0,0.0,0.0,0.0,0.0,0.0,0.0,0.0,0.0,0.0,Gaussian,"opt+freq: b3lyp/6-311G** em=gd3bj
energy: M062X/6-311G+(2d, p) em=gd3",QC
619,Li+_Anionname92,O=[N+]([O-])[N-][N+](=O)[O-].[Li+],Li+,[Li+],Anionname92,O=[N+]([O-])[N-][N+](=O)[O-],-7.2811983,-464.968549,-0.012748,-0.002614,0.00236,0.03383,133.042832,320.925352,-2.3488,-0.08327,-7.2849058,-465.1157268,-0.25486,0.10035,-7.2939463,-7.278838299999999,-464.971163,-464.934719,-472.4751803,-0.002356,0.037639,352.200752,-0.28143,-472.6413208,-0.07029,-472.4775363,-472.4375413,-591.874341500025,Gaussian,"opt+freq: b3lyp/6-311G** em=gd3bj
energy: M062X/6-311G+(2d, p) em=gd3",QC
620,Li+_Anionname94,O=S(=O)([O-])C(F)(F)C(F)(F)C(F)(F)C(F)(F)C(F)(F)C(F)(F)C(F)(F)C(F)(F)F.[Li+],Li+,[Li+],Anionname94,O=S(=O)([O-])C(F)(F)C(F)(F)C(F)(F)C(F)(F)C(F)(F)C(F)(F)C(F)(F)C(F)(F)F,-7.2811983,-2626.1086405,-0.012748,0.048175,0.00236,0.136792,133.042832,780.353656,-2.3488,-0.10567,-7.2849058,-2626.708205,-0.25486,0.05994,-7.2939463,-7.278838299999999,-2626.0604655,-2625.9718485,-2633.6135441,0.049347,0.140745,804.846792,-0.3143,-2634.2288836,-0.05726,-2633.5641971,-2633.4727991,-587.3382651497172,Gaussian,"opt+freq: b3lyp/6-311G** em=gd3bj
energy: M062X/6-311G+(2d, p) em=gd3",QC
621,Li+_Anionname95,CCCCCCCCCCCCC(=O)[O-].[Li+],Li+,[Li+],Anionname95,CCCCCCCCCCCCC(=O)[O-],-7.2811983,-660.8606095,-0.012748,0.302531,0.00236,0.370389,133.042832,597.55888,-2.3488,-0.02873,-7.2849058,-661.2083972,-0.25486,0.10065,-7.2939463,-7.278838299999999,-660.5580785,-660.4902205,0.0,0.0,0.0,0.0,0.0,0.0,0.0,0.0,0.0,0.0,Gaussian,"opt+freq: b3lyp/6-311G** em=gd3bj
energy: M062X/6-311G+(2d, p) em=gd3",QC
622,Li+_Anionname97,CC(C)(C)C(=O)[O-].[Li+],Li+,[Li+],Anionname97,CC(C)(C)C(=O)[O-],-7.2811983,-346.4276685,-0.012748,0.095299,0.00236,0.1371,133.042832,368.099952,-2.3488,-0.02783,-7.2849058,-346.5825815,-0.25486,0.17982,-7.2939463,-7.278838299999999,-346.3323695,-346.2905685,-353.9518626,0.097174,0.141639,391.555456,-0.21571,-354.1240291,-0.0608,-353.8546886,-353.8102236,-637.9854729000446,Gaussian,"opt+freq: b3lyp/6-311G** em=gd3bj
energy: M062X/6-311G+(2d, p) em=gd3",QC
623,Li+_Anionname99,O=[N+]([O-])c1ccc2nc[n-]c2c1.[Li+],Li+,[Li+],Anionname99,O=[N+]([O-])c1ccc2nc[n-]c2c1,-7.2811983,-1079.3269574,-0.012748,0.33671,0.00236,0.411849,133.042832,661.6703120000001,-2.3488,-0.07591,-7.2849058,-1079.7378359,-0.25486,0.10167,-7.2939463,-7.278838299999999,-1078.9902474,-1078.9151084,-591.2796685,0.07086,0.116908,405.504912,-0.2245,-591.5164432,-0.1151,-591.2088084999999,-591.1627605,0.0,Gaussian,"opt+freq: b3lyp/6-311G** em=gd3bj
energy: M062X/6-311G+(2d, p) em=gd3",QC
624,Li+_Anionname100,CS(=O)(=O)[O-].[Li+],Li+,[Li+],Anionname100,CS(=O)(=O)[O-],-7.2811983,-436.2680683,-0.012748,0.054082,0.00236,0.094688,133.042832,357.577192,-2.3488,-0.03431,-7.2849058,-436.4298661,-0.25486,0.10763,-7.2939463,-7.278838299999999,-436.2139863,-436.1733803,-671.336412,0.021795,0.058626,324.331128,-0.27806,-671.4494931,-0.04489,-671.314617,-671.277786,-598055.1502476999,Gaussian,"opt+freq: b3lyp/6-311G** em=gd3bj
energy: M062X/6-311G+(2d, p) em=gd3",QC
625,Li+_Anionname101,CC(C)[C@H](N)C(=O)[O-].[Li+],Li+,[Li+],Anionname101,CC(C)[C@H](N)C(=O)[O-],-7.2811983,-401.7777276,-0.012748,0.110358,0.00236,0.156048,133.042832,402.341808,-2.3488,-0.03551,-7.2849058,-401.9520015,-0.25486,0.1635,-7.2939463,-7.278838299999999,-401.6673696,-401.6216796,-409.3262356,0.115346,0.161278,404.4840160000001,-0.21555,-409.5205869,-0.04279,-409.2108896,-409.1649576,-701.8216173499959,Gaussian,"opt+freq: b3lyp/6-311G** em=gd3bj
energy: M062X/6-311G+(2d, p) em=gd3",QC
626,Li+_Anionname102,O=C([O-])C(F)(F)C(F)(F)C(F)(F)F.[Li+],Li+,[Li+],Anionname102,O=C([O-])C(F)(F)C(F)(F)C(F)(F)F,-7.2811983,-1001.8703499,-0.012748,0.008726,0.00236,0.061126,133.042832,461.4408080000001,-2.3488,-0.06869,-7.2849058,-1002.1363476,-0.25486,0.17517,-7.2939463,-7.278838299999999,-1001.8616239,-1001.8092239,-1009.3813924,0.009677,0.065121,488.235144,-0.26475,-1009.6713877,-0.05906,-1009.3717154,-1009.3162714,-603.4559471000059,Gaussian,"opt+freq: b3lyp/6-311G** em=gd3bj
energy: M062X/6-311G+(2d, p) em=gd3",QC
627,Li+_Anionname105,CCCCCC(=O)[O-].[Li+],Li+,[Li+],Anionname105,CCCCCC(=O)[O-],-7.2811983,-385.7280288,-0.012748,0.122521,0.00236,0.167547,133.042832,396.5009440000001,-2.3488,-0.02556,-7.2849058,-385.9066746,-0.25486,0.15836,-7.2939463,-7.278838299999999,-385.6055078,-385.5604818,-393.2816364,0.124914,0.172412,418.270296,-0.2595,-393.4771071,-0.03717,-393.1567224,-393.1092244,-715.2106171499804,Gaussian,"opt+freq: b3lyp/6-311G** em=gd3bj
energy: M062X/6-311G+(2d, p) em=gd3",QC
628,Li+_Anionname106,Cc1ncc([N+](=O)[O-])[n-]1.[Li+],Li+,[Li+],Anionname106,Cc1ncc([N+](=O)[O-])[n-]1,-7.2811983,-469.4708068,-0.012748,0.051572,0.00236,0.093566,133.042832,369.794472,-2.3488,-0.05666,-7.2849058,-469.6421073,-0.25486,0.09634,-7.2939463,-7.278838299999999,-469.4192348,-469.3772408,-476.9579041,0.051464,0.097584,406.132512,-0.21612,-477.1442082,-0.08445,-476.9064401,-476.8603201,-540.5878245001179,Gaussian,"opt+freq: b3lyp/6-311G** em=gd3bj
energy: M062X/6-311G+(2d, p) em=gd3",QC
629,Li+_Anionname107,CCCCCCCCCCCC(=O)[O-].[Li+],Li+,[Li+],Anionname107,CCCCCCCCCCCC(=O)[O-],-7.2811983,-621.5560563,-0.012748,0.276771,0.00236,0.341393,133.042832,569.0574720000001,-2.3488,-0.02861,-7.2849058,-621.8797049,-0.25486,0.10593,-7.2939463,-7.278838299999999,-621.2792853,-621.2146633,0.0,0.0,0.0,0.0,0.0,0.0,0.0,0.0,0.0,0.0,Gaussian,"opt+freq: b3lyp/6-311G** em=gd3bj
energy: M062X/6-311G+(2d, p) em=gd3",QC
630,Li+_Anionname108,CCCCCCCCCCCCCC(=O)[O-].[Li+],Li+,[Li+],Anionname108,CCCCCCCCCCCCCC(=O)[O-],-7.2811983,0.0,-0.012748,0.0,0.00236,0.0,133.042832,0.0,-2.3488,0.0,-7.2849058,0.0,-0.25486,0.0,-7.2939463,-7.278838299999999,0.0,0.0,0.0,0.0,0.0,0.0,0.0,0.0,0.0,0.0,0.0,0.0,Gaussian,"opt+freq: b3lyp/6-311G** em=gd3bj
energy: M062X/6-311G+(2d, p) em=gd3",QC
631,Li+_Anionname110,O=S1(=O)[N-]S(=O)(=O)C(F)(F)C(F)(F)C1(F)F.[Li+],Li+,[Li+],Anionname110,O=S1(=O)[N-]S(=O)(=O)C(F)(F)C(F)(F)C1(F)F,-7.2811983,-1865.3864198,-0.012748,0.017198,0.00236,0.073158,133.042832,492.787336,-2.3488,-0.15022,-7.2849058,-1865.6990524,-0.25486,0.12056,-7.2939463,-7.278838299999999,-1865.3692218,-1865.3132618,-1872.8921958,0.019151,0.077067,510.004496,-0.32319,-1873.2229276,-0.05189,-1872.8730448,-1872.8151288,-589.6287513501428,Gaussian,"opt+freq: b3lyp/6-311G** em=gd3bj
energy: M062X/6-311G+(2d, p) em=gd3",QC
632,Li+_Anionname111,O=S([O-])C(F)(F)C(F)(F)C(F)(F)C(F)(F)F.[Li+],Li+,[Li+],Anionname111,O=S([O-])C(F)(F)C(F)(F)C(F)(F)C(F)(F)F,-7.2811983,-1599.6921337,-0.012748,0.009778,0.00236,0.071894,133.042832,546.9910560000001,-2.3488,-0.04904,-7.2849058,-1600.0265025,-0.25486,0.1355,-7.2939463,-7.278838299999999,-1599.6823557,-1599.6202397,-1607.2194408,0.012879,0.076143,557.103784,-0.26275,-1607.5751408,-0.0449,-1607.2065618,-1607.1432978,-646.1586544000047,Gaussian,"opt+freq: b3lyp/6-311G** em=gd3bj
energy: M062X/6-311G+(2d, p) em=gd3",QC
633,Li+_Anionname112,N#C[O-].[Li+],Li+,[Li+],Anionname112,N#C[O-],-7.2811983,-168.1231531,-0.012748,-0.010769,0.00236,0.014164,133.042832,219.551216,-2.3488,-0.00033,-7.2849058,-168.1657465,-0.25486,0.359,-7.2939463,-7.278838299999999,-168.1339221,-168.1089891,-175.6514578,-0.011367,0.017805,256.885048,-0.23148,-175.7166803,-0.06269,-175.6628248,-175.6336528,-648.7778532000182,Gaussian,"opt+freq: b3lyp/6-311G** em=gd3bj
energy: M062X/6-311G+(2d, p) em=gd3",QC
634,Li+_Anionname113,F[B-](F)(F)CC(F)(F)F.[Li+],Li+,[Li+],Anionname113,F[B-](F)(F)CC(F)(F)F,-7.2811983,-701.6214229,-0.012748,0.016421,0.00236,0.061609,133.042832,397.91932,-2.3488,-0.12115,-7.2849058,-701.8109732,-0.25486,0.21458,-7.2939463,-7.278838299999999,-701.6050018999999,-701.5598139,0.0,0.0,0.0,0.0,0.0,0.0,0.0,0.0,0.0,0.0,Gaussian,"opt+freq: b3lyp/6-311G** em=gd3bj
energy: M062X/6-311G+(2d, p) em=gd3",QC
635,Li+_Anionname115,O=C([O-])CC(=O)O.[Li+],Li+,[Li+],Anionname115,O=C([O-])CC(=O)O,-7.2811983,-417.0939726,-0.012748,0.029633,0.00236,0.069434,133.042832,350.485312,-2.3488,-0.04406,-7.2849058,-417.2303038,-0.25486,0.1632,-7.2939463,-7.278838299999999,-417.0643396,-417.0245386,-424.6383657,0.03135,0.074232,377.614368,-0.26527,-424.7911493,-0.04245,-424.6070157,-424.5641337,-691.0179474000208,Gaussian,"opt+freq: b3lyp/6-311G** em=gd3bj
energy: M062X/6-311G+(2d, p) em=gd3",QC
636,Li+_Anionname117,F[P-](F)(F)(F)(F)F.[Li+],Li+,[Li+],Anionname117,F[P-](F)(F)(F)(F)F,-7.2811983,-940.7140796,-0.012748,-0.01227,0.00236,0.025403,133.042832,331.745176,-2.3488,-0.18482,-7.2849058,-940.8739445,-0.25486,0.24571,-7.2939463,-7.278838299999999,-940.7263495999999,-940.6886766,0.0,0.0,0.0,0.0,0.0,0.0,0.0,0.0,0.0,0.0,Gaussian,"opt+freq: b3lyp/6-311G** em=gd3bj
energy: M062X/6-311G+(2d, p) em=gd3",QC
637,Li+_Anionname120,O=S(=O)([O-])O.[Li+],Li+,[Li+],Anionname120,O=S(=O)([O-])O,-7.2811983,-699.7340793,-0.012748,-0.003745,0.00236,0.031659,133.042832,311.77076,-2.3488,-0.07136,-7.2849058,-699.8234319,-0.25486,0.19381,-7.2939463,-7.278838299999999,-699.7378242999999,-699.7024203,-707.259939,-0.000978,0.035461,320.883512,-0.29446,-707.3624642,-0.04982,-707.2609170000001,-707.224478,-642.3585057001073,Gaussian,"opt+freq: b3lyp/6-311G** em=gd3bj
energy: M062X/6-311G+(2d, p) em=gd3",QC
638,Li+_Anionname122,N#C[N-]C#N.[Li+],Li+,[Li+],Anionname122,N#C[N-]C#N,-7.2811983,-240.4895513,-0.012748,-0.006294,0.00236,0.025799,133.042832,282.612464,-2.3488,-0.04718,-7.2849058,-240.5644108,-0.25486,0.23458,-7.2939463,-7.278838299999999,-240.4958453,-240.4637523,-247.9811612,-0.006806,0.029688,321.368856,-0.22612,-248.073306,-0.07941,-247.9879672,-247.9514732,-552.4356558000386,Gaussian,"opt+freq: b3lyp/6-311G** em=gd3bj
energy: M062X/6-311G+(2d, p) em=gd3",QC
639,Li+_Anionname123,F[B-](F)(F)C(F)(F)C(F)(F)F.[Li+],Li+,[Li+],Anionname123,F[B-](F)(F)C(F)(F)C(F)(F)F,-7.2811983,-900.1130956,-0.012748,-0.000971,0.00236,0.04796,133.042832,430.885056,-2.3488,-0.13108,-7.2849058,-900.3410582,-0.25486,0.22858,-7.2939463,-7.278838299999999,-900.1140666,-900.0651356,0.0,0.0,0.0,0.0,0.0,0.0,0.0,0.0,0.0,0.0,Gaussian,"opt+freq: b3lyp/6-311G** em=gd3bj
energy: M062X/6-311G+(2d, p) em=gd3",QC
640,Li+_Anionname124,O=[N+]([O-])[O-].[Li+],Li+,[Li+],Anionname124,O=[N+]([O-])[O-],-7.2811983,-280.3509632,-0.012748,-0.011151,0.00236,0.017826,133.042832,255.173792,-2.3488,-0.00973,-7.2849058,-280.4279313,-0.25486,0.20663,-7.2939463,-7.278838299999999,-280.3621142,-280.3331372,-287.8830556,-0.010457,0.021593,282.23172,-0.27444,-287.9844007,-0.05345,-287.8935126,-287.8614626,-658.7224595499533,Gaussian,"opt+freq: b3lyp/6-311G** em=gd3bj
energy: M062X/6-311G+(2d, p) em=gd3",QC
641,Li+_Anionname125,O=C([O-])C(F)(F)C(F)(F)C(F)(F)C(F)(F)C(F)(F)C(F)(F)C(F)(F)F.[Li+],Li+,[Li+],Anionname125,O=C([O-])C(F)(F)C(F)(F)C(F)(F)C(F)(F)C(F)(F)C(F)(F)C(F)(F)F,-7.2811983,-1953.0407509,-0.012748,0.040174,0.00236,0.119612,133.042832,699.527144,-2.3488,-0.07405,-7.2849058,-1953.5584293,-0.25486,0.08254,-7.2939463,-7.278838299999999,-1953.0005769,-1952.9211389,-1960.5626401,0.042028,0.12417,723.342472,-0.30101,-1961.097112,-0.05342,-1960.5206121,-1960.4384701,-631.9339579503094,Gaussian,"opt+freq: b3lyp/6-311G** em=gd3bj
energy: M062X/6-311G+(2d, p) em=gd3",QC
642,Li+_Anionname126,C[C@H](O)C(=O)[O-].[Li+],Li+,[Li+],Anionname126,C[C@H](O)C(=O)[O-],-7.2811983,-343.0532825,-0.012748,0.049729,0.00236,0.08661,133.042832,324.770448,-2.3488,-0.03737,-7.2849058,-343.1768899,-0.25486,0.19909,-7.2939463,-7.278838299999999,-343.0035535,-342.9666725,-350.5862103,0.051102,0.090932,350.740536,-0.22209,-350.7303717,-0.04464,-350.5351083,-350.4952783,-660.9158022500272,Gaussian,"opt+freq: b3lyp/6-311G** em=gd3bj
energy: M062X/6-311G+(2d, p) em=gd3",QC
643,Li+_Anionname127,CC(=O)[C-](C#N)C#N.[Li+],Li+,[Li+],Anionname127,CC(=O)[C-](C#N)C#N,-7.2811983,-377.0860554,-0.012748,0.033772,0.00236,0.076377,133.042832,375.183464,-2.3488,-0.0558,-7.2849058,-377.2272616,-0.25486,0.14933,-7.2939463,-7.278838299999999,-377.0522834,-377.0096784,-384.5516258,0.035282,0.079656,390.76468,-0.22359,-384.7075185,-0.08371,-384.5163438,-384.4719698,-484.0689485498998,Gaussian,"opt+freq: b3lyp/6-311G** em=gd3bj
energy: M062X/6-311G+(2d, p) em=gd3",QC
644,Li+_Anionname128,N#C[B-](C#N)(C#N)C#N.[Li+],Li+,[Li+],Anionname128,N#C[B-](C#N)(C#N)C#N,-7.2811983,-396.3825058,-0.012748,0.003064,0.00236,0.047194,133.042832,388.614104,-2.3488,-0.20184,-7.2849058,-396.5113959,-0.25486,0.13047,-7.2939463,-7.278838299999999,-396.3794418,-396.3353118,0.0,0.0,0.0,0.0,0.0,0.0,0.0,0.0,0.0,0.0,Gaussian,"opt+freq: b3lyp/6-311G** em=gd3bj
energy: M062X/6-311G+(2d, p) em=gd3",QC
645,Li+_Anionname129,CCCC(=O)[O-].[Li+],Li+,[Li+],Anionname129,CCCC(=O)[O-],-7.2811983,-307.1178705,-0.012748,0.070739,0.00236,0.109351,133.042832,340.016944,-2.3488,-0.02027,-7.2849058,-307.2473723,-0.25486,0.18306,-7.2939463,-7.278838299999999,-307.0471315,-307.0085195,-314.6425024,0.07234,0.114231,368.890728,-0.21213,-314.7908362,-0.05771,-314.5701624,-314.5282714,-639.1349168000079,Gaussian,"opt+freq: b3lyp/6-311G** em=gd3bj
energy: M062X/6-311G+(2d, p) em=gd3",QC
646,Li+_Anionname130,Cc1ccc(S(=O)(=O)[O-])cc1.[Li+],Li+,[Li+],Anionname130,Cc1ccc(S(=O)(=O)[O-])cc1,-7.2811983,-894.8242331,-0.012748,0.085922,0.00236,0.136936,133.042832,449.227712,-2.3488,-0.07432,-7.2849058,-895.034441,-0.25486,0.10435,-7.2939463,-7.278838299999999,-894.7383111,-894.6872971,-902.3314714,0.089508,0.141154,454.796616,-0.25331,-902.5554068,-0.06156,-902.2419634,-902.1903174,-593.468020000031,Gaussian,"opt+freq: b3lyp/6-311G** em=gd3bj
energy: M062X/6-311G+(2d, p) em=gd3",QC
647,Li+_Anionname132,CC(=O)[O-].[Li+],Li+,[Li+],Anionname132,CC(=O)[O-],-7.2811983,-228.5053588,-0.012748,0.018547,0.00236,0.051636,133.042832,291.382128,-2.3488,-0.00707,-7.2849058,-228.5822407,-0.25486,0.22055,-7.2939463,-7.278838299999999,-228.4868118,-228.4537228,-236.0658221,0.020352,0.056462,317.984,-0.2557,-236.1620039,-0.03631,-236.0454701,-236.0093601,-733.2102574999501,Gaussian,"opt+freq: b3lyp/6-311G** em=gd3bj
energy: M062X/6-311G+(2d, p) em=gd3",QC
648,Li+_Anionname139,O=S(=O)([O-])C(F)(F)C(F)(F)C(F)(F)C(F)(F)F.[Li+],Li+,[Li+],Anionname139,O=S(=O)([O-])C(F)(F)C(F)(F)C(F)(F)C(F)(F)F,-7.2811983,-1674.9392325,-0.012748,0.016681,0.00236,0.078252,133.042832,542.1836400000001,-2.3488,-0.10329,-7.2849058,-1675.2878478,-0.25486,0.13223,-7.2939463,-7.278838299999999,-1674.9225515,-1674.8609805,-1682.4451276,0.01792,0.082176,565.835792,-0.31393,-1682.8096579,-0.05698,-1682.4272076,-1682.3629516,-589.9414484004577,Gaussian,"opt+freq: b3lyp/6-311G** em=gd3bj
energy: M062X/6-311G+(2d, p) em=gd3",QC
649,Li+_Anionname140,COC(=S)[S-].[Li+],Li+,[Li+],Anionname140,COC(=S)[S-],-7.2811983,-949.6533322,-0.012748,0.017529,0.00236,0.054428,133.042832,324.937808,-2.3488,-0.0261,-7.2849058,-949.7857208,-0.25486,0.13187,-7.2939463,-7.278838299999999,-949.6358032,-949.5989042,-957.1700787,0.018346,0.058195,350.903712,-0.21158,-957.3125093,-0.05701,-957.1517327,-957.1118837,-618.4317990998047,Gaussian,"opt+freq: b3lyp/6-311G** em=gd3bj
energy: M062X/6-311G+(2d, p) em=gd3",QC
650,Li+_Anionname141,NCCC(=O)[O-].[Li+],Li+,[Li+],Anionname141,NCCC(=O)[O-],-7.2811983,-323.1661715,-0.012748,0.061592,0.00236,0.099414,133.042832,333.054768,-2.3488,-0.02995,-7.2849058,-323.2910738,-0.25486,0.18797,-7.2939463,-7.278838299999999,-323.1045795,-323.0667575,-330.7129138,0.064323,0.104488,353.690256,-0.20609,-330.8585944,-0.04406,-330.6485908,-330.6084258,-697.18577199994,Gaussian,"opt+freq: b3lyp/6-311G** em=gd3bj
energy: M062X/6-311G+(2d, p) em=gd3",QC
651,Li+_Anionname142,N#Cc1ccc([B-](F)(F)F)cc1.[Li+],Li+,[Li+],Anionname142,N#Cc1ccc([B-](F)(F)F)cc1,-7.2811983,-648.5204563,-0.012748,0.05922,0.00236,0.108433,133.042832,433.366168,-2.3488,-0.12985,-7.2849058,-648.7398366,-0.25486,0.0733,-7.2939463,-7.278838299999999,-648.4612363,-648.4120233,-656.0086156,0.060288,0.112311,458.118712,-0.29282,-656.2449476,-0.08327,-655.9483276,-655.8963046,-543.3761054999434,Gaussian,"opt+freq: b3lyp/6-311G** em=gd3bj
energy: M062X/6-311G+(2d, p) em=gd3",QC
652,Li+_Anionname147,N#Cc1cccc([B-](F)(F)F)c1.[Li+],Li+,[Li+],Anionname147,N#Cc1cccc([B-](F)(F)F)c1,-7.2811983,-648.5194329,-0.012748,0.059178,0.00236,0.108382,133.042832,433.2866720000001,-2.3488,-0.13117,-7.2849058,-648.7386591,-0.25486,0.07338,-7.2939463,-7.278838299999999,-648.4602549,-648.4110509,-656.0086786,0.060295,0.112342,458.323728,-0.2939,-656.2449708,-0.08422,-655.9483836,-655.8963366,-546.2284487001443,Gaussian,"opt+freq: b3lyp/6-311G** em=gd3bj
energy: M062X/6-311G+(2d, p) em=gd3",QC
653,Li+_Anionname148,O=C1O[B-](F)(F)OC1=O.[Li+],Li+,[Li+],Anionname148,O=C1O[B-](F)(F)OC1=O,-7.2811983,-601.9763171,-0.012748,0.003882,0.00236,0.044284,133.042832,355.773888,-2.3488,-0.11241,-7.2849058,-602.1401193,-0.25486,0.1015,-7.2939463,-7.278838299999999,-601.9724351,-601.9320331,0.0,0.0,0.0,0.0,0.0,0.0,0.0,0.0,0.0,0.0,Gaussian,"opt+freq: b3lyp/6-311G** em=gd3bj
energy: M062X/6-311G+(2d, p) em=gd3",QC
654,Li+_Anionname149,Fc1ccccc1[B-](F)(F)F.[Li+],Li+,[Li+],Anionname149,Fc1ccccc1[B-](F)(F)F,-7.2811983,-655.5110799,-0.012748,0.054483,0.00236,0.1006,133.042832,406.1032240000001,-2.3488,-0.10501,-7.2849058,-655.7225732,-0.25486,0.12602,-7.2939463,-7.278838299999999,-655.4565969,-655.4104799,0.0,0.0,0.0,0.0,0.0,0.0,0.0,0.0,0.0,0.0,Gaussian,"opt+freq: b3lyp/6-311G** em=gd3bj
energy: M062X/6-311G+(2d, p) em=gd3",QC
655,Li+_Anionname165,CC(C)C[C@H](N)C(=O)[O-].[Li+],Li+,[Li+],Anionname165,CC(C)C[C@H](N)C(=O)[O-],-7.2811983,-905.9460358,-0.012748,0.056006,0.00236,0.115546,133.042832,524.3095920000001,-2.3488,-0.09738,-7.2849058,-906.2327718,-0.25486,0.09571,-7.2939463,-7.278838299999999,-905.8900298,-905.8304898,-448.6313839,0.140919,0.190249,434.4038,-0.21738,-448.8499044,-0.04397,-448.4904649,-448.4411349,0.0,Gaussian,"opt+freq: b3lyp/6-311G** em=gd3bj
energy: M062X/6-311G+(2d, p) em=gd3",QC
656,Li+_Anionname167,O=C1CC(=O)O[B-](F)(F)O1.[Li+],Li+,[Li+],Anionname167,O=C1CC(=O)O[B-](F)(F)O1,-7.2811983,-725.5708345,-0.012748,0.105227,0.00236,0.151089,133.042832,403.8606,-2.3488,-0.07716,-7.2849058,-725.761309,-0.25486,0.15715,-7.2939463,-7.278838299999999,-725.4656075,-725.4197455000001,0.0,0.0,0.0,0.0,0.0,0.0,0.0,0.0,0.0,0.0,Gaussian,"opt+freq: b3lyp/6-311G** em=gd3bj
energy: M062X/6-311G+(2d, p) em=gd3",QC
657,Li+_Anionname172,NCC(=O)[O-].[Li+],Li+,[Li+],Anionname172,NCC(=O)[O-],-7.2811983,-283.8596396,-0.012748,0.03602,0.00236,0.07072,133.042832,305.561704,-2.3488,-0.01642,-7.2849058,-283.9575277,-0.25486,0.20439,-7.2939463,-7.278838299999999,-283.8236196,-283.7889196,-291.4052038,0.038824,0.075477,322.766312,-0.21501,-291.525321,-0.04704,-291.3663798,-291.3297268,-694.092670449929,Gaussian,"opt+freq: b3lyp/6-311G** em=gd3bj
energy: M062X/6-311G+(2d, p) em=gd3",QC
658,Li+_Anionname179,Fc1ccc([B-](F)(F)F)cc1.[Li+],Li+,[Li+],Anionname179,Fc1ccc([B-](F)(F)F)cc1,-7.2811983,-655.5115363,-0.012748,0.05379,0.00236,0.100614,133.042832,412.3332,-2.3488,-0.10288,-7.2849058,-655.7232078,-0.25486,0.12152,-7.2939463,-7.278838299999999,-655.4577462999999,-655.4109223,0.0,0.0,0.0,0.0,0.0,0.0,0.0,0.0,0.0,0.0,Gaussian,"opt+freq: b3lyp/6-311G** em=gd3bj
energy: M062X/6-311G+(2d, p) em=gd3",QC
659,Li+_Anionname185,CCS(=O)(=O)[O-].[Li+],Li+,[Li+],Anionname185,CCS(=O)(=O)[O-],-7.2811983,-703.1080762,-0.012748,0.045625,0.00236,0.083596,133.042832,334.368544,-2.3488,-0.06034,-7.2849058,-703.2340405,-0.25486,0.177,-7.2939463,-7.278838299999999,-703.0624512,-703.0244802,-710.5366797,0.044517,0.086159,366.698312,-0.21898,-710.6712851,-0.11114,-710.4921627,-710.4505207000001,-387.0123525999479,Gaussian,"opt+freq: b3lyp/6-311G** em=gd3bj
energy: M062X/6-311G+(2d, p) em=gd3",QC
660,Li+_Anionname187,NC(CO)C(=O)[O-].[Li+],Li+,[Li+],Anionname187,NC(CO)C(=O)[O-],-7.2811983,-398.3993557,-0.012748,0.065593,0.00236,0.105303,133.042832,349.690352,-2.3488,-0.049,-7.2849058,-398.5425891,-0.25486,0.18685,-7.2939463,-7.278838299999999,-398.3337627,-398.2940527,-405.9472916,0.069016,0.110141,362.1461200000001,-0.22087,-406.1120123,-0.03022,-405.8782756000001,-405.8371506,-700.3195688001467,Gaussian,"opt+freq: b3lyp/6-311G** em=gd3bj
energy: M062X/6-311G+(2d, p) em=gd3",QC
661,Li+_Anionname193,Fc1cccc([B-](F)(F)F)c1.[Li+],Li+,[Li+],Anionname193,Fc1cccc([B-](F)(F)F)c1,-7.2811983,-655.5125677,-0.012748,0.053759,0.00236,0.100578,133.042832,412.2913600000001,-2.3488,-0.10816,-7.2849058,-655.7242276,-0.25486,0.12419,-7.2939463,-7.278838299999999,-655.4588087,-655.4119896999999,0.0,0.0,0.0,0.0,0.0,0.0,0.0,0.0,0.0,0.0,Gaussian,"opt+freq: b3lyp/6-311G** em=gd3bj
energy: M062X/6-311G+(2d, p) em=gd3",QC
662,Li+_Anionname197,O=C([O-])C(F)(F)C(F)(F)C(F)(F)C(F)(F)C(F)(F)C(F)(F)C(F)(F)C(F)(F)F.[Li+],Li+,[Li+],Anionname197,O=C([O-])C(F)(F)C(F)(F)C(F)(F)C(F)(F)C(F)(F)C(F)(F)C(F)(F)C(F)(F)F,-7.2811983,-2190.8329911,-0.012748,0.048039,0.00236,0.134249,133.042832,759.161696,-2.3488,-0.07438,-7.2849058,-2191.4133558,-0.25486,0.06712,-7.2939463,-7.278838299999999,-2190.7849521,-2190.6987421,-2198.3547554,0.04988,0.138811,783.123464,-0.30111,-2198.9518807,-0.05346,-2198.3048754,-2198.2159444,-631.6060329998538,Gaussian,"opt+freq: b3lyp/6-311G** em=gd3bj
energy: M062X/6-311G+(2d, p) em=gd3",QC
663,Li+_Anionname200,F[B-](F)(F)c1ccccc1.[Li+],Li+,[Li+],Anionname200,F[B-](F)(F)c1ccccc1,-7.2811983,-556.2617788,-0.012748,0.062932,0.00236,0.107577,133.042832,393.141192,-2.3488,-0.10118,-7.2849058,-556.4533291,-0.25486,0.13494,-7.2939463,-7.278838299999999,-556.1988468,-556.1542018,0.0,0.0,0.0,0.0,0.0,0.0,0.0,0.0,0.0,0.0,Gaussian,"opt+freq: b3lyp/6-311G** em=gd3bj
energy: M062X/6-311G+(2d, p) em=gd3",QC
664,Li+_Anionname210,NCCS(=O)(=O)[O-].[Li+],Li+,[Li+],Anionname210,NCCS(=O)(=O)[O-],-7.2811983,-758.4600847,-0.012748,0.06189,0.00236,0.102327,133.042832,356.091872,-2.3488,-0.07175,-7.2849058,-758.6065057,-0.25486,0.16775,-7.2939463,-7.278838299999999,-758.3981947000001,-758.3577577000001,-765.9913025,0.065282,0.107149,368.67316,-0.25133,-766.1537589,-0.04729,-765.9260204999999,-765.8841534999999,-656.4261972497216,Gaussian,"opt+freq: b3lyp/6-311G** em=gd3bj
energy: M062X/6-311G+(2d, p) em=gd3",QC
665,Na+_bis(trifluoromethylsulfonyl)imide,O=S(=O)([N-]S(=O)(=O)C(F)(F)F)C(F)(F)F.[Na+],Na+,[Na+],bis(trifluoromethylsulfonyl)imide,O=S(=O)([N-]S(=O)(=O)C(F)(F)F)C(F)(F)F,-162.0502156,-1827.300096,-0.014429,0.007679,0.00236,0.06695,147.845824,521.945632,-1.43893,-0.15011,-162.0874601,-1827.6026494,-0.26217,0.161,-162.0646446,-162.0478556,-1827.292417,-1827.233146,-1989.5385473,0.007149,0.070223,555.4343680000001,-0.3027,-1989.8921292,-0.06923,-1989.5313983,-1989.4683243,-494.2128303498691,Gaussian,"opt+freq: b3lyp/6-311G** em=gd3bj
energy: M062X/6-311G+(2d, p) em=gd3",QC
666,Na+_diethyl-phosphate,CCOP(=O)([O-])OCC.[Na+],Na+,[Na+],diethyl-phosphate,CCOP(=O)([O-])OCC,-162.0502156,-800.8282504,-0.014429,0.107688,0.00236,0.157286,147.845824,436.763576,-1.43893,-0.07332,-162.0874601,-801.0365467,-0.26217,0.16836,-162.0646446,-162.0478556,-800.7205624,-800.6709644,-963.0913222,0.10731,0.161167,474.2647680000001,-0.24637,-963.3466099,-0.06706,-962.9840122,-962.9301552000001,-558.8539531000864,Gaussian,"opt+freq: b3lyp/6-311G** em=gd3bj
energy: M062X/6-311G+(2d, p) em=gd3",QC
667,Na+_ethyl-sulfate,CCOS(=O)(=O)[O-].[Na+],Na+,[Na+],ethyl-sulfate,CCOS(=O)(=O)[O-],-162.0502156,-778.3321631,-0.014429,0.047795,0.00236,0.088931,147.845824,362.238168,-1.43893,-0.07903,-162.0874601,-778.4758512,-0.26217,0.17326,-162.0646446,-162.0478556,-778.2843681,-778.2432321,-940.5875635,0.046913,0.092463,401.111712,-0.26207,-940.7747296,-0.07145,-940.5406505,-940.4951005,-538.712692399957,Gaussian,"opt+freq: b3lyp/6-311G** em=gd3bj
energy: M062X/6-311G+(2d, p) em=gd3",QC
668,Na+_bis(2-ethylhexyl)phosphate,CCCCC(CC)COP(=O)([O-])OCC(CC)CCCC.[Na+],Na+,[Na+],bis(2-ethylhexyl)phosphate,CCCCC(CC)COP(=O)([O-])OCC(CC)CCCC,-162.0502156,-1272.4908082,-0.014429,0.416921,0.00236,0.504171,147.845824,768.3162880000001,-1.43893,-0.09528,-162.0874601,-1272.9959659,-0.26217,0.11817,-162.0646446,-162.0478556,-1272.0738872,-1271.9866372,-1434.7543062,0.417836,0.508286,796.499712,-0.24531,-1435.306302,-0.05573,-1434.3364702,-1434.2460202,-559.972941200067,Gaussian,"opt+freq: b3lyp/6-311G** em=gd3bj
energy: M062X/6-311G+(2d, p) em=gd3",QC
669,Na+_dibutylphosphate,CCCCOP(=O)([O-])OCCCC.[Na+],Na+,[Na+],dibutylphosphate,CCCCOP(=O)([O-])OCCCC,-162.0502156,-958.0531178,-0.014429,0.210993,0.00236,0.273031,147.845824,546.30488,-1.43893,-0.08989,-162.0874601,-958.3618981,-0.26217,0.15418,-162.0646446,-162.0478556,-957.8421248,-957.7800868,-1120.3137105,0.213079,0.277209,564.7270320000001,-0.2484,-1120.669946,-0.06074,-1120.1006315,-1120.0365015,-552.3450760501926,Gaussian,"opt+freq: b3lyp/6-311G** em=gd3bj
energy: M062X/6-311G+(2d, p) em=gd3",QC
670,Na+_bis(pentafluoroethylsulfonyl)imide,O=S(=O)([N-]S(=O)(=O)C(F)(F)C(F)(F)F)C(F)(F)C(F)(F)F.[Na+],Na+,[Na+],bis(pentafluoroethylsulfonyl)imide,O=S(=O)([N-]S(=O)(=O)C(F)(F)C(F)(F)F)C(F)(F)C(F)(F)F,-162.0502156,-2302.891743,-0.014429,0.023205,0.00236,0.096268,147.845824,643.3862320000001,-1.43893,-0.1565,-162.0874601,-2303.321564,-0.26217,0.1239,-162.0646446,-162.0478556,-2302.868538,-2302.795475,-2465.1261429,0.023271,0.099565,671.837432,-0.30208,-2465.6093005,-0.0664,-2465.1028719,-2465.0265779,-483.5758796505179,Gaussian,"opt+freq: b3lyp/6-311G** em=gd3bj
energy: M062X/6-311G+(2d, p) em=gd3",QC
671,Na+_dodecylbenzenesulfonate,CCCCCCCCCCCCc1ccc(S(=O)(=O)[O-])cc1.[Na+],Na+,[Na+],dodecylbenzenesulfonate,CCCCCCCCCCCCc1ccc(S(=O)(=O)[O-])cc1,-162.0502156,-1327.1752989,-0.014429,0.370785,0.00236,0.455777,147.845824,748.4381040000001,-1.43893,-0.07722,-162.0874601,-1327.6527174,-0.26217,0.08129,-162.0646446,-162.0478556,-1326.8045139,-1326.7195219,0.0,0.0,0.0,0.0,0.0,0.0,0.0,0.0,0.0,0.0,Gaussian,"opt+freq: b3lyp/6-311G** em=gd3bj
energy: M062X/6-311G+(2d, p) em=gd3",QC
672,Na+_Anionname12,Cc1cccc(Nc2ccccc2C(=O)[O-])c1C.[Na+],Na+,[Na+],Anionname12,Cc1cccc(Nc2ccccc2C(=O)[O-])c1C,-162.0502156,-785.2358447,-0.014429,0.201107,0.00236,0.262333,147.845824,539.15024,-1.43893,-0.06512,-162.0874601,-785.587276,-0.26217,0.0933,-162.0646446,-162.0478556,-785.0347377,-784.9735117,-947.5048148,0.204068,0.267348,557.237672,-0.20273,-947.9026377,-0.03648,-947.3007468,-947.2374668,-574.3399397498209,Gaussian,"opt+freq: b3lyp/6-311G** em=gd3bj
energy: M062X/6-311G+(2d, p) em=gd3",QC
673,Na+_Anionname14,O=S(=O)([N-]S(=O)(=O)C(F)(F)C(F)(F)C(F)(F)C(F)(F)F)C(F)(F)C(F)(F)C(F)(F)C(F)(F)F.[Na+],Na+,[Na+],Anionname14,O=S(=O)([N-]S(=O)(=O)C(F)(F)C(F)(F)C(F)(F)C(F)(F)F)C(F)(F)C(F)(F)C(F)(F)C(F)(F)F,-162.0502156,-3254.0611188,-0.014429,0.053881,0.00236,0.154859,147.845824,889.2046,-1.43893,-0.15542,-162.0874601,-3254.7447177,-0.26217,0.09258,-162.0646446,-162.0478556,-3254.0072378,-3253.9062598,-2859.0800393,0.023913,0.102706,693.849456,-0.28605,-2859.5904394,-0.07602,-2859.0561263,-2858.9773333,0.0,Gaussian,"opt+freq: b3lyp/6-311G** em=gd3bj
energy: M062X/6-311G+(2d, p) em=gd3",QC
674,Na+_Anionname16,O=S(=O)([O-])NC1CCCCC1.[Na+],Na+,[Na+],Anionname16,O=S(=O)([O-])NC1CCCCC1,-162.0502156,-914.4841945,-0.014429,0.146319,0.00236,0.195347,147.845824,431.738592,-1.43893,-0.07335,-162.0874601,-914.7146457,-0.26217,0.13532,-162.0646446,-162.0478556,-914.3378755,-914.2888475,-572.3879591,0.020076,0.064802,393.856656,-0.23921,-572.5734831,-0.08229,-572.3678831,-572.3231571,0.0,Gaussian,"opt+freq: b3lyp/6-311G** em=gd3bj
energy: M062X/6-311G+(2d, p) em=gd3",QC
675,Na+_Anionname20,N[C@H](Cc1ccccc1)C(=O)[O-].[Na+],Na+,[Na+],Anionname20,N[C@H](Cc1ccccc1)C(=O)[O-],-162.0502156,-554.1934889,-0.014429,0.131759,0.00236,0.181987,147.845824,442.307376,-1.43893,-0.04181,-162.0874601,-554.4271186,-0.26217,0.08934,-162.0646446,-162.0478556,-554.0617299,-554.0115019,0.0,0.0,0.0,0.0,0.0,0.0,0.0,0.0,0.0,0.0,Gaussian,"opt+freq: b3lyp/6-311G** em=gd3bj
energy: M062X/6-311G+(2d, p) em=gd3",QC
676,Na+_Anionname21,CCCCCCCCCCCCOS(=O)(=O)[O-].[Na+],Na+,[Na+],Anionname21,CCCCCCCCCCCCOS(=O)(=O)[O-],-162.0502156,-1171.3794474,-0.014429,0.305794,0.00236,0.378523,147.845824,640.453248,-1.43893,-0.0904,-162.0874601,-1171.7675671,-0.26217,0.09797,-162.0646446,-162.0478556,-1171.0736534,-1171.0009244,-923.0838914,-0.015309,0.022271,330.925112,-0.2869,-923.2084041,-0.07907,-923.0992004,-923.0616203999999,0.0,Gaussian,"opt+freq: b3lyp/6-311G** em=gd3bj
energy: M062X/6-311G+(2d, p) em=gd3",QC
677,Na+_Anionname25,Cc1cc(Cl)ccc1OCC(=O)[O-].[Na+],Na+,[Na+],Anionname25,Cc1cc(Cl)ccc1OCC(=O)[O-],-162.0502156,-1033.6589893,-0.014429,0.106599,0.00236,0.16052,147.845824,474.833792,-1.43893,-0.05344,-162.0874601,-1033.9169754,-0.26217,0.10485,-162.0646446,-162.0478556,-1033.5523903,-1033.4984693,-622.5303369,-0.021654,0.004454,229.9108,-0.23229,-622.6018739,-0.07874,-622.5519909,-622.5258828999999,0.0,Gaussian,"opt+freq: b3lyp/6-311G** em=gd3bj
energy: M062X/6-311G+(2d, p) em=gd3",QC
678,Na+_Anionname27,N=C(N)NCCC[C@H](N)C(=O)[O-].[Na+],Na+,[Na+],Anionname27,N=C(N)NCCC[C@H](N)C(=O)[O-],-162.0502156,-605.9507311,-0.014429,0.163501,0.00236,0.217478,147.845824,475.327504,-1.43893,-0.0686,-162.0874601,-606.2052445,-0.26217,0.15054,-162.0646446,-162.0478556,-605.7872301,-605.7332531,-469.4042794,0.069476,0.11346,387.321248,-0.22901,-469.582168,-0.05619,-469.3348034,-469.2908194,0.0,Gaussian,"opt+freq: b3lyp/6-311G** em=gd3bj
energy: M062X/6-311G+(2d, p) em=gd3",QC
679,Na+_Anionname29,CC(=O)Oc1ccccc1C(=O)[O-].[Na+],Na+,[Na+],Anionname29,CC(=O)Oc1ccccc1C(=O)[O-],-162.0502156,-648.1087054,-0.014429,0.09996,0.00236,0.151056,147.845824,449.955728,-1.43893,-0.06029,-162.0874601,-648.3585974,-0.26217,0.11093,-162.0646446,-162.0478556,-648.0087454,-647.9576493999999,-810.3566365,0.098887,0.154716,491.628368,-0.213,-810.6574044,-0.07031,-810.2577495,-810.2019205,-519.1020452501893,Gaussian,"opt+freq: b3lyp/6-311G** em=gd3bj
energy: M062X/6-311G+(2d, p) em=gd3",QC
680,Na+_Anionname31,O=C([O-])c1ccccc1.[Na+],Na+,[Na+],Anionname31,O=C([O-])c1ccccc1,-162.0502156,-420.2341981,-0.014429,0.066349,0.00236,0.106392,147.845824,352.610784,-1.43893,-0.03942,-162.0874601,-420.4002711,-0.26217,0.12435,-162.0646446,-162.0478556,-420.1678491,-420.1278061,-540.0510969,0.002995,0.04473,367.5225600000001,-0.24406,-540.2128276,-0.06467,-540.0481018999999,-540.0063669,0.0,Gaussian,"opt+freq: b3lyp/6-311G** em=gd3bj
energy: M062X/6-311G+(2d, p) em=gd3",QC
681,Na+_Anionname33,CCCCCCCCOS(=O)(=O)[O-].[Na+],Na+,[Na+],Anionname33,CCCCCCCCOS(=O)(=O)[O-],-162.0502156,-1014.1611032,-0.014429,0.20261,0.00236,0.262579,147.845824,528.08356,-1.43893,-0.08968,-162.0874601,-1014.4526982,-0.26217,0.12203,-162.0646446,-162.0478556,-1013.9584932,-1013.8985242,-1176.4222517,0.203999,0.266358,549.12908,-0.264,-1176.7582476,-0.05852,-1176.2182527,-1176.1558937,-553.8043289502693,Gaussian,"opt+freq: b3lyp/6-311G** em=gd3bj
energy: M062X/6-311G+(2d, p) em=gd3",QC
682,Na+_Anionname37,CCCCCCCC/C=C\CCCCCCCC(=O)[O-].[Na+],Na+,[Na+],Anionname37,CCCCCCCC/C=C\CCCCCCCC(=O)[O-],-162.0502156,-856.1565344,-0.014429,0.406358,0.00236,0.491886,147.845824,753.16184,-1.43893,-0.02988,-162.0874601,-856.6175001,-0.26217,0.07666,-162.0646446,-162.0478556,-855.7501764000001,-855.6646484,0.0,0.0,0.0,0.0,0.0,0.0,0.0,0.0,0.0,0.0,Gaussian,"opt+freq: b3lyp/6-311G** em=gd3bj
energy: M062X/6-311G+(2d, p) em=gd3",QC
683,Na+_Anionname39,O=C([O-])c1ccccc1O.[Na+],Na+,[Na+],Anionname39,O=C([O-])c1ccccc1O,-162.0502156,-495.4477547,-0.014429,0.066962,0.00236,0.111396,147.845824,391.28768,-1.43893,-0.03037,-162.0874601,-495.6318828,-0.26217,0.12347,-162.0646446,-162.0478556,-495.3807927,-495.3363587,-657.7310901,0.067464,0.115715,424.897752,-0.2115,-657.9637274,-0.05353,-657.6636261,-657.6153750999999,-612.0560348998434,Gaussian,"opt+freq: b3lyp/6-311G** em=gd3bj
energy: M062X/6-311G+(2d, p) em=gd3",QC
684,Na+_Anionname41,CO[C@H](C(=O)[O-])c1ccccc1.[Na+],Na+,[Na+],Anionname41,CO[C@H](C(=O)[O-])c1ccccc1,-162.0502156,-574.0431753,-0.014429,0.118498,0.00236,0.169266,147.845824,447.064584,-1.43893,-0.04115,-162.0874601,-574.2789572,-0.26217,0.10564,-162.0646446,-162.0478556,-573.9246773,-573.8739093,-736.3217074,0.117946,0.173122,485.8837360000001,-0.22718,-736.603355,-0.05702,-736.2037614000001,-736.1485854,-599.4449707500141,Gaussian,"opt+freq: b3lyp/6-311G** em=gd3bj
energy: M062X/6-311G+(2d, p) em=gd3",QC
685,Na+_Anionname42,O=C([O-])c1cccnc1.[Na+],Na+,[Na+],Anionname42,O=C([O-])c1cccnc1,-162.0502156,-436.280275,-0.014429,0.055258,0.00236,0.095156,147.845824,351.338848,-1.43893,-0.0475,-162.0874601,-436.443037,-0.26217,0.10894,-162.0646446,-162.0478556,-436.225017,-436.185119,-403.87539,0.016575,0.052104,312.866968,-0.18459,-404.0048561,-0.05195,-403.858815,-403.823286,0.0,Gaussian,"opt+freq: b3lyp/6-311G** em=gd3bj
energy: M062X/6-311G+(2d, p) em=gd3",QC
686,Na+_Anionname43,CC(F)(F)S(=O)(=O)[N-]S(=O)(=O)C(F)(F)F.[Na+],Na+,[Na+],Anionname43,CC(F)(F)S(=O)(=O)[N-]S(=O)(=O)C(F)(F)F,-162.0502156,-1767.358586,-0.014429,0.041753,0.00236,0.102133,147.845824,531.70272,-1.43893,-0.14075,-162.0874601,-1767.6668128,-0.26217,0.14833,-162.0646446,-162.0478556,-1767.316833,-1767.256453,-1929.6049352,0.041216,0.105387,565.086856,-0.28986,-1929.9646323,-0.0627,-1929.5637192,-1929.4995482,-514.9487667998403,Gaussian,"opt+freq: b3lyp/6-311G** em=gd3bj
energy: M062X/6-311G+(2d, p) em=gd3",QC
687,Na+_Anionname44,COC(=O)C(=O)[O-].[Na+],Na+,[Na+],Anionname44,COC(=O)C(=O)[O-],-162.0502156,-417.0706928,-0.014429,0.028126,0.00236,0.069235,147.845824,362.012232,-1.43893,-0.03796,-162.0874601,-417.2067814,-0.26217,0.17,-162.0646446,-162.0478556,-417.0425668,-417.0014578,-326.4715932,-0.007079,0.017058,212.5472,-0.177,-326.5713524,-0.07954,-326.4786721999999,-326.4545352,0.0,Gaussian,"opt+freq: b3lyp/6-311G** em=gd3bj
energy: M062X/6-311G+(2d, p) em=gd3",QC
688,Na+_Anionname47,N#Cc1nc(C(F)(F)F)[n-]c1C#N.[Na+],Na+,[Na+],Anionname47,N#Cc1nc(C(F)(F)F)[n-]c1C#N,-162.0502156,-747.2327407,-0.014429,0.019048,0.00236,0.069523,147.845824,444.483056,-1.43893,-0.1093,-162.0874601,-747.4561757,-0.26217,0.088,-162.0646446,-162.0478556,-747.2136927,-747.1632177,-1246.3617735,-0.018546,0.021995,356.9998000000001,-0.30165,-1246.5064146,-0.08578,-1246.3803195,-1246.3397785,-885000.4345586,Gaussian,"opt+freq: b3lyp/6-311G** em=gd3bj
energy: M062X/6-311G+(2d, p) em=gd3",QC
689,Na+_Anionname50,O=C([O-])C=Cc1ccccc1.[Na+],Na+,[Na+],Anionname50,O=C([O-])C=Cc1ccccc1,-162.0502156,-497.6189036,-0.014429,0.093669,0.00236,0.140792,147.845824,414.9565680000001,-1.43893,-0.03788,-162.0874601,-497.8254755,-0.26217,0.07659,-162.0646446,-162.0478556,-497.5252346,-497.4781116,-478.8990435,-0.004143,0.040705,394.931944,-0.19742,-479.0505628,-0.10657,-478.9031865,-478.8583385,0.0,Gaussian,"opt+freq: b3lyp/6-311G** em=gd3bj
energy: M062X/6-311G+(2d, p) em=gd3",QC
690,Na+_Anionname53,CCCCCCOC(=O)CC(C(=O)OCCCCCC)C(C(=O)OCCCCCC)S(=O)(=O)[O-].[Na+],Na+,[Na+],Anionname53,CCCCCCOC(=O)CC(C(=O)OCCCCCC)C(C(=O)OCCCCCC)S(=O)(=O)[O-],-162.0502156,-2015.6138228,-0.014429,0.563636,0.00236,0.684679,147.845824,1065.89492,-1.43893,-0.11079,-162.0874601,-2016.3830027,-0.26217,0.08379,-162.0646446,-162.0478556,-2015.0501868,-2014.9291438,-426.7334502,-0.000876,0.033701,304.4906,-0.23433,-426.8547954,-0.05932,-426.7343262,-426.6997492,0.0,Gaussian,"opt+freq: b3lyp/6-311G** em=gd3bj
energy: M062X/6-311G+(2d, p) em=gd3",QC
691,Na+_Anionname54,CCCCC(CC)COC(=O)CC(C(=O)OCC(CC)CCCC)S(=O)(=O)[O-].[Na+],Na+,[Na+],Anionname54,CCCCC(CC)COC(=O)CC(C(=O)OCC(CC)CCCC)S(=O)(=O)[O-],-162.0502156,-1709.1318676,-0.014429,0.476459,0.00236,0.580011,147.845824,911.8735120000001,-1.43893,-0.09366,-162.0874601,-1709.7644741,-0.26217,0.08845,-162.0646446,-162.0478556,-1708.6554086,-1708.5518566,-1871.3948839,0.47559,0.583978,954.4582640000001,-0.25912,-1872.0776754,-0.04036,-1870.9192939,-1870.8109059,-558.7082378497081,Gaussian,"opt+freq: b3lyp/6-311G** em=gd3bj
energy: M062X/6-311G+(2d, p) em=gd3",QC
692,Na+_Anionname60,O=C([O-])C1([N+](=O)[O-])N=CN=N1.[Na+],Na+,[Na+],Anionname60,O=C([O-])C1([N+](=O)[O-])N=CN=N1,-162.0502156,-634.7845131,-0.014429,0.020585,0.00236,0.07016,147.845824,436.5585600000001,-1.43893,-0.09936,-162.0874601,-634.9938313,-0.26217,0.06894,-162.0646446,-162.0478556,-634.7639281,-634.7143531,-797.0388989,0.020141,0.073746,472.03888,-0.25498,-797.3009541,-0.09329,-797.0187579000001,-796.9651529,-536.0488601000561,Gaussian,"opt+freq: b3lyp/6-311G** em=gd3bj
energy: M062X/6-311G+(2d, p) em=gd3",QC
693,Na+_Anionname62,O=S(=O)([O-])OCC(F)(F)F.[Na+],Na+,[Na+],Anionname62,O=S(=O)([O-])OCC(F)(F)F,-162.0502156,-1076.0972507,-0.014429,0.020737,0.00236,0.068651,147.845824,421.922928,-1.43893,-0.09719,-162.0874601,-1076.29736,-0.26217,0.1901,-162.0646446,-162.0478556,-1076.0765137,-1076.0285997,-592.3538584,0.025366,0.067833,373.961736,-0.23676,-592.5506643,-0.09613,-592.3284924000001,-592.2860254000001,0.0,Gaussian,"opt+freq: b3lyp/6-311G** em=gd3bj
energy: M062X/6-311G+(2d, p) em=gd3",QC
694,Na+_Anionname66,O=S(=O)([O-])OCC(F)(F)C(F)F.[Na+],Na+,[Na+],Anionname66,O=S(=O)([O-])OCC(F)(F)C(F)F,-162.0502156,-1214.6312877,-0.014429,0.037371,0.00236,0.090825,147.845824,470.72092,-1.43893,-0.09505,-162.0874601,-1214.8758664,-0.26217,0.14732,-162.0646446,-162.0478556,-1214.5939167,-1214.5404627,-1376.885495,0.038058,0.094079,493.318704,-0.277,-1377.1790045,-0.05817,-1376.847437,-1376.791416,-535.5802083498962,Gaussian,"opt+freq: b3lyp/6-311G** em=gd3bj
energy: M062X/6-311G+(2d, p) em=gd3",QC
695,Na+_Anionname69,O=S(=O)([O-])OCCCC(F)(F)C(F)(F)F.[Na+],Na+,[Na+],Anionname69,O=S(=O)([O-])OCCCC(F)(F)C(F)(F)F,-162.0502156,-1392.5059244,-0.014429,0.082202,0.00236,0.141491,147.845824,522.096256,-1.43893,-0.09886,-162.0874601,-1392.8195313,-0.26217,0.15936,-162.0646446,-162.0478556,-1392.4237224,-1392.3644334,-1554.7463028,0.080635,0.145031,567.070072,-0.26785,-1555.1080378,-0.0788,-1554.6656678,-1554.6012718,-499.2724314001387,Gaussian,"opt+freq: b3lyp/6-311G** em=gd3bj
energy: M062X/6-311G+(2d, p) em=gd3",QC
696,Na+_Anionname70,CCCCOS(=O)(=O)[O-].[Na+],Na+,[Na+],Anionname70,CCCCOS(=O)(=O)[O-],-162.0502156,-856.9419467,-0.014429,0.099878,0.00236,0.146733,147.845824,412.6009760000001,-1.43893,-0.08662,-162.0874601,-857.1368296,-0.26217,0.15771,-162.0646446,-162.0478556,-856.8420687,-856.7952137,-1019.197788,0.09988,0.15038,444.708992,-0.26135,-1019.4366881,-0.06338,-1019.097908,-1019.047408,-539.8702753498103,Gaussian,"opt+freq: b3lyp/6-311G** em=gd3bj
energy: M062X/6-311G+(2d, p) em=gd3",QC
697,Na+_Anionname71,FC(F)(F)c1cc([B-](c2cc(C(F)(F)F)cc(C(F)(F)F)c2)(c2cc(C(F)(F)F)cc(C(F)(F)F)c2)c2cc(C(F)(F)F)cc(C(F)(F)F)c2)cc(C(F)(F)F)c1.[Na+],Na+,[Na+],Anionname71,FC(F)(F)c1cc([B-](c2cc(C(F)(F)F)cc(C(F)(F)F)c2)(c2cc(C(F)(F)F)cc(C(F)(F)F)c2)c2cc(C(F)(F)F)cc(C(F)(F)F)c2)cc(C(F)(F)F)c1,-162.0502156,-3647.9459631,-0.014429,0.282521,0.00236,0.441358,147.845824,1398.719568,-1.43893,-0.1741,-162.0874601,-3649.0950325,-0.26217,0.02035,-162.0646446,-162.0478556,-3647.6634421,-3647.5046051,0.0,0.0,0.0,0.0,0.0,0.0,0.0,0.0,0.0,0.0,Gaussian,"opt+freq: b3lyp/6-311G** em=gd3bj
energy: M062X/6-311G+(2d, p) em=gd3",QC
698,Na+_Anionname73,O=C([O-])c1nnn[nH]1.[Na+],Na+,[Na+],Anionname73,O=C([O-])c1nnn[nH]1,-162.0502156,-446.2844591,-0.014429,0.016493,0.00236,0.054353,147.845824,333.389488,-1.43893,-0.07047,-162.0874601,-446.4211919,-0.26217,0.1238,-162.0646446,-162.0478556,-446.2679661,-446.2301061,-688.5406816,-0.008296,0.035658,387.06184,-0.26587,-688.7286642,-0.06924,-688.5489776,-688.5050236,-210580.8711159499,Gaussian,"opt+freq: b3lyp/6-311G** em=gd3bj
energy: M062X/6-311G+(2d, p) em=gd3",QC
699,Na+_Anionname74,O=C([O-])c1c([N+](=O)[O-])ccc2[nH]nnc12.[Na+],Na+,[Na+],Anionname74,O=C([O-])c1c([N+](=O)[O-])ccc2[nH]nnc12,-162.0502156,-788.3449736,-0.014429,0.064929,0.00236,0.117656,147.845824,464.3194,-1.43893,-0.07144,-162.0874601,-788.6237487,-0.26217,0.04255,-162.0646446,-162.0478556,-788.2800446,-788.2273176,0.0,0.0,0.0,0.0,0.0,0.0,0.0,0.0,0.0,0.0,Gaussian,"opt+freq: b3lyp/6-311G** em=gd3bj
energy: M062X/6-311G+(2d, p) em=gd3",QC
700,Na+_Anionname76,O=S(=O)([N-]S(=O)(=O)C(F)(F)C(F)(F)C(F)(F)F)C(F)(F)C(F)(F)C(F)(F)F.[Na+],Na+,[Na+],Anionname76,O=S(=O)([N-]S(=O)(=O)C(F)(F)C(F)(F)C(F)(F)F)C(F)(F)C(F)(F)C(F)(F)F,-162.0502156,-2778.4767836,-0.014429,0.039128,0.00236,0.125584,147.845824,761.32064,-1.43893,-0.15994,-162.0874601,-2779.0342977,-0.26217,0.11118,-162.0646446,-162.0478556,-2778.4376556,-2778.3511996,0.0,0.0,0.0,0.0,0.0,0.0,0.0,0.0,0.0,0.0,Gaussian,"opt+freq: b3lyp/6-311G** em=gd3bj
energy: M062X/6-311G+(2d, p) em=gd3",QC
701,Na+_Anionname77,O=C([O-])c1ccncc1.[Na+],Na+,[Na+],Anionname77,O=C([O-])c1ccncc1,-162.0502156,-436.2824372,-0.014429,0.055228,0.00236,0.095159,147.845824,351.631728,-1.43893,-0.05068,-162.0874601,-436.4453165,-0.26217,0.1053,-162.0646446,-162.0478556,-436.2272092,-436.1872782,-238.0911007,-0.012759,0.014858,243.195,-0.17071,-238.1529901,-0.05975,-238.1038597,-238.0762427,0.0,Gaussian,"opt+freq: b3lyp/6-311G** em=gd3bj
energy: M062X/6-311G+(2d, p) em=gd3",QC
702,Na+_Anionname78,CCCCCOS(=O)(=O)[O-].[Na+],Na+,[Na+],Anionname78,CCCCCOS(=O)(=O)[O-],-162.0502156,-896.2467936,-0.014429,0.125458,0.00236,0.175656,147.845824,442.0396000000001,-1.43893,-0.08785,-162.0874601,-896.4659647,-0.26217,0.14665,-162.0646446,-162.0478556,-896.1213356000001,-896.0711376,-1058.5020738,0.125376,0.179395,475.691512,-0.26079,-1058.7657858,-0.06274,-1058.3766978,-1058.3226788,-538.3971073000374,Gaussian,"opt+freq: b3lyp/6-311G** em=gd3bj
energy: M062X/6-311G+(2d, p) em=gd3",QC
703,Na+_Anionname84,O=S(=O)([O-])OCC(F)(F)C(F)(F)C(F)(F)C(F)F.[Na+],Na+,[Na+],Anionname84,O=S(=O)([O-])OCC(F)(F)C(F)(F)C(F)(F)C(F)F,-162.0502156,-1690.2182472,-0.014429,0.052252,0.00236,0.12007,147.845824,597.20324,-1.43893,-0.0997,-162.0874601,-1690.5886415,-0.26217,0.10928,-162.0646446,-162.0478556,-1690.1659952,-1690.0981772,-730.6395905,0.002325,0.039363,326.1553520000001,-0.2564,-730.7710623,-0.05666,-730.6372655,-730.6002275000001,0.0,Gaussian,"opt+freq: b3lyp/6-311G** em=gd3bj
energy: M062X/6-311G+(2d, p) em=gd3",QC
704,Na+_Anionname86,O=C([O-])c1ccccc1C(=O)O.[Na+],Na+,[Na+],Anionname86,O=C([O-])c1ccccc1C(=O)O,-162.0502156,-608.8113835,-0.014429,0.076175,0.00236,0.123476,147.845824,416.533936,-1.43893,-0.06022,-162.0874601,-609.0363762,-0.26217,0.10669,-162.0646446,-162.0478556,-608.7352085,-608.6879075,-771.0787463,0.075808,0.12758,455.897008,-0.22699,-771.3528385,-0.05813,-771.0029383,-770.9511663000001,-570.1199735999985,Gaussian,"opt+freq: b3lyp/6-311G** em=gd3bj
energy: M062X/6-311G+(2d, p) em=gd3",QC
705,Na+_Anionname87,COC(=O)[O-].[Na+],Na+,[Na+],Anionname87,COC(=O)[O-],-162.0502156,-303.7403045,-0.014429,0.022554,0.00236,0.057535,147.845824,308.042816,-1.43893,-0.02753,-162.0874601,-303.8386036,-0.26217,0.20525,-162.0646446,-162.0478556,-303.7177505,-303.6827695,0.0,0.0,0.0,0.0,0.0,0.0,0.0,0.0,0.0,0.0,Gaussian,"opt+freq: b3lyp/6-311G** em=gd3bj
energy: M062X/6-311G+(2d, p) em=gd3",QC
706,Na+_Anionname90,O=C([O-])/C=C\C(=O)O.[Na+],Na+,[Na+],Anionname90,O=C([O-])/C=C\C(=O)O,-162.0502156,-455.1682371,-0.014429,0.032568,0.00236,0.075255,147.845824,375.898928,-1.43893,-0.0494,-162.0874601,-455.322193,-0.26217,0.10628,-162.0646446,-162.0478556,-455.1356691,-455.0929821,-617.4398664,0.033903,0.079044,397.509288,-0.23689,-617.6451422,-0.05744,-617.4059634,-617.3608224000001,-581.321669350073,Gaussian,"opt+freq: b3lyp/6-311G** em=gd3bj
energy: M062X/6-311G+(2d, p) em=gd3",QC
707,Na+_Anionname93,O=C([O-])C1([N+](=O)[O-])N=NN=N1.[Na+],Na+,[Na+],Anionname93,O=C([O-])C1([N+](=O)[O-])N=NN=N1,-162.0502156,-650.8021327,-0.014429,0.008388,0.00236,0.058156,147.845824,438.257264,-1.43893,-0.11988,-162.0874601,-651.0105126,-0.26217,0.05287,-162.0646446,-162.0478556,-650.7937447,-650.7439767,-812.9633655,0.006238,0.058855,463.340344,-0.23627,-813.2246256,-0.08505,-812.9571275,-812.9045105,-291.4756585999791,Gaussian,"opt+freq: b3lyp/6-311G** em=gd3bj
energy: M062X/6-311G+(2d, p) em=gd3",QC
708,Na+_Anionname96,FC(F)(F)C(O[B-](OC(C(F)(F)F)C(F)(F)F)(OC(C(F)(F)F)C(F)(F)F)OC(C(F)(F)F)C(F)(F)F)C(F)(F)F.[Na+],Na+,[Na+],Anionname96,FC(F)(F)C(O[B-](OC(C(F)(F)F)C(F)(F)F)(OC(C(F)(F)F)C(F)(F)F)OC(C(F)(F)F)C(F)(F)F)C(F)(F)F,-162.0502156,0.0,-0.014429,0.0,0.00236,0.0,147.845824,0.0,-1.43893,0.0,-162.0874601,0.0,-0.26217,0.0,-162.0646446,-162.0478556,0.0,0.0,0.0,0.0,0.0,0.0,0.0,0.0,0.0,0.0,0.0,0.0,Gaussian,"opt+freq: b3lyp/6-311G** em=gd3bj
energy: M062X/6-311G+(2d, p) em=gd3",QC
709,Na+_Anionname99,CCCCCCCCCCCCOP(C)(=O)[O-].[Na+],Na+,[Na+],Anionname99,CCCCCCCCCCCCOP(C)(=O)[O-],-162.0502156,-1079.3269574,-0.014429,0.33671,0.00236,0.411849,147.845824,661.6703120000001,-1.43893,-0.07591,-162.0874601,-1079.7378359,-0.26217,0.10167,-162.0646446,-162.0478556,-1078.9902474,-1078.9151084,-746.0135931,0.068165,0.11635,424.3203600000001,-0.20759,-746.2823579,-0.09845,-745.9454281,-745.8972431,0.0,Gaussian,"opt+freq: b3lyp/6-311G** em=gd3bj
energy: M062X/6-311G+(2d, p) em=gd3",QC
710,Na+_Anionname100,O=C([O-])c1ccccn1.[Na+],Na+,[Na+],Anionname100,O=C([O-])c1ccccn1,-162.0502156,-436.2680683,-0.014429,0.054082,0.00236,0.094688,147.845824,357.577192,-1.43893,-0.03431,-162.0874601,-436.4298661,-0.26217,0.10763,-162.0646446,-162.0478556,-436.2139863,-436.1733803,-826.0674365,0.018951,0.057968,343.581712,-0.24924,-826.2119435,-0.06384,-826.0484855,-826.0094685,-597955.4001513,Gaussian,"opt+freq: b3lyp/6-311G** em=gd3bj
energy: M062X/6-311G+(2d, p) em=gd3",QC
711,Na+_Anionname108,O=C([O-])C1([N+](=O)[O-])C=NN=N1.[Na+],Na+,[Na+],Anionname108,O=C([O-])C1([N+](=O)[O-])C=NN=N1,-162.0502156,0.0,-0.014429,0.0,0.00236,0.0,147.845824,0.0,-1.43893,0.0,-162.0874601,0.0,-0.26217,0.0,-162.0646446,-162.0478556,0.0,0.0,0.0,0.0,0.0,0.0,0.0,0.0,0.0,0.0,0.0,0.0,Gaussian,"opt+freq: b3lyp/6-311G** em=gd3bj
energy: M062X/6-311G+(2d, p) em=gd3",QC
712,Na+_Anionname109,O=C([O-])C1([N+](=O)[O-])N=NC([N+](=O)[O-])=N1.[Na+],Na+,[Na+],Anionname109,O=C([O-])C1([N+](=O)[O-])N=NC([N+](=O)[O-])=N1,-162.0502156,-839.2909039,-0.014429,0.017572,0.00236,0.075088,147.845824,506.481568,-1.43893,-0.14183,-162.0874601,-839.5651877,-0.26217,0.03024,-162.0646446,-162.0478556,-839.2733319,-839.2158158999999,-1001.5262949,0.017039,0.078545,541.622984,-0.28431,-1001.8525926,-0.11819,-1001.5092559,-1001.4477499,-486.1780127001268,Gaussian,"opt+freq: b3lyp/6-311G** em=gd3bj
energy: M062X/6-311G+(2d, p) em=gd3",QC
713,Na+_Anionname151,O=C(O[B-](F)(F)OC(=O)C(F)(F)F)C(F)(F)F.[Na+],Na+,[Na+],Anionname151,O=C(O[B-](F)(F)OC(=O)C(F)(F)F)C(F)(F)F,-162.0502156,-1277.2744305,-0.014429,0.016368,0.00236,0.081779,147.845824,576.0112799999999,-1.43893,-0.16168,-162.0874601,-1277.6180703,-0.26217,0.10225,-162.0646446,-162.0478556,-1277.2580625,-1277.1926515,0.0,0.0,0.0,0.0,0.0,0.0,0.0,0.0,0.0,0.0,Gaussian,"opt+freq: b3lyp/6-311G** em=gd3bj
energy: M062X/6-311G+(2d, p) em=gd3",QC
714,Na+_Anionname153,O=C([O-])[C@@H]1CCCN1.[Na+],Na+,[Na+],Anionname153,O=C([O-])[C@@H]1CCCN1,-162.0502156,-400.5692294,-0.014429,0.094539,0.00236,0.135159,147.845824,357.694344,-1.43893,-0.02654,-162.0874601,-400.7315726,-0.26217,0.16988,-162.0646446,-162.0478556,-400.4746904,-400.4340704,-562.8338573,0.093592,0.13926,402.1535280000001,-0.20302,-563.0479403,-0.05925,-562.7402653,-562.6945972999999,-562.9394936499796,Gaussian,"opt+freq: b3lyp/6-311G** em=gd3bj
energy: M062X/6-311G+(2d, p) em=gd3",QC
715,Na+_Anionname156,F[B-](F)(F)c1ccc(C(F)(F)F)cc1.[Na+],Na+,[Na+],Anionname156,F[B-](F)(F)c1ccc(C(F)(F)F)cc1,-162.0502156,-893.3349465,-0.014429,0.060719,0.00236,0.115924,147.845824,486.130592,-1.43893,-0.12701,-162.0874601,-893.6114193,-0.26217,0.09871,-162.0646446,-162.0478556,-893.2742275,-893.2190225,0.0,0.0,0.0,0.0,0.0,0.0,0.0,0.0,0.0,0.0,Gaussian,"opt+freq: b3lyp/6-311G** em=gd3bj
energy: M062X/6-311G+(2d, p) em=gd3",QC
716,Na+_Anionname164,O=C(O)c1ccccc1[O-].[Na+],Na+,[Na+],Anionname164,O=C(O)c1ccccc1[O-],-162.0502156,-495.4510965,-0.014429,0.068531,0.00236,0.111355,147.845824,377.112288,-1.43893,-0.0288,-162.0874601,-495.6406935,-0.26217,0.1198,-162.0646446,-162.0478556,-495.3825655,-495.3397415,-657.7342257,0.069446,0.115607,406.492336,-0.18554,-657.9729429,-0.04776,-657.6647797,-657.6186187000001,-611.5146568000462,Gaussian,"opt+freq: b3lyp/6-311G** em=gd3bj
energy: M062X/6-311G+(2d, p) em=gd3",QC
717,Na+_Anionname165,O=C(CF)OOB([O-])OOC(=O)CF.[Na+],Na+,[Na+],Anionname165,O=C(CF)OOB([O-])OOC(=O)CF,-162.0502156,-905.9460358,-0.014429,0.056006,0.00236,0.115546,147.845824,524.3095920000001,-1.43893,-0.09738,-162.0874601,-906.2327718,-0.26217,0.09571,-162.0646446,-162.0478556,-905.8900298,-905.8304898,-603.3535663,0.137601,0.189268,454.980712,-0.20024,-603.604042,-0.05978,-603.2159653,-603.1642983,0.0,Gaussian,"opt+freq: b3lyp/6-311G** em=gd3bj
energy: M062X/6-311G+(2d, p) em=gd3",QC
718,Na+_Anionname167,CCCCO[PH](=O)[O-].[Na+],Na+,[Na+],Anionname167,CCCCO[PH](=O)[O-],-162.0502156,-725.5708345,-0.014429,0.105227,0.00236,0.151089,147.845824,403.8606,-1.43893,-0.07716,-162.0874601,-725.761309,-0.26217,0.15715,-162.0646446,-162.0478556,-725.4656075,-725.4197455000001,0.0,0.0,0.0,0.0,0.0,0.0,0.0,0.0,0.0,0.0,Gaussian,"opt+freq: b3lyp/6-311G** em=gd3bj
energy: M062X/6-311G+(2d, p) em=gd3",QC
719,Na+_Anionname169,CCCCCCO[PH](=O)[O-].[Na+],Na+,[Na+],Anionname169,CCCCCCO[PH](=O)[O-],-162.0502156,-804.1803359,-0.014429,0.156448,0.00236,0.208996,147.845824,462.742032,-1.43893,-0.07933,-162.0874601,-804.4194844,-0.26217,0.13567,-162.0646446,-162.0478556,-804.0238879000001,-803.9713399000001,-966.4556822,0.15683,0.212918,493.908648,-0.2534,-966.7408483,-0.04566,-966.2988521999999,-966.2427642,-591.0806528497604,Gaussian,"opt+freq: b3lyp/6-311G** em=gd3bj
energy: M062X/6-311G+(2d, p) em=gd3",QC
720,Na+_Anionname175,COc1cccc([B-](F)(F)F)c1.[Na+],Na+,[Na+],Anionname175,COc1cccc([B-](F)(F)F)c1,-162.0502156,-670.7797225,-0.014429,0.090724,0.00236,0.141614,147.845824,448.131504,-1.43893,-0.08787,-162.0874601,-671.0150252,-0.26217,0.13302,-162.0646446,-162.0478556,-670.6889985,-670.6381085,0.0,0.0,0.0,0.0,0.0,0.0,0.0,0.0,0.0,0.0,Gaussian,"opt+freq: b3lyp/6-311G** em=gd3bj
energy: M062X/6-311G+(2d, p) em=gd3",QC
721,Na+_Anionname183,CCO[PH](=O)[O-].[Na+],Na+,[Na+],Anionname183,CCO[PH](=O)[O-],-162.0502156,-646.9574164,-0.014429,0.051554,0.00236,0.093289,147.845824,367.514192,-1.43893,-0.06178,-162.0874601,-647.0966616,-0.26217,0.16962,-162.0646446,-162.0478556,-646.9058624,-646.8641274,-809.2243318,0.052703,0.097065,390.651712,-0.25249,-809.4124288,-0.06472,-809.1716288,-809.1272667999999,-568.9453248997406,Gaussian,"opt+freq: b3lyp/6-311G** em=gd3bj
energy: M062X/6-311G+(2d, p) em=gd3",QC
722,Na+_Anionname184,COCCOCCOS(=O)(=O)[O-].[Na+],Na+,[Na+],Anionname184,COCCOCCOS(=O)(=O)[O-],-162.0502156,-1046.6626845,-0.014429,0.129404,0.00236,0.186671,147.845824,504.293336,-1.43893,-0.09374,-162.0874601,-1046.9185025,-0.26217,0.14429,-162.0646446,-162.0478556,-1046.5332805,-1046.4760135,-1208.9233812,0.130498,0.190033,524.267752,-0.26301,-1209.2280452,-0.04443,-1208.7928832,-1208.7333482,-552.6181280498017,Gaussian,"opt+freq: b3lyp/6-311G** em=gd3bj
energy: M062X/6-311G+(2d, p) em=gd3",QC
723,Na+_Anionname186,COc1ccccc1[B-](F)(F)F.[Na+],Na+,[Na+],Anionname186,COc1ccccc1[B-](F)(F)F,-162.0502156,0.0,-0.014429,0.0,0.00236,0.0,147.845824,0.0,-1.43893,0.0,-162.0874601,0.0,-0.26217,0.0,-162.0646446,-162.0478556,0.0,0.0,0.0,0.0,0.0,0.0,0.0,0.0,0.0,0.0,0.0,0.0,Gaussian,"opt+freq: b3lyp/6-311G** em=gd3bj
energy: M062X/6-311G+(2d, p) em=gd3",QC
724,Na+_Anionname189,COc1ccc([B-](F)(F)F)cc1.[Na+],Na+,[Na+],Anionname189,COc1ccc([B-](F)(F)F)cc1,-162.0502156,-670.7771805,-0.014429,0.090542,0.00236,0.141574,147.845824,449.3867040000001,-1.43893,-0.08528,-162.0874601,-671.0123528,-0.26217,0.12926,-162.0646446,-162.0478556,-670.6866385,-670.6356065,0.0,0.0,0.0,0.0,0.0,0.0,0.0,0.0,0.0,0.0,Gaussian,"opt+freq: b3lyp/6-311G** em=gd3bj
energy: M062X/6-311G+(2d, p) em=gd3",QC
725,Na+_Anionname198,CCCCCCCCO[PH](=O)[O-].[Na+],Na+,[Na+],Anionname198,CCCCCCCCO[PH](=O)[O-],-162.0502156,-882.7883157,-0.014429,0.207186,0.00236,0.267036,147.845824,527.03756,-1.43893,-0.07725,-162.0874601,-883.0735424,-0.26217,0.11309,-162.0646446,-162.0478556,-882.5811297,-882.5212797,-1045.0520413,0.208223,0.270679,549.9868,-0.25188,-1045.3901769,-0.05557,-1044.8438183,-1044.7813623,-560.5705049998119,Gaussian,"opt+freq: b3lyp/6-311G** em=gd3bj
energy: M062X/6-311G+(2d, p) em=gd3",QC
726,Na+_Anionname203,CC(=O)O[B-](F)(F)OC(C)=O.[Na+],Na+,[Na+],Anionname203,CC(=O)O[B-](F)(F)OC(C)=O,-162.0502156,-681.7827214,-0.014429,0.06946,0.00236,0.122354,147.845824,465.779616,-1.43893,-0.11371,-162.0874601,-682.0061459,-0.26217,0.15354,-162.0646446,-162.0478556,-681.7132614,-681.6603674,0.0,0.0,0.0,0.0,0.0,0.0,0.0,0.0,0.0,0.0,Gaussian,"opt+freq: b3lyp/6-311G** em=gd3bj
energy: M062X/6-311G+(2d, p) em=gd3",QC
727,Na+_Anionname204,F[B-](F)(F)c1cccc(C(F)(F)F)c1.[Na+],Na+,[Na+],Anionname204,F[B-](F)(F)c1cccc(C(F)(F)F)c1,-162.0502156,-893.3341618,-0.014429,0.060705,0.00236,0.115897,147.845824,486.021808,-1.43893,-0.12387,-162.0874601,-893.6105914,-0.26217,0.09832,-162.0646446,-162.0478556,-893.2734568,-893.2182647999999,0.0,0.0,0.0,0.0,0.0,0.0,0.0,0.0,0.0,0.0,Gaussian,"opt+freq: b3lyp/6-311G** em=gd3bj
energy: M062X/6-311G+(2d, p) em=gd3",QC
728,Na+_Anionname214,CCCCCCCCCCOS(=O)(=O)[O-].[Na+],Na+,[Na+],Anionname214,CCCCCCCCCCOS(=O)(=O)[O-],-162.0502156,-1092.7703437,-0.014429,0.253986,0.00236,0.320532,147.845824,585.998488,-1.43893,-0.09016,-162.0874601,-1093.1101791,-0.26217,0.10821,-162.0646446,-162.0478556,-1092.5163577,-1092.4498117,0.0,0.0,0.0,0.0,0.0,0.0,0.0,0.0,0.0,0.0,Gaussian,"opt+freq: b3lyp/6-311G** em=gd3bj
energy: M062X/6-311G+(2d, p) em=gd3",QC
729,Na+_Anionname2,O=C[O-].[Na+],Na+,[Na+],Anionname2,O=C[O-],-162.0502156,-189.194621,-0.014429,-0.004652,0.00236,0.023078,147.845824,244.186608,-1.43893,-0.00249,-162.0874601,-189.2456824,-0.26217,0.27592,-162.0646446,-162.0478556,-189.199273,-189.171543,0.0,0.0,0.0,0.0,0.0,0.0,0.0,0.0,0.0,0.0,Gaussian,"opt+freq: b3lyp/6-311G** em=gd3bj
energy: M062X/6-311G+(2d, p) em=gd3",QC
730,Na+_Anionname3,O=S(=O)([O-])C(F)(F)F.[Na+],Na+,[Na+],Anionname3,O=S(=O)([O-])C(F)(F)F,-162.0502156,-961.5562424,-0.014429,-0.006569,0.00236,0.034341,147.845824,360.254952,-1.43893,-0.09102,-162.0874601,-961.7139738,-0.26217,0.25497,-162.0646446,-162.0478556,-961.5628114,-961.5219013999999,-1123.8026416,-0.008115,0.037583,402.4171200000001,-0.28352,-1124.0080276,-0.07418,-1123.8107566,-1123.7650586,-515.0800418001058,Gaussian,"opt+freq: b3lyp/6-311G** em=gd3bj
energy: M062X/6-311G+(2d, p) em=gd3",QC
731,Na+_Anionname4,CC(C)CP(=S)([S-])CC(C)C.[Na+],Na+,[Na+],Anionname4,CC(C)CP(=S)([S-])CC(C)C,-162.0502156,-1453.4891534,-0.014429,0.197479,0.00236,0.257486,147.845824,528.414096,-1.43893,-0.0534,-162.0874601,-1453.7927771,-0.26217,0.14002,-162.0646446,-162.0478556,-1453.2916744,-1453.2316674,-1615.7534426,0.196678,0.261459,570.459112,-0.21712,-1616.0984841,-0.05038,-1615.5567646,-1615.4919836,-562.0502367997175,Gaussian,"opt+freq: b3lyp/6-311G** em=gd3bj
energy: M062X/6-311G+(2d, p) em=gd3",QC
732,Na+_Anionname5,CCCCC(=O)[O-].[Na+],Na+,[Na+],Anionname5,CCCCC(=O)[O-],-162.0502156,-346.4228486,-0.014429,0.096712,0.00236,0.13864,147.845824,369.208712,-1.43893,-0.02349,-162.0874601,-346.576971,-0.26217,0.17222,-162.0646446,-162.0478556,-346.3261366,-346.2842086,-508.7073366,0.096713,0.142772,405.588592,-0.22918,-508.9103548,-0.05573,-508.6106236,-508.5645646,-615.0821862000234,Gaussian,"opt+freq: b3lyp/6-311G** em=gd3bj
energy: M062X/6-311G+(2d, p) em=gd3",QC
733,Na+_Anionname6,CCCCC[B-](F)(F)F.[Na+],Na+,[Na+],Anionname6,CCCCC[B-](F)(F)F,-162.0502156,-521.7583947,-0.014429,0.120255,0.00236,0.168354,147.845824,423.558872,-1.43893,-0.09301,-162.0874601,-521.9647458,-0.26217,0.15826,-162.0646446,-162.0478556,-521.6381397,-521.5900407,0.0,0.0,0.0,0.0,0.0,0.0,0.0,0.0,0.0,0.0,Gaussian,"opt+freq: b3lyp/6-311G** em=gd3bj
energy: M062X/6-311G+(2d, p) em=gd3",QC
734,Na+_Anionname8,O=[N+]([O-])c1c[n-]c([N+](=O)[O-])n1.[Na+],Na+,[Na+],Anionname8,O=[N+]([O-])c1c[n-]c([N+](=O)[O-])n1,-162.0502156,-634.674507,-0.014429,0.025733,0.00236,0.0704,147.845824,393.333656,-1.43893,-0.10576,-162.0874601,-634.8857462,-0.26217,0.04727,-162.0646446,-162.0478556,-634.648774,-634.604107,-796.8886359,0.023185,0.073361,441.85132,-0.25025,-797.1493411,-0.11207,-796.8654509,-796.8152749000001,-430.3543691502726,Gaussian,"opt+freq: b3lyp/6-311G** em=gd3bj
energy: M062X/6-311G+(2d, p) em=gd3",QC
735,Na+_Anionname11,COP(=O)([O-])OC.[Na+],Na+,[Na+],Anionname11,COP(=O)([O-])OC,-162.0502156,-722.2086406,-0.014429,0.056104,0.00236,0.099742,147.845824,384.275296,-1.43893,-0.06847,-162.0874601,-722.3639209,-0.26217,0.18167,-162.0646446,-162.0478556,-722.1525366,-722.1088986,-884.4726339,0.056086,0.103669,419.023416,-0.2488,-884.6758241,-0.06783,-884.4165479,-884.3689649,-561.273351350097,Gaussian,"opt+freq: b3lyp/6-311G** em=gd3bj
energy: M062X/6-311G+(2d, p) em=gd3",QC
736,Na+_Anionname13,[Na+].c1ccc([B-](c2ccccc2)(c2ccccc2)c2ccccc2)cc1,Na+,[Na+],Anionname13,c1ccc([B-](c2ccccc2)(c2ccccc2)c2ccccc2)cc1,-162.0502156,-951.4039667,-0.014429,0.30144,0.00236,0.374885,147.845824,646.754352,-1.43893,-0.10299,-162.0874601,-951.8732042,-0.26217,0.10169,-162.0646446,-162.0478556,-951.1025267,-951.0290817,0.0,0.0,0.0,0.0,0.0,0.0,0.0,0.0,0.0,0.0,Gaussian,"opt+freq: b3lyp/6-311G** em=gd3bj
energy: M062X/6-311G+(2d, p) em=gd3",QC
737,Na+_Anionname14,O=S(=O)([C-](S(=O)(=O)C(F)(F)F)S(=O)(=O)C(F)(F)F)C(F)(F)F.[Na+],Na+,[Na+],Anionname14,O=S(=O)([C-](S(=O)(=O)C(F)(F)F)S(=O)(=O)C(F)(F)F)C(F)(F)F,-162.0502156,-3254.0611188,-0.014429,0.053881,0.00236,0.154859,147.845824,889.2046,-1.43893,-0.15542,-162.0874601,-3254.7447177,-0.26217,0.09258,-162.0646446,-162.0478556,-3254.0072378,-3253.9062598,-2859.0800393,0.023913,0.102706,693.849456,-0.28605,-2859.5904394,-0.07602,-2859.0561263,-2858.9773333,0.0,Gaussian,"opt+freq: b3lyp/6-311G** em=gd3bj
energy: M062X/6-311G+(2d, p) em=gd3",QC
738,Na+_Anionname15,O=P([O-])(F)F.[Na+],Na+,[Na+],Anionname15,O=P([O-])(F)F,-162.0502156,-691.7098798,-0.014429,-0.014742,0.00236,0.018979,147.845824,296.946848,-1.43893,-0.08632,-162.0874601,-691.8134868,-0.26217,0.26209,-162.0646446,-162.0478556,-691.7246217999999,-691.6909008,-853.9686089,-0.015778,0.022308,335.385256,-0.28317,-854.1168603,-0.06964,-853.9843869,-853.9463009000001,-547.4521942502483,Gaussian,"opt+freq: b3lyp/6-311G** em=gd3bj
energy: M062X/6-311G+(2d, p) em=gd3",QC
739,Na+_Anionname16,N#Cc1nc[n-]c1C#N.[Na+],Na+,[Na+],Anionname16,N#Cc1nc[n-]c1C#N,-162.0502156,-914.4841945,-0.014429,0.146319,0.00236,0.195347,147.845824,431.738592,-1.43893,-0.07335,-162.0874601,-914.7146457,-0.26217,0.13532,-162.0646446,-162.0478556,-914.3378755,-914.2888475,-572.3879591,0.020076,0.064802,393.856656,-0.23921,-572.5734831,-0.08229,-572.3678831,-572.3231571,0.0,Gaussian,"opt+freq: b3lyp/6-311G** em=gd3bj
energy: M062X/6-311G+(2d, p) em=gd3",QC
740,Na+_Anionname17,CCC(CC)C(=O)[O-].[Na+],Na+,[Na+],Anionname17,CCC(CC)C(=O)[O-],-162.0502156,-385.7286844,-0.014429,0.121379,0.00236,0.166978,147.845824,401.546848,-1.43893,-0.02666,-162.0874601,-385.9077116,-0.26217,0.16104,-162.0646446,-162.0478556,-385.6073054,-385.5617064,-548.0130112,0.121519,0.171274,438.131744,-0.23034,-548.2398964,-0.05694,-547.8914922,-547.8417372,-614.6589556000772,Gaussian,"opt+freq: b3lyp/6-311G** em=gd3bj
energy: M062X/6-311G+(2d, p) em=gd3",QC
741,Na+_Anionname19,O=S([O-])C(F)(F)F.[Na+],Na+,[Na+],Anionname19,O=S([O-])C(F)(F)F,-162.0502156,-886.3071315,-0.014429,-0.012585,0.00236,0.02811,147.845824,358.3596000000001,-1.43893,-0.03057,-162.0874601,-886.4471821,-0.26217,0.19675,-162.0646446,-162.0478556,-886.3197164999999,-886.2790215,-1048.5749221,-0.012032,0.031478,383.153984,-0.23965,-1048.7710708,-0.05774,-1048.5869541,-1048.5434441,-571.2431625003267,Gaussian,"opt+freq: b3lyp/6-311G** em=gd3bj
energy: M062X/6-311G+(2d, p) em=gd3",QC
742,Na+_Anionname20,F[B-](F)(F)F.[Na+],Na+,[Na+],Anionname20,F[B-](F)(F)F,-162.0502156,-554.1934889,-0.014429,0.131759,0.00236,0.181987,147.845824,442.307376,-1.43893,-0.04181,-162.0874601,-554.4271186,-0.26217,0.08934,-162.0646446,-162.0478556,-554.0617299,-554.0115019,0.0,0.0,0.0,0.0,0.0,0.0,0.0,0.0,0.0,0.0,Gaussian,"opt+freq: b3lyp/6-311G** em=gd3bj
energy: M062X/6-311G+(2d, p) em=gd3",QC
743,Na+_Anionname21,[Na+].[O-][Cl+3]([O-])([O-])[O-],Na+,[Na+],Anionname21,[O-][Cl+3]([O-])([O-])[O-],-162.0502156,-1171.3794474,-0.014429,0.305794,0.00236,0.378523,147.845824,640.453248,-1.43893,-0.0904,-162.0874601,-1171.7675671,-0.26217,0.09797,-162.0646446,-162.0478556,-1171.0736534,-1171.0009244,-923.0838914,-0.015309,0.022271,330.925112,-0.2869,-923.2084041,-0.07907,-923.0992004,-923.0616203999999,0.0,Gaussian,"opt+freq: b3lyp/6-311G** em=gd3bj
energy: M062X/6-311G+(2d, p) em=gd3",QC
744,Na+_Anionname22,O=P([O-])(C1CCCCC1)C1CCCCC1.[Na+],Na+,[Na+],Anionname22,O=P([O-])(C1CCCCC1)C1CCCCC1,-162.0502156,-962.3831319,-0.014429,0.273949,0.00236,0.33385,147.845824,527.4852480000001,-1.43893,-0.06876,-162.0874601,-962.7319867,-0.26217,0.14049,-162.0646446,-162.0478556,-962.1091829,-962.0492819,-1124.6611894,0.274871,0.33841,559.522136,-0.23009,-1125.0535337,-0.04976,-1124.3863184,-1124.3227794,-598.1989084501156,Gaussian,"opt+freq: b3lyp/6-311G** em=gd3bj
energy: M062X/6-311G+(2d, p) em=gd3",QC
745,Na+_Anionname23,CCC[B-](F)(F)F.[Na+],Na+,[Na+],Anionname23,CCC[B-](F)(F)F,-162.0502156,-443.1468517,-0.014429,0.068545,0.00236,0.11045,147.845824,369.012064,-1.43893,-0.08819,-162.0874601,-443.3047027,-0.26217,0.18362,-162.0646446,-162.0478556,-443.0783067,-443.0364017,0.0,0.0,0.0,0.0,0.0,0.0,0.0,0.0,0.0,0.0,Gaussian,"opt+freq: b3lyp/6-311G** em=gd3bj
energy: M062X/6-311G+(2d, p) em=gd3",QC
746,Na+_Anionname24,[F-].[Na+],Na+,[Na+],Anionname24,[F-],-162.0502156,-99.8424676,-0.014429,-0.014159,0.00236,0.00236,147.845824,145.465128,-1.43893,0.12593,-162.0874601,-99.8213357,-0.26217,1.39928,-162.0646446,-162.0478556,-99.85662660000001,-99.84010760000001,-262.1426725,-0.019921,0.004738,217.1496,-0.22257,-262.2067749,-0.06771,-262.1625935,-262.1379345,-656.3469071499889,Gaussian,"opt+freq: b3lyp/6-311G** em=gd3bj
energy: M062X/6-311G+(2d, p) em=gd3",QC
747,Na+_Anionname25,[Cl-].[Na+],Na+,[Na+],Anionname25,[Cl-],-162.0502156,-1033.6589893,-0.014429,0.106599,0.00236,0.16052,147.845824,474.833792,-1.43893,-0.05344,-162.0874601,-1033.9169754,-0.26217,0.10485,-162.0646446,-162.0478556,-1033.5523903,-1033.4984693,-622.5303369,-0.021654,0.004454,229.9108,-0.23229,-622.6018739,-0.07874,-622.5519909,-622.5258828999999,0.0,Gaussian,"opt+freq: b3lyp/6-311G** em=gd3bj
energy: M062X/6-311G+(2d, p) em=gd3",QC
748,Na+_Anionname27,CC(C)C(=O)[O-].[Na+],Na+,[Na+],Anionname27,CC(C)C(=O)[O-],-162.0502156,-605.9507311,-0.014429,0.163501,0.00236,0.217478,147.845824,475.327504,-1.43893,-0.0686,-162.0874601,-606.2052445,-0.26217,0.15054,-162.0646446,-162.0478556,-605.7872301,-605.7332531,-469.4042794,0.069476,0.11346,387.321248,-0.22901,-469.582168,-0.05619,-469.3348034,-469.2908194,0.0,Gaussian,"opt+freq: b3lyp/6-311G** em=gd3bj
energy: M062X/6-311G+(2d, p) em=gd3",QC
749,Na+_Anionname28,CC(O)C(=O)[O-].[Na+],Na+,[Na+],Anionname28,CC(O)C(=O)[O-],-162.0502156,-343.0288827,-0.014429,0.047459,0.00236,0.086132,147.845824,340.548312,-1.43893,-0.02154,-162.0874601,-343.1502076,-0.26217,0.16991,-162.0646446,-162.0478556,-342.9814237,-342.9427507,-505.3148838,0.047486,0.090226,376.367536,-0.23111,-505.4852778,-0.0559,-505.2673978,-505.2246578,-619.0548302500524,Gaussian,"opt+freq: b3lyp/6-311G** em=gd3bj
energy: M062X/6-311G+(2d, p) em=gd3",QC
750,Na+_Anionname30,CCCCCCCC(=O)[O-].[Na+],Na+,[Na+],Anionname30,CCCCCCCC(=O)[O-],-162.0502156,-464.3375293,-0.014429,0.173819,0.00236,0.225471,147.845824,454.846824,-1.43893,-0.02725,-162.0874601,-464.564621,-0.26217,0.13535,-162.0646446,-162.0478556,-464.1637103,-464.1120583,-626.6221097,0.174741,0.229755,484.4528080000001,-0.23067,-626.9008295,-0.05103,-626.4473687,-626.3923547,-615.3247823999482,Gaussian,"opt+freq: b3lyp/6-311G** em=gd3bj
energy: M062X/6-311G+(2d, p) em=gd3",QC
751,Na+_Anionname31,O=C([O-])C(=O)O.[Na+],Na+,[Na+],Anionname31,O=C([O-])C(=O)O,-162.0502156,-420.2341981,-0.014429,0.066349,0.00236,0.106392,147.845824,352.610784,-1.43893,-0.03942,-162.0874601,-420.4002711,-0.26217,0.12435,-162.0646446,-162.0478556,-420.1678491,-420.1278061,-540.0510969,0.002995,0.04473,367.5225600000001,-0.24406,-540.2128276,-0.06467,-540.0481018999999,-540.0063669,0.0,Gaussian,"opt+freq: b3lyp/6-311G** em=gd3bj
energy: M062X/6-311G+(2d, p) em=gd3",QC
752,Na+_Anionname32,O=[N+]([O-])c1c[n-]cn1.[Na+],Na+,[Na+],Anionname32,O=[N+]([O-])c1c[n-]cn1,-162.0502156,-430.1602524,-0.014429,0.028022,0.00236,0.065435,147.845824,329.460712,-1.43893,-0.06115,-162.0874601,-430.305956,-0.26217,0.09536,-162.0646446,-162.0478556,-430.1322304,-430.0948174,-592.3967311,0.026616,0.068544,369.212896,-0.21895,-592.5930349,-0.0788,-592.3701151,-592.3281871,-489.0337690500505,Gaussian,"opt+freq: b3lyp/6-311G** em=gd3bj
energy: M062X/6-311G+(2d, p) em=gd3",QC
753,Na+_Anionname34,O=[N+]([O-])c1cc([N+](=O)[O-])c([O-])c([N+](=O)[O-])c1.[Na+],Na+,[Na+],Anionname34,O=[N+]([O-])c1cc([N+](=O)[O-])c([O-])c([N+](=O)[O-])c1,-162.0502156,-920.413344,-0.014429,0.053979,0.00236,0.10974,147.845824,491.025872,-1.43893,-0.1128,-162.0874601,-920.7406408,-0.26217,0.02187,-162.0646446,-162.0478556,-920.359365,-920.3036040000001,-1082.6091786,0.053521,0.11279,521.916344,-0.25003,-1082.9879189,-0.13505,-1082.5556576,-1082.4963886,-382.3226844997293,Gaussian,"opt+freq: b3lyp/6-311G** em=gd3bj
energy: M062X/6-311G+(2d, p) em=gd3",QC
754,Na+_Anionname35,[Na+].[c-]1c[nH]nn1,Na+,[Na+],Anionname35,[c-]1c[nH]nn1,-162.0502156,-241.5633926,-0.014429,0.016201,0.00236,0.047292,147.845824,273.78004,-1.43893,0.03488,-162.0874601,-241.6396974,-0.26217,0.19217,-162.0646446,-162.0478556,-241.5471916,-241.5161006,-403.8508792,0.016769,0.052199,311.996696,-0.1889,-403.9822759,-0.05102,-403.8341102,-403.7986802,-622.9550105000554,Gaussian,"opt+freq: b3lyp/6-311G** em=gd3bj
energy: M062X/6-311G+(2d, p) em=gd3",QC
755,Na+_Anionname36,COS(=O)(=O)[O-].[Na+],Na+,[Na+],Anionname36,COS(=O)(=O)[O-],-162.0502156,-739.0239035,-0.014429,0.022497,0.00236,0.060197,147.845824,331.987848,-1.43893,-0.07519,-162.0874601,-739.1406866,-0.26217,0.18867,-162.0646446,-162.0478556,-739.0014064999999,-738.9637065,-901.2826705,0.021475,0.063763,372.388552,-0.26238,-901.4430359,-0.06802,-901.2611955,-901.2189075,-547.5517007000867,Gaussian,"opt+freq: b3lyp/6-311G** em=gd3bj
energy: M062X/6-311G+(2d, p) em=gd3",QC
756,Na+_Anionname38,O=C([O-])CO.[Na+],Na+,[Na+],Anionname38,O=C([O-])CO,-162.0502156,-303.7431863,-0.014429,0.024637,0.00236,0.058195,147.845824,295.511736,-1.43893,-0.03262,-162.0874601,-303.8398437,-0.26217,0.22531,-162.0646446,-162.0478556,-303.7185493,-303.6849913,-465.9983612,0.022752,0.061636,342.414376,-0.20312,-466.1479988,-0.06209,-465.9756092,-465.9367252,-538.1206421499594,Gaussian,"opt+freq: b3lyp/6-311G** em=gd3bj
energy: M062X/6-311G+(2d, p) em=gd3",QC
757,Na+_Anionname40,O=S(=O)(F)[N-]S(=O)(=O)F.[Na+],Na+,[Na+],Anionname40,O=S(=O)(F)[N-]S(=O)(=O)F,-162.0502156,-1351.7260689,-0.014429,-0.007671,0.00236,0.037736,147.845824,399.856512,-1.43893,-0.14856,-162.0874601,-1351.8970709,-0.26217,0.13877,-162.0646446,-162.0478556,-1351.7337399,-1351.6883329,-1513.9426752,-0.009534,0.040878,443.926584,-0.2914,-1514.1535719,-0.09316,-1513.9522092,-1513.9017972,-436.8587828499091,Gaussian,"opt+freq: b3lyp/6-311G** em=gd3bj
energy: M062X/6-311G+(2d, p) em=gd3",QC
758,Na+_Anionname42,[Na+].[c-]1nc[nH]n1,Na+,[Na+],Anionname42,[c-]1nc[nH]n1,-162.0502156,-436.280275,-0.014429,0.055258,0.00236,0.095156,147.845824,351.338848,-1.43893,-0.0475,-162.0874601,-436.443037,-0.26217,0.10894,-162.0646446,-162.0478556,-436.225017,-436.185119,-403.87539,0.016575,0.052104,312.866968,-0.18459,-404.0048561,-0.05195,-403.858815,-403.823286,0.0,Gaussian,"opt+freq: b3lyp/6-311G** em=gd3bj
energy: M062X/6-311G+(2d, p) em=gd3",QC
759,Na+_Anionname44,[N-]=[N+]=[N-].[Na+],Na+,[Na+],Anionname44,[N-]=[N+]=[N-],-162.0502156,-417.0706928,-0.014429,0.028126,0.00236,0.069235,147.845824,362.012232,-1.43893,-0.03796,-162.0874601,-417.2067814,-0.26217,0.17,-162.0646446,-162.0478556,-417.0425668,-417.0014578,-326.4715932,-0.007079,0.017058,212.5472,-0.177,-326.5713524,-0.07954,-326.4786721999999,-326.4545352,0.0,Gaussian,"opt+freq: b3lyp/6-311G** em=gd3bj
energy: M062X/6-311G+(2d, p) em=gd3",QC
760,Na+_Anionname45,O=P([O-])(O)O.[Na+],Na+,[Na+],Anionname45,O=P([O-])(O)O,-162.0502156,-643.6372948,-0.014429,0.007254,0.00236,0.042673,147.845824,311.892096,-1.43893,-0.06874,-162.0874601,-643.7365662,-0.26217,0.19582,-162.0646446,-162.0478556,-643.6300408,-643.5946217999999,-805.9085635,0.006029,0.045859,350.740536,-0.25188,-806.0549738,-0.05799,-805.9025345,-805.8627045000001,-580.374914050165,Gaussian,"opt+freq: b3lyp/6-311G** em=gd3bj
energy: M062X/6-311G+(2d, p) em=gd3",QC
761,Na+_Anionname47,O=S(=O)([O-])Cl.[Na+],Na+,[Na+],Anionname47,O=S(=O)([O-])Cl,-162.0502156,-747.2327407,-0.014429,0.019048,0.00236,0.069523,147.845824,444.483056,-1.43893,-0.1093,-162.0874601,-747.4561757,-0.26217,0.088,-162.0646446,-162.0478556,-747.2136927,-747.1632177,-1246.3617735,-0.018546,0.021995,356.9998000000001,-0.30165,-1246.5064146,-0.08578,-1246.3803195,-1246.3397785,-885000.4345586,Gaussian,"opt+freq: b3lyp/6-311G** em=gd3bj
energy: M062X/6-311G+(2d, p) em=gd3",QC
762,Na+_Anionname49,N#C[S-].[Na+],Na+,[Na+],Anionname49,N#C[S-],-162.0502156,-491.1026163,-0.014429,-0.014125,0.00236,0.012378,147.845824,233.38352,-1.43893,-0.03124,-162.0874601,-491.1625674,-0.26217,0.24161,-162.0646446,-162.0478556,-491.1167413,-491.0902383,-653.3460741,-0.018836,0.014912,297.185336,-0.21756,-653.4474092,-0.0785,-653.3649101,-653.3311621,-507.3573960999634,Gaussian,"opt+freq: b3lyp/6-311G** em=gd3bj
energy: M062X/6-311G+(2d, p) em=gd3",QC
763,Na+_Anionname50,N#C[C-](C#N)C#N.[Na+],Na+,[Na+],Anionname50,N#C[C-](C#N)C#N,-162.0502156,-497.6189036,-0.014429,0.093669,0.00236,0.140792,147.845824,414.9565680000001,-1.43893,-0.03788,-162.0874601,-497.8254755,-0.26217,0.07659,-162.0646446,-162.0478556,-497.5252346,-497.4781116,-478.8990435,-0.004143,0.040705,394.931944,-0.19742,-479.0505628,-0.10657,-478.9031865,-478.8583385,0.0,Gaussian,"opt+freq: b3lyp/6-311G** em=gd3bj
energy: M062X/6-311G+(2d, p) em=gd3",QC
764,Na+_Anionname51,O=C([O-])C(F)(F)C(F)(F)C(F)(F)C(F)(F)F.[Na+],Na+,[Na+],Anionname51,O=C([O-])C(F)(F)C(F)(F)C(F)(F)C(F)(F)F,-162.0502156,-1239.6634472,-0.014429,0.016565,0.00236,0.075737,147.845824,521.058624,-1.43893,-0.07119,-162.0874601,-1239.9926296,-0.26217,0.15014,-162.0646446,-162.0478556,-1239.6468822,-1239.5877102,-1401.9207491,0.015964,0.079647,560.789888,-0.27241,-1402.298712,-0.0712,-1401.9047851,-1401.8411021,-543.7050806497396,Gaussian,"opt+freq: b3lyp/6-311G** em=gd3bj
energy: M062X/6-311G+(2d, p) em=gd3",QC
765,Na+_Anionname53,O=C([O-])O.[Na+],Na+,[Na+],Anionname53,O=C([O-])O,-162.0502156,-2015.6138228,-0.014429,0.563636,0.00236,0.684679,147.845824,1065.89492,-1.43893,-0.11079,-162.0874601,-2016.3830027,-0.26217,0.08379,-162.0646446,-162.0478556,-2015.0501868,-2014.9291438,-426.7334502,-0.000876,0.033701,304.4906,-0.23433,-426.8547954,-0.05932,-426.7343262,-426.6997492,0.0,Gaussian,"opt+freq: b3lyp/6-311G** em=gd3bj
energy: M062X/6-311G+(2d, p) em=gd3",QC
766,Na+_Anionname56,O=[N+]([O-])c1nc[n-]c1[N+](=O)[O-].[Na+],Na+,[Na+],Anionname56,O=[N+]([O-])c1nc[n-]c1[N+](=O)[O-],-162.0502156,-634.662935,-0.014429,0.025849,0.00236,0.07047,147.845824,392.936176,-1.43893,-0.09595,-162.0874601,-634.8746463,-0.26217,0.04921,-162.0646446,-162.0478556,-634.637086,-634.592465,-796.8831504,0.023881,0.073513,437.064824,-0.24093,-797.1450485,-0.10501,-796.8592694,-796.8096373999999,-446.334474900073,Gaussian,"opt+freq: b3lyp/6-311G** em=gd3bj
energy: M062X/6-311G+(2d, p) em=gd3",QC
767,Na+_Anionname58,O=N[O-].[Na+],Na+,[Na+],Anionname58,O=N[O-],-162.0502156,-205.1414292,-0.014429,-0.015374,0.00236,0.011542,147.845824,237.0236,-1.43893,0.04641,-162.0874601,-205.1884787,-0.26217,0.23238,-162.0646446,-162.0478556,-205.1568032,-205.1298872,-367.4188033,-0.01748,0.014738,283.708672,-0.21329,-367.5293106,-0.06539,-367.4362833,-367.4040653,-596.4046417499296,Gaussian,"opt+freq: b3lyp/6-311G** em=gd3bj
energy: M062X/6-311G+(2d, p) em=gd3",QC
768,Na+_Anionname62,O=[N+]([O-])c1cn[n-]c1.[Na+],Na+,[Na+],Anionname62,O=[N+]([O-])c1cn[n-]c1,-162.0502156,-1076.0972507,-0.014429,0.020737,0.00236,0.068651,147.845824,421.922928,-1.43893,-0.09719,-162.0874601,-1076.29736,-0.26217,0.1901,-162.0646446,-162.0478556,-1076.0765137,-1076.0285997,-592.3538584,0.025366,0.067833,373.961736,-0.23676,-592.5506643,-0.09613,-592.3284924000001,-592.2860254000001,0.0,Gaussian,"opt+freq: b3lyp/6-311G** em=gd3bj
energy: M062X/6-311G+(2d, p) em=gd3",QC
769,Na+_Anionname63,CCCCCCCCCC(=O)[O-].[Na+],Na+,[Na+],Anionname63,CCCCCCCCCC(=O)[O-],-162.0502156,-542.9469002,-0.014429,0.225291,0.00236,0.283428,147.845824,511.95424,-1.43893,-0.02816,-162.0874601,-543.222267,-0.26217,0.1194,-162.0646446,-162.0478556,-542.7216092,-542.6634722,0.0,0.0,0.0,0.0,0.0,0.0,0.0,0.0,0.0,0.0,Gaussian,"opt+freq: b3lyp/6-311G** em=gd3bj
energy: M062X/6-311G+(2d, p) em=gd3",QC
770,Na+_Anionname65,Cl[Al-](Cl)(Cl)Cl.[Na+],Na+,[Na+],Anionname65,Cl[Al-](Cl)(Cl)Cl,-162.0502156,-2083.6222928,-0.014429,-0.028138,0.00236,0.013813,147.845824,369.413728,-1.43893,-0.1577,-162.0874601,-2083.7728151,-0.26217,0.15123,-162.0646446,-162.0478556,-2083.6504308,-2083.6084798,0.0,0.0,0.0,0.0,0.0,0.0,0.0,0.0,0.0,0.0,Gaussian,"opt+freq: b3lyp/6-311G** em=gd3bj
energy: M062X/6-311G+(2d, p) em=gd3",QC
771,Na+_Anionname67,CCCCCCCCCCCCCCCC(=O)[O-].[Na+],Na+,[Na+],Anionname67,CCCCCCCCCCCCCCCC(=O)[O-],-162.0502156,-778.7741709,-0.014429,0.379691,0.00236,0.457333,147.845824,683.719992,-1.43893,-0.02895,-162.0874601,-779.1943897,-0.26217,0.08745,-162.0646446,-162.0478556,-778.3944799,-778.3168379,0.0,0.0,0.0,0.0,0.0,0.0,0.0,0.0,0.0,0.0,Gaussian,"opt+freq: b3lyp/6-311G** em=gd3bj
energy: M062X/6-311G+(2d, p) em=gd3",QC
772,Na+_Anionname68,CC(CC(C)(C)C)CP(=O)([O-])CC(C)CC(C)(C)C.[Na+],Na+,[Na+],Anionname68,CC(CC(C)(C)C)CP(=O)([O-])CC(C)CC(C)(C)C,-162.0502156,-1121.9916277,-0.014429,0.407925,0.00236,0.488829,147.845824,712.434784,-1.43893,-0.0752,-162.0874601,-1122.4597359,-0.26217,0.1149,-162.0646446,-162.0478556,-1121.5837027,-1121.5027987,-1284.2696337,0.406995,0.493359,760.5256800000001,-0.23521,-1284.7815126,-0.05101,-1283.8626387,-1283.7762747,-598.0636952000092,Gaussian,"opt+freq: b3lyp/6-311G** em=gd3bj
energy: M062X/6-311G+(2d, p) em=gd3",QC
773,Na+_Anionname72,CCCCCCCCCCCCCCCCC(=O)[O-].[Na+],Na+,[Na+],Anionname72,CCCCCCCCCCCCCCCCC(=O)[O-],-162.0502156,-818.0786968,-0.014429,0.405564,0.00236,0.486348,147.845824,711.376232,-1.43893,-0.02902,-162.0874601,-818.5230533,-0.26217,0.08398,-162.0646446,-162.0478556,-817.6731328,-817.5923488,0.0,0.0,0.0,0.0,0.0,0.0,0.0,0.0,0.0,0.0,Gaussian,"opt+freq: b3lyp/6-311G** em=gd3bj
energy: M062X/6-311G+(2d, p) em=gd3",QC
774,Na+_Anionname73,O=C([O-])C(F)(F)F.[Na+],Na+,[Na+],Anionname73,O=C([O-])C(F)(F)F,-162.0502156,-446.2844591,-0.014429,0.016493,0.00236,0.054353,147.845824,333.389488,-1.43893,-0.07047,-162.0874601,-446.4211919,-0.26217,0.1238,-162.0646446,-162.0478556,-446.2679661,-446.2301061,-688.5406816,-0.008296,0.035658,387.06184,-0.26587,-688.7286642,-0.06924,-688.5489776,-688.5050236,-210580.8711159499,Gaussian,"opt+freq: b3lyp/6-311G** em=gd3bj
energy: M062X/6-311G+(2d, p) em=gd3",QC
775,Na+_Anionname74,F[B-](F)(F)C(F)(F)C(F)(F)C(F)(F)C(F)(F)F.[Na+],Na+,[Na+],Anionname74,F[B-](F)(F)C(F)(F)C(F)(F)C(F)(F)C(F)(F)F,-162.0502156,-788.3449736,-0.014429,0.064929,0.00236,0.117656,147.845824,464.3194,-1.43893,-0.07144,-162.0874601,-788.6237487,-0.26217,0.04255,-162.0646446,-162.0478556,-788.2800446,-788.2273176,0.0,0.0,0.0,0.0,0.0,0.0,0.0,0.0,0.0,0.0,Gaussian,"opt+freq: b3lyp/6-311G** em=gd3bj
energy: M062X/6-311G+(2d, p) em=gd3",QC
776,Na+_Anionname75,CCCCCCCCCCCCCCCCCC(=O)[O-].[Na+],Na+,[Na+],Anionname75,CCCCCCCCCCCCCCCCCC(=O)[O-],-162.0502156,-857.3831976,-0.014429,0.431296,0.00236,0.515319,147.845824,739.9027440000001,-1.43893,-0.02904,-162.0874601,-857.8517003,-0.26217,0.08083,-162.0646446,-162.0478556,-856.9519016,-856.8678786,0.0,0.0,0.0,0.0,0.0,0.0,0.0,0.0,0.0,0.0,Gaussian,"opt+freq: b3lyp/6-311G** em=gd3bj
energy: M062X/6-311G+(2d, p) em=gd3",QC
777,Na+_Anionname76,FC(F)(F)C(F)(F)[P-](F)(F)(F)(C(F)(F)C(F)(F)F)C(F)(F)C(F)(F)F.[Na+],Na+,[Na+],Anionname76,FC(F)(F)C(F)(F)[P-](F)(F)(F)(C(F)(F)C(F)(F)F)C(F)(F)C(F)(F)F,-162.0502156,-2778.4767836,-0.014429,0.039128,0.00236,0.125584,147.845824,761.32064,-1.43893,-0.15994,-162.0874601,-2779.0342977,-0.26217,0.11118,-162.0646446,-162.0478556,-2778.4376556,-2778.3511996,0.0,0.0,0.0,0.0,0.0,0.0,0.0,0.0,0.0,0.0,Gaussian,"opt+freq: b3lyp/6-311G** em=gd3bj
energy: M062X/6-311G+(2d, p) em=gd3",QC
778,Na+_Anionname77,[Na+].[OH-],Na+,[Na+],Anionname77,[OH-],-162.0502156,-436.2824372,-0.014429,0.055228,0.00236,0.095159,147.845824,351.631728,-1.43893,-0.05068,-162.0874601,-436.4453165,-0.26217,0.1053,-162.0646446,-162.0478556,-436.2272092,-436.1872782,-238.0911007,-0.012759,0.014858,243.195,-0.17071,-238.1529901,-0.05975,-238.1038597,-238.0762427,0.0,Gaussian,"opt+freq: b3lyp/6-311G** em=gd3bj
energy: M062X/6-311G+(2d, p) em=gd3",QC
779,Na+_Anionname81,C[C@H](N)C(=O)[O-].[Na+],Na+,[Na+],Anionname81,C[C@H](N)C(=O)[O-],-162.0502156,-323.1680907,-0.014429,0.06097,0.00236,0.099119,147.845824,335.937544,-1.43893,-0.02117,-162.0874601,-323.2922457,-0.26217,0.19399,-162.0646446,-162.0478556,-323.1071207,-323.0689717,-485.4355021,0.060034,0.102907,377.534872,-0.19811,-485.6125493,-0.06069,-485.3754681,-485.3325951,-570.2475729000346,Gaussian,"opt+freq: b3lyp/6-311G** em=gd3bj
energy: M062X/6-311G+(2d, p) em=gd3",QC
780,Na+_Anionname82,O=S(=O)([O-])C(F)(F)C(F)F.[Na+],Na+,[Na+],Anionname82,O=S(=O)([O-])C(F)(F)C(F)F,-162.0502156,-1100.090239,-0.014429,0.008434,0.00236,0.056441,147.845824,422.747176,-1.43893,-0.09013,-162.0874601,-1100.2931996,-0.26217,0.16387,-162.0646446,-162.0478556,-1100.081805,-1100.033798,-1262.3399195,0.008024,0.059619,454.344744,-0.27996,-1262.5900611,-0.06944,-1262.3318955,-1262.2803005,-523.6950949495772,Gaussian,"opt+freq: b3lyp/6-311G** em=gd3bj
energy: M062X/6-311G+(2d, p) em=gd3",QC
781,Na+_Anionname83,CCC(=O)[O-].[Na+],Na+,[Na+],Anionname83,CCC(=O)[O-],-162.0502156,-267.8111868,-0.014429,0.044753,0.00236,0.08058,147.845824,315.490336,-1.43893,-0.0145,-162.0874601,-267.9151364,-0.26217,0.19563,-162.0646446,-162.0478556,-267.7664338,-267.7306068,-430.098763,0.04401,0.084716,358.4600160000001,-0.22754,-430.2518508,-0.05555,-430.054753,-430.014047,-623.1902553001181,Gaussian,"opt+freq: b3lyp/6-311G** em=gd3bj
energy: M062X/6-311G+(2d, p) em=gd3",QC
782,Na+_Anionname84,O=[PH]([O-])O.[Na+],Na+,[Na+],Anionname84,O=[PH]([O-])O,-162.0502156,-1690.2182472,-0.014429,0.052252,0.00236,0.12007,147.845824,597.20324,-1.43893,-0.0997,-162.0874601,-1690.5886415,-0.26217,0.10928,-162.0646446,-162.0478556,-1690.1659952,-1690.0981772,-730.6395905,0.002325,0.039363,326.1553520000001,-0.2564,-730.7710623,-0.05666,-730.6372655,-730.6002275000001,0.0,Gaussian,"opt+freq: b3lyp/6-311G** em=gd3bj
energy: M062X/6-311G+(2d, p) em=gd3",QC
783,Na+_Anionname87,F[B-](F)(F)C(F)(F)C(F)(F)C(F)(F)F.[Na+],Na+,[Na+],Anionname87,F[B-](F)(F)C(F)(F)C(F)(F)C(F)(F)F,-162.0502156,-303.7403045,-0.014429,0.022554,0.00236,0.057535,147.845824,308.042816,-1.43893,-0.02753,-162.0874601,-303.8386036,-0.26217,0.20525,-162.0646446,-162.0478556,-303.7177505,-303.6827695,0.0,0.0,0.0,0.0,0.0,0.0,0.0,0.0,0.0,0.0,Gaussian,"opt+freq: b3lyp/6-311G** em=gd3bj
energy: M062X/6-311G+(2d, p) em=gd3",QC
784,Na+_Anionname89,F[B-](F)(F)C(F)(F)F.[Na+],Na+,[Na+],Anionname89,F[B-](F)(F)C(F)(F)F,-162.0502156,-662.3146732,-0.014429,-0.008195,0.00236,0.033236,147.845824,364.8448,-1.43893,-0.12788,-162.0874601,-662.47925,-0.26217,0.29709,-162.0646446,-162.0478556,-662.3228682,-662.2814372,0.0,0.0,0.0,0.0,0.0,0.0,0.0,0.0,0.0,0.0,Gaussian,"opt+freq: b3lyp/6-311G** em=gd3bj
energy: M062X/6-311G+(2d, p) em=gd3",QC
785,Na+_Anionname92,O=[N+]([O-])[N-][N+](=O)[O-].[Na+],Na+,[Na+],Anionname92,O=[N+]([O-])[N-][N+](=O)[O-],-162.0502156,-464.968549,-0.014429,-0.002614,0.00236,0.03383,147.845824,320.925352,-1.43893,-0.08327,-162.0874601,-465.1157268,-0.26217,0.10035,-162.0646446,-162.0478556,-464.971163,-464.934719,-627.2088431,-0.005994,0.037078,379.287968,-0.27367,-627.4090491,-0.07697,-627.2148371,-627.1717651,-499.0511017499214,Gaussian,"opt+freq: b3lyp/6-311G** em=gd3bj
energy: M062X/6-311G+(2d, p) em=gd3",QC
786,Na+_Anionname94,O=S(=O)([O-])C(F)(F)C(F)(F)C(F)(F)C(F)(F)C(F)(F)C(F)(F)C(F)(F)C(F)(F)F.[Na+],Na+,[Na+],Anionname94,O=S(=O)([O-])C(F)(F)C(F)(F)C(F)(F)C(F)(F)C(F)(F)C(F)(F)C(F)(F)C(F)(F)F,-162.0502156,-2626.1086405,-0.014429,0.048175,0.00236,0.136792,147.845824,780.353656,-1.43893,-0.10567,-162.0874601,-2626.708205,-0.26217,0.05994,-162.0646446,-162.0478556,-2626.0604655,-2625.9718485,-2788.3496553,0.045964,0.14012,829.1307280000001,-0.28847,-2788.9962049,-0.07567,-2788.3036913,-2788.2095353,-500.9432996003377,Gaussian,"opt+freq: b3lyp/6-311G** em=gd3bj
energy: M062X/6-311G+(2d, p) em=gd3",QC
787,Na+_Anionname95,CCCCCCCCCCCCC(=O)[O-].[Na+],Na+,[Na+],Anionname95,CCCCCCCCCCCCC(=O)[O-],-162.0502156,-660.8606095,-0.014429,0.302531,0.00236,0.370389,147.845824,597.55888,-1.43893,-0.02873,-162.0874601,-661.2083972,-0.26217,0.10065,-162.0646446,-162.0478556,-660.5580785,-660.4902205,0.0,0.0,0.0,0.0,0.0,0.0,0.0,0.0,0.0,0.0,Gaussian,"opt+freq: b3lyp/6-311G** em=gd3bj
energy: M062X/6-311G+(2d, p) em=gd3",QC
788,Na+_Anionname97,CC(C)(C)C(=O)[O-].[Na+],Na+,[Na+],Anionname97,CC(C)(C)C(=O)[O-],-162.0502156,-346.4276685,-0.014429,0.095299,0.00236,0.1371,147.845824,368.099952,-1.43893,-0.02783,-162.0874601,-346.5825815,-0.26217,0.17982,-162.0646446,-162.0478556,-346.3323695,-346.2905685,-508.7119442,0.09533,0.141485,406.442128,-0.23032,-508.9137251,-0.05696,-508.6166142,-508.5704592,-614.5247925500577,Gaussian,"opt+freq: b3lyp/6-311G** em=gd3bj
energy: M062X/6-311G+(2d, p) em=gd3",QC
789,Na+_Anionname99,O=[N+]([O-])c1ccc2nc[n-]c2c1.[Na+],Na+,[Na+],Anionname99,O=[N+]([O-])c1ccc2nc[n-]c2c1,-162.0502156,-1079.3269574,-0.014429,0.33671,0.00236,0.411849,147.845824,661.6703120000001,-1.43893,-0.07591,-162.0874601,-1079.7378359,-0.26217,0.10167,-162.0646446,-162.0478556,-1078.9902474,-1078.9151084,-746.0135931,0.068165,0.11635,424.3203600000001,-0.20759,-746.2823579,-0.09845,-745.9454281,-745.8972431,0.0,Gaussian,"opt+freq: b3lyp/6-311G** em=gd3bj
energy: M062X/6-311G+(2d, p) em=gd3",QC
790,Na+_Anionname100,CS(=O)(=O)[O-].[Na+],Na+,[Na+],Anionname100,CS(=O)(=O)[O-],-162.0502156,-436.2680683,-0.014429,0.054082,0.00236,0.094688,147.845824,357.577192,-1.43893,-0.03431,-162.0874601,-436.4298661,-0.26217,0.10763,-162.0646446,-162.0478556,-436.2139863,-436.1733803,-826.0674365,0.018951,0.057968,343.581712,-0.24924,-826.2119435,-0.06384,-826.0484855,-826.0094685,-597955.4001513,Gaussian,"opt+freq: b3lyp/6-311G** em=gd3bj
energy: M062X/6-311G+(2d, p) em=gd3",QC
791,Na+_Anionname101,CC(C)[C@H](N)C(=O)[O-].[Na+],Na+,[Na+],Anionname101,CC(C)[C@H](N)C(=O)[O-],-162.0502156,-401.7777276,-0.014429,0.110358,0.00236,0.156048,147.845824,402.341808,-1.43893,-0.03551,-162.0874601,-401.9520015,-0.26217,0.1635,-162.0646446,-162.0478556,-401.6673696,-401.6216796,-564.0452505,0.112059,0.160349,425.236656,-0.20105,-564.272475,-0.06118,-563.9331914999999,-563.8849015,-570.5403161498924,Gaussian,"opt+freq: b3lyp/6-311G** em=gd3bj
energy: M062X/6-311G+(2d, p) em=gd3",QC
792,Na+_Anionname102,O=C([O-])C(F)(F)C(F)(F)C(F)(F)F.[Na+],Na+,[Na+],Anionname102,O=C([O-])C(F)(F)C(F)(F)C(F)(F)F,-162.0502156,-1001.8703499,-0.014429,0.008726,0.00236,0.061126,147.845824,461.4408080000001,-1.43893,-0.06869,-162.0874601,-1002.1363476,-0.26217,0.17517,-162.0646446,-162.0478556,-1001.8616239,-1001.8092239,-1164.1161386,0.008747,0.064405,490.122128,-0.24441,-1164.4376502,-0.07189,-1164.1073916,-1164.0517336,-513.4771740504216,Gaussian,"opt+freq: b3lyp/6-311G** em=gd3bj
energy: M062X/6-311G+(2d, p) em=gd3",QC
793,Na+_Anionname105,CCCCCC(=O)[O-].[Na+],Na+,[Na+],Anionname105,CCCCCC(=O)[O-],-162.0502156,-385.7280288,-0.014429,0.122521,0.00236,0.167547,147.845824,396.5009440000001,-1.43893,-0.02556,-162.0874601,-385.9066746,-0.26217,0.15836,-162.0646446,-162.0478556,-385.6055078,-385.5604818,-548.0122722,0.12167,0.171806,441.491496,-0.23014,-548.2392983,-0.05635,-547.8906022,-547.8404662,-614.4399888999435,Gaussian,"opt+freq: b3lyp/6-311G** em=gd3bj
energy: M062X/6-311G+(2d, p) em=gd3",QC
794,Na+_Anionname106,Cc1ncc([N+](=O)[O-])[n-]1.[Na+],Na+,[Na+],Anionname106,Cc1ncc([N+](=O)[O-])[n-]1,-162.0502156,-469.4708068,-0.014429,0.051572,0.00236,0.093566,147.845824,369.794472,-1.43893,-0.05666,-162.0874601,-469.6421073,-0.26217,0.09634,-162.0646446,-162.0478556,-469.4192348,-469.3772408,-631.7290302,0.05074,0.097199,409.1157040000001,-0.21879,-631.9518915,-0.07249,-631.6782902,-631.6318312,-546.1244789000486,Gaussian,"opt+freq: b3lyp/6-311G** em=gd3bj
energy: M062X/6-311G+(2d, p) em=gd3",QC
795,Na+_Anionname107,CCCCCCCCCCCC(=O)[O-].[Na+],Na+,[Na+],Anionname107,CCCCCCCCCCCC(=O)[O-],-162.0502156,-621.5560563,-0.014429,0.276771,0.00236,0.341393,147.845824,569.0574720000001,-1.43893,-0.02861,-162.0874601,-621.8797049,-0.26217,0.10593,-162.0646446,-162.0478556,-621.2792853,-621.2146633,0.0,0.0,0.0,0.0,0.0,0.0,0.0,0.0,0.0,0.0,Gaussian,"opt+freq: b3lyp/6-311G** em=gd3bj
energy: M062X/6-311G+(2d, p) em=gd3",QC
796,Na+_Anionname108,CCCCCCCCCCCCCC(=O)[O-].[Na+],Na+,[Na+],Anionname108,CCCCCCCCCCCCCC(=O)[O-],-162.0502156,0.0,-0.014429,0.0,0.00236,0.0,147.845824,0.0,-1.43893,0.0,-162.0874601,0.0,-0.26217,0.0,-162.0646446,-162.0478556,0.0,0.0,0.0,0.0,0.0,0.0,0.0,0.0,0.0,0.0,0.0,0.0,Gaussian,"opt+freq: b3lyp/6-311G** em=gd3bj
energy: M062X/6-311G+(2d, p) em=gd3",QC
797,Na+_Anionname110,O=S1(=O)[N-]S(=O)(=O)C(F)(F)C(F)(F)C1(F)F.[Na+],Na+,[Na+],Anionname110,O=S1(=O)[N-]S(=O)(=O)C(F)(F)C(F)(F)C1(F)F,-162.0502156,-1865.3864198,-0.014429,0.017198,0.00236,0.073158,147.845824,492.787336,-1.43893,-0.15022,-162.0874601,-1865.6990524,-0.26217,0.12056,-162.0646446,-162.0478556,-1865.3692218,-1865.3132618,-2027.6249509,0.016927,0.07641,523.807512,-0.30482,-2027.9879333,-0.07073,-2027.6080239,-2027.5485409,-494.4223452495193,Gaussian,"opt+freq: b3lyp/6-311G** em=gd3bj
energy: M062X/6-311G+(2d, p) em=gd3",QC
798,Na+_Anionname111,O=S([O-])C(F)(F)C(F)(F)C(F)(F)C(F)(F)F.[Na+],Na+,[Na+],Anionname111,O=S([O-])C(F)(F)C(F)(F)C(F)(F)C(F)(F)F,-162.0502156,-1599.6921337,-0.014429,0.009778,0.00236,0.071894,147.845824,546.9910560000001,-1.43893,-0.04904,-162.0874601,-1600.0265025,-0.26217,0.1355,-162.0646446,-162.0478556,-1599.6823557,-1599.6202397,-1761.9548675,0.01076,0.075459,569.739464,-0.24363,-1762.3427022,-0.0598,-1761.9441075,-1761.8794085,-557.966534099939,Gaussian,"opt+freq: b3lyp/6-311G** em=gd3bj
energy: M062X/6-311G+(2d, p) em=gd3",QC
799,Na+_Anionname112,N#C[O-].[Na+],Na+,[Na+],Anionname112,N#C[O-],-162.0502156,-168.1231531,-0.014429,-0.010769,0.00236,0.014164,147.845824,219.551216,-1.43893,-0.00033,-162.0874601,-168.1657465,-0.26217,0.359,-162.0646446,-162.0478556,-168.1339221,-168.1089891,-330.3815176,-0.01326,0.01715,267.79692,-0.20369,-330.4772549,-0.07782,-330.3947776,-330.3643676,-546.4949369499938,Gaussian,"opt+freq: b3lyp/6-311G** em=gd3bj
energy: M062X/6-311G+(2d, p) em=gd3",QC
800,Na+_Anionname113,F[B-](F)(F)CC(F)(F)F.[Na+],Na+,[Na+],Anionname113,F[B-](F)(F)CC(F)(F)F,-162.0502156,-701.6214229,-0.014429,0.016421,0.00236,0.061609,147.845824,397.91932,-1.43893,-0.12115,-162.0874601,-701.8109732,-0.26217,0.21458,-162.0646446,-162.0478556,-701.6050018999999,-701.5598139,0.0,0.0,0.0,0.0,0.0,0.0,0.0,0.0,0.0,0.0,Gaussian,"opt+freq: b3lyp/6-311G** em=gd3bj
energy: M062X/6-311G+(2d, p) em=gd3",QC
801,Na+_Anionname115,O=C([O-])CC(=O)O.[Na+],Na+,[Na+],Anionname115,O=C([O-])CC(=O)O,-162.0502156,-417.0939726,-0.014429,0.029633,0.00236,0.069434,147.845824,350.485312,-1.43893,-0.04406,-162.0874601,-417.2303038,-0.26217,0.1632,-162.0646446,-162.0478556,-417.0643396,-417.0245386,-579.3624322,0.029702,0.07334,384.275296,-0.21492,-579.5519598,-0.05633,-579.3327301999999,-579.2890921999999,-572.9996219999216,Gaussian,"opt+freq: b3lyp/6-311G** em=gd3bj
energy: M062X/6-311G+(2d, p) em=gd3",QC
802,Na+_Anionname117,F[P-](F)(F)(F)(F)F.[Na+],Na+,[Na+],Anionname117,F[P-](F)(F)(F)(F)F,-162.0502156,-940.7140796,-0.014429,-0.01227,0.00236,0.025403,147.845824,331.745176,-1.43893,-0.18482,-162.0874601,-940.8739445,-0.26217,0.24571,-162.0646446,-162.0478556,-940.7263495999999,-940.6886766,0.0,0.0,0.0,0.0,0.0,0.0,0.0,0.0,0.0,0.0,Gaussian,"opt+freq: b3lyp/6-311G** em=gd3bj
energy: M062X/6-311G+(2d, p) em=gd3",QC
803,Na+_Anionname120,O=S(=O)([O-])O.[Na+],Na+,[Na+],Anionname120,O=S(=O)([O-])O,-162.0502156,-699.7340793,-0.014429,-0.003745,0.00236,0.031659,147.845824,311.77076,-1.43893,-0.07136,-162.0874601,-699.8234319,-0.26217,0.19381,-162.0646446,-162.0478556,-699.7378242999999,-699.7024203,-861.9834366,-0.004428,0.034736,344.870384,-0.25822,-862.1221134,-0.07415,-861.9878646,-861.9487006,-522.8465333501078,Gaussian,"opt+freq: b3lyp/6-311G** em=gd3bj
energy: M062X/6-311G+(2d, p) em=gd3",QC
804,Na+_Anionname122,N#C[N-]C#N.[Na+],Na+,[Na+],Anionname122,N#C[N-]C#N,-162.0502156,-240.4895513,-0.014429,-0.006294,0.00236,0.025799,147.845824,282.612464,-1.43893,-0.04718,-162.0874601,-240.5644108,-0.26217,0.23458,-162.0646446,-162.0478556,-240.4958453,-240.4637523,-402.7163623,-0.010006,0.029102,344.38504,-0.20524,-402.8393162,-0.09512,-402.7263683,-402.6872603,-463.6512227000655,Gaussian,"opt+freq: b3lyp/6-311G** em=gd3bj
energy: M062X/6-311G+(2d, p) em=gd3",QC
805,Na+_Anionname123,F[B-](F)(F)C(F)(F)C(F)(F)F.[Na+],Na+,[Na+],Anionname123,F[B-](F)(F)C(F)(F)C(F)(F)F,-162.0502156,-900.1130956,-0.014429,-0.000971,0.00236,0.04796,147.845824,430.885056,-1.43893,-0.13108,-162.0874601,-900.3410582,-0.26217,0.22858,-162.0646446,-162.0478556,-900.1140666,-900.0651356,0.0,0.0,0.0,0.0,0.0,0.0,0.0,0.0,0.0,0.0,Gaussian,"opt+freq: b3lyp/6-311G** em=gd3bj
energy: M062X/6-311G+(2d, p) em=gd3",QC
806,Na+_Anionname124,O=[N+]([O-])[O-].[Na+],Na+,[Na+],Anionname124,O=[N+]([O-])[O-],-162.0502156,-280.3509632,-0.014429,-0.011151,0.00236,0.017826,147.845824,255.173792,-1.43893,-0.00973,-162.0874601,-280.4279313,-0.26217,0.20663,-162.0646446,-162.0478556,-280.3621142,-280.3331372,-442.6135041,-0.013197,0.020948,300.68316,-0.23767,-442.7458892,-0.07103,-442.6267011,-442.5925561,-557.4600751499343,Gaussian,"opt+freq: b3lyp/6-311G** em=gd3bj
energy: M062X/6-311G+(2d, p) em=gd3",QC
807,Na+_Anionname125,O=C([O-])C(F)(F)C(F)(F)C(F)(F)C(F)(F)C(F)(F)C(F)(F)C(F)(F)F.[Na+],Na+,[Na+],Anionname125,O=C([O-])C(F)(F)C(F)(F)C(F)(F)C(F)(F)C(F)(F)C(F)(F)C(F)(F)F,-162.0502156,-1953.0407509,-0.014429,0.040174,0.00236,0.119612,147.845824,699.527144,-1.43893,-0.07405,-162.0874601,-1953.5584293,-0.26217,0.08254,-162.0646446,-162.0478556,-1953.0005769,-1952.9211389,-2115.2970866,0.039502,0.123567,740.279304,-0.27321,-2115.8632159,-0.07159,-2115.2575846,-2115.1735196,-541.1683225503537,Gaussian,"opt+freq: b3lyp/6-311G** em=gd3bj
energy: M062X/6-311G+(2d, p) em=gd3",QC
808,Na+_Anionname126,C[C@H](O)C(=O)[O-].[Na+],Na+,[Na+],Anionname126,C[C@H](O)C(=O)[O-],-162.0502156,-343.0532825,-0.014429,0.049729,0.00236,0.08661,147.845824,324.770448,-1.43893,-0.03737,-162.0874601,-343.1768899,-0.26217,0.19909,-162.0646446,-162.0478556,-343.0035535,-342.9666725,-505.3086979,0.048013,0.090102,370.627088,-0.20273,-505.4839704,-0.06136,-505.2606849,-505.2185959,-538.7520749000068,Gaussian,"opt+freq: b3lyp/6-311G** em=gd3bj
energy: M062X/6-311G+(2d, p) em=gd3",QC
809,Na+_Anionname127,CC(=O)[C-](C#N)C#N.[Na+],Na+,[Na+],Anionname127,CC(=O)[C-](C#N)C#N,-162.0502156,-377.0860554,-0.014429,0.033772,0.00236,0.076377,147.845824,375.183464,-1.43893,-0.0558,-162.0874601,-377.2272616,-0.26217,0.14933,-162.0646446,-162.0478556,-377.0522834,-377.0096784,-539.3382011,0.033461,0.079885,408.806088,-0.22187,-539.5264078,-0.06503,-539.3047401,-539.2583161,-530.1674775499213,Gaussian,"opt+freq: b3lyp/6-311G** em=gd3bj
energy: M062X/6-311G+(2d, p) em=gd3",QC
810,Na+_Anionname128,N#C[B-](C#N)(C#N)C#N.[Na+],Na+,[Na+],Anionname128,N#C[B-](C#N)(C#N)C#N,-162.0502156,-396.3825058,-0.014429,0.003064,0.00236,0.047194,147.845824,388.614104,-1.43893,-0.20184,-162.0874601,-396.5113959,-0.26217,0.13047,-162.0646446,-162.0478556,-396.3794418,-396.3353118,0.0,0.0,0.0,0.0,0.0,0.0,0.0,0.0,0.0,0.0,Gaussian,"opt+freq: b3lyp/6-311G** em=gd3bj
energy: M062X/6-311G+(2d, p) em=gd3",QC
811,Na+_Anionname129,CCCC(=O)[O-].[Na+],Na+,[Na+],Anionname129,CCCC(=O)[O-],-162.0502156,-307.1178705,-0.014429,0.070739,0.00236,0.109351,147.845824,340.016944,-1.43893,-0.02027,-162.0874601,-307.2473723,-0.26217,0.18306,-162.0646446,-162.0478556,-307.0471315,-307.0085195,-469.4037164,0.070334,0.11363,381.267,-0.22941,-469.5817396,-0.05617,-469.3333824,-469.2900864,-618.6473526500663,Gaussian,"opt+freq: b3lyp/6-311G** em=gd3bj
energy: M062X/6-311G+(2d, p) em=gd3",QC
812,Na+_Anionname130,Cc1ccc(S(=O)(=O)[O-])cc1.[Na+],Na+,[Na+],Anionname130,Cc1ccc(S(=O)(=O)[O-])cc1,-162.0502156,-894.8242331,-0.014429,0.085922,0.00236,0.136936,147.845824,449.227712,-1.43893,-0.07432,-162.0874601,-895.034441,-0.26217,0.10435,-162.0646446,-162.0478556,-894.7383111,-894.6872971,-1057.0663727,0.086801,0.140498,472.85476,-0.23498,-1057.3223264,-0.07759,-1056.9795717,-1056.9258747,-503.8964620002244,Gaussian,"opt+freq: b3lyp/6-311G** em=gd3bj
energy: M062X/6-311G+(2d, p) em=gd3",QC
813,Na+_Anionname132,CC(=O)[O-].[Na+],Na+,[Na+],Anionname132,CC(=O)[O-],-162.0502156,-228.5053588,-0.014429,0.018547,0.00236,0.051636,147.845824,291.382128,-1.43893,-0.00707,-162.0874601,-228.5822407,-0.26217,0.22055,-162.0646446,-162.0478556,-228.4868118,-228.4537228,-390.7940897,0.017993,0.055785,332.79536,-0.22568,-390.9221446,-0.05501,-390.7760967,-390.7383047,-626.2219201498962,Gaussian,"opt+freq: b3lyp/6-311G** em=gd3bj
energy: M062X/6-311G+(2d, p) em=gd3",QC
814,Na+_Anionname139,O=S(=O)([O-])C(F)(F)C(F)(F)C(F)(F)C(F)(F)F.[Na+],Na+,[Na+],Anionname139,O=S(=O)([O-])C(F)(F)C(F)(F)C(F)(F)C(F)(F)F,-162.0502156,-1674.9392325,-0.014429,0.016681,0.00236,0.078252,147.845824,542.1836400000001,-1.43893,-0.10329,-162.0874601,-1675.2878478,-0.26217,0.13223,-162.0646446,-162.0478556,-1674.9225515,-1674.8609805,-1837.1811617,0.014715,0.081487,587.994256,-0.28882,-1837.5770816,-0.07365,-1837.1664467,-1837.0996747,-503.3440568004849,Gaussian,"opt+freq: b3lyp/6-311G** em=gd3bj
energy: M062X/6-311G+(2d, p) em=gd3",QC
815,Na+_Anionname140,COC(=S)[S-].[Na+],Na+,[Na+],Anionname140,COC(=S)[S-],-162.0502156,-949.6533322,-0.014429,0.017529,0.00236,0.054428,147.845824,324.937808,-1.43893,-0.0261,-162.0874601,-949.7857208,-0.26217,0.13187,-162.0646446,-162.0478556,-949.6358032,-949.5989042,-1111.9191288,0.016446,0.05809,366.715048,-0.2093,-1112.0907885,-0.05899,-1111.9026828,-1111.8610388,-566.0079154998141,Gaussian,"opt+freq: b3lyp/6-311G** em=gd3bj
energy: M062X/6-311G+(2d, p) em=gd3",QC
816,Na+_Anionname141,NCCC(=O)[O-].[Na+],Na+,[Na+],Anionname141,NCCC(=O)[O-],-162.0502156,-323.1661715,-0.014429,0.061592,0.00236,0.099414,147.845824,333.054768,-1.43893,-0.02995,-162.0874601,-323.2910738,-0.26217,0.18797,-162.0646446,-162.0478556,-323.1045795,-323.0667575,-485.4333758,0.061744,0.10373,369.731712,-0.20067,-485.6094225,-0.05612,-485.3716318,-485.3296458,-569.7038318500045,Gaussian,"opt+freq: b3lyp/6-311G** em=gd3bj
energy: M062X/6-311G+(2d, p) em=gd3",QC
817,Na+_Anionname142,N#Cc1ccc([B-](F)(F)F)cc1.[Na+],Na+,[Na+],Anionname142,N#Cc1ccc([B-](F)(F)F)cc1,-162.0502156,-648.5204563,-0.014429,0.05922,0.00236,0.108433,147.845824,433.366168,-1.43893,-0.12985,-162.0874601,-648.7398366,-0.26217,0.0733,-162.0646446,-162.0478556,-648.4612363,-648.4120233,-810.7473859,0.057447,0.111703,477.77096,-0.28112,-811.0143807,-0.08354,-810.6899389,-810.6356829,-463.9626070001598,Gaussian,"opt+freq: b3lyp/6-311G** em=gd3bj
energy: M062X/6-311G+(2d, p) em=gd3",QC
818,Na+_Anionname147,N#Cc1cccc([B-](F)(F)F)c1.[Na+],Na+,[Na+],Anionname147,N#Cc1cccc([B-](F)(F)F)c1,-162.0502156,-648.5194329,-0.014429,0.059178,0.00236,0.108382,147.845824,433.2866720000001,-1.43893,-0.13117,-162.0874601,-648.7386591,-0.26217,0.07338,-162.0646446,-162.0478556,-648.4602549,-648.4110509,-810.7565323,0.05721,0.111833,481.005192,-0.24925,-811.0252287,-0.08177,-810.6993223,-810.6446993,-490.6634169000849,Gaussian,"opt+freq: b3lyp/6-311G** em=gd3bj
energy: M062X/6-311G+(2d, p) em=gd3",QC
819,Na+_Anionname148,O=C1O[B-](F)(F)OC1=O.[Na+],Na+,[Na+],Anionname148,O=C1O[B-](F)(F)OC1=O,-162.0502156,-601.9763171,-0.014429,0.003882,0.00236,0.044284,147.845824,355.773888,-1.43893,-0.11241,-162.0874601,-602.1401193,-0.26217,0.1015,-162.0646446,-162.0478556,-601.9724351,-601.9320331,0.0,0.0,0.0,0.0,0.0,0.0,0.0,0.0,0.0,0.0,Gaussian,"opt+freq: b3lyp/6-311G** em=gd3bj
energy: M062X/6-311G+(2d, p) em=gd3",QC
820,Na+_Anionname149,Fc1ccccc1[B-](F)(F)F.[Na+],Na+,[Na+],Anionname149,Fc1ccccc1[B-](F)(F)F,-162.0502156,-655.5110799,-0.014429,0.054483,0.00236,0.1006,147.845824,406.1032240000001,-1.43893,-0.10501,-162.0874601,-655.7225732,-0.26217,0.12602,-162.0646446,-162.0478556,-655.4565969,-655.4104799,0.0,0.0,0.0,0.0,0.0,0.0,0.0,0.0,0.0,0.0,Gaussian,"opt+freq: b3lyp/6-311G** em=gd3bj
energy: M062X/6-311G+(2d, p) em=gd3",QC
821,Na+_Anionname165,CC(C)C[C@H](N)C(=O)[O-].[Na+],Na+,[Na+],Anionname165,CC(C)C[C@H](N)C(=O)[O-],-162.0502156,-905.9460358,-0.014429,0.056006,0.00236,0.115546,147.845824,524.3095920000001,-1.43893,-0.09738,-162.0874601,-906.2327718,-0.26217,0.09571,-162.0646446,-162.0478556,-905.8900298,-905.8304898,-603.3535663,0.137601,0.189268,454.980712,-0.20024,-603.604042,-0.05978,-603.2159653,-603.1642983,0.0,Gaussian,"opt+freq: b3lyp/6-311G** em=gd3bj
energy: M062X/6-311G+(2d, p) em=gd3",QC
822,Na+_Anionname167,O=C1CC(=O)O[B-](F)(F)O1.[Na+],Na+,[Na+],Anionname167,O=C1CC(=O)O[B-](F)(F)O1,-162.0502156,-725.5708345,-0.014429,0.105227,0.00236,0.151089,147.845824,403.8606,-1.43893,-0.07716,-162.0874601,-725.761309,-0.26217,0.15715,-162.0646446,-162.0478556,-725.4656075,-725.4197455000001,0.0,0.0,0.0,0.0,0.0,0.0,0.0,0.0,0.0,0.0,Gaussian,"opt+freq: b3lyp/6-311G** em=gd3bj
energy: M062X/6-311G+(2d, p) em=gd3",QC
823,Na+_Anionname172,NCC(=O)[O-].[Na+],Na+,[Na+],Anionname172,NCC(=O)[O-],-162.0502156,-283.8596396,-0.014429,0.03602,0.00236,0.07072,147.845824,305.561704,-1.43893,-0.01642,-162.0874601,-283.9575277,-0.26217,0.20439,-162.0646446,-162.0478556,-283.8236196,-283.7889196,-446.1268589,0.035551,0.074542,343.351592,-0.19624,-446.2785368,-0.06153,-446.0913079,-446.0523169,-569.7432143500542,Gaussian,"opt+freq: b3lyp/6-311G** em=gd3bj
energy: M062X/6-311G+(2d, p) em=gd3",QC
824,Na+_Anionname179,Fc1ccc([B-](F)(F)F)cc1.[Na+],Na+,[Na+],Anionname179,Fc1ccc([B-](F)(F)F)cc1,-162.0502156,-655.5115363,-0.014429,0.05379,0.00236,0.100614,147.845824,412.3332,-1.43893,-0.10288,-162.0874601,-655.7232078,-0.26217,0.12152,-162.0646446,-162.0478556,-655.4577462999999,-655.4109223,0.0,0.0,0.0,0.0,0.0,0.0,0.0,0.0,0.0,0.0,Gaussian,"opt+freq: b3lyp/6-311G** em=gd3bj
energy: M062X/6-311G+(2d, p) em=gd3",QC
825,Na+_Anionname185,CCS(=O)(=O)[O-].[Na+],Na+,[Na+],Anionname185,CCS(=O)(=O)[O-],-162.0502156,-703.1080762,-0.014429,0.045625,0.00236,0.083596,147.845824,334.368544,-1.43893,-0.06034,-162.0874601,-703.2340405,-0.26217,0.177,-162.0646446,-162.0478556,-703.0624512,-703.0244802,-865.3738877,0.04469,0.087104,373.501496,-0.24923,-865.5450884,-0.06348,-865.3291977,-865.2867837,-566.0470354498049,Gaussian,"opt+freq: b3lyp/6-311G** em=gd3bj
energy: M062X/6-311G+(2d, p) em=gd3",QC
826,Na+_Anionname187,NC(CO)C(=O)[O-].[Na+],Na+,[Na+],Anionname187,NC(CO)C(=O)[O-],-162.0502156,-398.3993557,-0.014429,0.065593,0.00236,0.105303,147.845824,349.690352,-1.43893,-0.049,-162.0874601,-398.5425891,-0.26217,0.18685,-162.0646446,-162.0478556,-398.3337627,-398.2940527,-560.6680001,0.066385,0.109456,379.2796,-0.21233,-560.8659382,-0.04994,-560.6016151,-560.5585441,-573.4848143999204,Gaussian,"opt+freq: b3lyp/6-311G** em=gd3bj
energy: M062X/6-311G+(2d, p) em=gd3",QC
827,Na+_Anionname193,Fc1cccc([B-](F)(F)F)c1.[Na+],Na+,[Na+],Anionname193,Fc1cccc([B-](F)(F)F)c1,-162.0502156,-655.5125677,-0.014429,0.053759,0.00236,0.100578,147.845824,412.2913600000001,-1.43893,-0.10816,-162.0874601,-655.7242276,-0.26217,0.12419,-162.0646446,-162.0478556,-655.4588087,-655.4119896999999,0.0,0.0,0.0,0.0,0.0,0.0,0.0,0.0,0.0,0.0,Gaussian,"opt+freq: b3lyp/6-311G** em=gd3bj
energy: M062X/6-311G+(2d, p) em=gd3",QC
828,Na+_Anionname197,O=C([O-])C(F)(F)C(F)(F)C(F)(F)C(F)(F)C(F)(F)C(F)(F)C(F)(F)C(F)(F)F.[Na+],Na+,[Na+],Anionname197,O=C([O-])C(F)(F)C(F)(F)C(F)(F)C(F)(F)C(F)(F)C(F)(F)C(F)(F)C(F)(F)F,-162.0502156,-2190.8329911,-0.014429,0.048039,0.00236,0.134249,147.845824,759.161696,-1.43893,-0.07438,-162.0874601,-2191.4133558,-0.26217,0.06712,-162.0646446,-162.0478556,-2190.7849521,-2190.6987421,-2353.0764219,0.047988,0.137604,789.160976,-0.24526,-2353.7120898,-0.07234,-2353.0284339,-2352.9388179,-507.2865075998438,Gaussian,"opt+freq: b3lyp/6-311G** em=gd3bj
energy: M062X/6-311G+(2d, p) em=gd3",QC
829,Na+_Anionname200,F[B-](F)(F)c1ccccc1.[Na+],Na+,[Na+],Anionname200,F[B-](F)(F)c1ccccc1,-162.0502156,-556.2617788,-0.014429,0.062932,0.00236,0.107577,147.845824,393.141192,-1.43893,-0.10118,-162.0874601,-556.4533291,-0.26217,0.13494,-162.0646446,-162.0478556,-556.1988468,-556.1542018,0.0,0.0,0.0,0.0,0.0,0.0,0.0,0.0,0.0,0.0,Gaussian,"opt+freq: b3lyp/6-311G** em=gd3bj
energy: M062X/6-311G+(2d, p) em=gd3",QC
830,Na+_Anionname210,NCCS(=O)(=O)[O-].[Na+],Na+,[Na+],Anionname210,NCCS(=O)(=O)[O-],-162.0502156,-758.4600847,-0.014429,0.06189,0.00236,0.102327,147.845824,356.091872,-1.43893,-0.07175,-162.0874601,-758.6065057,-0.26217,0.16775,-162.0646446,-162.0478556,-758.3981947000001,-758.3577577000001,-920.7333345,0.062589,0.106021,382.45944,-0.24534,-920.9259227,-0.04779,-920.6707455,-920.6273134999999,-585.5762920997781,Gaussian,"opt+freq: b3lyp/6-311G** em=gd3bj
energy: M062X/6-311G+(2d, p) em=gd3",QC
831,K+_bis(trifluoromethylsulfonyl)imide,O=S(=O)([N-]S(=O)(=O)C(F)(F)F)C(F)(F)F.[K+],K+,[K+],bis(trifluoromethylsulfonyl)imide,O=S(=O)([N-]S(=O)(=O)C(F)(F)F)C(F)(F)F,-599.7431251,-1827.300096,-0.015176,0.007679,0.00236,0.06695,154.423072,521.945632,-0.9748,-0.15011,-599.7609368,-1827.6026494,-0.21785,0.161,-599.7583011,-599.7407651000001,-1827.292417,-1827.233146,-2427.2102104,0.004917,0.070059,573.634768,-0.28387,-2427.539014,-0.05504,-2427.2052934,-2427.1401514,-438.4304071501796,Gaussian,"opt+freq: b3lyp/6-311G** em=gd3bj
energy: M062X/6-311G+(2d, p) em=gd3",QC
832,K+_diethyl-phosphate,CCOP(=O)([O-])OCC.[K+],K+,[K+],diethyl-phosphate,CCOP(=O)([O-])OCC,-599.7431251,-800.8282504,-0.015176,0.107688,0.00236,0.157286,154.423072,436.763576,-0.9748,-0.07332,-599.7609368,-801.0365467,-0.21785,0.16836,-599.7583011,-599.7407651000001,-800.7205624,-800.6709644,-1400.7715343,0.105884,0.161215,487.243536,-0.239,-1401.0000006,-0.04527,-1400.6656503,-1400.6103193,-525.5169293998429,Gaussian,"opt+freq: b3lyp/6-311G** em=gd3bj
energy: M062X/6-311G+(2d, p) em=gd3",QC
833,K+_ethyl-sulfate,CCOS(=O)(=O)[O-].[K+],K+,[K+],ethyl-sulfate,CCOS(=O)(=O)[O-],-599.7431251,-778.3321631,-0.015176,0.047795,0.00236,0.088931,154.423072,362.238168,-0.9748,-0.07903,-599.7609368,-778.4758512,-0.21785,0.17326,-599.7583011,-599.7407651000001,-778.2843681,-778.2432321,-1378.2569296,0.045387,0.092339,413.450328,-0.24906,-1378.4221402,-0.05858,-1378.2115426,-1378.1645906,-476.899495699674,Gaussian,"opt+freq: b3lyp/6-311G** em=gd3bj
energy: M062X/6-311G+(2d, p) em=gd3",QC
834,K+_bis(2-ethylhexyl)phosphate,CCCCC(CC)COP(=O)([O-])OCC(CC)CCCC.[K+],K+,[K+],bis(2-ethylhexyl)phosphate,CCCCC(CC)COP(=O)([O-])OCC(CC)CCCC,-599.7431251,-1272.4908082,-0.015176,0.416921,0.00236,0.504171,154.423072,768.3162880000001,-0.9748,-0.09528,-599.7609368,-1272.9959659,-0.21785,0.11817,-599.7583011,-599.7407651000001,-1272.0738872,-1271.9866372,-1872.4215693,0.415679,0.507991,812.8968080000001,-0.23554,-1872.9509558,-0.04825,-1872.0058903,-1871.9135783,-492.6383180002924,Gaussian,"opt+freq: b3lyp/6-311G** em=gd3bj
energy: M062X/6-311G+(2d, p) em=gd3",QC
835,K+_dibutylphosphate,CCCCOP(=O)([O-])OCCCC.[K+],K+,[K+],dibutylphosphate,CCCCOP(=O)([O-])OCCCC,-599.7431251,-958.0531178,-0.015176,0.210993,0.00236,0.273031,154.423072,546.30488,-0.9748,-0.08989,-599.7609368,-958.3618981,-0.21785,0.15418,-599.7583011,-599.7407651000001,-957.8421248,-957.7800868,-1557.9812502,0.211155,0.277017,579.981896,-0.23856,-1558.315621,-0.05286,-1557.7700952,-1557.7042332,-485.7366661498382,Gaussian,"opt+freq: b3lyp/6-311G** em=gd3bj
energy: M062X/6-311G+(2d, p) em=gd3",QC
836,K+_bis(pentafluoroethylsulfonyl)imide,O=S(=O)([N-]S(=O)(=O)C(F)(F)C(F)(F)F)C(F)(F)C(F)(F)F.[K+],K+,[K+],bis(pentafluoroethylsulfonyl)imide,O=S(=O)([N-]S(=O)(=O)C(F)(F)C(F)(F)F)C(F)(F)C(F)(F)F,-599.7431251,-2302.891743,-0.015176,0.023205,0.00236,0.096268,154.423072,643.3862320000001,-0.9748,-0.1565,-599.7609368,-2303.321564,-0.21785,0.1239,-599.7583011,-599.7407651000001,-2302.868538,-2302.795475,-2902.7955191,0.021484,0.099446,686.53164,-0.29258,-2903.2547976,-0.06153,-2902.7740351,-2902.6960731,-421.7892005003769,Gaussian,"opt+freq: b3lyp/6-311G** em=gd3bj
energy: M062X/6-311G+(2d, p) em=gd3",QC
837,K+_dodecylbenzenesulfonate,CCCCCCCCCCCCc1ccc(S(=O)(=O)[O-])cc1.[K+],K+,[K+],dodecylbenzenesulfonate,CCCCCCCCCCCCc1ccc(S(=O)(=O)[O-])cc1,-599.7431251,-1327.1752989,-0.015176,0.370785,0.00236,0.455777,154.423072,748.4381040000001,-0.9748,-0.07722,-599.7609368,-1327.6527174,-0.21785,0.08129,-599.7583011,-599.7407651000001,-1326.8045139,-1326.7195219,0.0,0.0,0.0,0.0,0.0,0.0,0.0,0.0,0.0,0.0,Gaussian,"opt+freq: b3lyp/6-311G** em=gd3bj
energy: M062X/6-311G+(2d, p) em=gd3",QC
838,K+_Anionname12,Cc1cccc(Nc2ccccc2C(=O)[O-])c1C.[K+],K+,[K+],Anionname12,Cc1cccc(Nc2ccccc2C(=O)[O-])c1C,-599.7431251,-785.2358447,-0.015176,0.201107,0.00236,0.262333,154.423072,539.15024,-0.9748,-0.06512,-599.7609368,-785.587276,-0.21785,0.0933,-599.7583011,-599.7407651000001,-785.0347377,-784.9735117,-1385.1689639,0.202149,0.267066,571.6641040000001,-0.19412,-1385.544374,-0.0356,-1384.9668149,-1384.9018979,-498.8295095500928,Gaussian,"opt+freq: b3lyp/6-311G** em=gd3bj
energy: M062X/6-311G+(2d, p) em=gd3",QC
839,K+_Anionname14,O=S(=O)([N-]S(=O)(=O)C(F)(F)C(F)(F)C(F)(F)C(F)(F)F)C(F)(F)C(F)(F)C(F)(F)C(F)(F)F.[K+],K+,[K+],Anionname14,O=S(=O)([N-]S(=O)(=O)C(F)(F)C(F)(F)C(F)(F)C(F)(F)F)C(F)(F)C(F)(F)C(F)(F)C(F)(F)F,-599.7431251,-3254.0611188,-0.015176,0.053881,0.00236,0.154859,154.423072,889.2046,-0.9748,-0.15542,-599.7609368,-3254.7447177,-0.21785,0.09258,-599.7583011,-599.7407651000001,-3254.0072378,-3253.9062598,-3296.7507511,0.020265,0.102562,724.706456,-0.27908,-3297.2369589,-0.06079,-3296.7304861,-3296.6481891,0.0,Gaussian,"opt+freq: b3lyp/6-311G** em=gd3bj
energy: M062X/6-311G+(2d, p) em=gd3",QC
840,K+_Anionname16,O=S(=O)([O-])NC1CCCCC1.[K+],K+,[K+],Anionname16,O=S(=O)([O-])NC1CCCCC1,-599.7431251,-914.4841945,-0.015176,0.146319,0.00236,0.195347,154.423072,431.738592,-0.9748,-0.07335,-599.7609368,-914.7146457,-0.21785,0.13532,-599.7583011,-599.7407651000001,-914.3378755,-914.2888475,-1010.0627765,0.019075,0.064509,400.082448,-0.21907,-1010.2276595,-0.06183,-1010.0437015,-1009.9982675,0.0,Gaussian,"opt+freq: b3lyp/6-311G** em=gd3bj
energy: M062X/6-311G+(2d, p) em=gd3",QC
841,K+_Anionname20,N[C@H](Cc1ccccc1)C(=O)[O-].[K+],K+,[K+],Anionname20,N[C@H](Cc1ccccc1)C(=O)[O-],-599.7431251,-554.1934889,-0.015176,0.131759,0.00236,0.181987,154.423072,442.307376,-0.9748,-0.04181,-599.7609368,-554.4271186,-0.21785,0.08934,-599.7583011,-599.7407651000001,-554.0617299,-554.0115019,0.0,0.0,0.0,0.0,0.0,0.0,0.0,0.0,0.0,0.0,Gaussian,"opt+freq: b3lyp/6-311G** em=gd3bj
energy: M062X/6-311G+(2d, p) em=gd3",QC
842,K+_Anionname21,CCCCCCCCCCCCOS(=O)(=O)[O-].[K+],K+,[K+],Anionname21,CCCCCCCCCCCCOS(=O)(=O)[O-],-599.7431251,-1171.3794474,-0.015176,0.305794,0.00236,0.378523,154.423072,640.453248,-0.9748,-0.0904,-599.7609368,-1171.7675671,-0.21785,0.09797,-599.7583011,-599.7407651000001,-1171.0736534,-1171.0009244,-1360.7562785,-0.016846,0.022118,343.117288,-0.27416,-1360.8563032,-0.06238,-1360.7731245,-1360.7341605,0.0,Gaussian,"opt+freq: b3lyp/6-311G** em=gd3bj
energy: M062X/6-311G+(2d, p) em=gd3",QC
843,K+_Anionname25,Cc1cc(Cl)ccc1OCC(=O)[O-].[K+],K+,[K+],Anionname25,Cc1cc(Cl)ccc1OCC(=O)[O-],-599.7431251,-1033.6589893,-0.015176,0.106599,0.00236,0.16052,154.423072,474.833792,-0.9748,-0.05344,-599.7609368,-1033.9169754,-0.21785,0.10485,-599.7583011,-599.7407651000001,-1033.5523903,-1033.4984693,-1060.1978641,-0.022794,0.004371,239.211832,-0.21545,-1060.2492297,-0.06273,-1060.2206581,-1060.1934931,0.0,Gaussian,"opt+freq: b3lyp/6-311G** em=gd3bj
energy: M062X/6-311G+(2d, p) em=gd3",QC
844,K+_Anionname27,N=C(N)NCCC[C@H](N)C(=O)[O-].[K+],K+,[K+],Anionname27,N=C(N)NCCC[C@H](N)C(=O)[O-],-599.7431251,-605.9507311,-0.015176,0.163501,0.00236,0.217478,154.423072,475.327504,-0.9748,-0.0686,-599.7609368,-606.2052445,-0.21785,0.15054,-599.7583011,-599.7407651000001,-605.7872301,-605.7332531,-907.0690848,0.067913,0.113071,397.655728,-0.21414,-907.2251378,-0.04633,-907.0011718000001,-906.9560138,0.0,Gaussian,"opt+freq: b3lyp/6-311G** em=gd3bj
energy: M062X/6-311G+(2d, p) em=gd3",QC
845,K+_Anionname29,CC(=O)Oc1ccccc1C(=O)[O-].[K+],K+,[K+],Anionname29,CC(=O)Oc1ccccc1C(=O)[O-],-599.7431251,-648.1087054,-0.015176,0.09996,0.00236,0.151056,154.423072,449.955728,-0.9748,-0.06029,-599.7609368,-648.3585974,-0.21785,0.11093,-599.7583011,-599.7407651000001,-648.0087454,-647.9576493999999,-1248.0524288,0.100158,0.155002,482.954936,-0.21853,-1248.327166,-0.0383,-1247.9522708,-1247.8974268,-526.6708366497651,Gaussian,"opt+freq: b3lyp/6-311G** em=gd3bj
energy: M062X/6-311G+(2d, p) em=gd3",QC
846,K+_Anionname31,O=C([O-])c1ccccc1.[K+],K+,[K+],Anionname31,O=C([O-])c1ccccc1,-599.7431251,-420.2341981,-0.015176,0.066349,0.00236,0.106392,154.423072,352.610784,-0.9748,-0.03942,-599.7609368,-420.4002711,-0.21785,0.12435,-599.7583011,-599.7407651000001,-420.1678491,-420.1278061,-977.718015,0.001356,0.044549,380.354888,-0.22603,-977.857541,-0.05318,-977.716659,-977.6734660000001,0.0,Gaussian,"opt+freq: b3lyp/6-311G** em=gd3bj
energy: M062X/6-311G+(2d, p) em=gd3",QC
847,K+_Anionname33,CCCCCCCCOS(=O)(=O)[O-].[K+],K+,[K+],Anionname33,CCCCCCCCOS(=O)(=O)[O-],-599.7431251,-1014.1611032,-0.015176,0.20261,0.00236,0.262579,154.423072,528.08356,-0.9748,-0.08968,-599.7609368,-1014.4526982,-0.21785,0.12203,-599.7583011,-599.7407651000001,-1013.9584932,-1013.8985242,-1614.0887752,0.201154,0.266078,571.7226800000001,-0.2502,-1614.4036164,-0.04733,-1613.8876212,-1613.8226972,-484.5278859502634,Gaussian,"opt+freq: b3lyp/6-311G** em=gd3bj
energy: M062X/6-311G+(2d, p) em=gd3",QC
848,K+_Anionname37,CCCCCCCC/C=C\CCCCCCCC(=O)[O-].[K+],K+,[K+],Anionname37,CCCCCCCC/C=C\CCCCCCCC(=O)[O-],-599.7431251,-856.1565344,-0.015176,0.406358,0.00236,0.491886,154.423072,753.16184,-0.9748,-0.02988,-599.7609368,-856.6175001,-0.21785,0.07666,-599.7583011,-599.7407651000001,-855.7501764000001,-855.6646484,0.0,0.0,0.0,0.0,0.0,0.0,0.0,0.0,0.0,0.0,Gaussian,"opt+freq: b3lyp/6-311G** em=gd3bj
energy: M062X/6-311G+(2d, p) em=gd3",QC
849,K+_Anionname39,O=C([O-])c1ccccc1O.[K+],K+,[K+],Anionname39,O=C([O-])c1ccccc1O,-599.7431251,-495.4477547,-0.015176,0.066962,0.00236,0.111396,154.423072,391.28768,-0.9748,-0.03037,-599.7609368,-495.6318828,-0.21785,0.12347,-599.7583011,-599.7407651000001,-495.3807927,-495.3363587,-1095.3829774,0.06597,0.115301,434.407984,-0.19307,-1095.5969601,-0.05569,-1095.3170074,-1095.2676764,-504.3522488000288,Gaussian,"opt+freq: b3lyp/6-311G** em=gd3bj
energy: M062X/6-311G+(2d, p) em=gd3",QC
850,K+_Anionname41,CO[C@H](C(=O)[O-])c1ccccc1.[K+],K+,[K+],Anionname41,CO[C@H](C(=O)[O-])c1ccccc1,-599.7431251,-574.0431753,-0.015176,0.118498,0.00236,0.169266,154.423072,447.064584,-0.9748,-0.04115,-599.7609368,-574.2789572,-0.21785,0.10564,-599.7583011,-599.7407651000001,-573.9246773,-573.8739093,-1173.9771503,0.117082,0.172765,490.34388,-0.19568,-1174.2421184,-0.05351,-1173.8600683,-1173.8043853,-501.0764124496733,Gaussian,"opt+freq: b3lyp/6-311G** em=gd3bj
energy: M062X/6-311G+(2d, p) em=gd3",QC
851,K+_Anionname42,O=C([O-])c1cccnc1.[K+],K+,[K+],Anionname42,O=C([O-])c1cccnc1,-599.7431251,-436.280275,-0.015176,0.055258,0.00236,0.095156,154.423072,351.338848,-0.9748,-0.0475,-599.7609368,-436.443037,-0.21785,0.10894,-599.7583011,-599.7407651000001,-436.225017,-436.185119,-841.5405791,0.015195,0.051809,322.414856,-0.16556,-841.6478356,-0.04269,-841.5253841,-841.4887700999999,0.0,Gaussian,"opt+freq: b3lyp/6-311G** em=gd3bj
energy: M062X/6-311G+(2d, p) em=gd3",QC
852,K+_Anionname43,CC(F)(F)S(=O)(=O)[N-]S(=O)(=O)C(F)(F)F.[K+],K+,[K+],Anionname43,CC(F)(F)S(=O)(=O)[N-]S(=O)(=O)C(F)(F)F,-599.7431251,-1767.358586,-0.015176,0.041753,0.00236,0.102133,154.423072,531.70272,-0.9748,-0.14075,-599.7609368,-1767.6668128,-0.21785,0.14833,-599.7583011,-599.7407651000001,-1767.316833,-1767.256453,-2367.2725661,0.039567,0.105258,578.4714720000001,-0.27973,-2367.6098172,-0.05657,-2367.2329991,-2367.1673081,-448.5798024995977,Gaussian,"opt+freq: b3lyp/6-311G** em=gd3bj
energy: M062X/6-311G+(2d, p) em=gd3",QC
853,K+_Anionname44,COC(=O)C(=O)[O-].[K+],K+,[K+],Anionname44,COC(=O)C(=O)[O-],-599.7431251,-417.0706928,-0.015176,0.028126,0.00236,0.069235,154.423072,362.012232,-0.9748,-0.03796,-599.7609368,-417.2067814,-0.21785,0.17,-599.7583011,-599.7407651000001,-417.0425668,-417.0014578,-764.141788,-0.016401,0.016679,291.298448,-0.17481,-764.2167932,-0.05989,-764.158189,-764.1251090000001,0.0,Gaussian,"opt+freq: b3lyp/6-311G** em=gd3bj
energy: M062X/6-311G+(2d, p) em=gd3",QC
854,K+_Anionname47,N#Cc1nc(C(F)(F)F)[n-]c1C#N.[K+],K+,[K+],Anionname47,N#Cc1nc(C(F)(F)F)[n-]c1C#N,-599.7431251,-747.2327407,-0.015176,0.019048,0.00236,0.069523,154.423072,444.483056,-0.9748,-0.1093,-599.7609368,-747.4561757,-0.21785,0.088,-599.7583011,-599.7407651000001,-747.2136927,-747.1632177,-1684.0380583,-0.019222,0.021874,361.890896,-0.29088,-1684.156697,-0.069,-1684.0572803,-1684.0161843,-884956.7864087501,Gaussian,"opt+freq: b3lyp/6-311G** em=gd3bj
energy: M062X/6-311G+(2d, p) em=gd3",QC
855,K+_Anionname50,O=C([O-])C=Cc1ccccc1.[K+],K+,[K+],Anionname50,O=C([O-])C=Cc1ccccc1,-599.7431251,-497.6189036,-0.015176,0.093669,0.00236,0.140792,154.423072,414.9565680000001,-0.9748,-0.03788,-599.7609368,-497.8254755,-0.21785,0.07659,-599.7583011,-599.7407651000001,-497.5252346,-497.4781116,-916.5848728,-0.003564,0.040413,387.258488,-0.21295,-916.714387,-0.06893,-916.5884368,-916.5444598,0.0,Gaussian,"opt+freq: b3lyp/6-311G** em=gd3bj
energy: M062X/6-311G+(2d, p) em=gd3",QC
856,K+_Anionname53,CCCCCCOC(=O)CC(C(=O)OCCCCCC)C(C(=O)OCCCCCC)S(=O)(=O)[O-].[K+],K+,[K+],Anionname53,CCCCCCOC(=O)CC(C(=O)OCCCCCC)C(C(=O)OCCCCCC)S(=O)(=O)[O-],-599.7431251,-2015.6138228,-0.015176,0.563636,0.00236,0.684679,154.423072,1065.89492,-0.9748,-0.11079,-599.7609368,-2016.3830027,-0.21785,0.08379,-599.7583011,-599.7407651000001,-2015.0501868,-2014.9291438,-864.399998,-0.002424,0.033526,316.569808,-0.21951,-864.4992407,-0.04807,-864.402422,-864.3664719999999,0.0,Gaussian,"opt+freq: b3lyp/6-311G** em=gd3bj
energy: M062X/6-311G+(2d, p) em=gd3",QC
857,K+_Anionname54,CCCCC(CC)COC(=O)CC(C(=O)OCC(CC)CCCC)S(=O)(=O)[O-].[K+],K+,[K+],Anionname54,CCCCC(CC)COC(=O)CC(C(=O)OCC(CC)CCCC)S(=O)(=O)[O-],-599.7431251,-1709.1318676,-0.015176,0.476459,0.00236,0.580011,154.423072,911.8735120000001,-0.9748,-0.09366,-599.7609368,-1709.7644741,-0.21785,0.08845,-599.7583011,-599.7407651000001,-1708.6554086,-1708.5518566,-2309.0511593,0.474532,0.583416,958.82636,-0.25069,-2309.7120792,-0.05071,-2308.5766273,-2308.4677433,-462.5254082999678,Gaussian,"opt+freq: b3lyp/6-311G** em=gd3bj
energy: M062X/6-311G+(2d, p) em=gd3",QC
858,K+_Anionname60,O=C([O-])C1([N+](=O)[O-])N=CN=N1.[K+],K+,[K+],Anionname60,O=C([O-])C1([N+](=O)[O-])N=CN=N1,-599.7431251,-634.7845131,-0.015176,0.020585,0.00236,0.07016,154.423072,436.5585600000001,-0.9748,-0.09936,-599.7609368,-634.9938313,-0.21785,0.06894,-599.7583011,-599.7407651000001,-634.7639281,-634.7143531,-1234.6963593,0.018625,0.073281,481.3022560000001,-0.23763,-1234.9353309,-0.08496,-1234.6777343,-1234.6230783,-442.9772480499229,Gaussian,"opt+freq: b3lyp/6-311G** em=gd3bj
energy: M062X/6-311G+(2d, p) em=gd3",QC
859,K+_Anionname62,O=S(=O)([O-])OCC(F)(F)F.[K+],K+,[K+],Anionname62,O=S(=O)([O-])OCC(F)(F)F,-599.7431251,-1076.0972507,-0.015176,0.020737,0.00236,0.068651,154.423072,421.922928,-0.9748,-0.09719,-599.7609368,-1076.29736,-0.21785,0.1901,-599.7583011,-599.7407651000001,-1076.0765137,-1076.0285997,-1030.0513004,0.025232,0.068759,383.29624,-0.2281,-1030.2265435,-0.06287,-1030.0260684,-1029.9825414,0.0,Gaussian,"opt+freq: b3lyp/6-311G** em=gd3bj
energy: M062X/6-311G+(2d, p) em=gd3",QC
860,K+_Anionname66,O=S(=O)([O-])OCC(F)(F)C(F)F.[K+],K+,[K+],Anionname66,O=S(=O)([O-])OCC(F)(F)C(F)F,-599.7431251,-1214.6312877,-0.015176,0.037371,0.00236,0.090825,154.423072,470.72092,-0.9748,-0.09505,-599.7609368,-1214.8758664,-0.21785,0.14732,-599.7583011,-599.7407651000001,-1214.5939167,-1214.5404627,-1814.5571462,0.036921,0.093969,502.364512,-0.2659,-1814.827704,-0.04814,-1814.5202252,-1814.4631772,-479.7665416998975,Gaussian,"opt+freq: b3lyp/6-311G** em=gd3bj
energy: M062X/6-311G+(2d, p) em=gd3",QC
861,K+_Anionname69,O=S(=O)([O-])OCCCC(F)(F)C(F)(F)F.[K+],K+,[K+],Anionname69,O=S(=O)([O-])OCCCC(F)(F)C(F)(F)F,-599.7431251,-1392.5059244,-0.015176,0.082202,0.00236,0.141491,154.423072,522.096256,-0.9748,-0.09886,-599.7609368,-1392.8195313,-0.21785,0.15936,-599.7583011,-599.7407651000001,-1392.4237224,-1392.3644334,-1992.4162708,0.079093,0.144895,579.4463440000001,-0.25519,-1992.7558079,-0.06582,-1992.3371778,-1992.2713758,-439.0395231498356,Gaussian,"opt+freq: b3lyp/6-311G** em=gd3bj
energy: M062X/6-311G+(2d, p) em=gd3",QC
862,K+_Anionname70,CCCCOS(=O)(=O)[O-].[K+],K+,[K+],Anionname70,CCCCOS(=O)(=O)[O-],-599.7431251,-856.9419467,-0.015176,0.099878,0.00236,0.146733,154.423072,412.6009760000001,-0.9748,-0.08662,-599.7609368,-857.1368296,-0.21785,0.15771,-599.7583011,-599.7407651000001,-856.8420687,-856.7952137,0.0,0.0,0.0,0.0,0.0,0.0,0.0,0.0,0.0,0.0,Gaussian,"opt+freq: b3lyp/6-311G** em=gd3bj
energy: M062X/6-311G+(2d, p) em=gd3",QC
863,K+_Anionname71,FC(F)(F)c1cc([B-](c2cc(C(F)(F)F)cc(C(F)(F)F)c2)(c2cc(C(F)(F)F)cc(C(F)(F)F)c2)c2cc(C(F)(F)F)cc(C(F)(F)F)c2)cc(C(F)(F)F)c1.[K+],K+,[K+],Anionname71,FC(F)(F)c1cc([B-](c2cc(C(F)(F)F)cc(C(F)(F)F)c2)(c2cc(C(F)(F)F)cc(C(F)(F)F)c2)c2cc(C(F)(F)F)cc(C(F)(F)F)c2)cc(C(F)(F)F)c1,-599.7431251,-3647.9459631,-0.015176,0.282521,0.00236,0.441358,154.423072,1398.719568,-0.9748,-0.1741,-599.7609368,-3649.0950325,-0.21785,0.02035,-599.7583011,-599.7407651000001,-3647.6634421,-3647.5046051,0.0,0.0,0.0,0.0,0.0,0.0,0.0,0.0,0.0,0.0,Gaussian,"opt+freq: b3lyp/6-311G** em=gd3bj
energy: M062X/6-311G+(2d, p) em=gd3",QC
864,K+_Anionname73,O=C([O-])c1nnn[nH]1.[K+],K+,[K+],Anionname73,O=C([O-])c1nnn[nH]1,-599.7431251,-446.2844591,-0.015176,0.016493,0.00236,0.054353,154.423072,333.389488,-0.9748,-0.07047,-599.7609368,-446.4211919,-0.21785,0.1238,-599.7583011,-599.7407651000001,-446.2679661,-446.2301061,-1126.1953767,-0.008731,0.034926,384.438472,-0.22868,-1126.3644119,-0.06124,-1126.2041077,-1126.1604507,-210480.5392087499,Gaussian,"opt+freq: b3lyp/6-311G** em=gd3bj
energy: M062X/6-311G+(2d, p) em=gd3",QC
865,K+_Anionname74,O=C([O-])c1c([N+](=O)[O-])ccc2[nH]nnc12.[K+],K+,[K+],Anionname74,O=C([O-])c1c([N+](=O)[O-])ccc2[nH]nnc12,-599.7431251,-788.3449736,-0.015176,0.064929,0.00236,0.117656,154.423072,464.3194,-0.9748,-0.07144,-599.7609368,-788.6237487,-0.21785,0.04255,-599.7583011,-599.7407651000001,-788.2800446,-788.2273176,0.0,0.0,0.0,0.0,0.0,0.0,0.0,0.0,0.0,0.0,Gaussian,"opt+freq: b3lyp/6-311G** em=gd3bj
energy: M062X/6-311G+(2d, p) em=gd3",QC
866,K+_Anionname76,O=S(=O)([N-]S(=O)(=O)C(F)(F)C(F)(F)C(F)(F)F)C(F)(F)C(F)(F)C(F)(F)F.[K+],K+,[K+],Anionname76,O=S(=O)([N-]S(=O)(=O)C(F)(F)C(F)(F)C(F)(F)F)C(F)(F)C(F)(F)C(F)(F)F,-599.7431251,-2778.4767836,-0.015176,0.039128,0.00236,0.125584,154.423072,761.32064,-0.9748,-0.15994,-599.7609368,-2779.0342977,-0.21785,0.11118,-599.7583011,-599.7407651000001,-2778.4376556,-2778.3511996,0.0,0.0,0.0,0.0,0.0,0.0,0.0,0.0,0.0,0.0,Gaussian,"opt+freq: b3lyp/6-311G** em=gd3bj
energy: M062X/6-311G+(2d, p) em=gd3",QC
867,K+_Anionname77,O=C([O-])c1ccncc1.[K+],K+,[K+],Anionname77,O=C([O-])c1ccncc1,-599.7431251,-436.2824372,-0.015176,0.055228,0.00236,0.095159,154.423072,351.631728,-0.9748,-0.05068,-599.7609368,-436.4453165,-0.21785,0.1053,-599.7583011,-599.7407651000001,-436.2272092,-436.1872782,-675.759537,-0.008848,0.014746,207.764888,-0.15202,-675.7956041,-0.04334,-675.768385,-675.7447910000001,0.0,Gaussian,"opt+freq: b3lyp/6-311G** em=gd3bj
energy: M062X/6-311G+(2d, p) em=gd3",QC
868,K+_Anionname78,CCCCCOS(=O)(=O)[O-].[K+],K+,[K+],Anionname78,CCCCCOS(=O)(=O)[O-],-599.7431251,-896.2467936,-0.015176,0.125458,0.00236,0.175656,154.423072,442.0396000000001,-0.9748,-0.08785,-599.7609368,-896.4659647,-0.21785,0.14665,-599.7583011,-599.7407651000001,-896.1213356000001,-896.0711376,-1496.1733656,0.122588,0.179285,499.272536,-0.25125,-1496.4113581,-0.05864,-1496.0507776,-1495.9940806,-481.6398359494959,Gaussian,"opt+freq: b3lyp/6-311G** em=gd3bj
energy: M062X/6-311G+(2d, p) em=gd3",QC
869,K+_Anionname84,O=S(=O)([O-])OCC(F)(F)C(F)(F)C(F)(F)C(F)F.[K+],K+,[K+],Anionname84,O=S(=O)([O-])OCC(F)(F)C(F)(F)C(F)(F)C(F)F,-599.7431251,-1690.2182472,-0.015176,0.052252,0.00236,0.12007,154.423072,597.20324,-0.9748,-0.0997,-599.7609368,-1690.5886415,-0.21785,0.10928,-599.7583011,-599.7407651000001,-1690.1659952,-1690.0981772,-1168.3072585,0.001037,0.03928,336.765976,-0.24356,-1168.4157055,-0.0466,-1168.3062215,-1168.2679785,0.0,Gaussian,"opt+freq: b3lyp/6-311G** em=gd3bj
energy: M062X/6-311G+(2d, p) em=gd3",QC
870,K+_Anionname86,O=C([O-])c1ccccc1C(=O)O.[K+],K+,[K+],Anionname86,O=C([O-])c1ccccc1C(=O)O,-599.7431251,-608.8113835,-0.015176,0.076175,0.00236,0.123476,154.423072,416.533936,-0.9748,-0.06022,-599.7609368,-609.0363762,-0.21785,0.10669,-599.7583011,-599.7407651000001,-608.7352085,-608.6879075,-1208.7472049,0.074311,0.127447,467.909272,-0.21874,-1208.9986275,-0.04971,-1208.6728939,-1208.6197579,-505.9241356499106,Gaussian,"opt+freq: b3lyp/6-311G** em=gd3bj
energy: M062X/6-311G+(2d, p) em=gd3",QC
871,K+_Anionname87,COC(=O)[O-].[K+],K+,[K+],Anionname87,COC(=O)[O-],-599.7431251,-303.7403045,-0.015176,0.022554,0.00236,0.057535,154.423072,308.042816,-0.9748,-0.02753,-599.7609368,-303.8386036,-0.21785,0.20525,-599.7583011,-599.7407651000001,-303.7177505,-303.6827695,0.0,0.0,0.0,0.0,0.0,0.0,0.0,0.0,0.0,0.0,Gaussian,"opt+freq: b3lyp/6-311G** em=gd3bj
energy: M062X/6-311G+(2d, p) em=gd3",QC
872,K+_Anionname90,O=C([O-])/C=C\C(=O)O.[K+],K+,[K+],Anionname90,O=C([O-])/C=C\C(=O)O,-599.7431251,-455.1682371,-0.015176,0.032568,0.00236,0.075255,154.423072,375.898928,-0.9748,-0.0494,-599.7609368,-455.322193,-0.21785,0.10628,-599.7583011,-599.7407651000001,-455.1356691,-455.0929821,-1055.1084617,0.032204,0.078936,411.521504,-0.22549,-1055.2906662,-0.0495,-1055.0762577,-1055.0295257,-517.4847372496461,Gaussian,"opt+freq: b3lyp/6-311G** em=gd3bj
energy: M062X/6-311G+(2d, p) em=gd3",QC
873,K+_Anionname93,O=C([O-])C1([N+](=O)[O-])N=NN=N1.[K+],K+,[K+],Anionname93,O=C([O-])C1([N+](=O)[O-])N=NN=N1,-599.7431251,-650.8021327,-0.015176,0.008388,0.00236,0.058156,154.423072,438.257264,-0.9748,-0.11988,-599.7609368,-651.0105126,-0.21785,0.05287,-599.7583011,-599.7407651000001,-650.7937447,-650.7439767,-1250.7052342,0.005647,0.061554,492.314544,-0.26848,-1250.9411732,-0.06398,-1250.6995872,-1250.6436802,-420.0180381997147,Gaussian,"opt+freq: b3lyp/6-311G** em=gd3bj
energy: M062X/6-311G+(2d, p) em=gd3",QC
874,K+_Anionname96,FC(F)(F)C(O[B-](OC(C(F)(F)F)C(F)(F)F)(OC(C(F)(F)F)C(F)(F)F)OC(C(F)(F)F)C(F)(F)F)C(F)(F)F.[K+],K+,[K+],Anionname96,FC(F)(F)C(O[B-](OC(C(F)(F)F)C(F)(F)F)(OC(C(F)(F)F)C(F)(F)F)OC(C(F)(F)F)C(F)(F)F)C(F)(F)F,-599.7431251,0.0,-0.015176,0.0,0.00236,0.0,154.423072,0.0,-0.9748,0.0,-599.7609368,0.0,-0.21785,0.0,-599.7583011,-599.7407651000001,0.0,0.0,0.0,0.0,0.0,0.0,0.0,0.0,0.0,0.0,0.0,0.0,Gaussian,"opt+freq: b3lyp/6-311G** em=gd3bj
energy: M062X/6-311G+(2d, p) em=gd3",QC
875,K+_Anionname99,CCCCCCCCCCCCOP(C)(=O)[O-].[K+],K+,[K+],Anionname99,CCCCCCCCCCCCOP(C)(=O)[O-],-599.7431251,-1079.3269574,-0.015176,0.33671,0.00236,0.411849,154.423072,661.6703120000001,-0.9748,-0.07591,-599.7609368,-1079.7378359,-0.21785,0.10167,-599.7583011,-599.7407651000001,-1078.9902474,-1078.9151084,-1183.6831617,0.066611,0.116237,437.006248,-0.19725,-1183.9298522,-0.08744,-1183.6165507,-1183.5669247,0.0,Gaussian,"opt+freq: b3lyp/6-311G** em=gd3bj
energy: M062X/6-311G+(2d, p) em=gd3",QC
876,K+_Anionname100,O=C([O-])c1ccccn1.[K+],K+,[K+],Anionname100,O=C([O-])c1ccccn1,-599.7431251,-436.2680683,-0.015176,0.054082,0.00236,0.094688,154.423072,357.577192,-0.9748,-0.03431,-599.7609368,-436.4298661,-0.21785,0.10763,-599.7583011,-599.7407651000001,-436.2139863,-436.1733803,-1263.7357578,0.017448,0.057843,355.706944,-0.23457,-1263.8579561,-0.05198,-1263.7183098,-1263.6779148,-597890.8438322002,Gaussian,"opt+freq: b3lyp/6-311G** em=gd3bj
energy: M062X/6-311G+(2d, p) em=gd3",QC
877,K+_Anionname108,O=C([O-])C1([N+](=O)[O-])C=NN=N1.[K+],K+,[K+],Anionname108,O=C([O-])C1([N+](=O)[O-])C=NN=N1,-599.7431251,0.0,-0.015176,0.0,0.00236,0.0,154.423072,0.0,-0.9748,0.0,-599.7609368,0.0,-0.21785,0.0,-599.7583011,-599.7407651000001,0.0,0.0,0.0,0.0,0.0,0.0,0.0,0.0,0.0,0.0,0.0,0.0,Gaussian,"opt+freq: b3lyp/6-311G** em=gd3bj
energy: M062X/6-311G+(2d, p) em=gd3",QC
878,K+_Anionname109,O=C([O-])C1([N+](=O)[O-])N=NC([N+](=O)[O-])=N1.[K+],K+,[K+],Anionname109,O=C([O-])C1([N+](=O)[O-])N=NC([N+](=O)[O-])=N1,-599.7431251,-839.2909039,-0.015176,0.017572,0.00236,0.075088,154.423072,506.481568,-0.9748,-0.14183,-599.7609368,-839.5651877,-0.21785,0.03024,-599.7583011,-599.7407651000001,-839.2733319,-839.2158158999999,-1439.194928,0.015846,0.078375,550.63532,-0.2783,-1439.4981986,-0.10667,-1439.179082,-1439.116553,-422.4403244996284,Gaussian,"opt+freq: b3lyp/6-311G** em=gd3bj
energy: M062X/6-311G+(2d, p) em=gd3",QC
879,K+_Anionname151,O=C(O[B-](F)(F)OC(=O)C(F)(F)F)C(F)(F)F.[K+],K+,[K+],Anionname151,O=C(O[B-](F)(F)OC(=O)C(F)(F)F)C(F)(F)F,-599.7431251,-1277.2744305,-0.015176,0.016368,0.00236,0.081779,154.423072,576.0112799999999,-0.9748,-0.16168,-599.7609368,-1277.6180703,-0.21785,0.10225,-599.7583011,-599.7407651000001,-1277.2580625,-1277.1926515,0.0,0.0,0.0,0.0,0.0,0.0,0.0,0.0,0.0,0.0,Gaussian,"opt+freq: b3lyp/6-311G** em=gd3bj
energy: M062X/6-311G+(2d, p) em=gd3",QC
880,K+_Anionname153,O=C([O-])[C@@H]1CCCN1.[K+],K+,[K+],Anionname153,O=C([O-])[C@@H]1CCCN1,-599.7431251,-400.5692294,-0.015176,0.094539,0.00236,0.135159,154.423072,357.694344,-0.9748,-0.02654,-599.7609368,-400.7315726,-0.21785,0.16988,-599.7583011,-599.7407651000001,-400.4746904,-400.4340704,0.0,0.0,0.0,0.0,0.0,0.0,0.0,0.0,0.0,0.0,Gaussian,"opt+freq: b3lyp/6-311G** em=gd3bj
energy: M062X/6-311G+(2d, p) em=gd3",QC
881,K+_Anionname156,F[B-](F)(F)c1ccc(C(F)(F)F)cc1.[K+],K+,[K+],Anionname156,F[B-](F)(F)c1ccc(C(F)(F)F)cc1,-599.7431251,-893.3349465,-0.015176,0.060719,0.00236,0.115924,154.423072,486.130592,-0.9748,-0.12701,-599.7609368,-893.6114193,-0.21785,0.09871,-599.7583011,-599.7407651000001,-893.2742275,-893.2190225,0.0,0.0,0.0,0.0,0.0,0.0,0.0,0.0,0.0,0.0,Gaussian,"opt+freq: b3lyp/6-311G** em=gd3bj
energy: M062X/6-311G+(2d, p) em=gd3",QC
882,K+_Anionname164,O=C(O)c1ccccc1[O-].[K+],K+,[K+],Anionname164,O=C(O)c1ccccc1[O-],-599.7431251,-495.4510965,-0.015176,0.068531,0.00236,0.111355,154.423072,377.112288,-0.9748,-0.0288,-599.7609368,-495.6406935,-0.21785,0.1198,-599.7583011,-599.7407651000001,-495.3825655,-495.3397415,-1095.3546543,0.065011,0.114531,436.069032,-0.15474,-1095.5703413,-0.06861,-1095.2896433,-1095.2401233,-421.2160538498539,Gaussian,"opt+freq: b3lyp/6-311G** em=gd3bj
energy: M062X/6-311G+(2d, p) em=gd3",QC
883,K+_Anionname165,O=C(CF)OOB([O-])OOC(=O)CF.[K+],K+,[K+],Anionname165,O=C(CF)OOB([O-])OOC(=O)CF,-599.7431251,-905.9460358,-0.015176,0.056006,0.00236,0.115546,154.423072,524.3095920000001,-0.9748,-0.09738,-599.7609368,-906.2327718,-0.21785,0.09571,-599.7583011,-599.7407651000001,-905.8900298,-905.8304898,-1041.0154145,0.134672,0.188997,478.3860080000001,-0.19479,-1041.2433717,-0.05102,-1040.8807425,-1040.8264175,0.0,Gaussian,"opt+freq: b3lyp/6-311G** em=gd3bj
energy: M062X/6-311G+(2d, p) em=gd3",QC
884,K+_Anionname167,CCCCO[PH](=O)[O-].[K+],K+,[K+],Anionname167,CCCCO[PH](=O)[O-],-599.7431251,-725.5708345,-0.015176,0.105227,0.00236,0.151089,154.423072,403.8606,-0.9748,-0.07716,-599.7609368,-725.761309,-0.21785,0.15715,-599.7583011,-599.7407651000001,-725.4656075,-725.4197455000001,0.0,0.0,0.0,0.0,0.0,0.0,0.0,0.0,0.0,0.0,Gaussian,"opt+freq: b3lyp/6-311G** em=gd3bj
energy: M062X/6-311G+(2d, p) em=gd3",QC
885,K+_Anionname169,CCCCCCO[PH](=O)[O-].[K+],K+,[K+],Anionname169,CCCCCCO[PH](=O)[O-],-599.7431251,-804.1803359,-0.015176,0.156448,0.00236,0.208996,154.423072,462.742032,-0.9748,-0.07933,-599.7609368,-804.4194844,-0.21785,0.13567,-599.7583011,-599.7407651000001,-804.0238879000001,-803.9713399000001,0.0,0.0,0.0,0.0,0.0,0.0,0.0,0.0,0.0,0.0,Gaussian,"opt+freq: b3lyp/6-311G** em=gd3bj
energy: M062X/6-311G+(2d, p) em=gd3",QC
886,K+_Anionname175,COc1cccc([B-](F)(F)F)c1.[K+],K+,[K+],Anionname175,COc1cccc([B-](F)(F)F)c1,-599.7431251,-670.7797225,-0.015176,0.090724,0.00236,0.141614,154.423072,448.131504,-0.9748,-0.08787,-599.7609368,-671.0150252,-0.21785,0.13302,-599.7583011,-599.7407651000001,-670.6889985,-670.6381085,0.0,0.0,0.0,0.0,0.0,0.0,0.0,0.0,0.0,0.0,Gaussian,"opt+freq: b3lyp/6-311G** em=gd3bj
energy: M062X/6-311G+(2d, p) em=gd3",QC
887,K+_Anionname183,CCO[PH](=O)[O-].[K+],K+,[K+],Anionname183,CCO[PH](=O)[O-],-599.7431251,-646.9574164,-0.015176,0.051554,0.00236,0.093289,154.423072,367.514192,-0.9748,-0.06178,-599.7609368,-647.0966616,-0.21785,0.16962,-599.7583011,-599.7407651000001,-646.9058624,-646.8641274,0.0,0.0,0.0,0.0,0.0,0.0,0.0,0.0,0.0,0.0,Gaussian,"opt+freq: b3lyp/6-311G** em=gd3bj
energy: M062X/6-311G+(2d, p) em=gd3",QC
888,K+_Anionname184,COCCOCCOS(=O)(=O)[O-].[K+],K+,[K+],Anionname184,COCCOCCOS(=O)(=O)[O-],-599.7431251,-1046.6626845,-0.015176,0.129404,0.00236,0.186671,154.423072,504.293336,-0.9748,-0.09374,-599.7609368,-1046.9185025,-0.21785,0.14429,-599.7583011,-599.7407651000001,-1046.5332805,-1046.4760135,-1646.5901904,0.129389,0.190299,536.376248,-0.25285,-1646.8726743,-0.04081,-1646.4608014,-1646.3998914,-484.0917903996631,Gaussian,"opt+freq: b3lyp/6-311G** em=gd3bj
energy: M062X/6-311G+(2d, p) em=gd3",QC
889,K+_Anionname186,COc1ccccc1[B-](F)(F)F.[K+],K+,[K+],Anionname186,COc1ccccc1[B-](F)(F)F,-599.7431251,0.0,-0.015176,0.0,0.00236,0.0,154.423072,0.0,-0.9748,0.0,-599.7609368,0.0,-0.21785,0.0,-599.7583011,-599.7407651000001,0.0,0.0,0.0,0.0,0.0,0.0,0.0,0.0,0.0,0.0,0.0,0.0,Gaussian,"opt+freq: b3lyp/6-311G** em=gd3bj
energy: M062X/6-311G+(2d, p) em=gd3",QC
890,K+_Anionname189,COc1ccc([B-](F)(F)F)cc1.[K+],K+,[K+],Anionname189,COc1ccc([B-](F)(F)F)cc1,-599.7431251,-670.7771805,-0.015176,0.090542,0.00236,0.141574,154.423072,449.3867040000001,-0.9748,-0.08528,-599.7609368,-671.0123528,-0.21785,0.12926,-599.7583011,-599.7407651000001,-670.6866385,-670.6356065,0.0,0.0,0.0,0.0,0.0,0.0,0.0,0.0,0.0,0.0,Gaussian,"opt+freq: b3lyp/6-311G** em=gd3bj
energy: M062X/6-311G+(2d, p) em=gd3",QC
891,K+_Anionname198,CCCCCCCCO[PH](=O)[O-].[K+],K+,[K+],Anionname198,CCCCCCCCO[PH](=O)[O-],-599.7431251,-882.7883157,-0.015176,0.207186,0.00236,0.267036,154.423072,527.03756,-0.9748,-0.07725,-599.7609368,-883.0735424,-0.21785,0.11309,-599.7583011,-599.7407651000001,-882.5811297,-882.5212797,-1482.7325872,0.207378,0.271051,560.7062080000001,-0.23875,-1483.0438336,-0.04356,-1482.5252092,-1482.4615362,-528.1098731996242,Gaussian,"opt+freq: b3lyp/6-311G** em=gd3bj
energy: M062X/6-311G+(2d, p) em=gd3",QC
892,K+_Anionname203,CC(=O)O[B-](F)(F)OC(C)=O.[K+],K+,[K+],Anionname203,CC(=O)O[B-](F)(F)OC(C)=O,-599.7431251,-681.7827214,-0.015176,0.06946,0.00236,0.122354,154.423072,465.779616,-0.9748,-0.11371,-599.7609368,-682.0061459,-0.21785,0.15354,-599.7583011,-599.7407651000001,-681.7132614,-681.6603674,0.0,0.0,0.0,0.0,0.0,0.0,0.0,0.0,0.0,0.0,Gaussian,"opt+freq: b3lyp/6-311G** em=gd3bj
energy: M062X/6-311G+(2d, p) em=gd3",QC
893,K+_Anionname204,F[B-](F)(F)c1cccc(C(F)(F)F)c1.[K+],K+,[K+],Anionname204,F[B-](F)(F)c1cccc(C(F)(F)F)c1,-599.7431251,-893.3341618,-0.015176,0.060705,0.00236,0.115897,154.423072,486.021808,-0.9748,-0.12387,-599.7609368,-893.6105914,-0.21785,0.09832,-599.7583011,-599.7407651000001,-893.2734568,-893.2182647999999,0.0,0.0,0.0,0.0,0.0,0.0,0.0,0.0,0.0,0.0,Gaussian,"opt+freq: b3lyp/6-311G** em=gd3bj
energy: M062X/6-311G+(2d, p) em=gd3",QC
894,K+_Anionname214,CCCCCCCCCCOS(=O)(=O)[O-].[K+],K+,[K+],Anionname214,CCCCCCCCCCOS(=O)(=O)[O-],-599.7431251,-1092.7703437,-0.015176,0.253986,0.00236,0.320532,154.423072,585.998488,-0.9748,-0.09016,-599.7609368,-1093.1101791,-0.21785,0.10821,-599.7583011,-599.7407651000001,-1092.5163577,-1092.4498117,-1692.7037933,0.253854,0.324287,620.227792,-0.24892,-1693.066903,-0.04558,-1692.4499393,-1692.3795063,-499.6969747496339,Gaussian,"opt+freq: b3lyp/6-311G** em=gd3bj
energy: M062X/6-311G+(2d, p) em=gd3",QC
895,K+_Anionname2,O=C[O-].[K+],K+,[K+],Anionname2,O=C[O-],-599.7431251,-189.194621,-0.015176,-0.004652,0.00236,0.023078,154.423072,244.186608,-0.9748,-0.00249,-599.7609368,-189.2456824,-0.21785,0.27592,-599.7583011,-599.7407651000001,-189.199273,-189.171543,-789.1456367,-0.006556,0.027052,295.951056,-0.2204,-789.2272828,-0.04698,-789.1521927,-789.1185846999999,-545.816770299736,Gaussian,"opt+freq: b3lyp/6-311G** em=gd3bj
energy: M062X/6-311G+(2d, p) em=gd3",QC
896,K+_Anionname3,O=S(=O)([O-])C(F)(F)F.[K+],K+,[K+],Anionname3,O=S(=O)([O-])C(F)(F)F,-599.7431251,-961.5562424,-0.015176,-0.006569,0.00236,0.034341,154.423072,360.254952,-0.9748,-0.09102,-599.7609368,-961.7139738,-0.21785,0.25497,-599.7583011,-599.7407651000001,-961.5628114,-961.5219013999999,-1561.4742636,-0.008879,0.037416,407.672224,-0.27062,-1561.656953,-0.0594,-1561.4831426,-1561.4368476,-459.1897105501813,Gaussian,"opt+freq: b3lyp/6-311G** em=gd3bj
energy: M062X/6-311G+(2d, p) em=gd3",QC
897,K+_Anionname4,CC(C)CP(=S)([S-])CC(C)C.[K+],K+,[K+],Anionname4,CC(C)CP(=S)([S-])CC(C)C,-599.7431251,-1453.4891534,-0.015176,0.197479,0.00236,0.257486,154.423072,528.414096,-0.9748,-0.0534,-599.7609368,-1453.7927771,-0.21785,0.14002,-599.7583011,-599.7407651000001,-1453.2916744,-1453.2316674,0.0,0.0,0.0,0.0,0.0,0.0,0.0,0.0,0.0,0.0,Gaussian,"opt+freq: b3lyp/6-311G** em=gd3bj
energy: M062X/6-311G+(2d, p) em=gd3",QC
898,K+_Anionname5,CCCCC(=O)[O-].[K+],K+,[K+],Anionname5,CCCCC(=O)[O-],-599.7431251,-346.4228486,-0.015176,0.096712,0.00236,0.13864,154.423072,369.208712,-0.9748,-0.02349,-599.7609368,-346.576971,-0.21785,0.17222,-599.7583011,-599.7407651000001,-346.3261366,-346.2842086,-946.3723441,0.094239,0.142599,425.84752,-0.21512,-946.5534227,-0.04621,-946.2781051,-946.2297451,-541.825485199769,Gaussian,"opt+freq: b3lyp/6-311G** em=gd3bj
energy: M062X/6-311G+(2d, p) em=gd3",QC
899,K+_Anionname6,CCCCC[B-](F)(F)F.[K+],K+,[K+],Anionname6,CCCCC[B-](F)(F)F,-599.7431251,-521.7583947,-0.015176,0.120255,0.00236,0.168354,154.423072,423.558872,-0.9748,-0.09301,-599.7609368,-521.9647458,-0.21785,0.15826,-599.7583011,-599.7407651000001,-521.6381397,-521.5900407,0.0,0.0,0.0,0.0,0.0,0.0,0.0,0.0,0.0,0.0,Gaussian,"opt+freq: b3lyp/6-311G** em=gd3bj
energy: M062X/6-311G+(2d, p) em=gd3",QC
900,K+_Anionname8,O=[N+]([O-])c1c[n-]c([N+](=O)[O-])n1.[K+],K+,[K+],Anionname8,O=[N+]([O-])c1c[n-]c([N+](=O)[O-])n1,-599.7431251,-634.674507,-0.015176,0.025733,0.00236,0.0704,154.423072,393.333656,-0.9748,-0.10576,-599.7609368,-634.8857462,-0.21785,0.04727,-599.7583011,-599.7407651000001,-634.648774,-634.604107,-1234.5901796,0.02364,0.073737,441.16096,-0.25216,-1234.8311014,-0.10244,-1234.5665396,-1234.5164426,-453.0234612501687,Gaussian,"opt+freq: b3lyp/6-311G** em=gd3bj
energy: M062X/6-311G+(2d, p) em=gd3",QC
901,K+_Anionname11,COP(=O)([O-])OC.[K+],K+,[K+],Anionname11,COP(=O)([O-])OC,-599.7431251,-722.2086406,-0.015176,0.056104,0.00236,0.099742,154.423072,384.275296,-0.9748,-0.06847,-599.7609368,-722.3639209,-0.21785,0.18167,-599.7583011,-599.7407651000001,-722.1525366,-722.1088986,-1322.1512492,0.054022,0.103592,436.508352,-0.23457,-1322.3280186,-0.04641,-1322.0972272,-1322.0476572,-523.743929249812,Gaussian,"opt+freq: b3lyp/6-311G** em=gd3bj
energy: M062X/6-311G+(2d, p) em=gd3",QC
902,K+_Anionname13,[K+].c1ccc([B-](c2ccccc2)(c2ccccc2)c2ccccc2)cc1,K+,[K+],Anionname13,c1ccc([B-](c2ccccc2)(c2ccccc2)c2ccccc2)cc1,-599.7431251,-951.4039667,-0.015176,0.30144,0.00236,0.374885,154.423072,646.754352,-0.9748,-0.10299,-599.7609368,-951.8732042,-0.21785,0.10169,-599.7583011,-599.7407651000001,-951.1025267,-951.0290817,0.0,0.0,0.0,0.0,0.0,0.0,0.0,0.0,0.0,0.0,Gaussian,"opt+freq: b3lyp/6-311G** em=gd3bj
energy: M062X/6-311G+(2d, p) em=gd3",QC
903,K+_Anionname14,O=S(=O)([C-](S(=O)(=O)C(F)(F)F)S(=O)(=O)C(F)(F)F)C(F)(F)F.[K+],K+,[K+],Anionname14,O=S(=O)([C-](S(=O)(=O)C(F)(F)F)S(=O)(=O)C(F)(F)F)C(F)(F)F,-599.7431251,-3254.0611188,-0.015176,0.053881,0.00236,0.154859,154.423072,889.2046,-0.9748,-0.15542,-599.7609368,-3254.7447177,-0.21785,0.09258,-599.7583011,-599.7407651000001,-3254.0072378,-3253.9062598,-3296.7507511,0.020265,0.102562,724.706456,-0.27908,-3297.2369589,-0.06079,-3296.7304861,-3296.6481891,0.0,Gaussian,"opt+freq: b3lyp/6-311G** em=gd3bj
energy: M062X/6-311G+(2d, p) em=gd3",QC
904,K+_Anionname15,O=P([O-])(F)F.[K+],K+,[K+],Anionname15,O=P([O-])(F)F,-599.7431251,-691.7098798,-0.015176,-0.014742,0.00236,0.018979,154.423072,296.946848,-0.9748,-0.08632,-599.7609368,-691.8134868,-0.21785,0.26209,-599.7583011,-599.7407651000001,-691.7246217999999,-691.6909008,-1291.6240922,-0.018029,0.02197,352.23004,-0.26377,-1291.7532072,-0.06575,-1291.6421212,-1291.6021222,-449.1897061498786,Gaussian,"opt+freq: b3lyp/6-311G** em=gd3bj
energy: M062X/6-311G+(2d, p) em=gd3",QC
905,K+_Anionname16,N#Cc1nc[n-]c1C#N.[K+],K+,[K+],Anionname16,N#Cc1nc[n-]c1C#N,-599.7431251,-914.4841945,-0.015176,0.146319,0.00236,0.195347,154.423072,431.738592,-0.9748,-0.07335,-599.7609368,-914.7146457,-0.21785,0.13532,-599.7583011,-599.7407651000001,-914.3378755,-914.2888475,-1010.0627765,0.019075,0.064509,400.082448,-0.21907,-1010.2276595,-0.06183,-1010.0437015,-1009.9982675,0.0,Gaussian,"opt+freq: b3lyp/6-311G** em=gd3bj
energy: M062X/6-311G+(2d, p) em=gd3",QC
906,K+_Anionname17,CCC(CC)C(=O)[O-].[K+],K+,[K+],Anionname17,CCC(CC)C(=O)[O-],-599.7431251,-385.7286844,-0.015176,0.121379,0.00236,0.166978,154.423072,401.546848,-0.9748,-0.02666,-599.7609368,-385.9077116,-0.21785,0.16104,-599.7583011,-599.7407651000001,-385.6073054,-385.5617064,-985.6779981,0.119175,0.170988,456.2652,-0.21631,-985.8833431,-0.04678,-985.5588230999999,-985.5070101,-541.3481692997503,Gaussian,"opt+freq: b3lyp/6-311G** em=gd3bj
energy: M062X/6-311G+(2d, p) em=gd3",QC
907,K+_Anionname19,O=S([O-])C(F)(F)F.[K+],K+,[K+],Anionname19,O=S([O-])C(F)(F)F,-599.7431251,-886.3071315,-0.015176,-0.012585,0.00236,0.02811,154.423072,358.3596000000001,-0.9748,-0.03057,-599.7609368,-886.4471821,-0.21785,0.19675,-599.7583011,-599.7407651000001,-886.3197164999999,-886.2790215,-1486.2431127,-0.013327,0.031332,393.258344,-0.22168,-1486.4159385,-0.0484,-1486.2564397,-1486.2117807,-506.3436905499259,Gaussian,"opt+freq: b3lyp/6-311G** em=gd3bj
energy: M062X/6-311G+(2d, p) em=gd3",QC
908,K+_Anionname20,F[B-](F)(F)F.[K+],K+,[K+],Anionname20,F[B-](F)(F)F,-599.7431251,-554.1934889,-0.015176,0.131759,0.00236,0.181987,154.423072,442.307376,-0.9748,-0.04181,-599.7609368,-554.4271186,-0.21785,0.08934,-599.7583011,-599.7407651000001,-554.0617299,-554.0115019,0.0,0.0,0.0,0.0,0.0,0.0,0.0,0.0,0.0,0.0,Gaussian,"opt+freq: b3lyp/6-311G** em=gd3bj
energy: M062X/6-311G+(2d, p) em=gd3",QC
909,K+_Anionname21,[K+].[O-][Cl+3]([O-])([O-])[O-],K+,[K+],Anionname21,[O-][Cl+3]([O-])([O-])[O-],-599.7431251,-1171.3794474,-0.015176,0.305794,0.00236,0.378523,154.423072,640.453248,-0.9748,-0.0904,-599.7609368,-1171.7675671,-0.21785,0.09797,-599.7583011,-599.7407651000001,-1171.0736534,-1171.0009244,-1360.7562785,-0.016846,0.022118,343.117288,-0.27416,-1360.8563032,-0.06238,-1360.7731245,-1360.7341605,0.0,Gaussian,"opt+freq: b3lyp/6-311G** em=gd3bj
energy: M062X/6-311G+(2d, p) em=gd3",QC
910,K+_Anionname22,O=P([O-])(C1CCCCC1)C1CCCCC1.[K+],K+,[K+],Anionname22,O=P([O-])(C1CCCCC1)C1CCCCC1,-599.7431251,-962.3831319,-0.015176,0.273949,0.00236,0.33385,154.423072,527.4852480000001,-0.9748,-0.06876,-599.7609368,-962.7319867,-0.21785,0.14049,-599.7583011,-599.7407651000001,-962.1091829,-962.0492819,-1562.3300426,0.272733,0.338207,576.559384,-0.22011,-1562.7005771,-0.04161,-1562.0573096,-1561.9918356,-535.039092800158,Gaussian,"opt+freq: b3lyp/6-311G** em=gd3bj
energy: M062X/6-311G+(2d, p) em=gd3",QC
911,K+_Anionname23,CCC[B-](F)(F)F.[K+],K+,[K+],Anionname23,CCC[B-](F)(F)F,-599.7431251,-443.1468517,-0.015176,0.068545,0.00236,0.11045,154.423072,369.012064,-0.9748,-0.08819,-599.7609368,-443.3047027,-0.21785,0.18362,-599.7583011,-599.7407651000001,-443.0783067,-443.0364017,0.0,0.0,0.0,0.0,0.0,0.0,0.0,0.0,0.0,0.0,Gaussian,"opt+freq: b3lyp/6-311G** em=gd3bj
energy: M062X/6-311G+(2d, p) em=gd3",QC
912,K+_Anionname24,[F-].[K+],K+,[K+],Anionname24,[F-],-599.7431251,-99.8424676,-0.015176,-0.014159,0.00236,0.00236,154.423072,145.465128,-0.9748,0.12593,-599.7609368,-99.8213357,-0.21785,1.39928,-599.7583011,-599.7407651000001,-99.85662660000001,-99.84010760000001,-699.8099394,-0.021037,0.004592,225.689144,-0.2056,-699.8494273,-0.04868,-699.8309763999999,-699.8053474,-589.0222608497712,Gaussian,"opt+freq: b3lyp/6-311G** em=gd3bj
energy: M062X/6-311G+(2d, p) em=gd3",QC
913,K+_Anionname25,[Cl-].[K+],K+,[K+],Anionname25,[Cl-],-599.7431251,-1033.6589893,-0.015176,0.106599,0.00236,0.16052,154.423072,474.833792,-0.9748,-0.05344,-599.7609368,-1033.9169754,-0.21785,0.10485,-599.7583011,-599.7407651000001,-1033.5523903,-1033.4984693,-1060.1978641,-0.022794,0.004371,239.211832,-0.21545,-1060.2492297,-0.06273,-1060.2206581,-1060.1934931,0.0,Gaussian,"opt+freq: b3lyp/6-311G** em=gd3bj
energy: M062X/6-311G+(2d, p) em=gd3",QC
914,K+_Anionname27,CC(C)C(=O)[O-].[K+],K+,[K+],Anionname27,CC(C)C(=O)[O-],-599.7431251,-605.9507311,-0.015176,0.163501,0.00236,0.217478,154.423072,475.327504,-0.9748,-0.0686,-599.7609368,-606.2052445,-0.21785,0.15054,-599.7583011,-599.7407651000001,-605.7872301,-605.7332531,-907.0690848,0.067913,0.113071,397.655728,-0.21414,-907.2251378,-0.04633,-907.0011718000001,-906.9560138,0.0,Gaussian,"opt+freq: b3lyp/6-311G** em=gd3bj
energy: M062X/6-311G+(2d, p) em=gd3",QC
915,K+_Anionname28,CC(O)C(=O)[O-].[K+],K+,[K+],Anionname28,CC(O)C(=O)[O-],-599.7431251,-343.0288827,-0.015176,0.047459,0.00236,0.086132,154.423072,340.548312,-0.9748,-0.02154,-599.7609368,-343.1502076,-0.21785,0.16991,-599.7583011,-599.7407651000001,-342.9814237,-342.9427507,-942.9798986,0.045864,0.090013,388.773096,-0.21584,-943.1284196,-0.0459,-942.9340345999999,-942.8898856,-545.8172953997795,Gaussian,"opt+freq: b3lyp/6-311G** em=gd3bj
energy: M062X/6-311G+(2d, p) em=gd3",QC
916,K+_Anionname30,CCCCCCCC(=O)[O-].[K+],K+,[K+],Anionname30,CCCCCCCC(=O)[O-],-599.7431251,-464.3375293,-0.015176,0.173819,0.00236,0.225471,154.423072,454.846824,-0.9748,-0.02725,-599.7609368,-464.564621,-0.21785,0.13535,-599.7583011,-599.7407651000001,-464.1637103,-464.1120583,-1064.2816136,0.171813,0.229336,506.548512,-0.21627,-1064.5388192,-0.04466,-1064.1098006,-1064.0522776,-527.6183795995516,Gaussian,"opt+freq: b3lyp/6-311G** em=gd3bj
energy: M062X/6-311G+(2d, p) em=gd3",QC
917,K+_Anionname31,O=C([O-])C(=O)O.[K+],K+,[K+],Anionname31,O=C([O-])C(=O)O,-599.7431251,-420.2341981,-0.015176,0.066349,0.00236,0.106392,154.423072,352.610784,-0.9748,-0.03942,-599.7609368,-420.4002711,-0.21785,0.12435,-599.7583011,-599.7407651000001,-420.1678491,-420.1278061,-977.718015,0.001356,0.044549,380.354888,-0.22603,-977.857541,-0.05318,-977.716659,-977.6734660000001,0.0,Gaussian,"opt+freq: b3lyp/6-311G** em=gd3bj
energy: M062X/6-311G+(2d, p) em=gd3",QC
918,K+_Anionname32,O=[N+]([O-])c1c[n-]cn1.[K+],K+,[K+],Anionname32,O=[N+]([O-])c1c[n-]cn1,-599.7431251,-430.1602524,-0.015176,0.028022,0.00236,0.065435,154.423072,329.460712,-0.9748,-0.06115,-599.7609368,-430.305956,-0.21785,0.09536,-599.7583011,-599.7407651000001,-430.1322304,-430.0948174,-1030.0628096,0.025013,0.068548,383.371552,-0.22769,-1030.2323621,-0.0763,-1030.0377966,-1029.9942616,-418.5889785500095,Gaussian,"opt+freq: b3lyp/6-311G** em=gd3bj
energy: M062X/6-311G+(2d, p) em=gd3",QC
919,K+_Anionname34,O=[N+]([O-])c1cc([N+](=O)[O-])c([O-])c([N+](=O)[O-])c1.[K+],K+,[K+],Anionname34,O=[N+]([O-])c1cc([N+](=O)[O-])c([O-])c([N+](=O)[O-])c1,-599.7431251,-920.413344,-0.015176,0.053979,0.00236,0.10974,154.423072,491.025872,-0.9748,-0.1128,-599.7609368,-920.7406408,-0.21785,0.02187,-599.7583011,-599.7407651000001,-920.359365,-920.3036040000001,-1520.2863378,0.051838,0.112703,535.9704,-0.2403,-1520.6413678,-0.12109,-1520.2344998,-1520.1736348,-340.9702718496346,Gaussian,"opt+freq: b3lyp/6-311G** em=gd3bj
energy: M062X/6-311G+(2d, p) em=gd3",QC
920,K+_Anionname35,[K+].[c-]1c[nH]nn1,K+,[K+],Anionname35,[c-]1c[nH]nn1,-599.7431251,-241.5633926,-0.015176,0.016201,0.00236,0.047292,154.423072,273.78004,-0.9748,0.03488,-599.7609368,-241.6396974,-0.21785,0.19217,-599.7583011,-599.7407651000001,-241.5471916,-241.5161006,-841.4929542,0.014473,0.051416,325.318552,-0.12698,-841.6023341,-0.05593,-841.4784812,-841.4415382,-489.4890307498861,Gaussian,"opt+freq: b3lyp/6-311G** em=gd3bj
energy: M062X/6-311G+(2d, p) em=gd3",QC
921,K+_Anionname36,COS(=O)(=O)[O-].[K+],K+,[K+],Anionname36,COS(=O)(=O)[O-],-599.7431251,-739.0239035,-0.015176,0.022497,0.00236,0.060197,154.423072,331.987848,-0.9748,-0.07519,-599.7609368,-739.1406866,-0.21785,0.18867,-599.7583011,-599.7407651000001,-739.0014064999999,-738.9637065,-1338.9500926,0.019791,0.063489,384.80248,-0.25509,-1339.0893819,-0.05596,-1338.9303016,-1338.8866036,-480.6345320001536,Gaussian,"opt+freq: b3lyp/6-311G** em=gd3bj
energy: M062X/6-311G+(2d, p) em=gd3",QC
922,K+_Anionname38,O=C([O-])CO.[K+],K+,[K+],Anionname38,O=C([O-])CO,-599.7431251,-303.7431863,-0.015176,0.024637,0.00236,0.058195,154.423072,295.511736,-0.9748,-0.03262,-599.7609368,-303.8398437,-0.21785,0.22531,-599.7583011,-599.7407651000001,-303.7185493,-303.6849913,-903.660885,0.021402,0.061658,354.501952,-0.19996,-903.7881238,-0.05837,-903.639483,-903.599227,-458.3429867999312,Gaussian,"opt+freq: b3lyp/6-311G** em=gd3bj
energy: M062X/6-311G+(2d, p) em=gd3",QC
923,K+_Anionname40,O=S(=O)(F)[N-]S(=O)(=O)F.[K+],K+,[K+],Anionname40,O=S(=O)(F)[N-]S(=O)(=O)F,-599.7431251,-1351.7260689,-0.015176,-0.007671,0.00236,0.037736,154.423072,399.856512,-0.9748,-0.14856,-599.7609368,-1351.8970709,-0.21785,0.13877,-599.7583011,-599.7407651000001,-1351.7337399,-1351.6883329,-1951.6262522,-0.010178,0.04063,447.41604,-0.30588,-1951.8209476,-0.06375,-1951.6364302,-1951.5856222,-412.3563040998363,Gaussian,"opt+freq: b3lyp/6-311G** em=gd3bj
energy: M062X/6-311G+(2d, p) em=gd3",QC
924,K+_Anionname42,[K+].[c-]1nc[nH]n1,K+,[K+],Anionname42,[c-]1nc[nH]n1,-599.7431251,-436.280275,-0.015176,0.055258,0.00236,0.095156,154.423072,351.338848,-0.9748,-0.0475,-599.7609368,-436.443037,-0.21785,0.10894,-599.7583011,-599.7407651000001,-436.225017,-436.185119,-841.5405791,0.015195,0.051809,322.414856,-0.16556,-841.6478356,-0.04269,-841.5253841,-841.4887700999999,0.0,Gaussian,"opt+freq: b3lyp/6-311G** em=gd3bj
energy: M062X/6-311G+(2d, p) em=gd3",QC
925,K+_Anionname44,[K+].[N-]=[N+]=[N-],K+,[K+],Anionname44,[N-]=[N+]=[N-],-599.7431251,-417.0706928,-0.015176,0.028126,0.00236,0.069235,154.423072,362.012232,-0.9748,-0.03796,-599.7609368,-417.2067814,-0.21785,0.17,-599.7583011,-599.7407651000001,-417.0425668,-417.0014578,-764.141788,-0.016401,0.016679,291.298448,-0.17481,-764.2167932,-0.05989,-764.158189,-764.1251090000001,0.0,Gaussian,"opt+freq: b3lyp/6-311G** em=gd3bj
energy: M062X/6-311G+(2d, p) em=gd3",QC
926,K+_Anionname45,O=P([O-])(O)O.[K+],K+,[K+],Anionname45,O=P([O-])(O)O,-599.7431251,-643.6372948,-0.015176,0.007254,0.00236,0.042673,154.423072,311.892096,-0.9748,-0.06874,-599.7609368,-643.7365662,-0.21785,0.19582,-599.7583011,-599.7407651000001,-643.6300408,-643.5946217999999,-1243.5783865,0.005011,0.045811,359.284264,-0.24505,-1243.7024047,-0.04658,-1243.5733755,-1243.5325755,-519.7613083002261,Gaussian,"opt+freq: b3lyp/6-311G** em=gd3bj
energy: M062X/6-311G+(2d, p) em=gd3",QC
927,K+_Anionname47,O=S(=O)([O-])Cl.[K+],K+,[K+],Anionname47,O=S(=O)([O-])Cl,-599.7431251,-747.2327407,-0.015176,0.019048,0.00236,0.069523,154.423072,444.483056,-0.9748,-0.1093,-599.7609368,-747.4561757,-0.21785,0.088,-599.7583011,-599.7407651000001,-747.2136927,-747.1632177,-1684.0380583,-0.019222,0.021874,361.890896,-0.29088,-1684.156697,-0.069,-1684.0572803,-1684.0161843,-884956.7864087501,Gaussian,"opt+freq: b3lyp/6-311G** em=gd3bj
energy: M062X/6-311G+(2d, p) em=gd3",QC
928,K+_Anionname49,N#C[S-].[K+],K+,[K+],Anionname49,N#C[S-],-599.7431251,-491.1026163,-0.015176,-0.014125,0.00236,0.012378,154.423072,233.38352,-0.9748,-0.03124,-599.7609368,-491.1625674,-0.21785,0.24161,-599.7583011,-599.7407651000001,-491.1167413,-491.0902383,-1091.0194374,-0.019894,0.014883,306.252064,-0.20369,-1091.0996576,-0.06295,-1091.0393314,-1091.0045544,-456.0388479998684,Gaussian,"opt+freq: b3lyp/6-311G** em=gd3bj
energy: M062X/6-311G+(2d, p) em=gd3",QC
929,K+_Anionname50,N#C[C-](C#N)C#N.[K+],K+,[K+],Anionname50,N#C[C-](C#N)C#N,-599.7431251,-497.6189036,-0.015176,0.093669,0.00236,0.140792,154.423072,414.9565680000001,-0.9748,-0.03788,-599.7609368,-497.8254755,-0.21785,0.07659,-599.7583011,-599.7407651000001,-497.5252346,-497.4781116,-916.5848728,-0.003564,0.040413,387.258488,-0.21295,-916.714387,-0.06893,-916.5884368,-916.5444598,0.0,Gaussian,"opt+freq: b3lyp/6-311G** em=gd3bj
energy: M062X/6-311G+(2d, p) em=gd3",QC
930,K+_Anionname51,O=C([O-])C(F)(F)C(F)(F)C(F)(F)C(F)(F)F.[K+],K+,[K+],Anionname51,O=C([O-])C(F)(F)C(F)(F)C(F)(F)C(F)(F)F,-599.7431251,-1239.6634472,-0.015176,0.016565,0.00236,0.075737,154.423072,521.058624,-0.9748,-0.07119,-599.7609368,-1239.9926296,-0.21785,0.15014,-599.7583011,-599.7407651000001,-1239.6468822,-1239.5877102,-1839.5888383,0.014221,0.079456,574.459016,-0.25665,-1839.9450164,-0.05856,-1839.5746173,-1839.5093823,-478.5393829994737,Gaussian,"opt+freq: b3lyp/6-311G** em=gd3bj
energy: M062X/6-311G+(2d, p) em=gd3",QC
931,K+_Anionname53,O=C([O-])O.[K+],K+,[K+],Anionname53,O=C([O-])O,-599.7431251,-2015.6138228,-0.015176,0.563636,0.00236,0.684679,154.423072,1065.89492,-0.9748,-0.11079,-599.7609368,-2016.3830027,-0.21785,0.08379,-599.7583011,-599.7407651000001,-2015.0501868,-2014.9291438,-864.399998,-0.002424,0.033526,316.569808,-0.21951,-864.4992407,-0.04807,-864.402422,-864.3664719999999,0.0,Gaussian,"opt+freq: b3lyp/6-311G** em=gd3bj
energy: M062X/6-311G+(2d, p) em=gd3",QC
932,K+_Anionname56,O=[N+]([O-])c1nc[n-]c1[N+](=O)[O-].[K+],K+,[K+],Anionname56,O=[N+]([O-])c1nc[n-]c1[N+](=O)[O-],-599.7431251,-634.662935,-0.015176,0.025849,0.00236,0.07047,154.423072,392.936176,-0.9748,-0.09595,-599.7609368,-634.8746463,-0.21785,0.04921,-599.7583011,-599.7407651000001,-634.637086,-634.592465,-1234.5633205,0.023206,0.073389,441.905712,-0.23388,-1234.8055829,-0.10377,-1234.5401145,-1234.4899315,-412.8871801998093,Gaussian,"opt+freq: b3lyp/6-311G** em=gd3bj
energy: M062X/6-311G+(2d, p) em=gd3",QC
933,K+_Anionname58,O=N[O-].[K+],K+,[K+],Anionname58,O=N[O-],-599.7431251,-205.1414292,-0.015176,-0.015374,0.00236,0.011542,154.423072,237.0236,-0.9748,0.04641,-599.7609368,-205.1884787,-0.21785,0.23238,-599.7583011,-599.7407651000001,-205.1568032,-205.1298872,-805.0833916,-0.019315,0.014517,297.925904,-0.18692,-805.1706812,-0.05358,-805.1027066,-805.0688746000001,-522.0473311499467,Gaussian,"opt+freq: b3lyp/6-311G** em=gd3bj
energy: M062X/6-311G+(2d, p) em=gd3",QC
934,K+_Anionname62,O=[N+]([O-])c1cn[n-]c1.[K+],K+,[K+],Anionname62,O=[N+]([O-])c1cn[n-]c1,-599.7431251,-1076.0972507,-0.015176,0.020737,0.00236,0.068651,154.423072,421.922928,-0.9748,-0.09719,-599.7609368,-1076.29736,-0.21785,0.1901,-599.7583011,-599.7407651000001,-1076.0765137,-1076.0285997,-1030.0513004,0.025232,0.068759,383.29624,-0.2281,-1030.2265435,-0.06287,-1030.0260684,-1029.9825414,0.0,Gaussian,"opt+freq: b3lyp/6-311G** em=gd3bj
energy: M062X/6-311G+(2d, p) em=gd3",QC
935,K+_Anionname63,CCCCCCCCCC(=O)[O-].[K+],K+,[K+],Anionname63,CCCCCCCCCC(=O)[O-],-599.7431251,-542.9469002,-0.015176,0.225291,0.00236,0.283428,154.423072,511.95424,-0.9748,-0.02816,-599.7609368,-543.222267,-0.21785,0.1194,-599.7583011,-599.7407651000001,-542.7216092,-542.6634722,0.0,0.0,0.0,0.0,0.0,0.0,0.0,0.0,0.0,0.0,Gaussian,"opt+freq: b3lyp/6-311G** em=gd3bj
energy: M062X/6-311G+(2d, p) em=gd3",QC
936,K+_Anionname65,Cl[Al-](Cl)(Cl)Cl.[K+],K+,[K+],Anionname65,Cl[Al-](Cl)(Cl)Cl,-599.7431251,-2083.6222928,-0.015176,-0.028138,0.00236,0.013813,154.423072,369.413728,-0.9748,-0.1577,-599.7609368,-2083.7728151,-0.21785,0.15123,-599.7583011,-599.7407651000001,-2083.6504308,-2083.6084798,0.0,0.0,0.0,0.0,0.0,0.0,0.0,0.0,0.0,0.0,Gaussian,"opt+freq: b3lyp/6-311G** em=gd3bj
energy: M062X/6-311G+(2d, p) em=gd3",QC
937,K+_Anionname67,CCCCCCCCCCCCCCCC(=O)[O-].[K+],K+,[K+],Anionname67,CCCCCCCCCCCCCCCC(=O)[O-],-599.7431251,-778.7741709,-0.015176,0.379691,0.00236,0.457333,154.423072,683.719992,-0.9748,-0.02895,-599.7609368,-779.1943897,-0.21785,0.08745,-599.7583011,-599.7407651000001,-778.3944799,-778.3168379,0.0,0.0,0.0,0.0,0.0,0.0,0.0,0.0,0.0,0.0,Gaussian,"opt+freq: b3lyp/6-311G** em=gd3bj
energy: M062X/6-311G+(2d, p) em=gd3",QC
938,K+_Anionname68,CC(CC(C)(C)C)CP(=O)([O-])CC(C)CC(C)(C)C.[K+],K+,[K+],Anionname68,CC(CC(C)(C)C)CP(=O)([O-])CC(C)CC(C)(C)C,-599.7431251,-1121.9916277,-0.015176,0.407925,0.00236,0.488829,154.423072,712.434784,-0.9748,-0.0752,-599.7609368,-1122.4597359,-0.21785,0.1149,-599.7583011,-599.7407651000001,-1121.5837027,-1121.5027987,-1721.9352474,0.40701,0.493257,759.4922320000001,-0.22825,-1722.4274763,-0.04296,-1721.5282374,-1721.4419904,-526.3985722998854,Gaussian,"opt+freq: b3lyp/6-311G** em=gd3bj
energy: M062X/6-311G+(2d, p) em=gd3",QC
939,K+_Anionname72,CCCCCCCCCCCCCCCCC(=O)[O-].[K+],K+,[K+],Anionname72,CCCCCCCCCCCCCCCCC(=O)[O-],-599.7431251,-818.0786968,-0.015176,0.405564,0.00236,0.486348,154.423072,711.376232,-0.9748,-0.02902,-599.7609368,-818.5230533,-0.21785,0.08398,-599.7583011,-599.7407651000001,-817.6731328,-817.5923488,0.0,0.0,0.0,0.0,0.0,0.0,0.0,0.0,0.0,0.0,Gaussian,"opt+freq: b3lyp/6-311G** em=gd3bj
energy: M062X/6-311G+(2d, p) em=gd3",QC
940,K+_Anionname73,O=C([O-])C(F)(F)F.[K+],K+,[K+],Anionname73,O=C([O-])C(F)(F)F,-599.7431251,-446.2844591,-0.015176,0.016493,0.00236,0.054353,154.423072,333.389488,-0.9748,-0.07047,-599.7609368,-446.4211919,-0.21785,0.1238,-599.7583011,-599.7407651000001,-446.2679661,-446.2301061,-1126.1953767,-0.008731,0.034926,384.438472,-0.22868,-1126.3644119,-0.06124,-1126.2041077,-1126.1604507,-210480.5392087499,Gaussian,"opt+freq: b3lyp/6-311G** em=gd3bj
energy: M062X/6-311G+(2d, p) em=gd3",QC
941,K+_Anionname74,F[B-](F)(F)C(F)(F)C(F)(F)C(F)(F)C(F)(F)F.[K+],K+,[K+],Anionname74,F[B-](F)(F)C(F)(F)C(F)(F)C(F)(F)C(F)(F)F,-599.7431251,-788.3449736,-0.015176,0.064929,0.00236,0.117656,154.423072,464.3194,-0.9748,-0.07144,-599.7609368,-788.6237487,-0.21785,0.04255,-599.7583011,-599.7407651000001,-788.2800446,-788.2273176,0.0,0.0,0.0,0.0,0.0,0.0,0.0,0.0,0.0,0.0,Gaussian,"opt+freq: b3lyp/6-311G** em=gd3bj
energy: M062X/6-311G+(2d, p) em=gd3",QC
942,K+_Anionname75,CCCCCCCCCCCCCCCCCC(=O)[O-].[K+],K+,[K+],Anionname75,CCCCCCCCCCCCCCCCCC(=O)[O-],-599.7431251,-857.3831976,-0.015176,0.431296,0.00236,0.515319,154.423072,739.9027440000001,-0.9748,-0.02904,-599.7609368,-857.8517003,-0.21785,0.08083,-599.7583011,-599.7407651000001,-856.9519016,-856.8678786,0.0,0.0,0.0,0.0,0.0,0.0,0.0,0.0,0.0,0.0,Gaussian,"opt+freq: b3lyp/6-311G** em=gd3bj
energy: M062X/6-311G+(2d, p) em=gd3",QC
943,K+_Anionname76,FC(F)(F)C(F)(F)[P-](F)(F)(F)(C(F)(F)C(F)(F)F)C(F)(F)C(F)(F)F.[K+],K+,[K+],Anionname76,FC(F)(F)C(F)(F)[P-](F)(F)(F)(C(F)(F)C(F)(F)F)C(F)(F)C(F)(F)F,-599.7431251,-2778.4767836,-0.015176,0.039128,0.00236,0.125584,154.423072,761.32064,-0.9748,-0.15994,-599.7609368,-2779.0342977,-0.21785,0.11118,-599.7583011,-599.7407651000001,-2778.4376556,-2778.3511996,0.0,0.0,0.0,0.0,0.0,0.0,0.0,0.0,0.0,0.0,Gaussian,"opt+freq: b3lyp/6-311G** em=gd3bj
energy: M062X/6-311G+(2d, p) em=gd3",QC
944,K+_Anionname77,[K+].[OH-],K+,[K+],Anionname77,[OH-],-599.7431251,-436.2824372,-0.015176,0.055228,0.00236,0.095159,154.423072,351.631728,-0.9748,-0.05068,-599.7609368,-436.4453165,-0.21785,0.1053,-599.7583011,-599.7407651000001,-436.2272092,-436.1872782,-675.759537,-0.008848,0.014746,207.764888,-0.15202,-675.7956041,-0.04334,-675.768385,-675.7447910000001,0.0,Gaussian,"opt+freq: b3lyp/6-311G** em=gd3bj
energy: M062X/6-311G+(2d, p) em=gd3",QC
945,K+_Anionname81,C[C@H](N)C(=O)[O-].[K+],K+,[K+],Anionname81,C[C@H](N)C(=O)[O-],-599.7431251,-323.1680907,-0.015176,0.06097,0.00236,0.099119,154.423072,335.937544,-0.9748,-0.02117,-599.7609368,-323.2922457,-0.21785,0.19399,-599.7583011,-599.7407651000001,-323.1071207,-323.0689717,-923.1132715,0.058607,0.102691,388.199888,-0.20246,-923.2634946,-0.04788,-923.0546645,-923.0105805,-530.4972403498946,Gaussian,"opt+freq: b3lyp/6-311G** em=gd3bj
energy: M062X/6-311G+(2d, p) em=gd3",QC
946,K+_Anionname82,O=S(=O)([O-])C(F)(F)C(F)F.[K+],K+,[K+],Anionname82,O=S(=O)([O-])C(F)(F)C(F)F,-599.7431251,-1100.090239,-0.015176,0.008434,0.00236,0.056441,154.423072,422.747176,-0.9748,-0.09013,-599.7609368,-1100.2931996,-0.21785,0.16387,-599.7583011,-599.7407651000001,-1100.081805,-1100.033798,-1700.0113226,0.007614,0.05954,457.260992,-0.2662,-1700.2391561,-0.05678,-1700.0037086,-1699.9517826,-467.2300417498202,Gaussian,"opt+freq: b3lyp/6-311G** em=gd3bj
energy: M062X/6-311G+(2d, p) em=gd3",QC
947,K+_Anionname83,CCC(=O)[O-].[K+],K+,[K+],Anionname83,CCC(=O)[O-],-599.7431251,-267.8111868,-0.015176,0.044753,0.00236,0.08058,154.423072,315.490336,-0.9748,-0.0145,-599.7609368,-267.9151364,-0.21785,0.19563,-599.7583011,-599.7407651000001,-267.7664338,-267.7306068,-867.7634207,0.042341,0.084478,371.05804,-0.21225,-867.8946166,-0.04567,-867.7210797,-867.6789427,-549.015154399914,Gaussian,"opt+freq: b3lyp/6-311G** em=gd3bj
energy: M062X/6-311G+(2d, p) em=gd3",QC
948,K+_Anionname84,O=[PH]([O-])O.[K+],K+,[K+],Anionname84,O=[PH]([O-])O,-599.7431251,-1690.2182472,-0.015176,0.052252,0.00236,0.12007,154.423072,597.20324,-0.9748,-0.0997,-599.7609368,-1690.5886415,-0.21785,0.10928,-599.7583011,-599.7407651000001,-1690.1659952,-1690.0981772,-1168.3072585,0.001037,0.03928,336.765976,-0.24356,-1168.4157055,-0.0466,-1168.3062215,-1168.2679785,0.0,Gaussian,"opt+freq: b3lyp/6-311G** em=gd3bj
energy: M062X/6-311G+(2d, p) em=gd3",QC
949,K+_Anionname87,F[B-](F)(F)C(F)(F)C(F)(F)C(F)(F)F.[K+],K+,[K+],Anionname87,F[B-](F)(F)C(F)(F)C(F)(F)C(F)(F)F,-599.7431251,-303.7403045,-0.015176,0.022554,0.00236,0.057535,154.423072,308.042816,-0.9748,-0.02753,-599.7609368,-303.8386036,-0.21785,0.20525,-599.7583011,-599.7407651000001,-303.7177505,-303.6827695,0.0,0.0,0.0,0.0,0.0,0.0,0.0,0.0,0.0,0.0,Gaussian,"opt+freq: b3lyp/6-311G** em=gd3bj
energy: M062X/6-311G+(2d, p) em=gd3",QC
950,K+_Anionname89,F[B-](F)(F)C(F)(F)F.[K+],K+,[K+],Anionname89,F[B-](F)(F)C(F)(F)F,-599.7431251,-662.3146732,-0.015176,-0.008195,0.00236,0.033236,154.423072,364.8448,-0.9748,-0.12788,-599.7609368,-662.47925,-0.21785,0.29709,-599.7583011,-599.7407651000001,-662.3228682,-662.2814372,0.0,0.0,0.0,0.0,0.0,0.0,0.0,0.0,0.0,0.0,Gaussian,"opt+freq: b3lyp/6-311G** em=gd3bj
energy: M062X/6-311G+(2d, p) em=gd3",QC
951,K+_Anionname92,O=[N+]([O-])[N-][N+](=O)[O-].[K+],K+,[K+],Anionname92,O=[N+]([O-])[N-][N+](=O)[O-],-599.7431251,-464.968549,-0.015176,-0.002614,0.00236,0.03383,154.423072,320.925352,-0.9748,-0.08327,-599.7609368,-465.1157268,-0.21785,0.10035,-599.7583011,-599.7407651000001,-464.971163,-464.934719,-1064.8783964,-0.006749,0.036991,385.170672,-0.24258,-1065.0536237,-0.06537,-1064.8851454,-1064.8414054,-437.7293986497108,Gaussian,"opt+freq: b3lyp/6-311G** em=gd3bj
energy: M062X/6-311G+(2d, p) em=gd3",QC
952,K+_Anionname94,O=S(=O)([O-])C(F)(F)C(F)(F)C(F)(F)C(F)(F)C(F)(F)C(F)(F)C(F)(F)C(F)(F)F.[K+],K+,[K+],Anionname94,O=S(=O)([O-])C(F)(F)C(F)(F)C(F)(F)C(F)(F)C(F)(F)C(F)(F)C(F)(F)C(F)(F)F,-599.7431251,-2626.1086405,-0.015176,0.048175,0.00236,0.136792,154.423072,780.353656,-0.9748,-0.10567,-599.7609368,-2626.708205,-0.21785,0.05994,-599.7583011,-599.7407651000001,-2626.0604655,-2625.9718485,-3226.0214603,0.045766,0.139981,829.657912,-0.27535,-3226.6459075,-0.06123,-3225.9756943,-3225.8814793,-445.5334348489016,Gaussian,"opt+freq: b3lyp/6-311G** em=gd3bj
energy: M062X/6-311G+(2d, p) em=gd3",QC
953,K+_Anionname95,CCCCCCCCCCCCC(=O)[O-].[K+],K+,[K+],Anionname95,CCCCCCCCCCCCC(=O)[O-],-599.7431251,-660.8606095,-0.015176,0.302531,0.00236,0.370389,154.423072,597.55888,-0.9748,-0.02873,-599.7609368,-661.2083972,-0.21785,0.10065,-599.7583011,-599.7407651000001,-660.5580785,-660.4902205,0.0,0.0,0.0,0.0,0.0,0.0,0.0,0.0,0.0,0.0,Gaussian,"opt+freq: b3lyp/6-311G** em=gd3bj
energy: M062X/6-311G+(2d, p) em=gd3",QC
954,K+_Anionname97,CC(C)(C)C(=O)[O-].[K+],K+,[K+],Anionname97,CC(C)(C)C(=O)[O-],-599.7431251,-346.4276685,-0.015176,0.095299,0.00236,0.1371,154.423072,368.099952,-0.9748,-0.02783,-599.7609368,-346.5825815,-0.21785,0.17982,-599.7583011,-599.7407651000001,-346.3323695,-346.2905685,-946.376632,0.093574,0.141232,419.680304,-0.21586,-946.556761,-0.04686,-946.283058,-946.2354,-540.4287191998629,Gaussian,"opt+freq: b3lyp/6-311G** em=gd3bj
energy: M062X/6-311G+(2d, p) em=gd3",QC
955,K+_Anionname99,O=[N+]([O-])c1ccc2nc[n-]c2c1.[K+],K+,[K+],Anionname99,O=[N+]([O-])c1ccc2nc[n-]c2c1,-599.7431251,-1079.3269574,-0.015176,0.33671,0.00236,0.411849,154.423072,661.6703120000001,-0.9748,-0.07591,-599.7609368,-1079.7378359,-0.21785,0.10167,-599.7583011,-599.7407651000001,-1078.9902474,-1078.9151084,-1183.6831617,0.066611,0.116237,437.006248,-0.19725,-1183.9298522,-0.08744,-1183.6165507,-1183.5669247,0.0,Gaussian,"opt+freq: b3lyp/6-311G** em=gd3bj
energy: M062X/6-311G+(2d, p) em=gd3",QC
956,K+_Anionname100,CS(=O)(=O)[O-].[K+],K+,[K+],Anionname100,CS(=O)(=O)[O-],-599.7431251,-436.2680683,-0.015176,0.054082,0.00236,0.094688,154.423072,357.577192,-0.9748,-0.03431,-599.7609368,-436.4298661,-0.21785,0.10763,-599.7583011,-599.7407651000001,-436.2139863,-436.1733803,-1263.7357578,0.017448,0.057843,355.706944,-0.23457,-1263.8579561,-0.05198,-1263.7183098,-1263.6779148,-597890.8438322002,Gaussian,"opt+freq: b3lyp/6-311G** em=gd3bj
energy: M062X/6-311G+(2d, p) em=gd3",QC
957,K+_Anionname101,CC(C)[C@H](N)C(=O)[O-].[K+],K+,[K+],Anionname101,CC(C)[C@H](N)C(=O)[O-],-599.7431251,-401.7777276,-0.015176,0.110358,0.00236,0.156048,154.423072,402.341808,-0.9748,-0.03551,-599.7609368,-401.9520015,-0.21785,0.1635,-599.7583011,-599.7407651000001,-401.6673696,-401.6216796,0.0,0.0,0.0,0.0,0.0,0.0,0.0,0.0,0.0,0.0,Gaussian,"opt+freq: b3lyp/6-311G** em=gd3bj
energy: M062X/6-311G+(2d, p) em=gd3",QC
958,K+_Anionname102,O=C([O-])C(F)(F)C(F)(F)C(F)(F)F.[K+],K+,[K+],Anionname102,O=C([O-])C(F)(F)C(F)(F)C(F)(F)F,-599.7431251,-1001.8703499,-0.015176,0.008726,0.00236,0.061126,154.423072,461.4408080000001,-0.9748,-0.06869,-599.7609368,-1002.1363476,-0.21785,0.17517,-599.7583011,-599.7407651000001,-1001.8616239,-1001.8092239,-1601.7966331,0.006356,0.064812,514.761704,-0.25573,-1602.0898284,-0.0582,-1601.7902771,-1601.7318211,-480.8815915500373,Gaussian,"opt+freq: b3lyp/6-311G** em=gd3bj
energy: M062X/6-311G+(2d, p) em=gd3",QC
959,K+_Anionname105,CCCCCC(=O)[O-].[K+],K+,[K+],Anionname105,CCCCCC(=O)[O-],-599.7431251,-385.7280288,-0.015176,0.122521,0.00236,0.167547,154.423072,396.5009440000001,-0.9748,-0.02556,-599.7609368,-385.9066746,-0.21785,0.15836,-599.7583011,-599.7407651000001,-385.6055078,-385.5604818,-985.5956842,0.118234,0.169798,454.072784,-0.1631,-985.8013075,-0.08667,-985.4774502,-985.4258862,-326.9543026500093,Gaussian,"opt+freq: b3lyp/6-311G** em=gd3bj
energy: M062X/6-311G+(2d, p) em=gd3",QC
960,K+_Anionname106,Cc1ncc([N+](=O)[O-])[n-]1.[K+],K+,[K+],Anionname106,Cc1ncc([N+](=O)[O-])[n-]1,-599.7431251,-469.4708068,-0.015176,0.051572,0.00236,0.093566,154.423072,369.794472,-0.9748,-0.05666,-599.7609368,-469.6421073,-0.21785,0.09634,-599.7583011,-599.7407651000001,-469.4192348,-469.3772408,-1069.3938897,0.048827,0.096991,424.127896,-0.20736,-1069.5946562,-0.06033,-1069.3450627,-1069.2968987,-472.479203900029,Gaussian,"opt+freq: b3lyp/6-311G** em=gd3bj
energy: M062X/6-311G+(2d, p) em=gd3",QC
961,K+_Anionname107,CCCCCCCCCCCC(=O)[O-].[K+],K+,[K+],Anionname107,CCCCCCCCCCCC(=O)[O-],-599.7431251,-621.5560563,-0.015176,0.276771,0.00236,0.341393,154.423072,569.0574720000001,-0.9748,-0.02861,-599.7609368,-621.8797049,-0.21785,0.10593,-599.7583011,-599.7407651000001,-621.2792853,-621.2146633,0.0,0.0,0.0,0.0,0.0,0.0,0.0,0.0,0.0,0.0,Gaussian,"opt+freq: b3lyp/6-311G** em=gd3bj
energy: M062X/6-311G+(2d, p) em=gd3",QC
962,K+_Anionname108,CCCCCCCCCCCCCC(=O)[O-].[K+],K+,[K+],Anionname108,CCCCCCCCCCCCCC(=O)[O-],-599.7431251,0.0,-0.015176,0.0,0.00236,0.0,154.423072,0.0,-0.9748,0.0,-599.7609368,0.0,-0.21785,0.0,-599.7583011,-599.7407651000001,0.0,0.0,0.0,0.0,0.0,0.0,0.0,0.0,0.0,0.0,0.0,0.0,Gaussian,"opt+freq: b3lyp/6-311G** em=gd3bj
energy: M062X/6-311G+(2d, p) em=gd3",QC
963,K+_Anionname110,O=S1(=O)[N-]S(=O)(=O)C(F)(F)C(F)(F)C1(F)F.[K+],K+,[K+],Anionname110,O=S1(=O)[N-]S(=O)(=O)C(F)(F)C(F)(F)C1(F)F,-599.7431251,-1865.3864198,-0.015176,0.017198,0.00236,0.073158,154.423072,492.787336,-0.9748,-0.15022,-599.7609368,-1865.6990524,-0.21785,0.12056,-599.7583011,-599.7407651000001,-1865.3692218,-1865.3132618,-2465.2943,0.015636,0.076284,534.06668,-0.2937,-2465.6353669,-0.06132,-2465.278664,-2465.218016,-432.5645150496474,Gaussian,"opt+freq: b3lyp/6-311G** em=gd3bj
energy: M062X/6-311G+(2d, p) em=gd3",QC
964,K+_Anionname111,O=S([O-])C(F)(F)C(F)(F)C(F)(F)C(F)(F)F.[K+],K+,[K+],Anionname111,O=S([O-])C(F)(F)C(F)(F)C(F)(F)C(F)(F)F,-599.7431251,-1599.6921337,-0.015176,0.009778,0.00236,0.071894,154.423072,546.9910560000001,-0.9748,-0.04904,-599.7609368,-1600.0265025,-0.21785,0.1355,-599.7583011,-599.7407651000001,-1599.6823557,-1599.6202397,-2199.6232973,0.009375,0.075315,580.663888,-0.22644,-2199.988098,-0.05073,-2199.6139223,-2199.5479823,-493.695081749863,Gaussian,"opt+freq: b3lyp/6-311G** em=gd3bj
energy: M062X/6-311G+(2d, p) em=gd3",QC
965,K+_Anionname112,N#C[O-].[K+],K+,[K+],Anionname112,N#C[O-],-599.7431251,-168.1231531,-0.015176,-0.010769,0.00236,0.014164,154.423072,219.551216,-0.9748,-0.00033,-599.7609368,-168.1657465,-0.21785,0.359,-599.7583011,-599.7407651000001,-168.1339221,-168.1089891,-768.0458088,-0.017063,0.016718,297.478216,-0.20621,-768.1159379,-0.06034,-768.0628718,-768.0290908000001,-471.3575902999804,Gaussian,"opt+freq: b3lyp/6-311G** em=gd3bj
energy: M062X/6-311G+(2d, p) em=gd3",QC
966,K+_Anionname113,F[B-](F)(F)CC(F)(F)F.[K+],K+,[K+],Anionname113,F[B-](F)(F)CC(F)(F)F,-599.7431251,-701.6214229,-0.015176,0.016421,0.00236,0.061609,154.423072,397.91932,-0.9748,-0.12115,-599.7609368,-701.8109732,-0.21785,0.21458,-599.7583011,-599.7407651000001,-701.6050018999999,-701.5598139,0.0,0.0,0.0,0.0,0.0,0.0,0.0,0.0,0.0,0.0,Gaussian,"opt+freq: b3lyp/6-311G** em=gd3bj
energy: M062X/6-311G+(2d, p) em=gd3",QC
967,K+_Anionname115,O=C([O-])CC(=O)O.[K+],K+,[K+],Anionname115,O=C([O-])CC(=O)O,-599.7431251,-417.0939726,-0.015176,0.029633,0.00236,0.069434,154.423072,350.485312,-0.9748,-0.04406,-599.7609368,-417.2303038,-0.21785,0.1632,-599.7583011,-599.7407651000001,-417.0643396,-417.0245386,-1017.0274078,0.027919,0.073134,398.166176,-0.20402,-1017.1942137,-0.0492,-1016.9994888,-1016.9542738,-499.6591675499383,Gaussian,"opt+freq: b3lyp/6-311G** em=gd3bj
energy: M062X/6-311G+(2d, p) em=gd3",QC
968,K+_Anionname117,F[P-](F)(F)(F)(F)F.[K+],K+,[K+],Anionname117,F[P-](F)(F)(F)(F)F,-599.7431251,-940.7140796,-0.015176,-0.01227,0.00236,0.025403,154.423072,331.745176,-0.9748,-0.18482,-599.7609368,-940.8739445,-0.21785,0.24571,-599.7583011,-599.7407651000001,-940.7263495999999,-940.6886766,0.0,0.0,0.0,0.0,0.0,0.0,0.0,0.0,0.0,0.0,Gaussian,"opt+freq: b3lyp/6-311G** em=gd3bj
energy: M062X/6-311G+(2d, p) em=gd3",QC
969,K+_Anionname120,O=S(=O)([O-])O.[K+],K+,[K+],Anionname120,O=S(=O)([O-])O,-599.7431251,-699.7340793,-0.015176,-0.003745,0.00236,0.031659,154.423072,311.77076,-0.9748,-0.07136,-599.7609368,-699.8234319,-0.21785,0.19381,-599.7583011,-599.7407651000001,-699.7378242999999,-699.7024203,-1299.6622342,-0.005353,0.034757,353.200728,-0.25212,-1299.7742252,-0.05613,-1299.6675872,-1299.6274772,-485.7957399001368,Gaussian,"opt+freq: b3lyp/6-311G** em=gd3bj
energy: M062X/6-311G+(2d, p) em=gd3",QC
970,K+_Anionname122,N#C[N-]C#N.[K+],K+,[K+],Anionname122,N#C[N-]C#N,-599.7431251,-240.4895513,-0.015176,-0.006294,0.00236,0.025799,154.423072,282.612464,-0.9748,-0.04718,-599.7609368,-240.5644108,-0.21785,0.23458,-599.7583011,-599.7407651000001,-240.4958453,-240.4637523,0.0,0.0,0.0,0.0,0.0,0.0,0.0,0.0,0.0,0.0,Gaussian,"opt+freq: b3lyp/6-311G** em=gd3bj
energy: M062X/6-311G+(2d, p) em=gd3",QC
971,K+_Anionname123,F[B-](F)(F)C(F)(F)C(F)(F)F.[K+],K+,[K+],Anionname123,F[B-](F)(F)C(F)(F)C(F)(F)F,-599.7431251,-900.1130956,-0.015176,-0.000971,0.00236,0.04796,154.423072,430.885056,-0.9748,-0.13108,-599.7609368,-900.3410582,-0.21785,0.22858,-599.7583011,-599.7407651000001,-900.1140666,-900.0651356,0.0,0.0,0.0,0.0,0.0,0.0,0.0,0.0,0.0,0.0,Gaussian,"opt+freq: b3lyp/6-311G** em=gd3bj
energy: M062X/6-311G+(2d, p) em=gd3",QC
972,K+_Anionname124,O=[N+]([O-])[O-].[K+],K+,[K+],Anionname124,O=[N+]([O-])[O-],-599.7431251,-280.3509632,-0.015176,-0.011151,0.00236,0.017826,154.423072,255.173792,-0.9748,-0.00973,-599.7609368,-280.4279313,-0.21785,0.20663,-599.7583011,-599.7407651000001,-280.3621142,-280.3331372,-880.2813086,-0.014702,0.020844,313.017592,-0.22026,-880.3913094,-0.05756,-880.2960106,-880.2604646,-491.5468976497945,Gaussian,"opt+freq: b3lyp/6-311G** em=gd3bj
energy: M062X/6-311G+(2d, p) em=gd3",QC
973,K+_Anionname125,O=C([O-])C(F)(F)C(F)(F)C(F)(F)C(F)(F)C(F)(F)C(F)(F)C(F)(F)F.[K+],K+,[K+],Anionname125,O=C([O-])C(F)(F)C(F)(F)C(F)(F)C(F)(F)C(F)(F)C(F)(F)C(F)(F)F,-599.7431251,-1953.0407509,-0.015176,0.040174,0.00236,0.119612,154.423072,699.527144,-0.9748,-0.07405,-599.7609368,-1953.5584293,-0.21785,0.08254,-599.7583011,-599.7407651000001,-1953.0005769,-1952.9211389,-2552.9504999,0.037765,0.122825,749.036416,-0.2353,-2553.4987729,-0.06402,-2552.9127349,-2552.8276749,-437.4710494502735,Gaussian,"opt+freq: b3lyp/6-311G** em=gd3bj
energy: M062X/6-311G+(2d, p) em=gd3",QC
974,K+_Anionname126,C[C@H](O)C(=O)[O-].[K+],K+,[K+],Anionname126,C[C@H](O)C(=O)[O-],-599.7431251,-343.0532825,-0.015176,0.049729,0.00236,0.08661,154.423072,324.770448,-0.9748,-0.03737,-599.7609368,-343.1768899,-0.21785,0.19909,-599.7583011,-599.7407651000001,-343.0035535,-342.9666725,-942.9728614,0.046391,0.089895,383.103776,-0.19139,-943.1253031,-0.05199,-942.9264704000001,-942.8829664000001,-463.2794518999743,Gaussian,"opt+freq: b3lyp/6-311G** em=gd3bj
energy: M062X/6-311G+(2d, p) em=gd3",QC
975,K+_Anionname127,CC(=O)[C-](C#N)C#N.[K+],K+,[K+],Anionname127,CC(=O)[C-](C#N)C#N,-599.7431251,-377.0860554,-0.015176,0.033772,0.00236,0.076377,154.423072,375.183464,-0.9748,-0.0558,-599.7609368,-377.2272616,-0.21785,0.14933,-599.7583011,-599.7407651000001,-377.0522834,-377.0096784,-977.0058913,0.031893,0.079728,421.2325680000001,-0.20906,-977.1722535,-0.05658,-976.9739983000001,-976.9261633,-463.9542053999124,Gaussian,"opt+freq: b3lyp/6-311G** em=gd3bj
energy: M062X/6-311G+(2d, p) em=gd3",QC
976,K+_Anionname128,N#C[B-](C#N)(C#N)C#N.[K+],K+,[K+],Anionname128,N#C[B-](C#N)(C#N)C#N,-599.7431251,-396.3825058,-0.015176,0.003064,0.00236,0.047194,154.423072,388.614104,-0.9748,-0.20184,-599.7609368,-396.5113959,-0.21785,0.13047,-599.7583011,-599.7407651000001,-396.3794418,-396.3353118,0.0,0.0,0.0,0.0,0.0,0.0,0.0,0.0,0.0,0.0,Gaussian,"opt+freq: b3lyp/6-311G** em=gd3bj
energy: M062X/6-311G+(2d, p) em=gd3",QC
977,K+_Anionname129,CCCC(=O)[O-].[K+],K+,[K+],Anionname129,CCCC(=O)[O-],-599.7431251,-307.1178705,-0.015176,0.070739,0.00236,0.109351,154.423072,340.016944,-0.9748,-0.02027,-599.7609368,-307.2473723,-0.21785,0.18306,-599.7583011,-599.7407651000001,-307.0471315,-307.0085195,-907.068417,0.068737,0.113394,393.2499760000001,-0.21436,-907.2246469,-0.04626,-906.9996799999999,-906.955023,-544.5848856998166,Gaussian,"opt+freq: b3lyp/6-311G** em=gd3bj
energy: M062X/6-311G+(2d, p) em=gd3",QC
978,K+_Anionname130,Cc1ccc(S(=O)(=O)[O-])cc1.[K+],K+,[K+],Anionname130,Cc1ccc(S(=O)(=O)[O-])cc1,-599.7431251,-894.8242331,-0.015176,0.085922,0.00236,0.136936,154.423072,449.227712,-0.9748,-0.07432,-599.7609368,-895.034441,-0.21785,0.10435,-599.7583011,-599.7407651000001,-894.7383111,-894.6872971,-1494.7380738,0.083679,0.140346,499.008944,-0.22561,-1494.9717925,-0.06339,-1494.6543948,-1494.5977278,-448.213807799686,Gaussian,"opt+freq: b3lyp/6-311G** em=gd3bj
energy: M062X/6-311G+(2d, p) em=gd3",QC
979,K+_Anionname132,CC(=O)[O-].[K+],K+,[K+],Anionname132,CC(=O)[O-],-599.7431251,-228.5053588,-0.015176,0.018547,0.00236,0.051636,154.423072,291.382128,-0.9748,-0.00707,-599.7609368,-228.5822407,-0.21785,0.22055,-599.7583011,-599.7407651000001,-228.4868118,-228.4537228,-828.4586605,0.016424,0.055547,344.518928,-0.21013,-828.5647546,-0.04513,-828.4422364999999,-828.4031134999999,-551.8186632997308,Gaussian,"opt+freq: b3lyp/6-311G** em=gd3bj
energy: M062X/6-311G+(2d, p) em=gd3",QC
980,K+_Anionname139,O=S(=O)([O-])C(F)(F)C(F)(F)C(F)(F)C(F)(F)F.[K+],K+,[K+],Anionname139,O=S(=O)([O-])C(F)(F)C(F)(F)C(F)(F)C(F)(F)F,-599.7431251,-1674.9392325,-0.015176,0.016681,0.00236,0.078252,154.423072,542.1836400000001,-0.9748,-0.10329,-599.7609368,-1675.2878478,-0.21785,0.13223,-599.7583011,-599.7407651000001,-1674.9225515,-1674.8609805,-2274.8530557,0.014277,0.08141,591.1657280000001,-0.27477,-2275.2266105,-0.06086,-2274.8387787,-2274.7716457,-448.1678615499512,Gaussian,"opt+freq: b3lyp/6-311G** em=gd3bj
energy: M062X/6-311G+(2d, p) em=gd3",QC
981,K+_Anionname140,COC(=S)[S-].[K+],K+,[K+],Anionname140,COC(=S)[S-],-599.7431251,-949.6533322,-0.015176,0.017529,0.00236,0.054428,154.423072,324.937808,-0.9748,-0.0261,-599.7609368,-949.7857208,-0.21785,0.13187,-599.7583011,-599.7407651000001,-949.6358032,-949.5989042,-1549.5692118,0.014181,0.057514,381.584984,-0.18001,-1549.7221253,-0.06477,-1549.5550308,-1549.5116978,-453.566939749692,Gaussian,"opt+freq: b3lyp/6-311G** em=gd3bj
energy: M062X/6-311G+(2d, p) em=gd3",QC
982,K+_Anionname141,NCCC(=O)[O-].[K+],K+,[K+],Anionname141,NCCC(=O)[O-],-599.7431251,-323.1661715,-0.015176,0.061592,0.00236,0.099414,154.423072,333.054768,-0.9748,-0.02995,-599.7609368,-323.2910738,-0.21785,0.18797,-599.7583011,-599.7407651000001,-323.1045795,-323.0667575,-923.1120127,0.059181,0.103197,387.597392,-0.20143,-923.2630053,-0.0491,-923.0528317000001,-923.0088157,-532.2311205499345,Gaussian,"opt+freq: b3lyp/6-311G** em=gd3bj
energy: M062X/6-311G+(2d, p) em=gd3",QC
983,K+_Anionname142,N#Cc1ccc([B-](F)(F)F)cc1.[K+],K+,[K+],Anionname142,N#Cc1ccc([B-](F)(F)F)cc1,-599.7431251,-648.5204563,-0.015176,0.05922,0.00236,0.108433,154.423072,433.366168,-0.9748,-0.12985,-599.7609368,-648.7398366,-0.21785,0.0733,-599.7583011,-599.7407651000001,-648.4612363,-648.4120233,-1248.4206051,0.056468,0.111579,485.30216,-0.27235,-1248.6643109,-0.06983,-1248.3641371,-1248.3090261,-412.2657243502142,Gaussian,"opt+freq: b3lyp/6-311G** em=gd3bj
energy: M062X/6-311G+(2d, p) em=gd3",QC
984,K+_Anionname147,N#Cc1cccc([B-](F)(F)F)c1.[K+],K+,[K+],Anionname147,N#Cc1cccc([B-](F)(F)F)c1,-599.7431251,-648.5194329,-0.015176,0.059178,0.00236,0.108382,154.423072,433.2866720000001,-0.9748,-0.13117,-599.7609368,-648.7386591,-0.21785,0.07338,-599.7583011,-599.7407651000001,-648.4602549,-648.4110509,-1248.4271701,0.056434,0.111647,486.20172,-0.25172,-1248.6735184,-0.06572,-1248.3707361,-1248.3155231,-432.1890685499984,Gaussian,"opt+freq: b3lyp/6-311G** em=gd3bj
energy: M062X/6-311G+(2d, p) em=gd3",QC
985,K+_Anionname148,O=C1O[B-](F)(F)OC1=O.[K+],K+,[K+],Anionname148,O=C1O[B-](F)(F)OC1=O,-599.7431251,-601.9763171,-0.015176,0.003882,0.00236,0.044284,154.423072,355.773888,-0.9748,-0.11241,-599.7609368,-602.1401193,-0.21785,0.1015,-599.7583011,-599.7407651000001,-601.9724351,-601.9320331,0.0,0.0,0.0,0.0,0.0,0.0,0.0,0.0,0.0,0.0,Gaussian,"opt+freq: b3lyp/6-311G** em=gd3bj
energy: M062X/6-311G+(2d, p) em=gd3",QC
986,K+_Anionname149,Fc1ccccc1[B-](F)(F)F.[K+],K+,[K+],Anionname149,Fc1ccccc1[B-](F)(F)F,-599.7431251,-655.5110799,-0.015176,0.054483,0.00236,0.1006,154.423072,406.1032240000001,-0.9748,-0.10501,-599.7609368,-655.7225732,-0.21785,0.12602,-599.7583011,-599.7407651000001,-655.4565969,-655.4104799,0.0,0.0,0.0,0.0,0.0,0.0,0.0,0.0,0.0,0.0,Gaussian,"opt+freq: b3lyp/6-311G** em=gd3bj
energy: M062X/6-311G+(2d, p) em=gd3",QC
987,K+_Anionname165,CC(C)C[C@H](N)C(=O)[O-].[K+],K+,[K+],Anionname165,CC(C)C[C@H](N)C(=O)[O-],-599.7431251,-905.9460358,-0.015176,0.056006,0.00236,0.115546,154.423072,524.3095920000001,-0.9748,-0.09738,-599.7609368,-906.2327718,-0.21785,0.09571,-599.7583011,-599.7407651000001,-905.8900298,-905.8304898,-1041.0154145,0.134672,0.188997,478.3860080000001,-0.19479,-1041.2433717,-0.05102,-1040.8807425,-1040.8264175,0.0,Gaussian,"opt+freq: b3lyp/6-311G** em=gd3bj
energy: M062X/6-311G+(2d, p) em=gd3",QC
988,K+_Anionname167,O=C1CC(=O)O[B-](F)(F)O1.[K+],K+,[K+],Anionname167,O=C1CC(=O)O[B-](F)(F)O1,-599.7431251,-725.5708345,-0.015176,0.105227,0.00236,0.151089,154.423072,403.8606,-0.9748,-0.07716,-599.7609368,-725.761309,-0.21785,0.15715,-599.7583011,-599.7407651000001,-725.4656075,-725.4197455000001,0.0,0.0,0.0,0.0,0.0,0.0,0.0,0.0,0.0,0.0,Gaussian,"opt+freq: b3lyp/6-311G** em=gd3bj
energy: M062X/6-311G+(2d, p) em=gd3",QC
989,K+_Anionname172,NCC(=O)[O-].[K+],K+,[K+],Anionname172,NCC(=O)[O-],-599.7431251,-283.8596396,-0.015176,0.03602,0.00236,0.07072,154.423072,305.561704,-0.9748,-0.01642,-599.7609368,-283.9575277,-0.21785,0.20439,-599.7583011,-599.7407651000001,-283.8236196,-283.7889196,-883.806258,0.032961,0.074325,364.2506720000001,-0.19574,-883.9317203,-0.04864,-883.773297,-883.7319329999999,-534.2716591498271,Gaussian,"opt+freq: b3lyp/6-311G** em=gd3bj
energy: M062X/6-311G+(2d, p) em=gd3",QC
990,K+_Anionname179,Fc1ccc([B-](F)(F)F)cc1.[K+],K+,[K+],Anionname179,Fc1ccc([B-](F)(F)F)cc1,-599.7431251,-655.5115363,-0.015176,0.05379,0.00236,0.100614,154.423072,412.3332,-0.9748,-0.10288,-599.7609368,-655.7232078,-0.21785,0.12152,-599.7583011,-599.7407651000001,-655.4577462999999,-655.4109223,0.0,0.0,0.0,0.0,0.0,0.0,0.0,0.0,0.0,0.0,Gaussian,"opt+freq: b3lyp/6-311G** em=gd3bj
energy: M062X/6-311G+(2d, p) em=gd3",QC
991,K+_Anionname185,CCS(=O)(=O)[O-].[K+],K+,[K+],Anionname185,CCS(=O)(=O)[O-],-599.7431251,-703.1080762,-0.015176,0.045625,0.00236,0.083596,154.423072,334.368544,-0.9748,-0.06034,-599.7609368,-703.2340405,-0.21785,0.177,-599.7583011,-599.7407651000001,-703.0624512,-703.0244802,-1303.0421263,0.043265,0.086981,384.9572880000001,-0.236,-1303.1913265,-0.05202,-1302.9988613,-1302.9551453,-501.2735874999814,Gaussian,"opt+freq: b3lyp/6-311G** em=gd3bj
energy: M062X/6-311G+(2d, p) em=gd3",QC
992,K+_Anionname187,NC(CO)C(=O)[O-].[K+],K+,[K+],Anionname187,NC(CO)C(=O)[O-],-599.7431251,-398.3993557,-0.015176,0.065593,0.00236,0.105303,154.423072,349.690352,-0.9748,-0.049,-599.7609368,-398.5425891,-0.21785,0.18685,-599.7583011,-599.7407651000001,-398.3337627,-398.2940527,-998.329018,0.064578,0.10943,394.965416,-0.20918,-998.5033277,-0.05303,-998.26444,-998.219588,-489.7534185999349,Gaussian,"opt+freq: b3lyp/6-311G** em=gd3bj
energy: M062X/6-311G+(2d, p) em=gd3",QC
993,K+_Anionname193,Fc1cccc([B-](F)(F)F)c1.[K+],K+,[K+],Anionname193,Fc1cccc([B-](F)(F)F)c1,-599.7431251,-655.5125677,-0.015176,0.053759,0.00236,0.100578,154.423072,412.2913600000001,-0.9748,-0.10816,-599.7609368,-655.7242276,-0.21785,0.12419,-599.7583011,-599.7407651000001,-655.4588087,-655.4119896999999,0.0,0.0,0.0,0.0,0.0,0.0,0.0,0.0,0.0,0.0,Gaussian,"opt+freq: b3lyp/6-311G** em=gd3bj
energy: M062X/6-311G+(2d, p) em=gd3",QC
994,K+_Anionname197,O=C([O-])C(F)(F)C(F)(F)C(F)(F)C(F)(F)C(F)(F)C(F)(F)C(F)(F)C(F)(F)F.[K+],K+,[K+],Anionname197,O=C([O-])C(F)(F)C(F)(F)C(F)(F)C(F)(F)C(F)(F)C(F)(F)C(F)(F)C(F)(F)F,-599.7431251,-2190.8329911,-0.015176,0.048039,0.00236,0.134249,154.423072,759.161696,-0.9748,-0.07438,-599.7609368,-2191.4133558,-0.21785,0.06712,-599.7583011,-599.7407651000001,-2190.7849521,-2190.6987421,-2790.7573428,0.045623,0.138014,813.591352,-0.25763,-2791.3643631,-0.059,-2790.7117198,-2790.6193288,-475.8104382992597,Gaussian,"opt+freq: b3lyp/6-311G** em=gd3bj
energy: M062X/6-311G+(2d, p) em=gd3",QC
995,K+_Anionname200,F[B-](F)(F)c1ccccc1.[K+],K+,[K+],Anionname200,F[B-](F)(F)c1ccccc1,-599.7431251,-556.2617788,-0.015176,0.062932,0.00236,0.107577,154.423072,393.141192,-0.9748,-0.10118,-599.7609368,-556.4533291,-0.21785,0.13494,-599.7583011,-599.7407651000001,-556.1988468,-556.1542018,0.0,0.0,0.0,0.0,0.0,0.0,0.0,0.0,0.0,0.0,Gaussian,"opt+freq: b3lyp/6-311G** em=gd3bj
energy: M062X/6-311G+(2d, p) em=gd3",QC
996,K+_Anionname210,NCCS(=O)(=O)[O-].[K+],K+,[K+],Anionname210,NCCS(=O)(=O)[O-],-599.7431251,-758.4600847,-0.015176,0.06189,0.00236,0.102327,154.423072,356.091872,-0.9748,-0.07175,-599.7609368,-758.6065057,-0.21785,0.16775,-599.7583011,-599.7407651000001,-758.3981947000001,-758.3577577000001,-1358.3883825,0.060425,0.105823,399.7728320000001,-0.2365,-1358.5588829,-0.04625,-1358.3279575,-1358.2825595,-486.170923849876,Gaussian,"opt+freq: b3lyp/6-311G** em=gd3bj
energy: M062X/6-311G+(2d, p) em=gd3",QC
