id,Name,SMILES,Energy_Hatree,Thermal_correction_to_Gibbs_Free_Energy_Hatree,Thermal_correction_to_Enthalpy_Hatree,Entropy_J_per_mol_K,HOMO_Hatree,LUMO_Hatree,Dipole_Debye,Gibbs_Free_Energy_Hatree,Enthalpy_Hatree,ECW_V,Software,Source,Theory_Level
1,IL1,CCCC[P+](CCCC)(CCCC)CCCN.C[C@H](N)C(=O)[O-],-1311.7630809,0.500779,0.597048,847.745344,-0.19753,0.00293,-1312.3556184,-1311.2623019,-1311.1660329,5.452512,Gaussian,QC,"opt+freq: b3lyp/6-311G** em=gd3bj
energy: M062X/6-311G+(2d, p) em=gd3"
2,IL2,CC(C)C[C@H](N)C(=O)[O-].CCCC[P+](CCCC)(CCCC)CCCN,-1429.6854192,0.578313,0.683681,927.8731280000001,-0.19077,-0.00083,-1430.343444,-1429.1071062,-1429.0017382,5.166367999999999,Gaussian,QC,"opt+freq: b3lyp/6-311G** em=gd3bj
energy: M062X/6-311G+(2d, p) em=gd3"
3,IL4,CCCn1cc[n+](C)c1C.O=S(=O)([N-]S(=O)(=O)C(F)(F)F)C(F)(F)F,-2250.5429296,0.209998,0.299753,790.3827040000001,-0.27565,-0.04179,-2251.0803715,-2250.3329316,-2250.2431766,6.360992,Gaussian,QC,"opt+freq: b3lyp/6-311G** em=gd3bj
energy: M062X/6-311G+(2d, p) em=gd3"
4,IL5,CCCn1cc[n+](C)c1C.N#C[S-],-914.3513672,0.184637,0.244204,524.543896,-0.17933,-0.03734,-914.6411761,-914.1667302000001,-914.1071632000001,3.862128,Gaussian,QC,"opt+freq: b3lyp/6-311G** em=gd3bj
energy: M062X/6-311G+(2d, p) em=gd3"
5,IL6,CC(=O)[O-].Cn1cc[n+](C)c1,-533.8458754,0.141271,0.197023,490.954744,-0.19305,-0.021,-534.0911734,-533.7046044,-533.6488524,4.67976,Gaussian,QC,"opt+freq: b3lyp/6-311G** em=gd3bj
energy: M062X/6-311G+(2d, p) em=gd3"
6,IL7,Cn1cc[n+](C)c1.O=S(=O)([N-]S(=O)(=O)C(F)(F)F)C(F)(F)F,-2132.6101881,0.13238,0.213462,713.9996000000001,-0.26985,-0.05004,-2133.0730851,-2132.4778081,-2132.3967261,5.978831999999999,Gaussian,QC,"opt+freq: b3lyp/6-311G** em=gd3bj
energy: M062X/6-311G+(2d, p) em=gd3"
7,IL8,COS(=O)(=O)[O-].Cn1cc[n+](C)c1,-1044.3498227,0.145807,0.206654,535.8155919999999,-0.22324,-0.03986,-1044.6241799,-1044.2040157,-1044.1431687,4.987935999999999,Gaussian,QC,"opt+freq: b3lyp/6-311G** em=gd3bj
energy: M062X/6-311G+(2d, p) em=gd3"
8,IL11,CCOCCn1cc[n+](C)c1.O=S(=O)([N-]S(=O)(=O)C(F)(F)F)C(F)(F)F,-2325.7445329,0.2136,0.305839,812.256656,-0.26801,-0.04245,-2326.3043621,-2325.5309329,-2325.4386939,6.135232000000001,Gaussian,QC,"opt+freq: b3lyp/6-311G** em=gd3bj
energy: M062X/6-311G+(2d, p) em=gd3"
9,IL12,CCOCC[n+]1ccccc1.O=S(=O)([N-]S(=O)(=O)C(F)(F)F)C(F)(F)F,-2308.4812365,0.205022,0.294907,791.52912,-0.2765,-0.10729,-2309.0403538,-2308.2762145,-2308.1863295,4.602512000000001,Gaussian,QC,"opt+freq: b3lyp/6-311G** em=gd3bj
energy: M062X/6-311G+(2d, p) em=gd3"
10,IL13,C[N+]1(CCO)CCCC1.O=S(=O)([N-]S(=O)(=O)C(F)(F)F)C(F)(F)F,-2233.4757048,0.219489,0.307064,771.1865120000001,-0.25868,-0.01788,-2234.0043459,-2233.2562158,-2233.1686408,6.54976,Gaussian,QC,"opt+freq: b3lyp/6-311G** em=gd3bj
energy: M062X/6-311G+(2d, p) em=gd3"
11,IL14,C[n+]1ccn(CCO)c1.O=S(=O)([N-]S(=O)(=O)C(F)(F)F)C(F)(F)F,-2247.1408165,0.164702,0.24843,737.30448,-0.27471,-0.05279,-2247.6523146,-2246.9761145,-2246.8923865,6.036224,Gaussian,QC,"opt+freq: b3lyp/6-311G** em=gd3bj
energy: M062X/6-311G+(2d, p) em=gd3"
12,IL15,C[n+]1ccn(CCO)c1.O=S(=O)([O-])C(F)(F)C(F)(F)C(F)(F)C(F)(F)F,-2094.7853645,0.17241,0.259622,767.985752,-0.25247,-0.0516,-2095.3401203,-2094.6129545,-2094.5257425,5.463664000000001,Gaussian,QC,"opt+freq: b3lyp/6-311G** em=gd3bj
energy: M062X/6-311G+(2d, p) em=gd3"
13,IL16,C[n+]1ccn(CCO)c1.O=C([O-])C(F)(F)C(F)(F)C(F)(F)C(F)(F)F,-1659.5076099,0.170885,0.256968,758.052936,-0.22547,-0.03075,-1660.0429417,-1659.3367249,-1659.2506419,5.296384,Gaussian,QC,"opt+freq: b3lyp/6-311G** em=gd3bj
energy: M062X/6-311G+(2d, p) em=gd3"
14,IL17,O=S(=O)([N-]S(=O)(=O)C(F)(F)F)C(F)(F)F.OCC[n+]1ccccc1,-2229.877157,0.154811,0.237563,728.714728,-0.28282,-0.12067,-2230.3865512,-2229.722346,-2229.639594,4.410480000000001,Gaussian,QC,"opt+freq: b3lyp/6-311G** em=gd3bj
energy: M062X/6-311G+(2d, p) em=gd3"
15,IL18,COCC[N+]1(C)CCCCC1.O=S(=O)([N-]S(=O)(=O)C(F)(F)F)C(F)(F)F,-2312.0850866,0.272661,0.364701,810.499376,-0.2682,-0.00874,-2312.6591161,-2311.8124256,-2311.7203856,7.057311999999999,Gaussian,QC,"opt+freq: b3lyp/6-311G** em=gd3bj
energy: M062X/6-311G+(2d, p) em=gd3"
16,IL21,COCCn1cc[n+](C)c1.O=S(=O)([N-]S(=O)(=O)C(F)(F)F)C(F)(F)F,-2286.4334205,0.188136,0.276941,782.014704,-0.27126,-0.0402,-2286.9684245,-2286.2452845,-2286.1564795,6.284832,Gaussian,QC,"opt+freq: b3lyp/6-311G** em=gd3bj
energy: M062X/6-311G+(2d, p) em=gd3"
17,IL22,COCC[n+]1ccccc1.O=S(=O)([N-]S(=O)(=O)C(F)(F)F)C(F)(F)F,-2269.170672,0.17897,0.265797,764.592528,-0.27099,-0.10768,-2269.6996785,-2268.991702,-2268.904875,4.442032,Gaussian,QC,"opt+freq: b3lyp/6-311G** em=gd3bj
energy: M062X/6-311G+(2d, p) em=gd3"
18,IL26,COCCC[n+]1ccccc1.O=S(=O)([N-]S(=O)(=O)C(F)(F)F)C(F)(F)F,-2308.4781256,0.204185,0.295045,800.110504,-0.26848,-0.10442,-2309.034481,-2308.2739406,-2308.1830806,4.462432,Gaussian,QC,"opt+freq: b3lyp/6-311G** em=gd3bj
energy: M062X/6-311G+(2d, p) em=gd3"
19,IL27,COC[N+]1(C)CCCC1.O=S(=O)([N-]S(=O)(=O)C(F)(F)F)C(F)(F)F,-2233.4722584,0.219227,0.306479,768.341392,-0.26819,-0.00205,-2233.9994755,-2233.2530314,-2233.1657794,7.239007999999999,Gaussian,QC,"opt+freq: b3lyp/6-311G** em=gd3bj
energy: M062X/6-311G+(2d, p) em=gd3"
20,IL29,COC[N+]1(C)CCCC1.O=S(=O)(F)[N-]S(=O)(=O)F,-1757.8941703,0.204158,0.277288,643.984544,-0.2749,-0.01394,-1758.2855521,-1757.6900123,-1757.6168823,7.098111999999999,Gaussian,QC,"opt+freq: b3lyp/6-311G** em=gd3bj
energy: M062X/6-311G+(2d, p) em=gd3"
21,IL30,COCn1cc[n+](C)c1.O=S(=O)([N-]S(=O)(=O)C(F)(F)F)C(F)(F)F,-2247.1231893,0.160354,0.247934,771.2283520000001,-0.27129,-0.05374,-2247.6299905,-2246.9628353,-2246.8752553,5.917359999999999,Gaussian,QC,"opt+freq: b3lyp/6-311G** em=gd3bj
energy: M062X/6-311G+(2d, p) em=gd3"
22,IL31,COC[n+]1ccccc1.O=S(=O)([N-]S(=O)(=O)C(F)(F)F)C(F)(F)F,-2229.8597104,0.150985,0.236876,756.358416,-0.26752,-0.12128,-2230.3649647,-2229.7087254,-2229.6228344,3.977727999999999,Gaussian,QC,"opt+freq: b3lyp/6-311G** em=gd3bj
energy: M062X/6-311G+(2d, p) em=gd3"
23,IL32,C=CCn1cc[n+](CCO)c1.O=S(=O)([N-]S(=O)(=O)C(F)(F)F)C(F)(F)F,-2324.5208016,0.191252,0.282555,804.0099920000001,-0.27054,-0.04129,-2325.0670697,-2324.3295496,-2324.2382466,6.2356,Gaussian,QC,"opt+freq: b3lyp/6-311G** em=gd3bj
energy: M062X/6-311G+(2d, p) em=gd3"
24,IL33,C=CCn1cc[n+](C)c1.[Cl-],-842.9754153,0.127398,0.179803,461.47428,-0.19378,-0.04194,-843.2034136,-842.8480173,-842.7956123,4.130048,Gaussian,QC,"opt+freq: b3lyp/6-311G** em=gd3bj
energy: M062X/6-311G+(2d, p) em=gd3"
25,IL35,CCCC[N+]1(C)CCCCC1.O=S(=O)([N-]S(=O)(=O)C(F)(F)F)C(F)(F)F,-2276.1816302,0.296043,0.38846,813.8172880000001,-0.2649,-0.00561,-2276.762184,-2275.8855872,-2275.7931702,7.052688000000001,Gaussian,QC,"opt+freq: b3lyp/6-311G** em=gd3bj
energy: M062X/6-311G+(2d, p) em=gd3"
26,IL37,CCCCO[PH](=O)[O-].CCCC[N+]1(C)CCCC1,-1135.1687157,0.361502,0.44139,703.4893920000001,-0.2127,0.02864,-1135.6096448,-1134.8072137,-1134.7273257,6.564448,Gaussian,QC,"opt+freq: b3lyp/6-311G** em=gd3bj
energy: M062X/6-311G+(2d, p) em=gd3"
27,IL38,CCCC[N+]1(C)CCCC1.O=S(=O)(F)[N-]S(=O)(=O)F,-1761.2868257,0.254574,0.329742,661.9213520000001,-0.27282,-0.01896,-1761.7113644,-1761.0322517,-1760.9570837,6.904992000000001,Gaussian,QC,"opt+freq: b3lyp/6-311G** em=gd3bj
energy: M062X/6-311G+(2d, p) em=gd3"
28,IL39,CCCC[N+]1(C)CCCC1.O=S(=O)([N-]S(=O)(=O)C(F)(F)F)C(F)(F)F,-2236.8688678,0.268481,0.359057,797.6084720000001,-0.26308,-0.01252,-2237.4247666,-2236.6003868,-2236.5098108,6.815232,Gaussian,QC,"opt+freq: b3lyp/6-311G** em=gd3bj
energy: M062X/6-311G+(2d, p) em=gd3"
29,IL43,CCCCn1cc[n+](C)c1C.O=S(=O)([N-]S(=O)(=O)C(F)(F)F)C(F)(F)F,-2289.827057,0.234578,0.328553,827.5408080000001,-0.2603,-0.06523,-2290.3903751,-2289.592479,-2289.498504,5.305903999999999,Gaussian,QC,"opt+freq: b3lyp/6-311G** em=gd3bj
energy: M062X/6-311G+(2d, p) em=gd3"
30,IL44,CCCCn1cc[n+](C)c1C.[N-]=[N+]=[N-],-626.7809197,0.214467,0.274676,530.1922959999999,-0.15993,-0.02658,-627.0935014,-626.5664527,-626.5062437,3.62712,Gaussian,QC,"opt+freq: b3lyp/6-311G** em=gd3bj
energy: M062X/6-311G+(2d, p) em=gd3"
31,IL45,CCCCn1cc[n+](C)c1C.O=S(=O)([O-])O,-1162.2737237,0.221081,0.292778,631.3656000000001,-0.20985,-0.0602,-1162.6216577,-1162.0526427,-1161.9809457,4.07048,Gaussian,QC,"opt+freq: b3lyp/6-311G** em=gd3bj
energy: M062X/6-311G+(2d, p) em=gd3"
32,IL48,CCCC[n+]1cccc(C)c1C.O=S(=O)([N-]S(=O)(=O)C(F)(F)F)C(F)(F)F,-2311.8829294,0.250862,0.346218,839.695328,-0.25977,-0.10934,-2312.4655796,-2311.6320674,-2311.5367114,4.091696,Gaussian,QC,"opt+freq: b3lyp/6-311G** em=gd3bj
energy: M062X/6-311G+(2d, p) em=gd3"
33,IL51,CCCC[n+]1ccn(CC)c1.[Br-],-3036.7856929,0.200812,0.26129,532.564624,-0.16509,-0.06385,-3037.0210334,-3036.5848809,-3036.5244029,2.753727999999999,Gaussian,QC,"opt+freq: b3lyp/6-311G** em=gd3bj
energy: M062X/6-311G+(2d, p) em=gd3"
34,IL52,CCCC[n+]1ccn(CCC(C)C)c1.O=S(=O)([N-]S(=O)(=O)C(F)(F)F)C(F)(F)F,-2407.7528564,0.311365,0.415315,915.3838880000001,-0.26875,-0.04104,-2408.391627,-2407.4414914,-2407.3375414,6.193712,Gaussian,QC,"opt+freq: b3lyp/6-311G** em=gd3bj
energy: M062X/6-311G+(2d, p) em=gd3"
35,IL62,CCCCn1cc[n+](C)c1.NC(CO)C(=O)[O-],-821.6559507,0.270608,0.33906,602.7846959999999,-0.20666,-0.02239,-822.0372668,-821.3853426999999,-821.3168906999999,5.012144,Gaussian,QC,"opt+freq: b3lyp/6-311G** em=gd3bj
energy: M062X/6-311G+(2d, p) em=gd3"
36,IL63,CC(=O)[O-].CCCCn1cc[n+](C)c1,-651.7665604,0.218735,0.28413,575.86484,-0.19441,-0.02286,-652.0864911,-651.5478254,-651.4824304,4.666160000000001,Gaussian,QC,"opt+freq: b3lyp/6-311G** em=gd3bj
energy: M062X/6-311G+(2d, p) em=gd3"
37,IL64,CCCCn1cc[n+](C)c1.O=S(=O)([N-]S(=O)(=O)C(F)(F)C(F)(F)F)C(F)(F)C(F)(F)F,-2726.1171133,0.224129,0.329541,928.245504,-0.26917,-0.04808,-2726.7828422,-2725.8929843,-2725.7875723,6.013648,Gaussian,QC,"opt+freq: b3lyp/6-311G** em=gd3bj
energy: M062X/6-311G+(2d, p) em=gd3"
38,IL65,CCCCn1cc[n+](C)c1.O=S(=O)([N-]S(=O)(=O)C(F)(F)F)C(F)(F)F,-2250.52852,0.210504,0.300287,790.6253760000001,-0.26906,-0.05078,-2251.0660926,-2250.318016,-2250.228233,5.937216,Gaussian,QC,"opt+freq: b3lyp/6-311G** em=gd3bj
energy: M062X/6-311G+(2d, p) em=gd3"
39,IL67,CCCCn1cc[n+](C)c1.N#C[N-]C#N,-663.7065741,0.193479,0.258421,571.877488,-0.1833,-0.07303,-664.0163501,-663.5130951,-663.4481531,2.999344,Gaussian,QC,"opt+freq: b3lyp/6-311G** em=gd3bj
energy: M062X/6-311G+(2d, p) em=gd3"
40,IL72,CCCCn1cc[n+](C)c1.NCC(=O)[O-],-707.114627,0.236911,0.303271,584.3709120000001,-0.18661,-0.02818,-707.4547077,-706.8777160000001,-706.811356,4.309296,Gaussian,QC,"opt+freq: b3lyp/6-311G** em=gd3bj
energy: M062X/6-311G+(2d, p) em=gd3"
41,IL73,CCCCn1cc[n+](C)c1.O=C([O-])CO,-726.9935836,0.227118,0.291019,562.7103440000001,-0.20653,-0.03159,-727.3323736,-726.7664656,-726.7025646,4.758367999999999,Gaussian,QC,"opt+freq: b3lyp/6-311G** em=gd3bj
energy: M062X/6-311G+(2d, p) em=gd3"
42,IL76,CCCCn1cc[n+](C)c1.O=C([O-])O,-687.7093572,0.199683,0.262374,552.049512,-0.20352,-0.02665,-688.0217009,-687.5096742,-687.4469832,4.810864,Gaussian,QC,"opt+freq: b3lyp/6-311G** em=gd3bj
energy: M062X/6-311G+(2d, p) em=gd3"
43,IL79,CCCCn1cc[n+](C)c1.COS(=O)(=O)[O-],-1162.2700497,0.225348,0.293648,601.441632,-0.22763,-0.04032,-1162.6189854,-1162.0447017,-1161.9764017,5.094832,Gaussian,QC,"opt+freq: b3lyp/6-311G** em=gd3bj
energy: M062X/6-311G+(2d, p) em=gd3"
44,IL81,CCCCn1cc[n+](C)c1.O=C(O)c1ccccc1[O-],-918.6850984,0.269167,0.34415,660.29796,-0.15209,-0.05539,-919.1115633,-918.4159314,-918.3409484,2.63024,Gaussian,QC,"opt+freq: b3lyp/6-311G** em=gd3bj
energy: M062X/6-311G+(2d, p) em=gd3"
45,IL82,CCCCn1cc[n+](C)c1.NCCS(=O)(=O)[O-],-1181.7093224,0.265769,0.335586,614.805328,-0.21242,-0.03518,-1182.0883592,-1181.4435534,-1181.3737364,4.820928,Gaussian,QC,"opt+freq: b3lyp/6-311G** em=gd3bj
energy: M062X/6-311G+(2d, p) em=gd3"
46,IL84,CCCCn1cc[n+](C)c1.N#C[S-],-914.3346138,0.185959,0.2446,516.393464,-0.17933,-0.04636,-914.6240295,-914.1486548,-914.0900138000001,3.616783999999999,Gaussian,QC,"opt+freq: b3lyp/6-311G** em=gd3bj
energy: M062X/6-311G+(2d, p) em=gd3"
47,IL85,CCCCn1cc[n+](C)c1.O=S(=O)([O-])C(F)(F)F,-1384.7737565,0.193234,0.266926,648.9300320000001,-0.23071,-0.07113,-1385.1689906,-1384.5805225,-1384.5068305,4.340576,Gaussian,QC,"opt+freq: b3lyp/6-311G** em=gd3bj
energy: M062X/6-311G+(2d, p) em=gd3"
48,IL87,CCCCn1cc[n+](C)c1.O=C([O-])C(F)(F)F,-949.5042588,0.193589,0.264493,624.386688,-0.2124,-0.0643,-949.8841516,-949.3106698,-949.2397658,4.02832,Gaussian,QC,"opt+freq: b3lyp/6-311G** em=gd3bj
energy: M062X/6-311G+(2d, p) em=gd3"
49,IL89,CCCC[n+]1cccc(C)c1.N#C[N-]C#N,-685.7690988,0.209221,0.275848,586.7181360000001,-0.19131,-0.11878,-686.1007963,-685.5598778000001,-685.4932508,1.972816,Gaussian,QC,"opt+freq: b3lyp/6-311G** em=gd3bj
energy: M062X/6-311G+(2d, p) em=gd3"
50,IL91,CCCCC[n+]1ccn(CCCC)c1.O=S(=O)([N-]S(=O)(=O)C(F)(F)F)C(F)(F)F,-2407.756235,0.3139,0.416207,900.9114320000001,-0.27036,-0.043,-2408.3933958,-2407.442335,-2407.340028,6.184192,Gaussian,QC,"opt+freq: b3lyp/6-311G** em=gd3bj
energy: M062X/6-311G+(2d, p) em=gd3"
51,IL92,CCCCn1c[n+](C)cn1.O=S(=O)([N-]S(=O)(=O)C(F)(F)F)C(F)(F)F,-2266.559461,0.198371,0.288779,796.135704,-0.28649,-0.05989,-2267.0979192,-2266.36109,-2266.270682,6.16352,Gaussian,QC,"opt+freq: b3lyp/6-311G** em=gd3bj
energy: M062X/6-311G+(2d, p) em=gd3"
52,IL93,CCCC[n+]1ccc(C)cc1.O=S(=O)([N-]S(=O)(=O)C(F)(F)F)C(F)(F)F,-2272.5701373,0.221763,0.317354,841.770592,-0.25672,-0.12332,-2273.1298453,-2272.3483743,-2272.2527833,3.628480000000001,Gaussian,QC,"opt+freq: b3lyp/6-311G** em=gd3bj
energy: M062X/6-311G+(2d, p) em=gd3"
53,IL95,CCCC[n+]1ccccc1.O=S(=O)([N-]S(=O)(=O)C(F)(F)F)C(F)(F)F,-2233.2719276,0.200179,0.28901,782.2406400000001,-0.27288,-0.11005,-2233.80662,-2233.0717486,-2232.9829176,4.428976,Gaussian,QC,"opt+freq: b3lyp/6-311G** em=gd3bj
energy: M062X/6-311G+(2d, p) em=gd3"
54,IL96,CCCC[n+]1ccccc1.N#C[N-]C#N,-646.4574022,0.185167,0.247569,549.514008,-0.19495,-0.11873,-646.7657447,-646.2722352000001,-646.2098332,2.073184,Gaussian,QC,"opt+freq: b3lyp/6-311G** em=gd3bj
energy: M062X/6-311G+(2d, p) em=gd3"
55,IL99,CCCC[n+]1ccccc1.O=S(=O)([O-])C(F)(F)F,-1367.5290929,0.186,0.256437,620.2654480000001,-0.23971,-0.11215,-1367.918728,-1367.3430929,-1367.2726559,3.469632,Gaussian,QC,"opt+freq: b3lyp/6-311G** em=gd3bj
energy: M062X/6-311G+(2d, p) em=gd3"
56,IL100,CCCC[NH+]1CCCC1.O=S(=O)([N-]S(=O)(=O)C(F)(F)F)C(F)(F)F,-2197.5881454,0.243142,0.330912,772.901952,-0.27384,-0.00477,-2198.123473,-2197.3450034,-2197.2572334,7.318703999999999,Gaussian,QC,"opt+freq: b3lyp/6-311G** em=gd3bj
energy: M062X/6-311G+(2d, p) em=gd3"
57,IL101,CCCC[n+]1ccn(C2CCCC2)c1.O=S(=O)([N-]S(=O)(=O)C(F)(F)F)C(F)(F)F,-2406.5495092,0.297005,0.39418,855.724232,-0.26954,-0.05459,-2407.174126,-2406.2525042,-2406.1553292,5.84664,Gaussian,QC,"opt+freq: b3lyp/6-311G** em=gd3bj
energy: M062X/6-311G+(2d, p) em=gd3"
58,IL103,CCCCCCCCCCn1c[n+](C)cn1.O=S(=O)([N-]S(=O)(=O)C(F)(F)F)C(F)(F)F,-2502.3848142,0.354688,0.462427,948.747104,-0.28696,-0.06995,-2503.0736287,-2502.0301262,-2501.9223872,5.902671999999999,Gaussian,QC,"opt+freq: b3lyp/6-311G** em=gd3bj
energy: M062X/6-311G+(2d, p) em=gd3"
59,IL106,CCCCCCCCCCCCn1c[n+](C)cn1.O=S(=O)([N-]S(=O)(=O)C(F)(F)F)C(F)(F)F,-2580.9986196,0.408652,0.520652,986.2650320000001,-0.27962,-0.07241,-2581.7302701,-2580.5899676,-2580.4779676,5.636111999999999,Gaussian,QC,"opt+freq: b3lyp/6-311G** em=gd3bj
energy: M062X/6-311G+(2d, p) em=gd3"
60,IL107,CCO[PH](=O)[O-].CC[N+]1(C)CCCCC1,-1017.2537676,0.287523,0.355259,596.479408,-0.23719,0.00181,-1017.6230348,-1016.9662446,-1016.8985086,6.5008,Gaussian,QC,"opt+freq: b3lyp/6-311G** em=gd3bj
energy: M062X/6-311G+(2d, p) em=gd3"
61,IL108,CC[N+]1(C)CCCC1.O=S(=O)([N-]S(=O)(=O)C(F)(F)F)C(F)(F)F,-2158.2609647,0.217289,0.301149,738.467632,-0.26252,-0.01226,-2158.7676427,-2158.0436757,-2157.9598157,6.807071999999999,Gaussian,QC,"opt+freq: b3lyp/6-311G** em=gd3bj
energy: M062X/6-311G+(2d, p) em=gd3"
62,IL109,CCn1cc[n+](C)c1C.O=S(=O)([N-]S(=O)(=O)C(F)(F)F)C(F)(F)F,-2211.2374388,0.184894,0.270923,757.571776,-0.26847,-0.04215,-2211.7500742,-2211.0525448,-2210.9665158,6.155904,Gaussian,QC,"opt+freq: b3lyp/6-311G** em=gd3bj
energy: M062X/6-311G+(2d, p) em=gd3"
63,IL111,CC[n+]1ccccc1C.O=S(=O)([N-]S(=O)(=O)C(F)(F)F)C(F)(F)F,-2193.9694028,0.174629,0.259599,748.2414560000001,-0.26965,-0.10252,-2194.4789417,-2193.7947738,-2193.7098038,4.545936,Gaussian,QC,"opt+freq: b3lyp/6-311G** em=gd3bj
energy: M062X/6-311G+(2d, p) em=gd3"
64,IL112,CC[NH+]1C=CN(C)C1.O=S(=O)(F)[N-]S(=O)(=O)F,-1697.4857176,0.165587,0.236164,621.499728,-0.25514,-0.0385,-1697.8506029,-1697.3201306,-1697.2495536,5.892607999999999,Gaussian,QC,"opt+freq: b3lyp/6-311G** em=gd3bj
energy: M062X/6-311G+(2d, p) em=gd3"
65,IL113,CC[NH+]1C=CN(C)C1.N#C[C-](C#N)C#N,-662.4629527,0.171853,0.234829,554.56828,-0.2087,-0.02666,-662.7642805,-662.2910996999999,-662.2281237,4.951488,Gaussian,QC,"opt+freq: b3lyp/6-311G** em=gd3bj
energy: M062X/6-311G+(2d, p) em=gd3"
66,IL114,CCn1cc[n+](C)c1.COCCOCCOS(=O)(=O)[O-],-1391.2947916,0.282433,0.362248,702.8492400000001,-0.23134,-0.03755,-1391.7334717,-1391.0123586,-1390.9325436,5.271088,Gaussian,QC,"opt+freq: b3lyp/6-311G** em=gd3bj
energy: M062X/6-311G+(2d, p) em=gd3"
67,IL115,CCn1cc[n+](C)c1.Cc1ccc(S(=O)(=O)[O-])cc1,-1239.4567066,0.237623,0.312339,657.95492,-0.22277,-0.02853,-1239.8516726,-1239.2190836,-1239.1443676,5.283328,Gaussian,QC,"opt+freq: b3lyp/6-311G** em=gd3bj
energy: M062X/6-311G+(2d, p) em=gd3"
68,IL116,CC(=O)[O-].CCn1cc[n+](C)c1,-573.1542387,0.167661,0.225935,513.159232,-0.19399,-0.02488,-573.4260294,-572.9865777,-572.9283036999999,4.599791999999999,Gaussian,QC,"opt+freq: b3lyp/6-311G** em=gd3bj
energy: M062X/6-311G+(2d, p) em=gd3"
69,IL117,CCn1cc[n+](C)c1.O=S(=O)([N-]S(=O)(=O)C(F)(F)F)C(F)(F)F,-2171.918014,0.159331,0.242289,730.530584,-0.27219,-0.0508,-2172.4067309,-2171.758683,-2171.675725,6.021807999999999,Gaussian,QC,"opt+freq: b3lyp/6-311G** em=gd3bj
energy: M062X/6-311G+(2d, p) em=gd3"
70,IL118,CCn1cc[n+](C)c1.[Br-],-2918.8677758,0.123856,0.174599,446.8470160000001,-0.16465,-0.06294,-2919.0283676,-2918.7439198,-2918.6931768,2.766512,Gaussian,QC,"opt+freq: b3lyp/6-311G** em=gd3bj
energy: M062X/6-311G+(2d, p) em=gd3"
71,IL119,CCn1cc[n+](C)c1.[Cl-],-804.9038862,0.12661,0.17527,428.495992,-0.19872,-0.02185,-805.1147955,-804.7772762,-804.7286162,4.810864,Gaussian,QC,"opt+freq: b3lyp/6-311G** em=gd3bj
energy: M062X/6-311G+(2d, p) em=gd3"
72,IL126,CCOS(=O)(=O)[O-].CCn1cc[n+](C)c1,-1122.9659861,0.197199,0.264392,591.70128,-0.2265,-0.03854,-1123.2928989,-1122.7687871,-1122.7015941,5.112512000000001,Gaussian,QC,"opt+freq: b3lyp/6-311G** em=gd3bj
energy: M062X/6-311G+(2d, p) em=gd3"
73,IL129,CCn1cc[n+](C)c1.CS(=O)(=O)[O-],-1008.4417626,0.169819,0.229734,527.614952,-0.21526,-0.03263,-1008.7268352,-1008.2719436,-1008.2120286,4.967536,Gaussian,QC,"opt+freq: b3lyp/6-311G** em=gd3bj
energy: M062X/6-311G+(2d, p) em=gd3"
74,IL130,CCn1cc[n+](C)c1.COS(=O)(=O)[O-],-1083.6379918,0.170657,0.235001,566.605648,-0.21762,-0.06796,-1083.941521,-1083.4673348,-1083.4029908,4.070752000000001,Gaussian,QC,"opt+freq: b3lyp/6-311G** em=gd3bj
energy: M062X/6-311G+(2d, p) em=gd3"
75,IL135,CCn1cc[n+](C)c1.N#C[S-],-835.7274599,0.132006,0.186548,480.293912,-0.18435,-0.04361,-835.9682294,-835.5954538999999,-835.5409119,3.828128,Gaussian,QC,"opt+freq: b3lyp/6-311G** em=gd3bj
energy: M062X/6-311G+(2d, p) em=gd3"
76,IL136,CCn1cc[n+](C)c1.O=S(=O)([O-])C(F)(F)F,-1306.1818745,0.142538,0.209517,589.81848,-0.24045,-0.04668,-1306.5247739,-1306.0393365,-1305.9723575,5.270544,Gaussian,QC,"opt+freq: b3lyp/6-311G** em=gd3bj
energy: M062X/6-311G+(2d, p) em=gd3"
77,IL138,CC[n+]1cccc(C)c1.O=C([O-])C(F)(F)C(F)(F)C(F)(F)C(F)(F)F,-1606.3442893,0.183628,0.26851,747.4716000000001,-0.23317,-0.09312,-1606.8839299,-1606.1606613,-1606.0757793,3.80936,Gaussian,QC,"opt+freq: b3lyp/6-311G** em=gd3bj
energy: M062X/6-311G+(2d, p) em=gd3"
78,IL139,CCn1c[n+](C)cn1.O=S(=O)([N-]S(=O)(=O)C(F)(F)F)C(F)(F)F,-2187.9514125,0.147314,0.230735,734.6057999999999,-0.28366,-0.06266,-2188.4376752,-2187.8040985,-2187.7206775,6.011200000000001,Gaussian,QC,"opt+freq: b3lyp/6-311G** em=gd3bj
energy: M062X/6-311G+(2d, p) em=gd3"
79,IL140,CC[n+]1ccc(C)cc1.O=S(=O)([N-]S(=O)(=O)C(F)(F)F)C(F)(F)F,-2193.971253,0.172492,0.259463,765.86028,-0.26499,-0.10204,-2194.4830694,-2193.798761,-2193.71179,4.432239999999999,Gaussian,QC,"opt+freq: b3lyp/6-311G** em=gd3bj
energy: M062X/6-311G+(2d, p) em=gd3"
80,IL143,CC[n+]1ccccc1.N#C[N-]C#N,-567.8537115,0.135207,0.189518,478.260488,-0.20728,-0.09821,-568.1117559,-567.7185045,-567.6641935,2.966704,Gaussian,QC,"opt+freq: b3lyp/6-311G** em=gd3bj
energy: M062X/6-311G+(2d, p) em=gd3"
81,IL146,CCCCCC[N+]1(C)CCCC1.O=S(=O)([N-]S(=O)(=O)C(F)(F)F)C(F)(F)F,-2315.4843031,0.320447,0.416978,850.046544,-0.27423,-0.00842,-2316.0892992,-2315.1638561,-2315.0673251,7.230032,Gaussian,QC,"opt+freq: b3lyp/6-311G** em=gd3bj
energy: M062X/6-311G+(2d, p) em=gd3"
82,IL147,CCCCCCn1cc[n+](C)c1C.O=S(=O)([N-]S(=O)(=O)C(F)(F)F)C(F)(F)F,-2368.4564484,0.286763,0.386738,880.380544,-0.27135,-0.04206,-2369.06827,-2368.1696854,-2368.0697104,6.236688,Gaussian,QC,"opt+freq: b3lyp/6-311G** em=gd3bj
energy: M062X/6-311G+(2d, p) em=gd3"
83,IL148,CCCCCCn1cc[n+](C)c1.O=S(=O)([N-]S(=O)(=O)C(F)(F)F)C(F)(F)F,-2329.1246032,0.261196,0.358106,853.3895600000001,-0.2559,-0.0636,-2329.7094415,-2328.8634072,-2328.7664972,5.230560000000001,Gaussian,QC,"opt+freq: b3lyp/6-311G** em=gd3bj
energy: M062X/6-311G+(2d, p) em=gd3"
84,IL149,CCCCCCn1cc[n+](C)c1.[Cl-],-962.1223084,0.229838,0.291175,540.13348,-0.19872,-0.02452,-962.4309613,-961.8924704,-961.8311334,4.73824,Gaussian,QC,"opt+freq: b3lyp/6-311G** em=gd3bj
energy: M062X/6-311G+(2d, p) em=gd3"
85,IL154,CCCCCC[n+]1cccc(C)c1.O=S(=O)([N-]S(=O)(=O)C(F)(F)F)C(F)(F)F,-2351.1901394,0.276778,0.375413,868.57748,-0.26577,-0.10492,-2351.799209,-2350.9133614,-2350.8147264,4.37512,Gaussian,QC,"opt+freq: b3lyp/6-311G** em=gd3bj
energy: M062X/6-311G+(2d, p) em=gd3"
86,IL155,CCCCCCn1c[n+](C)cn1.O=S(=O)([N-]S(=O)(=O)C(F)(F)F)C(F)(F)F,-2345.1569876,0.249805,0.346446,851.021416,-0.2639,-0.07612,-2345.7425333,-2344.9071826,-2344.8105416,5.107616000000001,Gaussian,QC,"opt+freq: b3lyp/6-311G** em=gd3bj
energy: M062X/6-311G+(2d, p) em=gd3"
87,IL156,CCCCCC[n+]1ccc(C)cc1.O=S(=O)([N-]S(=O)(=O)C(F)(F)F)C(F)(F)F,-2351.1768369,0.274754,0.375125,883.861632,-0.26204,-0.11648,-2351.7844586,-2350.9020829,-2350.8017119,3.959232,Gaussian,QC,"opt+freq: b3lyp/6-311G** em=gd3bj
energy: M062X/6-311G+(2d, p) em=gd3"
88,IL160,CCCCCCCC[N+]1(C)CCCC1.O=S(=O)([N-]S(=O)(=O)C(F)(F)F)C(F)(F)F,-2394.0878723,0.373572,0.475192,894.869736,-0.26307,-0.00687,-2394.7418281,-2393.7143003,-2393.6126803,6.968640000000001,Gaussian,QC,"opt+freq: b3lyp/6-311G** em=gd3bj
energy: M062X/6-311G+(2d, p) em=gd3"
89,IL161,CCC[N+]1(C)CCCC1.O=S(=O)(F)[N-]S(=O)(=O)F,-1721.9923399,0.229134,0.30075,630.6417680000001,-0.2796,-0.01747,-1722.3893748,-1721.7632059,-1721.6915899,7.129936000000001,Gaussian,QC,"opt+freq: b3lyp/6-311G** em=gd3bj
energy: M062X/6-311G+(2d, p) em=gd3"
90,IL162,CCC[N+]1(C)CCCC1.O=S(=O)([N-]S(=O)(=O)C(F)(F)F)C(F)(F)F,-2197.5621926,0.242617,0.330052,769.956416,-0.26641,-0.01532,-2198.0928461,-2197.3195756,-2197.2321406,6.829647999999999,Gaussian,QC,"opt+freq: b3lyp/6-311G** em=gd3bj
energy: M062X/6-311G+(2d, p) em=gd3"
91,IL163,C[NH+]1CCCC1=O.O=S(=O)([O-])Cl,-1410.5233414,0.118635,0.174862,495.130376,-0.29326,-0.07274,-1410.7891643,-1410.4047064,-1410.3484794,5.998144000000001,Gaussian,QC,"opt+freq: b3lyp/6-311G** em=gd3bj
energy: M062X/6-311G+(2d, p) em=gd3"
92,IL165,CCCCCCCCn1cc[n+](C)c1.O=S(=O)([N-]S(=O)(=O)C(F)(F)F)C(F)(F)F,-2407.7458626,0.313825,0.416164,901.195944,-0.27274,-0.05399,-2408.3825513,-2407.4320376,-2407.3296986,5.949999999999999,Gaussian,QC,"opt+freq: b3lyp/6-311G** em=gd3bj
energy: M062X/6-311G+(2d, p) em=gd3"
93,IL169,CCCn1cc[n+](C)c1.NC(CO)C(=O)[O-],-782.3416799,0.242502,0.310025,594.6091600000001,-0.20231,-0.02125,-782.7017728,-782.0991779000001,-782.0316549,4.924831999999999,Gaussian,QC,"opt+freq: b3lyp/6-311G** em=gd3bj
energy: M062X/6-311G+(2d, p) em=gd3"
94,IL170,CCCn1cc[n+](C)c1.O=S(=O)([N-]S(=O)(=O)C(F)(F)F)C(F)(F)F,-2211.2262028,0.185495,0.271304,755.6304,-0.27836,-0.04466,-2211.7402364,-2211.0407078,-2210.9548988,6.35664,Gaussian,QC,"opt+freq: b3lyp/6-311G** em=gd3bj
energy: M062X/6-311G+(2d, p) em=gd3"
95,IL171,CCCn1cc[n+](C)c1.N#C[N-]C#N,-624.4140735,0.166883,0.229496,551.363336,-0.19729,-0.05483,-624.7008712,-624.2471905,-624.1845774999999,3.874912,Gaussian,QC,"opt+freq: b3lyp/6-311G** em=gd3bj
energy: M062X/6-311G+(2d, p) em=gd3"
96,IL172,CCCn1cc[n+](C)c1.O=P([O-])(O)O,-1027.5645342,0.181605,0.246184,568.680912,-0.21062,-0.05697,-1027.8774288,-1027.3829292,-1027.3183502,4.17928,Gaussian,QC,"opt+freq: b3lyp/6-311G** em=gd3bj
energy: M062X/6-311G+(2d, p) em=gd3"
97,IL173,CC(=O)[O-].C[n+]1cc[nH]c1,-494.5857064,0.117581,0.16946,456.842592,-0.24509,0.00737,-494.8040441,-494.4681254,-494.4162464,6.866912,Gaussian,QC,"opt+freq: b3lyp/6-311G** em=gd3bj
energy: M062X/6-311G+(2d, p) em=gd3"
98,IL175,COS(=O)(=O)[O-].C[n+]1ccccc1,-1027.084396,0.137457,0.195557,511.623704,-0.22384,-0.10703,-1027.355849,-1026.946939,-1026.888839,3.177232,Gaussian,QC,"opt+freq: b3lyp/6-311G** em=gd3bj
energy: M062X/6-311G+(2d, p) em=gd3"
99,IL177,CCCn1cc[n+](C)c1.O=C([O-])O,-648.4049188,0.174994,0.233655,516.560824,-0.20511,-0.02287,-648.6923517,-648.2299248,-648.1712638,4.956928,Gaussian,QC,"opt+freq: b3lyp/6-311G** em=gd3bj
energy: M062X/6-311G+(2d, p) em=gd3"
100,IL179,CCCCCCCC[n+]1ccccc1.O=S(=O)([N-]S(=O)(=O)C(F)(F)F)C(F)(F)F,-2390.4774435,0.304469,0.404994,885.2256160000001,-0.26882,-0.1327,-2391.1115138,-2390.1729745,-2390.0724495,3.702464,Gaussian,QC,"opt+freq: b3lyp/6-311G** em=gd3bj
energy: M062X/6-311G+(2d, p) em=gd3"
101,IL180,CCCCCn1cc[n+](C)c1.N#C[S-],-953.6280688,0.208109,0.273101,572.320992,-0.16632,-0.07065,-953.9460608,-953.4199598,-953.3549678,2.602224,Gaussian,QC,"opt+freq: b3lyp/6-311G** em=gd3bj
energy: M062X/6-311G+(2d, p) em=gd3"
102,IL181,CCCCC[n+]1ccccc1.O=S(=O)([N-]S(=O)(=O)C(F)(F)F)C(F)(F)F,-2272.5655894,0.227659,0.31807,796.148256,-0.26429,-0.11499,-2273.1230722,-2272.3379304,-2272.2475194,4.060960000000001,Gaussian,QC,"opt+freq: b3lyp/6-311G** em=gd3bj
energy: M062X/6-311G+(2d, p) em=gd3"
103,IL182,CCCCC[n+]1ccccc1.N#C[N-]C#N,-685.7610413,0.211227,0.27645,574.3586,-0.19145,-0.12399,-686.0920423,-685.5498143,-685.4845913,1.834912,Gaussian,QC,"opt+freq: b3lyp/6-311G** em=gd3bj
energy: M062X/6-311G+(2d, p) em=gd3"
104,IL183,CCCn1cc[n+](C)c1.N#C[S-],-875.0360187,0.158373,0.21555,503.50256,-0.18482,-0.04213,-875.3022927,-874.8776457,-874.8204687,3.881168,Gaussian,QC,"opt+freq: b3lyp/6-311G** em=gd3bj
energy: M062X/6-311G+(2d, p) em=gd3"
105,IL185,CCC[n+]1ccccc1.N#C[N-]C#N,-607.1508471,0.157938,0.218346,531.949576,-0.19016,-0.12532,-607.4331702,-606.9929091,-606.9325011,1.763648,Gaussian,QC,"opt+freq: b3lyp/6-311G** em=gd3bj
energy: M062X/6-311G+(2d, p) em=gd3"
106,IL188,CCCn1cc[n+](C)c1C.O=S(=O)([O-])O,-1122.9885552,0.20028,0.264165,562.576456,-0.22662,-0.03082,-1123.3116448,-1122.7882752,-1122.7243902,5.325759999999999,Gaussian,QC,"opt+freq: b3lyp/6-311G** em=gd3bj
energy: M062X/6-311G+(2d, p) em=gd3"
107,IL189,CC[N+](C)(C)CCOC(C)=O.O=S(=O)([N-]S(=O)(=O)C(F)(F)F)C(F)(F)F,-2348.0118772,0.243088,0.338927,843.95464,-0.2702,-0.01677,-2348.5899377,-2347.7687892,-2347.6729502,6.893295999999999,Gaussian,QC,"opt+freq: b3lyp/6-311G** em=gd3bj
energy: M062X/6-311G+(2d, p) em=gd3"
108,IL191,C[N+](C)(C)CCO.NCCC(=O)[O-],-651.9738153,0.240962,0.302866,545.1291759999999,-0.19743,-0.00164,-652.2890987,-651.7328533,-651.6709493,5.325488,Gaussian,QC,"opt+freq: b3lyp/6-311G** em=gd3bj
energy: M062X/6-311G+(2d, p) em=gd3"
109,IL193,C[N+](C)(C)CCO.O=C([O-])[C@@H]1CCCN1,-729.3750374,0.273739,0.338726,572.270784,-0.18367,-0.00379,-729.7283875,-729.1012984,-729.0363114,4.892736,Gaussian,QC,"opt+freq: b3lyp/6-311G** em=gd3bj
energy: M062X/6-311G+(2d, p) em=gd3"
110,IL194,C[N+](C)(C)CCO.NC(CO)C(=O)[O-],-727.1797871,0.242301,0.308775,585.3750719999999,-0.19185,-0.01023,-727.5135668,-726.9374861,-726.8710121,4.940064,Gaussian,QC,"opt+freq: b3lyp/6-311G** em=gd3bj
energy: M062X/6-311G+(2d, p) em=gd3"
111,IL195,C[N+](C)(C)CCO.NCC(=O)[O-],-612.6323522,0.19477,0.268307,647.561864,-0.22447,-0.08863,-612.932638,-612.4375822000001,-612.3640452,3.694848,Gaussian,QC,"opt+freq: b3lyp/6-311G** em=gd3bj
energy: M062X/6-311G+(2d, p) em=gd3"
112,IL196,CCC[n+]1ccccc1C.O=S(=O)([N-]S(=O)(=O)C(F)(F)F)C(F)(F)F,-2233.2765865,0.200337,0.288485,776.2366000000001,-0.26304,-0.10426,-2233.8101855,-2233.0762495,-2232.9881015,4.318815999999999,Gaussian,QC,"opt+freq: b3lyp/6-311G** em=gd3bj
energy: M062X/6-311G+(2d, p) em=gd3"
113,IL197,CC(=O)[O-].Cc1cccc[nH+]1,-516.639255,0.13217,0.186811,481.172552,-0.24911,-0.06046,-516.8786982,-516.5070850000001,-516.452444,5.131279999999999,Gaussian,QC,"opt+freq: b3lyp/6-311G** em=gd3bj
energy: M062X/6-311G+(2d, p) em=gd3"
114,IL198,Cc1cccc[nH+]1.O=S(=O)([N-]S(=O)(=O)C(F)(F)F)C(F)(F)F,-2115.3705733,0.122866,0.201853,695.560712,-0.27625,-0.10945,-2115.8339349,-2115.2477073,-2115.1687203,4.53696,Gaussian,QC,"opt+freq: b3lyp/6-311G** em=gd3bj
energy: M062X/6-311G+(2d, p) em=gd3"
115,IL199,Cc1cccc[nH+]1.O=S(=O)([O-])C(F)(F)F,-1249.6390185,0.105597,0.167911,548.739968,-0.26454,-0.10601,-1249.9565161,-1249.5334215,-1249.4711075,4.312016,Gaussian,QC,"opt+freq: b3lyp/6-311G** em=gd3bj
energy: M062X/6-311G+(2d, p) em=gd3"
116,IL200,Cc1cccc[nH+]1.O=C([O-])C(F)(F)F,-814.3870453,0.106011,0.165957,527.886912,-0.28498,-0.06141,-814.688124,-814.2810343,-814.2210882999999,6.081104000000001,Gaussian,QC,"opt+freq: b3lyp/6-311G** em=gd3bj
energy: M062X/6-311G+(2d, p) em=gd3"
117,IL201,CCCCCCCC[n+]1cc(C)cc(C)c1.O=S(=O)([N-]S(=O)(=O)C(F)(F)F)C(F)(F)F,-2469.1055863,0.353591,0.461948,954.194672,-0.27325,-0.11049,-2469.7934542,-2468.7519953,-2468.6436383,4.427072,Gaussian,QC,"opt+freq: b3lyp/6-311G** em=gd3bj
energy: M062X/6-311G+(2d, p) em=gd3"
118,IL202,CCCCNC(=O)C[n+]1ccn(CC)c1.O=S(=O)([N-]S(=O)(=O)C(F)(F)F)C(F)(F)F,-2497.8258056,0.285418,0.387784,901.4386160000001,-0.27418,-0.06975,-2498.4753969,-2497.5403876,-2497.4380216,5.560495999999999,Gaussian,QC,"opt+freq: b3lyp/6-311G** em=gd3bj
energy: M062X/6-311G+(2d, p) em=gd3"
119,IL203,C=Cn1cc[n+](CC(N)=O)c1.O=S(=O)([N-]S(=O)(=O)C(F)(F)F)C(F)(F)F,-2339.3884859,0.157142,0.24845,804.051832,-0.28602,-0.08321,-2339.9330619,-2339.2313439,-2339.1400359,5.516432,Gaussian,QC,"opt+freq: b3lyp/6-311G** em=gd3bj
energy: M062X/6-311G+(2d, p) em=gd3"
120,IL204,C[n+]1ccn(CCCC#N)c1.O=S(=O)([N-]S(=O)(=O)C(F)(F)F)C(F)(F)F,-2303.4642877,0.180594,0.272417,808.5872880000001,-0.28111,-0.05147,-2304.0042984,-2303.2836937,-2303.1918707,6.246208,Gaussian,QC,"opt+freq: b3lyp/6-311G** em=gd3bj
energy: M062X/6-311G+(2d, p) em=gd3"
121,IL205,C[n+]1ccn(CCCC#N)c1.O=S(=O)(F)[N-]S(=O)(=O)F,-1827.8873318,0.166928,0.242777,667.9253920000001,-0.27341,-0.06004,-1828.2883122,-1827.7204038,-1827.6445548,5.803663999999999,Gaussian,QC,"opt+freq: b3lyp/6-311G** em=gd3bj
energy: M062X/6-311G+(2d, p) em=gd3"
122,IL206,C[n+]1ccn(CCCC#N)c1.O=S(=O)([O-])C(F)(F)F,-1437.7348983,0.167081,0.239402,636.859192,-0.25127,-0.05227,-1438.1272103,-1437.5678173,-1437.4954963,5.4128,Gaussian,QC,"opt+freq: b3lyp/6-311G** em=gd3bj
energy: M062X/6-311G+(2d, p) em=gd3"
123,IL207,COCCCn1cc[n+](C)c1.O=S(=O)([N-]S(=O)(=O)C(F)(F)F)C(F)(F)F,-2325.7299985,0.21274,0.305688,818.490816,-0.25871,-0.05187,-2326.2868011,-2325.5172585,-2325.4243105,5.626048,Gaussian,QC,"opt+freq: b3lyp/6-311G** em=gd3bj
energy: M062X/6-311G+(2d, p) em=gd3"
124,IL208,C[n+]1ccn(CC#N)c1.O=S(=O)([N-]S(=O)(=O)C(F)(F)F)C(F)(F)F,-2224.8381516,0.127842,0.213876,757.6178,-0.26813,-0.06556,-2225.328889,-2224.7103096,-2224.6242756,5.509903999999999,Gaussian,QC,"opt+freq: b3lyp/6-311G** em=gd3bj
energy: M062X/6-311G+(2d, p) em=gd3"
125,IL210,CCCC(=O)[O-].CCCCN1C=C[NH+](C)C1,-731.5200961,0.295605,0.36583,618.403568,-0.19128,-0.01725,-731.8998577,-731.2244911,-731.1542661000001,4.733616,Gaussian,QC,"opt+freq: b3lyp/6-311G** em=gd3bj
energy: M062X/6-311G+(2d, p) em=gd3"
126,IL211,CCCCN1C=C[NH+](C)C1.O=C[O-],-613.5758447,0.217104,0.278327,539.12932,-0.17449,-0.03953,-613.8810247,-613.3587407,-613.2975177,3.670912,Gaussian,QC,"opt+freq: b3lyp/6-311G** em=gd3bj
energy: M062X/6-311G+(2d, p) em=gd3"
127,IL212,CCC(=O)[O-].CCCCN1C=C[NH+](C)C1,-692.2550791,0.268866,0.336087,591.95232,-0.19836,0.00142,-692.6047177,-691.9862131,-691.9189921,5.434016000000001,Gaussian,QC,"opt+freq: b3lyp/6-311G** em=gd3bj
energy: M062X/6-311G+(2d, p) em=gd3"
128,IL214,CCCC[n+]1cc[nH]c1.O=S(=O)([N-]S(=O)(=O)C(F)(F)F)C(F)(F)F,-2211.2293385,0.184925,0.271406,761.55076,-0.28543,-0.05441,-2211.7458618,-2211.0444135,-2210.9579325,6.283744,Gaussian,QC,"opt+freq: b3lyp/6-311G** em=gd3bj
energy: M062X/6-311G+(2d, p) em=gd3"
129,IL215,CCCCCCCCCC[n+]1cc[nH]c1.O=S(=O)([N-]S(=O)(=O)C(F)(F)F)C(F)(F)F,-2447.0614187,0.341501,0.445341,914.4132000000001,-0.27613,-0.0497,-2447.7245179,-2446.7199177,-2446.6160777,6.158895999999999,Gaussian,QC,"opt+freq: b3lyp/6-311G** em=gd3bj
energy: M062X/6-311G+(2d, p) em=gd3"
130,IL216,CCCCCCCCCCCC[n+]1cc[nH]c1.O=S(=O)([N-]S(=O)(=O)C(F)(F)F)C(F)(F)F,-2525.6449035,0.38923,0.503451,1005.829416,-0.26026,-0.08556,-2526.3520291,-2525.2556735,-2525.1414525,4.75184,Gaussian,QC,"opt+freq: b3lyp/6-311G** em=gd3bj
energy: M062X/6-311G+(2d, p) em=gd3"
131,IL217,CCn1cc[n+](C)c1.NC(CO)C(=O)[O-],-743.0441699,0.219288,0.281175,544.974368,-0.211,-0.02799,-743.3781612,-742.8248819,-742.7629949000001,4.977872,Gaussian,QC,"opt+freq: b3lyp/6-311G** em=gd3bj
energy: M062X/6-311G+(2d, p) em=gd3"
132,IL218,CC(O)C(=O)[O-].CCn1cc[n+](C)c1,-687.6784201,0.198237,0.26168,558.676968,-0.19723,-0.0151,-687.9917235,-687.4801831000001,-687.4167401000001,4.953936,Gaussian,QC,"opt+freq: b3lyp/6-311G** em=gd3bj
energy: M062X/6-311G+(2d, p) em=gd3"
133,IL219,CCCCCC[n+]1cc[nH]c1.O=S(=O)([N-]S(=O)(=O)C(F)(F)F)C(F)(F)F,-2289.8361424,0.235729,0.329472,825.4948320000001,-0.27278,-0.05548,-2290.3985505,-2289.6004134,-2289.5066704,5.91056,Gaussian,QC,"opt+freq: b3lyp/6-311G** em=gd3bj
energy: M062X/6-311G+(2d, p) em=gd3"
134,IL220,CCCCCn1cc[n+](C)c1.N#C[N-]C#N,-703.0275476,0.220838,0.287602,587.918944,-0.20026,-0.04801,-703.3612416,-702.8067096000001,-702.7399456,4.1412,Gaussian,QC,"opt+freq: b3lyp/6-311G** em=gd3bj
energy: M062X/6-311G+(2d, p) em=gd3"
135,IL221,CCCCCn1cc[n+](C)c1.O=C([O-])O,-727.0092378,0.226199,0.290725,568.212304,-0.20384,-0.02987,-727.3481123,-726.7830388000001,-726.7185128000001,4.731984,Gaussian,QC,"opt+freq: b3lyp/6-311G** em=gd3bj
energy: M062X/6-311G+(2d, p) em=gd3"
136,IL222,CCC[n+]1cccc(C)c1.O=S(=O)([N-]S(=O)(=O)C(F)(F)F)C(F)(F)F,-2233.273517,0.198874,0.28844,788.709104,-0.27092,-0.10227,-2233.811843,-2233.074643,-2232.985077,4.58728,Gaussian,QC,"opt+freq: b3lyp/6-311G** em=gd3bj
energy: M062X/6-311G+(2d, p) em=gd3"
137,IL224,CCCC[N+]1(C)CCOCC1.N#C[N-]C#N,-725.271373,0.257996,0.323105,573.350256,-0.19677,-0.00529,-725.6171,-725.013377,-724.948268,5.208256,Gaussian,QC,"opt+freq: b3lyp/6-311G** em=gd3bj
energy: M062X/6-311G+(2d, p) em=gd3"
138,IL225,CCO[PH](=O)[O-].CC[N+]1(C)CCOCC1,-1053.1571617,0.26747,0.333063,577.617936,-0.22474,0.00586,-1053.5185362,-1052.8896917,-1052.8240987,6.27232,Gaussian,QC,"opt+freq: b3lyp/6-311G** em=gd3bj
energy: M062X/6-311G+(2d, p) em=gd3"
139,IL227,CCCCCCC[N+]1(C)CCOCC1.N#C[N-]C#N,-843.1847348,0.33589,0.409931,652.005272,-0.19792,-0.01051,-843.604388,-842.8488448,-842.7748038,5.097552,Gaussian,QC,"opt+freq: b3lyp/6-311G** em=gd3bj
energy: M062X/6-311G+(2d, p) em=gd3"
140,IL229,CCCCCC[N+]1(C)CCOCC1.N#C[N-]C#N,-803.8777092,0.306801,0.380831,651.904856,-0.19106,-0.01235,-804.2695697,-803.5709082000001,-803.4968782000001,4.860912,Gaussian,QC,"opt+freq: b3lyp/6-311G** em=gd3bj
energy: M062X/6-311G+(2d, p) em=gd3"
141,IL230,CCCCCCCCn1c[n+](C)cn1.O=S(=O)([N-]S(=O)(=O)C(F)(F)F)C(F)(F)F,-2423.7755823,0.303249,0.404517,891.75684,-0.28036,-0.07218,-2424.4100893,-2423.4723333,-2423.3710653,5.662496,Gaussian,QC,"opt+freq: b3lyp/6-311G** em=gd3bj
energy: M062X/6-311G+(2d, p) em=gd3"
142,IL231,CCCn1c[n+](C)cn1.O=S(=O)([N-]S(=O)(=O)C(F)(F)F)C(F)(F)F,-2227.2549589,0.171161,0.259651,779.236528,-0.28421,-0.06147,-2227.7666494,-2227.0837979,-2226.9953079,6.058528000000001,Gaussian,QC,"opt+freq: b3lyp/6-311G** em=gd3bj
energy: M062X/6-311G+(2d, p) em=gd3"
143,IL235,CCCCCCCCC[N+]1(C)CCOCC1.N#C[N-]C#N,-921.7895359,0.385086,0.467777,728.179176,-0.19846,-0.0099,-922.2574623,-921.4044499,-921.3217589000001,5.128832,Gaussian,QC,"opt+freq: b3lyp/6-311G** em=gd3bj
energy: M062X/6-311G+(2d, p) em=gd3"
144,IL236,CCCCCCCCO[PH](=O)[O-].CCCCCCCC[N+]1(C)CCOCC1,-1524.812399,0.577941,0.680605,904.0578,-0.22032,0.0051,-1525.4670123,-1524.234458,-1524.131794,6.131423999999999,Gaussian,QC,"opt+freq: b3lyp/6-311G** em=gd3bj
energy: M062X/6-311G+(2d, p) em=gd3"
145,IL237,CCCCCCCC[N+]1(C)CCOCC1.N#C[N-]C#N,-882.4859781,0.360902,0.438968,687.45212,-0.19109,-0.01057,-882.9305683,-882.1250761,-882.0470101,4.910144,Gaussian,QC,"opt+freq: b3lyp/6-311G** em=gd3bj
energy: M062X/6-311G+(2d, p) em=gd3"
146,IL239,CCC[N+]1(C)CCOCC1.N#C[N-]C#N,-685.9613675,0.230771,0.293825,555.254456,-0.19303,-0.01204,-686.2831931,-685.7305965,-685.6675425000001,4.922928000000001,Gaussian,QC,"opt+freq: b3lyp/6-311G** em=gd3bj
energy: M062X/6-311G+(2d, p) em=gd3"
147,IL240,CCCCCCCCC[N+](CC)(CC)CC.O=S(=O)([N-]S(=O)(=O)C(F)(F)F)C(F)(F)F,-2473.8841997,0.440831,0.554264,998.8881600000001,-0.2513,-0.0153,-2474.5982836,-2473.4433687,-2473.3299357,6.4192,Gaussian,QC,"opt+freq: b3lyp/6-311G** em=gd3bj
energy: M062X/6-311G+(2d, p) em=gd3"
148,IL241,CC[N+](C)(CC)CCOC.O=S(=O)([N-]S(=O)(=O)C(F)(F)F)C(F)(F)F,-2273.9614137,0.262593,0.357127,832.461192,-0.25436,-0.0007,-2274.5274418,-2273.6988207,-2273.6042867,6.899552,Gaussian,QC,"opt+freq: b3lyp/6-311G** em=gd3bj
energy: M062X/6-311G+(2d, p) em=gd3"
149,IL244,C=CC[N+](CC)(CC)Cc1ccccc1.O=S(=O)([O-])C(F)(F)F,-1562.8145671,0.295507,0.37823,728.45532,-0.23119,-0.05584,-1563.3135714,-1562.5190601,-1562.4363371,4.76952,Gaussian,QC,"opt+freq: b3lyp/6-311G** em=gd3bj
energy: M062X/6-311G+(2d, p) em=gd3"
150,IL245,CCC[NH+](CC)CC.O=S(=O)([O-])C(F)(F)F,-1293.7487092,0.218968,0.28945,620.6629280000001,-0.25758,0.00382,-1294.1265891,-1293.5297412,-1293.4592592,7.110079999999999,Gaussian,QC,"opt+freq: b3lyp/6-311G** em=gd3bj
energy: M062X/6-311G+(2d, p) em=gd3"
151,IL246,CCCCC[N+](C)(C)CC.O=S(=O)([N-]S(=O)(=O)C(F)(F)F)C(F)(F)F,-2238.0606,0.284648,0.380012,839.7748240000001,-0.25637,-0.01598,-2238.6282071,-2237.775952,-2237.680588,6.538608,Gaussian,QC,"opt+freq: b3lyp/6-311G** em=gd3bj
energy: M062X/6-311G+(2d, p) em=gd3"
152,IL247,CC(=O)[NH+](C)C.O=S(=O)([N-]S(=O)(=O)C(F)(F)F)C(F)(F)F,-2115.5825505,0.135035,0.216611,718.355144,-0.30503,-0.0794,-2116.0497047,-2115.4475155,-2115.3659395,6.137136000000001,Gaussian,QC,"opt+freq: b3lyp/6-311G** em=gd3bj
energy: M062X/6-311G+(2d, p) em=gd3"
153,IL248,C=CC[N+](C)(C)CC.O=S(=O)([O-])C(F)(F)F,-1292.4913704,0.196753,0.265892,608.83476,-0.23917,-0.04721,-1292.8579109,-1292.2946174,-1292.2254784,5.221311999999999,Gaussian,QC,"opt+freq: b3lyp/6-311G** em=gd3bj
energy: M062X/6-311G+(2d, p) em=gd3"
154,IL249,CC[N+](C)(C)CCCO.O=S(=O)([O-])C(F)(F)F,-1368.9439819,0.225008,0.296004,625.190016,-0.24518,-0.01819,-1369.338394,-1368.7189739,-1368.6479779,6.174128,Gaussian,QC,"opt+freq: b3lyp/6-311G** em=gd3bj
energy: M062X/6-311G+(2d, p) em=gd3"
155,IL251,CCCCCC[NH+](C)CCN.O=S(=O)([N-]S(=O)(=O)C(F)(F)F)C(F)(F)F,-2293.4348116,0.302518,0.399556,854.523424,-0.27409,-0.00526,-2294.0248205,-2293.1322936,-2293.0352556,7.312176,Gaussian,QC,"opt+freq: b3lyp/6-311G** em=gd3bj
energy: M062X/6-311G+(2d, p) em=gd3"
156,IL252,CCCC(=O)[O-].OCC[NH2+]c1ccccc1,-749.0760425,0.242374,0.309755,593.358144,-0.24833,-0.02485,-749.4343396,-748.8336684999999,-748.7662875,6.078656,Gaussian,QC,"opt+freq: b3lyp/6-311G** em=gd3bj
energy: M062X/6-311G+(2d, p) em=gd3"
157,IL253,CCCCCC(=O)[O-].OCC[NH2+]c1ccccc1,-827.6995112,0.298111,0.368286,617.964248,-0.2391,-0.01064,-828.1070567,-827.4014002,-827.3312252,6.214112,Gaussian,QC,"opt+freq: b3lyp/6-311G** em=gd3bj
energy: M062X/6-311G+(2d, p) em=gd3"
158,IL256,CC[N+](C)(C)CCCO.O=S(=O)([N-]S(=O)(=O)C(F)(F)F)C(F)(F)F,-2234.681254,0.238396,0.328744,795.595968,-0.2714,-0.0096,-2235.2226075,-2234.442858,-2234.35251,7.120959999999999,Gaussian,QC,"opt+freq: b3lyp/6-311G** em=gd3bj
energy: M062X/6-311G+(2d, p) em=gd3"
159,IL257,CCCC[N+](C)(C)CC.O=S(=O)([O-])C(F)(F)F,-1333.0224048,0.246333,0.318443,634.993128,-0.23722,-0.01165,-1333.4214059,-1332.7760718,-1332.7039618,6.135504,Gaussian,QC,"opt+freq: b3lyp/6-311G** em=gd3bj
energy: M062X/6-311G+(2d, p) em=gd3"
160,IL258,CC[N+](CCO)(CCO)CCO.O=S(=O)([N-]S(=O)(=O)C(F)(F)F)C(F)(F)F,-2424.4112032,0.274072,0.370366,847.9629120000001,-0.25774,-0.01172,-2425.0144787,-2424.1371312,-2424.0408372,6.691744,Gaussian,QC,"opt+freq: b3lyp/6-311G** em=gd3bj
energy: M062X/6-311G+(2d, p) em=gd3"
161,IL259,CCCC[N+](C)(C)CC.O=S(=O)([N-]S(=O)(=O)C(F)(F)F)C(F)(F)F,-2198.7598781,0.261302,0.351249,792.064672,-0.27347,-0.01411,-2199.3042883,-2198.4985761,-2198.4086291,7.054592,Gaussian,QC,"opt+freq: b3lyp/6-311G** em=gd3bj
energy: M062X/6-311G+(2d, p) em=gd3"
162,IL262,CC[N+](C)(C)CCOCCOC.O=S(=O)([N-]S(=O)(=O)C(F)(F)F)C(F)(F)F,-2388.480465,0.290135,0.391201,889.97864,-0.2609,-0.00362,-2389.0898541,-2388.19033,-2388.089264,6.998016,Gaussian,QC,"opt+freq: b3lyp/6-311G** em=gd3bj
energy: M062X/6-311G+(2d, p) em=gd3"
163,IL263,CCC[N+](C)(C)CC.O=S(=O)([N-]S(=O)(=O)C(F)(F)F)C(F)(F)F,-2159.4570292,0.235199,0.322362,767.5506160000001,-0.26461,-0.01171,-2159.9753532,-2159.2218302,-2159.1346672,6.878880000000001,Gaussian,QC,"opt+freq: b3lyp/6-311G** em=gd3bj
energy: M062X/6-311G+(2d, p) em=gd3"
164,IL264,CC[N+](C)(C)CCOC.O=S(=O)([N-]S(=O)(=O)C(F)(F)F)C(F)(F)F,-2234.662391,0.235272,0.328067,817.143568,-0.25233,0.00042,-2235.2016628,-2234.427119,-2234.334324,6.874799999999999,Gaussian,QC,"opt+freq: b3lyp/6-311G** em=gd3bj
energy: M062X/6-311G+(2d, p) em=gd3"
165,IL265,CCCCCCC[N+](C)(C)CC.O=S(=O)([N-]S(=O)(=O)C(F)(F)F)C(F)(F)F,-2316.6655565,0.338873,0.43816,874.313744,-0.26286,-0.02161,-2317.2803132,-2316.3266835,-2316.2273965,6.561999999999999,Gaussian,QC,"opt+freq: b3lyp/6-311G** em=gd3bj
energy: M062X/6-311G+(2d, p) em=gd3"
166,IL266,C=CC[N+](C)(C)CC.O=S(=O)([N-]S(=O)(=O)C(F)(F)F)C(F)(F)F,-2158.2272765,0.211575,0.298725,767.4460160000001,-0.26096,-0.04542,-2158.7365666,-2158.0157015,-2157.9285515,5.862688,Gaussian,QC,"opt+freq: b3lyp/6-311G** em=gd3bj
energy: M062X/6-311G+(2d, p) em=gd3"
167,IL267,C=CC[N+](C)(C)CC.N#C[N-]C#N,-571.4145526,0.195621,0.256869,539.346888,-0.18457,-0.03268,-571.6972234,-571.2189316,-571.1576835999999,4.131408,Gaussian,QC,"opt+freq: b3lyp/6-311G** em=gd3bj
energy: M062X/6-311G+(2d, p) em=gd3"
168,IL268,C=CC[N+](C)(C)CC.O=C([O-])C(F)(F)F,-857.2178061,0.197708,0.263251,577.166064,-0.21749,-0.02699,-857.5693702,-857.0200980999999,-856.9545551,5.1816,Gaussian,QC,"opt+freq: b3lyp/6-311G** em=gd3bj
energy: M062X/6-311G+(2d, p) em=gd3"
169,IL269,CC[N+](C)(CCO)CCO.O=S(=O)([N-]S(=O)(=O)C(F)(F)F)C(F)(F)F,-2309.9043647,0.246278,0.335452,785.261488,-0.28845,-0.00383,-2310.4683247,-2309.6580867,-2309.5689127,7.741663999999999,Gaussian,QC,"opt+freq: b3lyp/6-311G** em=gd3bj
energy: M062X/6-311G+(2d, p) em=gd3"
170,IL270,CCO[PH](=O)[O-].CC[N+]1(C)CCCC1,-977.9486114,0.250037,0.324652,657.0637280000001,-0.22358,0.01716,-978.2896985,-977.6985744,-977.6239594,6.548128,Gaussian,QC,"opt+freq: b3lyp/6-311G** em=gd3bj
energy: M062X/6-311G+(2d, p) em=gd3"
171,IL271,CCCCCCO[PH](=O)[O-].CCCCCC[N+]1(C)CCCC1,-1292.3857375,0.471251,0.559257,774.9814,-0.21359,3e-05,-1292.925413,-1291.9144865,-1291.8264805,5.810464,Gaussian,QC,"opt+freq: b3lyp/6-311G** em=gd3bj
energy: M062X/6-311G+(2d, p) em=gd3"
172,IL272,CCCCCC[N+]CCN.O=S(=O)([O-])C(F)(F)F,-1386.9699199,0.221219,0.306882,754.3459120000001,-0.27435,0.01343,-1387.4466843,-1386.7487009,-1386.6630379,7.827615999999999,Gaussian,QC,"opt+freq: b3lyp/6-311G** em=gd3bj
energy: M062X/6-311G+(2d, p) em=gd3"
173,IL273,CCCCCC[N+]CCN.O=C([O-])C(F)(F)F,-951.761742,0.223843,0.305508,719.1375519999999,-0.23004,-0.07059,-952.1776952,-951.537899,-951.456234,4.337039999999999,Gaussian,QC,"opt+freq: b3lyp/6-311G** em=gd3bj
energy: M062X/6-311G+(2d, p) em=gd3"
174,IL274,C[N+](CCO)(CCO)CCO.O=S(=O)([N-]S(=O)(=O)C(F)(F)F)C(F)(F)F,-2385.1131665,0.246684,0.340812,828.8880560000001,-0.27688,-0.0093,-2385.6920862,-2384.8664825,-2384.7723545,7.278176000000001,Gaussian,QC,"opt+freq: b3lyp/6-311G** em=gd3bj
energy: M062X/6-311G+(2d, p) em=gd3"
175,IL281,CCCC[P+](C)(CCCC)CCCC.O=S(=O)([N-]S(=O)(=O)C(F)(F)F)C(F)(F)F,-2681.9123065,0.37781,0.488151,971.6628720000001,-0.26461,-0.01572,-2682.6040714,-2681.5344965,-2681.4241555,6.769808,Gaussian,QC,"opt+freq: b3lyp/6-311G** em=gd3bj
energy: M062X/6-311G+(2d, p) em=gd3"
176,IL283,CCCC[NH3+].O=C[O-],-403.5268415,0.141664,0.192217,445.165048,-0.2639,0.02065,-403.7307029,-403.3851775,-403.3346245,7.73976,Gaussian,QC,"opt+freq: b3lyp/6-311G** em=gd3bj
energy: M062X/6-311G+(2d, p) em=gd3"
177,IL284,CCCC[N+](C)(C)C.O=S(=O)([N-]S(=O)(=O)C(F)(F)F)C(F)(F)F,-2159.4522811,0.233956,0.322411,778.931096,-0.27247,-0.0146,-2159.9722518,-2159.2183251,-2159.1298701,7.014063999999999,Gaussian,QC,"opt+freq: b3lyp/6-311G** em=gd3bj
energy: M062X/6-311G+(2d, p) em=gd3"
178,IL285,O=C[O-].OCC[NH2+]CCO,-553.9647583,0.150669,0.203865,468.44064,-0.25705,0.00557,-554.2051379,-553.8140893,-553.7608933,7.143264,Gaussian,QC,"opt+freq: b3lyp/6-311G** em=gd3bj
energy: M062X/6-311G+(2d, p) em=gd3"
179,IL286,CC[NH+](C)CC.CS(=O)(=O)[O-],-917.3820785,0.195579,0.25282,504.059032,-0.21597,-0.0185,-917.6486347,-917.1864995000001,-917.1292585,5.371184,Gaussian,QC,"opt+freq: b3lyp/6-311G** em=gd3bj
energy: M062X/6-311G+(2d, p) em=gd3"
180,IL287,CC[NH+](C)CC.O=S(=O)([O-])C(F)(F)F,-1215.1385156,0.166973,0.231434,567.64328,-0.26428,0.00385,-1215.4674579,-1214.9715426,-1214.9070816,7.293136000000001,Gaussian,QC,"opt+freq: b3lyp/6-311G** em=gd3bj
energy: M062X/6-311G+(2d, p) em=gd3"
181,IL288,CC[S+](C)CC.O=S(=O)([N-]S(=O)(=O)C(F)(F)F)C(F)(F)F,-2423.6657557,0.161695,0.246487,746.67664,-0.26052,-0.04917,-2424.1474598,-2423.5040607,-2423.4192687,5.74872,Gaussian,QC,"opt+freq: b3lyp/6-311G** em=gd3bj
energy: M062X/6-311G+(2d, p) em=gd3"
182,IL289,CCCCCCCC[N+](C)(CCCCCCCC)CCCCCCCC.O=C([O-])C(F)(F)F,-1565.8912479,0.685093,0.808606,1087.655904,-0.18211,-0.03184,-1566.6875899,-1565.2061549,-1565.0826419,4.087344,Gaussian,QC,"opt+freq: b3lyp/6-311G** em=gd3bj
energy: M062X/6-311G+(2d, p) em=gd3"
183,IL290,CCCC[N+](CCCC)(CCCC)CCCC.O=S(=O)([O-])C(F)(F)F,-1647.4646908,0.451768,0.550777,871.8702880000001,-0.23775,-0.00198,-1648.0594749,-1647.0129228,-1646.9139138,6.412944,Gaussian,QC,"opt+freq: b3lyp/6-311G** em=gd3bj
energy: M062X/6-311G+(2d, p) em=gd3"
184,IL291,C1CC[NH2+]CC1.O=S(=O)([N-]S(=O)(=O)C(F)(F)F)C(F)(F)F,-2079.6800696,0.166354,0.244553,688.615272,-0.28479,-0.01668,-2080.1386122,-2079.5137156,-2079.4355166,7.292591999999999,Gaussian,QC,"opt+freq: b3lyp/6-311G** em=gd3bj
energy: M062X/6-311G+(2d, p) em=gd3"
185,IL292,C1CC[NH2+]C1.O=S(=O)([N-]S(=O)(=O)C(F)(F)F)C(F)(F)F,-2040.3650901,0.136793,0.21498,688.510672,-0.28441,-0.0073,-2040.8053537,-2040.2282971,-2040.1501101,7.537392000000001,Gaussian,QC,"opt+freq: b3lyp/6-311G** em=gd3bj
energy: M062X/6-311G+(2d, p) em=gd3"
186,IL293,C1CC[NH2+]C1.O=S(=O)([O-])C(F)(F)F,-1174.632241,0.122328,0.181749,523.259408,-0.26914,-0.00752,-1174.925662,-1174.509913,-1174.450492,7.116063999999999,Gaussian,QC,"opt+freq: b3lyp/6-311G** em=gd3bj
energy: M062X/6-311G+(2d, p) em=gd3"
187,IL295,CCCC[P+](CCCC)(CCCC)CCCC.O=C([O-])[C@@H]1CCCN1,-1373.1253519,0.541839,0.644396,903.112216,-0.18324,0.00859,-1373.7527468,-1372.5835129,-1372.4809559,5.217776,Gaussian,QC,"opt+freq: b3lyp/6-311G** em=gd3bj
energy: M062X/6-311G+(2d, p) em=gd3"
188,IL301,CCCC[P+](C)(CCCC)CCCC.COS(=O)(=O)[O-],-1593.6474012,0.392012,0.481087,784.391216,-0.21901,-0.01137,-1594.1498587,-1593.2553892,-1593.1663142,5.647808,Gaussian,QC,"opt+freq: b3lyp/6-311G** em=gd3bj
energy: M062X/6-311G+(2d, p) em=gd3"
189,IL303,CC[P+](CC)(CC)CCOC.O=S(=O)([N-]S(=O)(=O)C(F)(F)F)C(F)(F)F,-2599.8759932,0.277302,0.377375,881.2382640000001,-0.21995,-0.07194,-2600.5069431,-2599.5986912,-2599.4986182,4.025872,Gaussian,QC,"opt+freq: b3lyp/6-311G** em=gd3bj
energy: M062X/6-311G+(2d, p) em=gd3"
190,IL304,CCCCC[P+](CC)(CC)CC.O=S(=O)([N-]S(=O)(=O)C(F)(F)F)C(F)(F)F,-2603.3050976,0.324154,0.430373,935.366672,-0.25947,-0.01558,-2603.9476708,-2602.9809436,-2602.8747246,6.633807999999999,Gaussian,QC,"opt+freq: b3lyp/6-311G** em=gd3bj
energy: M062X/6-311G+(2d, p) em=gd3"
191,IL305,CCCCC[P+](CC)(CC)CC.O=S(=O)(F)[N-]S(=O)(=O)F,-2127.7315594,0.309699,0.401096,804.842608,-0.26931,-0.02013,-2128.2393198,-2127.4218604,-2127.3304634,6.777696,Gaussian,QC,"opt+freq: b3lyp/6-311G** em=gd3bj
energy: M062X/6-311G+(2d, p) em=gd3"
192,IL306,CC(=O)[O-].CC[NH+](CC)CC,-521.4412398,0.217236,0.276876,525.188232,-0.24055,0.02231,-521.7178503,-521.2240038,-521.1643637999999,7.149792000000001,Gaussian,QC,"opt+freq: b3lyp/6-311G** em=gd3bj
energy: M062X/6-311G+(2d, p) em=gd3"
193,IL307,CC[NH+](CC)CC.O=P([O-])(O)O,-936.5522914,0.205854,0.26764,544.08736,-0.24913,0.01803,-936.8483952,-936.3464373999999,-936.2846513999999,7.266752,Gaussian,QC,"opt+freq: b3lyp/6-311G** em=gd3bj
energy: M062X/6-311G+(2d, p) em=gd3"
194,IL308,CCCCCCC[N+](CC)(CC)CC.O=S(=O)([N-]S(=O)(=O)C(F)(F)F)C(F)(F)F,-2395.2844958,0.392009,0.496665,921.592944,-0.26818,-0.00862,-2395.9509041,-2394.8924868,-2394.7878308,7.060031999999999,Gaussian,QC,"opt+freq: b3lyp/6-311G** em=gd3bj
energy: M062X/6-311G+(2d, p) em=gd3"
195,IL309,CCCCCC[N+](CC)(CC)CC.O=S(=O)([N-]S(=O)(=O)C(F)(F)F)C(F)(F)F,-2355.9812813,0.365077,0.467337,900.5014,-0.26268,-0.00741,-2356.6203608,-2355.6162043,-2355.5139443,6.943344,Gaussian,QC,"opt+freq: b3lyp/6-311G** em=gd3bj
energy: M062X/6-311G+(2d, p) em=gd3"
196,IL310,CC[S+](CC)CC.O=S(=O)([N-]S(=O)(=O)C(F)(F)F)C(F)(F)F,-2462.9801246,0.187824,0.275911,775.696864,-0.26662,-0.02786,-2463.4885518,-2462.7923006,-2462.7042136,6.494272,Gaussian,QC,"opt+freq: b3lyp/6-311G** em=gd3bj
energy: M062X/6-311G+(2d, p) em=gd3"
197,IL311,CCCCCC[P+](CCCCCC)(CCCCCC)CC(C)C.[Br-],-3782.6326507,0.576545,0.681768,926.5928240000001,-0.18059,-0.00456,-3783.2139207,-3782.0561057,-3781.9508827,4.788016,Gaussian,QC,"opt+freq: b3lyp/6-311G** em=gd3bj
energy: M062X/6-311G+(2d, p) em=gd3"
198,IL314,CCCCCCCCCCCCCC[P+](CCCCCC)(CCCCCC)CCCCCC.[Cl-],-2061.7026745,0.83808,0.972189,1180.963288,-0.19398,-0.00319,-2062.5730836,-2060.8645945,-2060.7304855,5.189488,Gaussian,QC,"opt+freq: b3lyp/6-311G** em=gd3bj
energy: M062X/6-311G+(2d, p) em=gd3"
199,IL318,CCCCCCCCCCCCCC[P+](CCCCCC)(CCCCCC)CCCCCC.O=C([O-])C(F)(F)C(F)(F)C(F)(F)C(F)(F)C(F)(F)C(F)(F)C(F)(F)C(F)(F)F,-3792.2589788,0.915579,1.107228,1687.654056,-0.22449,-0.02355,-3793.7014087,-3791.3433998,-3791.1517508,5.465568,Gaussian,QC,"opt+freq: b3lyp/6-311G** em=gd3bj
energy: M062X/6-311G+(2d, p) em=gd3"
200,IL319,CCCCCCCCCCCCCC[P+](CCCCCC)(CCCCCC)CCCCCC.O=S(=O)([O-])C(F)(F)C(F)(F)C(F)(F)C(F)(F)C(F)(F)C(F)(F)C(F)(F)C(F)(F)F,-4227.5173297,0.914218,1.109391,1718.690968,-0.24013,-0.02372,-4228.97207,-4226.6031117,-4226.4079387,5.886352,Gaussian,QC,"opt+freq: b3lyp/6-311G** em=gd3bj
energy: M062X/6-311G+(2d, p) em=gd3"
201,IL320,CCCCCCCCCCCCCC[P+](CCCCCC)(CCCCCC)CCCCCC.O=S(=O)([O-])C(F)(F)C(F)(F)C(F)(F)C(F)(F)F,-3276.3537227,0.881086,1.050987,1496.148192,-0.24301,-0.01111,-3277.5580813,-3275.4726367,-3275.3027357,6.30768,Gaussian,QC,"opt+freq: b3lyp/6-311G** em=gd3bj
energy: M062X/6-311G+(2d, p) em=gd3"
202,IL325,C1=[N+](C2CCCCC2)CCc2ccccc21.[Br-],-3212.4881825,0.267866,0.329247,540.514224,-0.22313,-0.06281,-3212.8092273,-3212.2203165,-3212.1589355,4.360703999999999,Gaussian,QC,"opt+freq: b3lyp/6-311G** em=gd3bj
energy: M062X/6-311G+(2d, p) em=gd3"
203,IL326,C1CC[NH2+]C1.CC(=O)[O-],-441.6415367,0.144643,0.198411,473.473992,-0.2486,0.02945,-441.8621909,-441.4968937,-441.4431257,7.562959999999999,Gaussian,QC,"opt+freq: b3lyp/6-311G** em=gd3bj
energy: M062X/6-311G+(2d, p) em=gd3"
204,IL329,C1CC[NH2+]C1.CS(=O)(=O)[O-],-876.8995214,0.150036,0.201107,449.729792,-0.23698,-0.00692,-877.1316442,-876.7494854,-876.6984144,6.257631999999999,Gaussian,QC,"opt+freq: b3lyp/6-311G** em=gd3bj
energy: M062X/6-311G+(2d, p) em=gd3"
205,IL330,C1CC[NH2+]C1.O=C([O-])C(F)(F)C(F)(F)C(F)(F)F,-1214.9560051,0.135985,0.20698,625.177464,-0.27998,-0.02329,-1215.3576431,-1214.8200201,-1214.7490251,6.981968,Gaussian,QC,"opt+freq: b3lyp/6-311G** em=gd3bj
energy: M062X/6-311G+(2d, p) em=gd3"
206,IL331,C1CC[NH2+]C1.O=C([O-])C(F)(F)F,-739.373434,0.119285,0.177953,516.6277680000001,-0.27749,-0.01202,-739.6490065,-739.254149,-739.195481,7.220784000000001,Gaussian,QC,"opt+freq: b3lyp/6-311G** em=gd3bj
energy: M062X/6-311G+(2d, p) em=gd3"
207,IL332,C1CC[NH2+]C1.O=C[O-],-402.3117425,0.121778,0.170422,428.35792,-0.25685,0.01173,-402.5017173,-402.1899645,-402.1413205,7.305376000000001,Gaussian,QC,"opt+freq: b3lyp/6-311G** em=gd3bj
energy: M062X/6-311G+(2d, p) em=gd3"
208,IL333,C1CC[NH2+]C1.O=S(=O)([O-])O,-912.8214002,0.12724,0.178479,451.20256,-0.25101,-0.01298,-913.0441469,-912.6941601999999,-912.6429211999999,6.474416000000001,Gaussian,QC,"opt+freq: b3lyp/6-311G** em=gd3bj
energy: M062X/6-311G+(2d, p) em=gd3"
209,IL334,C1CC[NH2+]C1.O=[N+]([O-])[O-],-493.4452439,0.114126,0.16318,431.964528,-0.27575,-0.04409,-493.6640177,-493.3311179,-493.2820639,6.301152,Gaussian,QC,"opt+freq: b3lyp/6-311G** em=gd3bj
energy: M062X/6-311G+(2d, p) em=gd3"
210,IL335,C1CC[NH2+]CC1.O=[PH]([O-])O,-820.7856509,0.157798,0.210471,463.829872,-0.27301,0.02322,-821.0288438,-820.6278529,-820.5751799,8.057456,Gaussian,QC,"opt+freq: b3lyp/6-311G** em=gd3bj
energy: M062X/6-311G+(2d, p) em=gd3"
211,IL336,C=CCCn1cc[n+](C)c1.[N-]=[N+]=[N-],-586.2332794,0.165231,0.222691,505.99204,-0.16146,-0.03768,-586.5109579,-586.0680484000001,-586.0105884,3.366816,Gaussian,QC,"opt+freq: b3lyp/6-311G** em=gd3bj
energy: M062X/6-311G+(2d, p) em=gd3"
212,IL337,C=CC[N+](C)(C)C.O=S(=O)([N-]S(=O)(=O)C(F)(F)F)C(F)(F)F,-2118.9192819,0.185696,0.269665,739.4299520000001,-0.26304,-0.04397,-2119.4051661,-2118.7335859,-2118.6496169,5.958703999999999,Gaussian,QC,"opt+freq: b3lyp/6-311G** em=gd3bj
energy: M062X/6-311G+(2d, p) em=gd3"
213,IL338,C=CC[N+](C)(C)CC(=O)OCC.O=S(=O)([N-]S(=O)(=O)C(F)(F)F)C(F)(F)F,-2386.0845104,0.245547,0.344686,873.01252,-0.26799,-0.05693,-2386.6781526,-2385.8389634,-2385.7398244,5.740832,Gaussian,QC,"opt+freq: b3lyp/6-311G** em=gd3bj
energy: M062X/6-311G+(2d, p) em=gd3"
214,IL342,C=CC[N+](CC)(CC)CC(=O)OC.O=S(=O)([N-]S(=O)(=O)C(F)(F)F)C(F)(F)F,-2425.3916222,0.271544,0.373705,899.626944,-0.26136,-0.03891,-2426.0096639,-2425.1200782,-2425.0179172,6.05064,Gaussian,QC,"opt+freq: b3lyp/6-311G** em=gd3bj
energy: M062X/6-311G+(2d, p) em=gd3"
215,IL343,C=CC[N+]1(C)CCCC1.O=S(=O)([N-]S(=O)(=O)C(F)(F)F)C(F)(F)F,-2196.3369354,0.219415,0.306421,766.178264,-0.25999,-0.03984,-2196.858172,-2196.1175204,-2196.0305144,5.98808,Gaussian,QC,"opt+freq: b3lyp/6-311G** em=gd3bj
energy: M062X/6-311G+(2d, p) em=gd3"
216,IL344,C=CC[N+]1(C)CCCC1.[Br-],-2943.3037125,0.186869,0.239036,459.378096,-0.17806,-0.04004,-2943.4979664,-2943.1168435,-2943.0646765,3.754144,Gaussian,QC,"opt+freq: b3lyp/6-311G** em=gd3bj
energy: M062X/6-311G+(2d, p) em=gd3"
217,IL345,C=CC[N+]1(C)CCCCC1.[Br-],-2982.6169839,0.215222,0.26848,468.988744,-0.1786,-0.03312,-2982.8352152,-2982.4017619,-2982.3485039,3.957056,Gaussian,QC,"opt+freq: b3lyp/6-311G** em=gd3bj
energy: M062X/6-311G+(2d, p) em=gd3"
218,IL346,C=CC[N+]1(C)CCOCC1.[Br-],-3018.5052159,0.191326,0.244433,467.658232,-0.17468,-0.03428,-3018.7167949,-3018.3138899,-3018.2607829,3.81888,Gaussian,QC,"opt+freq: b3lyp/6-311G** em=gd3bj
energy: M062X/6-311G+(2d, p) em=gd3"
219,IL347,C=CC[N+]1(CC)CCCCC1.[Br-],-3021.9234527,0.240426,0.297492,502.527688,-0.17852,-0.0376,-3022.1662885,-3021.6830267,-3021.6259607,3.833024,Gaussian,QC,"opt+freq: b3lyp/6-311G** em=gd3bj
energy: M062X/6-311G+(2d, p) em=gd3"
220,IL348,C=CC[N+]1(CC)CCOCC1.[Br-],-3057.8139393,0.217897,0.273685,491.2643600000001,-0.17928,-0.0331,-3058.0516064,-3057.5960423,-3057.5402543,3.976096,Gaussian,QC,"opt+freq: b3lyp/6-311G** em=gd3bj
energy: M062X/6-311G+(2d, p) em=gd3"
221,IL349,C=CC[NH+](C)C.O=S(=O)([O-])C(F)(F)F,-1213.8844938,0.145946,0.209162,556.6812000000001,-0.24353,-0.04669,-1214.2032992,-1213.7385478,-1213.6753318,5.354048,Gaussian,QC,"opt+freq: b3lyp/6-311G** em=gd3bj
energy: M062X/6-311G+(2d, p) em=gd3"
222,IL350,C=CC[NH+](C)CC=C.O=S(=O)([O-])C(F)(F)F,-1291.2810026,0.172584,0.242263,613.591968,-0.25853,-0.04603,-1291.6419453,-1291.1084186,-1291.0387396,5.779999999999999,Gaussian,QC,"opt+freq: b3lyp/6-311G** em=gd3bj
energy: M062X/6-311G+(2d, p) em=gd3"
223,IL351,C=CC[NH+](CC)CC.O=S(=O)([O-])C(F)(F)F,-1292.5169286,0.194261,0.265674,628.859384,-0.25697,-0.02794,-1292.8852487,-1292.3226676,-1292.2512546,6.229615999999999,Gaussian,QC,"opt+freq: b3lyp/6-311G** em=gd3bj
energy: M062X/6-311G+(2d, p) em=gd3"
224,IL352,C=CC[n+]1cccc(C)c1.[Cl-],-865.0307423,0.145739,0.198146,461.4910160000001,-0.20771,-0.07502,-865.2800767,-864.8850033,-864.8325963000001,3.609168,Gaussian,QC,"opt+freq: b3lyp/6-311G** em=gd3bj
energy: M062X/6-311G+(2d, p) em=gd3"
225,IL354,C=CC[n+]1ccn(C)c1.[Cl-],-842.9796445,0.130332,0.180796,444.38264,-0.19944,-0.02384,-843.2055549,-842.8493125,-842.7988485,4.77632,Gaussian,QC,"opt+freq: b3lyp/6-311G** em=gd3bj
energy: M062X/6-311G+(2d, p) em=gd3"
226,IL356,C=CCn1cc[n+](C)c1.[N-]=[N+]=[N-],-546.9259986,0.139573,0.193683,476.482288,-0.16135,-0.03751,-547.1788485,-546.7864255999999,-546.7323156,3.368448,Gaussian,QC,"opt+freq: b3lyp/6-311G** em=gd3bj
energy: M062X/6-311G+(2d, p) em=gd3"
227,IL357,C=CCn1cc[n+](CCCCCCCCCCCC)c1.N#C[N-]C#N,-1055.5426218,0.429772,0.525086,839.3271360000001,-0.19949,-0.04306,-1056.0847512,-1055.1128498,-1055.0175358,4.254896,Gaussian,QC,"opt+freq: b3lyp/6-311G** em=gd3bj
energy: M062X/6-311G+(2d, p) em=gd3"
228,IL359,C=CCn1cc[n+](N)n1.O=[N+]([O-])[O-],-695.0752545,0.119861,0.174622,482.22692,-0.20115,-0.0851,-695.3568014,-694.9553935,-694.9006325,3.15656,Gaussian,QC,"opt+freq: b3lyp/6-311G** em=gd3bj
energy: M062X/6-311G+(2d, p) em=gd3"
229,IL360,C=Cc1ccc(C[N+](CCCC)(CCCC)CCCC)cc1.O=S(=O)([N-]S(=O)(=O)C(F)(F)F)C(F)(F)F,-2703.6852552,0.492641,0.613876,1067.593624,-0.23311,-0.0453,-2704.5016611,-2703.1926142,-2703.0713792,5.108432,Gaussian,QC,"opt+freq: b3lyp/6-311G** em=gd3bj
energy: M062X/6-311G+(2d, p) em=gd3"
230,IL361,C=Cc1ccc(C[N+]2(C)CCOCC2)cc1.O=S(=O)([N-]S(=O)(=O)C(F)(F)F)C(F)(F)F,-2502.5740041,0.293519,0.394997,893.606168,-0.25533,-0.07267,-2503.2265748,-2502.2804851,-2502.1790071,4.968351999999999,Gaussian,QC,"opt+freq: b3lyp/6-311G** em=gd3bj
energy: M062X/6-311G+(2d, p) em=gd3"
231,IL362,C=Cc1ccc(C[n+]2ccccc2)cc1.O=S(=O)([N-]S(=O)(=O)C(F)(F)F)C(F)(F)F,-2423.7623412,0.223464,0.319658,847.0884560000001,-0.24779,-0.10495,-2424.3759016,-2423.5388772,-2423.4426832,3.885248000000001,Gaussian,QC,"opt+freq: b3lyp/6-311G** em=gd3bj
energy: M062X/6-311G+(2d, p) em=gd3"
232,IL363,C=Cc1ccc(C[n+]2ccn(C)c2)cc1.O=S(=O)([N-]S(=O)(=O)C(F)(F)F)C(F)(F)F,-2441.0156305,0.233971,0.330673,851.5527840000001,-0.22993,-0.05203,-2441.630439,-2440.7816595,-2440.6849575,4.83888,Gaussian,QC,"opt+freq: b3lyp/6-311G** em=gd3bj
energy: M062X/6-311G+(2d, p) em=gd3"
233,IL364,C=Cn1cc[n+](CCCC)c1.[Br-],-3035.5499259,0.177974,0.237292,522.355664,-0.16199,-0.07597,-3035.7760506,-3035.3719519,-3035.3126339,2.339744,Gaussian,QC,"opt+freq: b3lyp/6-311G** em=gd3bj
energy: M062X/6-311G+(2d, p) em=gd3"
234,IL365,CC#CCn1cc[n+](C)c1.[N-]=[N+]=[N-],-584.9873987,0.139371,0.198403,519.836896,-0.15462,-0.03646,-585.2569151,-584.8480277,-584.7889957,3.213952,Gaussian,QC,"opt+freq: b3lyp/6-311G** em=gd3bj
energy: M062X/6-311G+(2d, p) em=gd3"
235,IL366,CC(=O)OCC[N+]1(C)CCOCC1.[Br-],-3208.3070158,0.222951,0.285201,548.175128,-0.18373,-0.03256,-3208.5866571,-3208.0840648,-3208.0218148,4.111823999999999,Gaussian,QC,"opt+freq: b3lyp/6-311G** em=gd3bj
energy: M062X/6-311G+(2d, p) em=gd3"
236,IL367,CC(=O)Oc1ccccc1C(=O)[O-].CC(O)C[NH+](CC(C)O)CC(C)O,-1284.6076944,0.390971,0.481434,796.6084960000001,-0.24391,-0.03521,-1285.1877086,-1284.2167234,-1284.1262604,5.67664,Gaussian,QC,"opt+freq: b3lyp/6-311G** em=gd3bj
energy: M062X/6-311G+(2d, p) em=gd3"
237,IL368,CC(=O)Oc1ccccc1C(=O)[O-].CCCCCCCCCCCCCCCC[N+]1(C)CCCCC1,-1568.674659,0.703356,0.820638,1032.782744,-0.20582,-0.01042,-1569.495634,-1567.971303,-1567.854021,5.31488,Gaussian,QC,"opt+freq: b3lyp/6-311G** em=gd3bj
energy: M062X/6-311G+(2d, p) em=gd3"
238,IL372,CC(=O)[C-](C#N)C#N.CC[N+]1(C)CCCCC1,-747.3606545,0.268198,0.339647,629.173184,-0.18181,-0.00418,-747.7286991,-747.0924565,-747.0210075,4.831536,Gaussian,QC,"opt+freq: b3lyp/6-311G** em=gd3bj
energy: M062X/6-311G+(2d, p) em=gd3"
239,IL373,CC(=O)[C-](C#N)C#N.CC[n+]1ccccc1,-704.4451102,0.174334,0.240592,583.467168,-0.19208,-0.10813,-704.7691936,-704.2707762,-704.2045182,2.28344,Gaussian,QC,"opt+freq: b3lyp/6-311G** em=gd3bj
energy: M062X/6-311G+(2d, p) em=gd3"
240,IL375,CC(=O)[C-](C#N)C#N.COCCn1cc[n+](C)c1,-836.2207434,0.213559,0.286331,640.8298080000001,-0.19642,-0.05113,-836.59195,-836.0071843999999,-835.9344123999999,3.951888,Gaussian,QC,"opt+freq: b3lyp/6-311G** em=gd3bj
energy: M062X/6-311G+(2d, p) em=gd3"
241,IL377,CC(=O)[O-].CCCC[N+](CC)(CC)CC,-678.6127706,0.322265,0.393886,630.6877920000001,-0.17911,0.00939,-678.9824808,-678.2905056,-678.2188846,5.1272,Gaussian,QC,"opt+freq: b3lyp/6-311G** em=gd3bj
energy: M062X/6-311G+(2d, p) em=gd3"
242,IL379,CC(=O)[O-].CCCC[N+]1(C)CCCC1,-638.1023769,0.278247,0.343535,574.915072,-0.18055,0.00465,-638.4387784,-637.8241299,-637.7588419,5.037439999999999,Gaussian,QC,"opt+freq: b3lyp/6-311G** em=gd3bj
energy: M062X/6-311G+(2d, p) em=gd3"
243,IL380,CC(=O)[O-].CCCC[P+](CCCC)(CCCC)CCCC,-1201.0646674,0.47031,0.560846,797.2612,-0.19532,0.00893,-1201.6107097,-1200.5943574,-1200.5038214,5.555599999999999,Gaussian,QC,"opt+freq: b3lyp/6-311G** em=gd3bj
energy: M062X/6-311G+(2d, p) em=gd3"
244,IL382,CC(=O)[O-].CCOC(C[NH+](C)C)OCC,-750.4810067,0.274589,0.345204,621.830264,-0.24514,0.01844,-750.8463527,-750.2064177,-750.1358027,7.169375999999999,Gaussian,QC,"opt+freq: b3lyp/6-311G** em=gd3bj
energy: M062X/6-311G+(2d, p) em=gd3"
245,IL384,CC(=O)[O-].CCOC=C(C)[NH+](C)C,-634.7179894,0.222997,0.287939,571.877488,-0.21857,0.0056,-635.028571,-634.4949924,-634.4300503999999,6.097423999999999,Gaussian,QC,"opt+freq: b3lyp/6-311G** em=gd3bj
energy: M062X/6-311G+(2d, p) em=gd3"
246,IL386,CC(=O)[O-].CC[N+](C)(C)CC,-521.388939,0.21891,0.277479,515.749128,-0.18229,0.00059,-521.6652844,-521.170029,-521.1114600000001,4.974336,Gaussian,QC,"opt+freq: b3lyp/6-311G** em=gd3bj
energy: M062X/6-311G+(2d, p) em=gd3"
247,IL387,CC(=O)[O-].CC[N+]1(Cc2ccccc2)CCOCC1,-865.7326328,0.304597,0.374796,618.1734480000001,-0.19446,-0.03283,-866.1523332,-865.4280358000001,-865.3578368000001,4.396336,Gaussian,QC,"opt+freq: b3lyp/6-311G** em=gd3bj
energy: M062X/6-311G+(2d, p) em=gd3"
248,IL388,CC(=O)[O-].CC[NH2+]CC,-442.8282014,0.164335,0.220116,491.209968,-0.24942,0.01051,-443.0552268,-442.6638664,-442.6080854,7.070095999999999,Gaussian,QC,"opt+freq: b3lyp/6-311G** em=gd3bj
energy: M062X/6-311G+(2d, p) em=gd3"
249,IL389,CC(=O)[O-].CC[NH3+],-364.2268697,0.114657,0.162846,424.353832,-0.25114,0.00952,-364.4044361,-364.1122127,-364.0640237,7.089952,Gaussian,QC,"opt+freq: b3lyp/6-311G** em=gd3bj
energy: M062X/6-311G+(2d, p) em=gd3"
250,IL391,CC(=O)[O-].CN1CCC[NH+]2CCCN=C12,-707.0970173,0.24482,0.305434,533.769616,-0.19119,-0.0175,-707.4346077,-706.8521973,-706.7915833,4.724368,Gaussian,QC,"opt+freq: b3lyp/6-311G** em=gd3bj
energy: M062X/6-311G+(2d, p) em=gd3"
251,IL394,CC(=O)[O-].C[n+]1ccn(CCO)c1,-648.3847899,0.173706,0.232907,521.318032,-0.20231,-0.02811,-648.6734748,-648.2110839,-648.1518829,4.738239999999999,Gaussian,QC,"opt+freq: b3lyp/6-311G** em=gd3bj
energy: M062X/6-311G+(2d, p) em=gd3"
252,IL396,CC(=O)[O-].Cn1cc[nH+]c1,-494.5275455,0.116634,0.168484,456.591552,-0.18064,-0.0526,-494.7478903,-494.4109115,-494.3590615,3.482688,Gaussian,QC,"opt+freq: b3lyp/6-311G** em=gd3bj
energy: M062X/6-311G+(2d, p) em=gd3"
253,IL397,CC(C#N)n1cc[n+](C)c1.O=[N+]([O-])[O-],-717.20288,0.132244,0.192124,527.305336,-0.19998,-0.0714,-717.5013007,-717.070636,-717.010756,3.497375999999999,Gaussian,QC,"opt+freq: b3lyp/6-311G** em=gd3bj
energy: M062X/6-311G+(2d, p) em=gd3"
254,IL398,CC(C#N)n1cc[n+](C)c1.[Br-],-3011.1140379,0.1214,0.175106,472.9342560000001,-0.20646,-0.04347,-3011.2995836,-3010.9926379,-3010.9389319,4.433327999999999,Gaussian,QC,"opt+freq: b3lyp/6-311G** em=gd3bj
energy: M062X/6-311G+(2d, p) em=gd3"
255,IL399,CC(C)(C)C(=O)[O-].C[N+](C)(C)CCO,-675.2344988,0.275634,0.340746,573.37536,-0.20732,-0.00728,-675.5808894,-674.9588648,-674.8937528,5.441088,Gaussian,QC,"opt+freq: b3lyp/6-311G** em=gd3bj
energy: M062X/6-311G+(2d, p) em=gd3"
256,IL400,CC(C)(C)OC(=O)[C@@H]([NH3+])Cc1ccccc1.O=S(=O)([N-]S(=O)(=O)C(F)(F)C(F)(F)F)C(F)(F)C(F)(F)F,-3015.356632,0.30421,0.421753,1035.083944,-0.25783,-0.03224,-3016.1520571,-3015.052422,-3014.934879,6.136048000000001,Gaussian,QC,"opt+freq: b3lyp/6-311G** em=gd3bj
energy: M062X/6-311G+(2d, p) em=gd3"
257,IL401,CC(C)(C)OC(=O)[C@@H]([NH3+])Cc1ccccc1.O=S(=O)([N-]S(=O)(=O)C(F)(F)F)C(F)(F)F,-2539.7680233,0.287841,0.392108,918.1704320000001,-0.26699,-0.03378,-2540.4399102,-2539.4801823,-2539.3759153,6.343312,Gaussian,QC,"opt+freq: b3lyp/6-311G** em=gd3bj
energy: M062X/6-311G+(2d, p) em=gd3"
258,IL404,CC(C)C(=O)[O-].CCn1cc[n+](C)c1,-651.7655624,0.219591,0.284284,569.685072,-0.19902,-0.01716,-652.0860437,-651.5459714,-651.4812784000001,4.946592,Gaussian,QC,"opt+freq: b3lyp/6-311G** em=gd3bj
energy: M062X/6-311G+(2d, p) em=gd3"
259,IL406,CC(C)CCCn1cc[n+](C)c1.O=S(=O)([N-]S(=O)(=O)C(F)(F)F)C(F)(F)F,-2329.125051,0.259622,0.357352,860.6069600000001,-0.25847,-0.07223,-2329.7120389,-2328.865429,-2328.767699,5.065727999999999,Gaussian,QC,"opt+freq: b3lyp/6-311G** em=gd3bj
energy: M062X/6-311G+(2d, p) em=gd3"
260,IL408,CC(C)CCn1cc[n+](C)c1.O=S(=O)([N-]S(=O)(=O)C(F)(F)F)C(F)(F)F,-2289.8345531,0.238222,0.32876,797.2821200000001,-0.26835,-0.05521,-2290.3987177,-2289.5963311,-2289.5057931,5.797407999999999,Gaussian,QC,"opt+freq: b3lyp/6-311G** em=gd3bj
energy: M062X/6-311G+(2d, p) em=gd3"
261,IL410,CC(C)C[N+]1(C)CCCC1.O=S(=O)([N-]S(=O)(=O)C(F)(F)F)C(F)(F)F,-2236.8714344,0.26796,0.358589,798.081264,-0.27258,-0.01097,-2237.4277943,-2236.6034744,-2236.5128454,7.115792,Gaussian,QC,"opt+freq: b3lyp/6-311G** em=gd3bj
energy: M062X/6-311G+(2d, p) em=gd3"
262,IL411,CC(C)C[N+]1(C)CCCCC1.O=S(=O)([N-]S(=O)(=O)C(F)(F)F)C(F)(F)F,-2276.18367,0.295569,0.387713,811.415672,-0.27498,-0.00985,-2276.7644387,-2275.888101,-2275.795957,7.211535999999999,Gaussian,QC,"opt+freq: b3lyp/6-311G** em=gd3bj
energy: M062X/6-311G+(2d, p) em=gd3"
263,IL412,CC(C)C[NH3+].O=C[O-],-403.5319281,0.142733,0.191707,431.261616,-0.26611,0.01865,-403.7358136,-403.3891951,-403.3402211,7.745472,Gaussian,QC,"opt+freq: b3lyp/6-311G** em=gd3bj
energy: M062X/6-311G+(2d, p) em=gd3"
264,IL414,CC(C)C[P+](C)(CC(C)C)CC(C)C.N#C[S-],-1345.7384944,0.349574,0.430813,715.388688,-0.17883,-0.00684,-1346.1825983,-1345.3889204,-1345.3076814,4.678127999999999,Gaussian,QC,"opt+freq: b3lyp/6-311G** em=gd3bj
energy: M062X/6-311G+(2d, p) em=gd3"
265,IL415,CC(C)C[P+](C)(CC(C)C)CC(C)C.O=S(=O)(F)[N-]S(=O)(=O)F,-2206.3437113,0.361391,0.45705,842.373088,-0.27406,-0.01931,-2206.8983223,-2205.9823203,-2205.8866613,6.929200000000001,Gaussian,QC,"opt+freq: b3lyp/6-311G** em=gd3bj
energy: M062X/6-311G+(2d, p) em=gd3"
266,IL416,CC(C)C[P+](C)(CC(C)C)CC(C)C.O=S(=O)([N-]S(=O)(=O)C(F)(F)F)C(F)(F)F,-2681.9229321,0.378228,0.486626,954.5544960000001,-0.27398,-0.01601,-2682.6143236,-2681.5447041,-2681.4363061,7.016783999999999,Gaussian,QC,"opt+freq: b3lyp/6-311G** em=gd3bj
energy: M062X/6-311G+(2d, p) em=gd3"
267,IL417,CC(C)C[PH+](CC(C)C)CC(C)C.CS(=O)(=O)[O-],-1479.1359443,0.361875,0.444256,725.4386559999999,-0.226,0.00141,-1479.5980089,-1478.7740693,-1478.6916883,6.185551999999999,Gaussian,QC,"opt+freq: b3lyp/6-311G** em=gd3bj
energy: M062X/6-311G+(2d, p) em=gd3"
268,IL418,CC(C)C[PH+](CC(C)C)CC(C)C.O=S(=O)([N-]S(=O)(=O)C(F)(F)F)C(F)(F)F,-2642.6117273,0.349803,0.457039,944.3204320000001,-0.27106,6e-05,-2643.2777263,-2642.2619243,-2642.1546883,7.374464000000001,Gaussian,QC,"opt+freq: b3lyp/6-311G** em=gd3bj
energy: M062X/6-311G+(2d, p) em=gd3"
269,IL419,CC(C)C[PH+](CC(C)C)CC(C)C.O=S(=O)([O-])C(F)(F)F,-1776.8715916,0.333608,0.423705,793.3868160000001,-0.25144,-0.00269,-1777.3952244,-1776.5379836,-1776.4478866,6.766,Gaussian,QC,"opt+freq: b3lyp/6-311G** em=gd3bj
energy: M062X/6-311G+(2d, p) em=gd3"
270,IL420,CC(C)C[PH+](CC(C)C)CC(C)C.O=[N+]([O-])[O-],-1095.6878112,0.326879,0.408023,714.5518880000001,-0.24411,-0.06028,-1096.1370845,-1095.3609322,-1095.2797882,5.000176,Gaussian,QC,"opt+freq: b3lyp/6-311G** em=gd3bj
energy: M062X/6-311G+(2d, p) em=gd3"
271,IL421,CC(C)Cn1cc[n+](C)c1.O=S(=O)([N-]S(=O)(=O)C(F)(F)F)C(F)(F)F,-2250.5308606,0.211224,0.299662,778.780472,-0.27058,-0.04837,-2251.0702808,-2250.3196366,-2250.2311986,6.044111999999999,Gaussian,QC,"opt+freq: b3lyp/6-311G** em=gd3bj
energy: M062X/6-311G+(2d, p) em=gd3"
272,IL425,CC(C)[C@H]([NH3+])C(=O)O.O=[N+]([O-])[O-],-683.2304759,0.142818,0.202071,521.78664,-0.28911,-0.05211,-683.5188898,-683.0876579,-683.0284048999999,6.4464,Gaussian,QC,"opt+freq: b3lyp/6-311G** em=gd3bj
energy: M062X/6-311G+(2d, p) em=gd3"
273,IL428,CC(C)[n+]1ccn(C)c1.O=S(=O)([N-]S(=O)(=O)C(F)(F)F)C(F)(F)F,-2211.2303572,0.18502,0.270796,755.3458880000001,-0.27718,-0.04076,-2211.7459906,-2211.0453372,-2210.9595612,6.430624,Gaussian,QC,"opt+freq: b3lyp/6-311G** em=gd3bj
energy: M062X/6-311G+(2d, p) em=gd3"
274,IL430,CC(C)n1cc[n+](C(F)(F)C(F)F)c1.O=S(=O)([N-]S(=O)(=O)C(F)(F)F)C(F)(F)F,-2647.5033629,0.174886,0.271839,853.7703040000001,-0.26246,-0.07275,-2648.1185057,-2647.3284769,-2647.2315239,5.160112000000001,Gaussian,QC,"opt+freq: b3lyp/6-311G** em=gd3bj
energy: M062X/6-311G+(2d, p) em=gd3"
275,IL432,CC(C)n1cc[n+](C)c1.O=S(=O)([N-]S(=O)(=O)C(F)(F)F)C(F)(F)F,-2211.2248952,0.183485,0.2707,768.010856,-0.26337,-0.04374,-2211.7376402,-2211.0414102,-2210.9541952,5.973935999999999,Gaussian,QC,"opt+freq: b3lyp/6-311G** em=gd3bj
energy: M062X/6-311G+(2d, p) em=gd3"
276,IL433,CC(C)n1cc[n+](C)c1.O=S(=O)([O-])C(F)(F)C(F)(F)C(F)(F)C(F)(F)F,-2058.8701436,0.193329,0.281941,780.307632,-0.24855,-0.04031,-2059.4302645,-2058.6768146,-2058.5882026,5.664127999999999,Gaussian,QC,"opt+freq: b3lyp/6-311G** em=gd3bj
energy: M062X/6-311G+(2d, p) em=gd3"
277,IL434,CC(C)n1cc[n+](C)c1.[Br-],-2958.1921596,0.151201,0.20348,460.3697040000001,-0.18562,-0.02711,-2958.3759511,-2958.0409586,-2957.9886796,4.311472,Gaussian,QC,"opt+freq: b3lyp/6-311G** em=gd3bj
energy: M062X/6-311G+(2d, p) em=gd3"
278,IL436,CC(CCCCCCN(C)C)[NH+](C)C.O=S(=O)([N-]S(=O)(=O)C(F)(F)F)C(F)(F)F,-2411.3144781,0.378451,0.485106,939.2034,-0.24077,-0.02238,-2411.9752044,-2410.9360271,-2410.8293721,5.940208,Gaussian,QC,"opt+freq: b3lyp/6-311G** em=gd3bj
energy: M062X/6-311G+(2d, p) em=gd3"
279,IL437,CC(CCN(C)C)[NH+](C)C.O=S(=O)([N-]S(=O)(=O)C(F)(F)F)C(F)(F)F,-2254.1121696,0.275191,0.368885,825.06388,-0.26804,-0.00928,-2254.6813656,-2253.8369786,-2253.7432846,7.038271999999999,Gaussian,QC,"opt+freq: b3lyp/6-311G** em=gd3bj
energy: M062X/6-311G+(2d, p) em=gd3"
280,IL438,CC(F)(F)S(=O)(=O)[N-]S(=O)(=O)C(F)(F)F.CC[N+](C)(C)CCO,-2135.4361286,0.245741,0.334826,784.4790800000001,-0.25901,-0.00489,-2135.9546172,-2135.1903876,-2135.1013026,6.912064,Gaussian,QC,"opt+freq: b3lyp/6-311G** em=gd3bj
energy: M062X/6-311G+(2d, p) em=gd3"
281,IL445,CC(O)C(=O)[O-].CCCCCCCCCn1cc[nH+]c1,-923.5223765,0.356226,0.435343,696.69876,-0.21818,-0.03941,-923.9852981,-923.1661505,-923.0870335,4.862544000000001,Gaussian,QC,"opt+freq: b3lyp/6-311G** em=gd3bj
energy: M062X/6-311G+(2d, p) em=gd3"
282,IL447,CC(O)C(=O)[O-].CCCCCCCCn1cc[nH+]c1,-884.2396833,0.328979,0.406738,684.740888,-0.24078,0.00365,-884.6733213,-883.9107043,-883.8329453,6.648496,Gaussian,QC,"opt+freq: b3lyp/6-311G** em=gd3bj
energy: M062X/6-311G+(2d, p) em=gd3"
283,IL450,CC(O)C(=O)[O-].CCCCCCOCn1cc[nH+]c1,-920.1383126,0.304828,0.383447,692.322296,-0.25269,-0.01613,-920.5648187,-919.8334845999999,-919.7548655999999,6.434432,Gaussian,QC,"opt+freq: b3lyp/6-311G** em=gd3bj
energy: M062X/6-311G+(2d, p) em=gd3"
284,IL451,CC(O)C(=O)[O-].CCCCCCn1cc[nH+]c1,-805.6423758,0.275142,0.348567,646.57444,-0.25127,0.0004,-806.0254158,-805.3672338,-805.2938088,6.845424,Gaussian,QC,"opt+freq: b3lyp/6-311G** em=gd3bj
energy: M062X/6-311G+(2d, p) em=gd3"
285,IL452,CC(O)C(=O)[O-].CCCCCOCn1cc[nH+]c1,-880.83857,0.279043,0.354271,662.456904,-0.24479,0.00045,-881.2431136,-880.559527,-880.484299,6.670528,Gaussian,QC,"opt+freq: b3lyp/6-311G** em=gd3bj
energy: M062X/6-311G+(2d, p) em=gd3"
286,IL453,CC(O)C(=O)[O-].CCCCCn1cc[nH+]c1,-766.3250713,0.248199,0.319905,631.440912,-0.24122,-0.00746,-766.6828672,-766.0768723,-766.0051663,6.358271999999999,Gaussian,QC,"opt+freq: b3lyp/6-311G** em=gd3bj
energy: M062X/6-311G+(2d, p) em=gd3"
287,IL454,CC(O)C(=O)[O-].CCCCOCn1cc[nH+]c1,-841.512563,0.255292,0.324844,612.470656,-0.20718,-0.03121,-841.8915902,-841.257271,-841.187719,4.786384,Gaussian,QC,"opt+freq: b3lyp/6-311G** em=gd3bj
energy: M062X/6-311G+(2d, p) em=gd3"
288,IL459,CC(O)C(=O)[O-].C[N+]1(Cc2ccccc2)CCOCC1,-940.9513326,0.308173,0.380223,634.474312,-0.20107,-0.03488,-941.3883706,-940.6431596,-940.5711096,4.520368,Gaussian,QC,"opt+freq: b3lyp/6-311G** em=gd3bj
energy: M062X/6-311G+(2d, p) em=gd3"
289,IL460,CC(O)C(=O)[O-].Cn1cc[nH+]c1,-609.0451156,0.148557,0.203858,486.979944,-0.2272,-0.03445,-609.307265,-608.8965586,-608.8412576000001,5.2428,Gaussian,QC,"opt+freq: b3lyp/6-311G** em=gd3bj
energy: M062X/6-311G+(2d, p) em=gd3"
290,IL461,CC(O)C(=O)[O-].NC(N)=[NH2+],-548.9812266,0.124995,0.178692,472.85476,-0.23186,-0.01334,-549.2154682,-548.8562316,-548.8025346000001,5.943744000000001,Gaussian,QC,"opt+freq: b3lyp/6-311G** em=gd3bj
energy: M062X/6-311G+(2d, p) em=gd3"
291,IL462,CC(O)C[N+](C)(C)C.[Cl-],-828.3760654,0.181222,0.23129,440.893184,-0.2076,-0.01225,-828.6107868,-828.1948434,-828.1447754000001,5.31352,Gaussian,QC,"opt+freq: b3lyp/6-311G** em=gd3bj
energy: M062X/6-311G+(2d, p) em=gd3"
292,IL463,CC(O)C[NH+](CC(C)O)CC(C)O.Cc1cc(Cl)ccc1OCC(=O)[O-],-1670.1210147,0.393252,0.489143,844.410696,-0.23014,-0.06365,-1670.694848,-1669.7277627,-1669.6318717,4.528528000000001,Gaussian,QC,"opt+freq: b3lyp/6-311G** em=gd3bj
energy: M062X/6-311G+(2d, p) em=gd3"
293,IL464,CC(O)C[NH+](CC(C)O)CC(C)O.O=C([O-])C(=O)O,-1014.2794561,0.293347,0.370933,683.2179120000001,-0.24286,-0.01081,-1014.7255332,-1013.9861091,-1013.9085231,6.31176,Gaussian,QC,"opt+freq: b3lyp/6-311G** em=gd3bj
energy: M062X/6-311G+(2d, p) em=gd3"
294,IL465,CC(O)C[NH+](CC(C)O)CC(C)O.O=C([O-])C=Cc1ccccc1,-1134.1313127,0.382726,0.469947,768.069432,-0.22829,-0.05507,-1134.6715317,-1133.7485867,-1133.6613657,4.711583999999999,Gaussian,QC,"opt+freq: b3lyp/6-311G** em=gd3bj
energy: M062X/6-311G+(2d, p) em=gd3"
295,IL467,CC(O)C[NH+](CC(C)O)CC(C)O.O=C([O-])c1ccccc1,-1056.7005779,0.354047,0.437151,731.8108880000001,-0.21642,-0.02488,-1057.1931593,-1056.3465309,-1056.2634269,5.209887999999999,Gaussian,QC,"opt+freq: b3lyp/6-311G** em=gd3bj
energy: M062X/6-311G+(2d, p) em=gd3"
296,IL468,CC(O)C[NH+](CC(C)O)CC(C)O.O=C([O-])c1ccccc1O,-1131.9676403,0.355556,0.440421,747.3251600000001,-0.20709,-0.02,-1132.4803096,-1131.6120843,-1131.5272193,5.088848,Gaussian,QC,"opt+freq: b3lyp/6-311G** em=gd3bj
energy: M062X/6-311G+(2d, p) em=gd3"
297,IL469,CC(O)C[NH+](CC(C)O)CC(C)O.O=C([O-])c1cccnc1,-1072.7192551,0.341253,0.424435,732.49288,-0.18598,-0.0359,-1073.2043778,-1072.3780021,-1072.2948201,4.082176,Gaussian,QC,"opt+freq: b3lyp/6-311G** em=gd3bj
energy: M062X/6-311G+(2d, p) em=gd3"
298,IL471,CC1=NC(N=[N+]=[N-])=N[NH2+]1.O=[N+]([O-])[O-],-726.0252639,0.071916,0.128583,499.008944,-0.26521,-0.06749,-726.2978189,-725.9533479,-725.8966809,5.377984,Gaussian,QC,"opt+freq: b3lyp/6-311G** em=gd3bj
energy: M062X/6-311G+(2d, p) em=gd3"
299,IL472,CC1=NN(C)N[NH+]1C.O=[N+]([O-])[O-],-658.1458094,0.137791,0.19131,471.28576,-0.20441,-0.05663,-658.4215528,-658.0080184,-657.9544993999999,4.019616,Gaussian,QC,"opt+freq: b3lyp/6-311G** em=gd3bj
energy: M062X/6-311G+(2d, p) em=gd3"
300,IL473,CC1=[NH+]N(C)NN1C.O=[N+]([O-])[O-],-658.1931285,0.13474,0.190116,487.641016,-0.23121,-0.05986,-658.4711267,-658.0583885,-658.0030125,4.66072,Gaussian,QC,"opt+freq: b3lyp/6-311G** em=gd3bj
energy: M062X/6-311G+(2d, p) em=gd3"
301,IL474,CC1=[NH+]N(C)NN1C.[O-][Cl+3]([O-])([O-])[O-],-1138.6520047,0.128668,0.190842,547.5098720000001,-0.25707,-0.06264,-1138.9218963,-1138.5233367,-1138.4611627,5.288496,Gaussian,QC,"opt+freq: b3lyp/6-311G** em=gd3bj
energy: M062X/6-311G+(2d, p) em=gd3"
302,IL475,CC1=[NH+]N(N)NN1C.O=[N+]([O-])[O-],-674.2157147,0.126469,0.180061,471.930096,-0.21835,-0.0665,-674.4887872,-674.0892457,-674.0356537,4.130319999999999,Gaussian,QC,"opt+freq: b3lyp/6-311G** em=gd3bj
energy: M062X/6-311G+(2d, p) em=gd3"
303,IL476,CC1=[NH+]N(N)NN1C.[O-][Cl+3]([O-])([O-])[O-],-1154.672121,0.120202,0.179424,521.510496,-0.26236,-0.0659,-1154.9390284,-1154.551919,-1154.492697,5.343711999999999,Gaussian,QC,"opt+freq: b3lyp/6-311G** em=gd3bj
energy: M062X/6-311G+(2d, p) em=gd3"
304,IL477,CCC#CCn1cc[n+](C)c1.[N-]=[N+]=[N-],-624.2978702,0.166657,0.228593,545.409504,-0.15933,-0.02992,-624.5867567,-624.1312132,-624.0692772,3.519952,Gaussian,QC,"opt+freq: b3lyp/6-311G** em=gd3bj
energy: M062X/6-311G+(2d, p) em=gd3"
305,IL478,CCC(=O)[O-].C[N+](C)(C)CCO,-596.620404,0.224535,0.284027,523.882824,-0.20374,-0.00592,-596.9178593,-596.3958690000001,-596.336377,5.380704,Gaussian,QC,"opt+freq: b3lyp/6-311G** em=gd3bj
energy: M062X/6-311G+(2d, p) em=gd3"
306,IL479,CCC(C)C[N+](CC)(CC)CC.[Br-],-3063.6351427,0.304758,0.370347,577.571912,-0.16676,-0.00634,-3063.9211813,-3063.3303847,-3063.2647957,4.363423999999999,Gaussian,QC,"opt+freq: b3lyp/6-311G** em=gd3bj
energy: M062X/6-311G+(2d, p) em=gd3"
307,IL480,CCC(C)C[NH3+].O=C[O-],-442.8263099,0.166188,0.220681,479.86296,-0.26034,0.01042,-443.0534871,-442.6601219,-442.6056289,7.364672,Gaussian,QC,"opt+freq: b3lyp/6-311G** em=gd3bj
energy: M062X/6-311G+(2d, p) em=gd3"
308,IL481,CCC(C)n1cc[n+](C)c1.O=S(=O)([O-])C(F)(F)C(F)(F)C(F)(F)C(F)(F)F,-2098.1738288,0.219448,0.310935,805.6292000000001,-0.24027,-0.03824,-2098.7571117,-2097.9543808,-2097.8628938,5.495216,Gaussian,QC,"opt+freq: b3lyp/6-311G** em=gd3bj
energy: M062X/6-311G+(2d, p) em=gd3"
309,IL482,CCC(CC)(CC)CCCC[NH3+].O=S(=O)([N-]S(=O)(=O)C(F)(F)F)C(F)(F)F,-2316.7004984,0.339522,0.438451,871.167376,-0.29106,-0.01804,-2317.3232192,-2316.3609764,-2316.2620474,7.426143999999999,Gaussian,QC,"opt+freq: b3lyp/6-311G** em=gd3bj
energy: M062X/6-311G+(2d, p) em=gd3"
310,IL483,CCC(CC)(CC)CCCC[PH3+].O=S(=O)([N-]S(=O)(=O)C(F)(F)F)C(F)(F)F,-2603.2569533,0.327457,0.427244,878.719496,-0.29659,-0.03219,-2603.8984825,-2602.9294963,-2602.8297093,7.191680000000001,Gaussian,QC,"opt+freq: b3lyp/6-311G** em=gd3bj
energy: M062X/6-311G+(2d, p) em=gd3"
311,IL485,CCC=C[P+](CC)(CC)CC.O=S(=O)([N-]S(=O)(=O)C(F)(F)F)C(F)(F)F,-2562.7835543,0.277244,0.378161,888.677416,-0.26648,-0.05218,-2563.3933363,-2562.5063103,-2562.4053933,5.828959999999999,Gaussian,QC,"opt+freq: b3lyp/6-311G** em=gd3bj
energy: M062X/6-311G+(2d, p) em=gd3"
312,IL486,CCC=C[P+](CC)(CC)CC.O=[N+]([O-])c1cn[n-]c1,-1165.6204209,0.295269,0.375942,710.40136,-0.21792,-0.05553,-1166.0773237,-1165.3251519,-1165.2444789,4.417008,Gaussian,QC,"opt+freq: b3lyp/6-311G** em=gd3bj
energy: M062X/6-311G+(2d, p) em=gd3"
313,IL487,CCCC(=O)[O-].CC[N+](C)(C)CC,-599.9992202,0.270889,0.335333,567.49684,-0.18706,-0.00096,-600.325819,-599.7283312,-599.6638872,5.061920000000001,Gaussian,QC,"opt+freq: b3lyp/6-311G** em=gd3bj
energy: M062X/6-311G+(2d, p) em=gd3"
314,IL490,CCCCC(CC)COC(=O)CC(C(=O)OCC(CC)CCCC)S(=O)(=O)[O-].CCCCn1cc[n+](C)c1,-2132.3772635,0.683452,0.814082,1150.32804,-0.23204,-0.02771,-2133.2444881,-2131.6938115,-2131.5631815,5.557776,Gaussian,QC,"opt+freq: b3lyp/6-311G** em=gd3bj
energy: M062X/6-311G+(2d, p) em=gd3"
315,IL491,CCCCC/C=C\C/C=C\CCCCCCCC[n+]1ccn(C)c1.O=S(=O)([N-]S(=O)(=O)C(F)(F)F)C(F)(F)F,-2798.355407,0.531769,0.659121,1121.450072,-0.22871,-0.0538,-2799.2190027,-2797.823638,-2797.696286,4.757552,Gaussian,QC,"opt+freq: b3lyp/6-311G** em=gd3bj
energy: M062X/6-311G+(2d, p) em=gd3"
316,IL493,CCCCCCCC(=O)[O-].CCCC[NH3+],-678.6653257,0.322085,0.394812,640.4323280000001,-0.24703,0.00497,-679.038182,-678.3432407,-678.2705137,6.8544,Gaussian,QC,"opt+freq: b3lyp/6-311G** em=gd3bj
energy: M062X/6-311G+(2d, p) em=gd3"
317,IL495,CCCCCCCC(=O)[O-].C[N+]1(Cc2ccccc2)CCOCC1,-1062.2609315,0.436637,0.519842,732.697896,-0.20159,-0.03689,-1062.8040108,-1061.8242945,-1061.7410895,4.479839999999999,Gaussian,QC,"opt+freq: b3lyp/6-311G** em=gd3bj
energy: M062X/6-311G+(2d, p) em=gd3"
318,IL500,CCCCCCCC/C=C\CCCCCCCCn1cc[n+](C)c1.O=S(=O)([N-]S(=O)(=O)C(F)(F)F)C(F)(F)F,-2799.5484555,0.549616,0.68239,1169.19788,-0.23882,-0.07564,-2800.4218746,-2798.9988395,-2798.8660655,4.438496,Gaussian,QC,"opt+freq: b3lyp/6-311G** em=gd3bj
energy: M062X/6-311G+(2d, p) em=gd3"
319,IL501,CCCCCCCCCC(=O)OCC[N+](C)(C)COCCCCC.O=C([O-])C(F)(F)F,-1593.8911511,0.544243,0.657869,1000.58268,-0.23307,-0.01618,-1594.6193067,-1593.3469081,-1593.2332821,5.899408,Gaussian,QC,"opt+freq: b3lyp/6-311G** em=gd3bj
energy: M062X/6-311G+(2d, p) em=gd3"
320,IL506,CCCCCCCCCCCC(=O)[O-].[N+]C1CCCCC1,-911.3259883,0.407457,0.50516,860.3684720000001,-0.2091,0.02043,-911.8262447,-910.9185312999999,-910.8208282999999,6.243216,Gaussian,QC,"opt+freq: b3lyp/6-311G** em=gd3bj
energy: M062X/6-311G+(2d, p) em=gd3"
321,IL508,CCCCCCCCCCCCC(=O)[O-].[N+]C1CCCCC1,-950.6267112,0.431605,0.533836,900.2378080000001,-0.2057,0.02897,-951.1513125,-950.1951062,-950.0928752000001,6.383024,Gaussian,QC,"opt+freq: b3lyp/6-311G** em=gd3bj
energy: M062X/6-311G+(2d, p) em=gd3"
322,IL512,CCCCCCCCCCCCCC(=O)[O-].[N+]C1CCCCC1,-989.9311032,0.457703,0.56314,928.47144,-0.20967,0.02702,-990.4799936,-989.4734002,-989.3679632000001,6.437968,Gaussian,QC,"opt+freq: b3lyp/6-311G** em=gd3bj
energy: M062X/6-311G+(2d, p) em=gd3"
323,IL518,CCCCCCCCCCCCCCCC(=O)[O-].[N+]C1CCCCC1,-1068.539358,0.507622,0.620767,996.352656,-0.20761,0.028,-1069.1364777,-1068.031736,-1067.918591,6.408592,Gaussian,QC,"opt+freq: b3lyp/6-311G** em=gd3bj
energy: M062X/6-311G+(2d, p) em=gd3"
324,IL521,CCCCCCCCCCCCCCCCC(=O)[O-].[N+]C1CCCCC1,-1107.8455393,0.536096,0.650102,1003.92988,-0.20875,0.02901,-1108.4663053,-1107.3094433,-1107.1954373,6.467072,Gaussian,QC,"opt+freq: b3lyp/6-311G** em=gd3bj
energy: M062X/6-311G+(2d, p) em=gd3"
325,IL527,CCCCCCCCCCCCCCCCCC(=O)[O-].[N+]C1CCCCC1,-1147.1492134,0.558686,0.678702,1056.853296,-0.20703,0.02907,-1147.7940207,-1146.5905274,-1146.4705114,6.421919999999999,Gaussian,QC,"opt+freq: b3lyp/6-311G** em=gd3bj
energy: M062X/6-311G+(2d, p) em=gd3"
326,IL529,CCCCCCCCCCCCCCCCCCCCCCOC(=O)C[N+](C)(C)C.CS(=O)(=O)[O-],-1931.3294732,0.751033,0.877543,1114.044392,-0.23312,-0.01585,-1932.1672349,-1930.5784402,-1930.4519302,5.909744,Gaussian,QC,"opt+freq: b3lyp/6-311G** em=gd3bj
energy: M062X/6-311G+(2d, p) em=gd3"
327,IL574,CCCCCCCCCCCCCCCC[n+]1ccn(C)c1.O=S(=O)([N-]S(=O)(=O)C(F)(F)F)C(F)(F)F,-2722.1863759,0.523896,0.64841,1096.467408,-0.27714,-0.04763,-2723.0201712,-2721.6624799,-2721.5379659,6.242672,Gaussian,QC,"opt+freq: b3lyp/6-311G** em=gd3bj
energy: M062X/6-311G+(2d, p) em=gd3"
328,IL578,CCCCCCCCCCCCCCCCn1cc[n+](C)c1.O=S(=O)([N-]S(=O)(=O)C(F)(F)F)C(F)(F)F,-2722.1859075,0.52315,0.648335,1102.383584,-0.26773,-0.05805,-2723.0189575,-2721.6627575,-2721.5375725,5.703296000000001,Gaussian,QC,"opt+freq: b3lyp/6-311G** em=gd3bj
energy: M062X/6-311G+(2d, p) em=gd3"
329,IL587,CCCCCCCCCCCCCCOC(=O)C[N+](C)(C)C.[O-][Cl+3]([O-])([O-])[O-],-1713.915463,0.50543,0.609811,919.178776,-0.25596,-0.06141,-1714.5352681,-1713.410033,-1713.305652,5.291760000000001,Gaussian,QC,"opt+freq: b3lyp/6-311G** em=gd3bj
energy: M062X/6-311G+(2d, p) em=gd3"
330,IL592,CCCCCCCCCCCCCC[NH3+].O=S(=O)([N-]S(=O)(=O)C(F)(F)F)C(F)(F)F,-2434.6205043,0.418188,0.526368,952.63404,-0.28242,-0.01919,-2435.3199436,-2434.2023163,-2434.0941363,7.159856,Gaussian,QC,"opt+freq: b3lyp/6-311G** em=gd3bj
energy: M062X/6-311G+(2d, p) em=gd3"
331,IL599,CCCCCCCCCCCCCC[P+](CCCCCC)(CCCCCC)CCCCCC.O=S(=O)([N-]S(=O)(=O)C(F)(F)F)C(F)(F)F,-3428.7070433,0.874211,1.039532,1455.810248,-0.26879,-0.01311,-3429.8618854,-3427.8328323,-3427.6675113,6.954495999999999,Gaussian,QC,"opt+freq: b3lyp/6-311G** em=gd3bj
energy: M062X/6-311G+(2d, p) em=gd3"
332,IL602,CCCCCCCCCCCCCC[P+](CCCCCC)(CCCCCC)CCCCCC.[Br-],-4175.6666424,0.835629,0.971834,1199.414728,-0.17665,-0.00716,-4176.4898911,-4174.831013399999,-4174.6948084,4.610128,Gaussian,QC,"opt+freq: b3lyp/6-311G** em=gd3bj
energy: M062X/6-311G+(2d, p) em=gd3"
333,IL604,CCCCCCCCCCCCCC[P+](CCCCCCCC)(CCCCCCCC)CCCCCCCC.[Cl-],-2297.517682,0.991038,1.145895,1363.6702,-0.18938,-0.00529,-2298.535347,-2296.526644,-2296.371787,5.007248,Gaussian,QC,"opt+freq: b3lyp/6-311G** em=gd3bj
energy: M062X/6-311G+(2d, p) em=gd3"
334,IL631,CCCCCCCCCCCCOCn1cc[n+](COCCCCCCCCCCCC)c1.O=S(=O)([N-]S(=O)(=O)C(F)(F)F)C(F)(F)F,-3226.3197859,0.762386,0.919696,1385.272192,-0.24973,-0.09288,-3227.4065123,-3225.5573999,-3225.4000899,4.266319999999999,Gaussian,QC,"opt+freq: b3lyp/6-311G** em=gd3bj
energy: M062X/6-311G+(2d, p) em=gd3"
335,IL635,CCCCCCCCCCCCOS(=O)(=O)[O-].CCCC[N+](CCCC)(CCCC)CCCC,-1857.2921402,0.768219,0.895267,1118.78068,-0.22227,-0.00111,-1858.1124016,-1856.5239212,-1856.3968732,6.015552,Gaussian,QC,"opt+freq: b3lyp/6-311G** em=gd3bj
energy: M062X/6-311G+(2d, p) em=gd3"
336,IL638,CCCCCCCCCCCCOS(=O)(=O)[O-].[Na+],-923.0838914,-0.015309,0.022271,330.925112,-0.2869,-0.07907,-923.2084041,-923.0992004,-923.0616203999999,5.652976,Gaussian,QC,"opt+freq: b3lyp/6-311G** em=gd3bj
energy: M062X/6-311G+(2d, p) em=gd3"
337,IL641,CCCCCCCCCCCC[N+](C)(C)C.[Br-],-3220.862684,0.407718,0.486669,695.238544,-0.18505,-0.00798,-3221.2470295,-3220.454966,-3220.376015,4.816304,Gaussian,QC,"opt+freq: b3lyp/6-311G** em=gd3bj
energy: M062X/6-311G+(2d, p) em=gd3"
338,IL642,CCCCCCCCCCCC[N+](C)(C)C12CC3CC(CC(C3)C1)C2.O=S(=O)(F)[N-]S(=O)(=O)F,-2348.471892,0.610315,0.721095,975.524704,-0.26441,-0.01631,-2349.2325029,-2347.861577,-2347.750797,6.74832,Gaussian,QC,"opt+freq: b3lyp/6-311G** em=gd3bj
energy: M062X/6-311G+(2d, p) em=gd3"
339,IL652,CCCCCCCCCCCC[P+](CC)(CC)CC.O=S(=O)([N-]S(=O)(=O)C(F)(F)F)C(F)(F)F,-2878.4437483,0.506503,0.633641,1119.571456,-0.2613,-0.01324,-2879.2564771,-2877.9372453,-2877.8101073,6.747231999999999,Gaussian,QC,"opt+freq: b3lyp/6-311G** em=gd3bj
energy: M062X/6-311G+(2d, p) em=gd3"
340,IL653,CCCCCCCCCCCC[P+](CCCCCC)(CCCCCC)CCCCCC.[Cl-],-1983.0740914,0.783672,0.91357,1143.872128,-0.1861,-0.00675,-1983.9000172,-1982.2904194,-1982.1605214,4.87832,Gaussian,QC,"opt+freq: b3lyp/6-311G** em=gd3bj
energy: M062X/6-311G+(2d, p) em=gd3"
341,IL655,CCCCCCCCCCCC[n+]1c(-c2cscn2)n(C)c2ccccc21.O=S(=O)([O-])C(F)(F)F,-2420.6769979,0.47449,0.586012,982.064296,-0.21085,-0.1157,-2421.4315857,-2420.2025079,-2420.0909859,2.58808,Gaussian,QC,"opt+freq: b3lyp/6-311G** em=gd3bj
energy: M062X/6-311G+(2d, p) em=gd3"
342,IL666,CCCCCCCCCCCC[n+]1ccsc1.O=S(=O)([N-]S(=O)(=O)C(F)(F)F)C(F)(F)F,-2868.4728245,0.378406,0.487932,964.4873120000001,-0.27974,-0.10501,-2869.1925744,-2868.0944185,-2867.9848925,4.752656,Gaussian,QC,"opt+freq: b3lyp/6-311G** em=gd3bj
energy: M062X/6-311G+(2d, p) em=gd3"
343,IL679,CCCCCCCCCCCCn1cc[n+](CC[C@H](C)CCC=C(C)C)c1.F[B-](F)(F)F,-1514.7598794,0.603201,0.720051,1028.979488,-0.21791,-0.04324,-1515.5004723,-1514.1566784,-1514.0398284,4.751023999999999,Gaussian,QC,"opt+freq: b3lyp/6-311G** em=gd3bj
energy: M062X/6-311G+(2d, p) em=gd3"
344,IL681,CCCCCCCCCCCOC[N+](C)(C)CCO.N#C[N-]C#N,-1076.8194168,0.455998,0.552978,854.0087920000001,-0.18814,-0.02067,-1077.3699968,-1076.3634188,-1076.2664388,4.555184,Gaussian,QC,"opt+freq: b3lyp/6-311G** em=gd3bj
energy: M062X/6-311G+(2d, p) em=gd3"
345,IL703,CCCCCCCCCCOCn1cc[n+](COCCCCCCCCCC)c1.O=S(=O)([N-]S(=O)(=O)C(F)(F)F)C(F)(F)F,-3069.1327237,0.658916,0.803942,1277.090688,-0.27699,-0.06038,-3070.1287315,-3068.4738077,-3068.3287817,5.891792000000001,Gaussian,QC,"opt+freq: b3lyp/6-311G** em=gd3bj
energy: M062X/6-311G+(2d, p) em=gd3"
346,IL704,CCCCCCCCCCOCn1cc[n+](COCCCCCCCCCC)c1.[Cl-],-1702.1185659,0.624539,0.736684,987.536968,-0.19502,-0.0406,-1702.8266319,-1701.4940269,-1701.3818819,4.200224,Gaussian,QC,"opt+freq: b3lyp/6-311G** em=gd3bj
energy: M062X/6-311G+(2d, p) em=gd3"
347,IL706,CCCCCCCCCC[N+](C)(C)C12CC3CC(CC(C3)C1)C2.O=S(=O)(F)[N-]S(=O)(=O)F,-2269.8710116,0.557956,0.662899,924.128448,-0.27723,-0.01199,-2270.5835518,-2269.3130556,-2269.2081126,7.214527999999999,Gaussian,QC,"opt+freq: b3lyp/6-311G** em=gd3bj
energy: M062X/6-311G+(2d, p) em=gd3"
348,IL708,CCCCCCCCCC[N+](C)(C)C12CC3CC(CC(C3)C1)C2.O=S(=O)([O-])C(F)(F)F,-1879.7119783,0.559446,0.659192,878.359672,-0.23456,-0.00426,-1880.4159529,-1879.1525323,-1879.0527863,6.26416,Gaussian,QC,"opt+freq: b3lyp/6-311G** em=gd3bj
energy: M062X/6-311G+(2d, p) em=gd3"
349,IL715,CCCCCCCCCC[N+]1(C)CCOCC1.O=S(=O)([O-])C(F)(F)F,-1682.1706938,0.413243,0.505822,815.2440320000001,-0.24121,-0.01104,-1682.746867,-1681.7574508,-1681.6648718,6.260624,Gaussian,QC,"opt+freq: b3lyp/6-311G** em=gd3bj
energy: M062X/6-311G+(2d, p) em=gd3"
350,IL718,CCCCCCCCCC[P+](CCCCCC)(CCCCCC)CCCCCC.[Cl-],-1904.4724231,0.729109,0.855323,1111.433576,-0.18467,-0.00899,-1905.2470936,-1903.7433141,-1903.6171001,4.778496,Gaussian,QC,"opt+freq: b3lyp/6-311G** em=gd3bj
energy: M062X/6-311G+(2d, p) em=gd3"
351,IL720,CCCCCCCCCC[n+]1c(-c2cscn2)n(C)c2ccccc21.O=S(=O)([O-])C(F)(F)F,-2342.1046262,0.423272,0.528354,925.350176,-0.24488,-0.08557,-2342.8123898,-2341.6813542,-2341.5762722,4.333232,Gaussian,QC,"opt+freq: b3lyp/6-311G** em=gd3bj
energy: M062X/6-311G+(2d, p) em=gd3"
352,IL734,CCCCCCCCCCn1cc[n+](C)c1.O=S(=O)([O-])C(F)(F)F,-1620.6202033,0.350465,0.441481,801.482856,-0.24402,-0.04705,-1621.1596677,-1620.2697383,-1620.1787223,5.357583999999999,Gaussian,QC,"opt+freq: b3lyp/6-311G** em=gd3bj
energy: M062X/6-311G+(2d, p) em=gd3"
353,IL737,CCCCCCCCCCn1cc[n+](C)c1C.O=S(=O)([N-]S(=O)(=O)C(F)(F)F)C(F)(F)F,-2525.6759806,0.394703,0.50298,953.4875760000001,-0.26827,-0.04617,-2526.38785,-2525.2812776,-2525.1730006,6.04112,Gaussian,QC,"opt+freq: b3lyp/6-311G** em=gd3bj
energy: M062X/6-311G+(2d, p) em=gd3"
354,IL746,CCCCCCCCCOCn1cc[n+](COCCCCCCCCC)c1.O=S(=O)([N-]S(=O)(=O)C(F)(F)F)C(F)(F)F,-2990.5201195,0.608618,0.745968,1209.498168,-0.27278,-0.06169,-2991.4629239,-2989.9115015,-2989.7741515,5.741648000000001,Gaussian,QC,"opt+freq: b3lyp/6-311G** em=gd3bj
energy: M062X/6-311G+(2d, p) em=gd3"
355,IL748,CCCCCCCCCOCn1cc[nH+]c1.C[C@H](O)C(=O)[O-],-1038.0198987,0.381372,0.470117,781.483336,-0.20532,-0.06903,-1038.522004,-1037.6385267,-1037.5497817,3.707088000000001,Gaussian,QC,"opt+freq: b3lyp/6-311G** em=gd3bj
energy: M062X/6-311G+(2d, p) em=gd3"
356,IL749,CCCCCCCCC[P+](CC)(CC)CC.O=[N+]([O-])c1cn[n-]c1,-1363.3644275,0.449122,0.544206,837.306264,-0.20701,-0.05449,-1363.9485258,-1362.9153055,-1362.8202215,4.148543999999999,Gaussian,QC,"opt+freq: b3lyp/6-311G** em=gd3bj
energy: M062X/6-311G+(2d, p) em=gd3"
357,IL751,CCCCCCCCCc1n(C)cc[n+]1Cc1ccccc1.[Br-],-3464.344149,0.4037,0.489595,756.3877040000001,-0.17589,-0.04972,-3464.8095933,-3463.940449,-3463.854554,3.431824,Gaussian,QC,"opt+freq: b3lyp/6-311G** em=gd3bj
energy: M062X/6-311G+(2d, p) em=gd3"
358,IL757,CCCCCCCCOCn1cc[nH+]c1.C[C@H](O)C(=O)[O-],-998.7599191,0.360573,0.44143,712.028936,-0.25427,-0.00513,-999.2379207,-998.3993461,-998.3184891000001,6.776608,Gaussian,QC,"opt+freq: b3lyp/6-311G** em=gd3bj
energy: M062X/6-311G+(2d, p) em=gd3"
359,IL762,CCCCCCCCOS(=O)(=O)[O-].C[N+](C)(C)CCO,-1342.9389448,0.381074,0.466109,748.8188480000001,-0.22376,-0.01672,-1343.4143506,-1342.5578708,-1342.4728358,5.631488,Gaussian,QC,"opt+freq: b3lyp/6-311G** em=gd3bj
energy: M062X/6-311G+(2d, p) em=gd3"
360,IL764,CCCCCCCC[N+](C)(C)C12CC3CC(CC(C3)C1)C2.O=S(=O)(F)[N-]S(=O)(=O)F,-2191.2577446,0.508848,0.605065,847.285104,-0.27692,-0.01042,-2191.9247784,-2190.7488966,-2190.6526796,7.2488,Gaussian,QC,"opt+freq: b3lyp/6-311G** em=gd3bj
energy: M062X/6-311G+(2d, p) em=gd3"
361,IL765,CCCCCCCC[N+](C)(C)C12CC3CC(CC(C3)C1)C2.O=S(=O)([N-]S(=O)(=O)C(F)(F)F)C(F)(F)F,-2666.8394558,0.521299,0.634362,995.633008,-0.27227,-0.01123,-2667.6396916,-2666.3181568,-2666.2050938,7.100288,Gaussian,QC,"opt+freq: b3lyp/6-311G** em=gd3bj
energy: M062X/6-311G+(2d, p) em=gd3"
362,IL766,CCCCCCCC[N+](C)(CCCCCCCC)CCCCCCCC.Cc1ccc(S(=O)(=O)[O-])cc1,-1934.4509497,0.791722,0.915052,1086.036696,-0.20707,-0.02355,-1935.3114257,-1933.6592277,-1933.5358977,4.991744000000001,Gaussian,QC,"opt+freq: b3lyp/6-311G** em=gd3bj
energy: M062X/6-311G+(2d, p) em=gd3"
363,IL771,CCCCCCCC[N+](C)(CCCCCCCC)CCCCCCCC.O=C([O-])O,-1304.1152671,0.695898,0.807087,979.1313120000001,-0.20202,-0.00346,-1304.8496143,-1303.4193691,-1303.3081801,5.400832,Gaussian,QC,"opt+freq: b3lyp/6-311G** em=gd3bj
energy: M062X/6-311G+(2d, p) em=gd3"
364,IL776,CCCCCCCC[N+](C)(CCCCCCCC)CCCCCCCC.O=S(=O)([O-])OCC(F)(F)C(F)(F)C(F)(F)C(F)F,-2729.8716716,0.747801,0.897798,1320.863696,-0.23948,-0.00375,-2730.8981093,-2729.1238706,-2728.9738736,6.411855999999999,Gaussian,QC,"opt+freq: b3lyp/6-311G** em=gd3bj
energy: M062X/6-311G+(2d, p) em=gd3"
365,IL784,CCCCCCCC[N+](CCC)(CCCCCCCC)CCCCCCCC.[Br-],-3692.5164371,0.718076,0.835218,1031.552648,-0.18161,3e-05,-3693.1914261,-3691.7983611,-3691.6812191,4.940608,Gaussian,QC,"opt+freq: b3lyp/6-311G** em=gd3bj
energy: M062X/6-311G+(2d, p) em=gd3"
366,IL786,CCCCCCCC[N+]1(C)CCCCC1.O=S(=O)([O-])C(F)(F)F,-1567.6687037,0.38393,0.471529,771.399896,-0.24193,-0.00398,-1568.2042666,-1567.2847737,-1567.1971747,6.472239999999999,Gaussian,QC,"opt+freq: b3lyp/6-311G** em=gd3bj
energy: M062X/6-311G+(2d, p) em=gd3"
367,IL787,CCCCCCCC[N+]1(CCCC)CCCC1.[Br-],-3258.9706977,0.416689,0.494244,682.945952,-0.18239,-0.00064,-3259.3675418,-3258.5540087,-3258.4764537,4.9436,Gaussian,QC,"opt+freq: b3lyp/6-311G** em=gd3bj
energy: M062X/6-311G+(2d, p) em=gd3"
368,IL788,CCCCCCCC[N+]12CCN(CC1)CC2.O=S(=O)([N-]S(=O)(=O)C(F)(F)F)C(F)(F)F,-2487.5275573,0.396478,0.500289,914.1537920000001,-0.26095,-0.01332,-2488.2191504,-2487.1310793,-2487.0272683,6.735536000000001,Gaussian,QC,"opt+freq: b3lyp/6-311G** em=gd3bj
energy: M062X/6-311G+(2d, p) em=gd3"
369,IL789,CCCCCCCC[NH+](CCCCCCCC)CCCCCCCC.O=S(=O)([N-]S(=O)(=O)C(F)(F)F)C(F)(F)F,-2827.6504469,0.674608,0.816292,1247.6688,-0.27006,-0.02106,-2828.5844955,-2826.9758389,-2826.8341549,6.7728,Gaussian,QC,"opt+freq: b3lyp/6-311G** em=gd3bj
energy: M062X/6-311G+(2d, p) em=gd3"
370,IL790,CCCCCCCC[P+](C)(CCCCCCCC)CCCCCCCC.[Cl-],-1786.5701194,0.654853,0.768938,1004.628608,-0.19533,-0.00269,-1787.2720913,-1785.9152664,-1785.8011814,5.239808,Gaussian,QC,"opt+freq: b3lyp/6-311G** em=gd3bj
energy: M062X/6-311G+(2d, p) em=gd3"
371,IL792,CCCCCCCC[P+](CC)(CC)CC.O=[N+]([O-])c1c[n-]cn1,-1324.0969252,0.421881,0.515725,826.386024,-0.2021,-0.05329,-1324.6575731,-1323.6750442,-1323.5812002,4.047632,Gaussian,QC,"opt+freq: b3lyp/6-311G** em=gd3bj
energy: M062X/6-311G+(2d, p) em=gd3"
372,IL793,CCCCCCCC[P+](CC)(CC)CC.O=[N+]([O-])c1cn[n-]c1,-1324.0656689,0.425136,0.515832,798.6753920000001,-0.22015,-0.04185,-1324.6249796,-1323.6405329,-1323.5498369,4.84976,Gaussian,QC,"opt+freq: b3lyp/6-311G** em=gd3bj
energy: M062X/6-311G+(2d, p) em=gd3"
373,IL794,CCCCCCCC[P+](CC)(CC)CC.[c-]1c[nH]nn1,-1135.5570968,0.408714,0.497389,780.868288,-0.15502,-0.00696,-1136.0492636,-1135.1483828,-1135.0597078,4.027232,Gaussian,QC,"opt+freq: b3lyp/6-311G** em=gd3bj
energy: M062X/6-311G+(2d, p) em=gd3"
374,IL795,CCCCCCCC[P+](CC)(CCCCCCCC)CCCCCCCC.[Cl-],-1825.8569676,0.680812,0.797644,1028.816312,-0.1831,-0.0083,-1826.5840623,-1825.1761556,-1825.0593236,4.754560000000001,Gaussian,QC,"opt+freq: b3lyp/6-311G** em=gd3bj
energy: M062X/6-311G+(2d, p) em=gd3"
375,IL796,CCCCCCCC[P+](CCC)(CCCCCCCC)CCCCCCCC.[Cl-],-1865.1603381,0.708279,0.826932,1044.8494,-0.18798,-0.00481,-1865.9127996,-1864.4520591,-1864.3334061,4.982224,Gaussian,QC,"opt+freq: b3lyp/6-311G** em=gd3bj
energy: M062X/6-311G+(2d, p) em=gd3"
376,IL802,CCCCCCCC[n+]1c(-c2cscn2)n(C)c2ccccc21.O=S(=O)([O-])C(F)(F)F,-2263.4727497,0.368795,0.46995,890.765232,-0.22368,-0.09633,-2264.1294315,-2263.1039547,-2263.0027997,3.463919999999999,Gaussian,QC,"opt+freq: b3lyp/6-311G** em=gd3bj
energy: M062X/6-311G+(2d, p) em=gd3"
377,IL806,CCCCCCCC[n+]1cc(C)cc(C)c1.O=S(=O)([O-])C(F)(F)F,-1603.3625842,0.337646,0.428895,803.545568,-0.23141,-0.11563,-1603.9030207,-1603.0249382,-1602.9336892,3.149216,Gaussian,QC,"opt+freq: b3lyp/6-311G** em=gd3bj
energy: M062X/6-311G+(2d, p) em=gd3"
378,IL812,CCCCCCCC[n+]1ccc(N(C)C)cc1.O=S(=O)([O-])C(F)(F)F,-1658.707169,0.352717,0.447494,834.6034,-0.22572,-0.082,-1659.2669067,-1658.354452,-1658.259675,3.909184,Gaussian,QC,"opt+freq: b3lyp/6-311G** em=gd3bj
energy: M062X/6-311G+(2d, p) em=gd3"
379,IL818,CCCCCCCC[n+]1ccn(C)c1.O=S(=O)([N-]S(=O)(=O)C(F)(F)F)C(F)(F)F,-2407.745041,0.311981,0.416001,915.9989360000001,-0.27135,-0.05368,-2408.3805892,-2407.43306,-2407.32904,5.920623999999999,Gaussian,QC,"opt+freq: b3lyp/6-311G** em=gd3bj
energy: M062X/6-311G+(2d, p) em=gd3"
380,IL819,CCCCCCCC[n+]1ccn(C)c1.O=S(=O)([O-])C(F)(F)C(F)(F)C(F)(F)C(F)(F)F,-2255.3865964,0.322198,0.427179,924.4548,-0.24301,-0.05222,-2256.0690102,-2255.0643984,-2254.9594174,5.189488,Gaussian,QC,"opt+freq: b3lyp/6-311G** em=gd3bj
energy: M062X/6-311G+(2d, p) em=gd3"
381,IL823,CCCCCCCCn1cc[n+](C)c1.Cc1ccc(S(=O)(=O)[O-])cc1,-1475.2920794,0.395312,0.486328,801.482856,-0.22143,-0.03637,-1475.8341837,-1474.8967674,-1474.8057514,5.033632,Gaussian,QC,"opt+freq: b3lyp/6-311G** em=gd3bj
energy: M062X/6-311G+(2d, p) em=gd3"
382,IL834,CCCCCCCCn1cc[n+](CC)c1.Cc1ccc(S(=O)(=O)[O-])cc1,-1514.6019036,0.422097,0.515237,820.18952,-0.22269,-0.03275,-1515.1687185,-1514.1798066,-1514.0866666,5.166367999999999,Gaussian,QC,"opt+freq: b3lyp/6-311G** em=gd3bj
energy: M062X/6-311G+(2d, p) em=gd3"
383,IL839,CCCCCCCCn1cc[nH+]c1.C[C@H](O)C(=O)[O-],-884.2494807,0.329131,0.40674,683.427112,-0.24847,0.00192,-884.6825862,-883.9203497000001,-883.8427407,6.810608,Gaussian,QC,"opt+freq: b3lyp/6-311G** em=gd3bj
energy: M062X/6-311G+(2d, p) em=gd3"
384,IL845,CCCCCCCOCn1cc[nH+]c1.C[C@H](O)C(=O)[O-],-959.4109527,0.331158,0.411496,707.4516400000001,-0.20598,-0.03481,-959.8685402,-959.0797947000001,-958.9994567,4.655824,Gaussian,QC,"opt+freq: b3lyp/6-311G** em=gd3bj
energy: M062X/6-311G+(2d, p) em=gd3"
385,IL847,CCCCCCC[N+](CCCCCC)(CCCCCC)CCCCCC.O=[N+]([O-])[O-],-1319.9980555,0.680624,0.795126,1008.306344,-0.19413,-0.00366,-1320.7381431,-1319.3174315,-1319.2029295,5.180784,Gaussian,QC,"opt+freq: b3lyp/6-311G** em=gd3bj
energy: M062X/6-311G+(2d, p) em=gd3"
386,IL848,CCCCCCC[N+](CCCCCC)(CCCCCC)CCCCCC.[Br-],-3613.9055289,0.666565,0.776757,970.349096,-0.18043,-0.00096,-3614.5327963,-3613.2389639,-3613.1287719,4.881584,Gaussian,QC,"opt+freq: b3lyp/6-311G** em=gd3bj
energy: M062X/6-311G+(2d, p) em=gd3"
387,IL850,CCCCCCC[N+](CCCCCC)(CCCCCC)CCCCCC.[O-][Cl+3]([O-])([O-])[O-],-1800.4773954,0.67778,0.795962,1040.703056,-0.2379,-0.00828,-1801.2097636,-1799.7996154,-1799.6814334,6.245664,Gaussian,QC,"opt+freq: b3lyp/6-311G** em=gd3bj
energy: M062X/6-311G+(2d, p) em=gd3"
388,IL853,CCCCCCC[N+](CCCCCCC)(CCCCCCC)CCCCCCC.O=S(=O)([N-]S(=O)(=O)C(F)(F)F)C(F)(F)F,-2984.8573119,0.779065,0.931432,1341.741856,-0.26464,-0.01079,-2985.8909493,-2984.0782469,-2983.9258799,6.904719999999998,Gaussian,QC,"opt+freq: b3lyp/6-311G** em=gd3bj
energy: M062X/6-311G+(2d, p) em=gd3"
389,IL856,CCCCCCC[N+](CCCCCCC)(CCCCCCC)CCCCCCC.[O-][Cl+3]([O-])([O-])[O-],-1918.4073829,0.753616,0.883116,1140.374304,-0.24474,-0.00855,-1919.2109394,-1917.6537669,-1917.5242669,6.424368,Gaussian,QC,"opt+freq: b3lyp/6-311G** em=gd3bj
energy: M062X/6-311G+(2d, p) em=gd3"
390,IL857,CCCCCCC[N+]1(C)CCCC1.O=S(=O)([N-]S(=O)(=O)C(F)(F)F)C(F)(F)F,-2354.7880011,0.345861,0.446102,882.7235840000001,-0.26504,-0.01263,-2355.4168306,-2354.4421401,-2354.3418991,6.865552,Gaussian,QC,"opt+freq: b3lyp/6-311G** em=gd3bj
energy: M062X/6-311G+(2d, p) em=gd3"
391,IL858,CCCCCCC[P+](CC)(CC)CC.O=[N+]([O-])c1cn[n-]c1,-1284.7495164,0.397393,0.486139,781.495888,-0.20544,-0.05189,-1285.286926,-1284.3521234,-1284.2633774,4.17656,Gaussian,QC,"opt+freq: b3lyp/6-311G** em=gd3bj
energy: M062X/6-311G+(2d, p) em=gd3"
392,IL859,CCCCCCC[P+](CCCCCC)(CCCCCC)CCCCCC.[Cl-],-1786.5655354,0.655423,0.769068,1000.75004,-0.19319,-0.00322,-1787.2678734,-1785.9101124,-1785.7964674,5.167184,Gaussian,QC,"opt+freq: b3lyp/6-311G** em=gd3bj
energy: M062X/6-311G+(2d, p) em=gd3"
393,IL860,CCCCCCC[n+]1cccc(C)c1.[Cl-],-1023.4790405,0.270469,0.337264,588.1909039999999,-0.20602,-0.07791,-1023.8360948,-1023.2085715,-1023.1417765,3.484592,Gaussian,QC,"opt+freq: b3lyp/6-311G** em=gd3bj
energy: M062X/6-311G+(2d, p) em=gd3"
394,IL861,CCCCCCC[n+]1ccccc1.O=S(=O)([N-]S(=O)(=O)C(F)(F)F)C(F)(F)F,-2351.1798373,0.279452,0.376064,850.7578240000001,-0.27494,-0.11702,-2351.7900463,-2350.9003853,-2350.8037733,4.295424,Gaussian,QC,"opt+freq: b3lyp/6-311G** em=gd3bj
energy: M062X/6-311G+(2d, p) em=gd3"
395,IL864,CCCCCCCc1n(C)cc[n+]1Cc1ccccc1.[Br-],-3385.7439952,0.353808,0.432164,690.000176,-0.17333,-0.0393,-3386.1575608,-3385.3901872,-3385.3118312,3.645616,Gaussian,QC,"opt+freq: b3lyp/6-311G** em=gd3bj
energy: M062X/6-311G+(2d, p) em=gd3"
396,IL867,CCCCCCCn1cc[nH+]c1.C[C@H](O)C(=O)[O-],-844.8868927,0.303855,0.377642,649.762648,-0.18876,-0.05178,-845.2968768,-844.5830377,-844.5092506999999,3.725856,Gaussian,QC,"opt+freq: b3lyp/6-311G** em=gd3bj
energy: M062X/6-311G+(2d, p) em=gd3"
397,IL869,CCCCCCOC(=O)C[N+](C)(C)C.CS(=O)(=O)[O-],-1302.4543134,0.333677,0.413497,702.8910800000001,-0.21701,-0.04731,-1302.8994514,-1302.1206364,-1302.0408164,4.61584,Gaussian,QC,"opt+freq: b3lyp/6-311G** em=gd3bj
energy: M062X/6-311G+(2d, p) em=gd3"
398,IL876,CCCCCC[N+](C)(C)C.O=S(=O)([N-]S(=O)(=O)C(F)(F)F)C(F)(F)F,-2238.0649281,0.285273,0.380454,838.1598,-0.26538,-0.01465,-2238.6339523,-2237.7796551,-2237.6844741,6.819856,Gaussian,QC,"opt+freq: b3lyp/6-311G** em=gd3bj
energy: M062X/6-311G+(2d, p) em=gd3"
399,IL877,CCCCCC[N+](C)(C)C12CC3CC(CC(C3)C1)C2.O=S(=O)(F)[N-]S(=O)(=O)F,-2112.6545257,0.455211,0.547215,810.1855760000001,-0.27494,-0.01004,-2113.2744118,-2112.1993147,-2112.1073107,7.20528,Gaussian,QC,"opt+freq: b3lyp/6-311G** em=gd3bj
energy: M062X/6-311G+(2d, p) em=gd3"
400,IL879,CCCCCC[N+](C)(C)CCCCCC.[Br-],-3181.5565778,0.381954,0.457842,668.264296,-0.18282,-0.00144,-3181.9171786,-3181.1746238,-3181.0987358,4.933536,Gaussian,QC,"opt+freq: b3lyp/6-311G** em=gd3bj
energy: M062X/6-311G+(2d, p) em=gd3"
401,IL880,CCCCCC[N+](C)(C)CCO.[Br-],-3099.5636766,0.282521,0.34797,576.341816,-0.1946,-0.00505,-3099.8460071,-3099.2811556,-3099.2157066,5.15576,Gaussian,QC,"opt+freq: b3lyp/6-311G** em=gd3bj
energy: M062X/6-311G+(2d, p) em=gd3"
402,IL881,CCCCCC[N+](CC)(CC)CC.CS(=O)(=O)[O-],-1192.5054466,0.376533,0.454695,688.28892,-0.20953,0.00347,-1192.940917,-1192.1289136,-1192.0507516,5.7936,Gaussian,QC,"opt+freq: b3lyp/6-311G** em=gd3bj
energy: M062X/6-311G+(2d, p) em=gd3"
403,IL882,CCCCCC[N+](CC)(CC)CC.Cc1ccc(S(=O)(=O)[O-])cc1,-1423.5175027,0.448207,0.537415,785.562736,-0.2073,-0.0118,-1424.06289,-1423.0692957,-1422.9800877,5.3176,Gaussian,QC,"opt+freq: b3lyp/6-311G** em=gd3bj
energy: M062X/6-311G+(2d, p) em=gd3"
404,IL887,CCCCCC[N+](CC)(CC)CC.[c-]1c[nH]nn1,-770.2743717,0.371388,0.447059,666.356392,-0.14202,0.00841,-770.6956329,-769.9029836999999,-769.8273127,4.091696,Gaussian,QC,"opt+freq: b3lyp/6-311G** em=gd3bj
energy: M062X/6-311G+(2d, p) em=gd3"
405,IL888,CCCCCC[N+](CC)(CC)CCCCCC.[Br-],-3260.1454793,0.435948,0.516119,705.978872,-0.16581,-0.00662,-3260.5526157,-3259.7095313,-3259.6293603,4.329968000000001,Gaussian,QC,"opt+freq: b3lyp/6-311G** em=gd3bj
energy: M062X/6-311G+(2d, p) em=gd3"
406,IL889,CCCCCC[N+](CCCC)(CCCC)CCCC.Cc1ccc(S(=O)(=O)[O-])cc1,-1659.3018062,0.607526,0.712711,926.258104,-0.20974,-0.02569,-1659.9925952,-1658.6942802,-1658.5890952,5.00616,Gaussian,QC,"opt+freq: b3lyp/6-311G** em=gd3bj
energy: M062X/6-311G+(2d, p) em=gd3"
407,IL891,CCCCCC[N+](CCCC)(CCCC)CCCC.O=S(=O)([N-]S(=O)(=O)C(F)(F)F)C(F)(F)F,-2591.8081408,0.518972,0.641667,1080.451056,-0.26429,-0.00085,-2592.5966493,-2591.2891688,-2591.1664738,7.165568,Gaussian,QC,"opt+freq: b3lyp/6-311G** em=gd3bj
energy: M062X/6-311G+(2d, p) em=gd3"
408,IL894,CCCCCC[N+](CCCCCC)(CCCCCC)CCCCCC.O=[N+]([O-])[O-],-1280.7031699,0.653642,0.765665,986.470048,-0.1972,-0.0035,-1281.4183197,-1280.0495279,-1279.9375049,5.26864,Gaussian,QC,"opt+freq: b3lyp/6-311G** em=gd3bj
energy: M062X/6-311G+(2d, p) em=gd3"
409,IL895,CCCCCC[N+](CCCCCC)(CCCCCC)CCCCCC.[Br-],-3574.5859006,0.641612,0.748029,937.107216,-0.16836,-0.00351,-3575.1873702,-3573.9442886,-3573.8378716,4.483919999999999,Gaussian,QC,"opt+freq: b3lyp/6-311G** em=gd3bj
energy: M062X/6-311G+(2d, p) em=gd3"
410,IL897,CCCCCC[N+](CCCCCC)(CCCCCC)CCCCCC.[O-][Cl+3]([O-])([O-])[O-],-1761.1717556,0.649449,0.767015,1035.28896,-0.2397,-0.00916,-1761.8799764,-1760.5223066,-1760.4047406,6.270688,Gaussian,QC,"opt+freq: b3lyp/6-311G** em=gd3bj
energy: M062X/6-311G+(2d, p) em=gd3"
411,IL898,CCCCCC[N+]1(C)CCCC1.CS(=O)(=O)[O-],-1151.9999034,0.331051,0.4042,644.143536,-0.20924,0.00296,-1152.400716,-1151.6688524,-1151.5957034,5.77184,Gaussian,QC,"opt+freq: b3lyp/6-311G** em=gd3bj
energy: M062X/6-311G+(2d, p) em=gd3"
412,IL899,CCCCCC[N+]1(C)CCCC1.Cc1ccc(S(=O)(=O)[O-])cc1,-1382.9865962,0.411322,0.487895,674.29344,-0.21099,-0.02997,-1383.4922324,-1382.5752742,-1382.4987012,4.923744,Gaussian,QC,"opt+freq: b3lyp/6-311G** em=gd3bj
energy: M062X/6-311G+(2d, p) em=gd3"
413,IL900,CCCCCC[N+]1(C)CCCC1.N#C[N-]C#N,-728.6741091,0.306389,0.37539,607.617216,-0.19611,-0.00446,-729.0500877,-728.3677201,-728.2987191,5.21288,Gaussian,QC,"opt+freq: b3lyp/6-311G** em=gd3bj
energy: M062X/6-311G+(2d, p) em=gd3"
414,IL902,CCCCCC[N+]1(C)CCCC1.O=S(=O)([O-])C(F)(F)C(F)(F)C(F)(F)C(F)(F)F,-2163.1207332,0.330007,0.428162,864.3558240000001,-0.24121,-0.01315,-2163.7746989,-2162.7907262,-2162.6925712,6.203232,Gaussian,QC,"opt+freq: b3lyp/6-311G** em=gd3bj
energy: M062X/6-311G+(2d, p) em=gd3"
415,IL903,CCCCCC[N+]12CCC(CC1)CC2.O=S(=O)([N-]S(=O)(=O)C(F)(F)F)C(F)(F)F,-2392.8988629,0.354568,0.453729,873.2133520000001,-0.27285,-0.01157,-2393.5395983,-2392.5442949,-2392.4451339,7.106815999999998,Gaussian,QC,"opt+freq: b3lyp/6-311G** em=gd3bj
energy: M062X/6-311G+(2d, p) em=gd3"
416,IL904,CCCCCC[N+]12CCN(CC1)CC2.O=S(=O)([N-]S(=O)(=O)C(F)(F)F)C(F)(F)F,-2408.9191378,0.344789,0.442217,857.9459360000001,-0.25868,-0.01797,-2409.5572504,-2408.5743488,-2408.4769208,6.547312000000001,Gaussian,QC,"opt+freq: b3lyp/6-311G** em=gd3bj
energy: M062X/6-311G+(2d, p) em=gd3"
417,IL905,CCCCCC[NH+](CCCCCC)CCCCCC.O=S(=O)([O-])C(F)(F)F,-1726.1028872,0.503258,0.608857,929.898184,-0.25957,0.00623,-1726.750547,-1725.5996292,-1725.4940302,7.229760000000001,Gaussian,QC,"opt+freq: b3lyp/6-311G** em=gd3bj
energy: M062X/6-311G+(2d, p) em=gd3"
418,IL906,CCCCCC[NH+](CCCCCC)CCCCCC.O=S(=O)([O-])O,-1464.2814472,0.508442,0.606406,862.673856,-0.24465,0.00377,-1464.8596986,-1463.7730052,-1463.6750412,6.757023999999999,Gaussian,QC,"opt+freq: b3lyp/6-311G** em=gd3bj
energy: M062X/6-311G+(2d, p) em=gd3"
419,IL907,CCCCCC[NH2+]CCN.O=S(=O)([N-]S(=O)(=O)C(F)(F)F)C(F)(F)F,-2254.1447024,0.278175,0.371076,818.084968,-0.28257,-0.00681,-2254.7149766,-2253.8665274,-2253.7736264,7.500672,Gaussian,QC,"opt+freq: b3lyp/6-311G** em=gd3bj
energy: M062X/6-311G+(2d, p) em=gd3"
420,IL909,CCCCCC[P+](CC)(CCCCCC)CCCCCC.[Br-],-3704.0190252,0.524453,0.623903,875.7572240000001,-0.1742,-0.00851,-3704.5505453,-3703.4945722,-3703.3951222,4.506768,Gaussian,QC,"opt+freq: b3lyp/6-311G** em=gd3bj
energy: M062X/6-311G+(2d, p) em=gd3"
421,IL910,CCCCCC[P+](CCC)(CCCCCC)CCCCCC.[Br-],-3743.3143879,0.55026,0.652667,901.7858880000001,-0.16976,-0.00789,-3743.8702785,-3742.7641279,-3742.6617209,4.402863999999999,Gaussian,QC,"opt+freq: b3lyp/6-311G** em=gd3bj
energy: M062X/6-311G+(2d, p) em=gd3"
422,IL911,CCCCCC[P+](CCCC)(CCCCCC)CCCCCC.[Br-],-3782.6284683,0.576334,0.681877,929.404472,-0.17325,-0.0072,-3783.208558,-3782.0521343,-3781.9465913,4.516559999999999,Gaussian,QC,"opt+freq: b3lyp/6-311G** em=gd3bj
energy: M062X/6-311G+(2d, p) em=gd3"
423,IL912,CCCCCC[P+](CCCCCC)(CCCCCC)CCCCCC.[Br-],-3861.2416475,0.628075,0.740248,987.7838240000001,-0.18346,-0.00271,-3861.8698994,-3860.6135725,-3860.5013995,4.9164,Gaussian,QC,"opt+freq: b3lyp/6-311G** em=gd3bj
energy: M062X/6-311G+(2d, p) em=gd3"
424,IL914,CCCCCC[n+]1cc(C)cc(C)c1.O=S(=O)([N-]S(=O)(=O)C(F)(F)F)C(F)(F)F,-2390.4888991,0.300757,0.403839,907.73972,-0.25932,-0.11277,-2391.1237754,-2390.1881421,-2390.0850601,3.98616,Gaussian,QC,"opt+freq: b3lyp/6-311G** em=gd3bj
energy: M062X/6-311G+(2d, p) em=gd3"
425,IL915,CCCCCC[n+]1ccc(N(C)C)c(C)c1.O=S(=O)([N-]S(=O)(=O)C(F)(F)F)C(F)(F)F,-2485.1511016,0.345384,0.450909,929.24548,-0.24647,-0.07073,-2485.8336535,-2484.8057176,-2484.7001926,4.780128,Gaussian,QC,"opt+freq: b3lyp/6-311G** em=gd3bj
energy: M062X/6-311G+(2d, p) em=gd3"
426,IL917,CCCCCC[n+]1ccc(N(C)C)cc1.[Br-],-3192.8023943,0.283139,0.354945,632.3237359999999,-0.16533,-0.07701,-3193.1291966,-3192.5192553,-3192.4474493,2.402304,Gaussian,QC,"opt+freq: b3lyp/6-311G** em=gd3bj
energy: M062X/6-311G+(2d, p) em=gd3"
427,IL918,CCCCCC[n+]1ccc(N2CCC(C)CC2)cc1.O=S(=O)([N-]S(=O)(=O)C(F)(F)F)C(F)(F)F,-2601.8721417,0.406479,0.516806,971.537352,-0.25306,-0.07441,-2602.6157761,-2601.4656627,-2601.3553357,4.85928,Gaussian,QC,"opt+freq: b3lyp/6-311G** em=gd3bj
energy: M062X/6-311G+(2d, p) em=gd3"
428,IL919,CCCCCC[n+]1ccc2ccccc2c1.O=S(=O)([N-]S(=O)(=O)C(F)(F)F)C(F)(F)F,-2465.5076457,0.294051,0.395171,890.4556160000001,-0.26408,-0.11266,-2466.1630654,-2465.2135947,-2465.1124747,4.118624,Gaussian,QC,"opt+freq: b3lyp/6-311G** em=gd3bj
energy: M062X/6-311G+(2d, p) em=gd3"
429,IL921,CCCCCC[n+]1cccc(C)c1.O=S(=O)([O-])C(F)(F)F,-1485.4532882,0.263298,0.342648,698.753104,-0.24096,-0.09586,-1485.9165733,-1485.1899902,-1485.1106402,3.94672,Gaussian,QC,"opt+freq: b3lyp/6-311G** em=gd3bj
energy: M062X/6-311G+(2d, p) em=gd3"
430,IL923,CCCCCC[n+]1cccc2ccccc21.O=S(=O)([N-]S(=O)(=O)C(F)(F)F)C(F)(F)F,-2465.4920805,0.295564,0.394868,874.4685519999999,-0.25067,-0.12857,-2466.1480132,-2465.1965165,-2465.0972125,3.321120000000001,Gaussian,QC,"opt+freq: b3lyp/6-311G** em=gd3bj
energy: M062X/6-311G+(2d, p) em=gd3"
431,IL925,CCCCCC[n+]1ccccc1.[Cl-],-944.8624201,0.220385,0.28004,525.317936,-0.20855,-0.07691,-945.1703626,-944.6420351,-944.5823801,3.580608,Gaussian,QC,"opt+freq: b3lyp/6-311G** em=gd3bj
energy: M062X/6-311G+(2d, p) em=gd3"
432,IL926,CCCCCC[n+]1ccn(C)c1.O=S(=O)([O-])C(F)(F)C(F)(F)C(F)(F)C(F)(F)F,-2176.7741111,0.271296,0.369147,861.6780640000001,-0.24314,-0.05126,-2177.40829,-2176.5028151,-2176.4049641,5.219136,Gaussian,QC,"opt+freq: b3lyp/6-311G** em=gd3bj
energy: M062X/6-311G+(2d, p) em=gd3"
433,IL935,CCCCCCn1cc[n+](C)c1.O=S(=O)([O-])C(F)(F)F,-1463.396305,0.248026,0.325276,680.264008,-0.23448,-0.05162,-1463.8382269,-1463.148279,-1463.071029,4.973792,Gaussian,QC,"opt+freq: b3lyp/6-311G** em=gd3bj
energy: M062X/6-311G+(2d, p) em=gd3"
434,IL936,CCCCCCn1cc[n+](C)c1.O=S(=O)([O-])O,-1201.5905709,0.251303,0.32263,628.097896,-0.23031,-0.03496,-1201.9618095,-1201.3392679,-1201.2679409,5.31352,Gaussian,QC,"opt+freq: b3lyp/6-311G** em=gd3bj
energy: M062X/6-311G+(2d, p) em=gd3"
435,IL937,CCCCCCn1cc[n+](C)c1.O=[N+]([O-])c1cn[n-]c1,-931.974697,0.279178,0.355996,676.456568,-0.2165,-0.04523,-932.4091348,-931.695519,-931.618701,4.658544,Gaussian,QC,"opt+freq: b3lyp/6-311G** em=gd3bj
energy: M062X/6-311G+(2d, p) em=gd3"
436,IL940,CCCCCCn1cc[n+](C)c1.[c-]1nc[nH]n1,-743.5259598,0.272953,0.339747,588.182536,-0.15142,-0.00759,-743.8846091,-743.2530068,-743.1862128,3.912176,Gaussian,QC,"opt+freq: b3lyp/6-311G** em=gd3bj
energy: M062X/6-311G+(2d, p) em=gd3"
437,IL943,CCCCCCn1cc[n+](C)c1N=Nc1ccccc1.O=S(=O)([N-]S(=O)(=O)C(F)(F)F)C(F)(F)F,-2669.6096075,0.340764,0.452025,979.758912,-0.25732,-0.13006,-2670.3493853,-2669.2688435,-2669.1575825,3.461472,Gaussian,QC,"opt+freq: b3lyp/6-311G** em=gd3bj
energy: M062X/6-311G+(2d, p) em=gd3"
438,IL946,CCCCCCn1cc[nH+]c1.C[C@H](O)C(=O)[O-],-805.595843,0.2786,0.348828,618.428672,-0.19054,-0.06198,-805.9819319,-805.317243,-805.2470149999999,3.496831999999999,Gaussian,QC,"opt+freq: b3lyp/6-311G** em=gd3bj
energy: M062X/6-311G+(2d, p) em=gd3"
439,IL948,CCCCCOCn1cc[nH+]c1.C[C@H](O)C(=O)[O-],-880.8485664,0.280287,0.354298,651.7374960000001,-0.25329,-0.00573,-881.2530759,-880.5682793999999,-880.4942684,6.733632,Gaussian,QC,"opt+freq: b3lyp/6-311G** em=gd3bj
energy: M062X/6-311G+(2d, p) em=gd3"
440,IL949,CCCCCOS(=O)(=O)[O-].CCCCn1cc[n+](C)c1,-1319.495545,0.329022,0.409358,707.434904,-0.22873,-0.03497,-1319.9418984,-1319.166523,-1319.086187,5.270271999999999,Gaussian,QC,"opt+freq: b3lyp/6-311G** em=gd3bj
energy: M062X/6-311G+(2d, p) em=gd3"
441,IL951,CCCCC[N+](C)(C)CC(=O)OCC.O=S(=O)([N-]S(=O)(=O)C(F)(F)F)C(F)(F)F,-2465.9266446,0.322913,0.426397,911.2793839999999,-0.27573,-0.04808,-2466.5793972,-2465.6037316,-2465.5002476,6.192079999999999,Gaussian,QC,"opt+freq: b3lyp/6-311G** em=gd3bj
energy: M062X/6-311G+(2d, p) em=gd3"
442,IL953,CCCCC[N+](C)(C)CCCCC.[Br-],-3102.9475289,0.331586,0.400054,602.922768,-0.18231,-0.00177,-3103.2595449,-3102.6159429,-3102.5474749,4.910688,Gaussian,QC,"opt+freq: b3lyp/6-311G** em=gd3bj
energy: M062X/6-311G+(2d, p) em=gd3"
443,IL954,CCCCC[N+](CC)(CC)CCCCC.[Br-],-3181.5435508,0.379628,0.457124,682.422952,-0.17216,-0.00299,-3181.9054896,-3181.1639228,-3181.0864268,4.601424000000001,Gaussian,QC,"opt+freq: b3lyp/6-311G** em=gd3bj
energy: M062X/6-311G+(2d, p) em=gd3"
444,IL956,CCCCC[N+](CCCCC)(CCCCC)CCCCC.N#C[S-],-1334.1909192,0.519314,0.635867,1026.368672,-0.21283,-0.02313,-1334.7845481,-1333.6716052,-1333.5550522,5.159839999999999,Gaussian,QC,"opt+freq: b3lyp/6-311G** em=gd3bj
energy: M062X/6-311G+(2d, p) em=gd3"
445,IL958,CCCCC[N+](CCCCC)(CCCCC)CCCCC.O=[N+]([O-])[O-],-1123.48005,0.545179,0.649293,916.8231840000001,-0.19483,-0.0051,-1124.1032755,-1122.934871,-1122.830757,5.160656,Gaussian,QC,"opt+freq: b3lyp/6-311G** em=gd3bj
energy: M062X/6-311G+(2d, p) em=gd3"
446,IL959,CCCCC[N+](CCCCC)(CCCCC)CCCCC.[Br-],-3417.3844226,0.537069,0.632213,837.8292640000001,-0.18169,0.0001,-3417.8903822,-3416.8473536,-3416.7522096,4.944687999999999,Gaussian,QC,"opt+freq: b3lyp/6-311G** em=gd3bj
energy: M062X/6-311G+(2d, p) em=gd3"
447,IL960,CCCCC[N+](CCCCC)(CCCCC)CCCCC.[Cl-],-1303.4074734,0.537802,0.632024,829.7123040000001,-0.18803,0.00017,-1303.9637089,-1302.8696714,-1302.7754494,5.11904,Gaussian,QC,"opt+freq: b3lyp/6-311G** em=gd3bj
energy: M062X/6-311G+(2d, p) em=gd3"
448,IL964,CCCCC[N+]1(C)CCCCC1.[Br-],-3062.4498438,0.28785,0.349672,544.4053440000001,-0.17501,-0.00687,-3062.7254133,-3062.1619938,-3062.1001718,4.573408000000001,Gaussian,QC,"opt+freq: b3lyp/6-311G** em=gd3bj
energy: M062X/6-311G+(2d, p) em=gd3"
449,IL965,CCCCC[N+]1(C)CCOCC1.[Br-],-3098.3475695,0.265288,0.325984,534.48508,-0.17804,-0.00761,-3098.6169079,-3098.0822815,-3098.0215855,4.635696,Gaussian,QC,"opt+freq: b3lyp/6-311G** em=gd3bj
energy: M062X/6-311G+(2d, p) em=gd3"
450,IL966,CCCCC[NH3+].O=C[O-],-442.8351474,0.16824,0.221114,465.608072,-0.26784,0.01344,-443.0631592,-442.6669074,-442.6140334,7.650816000000001,Gaussian,QC,"opt+freq: b3lyp/6-311G** em=gd3bj
energy: M062X/6-311G+(2d, p) em=gd3"
451,IL969,CCCCC[n+]1ccn(C)c1.O=S(=O)([N-]S(=O)(=O)C(F)(F)F)C(F)(F)F,-2289.8208703,0.235703,0.328936,821.0054,-0.2682,-0.06627,-2290.3846675,-2289.5851673,-2289.4919343,5.492496,Gaussian,QC,"opt+freq: b3lyp/6-311G** em=gd3bj
energy: M062X/6-311G+(2d, p) em=gd3"
452,IL970,CCCCC[n+]1ccn(C)c1.[Cl-],-922.8177411,0.204184,0.262205,510.92916,-0.19884,-0.02457,-923.1022527,-922.6135571,-922.5555361,4.740143999999999,Gaussian,QC,"opt+freq: b3lyp/6-311G** em=gd3bj
energy: M062X/6-311G+(2d, p) em=gd3"
453,IL973,CCCCCn1cc[n+](C)c1.O=S(=O)([N-]S(=O)(=O)C(F)(F)F)C(F)(F)F,-2289.8126169,0.231503,0.328826,857.0212720000001,-0.25738,-0.07607,-2290.3745866,-2289.5811139,-2289.4837909,4.931632,Gaussian,QC,"opt+freq: b3lyp/6-311G** em=gd3bj
energy: M062X/6-311G+(2d, p) em=gd3"
454,IL974,CCCCCn1cc[nH+]c1.C[C@H](O)C(=O)[O-],-766.3378034,0.248895,0.319551,622.1984560000001,-0.25149,0.00027,-766.696698,-766.0889084,-766.0182523999999,6.847872,Gaussian,QC,"opt+freq: b3lyp/6-311G** em=gd3bj
energy: M062X/6-311G+(2d, p) em=gd3"
455,IL978,CCCCOS(=O)(=O)[O-].CCCC[N+](C)(C)C,-1189.1096747,0.327606,0.402549,659.946504,-0.22234,-0.01132,-1189.5156459,-1188.7820687,-1188.7071257,5.739744,Gaussian,QC,"opt+freq: b3lyp/6-311G** em=gd3bj
energy: M062X/6-311G+(2d, p) em=gd3"
456,IL979,CCCCOS(=O)(=O)[O-].CCCC[N+](CC)(CC)CC(=O)OC,-1495.5792854,0.411881,0.506221,830.7541200000001,-0.22442,-0.02628,-1496.1188165,-1495.1674044,-1495.0730644,5.389408,Gaussian,QC,"opt+freq: b3lyp/6-311G** em=gd3bj
energy: M062X/6-311G+(2d, p) em=gd3"
457,IL980,CCCCOS(=O)(=O)[O-].CC[N+](C)(C)CCO,-1225.0258006,0.302394,0.379267,676.941912,-0.22241,-0.01603,-1225.4259541,-1224.7234066,-1224.6465336,5.613536,Gaussian,QC,"opt+freq: b3lyp/6-311G** em=gd3bj
energy: M062X/6-311G+(2d, p) em=gd3"
458,IL981,CCCCOS(=O)(=O)[O-].C[N+](C)(C)CCO,-1185.7299212,0.278342,0.350106,631.95136,-0.23708,-0.01558,-1186.1064627,-1185.4515792,-1185.3798152,6.0248,Gaussian,QC,"opt+freq: b3lyp/6-311G** em=gd3bj
energy: M062X/6-311G+(2d, p) em=gd3"
459,IL982,CCCC[N+](C)(C)C.CS(=O)(=O)[O-],-995.9845814,0.245849,0.309774,562.919544,-0.21346,-0.00031,-996.299368,-995.7387324,-995.6748074000001,5.79768,Gaussian,QC,"opt+freq: b3lyp/6-311G** em=gd3bj
energy: M062X/6-311G+(2d, p) em=gd3"
460,IL984,CCCC[N+](C)(C)C12CC3CC(CC(C3)C1)C2.O=S(=O)(F)[N-]S(=O)(=O)F,-2034.0448539,0.403809,0.489021,750.375296,-0.26757,-0.00881,-2034.6098259,-2033.6410449,-2033.5558329,7.038271999999999,Gaussian,QC,"opt+freq: b3lyp/6-311G** em=gd3bj
energy: M062X/6-311G+(2d, p) em=gd3"
461,IL985,CCCC[N+](C)(C)C12CC3CC(CC(C3)C1)C2.O=S(=O)([N-]S(=O)(=O)C(F)(F)F)C(F)(F)F,-2509.6215322,0.41842,0.51856,881.81984,-0.27091,-0.00425,-2510.3265035,-2509.2031122,-2509.1029722,7.253152,Gaussian,QC,"opt+freq: b3lyp/6-311G** em=gd3bj
energy: M062X/6-311G+(2d, p) em=gd3"
462,IL989,CCCC[N+](C)(C)CCC.N#C[C-](C#N)C#N,-727.4531468,0.27822,0.35093,640.27752,-0.19478,-0.01208,-727.8209084,-727.1749268,-727.1022168000001,4.96944,Gaussian,QC,"opt+freq: b3lyp/6-311G** em=gd3bj
energy: M062X/6-311G+(2d, p) em=gd3"
463,IL990,CCCC[N+](C)(C)CCC.O=S(=O)([N-]S(=O)(=O)C(F)(F)F)C(F)(F)F,-2238.0585238,0.286937,0.380422,823.2312880000001,-0.27029,-0.01362,-2238.6267786,-2237.7715868,-2237.6781018,6.981423999999999,Gaussian,QC,"opt+freq: b3lyp/6-311G** em=gd3bj
energy: M062X/6-311G+(2d, p) em=gd3"
464,IL992,CCCC[N+](C)(C)CCCC.[Br-],-3024.3394323,0.278839,0.341754,554.028544,-0.1835,-9e-05,-3024.6021386,-3024.0605933,-3023.9976783,4.988752,Gaussian,QC,"opt+freq: b3lyp/6-311G** em=gd3bj
energy: M062X/6-311G+(2d, p) em=gd3"
465,IL993,CCCC[N+](C)(C)CCO.[Br-],-3020.9513649,0.232802,0.290044,504.075768,-0.18768,-0.00812,-3021.1850167,-3020.7185629,-3020.6613209,4.884032,Gaussian,QC,"opt+freq: b3lyp/6-311G** em=gd3bj
energy: M062X/6-311G+(2d, p) em=gd3"
466,IL1000,CCCC[N+](C)(CCCC)CCCC.COS(=O)(=O)[O-],-1307.0196795,0.403302,0.489458,758.693088,-0.22364,-0.00302,-1307.4987517,-1306.6163775,-1306.5302215,6.000864,Gaussian,QC,"opt+freq: b3lyp/6-311G** em=gd3bj
energy: M062X/6-311G+(2d, p) em=gd3"
467,IL1001,CCCC[N+](C)(CCCC)CCCC.CS(=O)(=O)[O-],-1231.7756601,0.398026,0.482971,748.019704,-0.2016,-0.01319,-1232.2393665,-1231.3776341,-1231.2926891,5.124752,Gaussian,QC,"opt+freq: b3lyp/6-311G** em=gd3bj
energy: M062X/6-311G+(2d, p) em=gd3"
468,IL1002,CCCC[N+](C)(CCCC)CCCC.O=S(=O)([O-])C(F)(F)F,-1529.5330037,0.376355,0.463638,768.6091680000001,-0.23377,-0.01169,-1530.0545527,-1529.1566487,-1529.0693657,6.040576,Gaussian,QC,"opt+freq: b3lyp/6-311G** em=gd3bj
energy: M062X/6-311G+(2d, p) em=gd3"
469,IL1003,CCCC[N+](C)(CCCC)CCCC.O=S(=O)([O-])O,-1267.7262056,0.378579,0.460803,724.0663040000001,-0.22111,-0.00048,-1268.1770648,-1267.3476266,-1267.2654026,6.001136,Gaussian,QC,"opt+freq: b3lyp/6-311G** em=gd3bj
energy: M062X/6-311G+(2d, p) em=gd3"
470,IL1005,CCCC[N+](CC)(CC)CC.[Br-],-3024.3384965,0.279881,0.341951,546.581024,-0.1717,-0.0028,-3024.5999909,-3024.0586155,-3023.9965455,4.59408,Gaussian,QC,"opt+freq: b3lyp/6-311G** em=gd3bj
energy: M062X/6-311G+(2d, p) em=gd3"
471,IL1010,CCCC[N+](CCCC)(CCCC)CCCC.Cc1ccc(S(=O)(=O)[O-])cc1,-1580.652595,0.546357,0.646845,884.886712,-0.19692,-0.02508,-1581.293575,-1580.106238,-1580.00575,4.674048000000001,Gaussian,QC,"opt+freq: b3lyp/6-311G** em=gd3bj
energy: M062X/6-311G+(2d, p) em=gd3"
472,IL1012,CCCC[N+](CCCC)(CCCC)CCCC.N=C(N)NCCC[C@H](N)C(=O)[O-],-1291.8542079,0.627441,0.734868,946.0065840000001,-0.17719,0.00045,-1292.547795,-1291.2267669,-1291.1193398999999,4.831808,Gaussian,QC,"opt+freq: b3lyp/6-311G** em=gd3bj
energy: M062X/6-311G+(2d, p) em=gd3"
473,IL1016,CCCC[N+](CCCC)(CCCC)CCCC.O=C([O-])c1c([N+](=O)[O-])ccc2[nH]nnc12,-1474.2734368,0.525422,0.634618,961.5794320000001,-0.20845,-0.07402,-1474.9918963,-1473.7480148,-1473.6388188,3.656496,Gaussian,QC,"opt+freq: b3lyp/6-311G** em=gd3bj
energy: M062X/6-311G+(2d, p) em=gd3"
474,IL1017,CCCC[N+](CCCC)(CCCC)CCCC.O=C([O-])c1ccccn1,-1122.1955866,0.51584,0.611682,843.9839280000001,-0.19216,-0.01618,-1122.7975097,-1121.6797466,-1121.5839046,4.786656,Gaussian,QC,"opt+freq: b3lyp/6-311G** em=gd3bj
energy: M062X/6-311G+(2d, p) em=gd3"
475,IL1019,CCCC[N+](CCCC)(CCCC)CCCC.O=C([O-])c1nnn[nH]1,-1132.1775944,0.477601,0.570574,818.720936,-0.21865,-0.00723,-1132.7537204,-1131.6999934,-1131.6070204,5.750624,Gaussian,QC,"opt+freq: b3lyp/6-311G** em=gd3bj
energy: M062X/6-311G+(2d, p) em=gd3"
476,IL1020,CCCC[N+](CCCC)(CCCC)CCCC.O=C[O-],-875.1155258,0.451623,0.539277,771.876872,-0.18463,0.00785,-875.6102285,-874.6639028,-874.5762488,5.235455999999999,Gaussian,QC,"opt+freq: b3lyp/6-311G** em=gd3bj
energy: M062X/6-311G+(2d, p) em=gd3"
477,IL1022,CCCC[N+](CCCC)(CCCC)CCCC.O=S(=O)([C-](S(=O)(=O)C(F)(F)F)S(=O)(=O)C(F)(F)F)C(F)(F)F,-3382.7410136,0.482149,0.615947,1178.218584,-0.26217,-0.00881,-3383.6345851,-3382.2588646,-3382.1250666,6.891392000000001,Gaussian,QC,"opt+freq: b3lyp/6-311G** em=gd3bj
energy: M062X/6-311G+(2d, p) em=gd3"
478,IL1023,CCCC[N+](CCCC)(CCCC)CCCC.O=S(=O)([N-]S(=O)(=O)C(F)(F)F)C(F)(F)F,-2513.1944423,0.467658,0.583419,1019.377208,-0.25846,-0.00531,-2513.9330775,-2512.7267843,-2512.6110233,6.885680000000001,Gaussian,QC,"opt+freq: b3lyp/6-311G** em=gd3bj
energy: M062X/6-311G+(2d, p) em=gd3"
479,IL1024,CCCC[N+](CCCC)(CCCC)CCCC.O=S(=O)([O-])C(F)(F)C(F)(F)C(F)(F)C(F)(F)F,-2360.8361891,0.475908,0.594533,1044.615096,-0.2304,-0.00837,-2361.6219132,-2360.3602811,-2360.2416561,6.039216,Gaussian,QC,"opt+freq: b3lyp/6-311G** em=gd3bj
energy: M062X/6-311G+(2d, p) em=gd3"
480,IL1026,CCCC[N+](CCCC)(CCCC)CCCC.O=S(=O)([O-])O,-1385.6486475,0.454469,0.547691,820.913352,-0.2213,0.00176,-1386.1742055,-1385.1941785,-1385.1009565,6.067232,Gaussian,QC,"opt+freq: b3lyp/6-311G** em=gd3bj
energy: M062X/6-311G+(2d, p) em=gd3"
481,IL1027,CCCC[N+](CCCC)(CCCC)CCCC.O=S(=O)([O-])OCC(F)(F)C(F)(F)C(F)(F)C(F)F,-2376.1301118,0.516349,0.636594,1058.869984,-0.23488,0.00149,-2376.9410393,-2375.6137628,-2375.4935178,6.429264,Gaussian,QC,"opt+freq: b3lyp/6-311G** em=gd3bj
energy: M062X/6-311G+(2d, p) em=gd3"
482,IL1028,CCCC[N+](CCCC)(CCCC)CCCC.O=S(=O)([O-])OCC(F)(F)C(F)F,-1900.5438905,0.50058,0.607525,941.7556400000001,-0.23475,0.00101,-1901.2278485,-1900.0433105,-1899.9363655,6.412672,Gaussian,QC,"opt+freq: b3lyp/6-311G** em=gd3bj
energy: M062X/6-311G+(2d, p) em=gd3"
483,IL1030,CCCC[N+](CCCC)(CCCC)CCCC.O=[N+]([O-])[O-],-966.2517024,0.447423,0.533705,759.8018480000001,-0.18565,-0.00182,-966.7733266,-965.8042794,-965.7179974,5.000176000000001,Gaussian,QC,"opt+freq: b3lyp/6-311G** em=gd3bj
energy: M062X/6-311G+(2d, p) em=gd3"
484,IL1031,CCCC[N+](CCCC)(CCCC)CCCC.O=[N+]([O-])c1c[n-]c([N+](=O)[O-])n1,-1320.5649607,0.486753,0.586746,880.5353520000001,-0.2259,-0.07742,-1321.2123745,-1320.0782077,-1319.9782147,4.038656,Gaussian,QC,"opt+freq: b3lyp/6-311G** em=gd3bj
energy: M062X/6-311G+(2d, p) em=gd3"
485,IL1032,CCCC[N+](CCCC)(CCCC)CCCC.O=[N+]([O-])c1c[n-]cn1,-1116.0549205,0.488379,0.581636,821.2146,-0.19701,-0.03941,-1116.6363269,-1115.5665415,-1115.4732845,4.28672,Gaussian,QC,"opt+freq: b3lyp/6-311G** em=gd3bj
energy: M062X/6-311G+(2d, p) em=gd3"
486,IL1034,CCCC[N+](CCCC)(CCCC)CCCC.O=[N+]([O-])c1ccc2nc[n-]c2c1,-1269.6820012,0.530716,0.629629,871.020936,-0.19258,-0.06375,-1270.3315469,-1269.1512852,-1269.0523722,3.504176,Gaussian,QC,"opt+freq: b3lyp/6-311G** em=gd3bj
energy: M062X/6-311G+(2d, p) em=gd3"
487,IL1035,CCCC[N+](CCCC)(CCCC)CCCC.O=[N+]([O-])c1nc[n-]c1[N+](=O)[O-],-1320.5596281,0.484862,0.586657,896.4052640000001,-0.21631,-0.07953,-1321.2097789,-1320.0747661,-1319.9729711,3.720416,Gaussian,QC,"opt+freq: b3lyp/6-311G** em=gd3bj
energy: M062X/6-311G+(2d, p) em=gd3"
488,IL1036,CCCC[N+](CCCC)(CCCC)CCCC.[Cl-],-1146.1875714,0.433548,0.515805,724.346632,-0.18621,0.0034,-1146.6474167,-1145.7540234,-1145.6717664,5.157391999999999,Gaussian,QC,"opt+freq: b3lyp/6-311G** em=gd3bj
energy: M062X/6-311G+(2d, p) em=gd3"
489,IL1037,CCCC[N+](CCCC)(CCCC)CCCC.[O-][Cl+3]([O-])([O-])[O-],-1446.745566,0.445543,0.535297,790.370152,-0.24282,-0.00264,-1447.2591262,-1446.300023,-1446.210269,6.532896,Gaussian,QC,"opt+freq: b3lyp/6-311G** em=gd3bj
energy: M062X/6-311G+(2d, p) em=gd3"
490,IL1039,CCCC[N+](CCCC)=C(N(C)C)N(C)C.N#C[N-]C#N,-917.9937072,0.382953,0.466126,732.417568,-0.19642,-0.03524,-918.4676548,-917.6107542,-917.5275812,4.384096,Gaussian,QC,"opt+freq: b3lyp/6-311G** em=gd3bj
energy: M062X/6-311G+(2d, p) em=gd3"
491,IL1040,CCCC[N+]1(C)CCCC1.CS(=O)(=O)[O-],-1073.3957136,0.280569,0.346306,578.873136,-0.21293,0.00031,-1073.7470881,-1073.1151446,-1073.0494076,5.800128,Gaussian,QC,"opt+freq: b3lyp/6-311G** em=gd3bj
energy: M062X/6-311G+(2d, p) em=gd3"
492,IL1041,CCCC[N+]1(C)CCCC1.Cc1ccc(S(=O)(=O)[O-])cc1,-1304.4135926,0.348741,0.428901,705.886824,-0.21729,-0.00643,-1304.8776528,-1304.0648516,-1303.9846916,5.735392,Gaussian,QC,"opt+freq: b3lyp/6-311G** em=gd3bj
energy: M062X/6-311G+(2d, p) em=gd3"
493,IL1052,CCCC[N+]1(C)CCCC1.N#C[O-],-577.7091537,0.247265,0.304945,507.9250480000001,-0.18315,-0.00029,-578.0095976,-577.4618887,-577.4042087,4.973792,Gaussian,QC,"opt+freq: b3lyp/6-311G** em=gd3bj
energy: M062X/6-311G+(2d, p) em=gd3"
494,IL1053,CCCC[N+]1(C)CCCC1.N#C[S-],-900.67592,0.242698,0.303182,532.614832,-0.171,-0.01679,-900.9831681,-900.433222,-900.372738,4.194512,Gaussian,QC,"opt+freq: b3lyp/6-311G** em=gd3bj
energy: M062X/6-311G+(2d, p) em=gd3"
495,IL1054,CCCC[N+]1(C)CCCC1.O=C([O-])c1ccccn1,-845.8621654,0.314381,0.386621,636.147912,-0.19575,-0.00747,-846.2831715,-845.5477844,-845.4755444,5.121216,Gaussian,QC,"opt+freq: b3lyp/6-311G** em=gd3bj
energy: M062X/6-311G+(2d, p) em=gd3"
496,IL1055,CCCC[N+]1(C)CCCC1.O=C([O-])c1cccnc1,-845.8709254,0.313595,0.387026,646.628832,-0.2083,-0.0082,-846.293592,-845.5573304000001,-845.4838994,5.44272,Gaussian,QC,"opt+freq: b3lyp/6-311G** em=gd3bj
energy: M062X/6-311G+(2d, p) em=gd3"
497,IL1056,CCCC[N+]1(C)CCCC1.O=P([O-])(F)F,-1101.2898941,0.245918,0.310758,570.977928,-0.23672,-0.01351,-1101.6464846,-1101.0439761,-1100.9791361,6.071312000000001,Gaussian,QC,"opt+freq: b3lyp/6-311G** em=gd3bj
energy: M062X/6-311G+(2d, p) em=gd3"
498,IL1057,CCCC[N+]1(C)CCCC1.O=P([O-])(O)O,-1053.2330184,0.268108,0.334404,583.806072,-0.22941,0.00235,-1053.5913973,-1052.9649104,-1052.8986144,6.303871999999999,Gaussian,QC,"opt+freq: b3lyp/6-311G** em=gd3bj
energy: M062X/6-311G+(2d, p) em=gd3"
499,IL1059,CCCC[N+]1(C)CCCC1.O=S(=O)([N-]S(=O)(=O)C(F)(F)C(F)(F)C(F)(F)C(F)(F)F)C(F)(F)C(F)(F)C(F)(F)C(F)(F)F,-3663.6313354,0.316184,0.447031,1152.235944,-0.27663,-0.01463,-3664.5698722,-3663.3151514,-3663.1843044,7.1264,Gaussian,QC,"opt+freq: b3lyp/6-311G** em=gd3bj
energy: M062X/6-311G+(2d, p) em=gd3"
500,IL1060,CCCC[N+]1(C)CCCC1.O=S(=O)([N-]S(=O)(=O)C(F)(F)C(F)(F)F)C(F)(F)C(F)(F)F,-2712.4553602,0.283574,0.388295,922.170336,-0.27014,-0.00495,-2713.1397815,-2712.1717862,-2712.0670652,7.213168,Gaussian,QC,"opt+freq: b3lyp/6-311G** em=gd3bj
energy: M062X/6-311G+(2d, p) em=gd3"
501,IL1062,CCCC[N+]1(C)CCCC1.O=S(=O)([O-])C(F)(F)C(F)(F)C(F)(F)C(F)(F)F,-2084.5145136,0.277687,0.370288,815.4448639999999,-0.24655,-0.01217,-2085.1185561,-2084.2368266,-2084.1442256,6.375135999999999,Gaussian,QC,"opt+freq: b3lyp/6-311G** em=gd3bj
energy: M062X/6-311G+(2d, p) em=gd3"
502,IL1063,CCCC[N+]1(C)CCCC1.O=S(=O)([O-])C(F)(F)F,-1371.1371421,0.254434,0.326295,632.80908,-0.24156,-0.00897,-1371.5487051,-1370.8827081,-1370.8108471,6.326447999999999,Gaussian,QC,"opt+freq: b3lyp/6-311G** em=gd3bj
energy: M062X/6-311G+(2d, p) em=gd3"
503,IL1065,CCCC[N+]1(C)CCCC1.[Br-],-2983.834416,0.236454,0.291597,485.59504,-0.1751,-0.00127,-2984.0609398,-2983.597962,-2983.542819,4.728176,Gaussian,QC,"opt+freq: b3lyp/6-311G** em=gd3bj
energy: M062X/6-311G+(2d, p) em=gd3"
504,IL1071,CCCC[N+]1(C)CCCCC1.N#C[S-],-939.9942639,0.270214,0.332688,550.141608,-0.17781,-0.00407,-940.3277748,-939.7240499,-939.6615759,4.725728,Gaussian,QC,"opt+freq: b3lyp/6-311G** em=gd3bj
energy: M062X/6-311G+(2d, p) em=gd3"
505,IL1072,CCCC[N+]1(C)CCCCC1.O=P([O-])(F)F,-1140.6022447,0.272058,0.339771,596.274392,-0.24227,-0.00406,-1140.9860079,-1140.3301867,-1140.2624737,6.479312,Gaussian,QC,"opt+freq: b3lyp/6-311G** em=gd3bj
energy: M062X/6-311G+(2d, p) em=gd3"
506,IL1074,CCCC[N+]1(C)CCCCC1.O=S(=O)([O-])C(F)(F)F,-1410.4452285,0.28113,0.355347,653.557536,-0.23827,-0.00375,-1410.8809985,-1410.1640985,-1410.0898815,6.378944,Gaussian,QC,"opt+freq: b3lyp/6-311G** em=gd3bj
energy: M062X/6-311G+(2d, p) em=gd3"
507,IL1075,CCCC[N+]1(C)CCCCC1.[Br-],-3023.1489171,0.263349,0.320792,505.841416,-0.17833,-0.00047,-3023.3998616,-3022.8855681,-3022.8281251,4.837791999999999,Gaussian,QC,"opt+freq: b3lyp/6-311G** em=gd3bj
energy: M062X/6-311G+(2d, p) em=gd3"
508,IL1080,CCCC[N+]1(C)CCOC1.O=S(=O)([N-]S(=O)(=O)C(F)(F)F)C(F)(F)F,-2272.7645136,0.245123,0.33539,794.884688,-0.26961,-0.01006,-2273.3164284,-2272.5193906,-2272.4291236,7.05976,Gaussian,QC,"opt+freq: b3lyp/6-311G** em=gd3bj
energy: M062X/6-311G+(2d, p) em=gd3"
509,IL1083,CCCC[N+]1(C)CCOCC1.O=S(=O)([N-]S(=O)(=O)C(F)(F)F)C(F)(F)F,-2312.0780793,0.27185,0.364494,815.825608,-0.2712,-0.00586,-2312.6546499,-2311.8062293,-2311.7135853,7.217248000000001,Gaussian,QC,"opt+freq: b3lyp/6-311G** em=gd3bj
energy: M062X/6-311G+(2d, p) em=gd3"
510,IL1084,CCCC[N+]1(C)CCOCC1.[Br-],-3059.0468907,0.240119,0.297079,501.586288,-0.18399,-8e-05,-3059.2922819,-3058.8067717,-3058.7498117,5.002351999999999,Gaussian,QC,"opt+freq: b3lyp/6-311G** em=gd3bj
energy: M062X/6-311G+(2d, p) em=gd3"
511,IL1085,CCCC[N+]1(CC)CCCC1.CCOS(=O)(=O)[O-],-1227.2230434,0.334705,0.409835,661.599184,-0.22408,-0.00044,-1227.6409633,-1226.8883384,-1226.8132084,6.083008,Gaussian,QC,"opt+freq: b3lyp/6-311G** em=gd3bj
energy: M062X/6-311G+(2d, p) em=gd3"
512,IL1087,CCCC[N+]1=C2CCCCCN2CCC1.N#C[S-],-1110.8639536,0.320984,0.392218,627.282016,-0.16304,-0.05544,-1111.2753521,-1110.5429696,-1110.4717356,2.92672,Gaussian,QC,"opt+freq: b3lyp/6-311G** em=gd3bj
energy: M062X/6-311G+(2d, p) em=gd3"
513,IL1088,CCCC[N+]1=C2CCCCCN2CCC1.[Br-],-3194.0372025,0.317106,0.381124,563.743792,-0.17758,-0.03267,-3194.3657157,-3193.7200965,-3193.6560785,3.941551999999999,Gaussian,QC,"opt+freq: b3lyp/6-311G** em=gd3bj
energy: M062X/6-311G+(2d, p) em=gd3"
514,IL1092,CCCC[NH+](CCCC)CCCC.O=S(=O)([N-]S(=O)(=O)C(F)(F)F)C(F)(F)F,-2355.9909155,0.362569,0.467809,926.739264,-0.27303,-0.02112,-2356.6350518,-2355.6283465,-2355.5231065,6.851951999999999,Gaussian,QC,"opt+freq: b3lyp/6-311G** em=gd3bj
energy: M062X/6-311G+(2d, p) em=gd3"
515,IL1093,CCCC[NH+](CCCC)CCCC.O=S(=O)([O-])C(F)(F)F,-1490.26297,0.349645,0.434809,749.952712,-0.25842,0.00614,-1490.7653074,-1489.913325,-1489.828161,7.196031999999999,Gaussian,QC,"opt+freq: b3lyp/6-311G** em=gd3bj
energy: M062X/6-311G+(2d, p) em=gd3"
516,IL1094,CCCC[NH+](CCCC)CCCC.O=[N+]([O-])[O-],-809.0700511,0.341572,0.416787,662.343936,-0.22418,-0.00352,-809.4987508,-808.7284791,-808.6532641,6.001951999999999,Gaussian,QC,"opt+freq: b3lyp/6-311G** em=gd3bj
energy: M062X/6-311G+(2d, p) em=gd3"
517,IL1095,CCCC[NH3+].O=C([O-])C(F)(F)C(F)(F)C(F)(F)C(F)(F)C(F)(F)C(F)(F)C(F)(F)F,-2167.2827719,0.189317,0.289351,880.903544,-0.21541,-0.0709,-2167.9469175,-2167.0934549,-2166.9934209,3.930671999999999,Gaussian,QC,"opt+freq: b3lyp/6-311G** em=gd3bj
energy: M062X/6-311G+(2d, p) em=gd3"
518,IL1096,CCCC[NH3+].O=C([O-])C(F)(F)C(F)(F)C(F)(F)F,-1216.1622993,0.155352,0.229001,648.545104,-0.28666,-0.0268,-1216.5777846,-1216.0069473,-1215.9332983,7.068192000000001,Gaussian,QC,"opt+freq: b3lyp/6-311G** em=gd3bj
energy: M062X/6-311G+(2d, p) em=gd3"
519,IL1100,CCCC[P+](CC)(CC)CC.Cc1ncc([N+](=O)[O-])[n-]1,-1206.182734,0.344835,0.428139,733.572352,-0.18837,-0.03933,-1206.6672837,-1205.837899,-1205.754595,4.053888,Gaussian,QC,"opt+freq: b3lyp/6-311G** em=gd3bj
energy: M062X/6-311G+(2d, p) em=gd3"
520,IL1101,CCCC[P+](CC)(CC)CC.O=S(=O)([N-]S(=O)(=O)C(F)(F)F)C(F)(F)F,-2564.0043743,0.299469,0.401586,899.233648,-0.26269,-0.01247,-2564.6232249,-2563.7049053,-2563.6027883,6.805984,Gaussian,QC,"opt+freq: b3lyp/6-311G** em=gd3bj
energy: M062X/6-311G+(2d, p) em=gd3"
521,IL1102,CCCC[P+](CC)(CC)CC.O=[N+]([O-])c1cn[n-]c1,-1166.837329,0.321241,0.399334,687.6780560000001,-0.20708,-0.0427,-1167.2963834,-1166.516088,-1166.437995,4.471135999999999,Gaussian,QC,"opt+freq: b3lyp/6-311G** em=gd3bj
energy: M062X/6-311G+(2d, p) em=gd3"
522,IL1106,CCCC[P+](CCCC)(CCCC)CCCC.Cc1ccc(S(=O)(=O)[O-])cc1,-1867.2850856,0.536843,0.643847,942.270272,-0.22594,-0.00154,-1867.9528767,-1866.7482426,-1866.6412386,6.10368,Gaussian,QC,"opt+freq: b3lyp/6-311G** em=gd3bj
energy: M062X/6-311G+(2d, p) em=gd3"
523,IL1108,CCCC[P+](CCCC)(CCCC)CCCC.O=C([O-])c1ccccn1,-1408.8257643,0.50141,0.603073,895.2379280000001,-0.19605,-0.0089,-1409.4558893,-1408.3243543,-1408.2226913,5.09048,Gaussian,QC,"opt+freq: b3lyp/6-311G** em=gd3bj
energy: M062X/6-311G+(2d, p) em=gd3"
524,IL1109,CCCC[P+](CCCC)(CCCC)CCCC.O=C([O-])c1cccnc1,-1408.8365894,0.501617,0.603851,900.262912,-0.21232,-0.01215,-1409.4645954,-1408.3349724,-1408.2327384,5.444624,Gaussian,QC,"opt+freq: b3lyp/6-311G** em=gd3bj
energy: M062X/6-311G+(2d, p) em=gd3"
525,IL1110,CCCC[P+](CCCC)(CCCC)CCCC.O=C([O-])c1ccncc1,-1408.8210777,0.502556,0.603314,887.2715919999999,-0.20365,-0.01039,-1409.4503974,-1408.3185217,-1408.2177637,5.256671999999999,Gaussian,QC,"opt+freq: b3lyp/6-311G** em=gd3bj
energy: M062X/6-311G+(2d, p) em=gd3"
526,IL1113,CCCC[P+](CCCC)(CCCC)CCCC.O=S(=O)([N-]S(=O)(=O)C(F)(F)F)C(F)(F)F,-2799.8336844,0.455488,0.575798,1059.45156,-0.26787,-0.0095,-2800.6024188,-2799.3781964,-2799.2578864,7.027664,Gaussian,QC,"opt+freq: b3lyp/6-311G** em=gd3bj
energy: M062X/6-311G+(2d, p) em=gd3"
527,IL1114,CCCC[P+](CCCC)(CCCC)CCCC.O=S(=O)([O-])O,-1672.2767561,0.445865,0.539811,827.2814,-0.22269,-0.00678,-1672.8296445,-1671.8308911,-1671.7369451,5.872751999999999,Gaussian,QC,"opt+freq: b3lyp/6-311G** em=gd3bj
energy: M062X/6-311G+(2d, p) em=gd3"
528,IL1115,CCCC[P+](CCCC)(CCCC)CCCC.O=[N+]([O-])[O-],-1252.9040534,0.436381,0.525771,787.165208,-0.20798,-0.00221,-1253.4545659,-1252.4676724,-1252.3782824,5.596944,Gaussian,QC,"opt+freq: b3lyp/6-311G** em=gd3bj
energy: M062X/6-311G+(2d, p) em=gd3"
529,IL1117,CCCC[P+](CCCC)(CCCC)CCCC.[Cl-],-1432.8212503,0.423678,0.508419,746.228952,-0.19386,-0.00066,-1433.306633,-1432.3975723,-1432.3128313,5.25504,Gaussian,QC,"opt+freq: b3lyp/6-311G** em=gd3bj
energy: M062X/6-311G+(2d, p) em=gd3"
530,IL1118,CCCC[P+](CCCC)(CCCC)CCOC.O=S(=O)([N-]S(=O)(=O)C(F)(F)C(F)(F)F)C(F)(F)C(F)(F)F,-3311.3176811,0.449193,0.581854,1168.202088,-0.26429,-0.00852,-3312.2070503,-3310.8684881,-3310.7358271,6.956944000000001,Gaussian,QC,"opt+freq: b3lyp/6-311G** em=gd3bj
energy: M062X/6-311G+(2d, p) em=gd3"
531,IL1120,CCCC[P+](CCCC)(CCCC)COC.[c-]1c[nH]nn1,-1210.7273013,0.415221,0.504515,786.3242240000001,-0.1576,0.01672,-1211.2433746,-1210.3120803,-1210.2227863,4.741503999999999,Gaussian,QC,"opt+freq: b3lyp/6-311G** em=gd3bj
energy: M062X/6-311G+(2d, p) em=gd3"
532,IL1121,CCCC[P+](CCCC)(CCCC)c1ccccc1.[Br-],-3620.5956322,0.390223,0.475719,752.877328,-0.17272,-0.05854,-3621.0445575,-3620.2054092,-3620.1199132,3.105696,Gaussian,QC,"opt+freq: b3lyp/6-311G** em=gd3bj
energy: M062X/6-311G+(2d, p) em=gd3"
533,IL1122,CCCC[P+](CCCC)(c1ccccc1)c1ccccc1.[Br-],-3694.3937278,0.360088,0.44354,734.8735760000001,-0.17299,-0.0599,-3694.8559469,-3694.0336398,-3693.9501878,3.076048,Gaussian,QC,"opt+freq: b3lyp/6-311G** em=gd3bj
energy: M062X/6-311G+(2d, p) em=gd3"
534,IL1123,CCCC[P+](Cc1ccccc1)(Cc1ccccc1)Cc1ccccc1.O=C([O-])c1ccccc1,-1732.1144644,0.499149,0.603882,922.274936,-0.20415,-0.04723,-1732.8601108,-1731.6153154,-1731.5105824,4.268224,Gaussian,QC,"opt+freq: b3lyp/6-311G** em=gd3bj
energy: M062X/6-311G+(2d, p) em=gd3"
535,IL1124,CCCC[S+](CCCC)CCCC.O=S(=O)([N-]S(=O)(=O)C(F)(F)F)C(F)(F)F,-2698.7942973,0.344781,0.449405,921.320984,-0.26759,-0.04725,-2699.4501258,-2698.4495163,-2698.3448923,5.993247999999999,Gaussian,QC,"opt+freq: b3lyp/6-311G** em=gd3bj
energy: M062X/6-311G+(2d, p) em=gd3"
536,IL1125,CCCC[S+]1CCCCC1.O=S(=O)([N-]S(=O)(=O)C(F)(F)F)C(F)(F)F,-2579.7078197,0.251412,0.341899,796.8344320000001,-0.26545,-0.0285,-2580.2775213,-2579.4564077,-2579.3659207,6.445040000000001,Gaussian,QC,"opt+freq: b3lyp/6-311G** em=gd3bj
energy: M062X/6-311G+(2d, p) em=gd3"
537,IL1126,CCCC[n+]1cc(C)cc(C)c1.N#C[N-]C#N,-725.079361,0.232864,0.304172,627.9347200000001,-0.1891,-0.11512,-725.4358916,-724.846497,-724.775189,2.012256,Gaussian,QC,"opt+freq: b3lyp/6-311G** em=gd3bj
energy: M062X/6-311G+(2d, p) em=gd3"
538,IL1127,CCCC[n+]1cc(C)cc(C)c1.N#C[S-],-975.7010574,0.223764,0.290217,585.186792,-0.18608,-0.09662,-976.0403289,-975.4772934,-975.4108404,2.433312,Gaussian,QC,"opt+freq: b3lyp/6-311G** em=gd3bj
energy: M062X/6-311G+(2d, p) em=gd3"
539,IL1128,CCCC[n+]1cc(C)cc(C)c1.O=S(=O)([O-])C(F)(F)F,-1446.151055,0.233932,0.312917,695.535608,-0.23846,-0.10992,-1446.5921623,-1445.917123,-1445.838138,3.496287999999999,Gaussian,QC,"opt+freq: b3lyp/6-311G** em=gd3bj
energy: M062X/6-311G+(2d, p) em=gd3"
540,IL1129,CCCC[n+]1cc(C)cc(C)c1.[Br-],-3058.8545711,0.217093,0.278714,542.6355120000001,-0.19129,-0.07776,-3059.1125318,-3058.6374781,-3058.5758571,3.088016,Gaussian,QC,"opt+freq: b3lyp/6-311G** em=gd3bj
energy: M062X/6-311G+(2d, p) em=gd3"
541,IL1130,CCCC[n+]1cc(C)cc(C)c1C.O=S(=O)([O-])C(F)(F)F,-1485.4607671,0.260213,0.341724,717.7819360000001,-0.23516,-0.09728,-1485.9245648,-1485.2005541,-1485.1190431,3.750336,Gaussian,QC,"opt+freq: b3lyp/6-311G** em=gd3bj
energy: M062X/6-311G+(2d, p) em=gd3"
542,IL1131,CCCC[n+]1cc(C)n(C)c1.[Br-],-3036.8029685,0.199845,0.260817,536.9118,-0.17601,-0.03457,-3037.037935,-3036.6031235,-3036.5421515,3.847168,Gaussian,QC,"opt+freq: b3lyp/6-311G** em=gd3bj
energy: M062X/6-311G+(2d, p) em=gd3"
543,IL1132,CCCC[n+]1ccc(C)cc1.Cc1ccc(S(=O)(=O)[O-])cc1,-1340.1196645,0.306432,0.387397,712.970336,-0.21255,-0.08659,-1340.5851939,-1339.8132325,-1339.7322675,3.426111999999999,Gaussian,QC,"opt+freq: b3lyp/6-311G** em=gd3bj
energy: M062X/6-311G+(2d, p) em=gd3"
544,IL1133,CCCC[n+]1ccc(C)cc1.O=C([O-])c1ccccc1,-865.5358559,0.281284,0.35674,664.46104,-0.20056,-0.09072,-865.963487,-865.2545719,-865.1791159,2.987648,Gaussian,QC,"opt+freq: b3lyp/6-311G** em=gd3bj
energy: M062X/6-311G+(2d, p) em=gd3"
545,IL1135,CCCC[n+]1ccc(C)cc1.O=S(=O)([O-])C(F)(F)C(F)(F)C(F)(F)C(F)(F)F,-2120.2219636,0.232674,0.328764,846.1637920000001,-0.24259,-0.10626,-2120.8266831,-2119.9892896,-2119.8931996,3.708176,Gaussian,QC,"opt+freq: b3lyp/6-311G** em=gd3bj
energy: M062X/6-311G+(2d, p) em=gd3"
546,IL1136,CCCC[n+]1ccc(C)cc1.O=S(=O)([O-])C(F)(F)F,-1406.8415555,0.209324,0.284719,663.925488,-0.23685,-0.10384,-1407.256015,-1406.6322315,-1406.5568365,3.617872,Gaussian,QC,"opt+freq: b3lyp/6-311G** em=gd3bj
energy: M062X/6-311G+(2d, p) em=gd3"
547,IL1137,CCCC[n+]1ccc(N(C)C)cc1.[Br-],-3114.1982963,0.233674,0.297371,560.9154080000001,-0.16752,-0.05946,-3114.4739063,-3113.9646223,-3113.9009253,2.939232,Gaussian,QC,"opt+freq: b3lyp/6-311G** em=gd3bj
energy: M062X/6-311G+(2d, p) em=gd3"
548,IL1142,CCCC[n+]1cccc(C)c1.O=S(=O)([O-])C(F)(F)F,-1406.8394097,0.209817,0.284785,660.168256,-0.23697,-0.10873,-1407.2538583,-1406.6295927,-1406.5546247,3.488128,Gaussian,QC,"opt+freq: b3lyp/6-311G** em=gd3bj
energy: M062X/6-311G+(2d, p) em=gd3"
549,IL1143,CCCC[n+]1cccc(C)c1.[Cl-],-905.5620797,0.192715,0.249927,503.807992,-0.19102,-0.10787,-905.846078,-905.3693647,-905.3121527000001,2.26168,Gaussian,QC,"opt+freq: b3lyp/6-311G** em=gd3bj
energy: M062X/6-311G+(2d, p) em=gd3"
550,IL1144,CCCC[n+]1cccc(C)c1C.O=S(=O)([O-])C(F)(F)F,-1446.1398242,0.236445,0.313191,675.8289679999999,-0.22513,-0.12032,-1446.5786471,-1445.9033792,-1445.8266332,2.850832,Gaussian,QC,"opt+freq: b3lyp/6-311G** em=gd3bj
energy: M062X/6-311G+(2d, p) em=gd3"
551,IL1147,CCCC[n+]1ccccc1.O=C([O-])c1ccccc1,-826.2240736,0.261019,0.329006,598.68856,-0.21844,-0.07918,-826.6292495,-825.9630546,-825.8950676,3.787872,Gaussian,QC,"opt+freq: b3lyp/6-311G** em=gd3bj
energy: M062X/6-311G+(2d, p) em=gd3"
552,IL1150,CCCC[n+]1ccccc1.[Br-],-2980.231187,0.168132,0.222032,474.637144,-0.19657,-0.08126,-2980.4402102,-2980.063055,-2980.009155,3.136432,Gaussian,QC,"opt+freq: b3lyp/6-311G** em=gd3bj
energy: M062X/6-311G+(2d, p) em=gd3"
553,IL1151,CCCC[n+]1ccccc1.[Cl-],-866.2535035,0.169515,0.2222,463.947024,-0.20832,-0.07743,-866.5132149,-866.0839884999999,-866.0313034999999,3.560208,Gaussian,QC,"opt+freq: b3lyp/6-311G** em=gd3bj
energy: M062X/6-311G+(2d, p) em=gd3"
554,IL1153,CCCC[n+]1ccn(CC(C)O)c1.[Cl-],-1037.3571724,0.233006,0.296023,554.9281040000001,-0.21082,-0.04512,-1037.6836629,-1037.1241664,-1037.0611494,4.50704,Gaussian,QC,"opt+freq: b3lyp/6-311G** em=gd3bj
energy: M062X/6-311G+(2d, p) em=gd3"
555,IL1154,CCCC[n+]1cn(CCC(F)(F)F)cn1.O=S(=O)([O-])C(F)(F)F,-1777.1863268,0.206681,0.293182,761.7223040000001,-0.2516,-0.0584,-1777.6864488,-1776.9796458,-1776.8931448,5.255039999999999,Gaussian,QC,"opt+freq: b3lyp/6-311G** em=gd3bj
energy: M062X/6-311G+(2d, p) em=gd3"
556,IL1156,CCCC[n+]1nn(C)c2ccccc21.CS(=O)(=O)[O-],-1256.675738,0.251957,0.323589,630.784024,-0.20797,-0.09027,-1257.0794988,-1256.423781,-1256.352149,3.201439999999999,Gaussian,QC,"opt+freq: b3lyp/6-311G** em=gd3bj
energy: M062X/6-311G+(2d, p) em=gd3"
557,IL1160,CCCCn1cc[n+](C)c1.COC(=O)C(=O)[O-],-840.2269993,0.212182,0.296931,746.3000800000001,-0.13371,-0.03208,-840.6107144,-840.0148173,-839.9300683,2.764336,Gaussian,QC,"opt+freq: b3lyp/6-311G** em=gd3bj
energy: M062X/6-311G+(2d, p) em=gd3"
558,IL1162,CCCCn1cc[n+](C)c1.CS(=O)(=O)[O-],-1087.0532667,0.221853,0.287711,579.9484239999999,-0.21564,-0.03107,-1087.3861991,-1086.8314137,-1086.7655557,5.020304,Gaussian,QC,"opt+freq: b3lyp/6-311G** em=gd3bj
energy: M062X/6-311G+(2d, p) em=gd3"
559,IL1170,CCCCn1cc[n+](C)c1.N#C[C-](C#N)C#N,-739.8944384,0.197859,0.27015,636.5997840000001,-0.17453,-0.08015,-740.2331215,-739.6965794,-739.6242884000001,2.567136,Gaussian,QC,"opt+freq: b3lyp/6-311G** em=gd3bj
energy: M062X/6-311G+(2d, p) em=gd3"
560,IL1172,CCCCn1cc[n+](C)c1.N#Cc1nc[n-]c1C#N,-833.3853417,0.222176,0.294394,635.951264,-0.21128,-0.05402,-833.7594487,-833.1631657,-833.0909477,4.277472,Gaussian,QC,"opt+freq: b3lyp/6-311G** em=gd3bj
energy: M062X/6-311G+(2d, p) em=gd3"
561,IL1174,CCCCn1cc[n+](C)c1.O=C([O-])C1([N+](=O)[O-])C=NN=N1,-1057.9916449,0.220845,0.302825,721.90736,-0.23782,-0.05091,-1058.4425601,-1057.7707999,-1057.6888199,5.083952,Gaussian,QC,"opt+freq: b3lyp/6-311G** em=gd3bj
energy: M062X/6-311G+(2d, p) em=gd3"
562,IL1175,CCCCn1cc[n+](C)c1.O=C([O-])C1([N+](=O)[O-])N=NC([N+](=O)[O-])=N1,-1262.5093547,0.219545,0.308117,779.96036,-0.26598,-0.08803,-1263.0212986,-1262.2898097,-1262.2012377,4.84024,Gaussian,QC,"opt+freq: b3lyp/6-311G** em=gd3bj
energy: M062X/6-311G+(2d, p) em=gd3"
563,IL1176,CCCCn1cc[n+](C)c1.O=C([O-])c1c([N+](=O)[O-])ccc2[nH]nnc12,-1211.4339972,0.265429,0.348606,732.45104,-0.22055,-0.10023,-1211.9553856,-1211.1685682,-1211.0853912,3.272704,Gaussian,QC,"opt+freq: b3lyp/6-311G** em=gd3bj
energy: M062X/6-311G+(2d, p) em=gd3"
564,IL1177,CCCCn1cc[n+](C)c1.O=C([O-])c1cccnc1,-859.5128568,0.254882,0.327665,640.9260400000001,-0.1987,-0.05801,-859.9160446,-859.2579748,-859.1851918,3.826768,Gaussian,QC,"opt+freq: b3lyp/6-311G** em=gd3bj
energy: M062X/6-311G+(2d, p) em=gd3"
565,IL1179,CCCCn1cc[n+](C)c1.O=P([O-])(F)F,-1114.9292441,0.185122,0.251656,585.8938880000001,-0.22807,-0.07338,-1115.2709066,-1114.7441221,-1114.6775881,4.207567999999999,Gaussian,QC,"opt+freq: b3lyp/6-311G** em=gd3bj
energy: M062X/6-311G+(2d, p) em=gd3"
566,IL1182,CCCCn1cc[n+](C)c1.O=S(=O)([O-])C(F)(F)C(F)(F)C(F)(F)C(F)(F)F,-2098.1706063,0.217891,0.311523,824.51996,-0.2463,-0.04753,-2098.7531187,-2097.9527153,-2097.8590833,5.406544,Gaussian,QC,"opt+freq: b3lyp/6-311G** em=gd3bj
energy: M062X/6-311G+(2d, p) em=gd3"
567,IL1184,CCCCn1cc[n+](C)c1.O=S(=O)([O-])NC1CCCCC1,-1337.7319139,0.348002,0.428683,710.472488,-0.22204,-0.03534,-1338.1959787,-1337.3839119,-1337.3032309,5.078239999999999,Gaussian,QC,"opt+freq: b3lyp/6-311G** em=gd3bj
energy: M062X/6-311G+(2d, p) em=gd3"
568,IL1185,CCCCn1cc[n+](C)c1.O=S(=O)([O-])O,-1122.9589957,0.196721,0.264119,593.508768,-0.21898,-0.06549,-1123.2849297,-1122.7622747,-1122.6948767,4.174928,Gaussian,QC,"opt+freq: b3lyp/6-311G** em=gd3bj
energy: M062X/6-311G+(2d, p) em=gd3"
569,IL1186,CCCCn1cc[n+](C)c1.O=S(=O)([O-])OCC(F)(F)C(F)(F)C(F)(F)C(F)F,-2113.4621389,0.258681,0.353235,832.63692,-0.24546,-0.03783,-2114.0685606,-2113.2034579,-2113.1089039,5.647536,Gaussian,QC,"opt+freq: b3lyp/6-311G** em=gd3bj
energy: M062X/6-311G+(2d, p) em=gd3"
570,IL1187,CCCCn1cc[n+](C)c1.O=S(=O)([O-])OCCCC(F)(F)C(F)(F)F,-1815.7252308,0.282149,0.374371,812.1060320000001,-0.22857,-0.06975,-1816.2732327,-1815.4430818,-1815.3508598,4.319903999999999,Gaussian,QC,"opt+freq: b3lyp/6-311G** em=gd3bj
energy: M062X/6-311G+(2d, p) em=gd3"
571,IL1188,CCCCn1cc[n+](C)c1.O=[N+]([O-])[O-],-703.5782369,0.187697,0.250221,550.585112,-0.18372,-0.05738,-703.8983952,-703.3905399,-703.3280159,3.436448,Gaussian,QC,"opt+freq: b3lyp/6-311G** em=gd3bj
energy: M062X/6-311G+(2d, p) em=gd3"
572,IL1190,CCCCn1cc[n+](C)c1.O=[N+]([O-])c1c[n-]cn1,-853.396508,0.232465,0.298539,581.843776,-0.20527,-0.05512,-853.7807788,-853.164043,-853.097969,4.08408,Gaussian,QC,"opt+freq: b3lyp/6-311G** em=gd3bj
energy: M062X/6-311G+(2d, p) em=gd3"
573,IL1191,CCCCn1cc[n+](C)c1.O=[N+]([O-])c1ccc2nc[n-]c2c1,-1006.866797,0.270605,0.343821,644.741848,-0.19389,-0.08629,-1007.3258563,-1006.596192,-1006.522976,2.92672,Gaussian,QC,"opt+freq: b3lyp/6-311G** em=gd3bj
energy: M062X/6-311G+(2d, p) em=gd3"
574,IL1192,CCCCn1cc[n+](C)c1.O=[N+]([O-])c1nc[n-]c1[N+](=O)[O-],-1057.8870064,0.228058,0.303451,663.908752,-0.22477,-0.07625,-1058.3362824,-1057.6589484,-1057.5835554,4.039744,Gaussian,QC,"opt+freq: b3lyp/6-311G** em=gd3bj
energy: M062X/6-311G+(2d, p) em=gd3"
575,IL1193,CCCCn1cc[n+](C)c1.[Br-],-2997.4772474,0.175241,0.232428,503.582056,-0.16608,-0.06528,-2997.6878054,-2997.3020064,-2997.2448194,2.74176,Gaussian,QC,"opt+freq: b3lyp/6-311G** em=gd3bj
energy: M062X/6-311G+(2d, p) em=gd3"
576,IL1194,CCCCn1cc[n+](C)c1.[Cl-],-883.5002828,0.176731,0.232476,490.891984,-0.18073,-0.06384,-883.7622679,-883.3235518,-883.2678068,3.179408,Gaussian,QC,"opt+freq: b3lyp/6-311G** em=gd3bj
energy: M062X/6-311G+(2d, p) em=gd3"
577,IL1195,CCCCn1cc[n+](C)c1.[N-]=[N+]=[N-],-587.4599912,0.185896,0.245018,520.6276720000001,-0.15848,-0.03676,-587.7486408,-587.2740952,-587.2149732,3.310784,Gaussian,QC,"opt+freq: b3lyp/6-311G** em=gd3bj
energy: M062X/6-311G+(2d, p) em=gd3"
578,IL1202,CCCCn1cc[n+](C)c1C.O=S(=O)([O-])OCCCC(F)(F)C(F)(F)F,-1855.0630974,0.311821,0.403462,806.989,-0.23707,-0.03137,-1855.6355331,-1854.7512764,-1854.6596354,5.59504,Gaussian,QC,"opt+freq: b3lyp/6-311G** em=gd3bj
energy: M062X/6-311G+(2d, p) em=gd3"
579,IL1203,CCCCn1cc[n+](C)c1C.[Br-],-3036.7945157,0.20118,0.260847,525.42672,-0.1664,-0.04545,-3037.02883,-3036.5933357,-3036.5336687,3.28984,Gaussian,QC,"opt+freq: b3lyp/6-311G** em=gd3bj
energy: M062X/6-311G+(2d, p) em=gd3"
580,IL1204,CCCCn1cc[n+](C)c1C.[Cl-],-922.8160191,0.201881,0.261115,521.6109120000001,-0.17745,-0.05418,-923.1020282,-922.6141381,-922.5549040999999,3.352943999999999,Gaussian,QC,"opt+freq: b3lyp/6-311G** em=gd3bj
energy: M062X/6-311G+(2d, p) em=gd3"
581,IL1205,CCCCn1cc[n+](C)c1N=Nc1ccccc1.O=S(=O)([N-]S(=O)(=O)C(F)(F)C(F)(F)F)C(F)(F)C(F)(F)F,-3066.5879213,0.305289,0.423328,1039.443672,-0.25873,-0.13111,-3067.4052936,-3066.2826323,-3066.1645933,3.471264,Gaussian,QC,"opt+freq: b3lyp/6-311G** em=gd3bj
energy: M062X/6-311G+(2d, p) em=gd3"
582,IL1206,CCCCn1cc[n+](C)c1N=Nc1ccccc1.O=S(=O)([N-]S(=O)(=O)C(F)(F)F)C(F)(F)F,-2590.998232,0.28792,0.393824,932.5926800000001,-0.25649,-0.12129,-2591.6853671,-2590.710312,-2590.604408,3.677439999999999,Gaussian,QC,"opt+freq: b3lyp/6-311G** em=gd3bj
energy: M062X/6-311G+(2d, p) em=gd3"
583,IL1208,CCCCn1cc[n+](CC)c1.O=S(=O)([N-]S(=O)(=O)C(F)(F)F)C(F)(F)F,-2289.833674,0.236488,0.329104,815.570384,-0.27121,-0.05299,-2290.3983609,-2289.597186,-2289.50457,5.935584,Gaussian,QC,"opt+freq: b3lyp/6-311G** em=gd3bj
energy: M062X/6-311G+(2d, p) em=gd3"
584,IL1209,CCCCn1cc[n+](CC)c1.O=S(=O)([O-])C(F)(F)C(F)(F)C(F)(F)C(F)(F)F,-2137.4814164,0.243846,0.34034,849.724376,-0.24712,-0.04568,-2138.0894065,-2137.2375704,-2137.1410764,5.479168,Gaussian,QC,"opt+freq: b3lyp/6-311G** em=gd3bj
energy: M062X/6-311G+(2d, p) em=gd3"
585,IL1210,CCCCn1cc[n+](CC)c1.O=S(=O)([O-])C(F)(F)F,-1424.0975483,0.219202,0.296171,677.7954480000001,-0.23447,-0.04161,-1424.5135445,-1423.8783463,-1423.8013773,5.245792,Gaussian,QC,"opt+freq: b3lyp/6-311G** em=gd3bj
energy: M062X/6-311G+(2d, p) em=gd3"
586,IL1211,CCCCn1cc[n+](CCCC)c1.[Br-],-3115.3972974,0.252508,0.319225,587.508912,-0.16467,-0.06241,-3115.6812377,-3115.1447894,-3115.0780724,2.781472,Gaussian,QC,"opt+freq: b3lyp/6-311G** em=gd3bj
energy: M062X/6-311G+(2d, p) em=gd3"
587,IL1212,CCCCn1cc[n+](CCCC)c1.[Cl-],-1001.4354259,0.253866,0.319036,573.881624,-0.19577,-0.03515,-1001.7698067,-1001.1815599,-1001.1163899,4.368863999999999,Gaussian,QC,"opt+freq: b3lyp/6-311G** em=gd3bj
energy: M062X/6-311G+(2d, p) em=gd3"
588,IL1218,CCCCn1cc[nH+]c1.C[C@H](O)C(=O)[O-],-727.0235447,0.225388,0.290801,576.0280160000001,-0.24529,0.00236,-727.3593417,-726.7981567,-726.7327437,6.73608,Gaussian,QC,"opt+freq: b3lyp/6-311G** em=gd3bj
energy: M062X/6-311G+(2d, p) em=gd3"
589,IL1219,CCCCn1cc[nH+]c1.O=C([O-])C(F)(F)F,-910.2146165,0.169546,0.235802,583.442064,-0.22647,-0.04409,-910.5691851,-910.0450705000001,-909.9788145,4.960736000000001,Gaussian,QC,"opt+freq: b3lyp/6-311G** em=gd3bj
energy: M062X/6-311G+(2d, p) em=gd3"
590,IL1220,CCCCn1cc[nH+]c1.O=C([O-])c1ccccc1O,-879.4237996,0.247679,0.316174,603.157072,-0.19125,-0.04336,-879.827616,-879.1761206000001,-879.1076256,4.022608,Gaussian,QC,"opt+freq: b3lyp/6-311G** em=gd3bj
energy: M062X/6-311G+(2d, p) em=gd3"
591,IL1222,CCCCn1cc[nH+]c1.O=[N+]([O-])[O-],-664.2901904,0.164737,0.221913,503.485824,-0.2011,-0.04173,-664.5854454,-664.1254534000001,-664.0682774,4.334864,Gaussian,QC,"opt+freq: b3lyp/6-311G** em=gd3bj
energy: M062X/6-311G+(2d, p) em=gd3"
592,IL1225,CCCCn1n[n+](CCCC)c2ccccc21.[Br-],-3285.02663,0.283718,0.355765,634.44084,-0.1871,-0.08974,-3285.3837537,-3284.742912,-3284.670865,2.648191999999999,Gaussian,QC,"opt+freq: b3lyp/6-311G** em=gd3bj
energy: M062X/6-311G+(2d, p) em=gd3"
593,IL1226,CCCOc1cccc(C(=O)C[n+]2ccn(C)c2)c1.[Br-],-3417.0539855,0.256868,0.332592,666.829184,-0.20285,-0.07722,-3417.432425,-3416.7971175,-3416.7213935,3.417136000000001,Gaussian,QC,"opt+freq: b3lyp/6-311G** em=gd3bj
energy: M062X/6-311G+(2d, p) em=gd3"
594,IL1227,CCCS[O+]1CCCCC1.O=S(=O)([N-]S(=O)(=O)C(F)(F)F)C(F)(F)F,-2615.5626658,0.226685,0.318538,808.8592480000001,-0.27464,-0.12174,-2616.1304632,-2615.3359808,-2615.2441278,4.158879999999999,Gaussian,QC,"opt+freq: b3lyp/6-311G** em=gd3bj
energy: M062X/6-311G+(2d, p) em=gd3"
595,IL1229,CCC[N+](C)(C)C.O=S(=O)([N-]S(=O)(=O)C(F)(F)F)C(F)(F)F,-2120.1480962,0.208822,0.293485,745.538592,-0.26835,-0.01665,-2120.6418051,-2119.9392742,-2119.8546112,6.846239999999999,Gaussian,QC,"opt+freq: b3lyp/6-311G** em=gd3bj
energy: M062X/6-311G+(2d, p) em=gd3"
596,IL1231,CCC[N+](C)(C)CCO.[Br-],-2981.6491003,0.207418,0.260959,471.4782240000001,-0.18969,-0.00903,-2981.8591788,-2981.4416823,-2981.3881413,4.913951999999999,Gaussian,QC,"opt+freq: b3lyp/6-311G** em=gd3bj
energy: M062X/6-311G+(2d, p) em=gd3"
597,IL1237,CCC[N+](C)(CC)CC.O=S(=O)([N-]S(=O)(=O)C(F)(F)F)C(F)(F)F,-2198.7560413,0.260391,0.351512,802.4117040000001,-0.25972,-0.01295,-2199.2980147,-2198.4956503,-2198.4045293,6.712144,Gaussian,QC,"opt+freq: b3lyp/6-311G** em=gd3bj
energy: M062X/6-311G+(2d, p) em=gd3"
598,IL1238,CCC[N+](C)(CC)CCC.O=S(=O)([N-]S(=O)(=O)C(F)(F)F)C(F)(F)F,-2238.0610647,0.286953,0.380537,824.097376,-0.27253,-0.00803,-2238.6310887,-2237.7741117,-2237.6805277,7.1944,Gaussian,QC,"opt+freq: b3lyp/6-311G** em=gd3bj
energy: M062X/6-311G+(2d, p) em=gd3"
599,IL1239,CCC[N+](C)(CCC)CCC.O=S(=O)([N-]S(=O)(=O)C(F)(F)F)C(F)(F)F,-2277.3665069,0.31292,0.409835,853.4314,-0.27367,-0.00507,-2277.9615093,-2277.0535869,-2276.9566719,7.30592,Gaussian,QC,"opt+freq: b3lyp/6-311G** em=gd3bj
energy: M062X/6-311G+(2d, p) em=gd3"
600,IL1241,CCC[N+](CCC)(CCC)CCC.[Cl-],-988.953979,0.332054,0.399993,598.27016,-0.17343,-0.00459,-989.3160304,-988.621925,-988.553986,4.592447999999999,Gaussian,QC,"opt+freq: b3lyp/6-311G** em=gd3bj
energy: M062X/6-311G+(2d, p) em=gd3"
601,IL1242,CCC[N+](CCC)(CCC)CCC.[O-][Cl+3]([O-])([O-])[O-],-1289.5255074,0.34152,0.419617,687.7198960000001,-0.24757,-0.00506,-1289.9405575,-1289.1839874,-1289.1058904,6.596272,Gaussian,QC,"opt+freq: b3lyp/6-311G** em=gd3bj
energy: M062X/6-311G+(2d, p) em=gd3"
602,IL1243,CCC[N+](CCC)(CCC)CCCC(=O)OCC.[Br-],-3370.1223938,0.392051,0.475211,732.300416,-0.17347,-0.00699,-3370.5407653,-3369.7303428,-3369.6471828,4.528256000000001,Gaussian,QC,"opt+freq: b3lyp/6-311G** em=gd3bj
energy: M062X/6-311G+(2d, p) em=gd3"
603,IL1245,CCC[N+]1(C)CCCC1.Cc1ccc(S(=O)(=O)[O-])cc1,-1265.1032924,0.323448,0.400086,674.8708320000001,-0.21355,-0.01083,-1265.5410922,-1264.7798444,-1264.7032064,5.513984,Gaussian,QC,"opt+freq: b3lyp/6-311G** em=gd3bj
energy: M062X/6-311G+(2d, p) em=gd3"
604,IL1247,CCC[N+]1(C)CCCC1.N#C[N-]C#N,-610.7604632,0.227121,0.288328,538.991248,-0.19764,-0.00722,-611.0636738,-610.5333422,-610.4721352,5.179424,Gaussian,QC,"opt+freq: b3lyp/6-311G** em=gd3bj
energy: M062X/6-311G+(2d, p) em=gd3"
605,IL1248,CCC[N+]1(C)CCCC1.N#C[O-],-538.4085792,0.219653,0.276203,497.983864,-0.18567,-0.00404,-538.6847821,-538.1889262,-538.1323762,4.940336,Gaussian,QC,"opt+freq: b3lyp/6-311G** em=gd3bj
energy: M062X/6-311G+(2d, p) em=gd3"
606,IL1250,CCC[N+]1(C)CCCC1.O=S(=O)([N-]S(=O)(=O)C(F)(F)C(F)(F)F)C(F)(F)C(F)(F)F,-2673.1533194,0.258016,0.359381,892.6187440000001,-0.26548,-0.01096,-2673.8117417,-2672.8953034,-2672.7939384,6.922943999999999,Gaussian,QC,"opt+freq: b3lyp/6-311G** em=gd3bj
energy: M062X/6-311G+(2d, p) em=gd3"
607,IL1252,CCC[N+]1(C)CCCC1.O=S(=O)([O-])C(F)(F)C(F)(F)C(F)(F)C(F)(F)F,-2045.1955786,0.250492,0.341172,798.524768,-0.23344,-0.01487,-2045.7738223,-2044.9450866,-2044.8544066,5.945104000000001,Gaussian,QC,"opt+freq: b3lyp/6-311G** em=gd3bj
energy: M062X/6-311G+(2d, p) em=gd3"
608,IL1253,CCC[N+]1(C)CCCC1.O=S(=O)([O-])C(F)(F)F,-1331.8261103,0.228906,0.297263,601.947896,-0.23852,-0.00722,-1332.2138254,-1331.5972043,-1331.5288473,6.29136,Gaussian,QC,"opt+freq: b3lyp/6-311G** em=gd3bj
energy: M062X/6-311G+(2d, p) em=gd3"
609,IL1254,CCC[N+]1(C)CCCC1.[Br-],-2944.5344304,0.209222,0.262857,472.31084,-0.17956,-0.00553,-2944.7368879,-2944.3252084,-2944.2715734,4.733616,Gaussian,QC,"opt+freq: b3lyp/6-311G** em=gd3bj
energy: M062X/6-311G+(2d, p) em=gd3"
610,IL1255,CCC[N+]1(C)CCCCC1.O=S(=O)([N-]S(=O)(=O)C(F)(F)F)C(F)(F)F,-2236.8745129,0.269701,0.359409,789.972672,-0.26127,-0.00712,-2237.4295117,-2236.6048119,-2236.5151039,6.912879999999999,Gaussian,QC,"opt+freq: b3lyp/6-311G** em=gd3bj
energy: M062X/6-311G+(2d, p) em=gd3"
611,IL1256,CCC[N+]1(C)CCCCC1.[Br-],-2983.8405838,0.236844,0.29169,482.98004,-0.17297,-0.00557,-2984.0667265,-2983.6037398,-2983.5488938,4.553280000000001,Gaussian,QC,"opt+freq: b3lyp/6-311G** em=gd3bj
energy: M062X/6-311G+(2d, p) em=gd3"
612,IL1257,CCC[N+]1(C)CCCCC1.[Cl-],-869.8676453,0.238081,0.292064,475.369344,-0.19213,-0.00112,-870.1450401,-869.6295643000001,-869.5755813000001,5.195472,Gaussian,QC,"opt+freq: b3lyp/6-311G** em=gd3bj
energy: M062X/6-311G+(2d, p) em=gd3"
613,IL1259,CCC[N+]1(C)CCOC1.O=S(=O)([N-]S(=O)(=O)C(F)(F)F)C(F)(F)F,-2233.4637977,0.217591,0.306439,782.399632,-0.27279,-0.00569,-2233.9913864,-2233.2462067,-2233.1573587,7.26512,Gaussian,QC,"opt+freq: b3lyp/6-311G** em=gd3bj
energy: M062X/6-311G+(2d, p) em=gd3"
614,IL1261,CCC[N+]1(C)CCOCC1.O=[N+]([O-])[O-],-725.8379219,0.22651,0.285815,522.238512,-0.19529,-0.00073,-726.1718621,-725.6114119,-725.5521069,5.292031999999999,Gaussian,QC,"opt+freq: b3lyp/6-311G** em=gd3bj
energy: M062X/6-311G+(2d, p) em=gd3"
615,IL1262,CCC[N+]1(C)CCOCC1.[Br-],-3019.7393907,0.212909,0.268044,485.515544,-0.17797,-0.00497,-3019.9611374,-3019.5264817,-3019.4713467,4.7056,Gaussian,QC,"opt+freq: b3lyp/6-311G** em=gd3bj
energy: M062X/6-311G+(2d, p) em=gd3"
616,IL1263,CCC[N+]1(C)CCOCC1.[O-][Cl+3]([O-])([O-])[O-],-1206.3194813,0.223802,0.2874,560.0409520000001,-0.25194,-0.00585,-1206.6444334,-1206.0956793,-1206.0320813,6.693648,Gaussian,QC,"opt+freq: b3lyp/6-311G** em=gd3bj
energy: M062X/6-311G+(2d, p) em=gd3"
617,IL1264,CCC[N+]12CCC(CC1)CC2.O=S(=O)([N-]S(=O)(=O)C(F)(F)F)C(F)(F)F,-2274.982398,0.278201,0.366926,781.3117920000001,-0.26501,-0.01111,-2275.5499579,-2274.704197,-2274.615472,6.90608,Gaussian,QC,"opt+freq: b3lyp/6-311G** em=gd3bj
energy: M062X/6-311G+(2d, p) em=gd3"
618,IL1265,CCC[NH+](C)C.O=S(=O)([O-])C(F)(F)F,-1215.1368568,0.167926,0.231573,560.471904,-0.26148,0.00052,-1215.4654222,-1214.9689308,-1214.9052838,7.1264,Gaussian,QC,"opt+freq: b3lyp/6-311G** em=gd3bj
energy: M062X/6-311G+(2d, p) em=gd3"
619,IL1268,CCC[NH+]1C(C)=CC(C)N1C.O=S(=O)([N-]S(=O)(=O)C(F)(F)F)C(F)(F)F,-2290.9701471,0.257415,0.350836,822.662264,-0.26515,-0.03828,-2291.5451711,-2290.7127321,-2290.6193111,6.170864,Gaussian,QC,"opt+freq: b3lyp/6-311G** em=gd3bj
energy: M062X/6-311G+(2d, p) em=gd3"
620,IL1269,CCC[NH2+]CCC.N#C[S-],-783.9973203,0.180981,0.238321,504.929304,-0.20235,-0.00174,-784.2476688,-783.8163393,-783.7589992999999,5.456592000000001,Gaussian,QC,"opt+freq: b3lyp/6-311G** em=gd3bj
energy: M062X/6-311G+(2d, p) em=gd3"
621,IL1270,CCC[NH3+].O=C[O-],-364.2250997,0.117741,0.163343,401.571952,-0.26591,0.01887,-364.4050262,-364.1073587,-364.0617567,7.746015999999999,Gaussian,QC,"opt+freq: b3lyp/6-311G** em=gd3bj
energy: M062X/6-311G+(2d, p) em=gd3"
622,IL1271,CCC[NH3+].O=[N+]([O-])[O-],-455.3503505,0.10776,0.156234,426.8600480000001,-0.28665,-0.04857,-455.5575803,-455.2425905,-455.1941165,6.475776000000001,Gaussian,QC,"opt+freq: b3lyp/6-311G** em=gd3bj
energy: M062X/6-311G+(2d, p) em=gd3"
623,IL1272,CCC[S+](CC)CCC.N#C[N-]C#N,-954.7814815,0.223979,0.292316,601.7763520000001,-0.19818,-0.03451,-955.1099763,-954.5575025,-954.4891655,4.451823999999999,Gaussian,QC,"opt+freq: b3lyp/6-311G** em=gd3bj
energy: M062X/6-311G+(2d, p) em=gd3"
624,IL1274,CCC[n+]1cc[nH]c1CC(=O)c1ccccc1.[Br-],-3302.550575,0.229204,0.297779,603.8725360000001,-0.18695,-0.07821,-3302.8875988,-3302.321371,-3302.252796,2.957728,Gaussian,QC,"opt+freq: b3lyp/6-311G** em=gd3bj
energy: M062X/6-311G+(2d, p) em=gd3"
625,IL1275,CCC[n+]1ccc(C)cc1.O=S(=O)([N-]S(=O)(=O)C(F)(F)F)C(F)(F)F,-2233.276366,0.201861,0.288658,764.33312,-0.27232,-0.0986,-2233.8146622,-2233.074505,-2232.987708,4.725184,Gaussian,QC,"opt+freq: b3lyp/6-311G** em=gd3bj
energy: M062X/6-311G+(2d, p) em=gd3"
626,IL1276,CCC[n+]1cccc(C)c1.[Cl-],-866.257349,0.166415,0.220923,479.996848,-0.18966,-0.1069,-866.51658,-866.090934,-866.036426,2.251072,Gaussian,QC,"opt+freq: b3lyp/6-311G** em=gd3bj
energy: M062X/6-311G+(2d, p) em=gd3"
627,IL1279,CCC[n+]1ccccc1.[Br-],-2940.924695,0.141654,0.192587,448.5122480000001,-0.18057,-0.1117,-2941.1082018,-2940.783041,-2940.732108,1.873264,Gaussian,QC,"opt+freq: b3lyp/6-311G** em=gd3bj
energy: M062X/6-311G+(2d, p) em=gd3"
628,IL1282,CCC[n+]1ccn(C)c1.[Cl-],-844.1962228,0.151282,0.203588,460.604008,-0.17999,-0.06347,-844.4333279,-844.0449408,-843.9926348,3.169344,Gaussian,QC,"opt+freq: b3lyp/6-311G** em=gd3bj
energy: M062X/6-311G+(2d, p) em=gd3"
629,IL1285,CCC[n+]1ccn(C)c1C.O=S(=O)([N-]S(=O)(=O)C(F)(F)F)C(F)(F)F,-2250.5374113,0.210457,0.299738,786.202888,-0.26146,-0.04199,-2251.0739307,-2250.3269543,-2250.2376733,5.969584,Gaussian,QC,"opt+freq: b3lyp/6-311G** em=gd3bj
energy: M062X/6-311G+(2d, p) em=gd3"
630,IL1286,CCC[n+]1ccn(C)c1C.[Br-],-2997.5031178,0.176899,0.232735,491.686944,-0.17952,-0.02307,-2997.7090691,-2997.3262188,-2997.2703828,4.25544,Gaussian,QC,"opt+freq: b3lyp/6-311G** em=gd3bj
energy: M062X/6-311G+(2d, p) em=gd3"
631,IL1287,CCC[n+]1ccn(C)c1C.[Cl-],-883.5114232,0.175339,0.232238,501.050736,-0.1747,-0.05311,-883.7720804,-883.3360842,-883.2791851999999,3.307248,Gaussian,QC,"opt+freq: b3lyp/6-311G** em=gd3bj
energy: M062X/6-311G+(2d, p) em=gd3"
632,IL1288,CCC[n+]1ccn(Cc2ccccc2)c1.O=S(=O)([O-])C(F)(F)F,-1576.5128791,0.241334,0.321717,707.8449360000001,-0.24836,-0.04653,-1576.9921936,-1576.2715451,-1576.1911621,5.489776,Gaussian,QC,"opt+freq: b3lyp/6-311G** em=gd3bj
energy: M062X/6-311G+(2d, p) em=gd3"
633,IL1289,CCC[n+]1cn(C)cn1.O=S(=O)([O-])C(F)(F)F,-1361.5069839,0.158206,0.226585,602.148728,-0.24163,-0.06763,-1361.8728202,-1361.3487779,-1361.2803989,4.7328,Gaussian,QC,"opt+freq: b3lyp/6-311G** em=gd3bj
energy: M062X/6-311G+(2d, p) em=gd3"
634,IL1299,CCCn1cc[n+](C)c1.O=S(=O)([O-])C(F)(F)C(F)(F)C(F)(F)C(F)(F)F,-2058.8553798,0.193929,0.282293,778.1319520000001,-0.2357,-0.06117,-2059.4145208,-2058.6614508,-2058.5730868,4.747216,Gaussian,QC,"opt+freq: b3lyp/6-311G** em=gd3bj
energy: M062X/6-311G+(2d, p) em=gd3"
635,IL1300,CCCn1cc[n+](C)c1.[Cl-],-844.1962262,0.151295,0.203589,460.503592,-0.17998,-0.06346,-844.433328,-844.0449312,-843.9926372,3.169344,Gaussian,QC,"opt+freq: b3lyp/6-311G** em=gd3bj
energy: M062X/6-311G+(2d, p) em=gd3"
636,IL1302,CCCn1cc[n+](CCC)c1.O=S(=O)([N-]S(=O)(=O)C(F)(F)F)C(F)(F)F,-2289.8232111,0.234031,0.328723,833.85028,-0.26124,-0.0648,-2290.3844315,-2289.5891801,-2289.4944881,5.343168,Gaussian,QC,"opt+freq: b3lyp/6-311G** em=gd3bj
energy: M062X/6-311G+(2d, p) em=gd3"
637,IL1303,CCCn1cc[n+](CCC)c1CC(C)C.[Br-],-3194.0225068,0.304437,0.376654,635.934528,-0.16083,-0.0524,-3194.3545447,-3193.7180698,-3193.6458528,2.949296,Gaussian,QC,"opt+freq: b3lyp/6-311G** em=gd3bj
energy: M062X/6-311G+(2d, p) em=gd3"
638,IL1304,CCCn1cc[n+](N)n1.O=[N+]([O-])[O-],-696.2973609,0.141082,0.198469,505.351888,-0.1956,-0.10004,-696.5900223,-696.1562789,-696.0988918999999,2.599232,Gaussian,QC,"opt+freq: b3lyp/6-311G** em=gd3bj
energy: M062X/6-311G+(2d, p) em=gd3"
639,IL1305,CCCn1cc[nH+]c1.C[C@H](O)C(=O)[O-],-687.6809438,0.19912,0.261814,552.082984,-0.19477,-0.06055,-687.9942348,-687.4818238,-687.4191298000001,3.650784,Gaussian,QC,"opt+freq: b3lyp/6-311G** em=gd3bj
energy: M062X/6-311G+(2d, p) em=gd3"
640,IL1306,CCN(CC)c1c(N(CC)CC)c1=[N+](CC)CC.O=S(=O)([N-]S(=O)(=O)C(F)(F)F)C(F)(F)F,-2580.948415,0.402474,0.518563,1022.27672,-0.21197,0.00826,-2581.6851438,-2580.545941,-2580.429852,5.990256,Gaussian,QC,"opt+freq: b3lyp/6-311G** em=gd3bj
energy: M062X/6-311G+(2d, p) em=gd3"
641,IL1307,CCOC(=O)CCC[N+](CC)(CC)CC.[Br-],-3252.2145941,0.316244,0.388273,634.2860320000001,-0.17548,-0.00518,-3252.5583695,-3251.8983501,-3251.8263211,4.63216,Gaussian,QC,"opt+freq: b3lyp/6-311G** em=gd3bj
energy: M062X/6-311G+(2d, p) em=gd3"
642,IL1308,CCOC(=O)CCC[N+]1(C)CCCC1.[Br-],-3211.703578,0.271555,0.337913,584.341624,-0.17858,-0.01308,-3212.0134583,-3211.432023,-3211.365665,4.501599999999999,Gaussian,QC,"opt+freq: b3lyp/6-311G** em=gd3bj
energy: M062X/6-311G+(2d, p) em=gd3"
643,IL1309,CCOC(=O)C[N+](C)(C)C.COS(=O)(=O)[O-],-1220.4481906,0.231185,0.303409,636.0056559999999,-0.2269,-0.01907,-1220.813285,-1220.2170056,-1220.1447816,5.652976,Gaussian,QC,"opt+freq: b3lyp/6-311G** em=gd3bj
energy: M062X/6-311G+(2d, p) em=gd3"
644,IL1311,CCOC(=O)C[N+]1(C)CCOCC1.[Br-],-3208.2954186,0.222879,0.285028,547.279752,-0.17849,-0.03286,-3208.5736172,-3208.0725396,-3208.0103906,3.961136,Gaussian,QC,"opt+freq: b3lyp/6-311G** em=gd3bj
energy: M062X/6-311G+(2d, p) em=gd3"
645,IL1312,CCOC(=O)Cn1cc[n+](C)c1.N#C[N-]C#N,-812.9726419,0.176534,0.24651,616.2027840000001,-0.19954,-0.05386,-813.3158908,-812.7961079,-812.7261319,3.962496,Gaussian,QC,"opt+freq: b3lyp/6-311G** em=gd3bj
energy: M062X/6-311G+(2d, p) em=gd3"
646,IL1313,CCOC(=O)[C@@H](C)n1cc[n+](C)c1.O=S(=O)([N-]S(=O)(=O)C(F)(F)F)C(F)(F)F,-2439.0953722,0.221241,0.316841,841.850088,-0.27757,-0.04702,-2439.6933171,-2438.8741312,-2438.7785312,6.27096,Gaussian,QC,"opt+freq: b3lyp/6-311G** em=gd3bj
energy: M062X/6-311G+(2d, p) em=gd3"
647,IL1315,CCOC(=O)[C@@H]([NH3+])Cc1ccccc1.O=S(=O)([N-]S(=O)(=O)C(F)(F)C(F)(F)F)C(F)(F)C(F)(F)F,-2936.7404074,0.250041,0.365262,1014.628368,-0.26722,-0.04275,-2937.4878985,-2936.4903664,-2936.3751454,6.105584,Gaussian,QC,"opt+freq: b3lyp/6-311G** em=gd3bj
energy: M062X/6-311G+(2d, p) em=gd3"
648,IL1316,CCOC(=O)[C@@H]1CCC[N+]1(CC)CC.[Br-],-3211.6934278,0.271539,0.337215,578.345952,-0.1685,-0.03717,-3212.0038643,-3211.4218888,-3211.3562128,3.572176,Gaussian,QC,"opt+freq: b3lyp/6-311G** em=gd3bj
energy: M062X/6-311G+(2d, p) em=gd3"
649,IL1322,CCOS(=O)(=O)[O-].CC[N+](CC)(CC)CC(=O)OC,-1338.3612487,0.311507,0.390472,695.364064,-0.22634,-0.03936,-1338.8033297,-1338.0497417,-1337.9707767,5.085856,Gaussian,QC,"opt+freq: b3lyp/6-311G** em=gd3bj
energy: M062X/6-311G+(2d, p) em=gd3"
650,IL1323,CCOS(=O)(=O)[O-].CC[N+]1(C)CCCC1,-1109.310747,0.256671,0.322873,582.973456,-0.22331,0.00049,-1109.6554272,-1109.054076,-1108.987874,6.087359999999999,Gaussian,QC,"opt+freq: b3lyp/6-311G** em=gd3bj
energy: M062X/6-311G+(2d, p) em=gd3"
651,IL1326,CCOc1ccc(C(=O)C[n+]2ccn(C)c2)cc1.[Cl-],-1263.7636157,0.233379,0.303657,618.8638080000001,-0.19426,-0.07625,-1264.1683197,-1263.5302367,-1263.4599587,3.209872,Gaussian,QC,"opt+freq: b3lyp/6-311G** em=gd3bj
energy: M062X/6-311G+(2d, p) em=gd3"
652,IL1328,CCOc1cccc(C(=O)C[n+]2ccn(C)c2)c1.[Cl-],-1263.7669809,0.23167,0.302684,625.349008,-0.2084,-0.08222,-1264.1711923,-1263.5353109,-1263.4642969,3.432096,Gaussian,QC,"opt+freq: b3lyp/6-311G** em=gd3bj
energy: M062X/6-311G+(2d, p) em=gd3"
653,IL1329,CC[C@H](C)CC=CC(C)(C)[n+]1ccn(C)c1.F[P-](F)(F)(F)(F)F,-1598.560139,0.320433,0.406742,760.0277840000001,-0.26175,-0.0465,-1599.0925995,-1598.239706,-1598.153397,5.8548,Gaussian,QC,"opt+freq: b3lyp/6-311G** em=gd3bj
energy: M062X/6-311G+(2d, p) em=gd3"
654,IL1330,CC[C@H](C)[C@H]([NH3+])C(=O)O.O=[N+]([O-])[O-],-722.5352685,0.168779,0.231309,550.639504,-0.2852,-0.05874,-722.8486108,-722.3664895000001,-722.3039595,6.159712,Gaussian,QC,"opt+freq: b3lyp/6-311G** em=gd3bj
energy: M062X/6-311G+(2d, p) em=gd3"
655,IL1331,CC[N+](C)(C(C)C)C(C)C.O=S(=O)([N-]S(=O)(=O)C(F)(F)F)C(F)(F)F,-2238.0580428,0.287842,0.379666,808.59984,-0.2663,-0.01164,-2238.622815,-2237.7702008,-2237.6783768,6.926752,Gaussian,QC,"opt+freq: b3lyp/6-311G** em=gd3bj
energy: M062X/6-311G+(2d, p) em=gd3"
656,IL1332,CC[N+](C)(C)C.O=S(=O)([N-]S(=O)(=O)C(F)(F)F)C(F)(F)F,-2080.8490625,0.181939,0.264276,725.053728,-0.26573,-0.01355,-2081.3172778,-2080.6671235,-2080.5847865,6.859296000000001,Gaussian,QC,"opt+freq: b3lyp/6-311G** em=gd3bj
energy: M062X/6-311G+(2d, p) em=gd3"
657,IL1333,CC[N+](C)(C)C12CC3CC(CC(C3)C1)C2.O=S(=O)([N-]S(=O)(=O)C(F)(F)F)C(F)(F)F,-2431.005301,0.366049,0.460248,829.51984,-0.25792,-0.01042,-2431.6562184,-2430.639252,-2430.545053,6.731999999999999,Gaussian,QC,"opt+freq: b3lyp/6-311G** em=gd3bj
energy: M062X/6-311G+(2d, p) em=gd3"
658,IL1334,CC[N+](C)(C)CC.O=C([O-])/C=C\C(=O)O,-748.0380172,0.234982,0.301638,586.964992,-0.19101,-0.02823,-748.3880392,-747.8030352000001,-747.7363792,4.427616,Gaussian,QC,"opt+freq: b3lyp/6-311G** em=gd3bj
energy: M062X/6-311G+(2d, p) em=gd3"
659,IL1336,CC[N+](C)(C)CCO.CS(=O)(=O)[O-],-1031.9040664,0.225262,0.286899,542.773584,-0.22002,-0.0046,-1032.2140031,-1031.6788044,-1031.6171674,5.859424,Gaussian,QC,"opt+freq: b3lyp/6-311G** em=gd3bj
energy: M062X/6-311G+(2d, p) em=gd3"
660,IL1342,CC[N+](C)(C)CCOCCOCCN(C(C)C)C(C)C.O=S(=O)([N-]S(=O)(=O)C(F)(F)F)C(F)(F)F,-2718.9533316,0.487317,0.609886,1079.333928,-0.19279,-0.0096,-2719.7572472,-2718.4660146,-2718.3434456,4.982768,Gaussian,QC,"opt+freq: b3lyp/6-311G** em=gd3bj
energy: M062X/6-311G+(2d, p) em=gd3"
661,IL1344,CC[N+](C)(CC)CC.COS(=O)(=O)[O-],-1071.1918606,0.249978,0.315345,575.617984,-0.22224,-0.00823,-1071.5231707,-1070.9418826,-1070.8765156,5.821072,Gaussian,QC,"opt+freq: b3lyp/6-311G** em=gd3bj
energy: M062X/6-311G+(2d, p) em=gd3"
662,IL1345,CC[N+](C)(CC)CC.O=S(=O)([N-]S(=O)(=O)C(F)(F)F)C(F)(F)F,-2159.4544343,0.235059,0.32245,769.567304,-0.27005,-0.01332,-2159.9742539,-2159.2193753,-2159.1319843,6.983056,Gaussian,QC,"opt+freq: b3lyp/6-311G** em=gd3bj
energy: M062X/6-311G+(2d, p) em=gd3"
663,IL1346,CC[N+](C)(CC)CCO.CS(=O)(=O)[O-],-1071.1991184,0.250799,0.316128,575.283264,-0.20816,0.00272,-1071.5299896,-1070.9483194,-1070.8829904,5.735936000000001,Gaussian,QC,"opt+freq: b3lyp/6-311G** em=gd3bj
energy: M062X/6-311G+(2d, p) em=gd3"
664,IL1349,CC[N+](C)(CC)CCOC.O=S(=O)([N-]S(=O)(=O)C(F)(F)C(F)(F)C(F)(F)F)C(F)(F)C(F)(F)C(F)(F)F,-3225.1447954,0.293998,0.415826,1072.811072,-0.26899,0.0,-3225.9617301,-3224.8507974,-3224.7289694,7.316528,Gaussian,QC,"opt+freq: b3lyp/6-311G** em=gd3bj
energy: M062X/6-311G+(2d, p) em=gd3"
665,IL1350,CC[N+](CC)(CC)CC#N.[Br-],-2998.6519337,0.196924,0.254526,507.243056,-0.18607,-0.03156,-2998.8686098,-2998.4550097,-2998.3974077,4.202672,Gaussian,QC,"opt+freq: b3lyp/6-311G** em=gd3bj
energy: M062X/6-311G+(2d, p) em=gd3"
666,IL1353,CC[N+](CC)(CC)CC.N#Cc1nc[n-]c1C#N,-781.6222421,0.274686,0.345839,626.57492,-0.21246,-0.02303,-781.9967919,-781.3475561,-781.2764031,5.152496,Gaussian,QC,"opt+freq: b3lyp/6-311G** em=gd3bj
energy: M062X/6-311G+(2d, p) em=gd3"
667,IL1354,CC[N+](CC)(CC)CC.O=C([O-])C1([N+](=O)[O-])C=NN=N1,-1006.2260413,0.271404,0.354376,730.643552,-0.23053,-0.04038,-1006.6788326,-1005.9546373,-1005.8716653,5.17208,Gaussian,QC,"opt+freq: b3lyp/6-311G** em=gd3bj
energy: M062X/6-311G+(2d, p) em=gd3"
668,IL1355,CC[N+](CC)(CC)CC.O=C([O-])C1([N+](=O)[O-])N=NC([N+](=O)[O-])=N1,-1210.7470261,0.27263,0.359523,765.174104,-0.25957,-0.08061,-1211.2602042,-1210.4743961,-1210.3875031,4.867712,Gaussian,QC,"opt+freq: b3lyp/6-311G** em=gd3bj
energy: M062X/6-311G+(2d, p) em=gd3"
669,IL1356,CC[N+](CC)(CC)CC.O=C([O-])c1c([N+](=O)[O-])ccc2[nH]nnc12,-1159.8308581,0.320265,0.402346,722.80692,-0.20471,-0.07236,-1160.3503589,-1159.5105931,-1159.4285121,3.59992,Gaussian,QC,"opt+freq: b3lyp/6-311G** em=gd3bj
energy: M062X/6-311G+(2d, p) em=gd3"
670,IL1357,CC[N+](CC)(CC)CC.O=C([O-])c1nnn[nH]1,-817.753349,0.268588,0.338549,616.077264,-0.21597,-0.0042,-818.1308317,-817.4847609999999,-817.4148,5.760143999999999,Gaussian,QC,"opt+freq: b3lyp/6-311G** em=gd3bj
energy: M062X/6-311G+(2d, p) em=gd3"
671,IL1359,CC[N+](CC)(CC)CC.O=S(=O)([N-]S(=O)(=O)C(F)(F)C(F)(F)F)C(F)(F)C(F)(F)F,-2674.3505191,0.275716,0.380743,924.860648,-0.26554,-0.00772,-2675.0215059,-2674.0748031,-2673.9697761,7.012703999999999,Gaussian,QC,"opt+freq: b3lyp/6-311G** em=gd3bj
energy: M062X/6-311G+(2d, p) em=gd3"
672,IL1360,CC[N+](CC)(CC)CC.O=S(=O)([N-]S(=O)(=O)C(F)(F)F)C(F)(F)F,-2198.7617345,0.259118,0.351273,811.511904,-0.26145,-0.00789,-2199.3030513,-2198.5026165,-2198.4104615,6.896832,Gaussian,QC,"opt+freq: b3lyp/6-311G** em=gd3bj
energy: M062X/6-311G+(2d, p) em=gd3"
673,IL1361,CC[N+](CC)(CC)CC.O=S(=O)([O-])OCC(F)(F)C(F)(F)C(F)(F)C(F)F,-2061.681808,0.307618,0.404621,854.2054400000001,-0.23172,-0.00629,-2062.2903068,-2061.37419,-2061.277187,6.131696000000001,Gaussian,QC,"opt+freq: b3lyp/6-311G** em=gd3bj
energy: M062X/6-311G+(2d, p) em=gd3"
674,IL1362,CC[N+](CC)(CC)CC.O=S(=O)([O-])OCC(F)(F)C(F)F,-1586.1012782,0.292675,0.375334,727.89048,-0.23262,-0.00341,-1586.5851759,-1585.8086032,-1585.7259442,6.234512,Gaussian,QC,"opt+freq: b3lyp/6-311G** em=gd3bj
energy: M062X/6-311G+(2d, p) em=gd3"
675,IL1363,CC[N+](CC)(CC)CC.O=S(=O)([O-])OCC(F)(F)F,-1447.5646088,0.273575,0.35299,699.330496,-0.23311,-0.00594,-1448.0015073,-1447.2910338,-1447.2116188,6.179024,Gaussian,QC,"opt+freq: b3lyp/6-311G** em=gd3bj
energy: M062X/6-311G+(2d, p) em=gd3"
676,IL1364,CC[N+](CC)(CC)CC.O=[N+]([O-])[O-],-651.8232933,0.241162,0.301709,533.171304,-0.18023,-0.00498,-652.1459355,-651.5821313,-651.5215843000001,4.7668,Gaussian,QC,"opt+freq: b3lyp/6-311G** em=gd3bj
energy: M062X/6-311G+(2d, p) em=gd3"
677,IL1365,CC[N+](CC)(CC)CC.O=[N+]([O-])c1c[n-]c([N+](=O)[O-])n1,-1006.1362877,0.279798,0.354715,659.720568,-0.22601,-0.07697,-1006.5883191,-1005.8564897,-1005.7815727,4.053888,Gaussian,QC,"opt+freq: b3lyp/6-311G** em=gd3bj
energy: M062X/6-311G+(2d, p) em=gd3"
678,IL1366,CC[N+](CC)(CC)CC.O=[N+]([O-])c1c[n-]cn1,-801.6283852,0.282177,0.349611,593.826752,-0.19927,-0.04496,-802.0122968,-801.3462082,-801.2787742,4.197232,Gaussian,QC,"opt+freq: b3lyp/6-311G** em=gd3bj
energy: M062X/6-311G+(2d, p) em=gd3"
679,IL1367,CC[N+](CC)(CC)CC.O=[N+]([O-])c1ccc2nc[n-]c2c1,-955.2535501,0.322608,0.397398,658.60344,-0.1953,-0.0607,-955.7100126,-954.9309421,-954.8561521,3.66112,Gaussian,QC,"opt+freq: b3lyp/6-311G** em=gd3bj
energy: M062X/6-311G+(2d, p) em=gd3"
680,IL1368,CC[N+](CC)(CC)CC.O=[N+]([O-])c1nc[n-]c1[N+](=O)[O-],-1006.1232529,0.279058,0.354978,668.548808,-0.22308,-0.07441,-1006.5727605,-1005.8441949,-1005.7682749,4.043824,Gaussian,QC,"opt+freq: b3lyp/6-311G** em=gd3bj
energy: M062X/6-311G+(2d, p) em=gd3"
681,IL1369,CC[N+](CC)(CC)CC.[Cl-],-831.7479198,0.229467,0.284004,480.252072,-0.1821,-0.00183,-832.0128037,-831.5184528,-831.4639158,4.903344000000001,Gaussian,QC,"opt+freq: b3lyp/6-311G** em=gd3bj
energy: M062X/6-311G+(2d, p) em=gd3"
682,IL1370,CC[N+](CC)(CC)CCCS(=O)(=O)O.O=S(=O)([O-])O,-1734.3498636,0.286231,0.363342,679.0339120000001,-0.24341,-0.01563,-1734.7797211,-1734.0636326,-1733.9865216,6.195615999999999,Gaussian,QC,"opt+freq: b3lyp/6-311G** em=gd3bj
energy: M062X/6-311G+(2d, p) em=gd3"
683,IL1371,CC[N+](CC)(CC)CCO.CS(=O)(=O)[O-],-1110.4988585,0.276834,0.344671,597.3747840000001,-0.20992,0.00011,-1110.8572644,-1110.2220245,-1110.1541875,5.712816,Gaussian,QC,"opt+freq: b3lyp/6-311G** em=gd3bj
energy: M062X/6-311G+(2d, p) em=gd3"
684,IL1378,CC[N+](CC)(CC)COC.O=S(=O)([N-]S(=O)(=O)C(F)(F)F)C(F)(F)F,-2273.9754377,0.262014,0.357145,837.7204800000001,-0.2685,0.0015,-2274.539347,-2273.7134237,-2273.6182927,7.344,Gaussian,QC,"opt+freq: b3lyp/6-311G** em=gd3bj
energy: M062X/6-311G+(2d, p) em=gd3"
685,IL1379,CC[N+](CC)(CC)Cc1ccccc1.N#C[N-]C#N,-803.671047,0.290968,0.363989,643.022224,-0.18939,-0.04586,-804.0709671,-803.380079,-803.3070580000001,3.904015999999999,Gaussian,QC,"opt+freq: b3lyp/6-311G** em=gd3bj
energy: M062X/6-311G+(2d, p) em=gd3"
686,IL1380,CC[N+](CC)(CC)Cc1ccccc1.N#C[S-],-1054.2899756,0.28188,0.349847,598.517016,-0.17191,-0.04686,-1054.6713218,-1054.0080956,-1053.9401286,3.40136,Gaussian,QC,"opt+freq: b3lyp/6-311G** em=gd3bj
energy: M062X/6-311G+(2d, p) em=gd3"
687,IL1381,CC[N+](CC)(CC)Cc1ccccc1.O=S(=O)([N-]S(=O)(=O)C(F)(F)F)C(F)(F)F,-2390.4741935,0.306005,0.405583,876.8827200000001,-0.259,-0.0496,-2391.1026814,-2390.1681885,-2390.0686105,5.69568,Gaussian,QC,"opt+freq: b3lyp/6-311G** em=gd3bj
energy: M062X/6-311G+(2d, p) em=gd3"
688,IL1382,CC[N+](CC)(CC)Cc1ccccc1.O=S(=O)([O-])C(F)(F)F,-1524.7398742,0.292542,0.372835,707.058344,-0.23343,-0.04721,-1525.2247258,-1524.4473322,-1524.3670392,5.065183999999999,Gaussian,QC,"opt+freq: b3lyp/6-311G** em=gd3bj
energy: M062X/6-311G+(2d, p) em=gd3"
689,IL1383,CC[N+]1(C)CCCC1.CS(=O)(=O)[O-],-994.7874271,0.228998,0.288148,520.870344,-0.21115,0.00388,-995.0894833,-994.5584290999999,-994.4992791,5.848816,Gaussian,QC,"opt+freq: b3lyp/6-311G** em=gd3bj
energy: M062X/6-311G+(2d, p) em=gd3"
690,IL1384,CC[N+]1(C)CCCC1.Cc1ccc(S(=O)(=O)[O-])cc1,-1225.7997625,0.29762,0.371191,647.8589280000001,-0.21747,-0.00757,-1226.2148403,-1225.5021425,-1225.4285715,5.70928,Gaussian,QC,"opt+freq: b3lyp/6-311G** em=gd3bj
energy: M062X/6-311G+(2d, p) em=gd3"
691,IL1386,CC[N+]1(C)CCCC1.N#C[N-]C#N,-571.4547788,0.201917,0.259553,507.535936,-0.19673,-0.01069,-571.7333934,-571.2528618,-571.1952258,5.060287999999999,Gaussian,QC,"opt+freq: b3lyp/6-311G** em=gd3bj
energy: M062X/6-311G+(2d, p) em=gd3"
692,IL1387,CC[N+]1(C)CCCC1.N#C[O-],-499.0987358,0.194868,0.246835,457.625,-0.17925,-0.01078,-499.3500683,-498.9038678,-498.8519008,4.582383999999999,Gaussian,QC,"opt+freq: b3lyp/6-311G** em=gd3bj
energy: M062X/6-311G+(2d, p) em=gd3"
693,IL1388,CC[N+]1(C)CCCC1.O=S(=O)(F)[N-]S(=O)(=O)F,-1682.6734833,0.201102,0.271785,622.4327599999999,-0.26686,-0.02506,-1683.044776,-1682.4723813,-1682.4016983,6.57696,Gaussian,QC,"opt+freq: b3lyp/6-311G** em=gd3bj
energy: M062X/6-311G+(2d, p) em=gd3"
694,IL1389,CC[N+]1(C)CCCC1.O=S(=O)([N-]S(=O)(=O)C(F)(F)C(F)(F)C(F)(F)C(F)(F)F)C(F)(F)C(F)(F)C(F)(F)C(F)(F)F,-3585.0193142,0.263479,0.388905,1104.496504,-0.26898,-0.00721,-3585.9092418,-3584.7558352,-3584.6304092,7.120144,Gaussian,QC,"opt+freq: b3lyp/6-311G** em=gd3bj
energy: M062X/6-311G+(2d, p) em=gd3"
695,IL1391,CC[N+]1(C)CCCC1.O=S(=O)([O-])C(F)(F)C(F)(F)C(F)(F)C(F)(F)F,-2005.902115,0.22523,0.312295,766.684528,-0.24581,-0.01255,-2006.4562523,-2005.676885,-2005.58982,6.344672,Gaussian,QC,"opt+freq: b3lyp/6-311G** em=gd3bj
energy: M062X/6-311G+(2d, p) em=gd3"
696,IL1393,CC[N+]1(C)CCCCC1.[Br-],-2944.5392544,0.211432,0.262903,453.25272,-0.17569,-0.00018,-2944.741881,-2944.3278224,-2944.2763514,4.773872,Gaussian,QC,"opt+freq: b3lyp/6-311G** em=gd3bj
energy: M062X/6-311G+(2d, p) em=gd3"
697,IL1394,CC[N+]1(C)CCOCC1.O=S(=O)([N-]S(=O)(=O)C(F)(F)F)C(F)(F)F,-2233.4673752,0.219172,0.30656,769.5380160000001,-0.25372,-0.00353,-2233.9927369,-2233.2482032,-2233.1608152,6.805168,Gaussian,QC,"opt+freq: b3lyp/6-311G** em=gd3bj
energy: M062X/6-311G+(2d, p) em=gd3"
698,IL1395,CC[N+]1(C)CCOCC1.[Br-],-2980.433669,0.187527,0.238936,452.712984,-0.1772,-0.00604,-2980.6311445,-2980.246142,-2980.194733,4.655552,Gaussian,QC,"opt+freq: b3lyp/6-311G** em=gd3bj
energy: M062X/6-311G+(2d, p) em=gd3"
699,IL1396,CC[N+]1(CC)CCNCC1.O=S(=O)([O-])OCC(F)(F)C(F)(F)C(F)(F)C(F)F,-2115.8381194,0.305732,0.401208,840.749696,-0.23505,-0.01052,-2116.4561395,-2115.5323874,-2115.4369114,6.107216,Gaussian,QC,"opt+freq: b3lyp/6-311G** em=gd3bj
energy: M062X/6-311G+(2d, p) em=gd3"
700,IL1397,CC[N+]12CCN(CC1)CC2.O=S(=O)([N-]S(=O)(=O)C(F)(F)F)C(F)(F)F,-2251.6972846,0.239235,0.326252,766.270312,-0.25383,-0.01196,-2252.2370169,-2251.4580496,-2251.3710326,6.578864,Gaussian,QC,"opt+freq: b3lyp/6-311G** em=gd3bj
energy: M062X/6-311G+(2d, p) em=gd3"
701,IL1398,CC[N+]1=C2CCCCCN2CCC1.N#C[S-],-1032.2722205,0.270658,0.334677,563.747976,-0.17405,-0.03955,-1032.6359162,-1032.0015625,-1031.9375435,3.6584,Gaussian,QC,"opt+freq: b3lyp/6-311G** em=gd3bj
energy: M062X/6-311G+(2d, p) em=gd3"
702,IL1399,CC[N+]1=C2CCCCCN2CCC1.[Br-],-3115.4239136,0.263418,0.322879,523.610864,-0.17737,-0.03034,-3115.7020521,-3115.1604956,-3115.1010346,3.999216,Gaussian,QC,"opt+freq: b3lyp/6-311G** em=gd3bj
energy: M062X/6-311G+(2d, p) em=gd3"
703,IL1400,CC[NH+](C)C.O=S(=O)([N-]S(=O)(=O)C(F)(F)F)C(F)(F)F,-2041.5636424,0.157813,0.235729,686.121608,-0.29884,0.00058,-2042.0171336,-2041.4058294,-2041.3279134,8.144224,Gaussian,QC,"opt+freq: b3lyp/6-311G** em=gd3bj
energy: M062X/6-311G+(2d, p) em=gd3"
704,IL1401,CC[NH+](C)C.O=S(=O)([O-])C(F)(F)F,-1175.8322854,0.141552,0.202416,535.9704,-0.26594,0.00149,-1176.1366642,-1175.6907334,-1175.6298694,7.274096,Gaussian,QC,"opt+freq: b3lyp/6-311G** em=gd3bj
energy: M062X/6-311G+(2d, p) em=gd3"
705,IL1405,CC[NH+](CC)CC.CS(=O)(=O)[O-],-956.7080612,0.217998,0.280081,546.698176,-0.23203,0.01474,-957.0006822,-956.4900632,-956.4279802,6.712143999999999,Gaussian,QC,"opt+freq: b3lyp/6-311G** em=gd3bj
energy: M062X/6-311G+(2d, p) em=gd3"
706,IL1406,CC[NH+](CC)CC.O=C([O-])C(F)(F)C(F)(F)C(F)(F)F,-1294.7638954,0.208543,0.286325,684.950088,-0.23679,0.00518,-1295.2284627,-1294.5553524,-1294.4775704,6.581583999999999,Gaussian,QC,"opt+freq: b3lyp/6-311G** em=gd3bj
energy: M062X/6-311G+(2d, p) em=gd3"
707,IL1407,CC[NH+](CC)CC.O=C([O-])C(F)(F)F,-819.1829356,0.19125,0.256258,572.459064,-0.25057,0.01186,-819.5185492,-818.9916856,-818.9266776,7.138096,Gaussian,QC,"opt+freq: b3lyp/6-311G** em=gd3bj
energy: M062X/6-311G+(2d, p) em=gd3"
708,IL1409,CC[NH+](CC)CC.O=S(=O)([N-]S(=O)(=O)C(F)(F)F)C(F)(F)F,-2120.1787157,0.210147,0.293902,737.5387840000001,-0.29588,0.00326,-2120.6816697,-2119.9685687,-2119.8848137,8.136607999999999,Gaussian,QC,"opt+freq: b3lyp/6-311G** em=gd3bj
energy: M062X/6-311G+(2d, p) em=gd3"
709,IL1410,CC[NH+](CC)CC.O=S(=O)([O-])C(F)(F)C(F)(F)C(F)(F)C(F)(F)C(F)(F)C(F)(F)C(F)(F)C(F)(F)F,-2918.9926438,0.248404,0.363102,1010.021784,-0.26603,-0.01836,-2919.7884895,-2918.7442398,-2918.6295418,6.736624,Gaussian,QC,"opt+freq: b3lyp/6-311G** em=gd3bj
energy: M062X/6-311G+(2d, p) em=gd3"
710,IL1411,CC[NH+](CC)CC.O=S(=O)([O-])C(F)(F)C(F)(F)C(F)(F)C(F)(F)F,-1967.824192,0.2162,0.304538,777.901832,-0.26548,0.00247,-1968.3672634,-1967.607992,-1967.519654,7.28824,Gaussian,QC,"opt+freq: b3lyp/6-311G** em=gd3bj
energy: M062X/6-311G+(2d, p) em=gd3"
711,IL1412,CC[NH+](CC)CC.O=S(=O)([O-])C(F)(F)F,-1254.4447816,0.192916,0.260374,594.031768,-0.25909,0.00353,-1254.797833,-1254.2518656,-1254.1844076,7.143263999999999,Gaussian,QC,"opt+freq: b3lyp/6-311G** em=gd3bj
energy: M062X/6-311G+(2d, p) em=gd3"
712,IL1413,CC[NH+](CC)CC.O=S(=O)([O-])O,-992.6326101,0.196231,0.257331,538.0498480000001,-0.25155,0.00784,-992.9159949,-992.4363791,-992.3752791,7.055408,Gaussian,QC,"opt+freq: b3lyp/6-311G** em=gd3bj
energy: M062X/6-311G+(2d, p) em=gd3"
713,IL1415,CC[NH+]1CCCCC1.CS(=O)(=O)[O-],-994.8019198,0.229045,0.289394,531.439128,-0.21249,-0.01582,-995.1063562,-994.5728747999999,-994.5125257999999,5.349424,Gaussian,QC,"opt+freq: b3lyp/6-311G** em=gd3bj
energy: M062X/6-311G+(2d, p) em=gd3"
714,IL1416,CC[NH+]1CCCCC1.O=S(=O)([O-])C(F)(F)F,-1292.5608807,0.20281,0.268469,578.191144,-0.26201,0.00773,-1292.9268446,-1292.3580707,-1292.2924117,7.336928,Gaussian,QC,"opt+freq: b3lyp/6-311G** em=gd3bj
energy: M062X/6-311G+(2d, p) em=gd3"
715,IL1417,CC[NH2+]C.O=[N+]([O-])[O-],-455.3415971,0.107069,0.155524,426.692688,-0.27812,-0.04734,-455.5490293,-455.2345281,-455.1860731,6.277215999999999,Gaussian,QC,"opt+freq: b3lyp/6-311G** em=gd3bj
energy: M062X/6-311G+(2d, p) em=gd3"
716,IL1419,CC[NH2+]CC.O=S(=O)([O-])O,-914.0252937,0.143885,0.200356,497.285136,-0.25756,0.00142,-914.2614846,-913.8814087000001,-913.8249377,7.044256,Gaussian,QC,"opt+freq: b3lyp/6-311G** em=gd3bj
energy: M062X/6-311G+(2d, p) em=gd3"
717,IL1420,CC[NH3+].O=C([O-])C(F)(F)C(F)(F)C(F)(F)C(F)(F)C(F)(F)C(F)(F)C(F)(F)F,-2088.7307494,0.135501,0.229894,831.2143599999999,-0.2908,-0.03035,-2089.34805,-2088.5952484,-2088.5008554,7.08424,Gaussian,QC,"opt+freq: b3lyp/6-311G** em=gd3bj
energy: M062X/6-311G+(2d, p) em=gd3"
718,IL1421,CC[NH3+].O=C([O-])C(F)(F)C(F)(F)C(F)(F)F,-1137.5610072,0.10252,0.171353,606.1402640000001,-0.28889,-0.02567,-1137.926856,-1137.4584872,-1137.3896542,7.159584,Gaussian,QC,"opt+freq: b3lyp/6-311G** em=gd3bj
energy: M062X/6-311G+(2d, p) em=gd3"
719,IL1423,CC[NH3+].O=S(=O)([N-]S(=O)(=O)C(F)(F)F)C(F)(F)F,-1962.9598238,0.100773,0.178494,684.410352,-0.28753,-0.0176,-1963.3653647,-1962.8590508,-1962.7813298,7.342096,Gaussian,QC,"opt+freq: b3lyp/6-311G** em=gd3bj
energy: M062X/6-311G+(2d, p) em=gd3"
720,IL1424,CC[NH3+].O=S(=O)([O-])O,-835.4184659,0.093188,0.142177,431.399688,-0.26472,-0.00973,-835.6042845,-835.3252779,-835.2762889,6.935727999999999,Gaussian,QC,"opt+freq: b3lyp/6-311G** em=gd3bj
energy: M062X/6-311G+(2d, p) em=gd3"
721,IL1425,CC[NH3+].O=[N+]([O-])[O-],-416.0453514,0.082326,0.127323,396.237352,-0.28795,-0.04941,-416.2281965,-415.9630254,-415.9180284,6.488287999999999,Gaussian,QC,"opt+freq: b3lyp/6-311G** em=gd3bj
energy: M062X/6-311G+(2d, p) em=gd3"
722,IL1428,CC[P+](C)(CC)CC(C)C.N#C[S-],-1188.5167053,0.246833,0.316001,609.094168,-0.1801,-0.01018,-1188.8629351,-1188.2698723,-1188.2007043,4.621824,Gaussian,QC,"opt+freq: b3lyp/6-311G** em=gd3bj
energy: M062X/6-311G+(2d, p) em=gd3"
723,IL1429,CC[P+](C)(CC)CC(C)C.O=S(=O)(F)[N-]S(=O)(=O)F,-2049.1297962,0.259752,0.342544,729.066184,-0.27615,-0.01744,-2049.5874953,-2048.8700442,-2048.7872522,7.036912,Gaussian,QC,"opt+freq: b3lyp/6-311G** em=gd3bj
energy: M062X/6-311G+(2d, p) em=gd3"
724,IL1430,CC[P+](C)(CC)CC.O=S(=O)(F)[N-]S(=O)(=O)F,-1970.5093363,0.205979,0.284836,694.410112,-0.27233,-0.02111,-1970.9160401,-1970.3033573,-1970.2245003,6.833184,Gaussian,QC,"opt+freq: b3lyp/6-311G** em=gd3bj
energy: M062X/6-311G+(2d, p) em=gd3"
725,IL1431,CC[P+](C)(CC)CC.O=S(=O)([N-]S(=O)(=O)C(F)(F)F)C(F)(F)F,-2446.0895632,0.222438,0.314331,809.2065200000001,-0.28055,-0.01318,-2446.636987,-2445.8671252,-2445.7752322,7.272463999999999,Gaussian,QC,"opt+freq: b3lyp/6-311G** em=gd3bj
energy: M062X/6-311G+(2d, p) em=gd3"
726,IL1432,CC[P+](CC)(CC)C1CCCC1.O=[N+]([O-])c1cn[n-]c1,-1204.9449438,0.324548,0.406927,725.426104,-0.20972,-0.02515,-1205.4236437,-1204.6203958,-1204.5380168,5.020303999999999,Gaussian,QC,"opt+freq: b3lyp/6-311G** em=gd3bj
energy: M062X/6-311G+(2d, p) em=gd3"
727,IL1433,CC[P+](CC)(CC)CC.O=S(=O)([N-]S(=O)(=O)C(F)(F)F)C(F)(F)F,-2485.392536,0.246214,0.343385,855.6865760000001,-0.26315,-0.01413,-2485.9603478,-2485.146322,-2485.049151,6.773344,Gaussian,QC,"opt+freq: b3lyp/6-311G** em=gd3bj
energy: M062X/6-311G+(2d, p) em=gd3"
728,IL1435,CC[P+](CC)(CC)COC.O=S(=O)([N-]S(=O)(=O)C(F)(F)F)C(F)(F)F,-2560.5975847,0.248913,0.34919,883.0332000000001,-0.27587,-0.00754,-2561.1885009,-2560.3486717,-2560.2483947,7.298576,Gaussian,QC,"opt+freq: b3lyp/6-311G** em=gd3bj
energy: M062X/6-311G+(2d, p) em=gd3"
729,IL1436,CC[P+](CC)(CC)COC.[c-]1c[nH]nn1,-974.903302,0.262469,0.330696,600.80148,-0.16232,0.01192,-975.2701265,-974.640833,-974.5726060000001,4.739328,Gaussian,QC,"opt+freq: b3lyp/6-311G** em=gd3bj
energy: M062X/6-311G+(2d, p) em=gd3"
730,IL1437,CC[P+](CC)(CC)COCCOC.O=[N+]([O-])c1cn[n-]c1,-1317.2509005,0.324883,0.41022,751.475688,-0.21918,-0.05267,-1317.7542784,-1316.9260175,-1316.8406805,4.529072,Gaussian,QC,"opt+freq: b3lyp/6-311G** em=gd3bj
energy: M062X/6-311G+(2d, p) em=gd3"
731,IL1439,CC[P+](c1ccccc1)(c1ccccc1)c1ccccc1.N#Cc1nc[n-]c1C#N,-1525.4772119,0.325939,0.415172,785.7803040000001,-0.19605,-0.07914,-1526.0662954,-1525.1512729,-1525.0620399,3.179952,Gaussian,QC,"opt+freq: b3lyp/6-311G** em=gd3bj
energy: M062X/6-311G+(2d, p) em=gd3"
732,IL1442,CC[P+](c1ccccc1)(c1ccccc1)c1ccccc1.O=C([O-])c1c([N+](=O)[O-])ccc2[nH]nnc12,-1903.6843389,0.371318,0.472406,890.175288,-0.2221,-0.07141,-1904.4160177,-1903.3130209,-1903.2119329,4.098768,Gaussian,QC,"opt+freq: b3lyp/6-311G** em=gd3bj
energy: M062X/6-311G+(2d, p) em=gd3"
733,IL1443,CC[P+](c1ccccc1)(c1ccccc1)c1ccccc1.O=C([O-])c1nnn[nH]1,-1561.6169603,0.321171,0.40819,766.287048,-0.21549,-0.07006,-1562.2098127,-1561.2957893,-1561.2087703,3.955696,Gaussian,QC,"opt+freq: b3lyp/6-311G** em=gd3bj
energy: M062X/6-311G+(2d, p) em=gd3"
734,IL1444,CC[P+](c1ccccc1)(c1ccccc1)c1ccccc1.O=[N+]([O-])c1c[n-]c([N+](=O)[O-])n1,-1749.9835556,0.329299,0.423954,833.532296,-0.22024,-0.08065,-1750.6468101,-1749.6542566,-1749.5596016,3.796848,Gaussian,QC,"opt+freq: b3lyp/6-311G** em=gd3bj
energy: M062X/6-311G+(2d, p) em=gd3"
735,IL1446,CC[P+](c1ccccc1)(c1ccccc1)c1ccccc1.O=[N+]([O-])c1ccc2nc[n-]c2c1,-1699.1079226,0.374167,0.467016,817.620544,-0.18596,-0.08005,-1699.7775006,-1698.7337556,-1698.6409066,2.880752,Gaussian,QC,"opt+freq: b3lyp/6-311G** em=gd3bj
energy: M062X/6-311G+(2d, p) em=gd3"
736,IL1447,CC[P+](c1ccccc1)(c1ccccc1)c1ccccc1.O=[N+]([O-])c1nc[n-]c1[N+](=O)[O-],-1749.8735307,0.331922,0.421731,790.8638639999999,-0.18838,-0.08793,-1750.5456758,-1749.5416087,-1749.4517997,2.73224,Gaussian,QC,"opt+freq: b3lyp/6-311G** em=gd3bj
energy: M062X/6-311G+(2d, p) em=gd3"
737,IL1448,CC[S+](C)C.N#C[N-]C#N,-797.5623434,0.119659,0.175939,495.5948,-0.198,-0.03759,-797.7892222,-797.4426844000001,-797.3864044000001,4.363151999999999,Gaussian,QC,"opt+freq: b3lyp/6-311G** em=gd3bj
energy: M062X/6-311G+(2d, p) em=gd3"
738,IL1452,CC[n+]1c([N+](=O)[O-])cn(C)c1C.O=[N+]([O-])[O-],-868.7821369,0.163053,0.226214,556.191672,-0.20591,-0.12658,-869.1419075,-868.6190839,-868.5559228999999,2.157776,Gaussian,QC,"opt+freq: b3lyp/6-311G** em=gd3bj
energy: M062X/6-311G+(2d, p) em=gd3"
739,IL1455,CC[n+]1cccc(C)c1.O=S(=O)([N-]S(=O)(=O)C(F)(F)F)C(F)(F)F,-2193.9732153,0.175773,0.25961,738.2584320000001,-0.27628,-0.1026,-2194.483667,-2193.7974423,-2193.7136053,4.724096,Gaussian,QC,"opt+freq: b3lyp/6-311G** em=gd3bj
energy: M062X/6-311G+(2d, p) em=gd3"
740,IL1461,CC[n+]1ccccc1.O=S(=O)([O-])C(F)(F)F,-1288.9199564,0.135095,0.198512,558.446848,-0.23725,-0.10497,-1289.2593255,-1288.7848614,-1288.7214444,3.598016,Gaussian,QC,"opt+freq: b3lyp/6-311G** em=gd3bj
energy: M062X/6-311G+(2d, p) em=gd3"
741,IL1462,CC[n+]1ccccc1.O=S(=O)([O-])OCC(F)(F)C(F)(F)C(F)(F)C(F)F,-2017.5913487,0.197172,0.284343,767.61756,-0.23941,-0.10711,-2018.1439013,-2017.3941767,-2017.3070057,3.598560000000001,Gaussian,QC,"opt+freq: b3lyp/6-311G** em=gd3bj
energy: M062X/6-311G+(2d, p) em=gd3"
742,IL1463,CC[n+]1ccccc1.[Br-],-2901.6212153,0.116798,0.163941,415.132296,-0.19833,-0.07991,-2901.78135,-2901.5044173,-2901.4572743,3.221024,Gaussian,QC,"opt+freq: b3lyp/6-311G** em=gd3bj
energy: M062X/6-311G+(2d, p) em=gd3"
743,IL1466,CC[n+]1ccn(C)c1C.O=C([O-])C(F)(F)F,-910.2251795,0.171344,0.235688,566.609832,-0.21716,-0.03538,-910.5771941,-910.0538355,-909.9894915,4.944415999999999,Gaussian,QC,"opt+freq: b3lyp/6-311G** em=gd3bj
energy: M062X/6-311G+(2d, p) em=gd3"
744,IL1467,CC[n+]1ccn(C)c1C.O=S(=O)([N-]S(=O)(=O)C(F)(F)F)C(F)(F)F,-2211.2347694,0.184437,0.270778,760.3122960000001,-0.27471,-0.04166,-2211.7488704,-2211.0503324,-2210.9639914,6.33896,Gaussian,QC,"opt+freq: b3lyp/6-311G** em=gd3bj
energy: M062X/6-311G+(2d, p) em=gd3"
745,IL1469,CC[n+]1ccn(C)c1C.[Br-],-2958.1832027,0.147452,0.203195,490.862696,-0.16162,-0.05532,-2958.3679176,-2958.0357507,-2957.9800077,2.89136,Gaussian,QC,"opt+freq: b3lyp/6-311G** em=gd3bj
energy: M062X/6-311G+(2d, p) em=gd3"
746,IL1470,CC[n+]1ccn(C)c1C.[Cl-],-844.2209568,0.152711,0.203842,450.256976,-0.18984,-0.02352,-844.4547656,-844.0682458,-844.0171148,4.523904000000001,Gaussian,QC,"opt+freq: b3lyp/6-311G** em=gd3bj
energy: M062X/6-311G+(2d, p) em=gd3"
747,IL1471,CC[n+]1ccsc1.O=S(=O)([N-]S(=O)(=O)C(F)(F)F)C(F)(F)F,-2475.4303683,0.116809,0.198024,715.1753040000001,-0.2789,-0.09837,-2475.9052006,-2475.3135593,-2475.2323443,4.910415999999999,Gaussian,QC,"opt+freq: b3lyp/6-311G** em=gd3bj
energy: M062X/6-311G+(2d, p) em=gd3"
748,IL1473,CCc1ccc2cccc[n+]2c1CC.N#C[N-]C#N,-800.0800012,0.227435,0.294845,593.613368,-0.19123,-0.09398,-800.4561995,-799.8525662,-799.7851562,2.6452,Gaussian,QC,"opt+freq: b3lyp/6-311G** em=gd3bj
energy: M062X/6-311G+(2d, p) em=gd3"
749,IL1474,CCc1ccc2cccc[n+]2c1CC.[Br-],-3133.8451128,0.209131,0.269382,530.57304,-0.18077,-0.08516,-3134.1250959,-3133.6359818,-3133.5757308,2.600591999999999,Gaussian,QC,"opt+freq: b3lyp/6-311G** em=gd3bj
energy: M062X/6-311G+(2d, p) em=gd3"
750,IL1475,CCc1n(CC)cc[n+]1C.O=S(=O)([N-]S(=O)(=O)C(F)(F)F)C(F)(F)F,-2250.5418661,0.211035,0.300044,783.805456,-0.26826,-0.04417,-2251.0785339,-2250.3308311,-2250.2418221,6.095248,Gaussian,QC,"opt+freq: b3lyp/6-311G** em=gd3bj
energy: M062X/6-311G+(2d, p) em=gd3"
751,IL1476,CCc1n(CC)cc[n+]1C.O=S(=O)([O-])C(F)(F)F,-1384.8000122,0.194254,0.267244,642.74608,-0.23029,-0.03901,-1385.1918685,-1384.6057582,-1384.5327682,5.202816,Gaussian,QC,"opt+freq: b3lyp/6-311G** em=gd3bj
energy: M062X/6-311G+(2d, p) em=gd3"
752,IL1477,CCc1n(CC)cc[n+]1CC.O=S(=O)([N-]S(=O)(=O)C(F)(F)F)C(F)(F)F,-2289.8477818,0.237203,0.329007,808.4199280000001,-0.27166,-0.04153,-2290.4095377,-2289.6105788,-2289.5187748,6.259536,Gaussian,QC,"opt+freq: b3lyp/6-311G** em=gd3bj
energy: M062X/6-311G+(2d, p) em=gd3"
753,IL1478,CCc1n(O)cc[n+]1CC(=O)c1ccc(Cl)cc1.[Br-],-3798.0196674,0.19507,0.265123,616.8764080000001,-0.21343,-0.09627,-3798.3719669,-3797.8245974,-3797.7545444,3.186752,Gaussian,QC,"opt+freq: b3lyp/6-311G** em=gd3bj
energy: M062X/6-311G+(2d, p) em=gd3"
754,IL1479,CCc1n(OC(=O)C(C)(C)C)cc[n+]1CC(=O)c1ccc(Cl)cc1.[Br-],-4068.5509989,0.302693,0.39115,778.9520160000001,-0.18841,-0.07619,-4069.0364303,-4068.2483059,-4068.1598489,3.052384,Gaussian,QC,"opt+freq: b3lyp/6-311G** em=gd3bj
energy: M062X/6-311G+(2d, p) em=gd3"
755,IL1480,CCc1n(OCc2c(Cl)cccc2Cl)cc[n+]1OCc1c(Cl)cccc1Cl.[Br-],-5408.9488818,0.25383,0.346907,819.637232,-0.17282,-0.05313,-5409.4801018,-5408.6950518,-5408.6019748,3.255568,Gaussian,QC,"opt+freq: b3lyp/6-311G** em=gd3bj
energy: M062X/6-311G+(2d, p) em=gd3"
756,IL1482,CCc1n(OCc2ccc(Cl)cc2Cl)cc[n+]1OCc1ccc(Cl)cc1Cl.[Br-],-5408.9566044,0.253387,0.347018,824.511592,-0.18693,-0.0508,-5409.4899025,-5408.703217400001,-5408.6095864,3.702736000000001,Gaussian,QC,"opt+freq: b3lyp/6-311G** em=gd3bj
energy: M062X/6-311G+(2d, p) em=gd3"
757,IL1483,CCc1n(OCc2ccccc2)cc[n+]1Cc1cc(OC)c(OC)c(OC)c1.[Br-],-3838.9461675,0.380415,0.477167,851.992104,-0.19356,-0.03739,-3839.5025934,-3838.5657525,-3838.4690005,4.247824,Gaussian,QC,"opt+freq: b3lyp/6-311G** em=gd3bj
energy: M062X/6-311G+(2d, p) em=gd3"
758,IL1488,CCn1c([N+](=O)[O-])c[n+](C)c1C.[O-][Cl+3]([O-])([O-])[O-],-1349.2642782,0.160245,0.22771,594.098712,-0.25879,-0.12605,-1349.6151124,-1349.1040332,-1349.0365682,3.610528,Gaussian,QC,"opt+freq: b3lyp/6-311G** em=gd3bj
energy: M062X/6-311G+(2d, p) em=gd3"
759,IL1489,CCn1c[n+](C)cc1C.O=S(=O)([N-]S(=O)(=O)C(F)(F)F)C(F)(F)F,-2211.2328512,0.182929,0.270866,774.3747200000001,-0.27477,-0.04529,-2211.7473281,-2211.0499222,-2210.9619852,6.241856,Gaussian,QC,"opt+freq: b3lyp/6-311G** em=gd3bj
energy: M062X/6-311G+(2d, p) em=gd3"
760,IL1490,CCn1c[n+](C)cc1C.O=S(=O)([O-])C(F)(F)F,-1345.4949586,0.168862,0.238065,609.3996000000001,-0.24127,-0.03797,-1345.8622739,-1345.3260966,-1345.2568936,5.52976,Gaussian,QC,"opt+freq: b3lyp/6-311G** em=gd3bj
energy: M062X/6-311G+(2d, p) em=gd3"
761,IL1492,CCn1c[n+](CC)cc1C.O=S(=O)([O-])C(F)(F)F,-1384.8059676,0.19483,0.266855,634.248376,-0.2427,-0.03955,-1385.1982256,-1384.6111376,-1384.5391126,5.525679999999999,Gaussian,QC,"opt+freq: b3lyp/6-311G** em=gd3bj
energy: M062X/6-311G+(2d, p) em=gd3"
762,IL1494,CCn1cc[n+](C(F)(F)C(F)F)c1.O=S(=O)([N-]S(=O)(=O)C(F)(F)F)C(F)(F)F,-2608.1900562,0.14921,0.243388,829.3273760000001,-0.2622,-0.07925,-2608.7825065,-2608.0408462,-2607.9466682,4.97624,Gaussian,QC,"opt+freq: b3lyp/6-311G** em=gd3bj
energy: M062X/6-311G+(2d, p) em=gd3"
763,IL1495,CCn1cc[n+](C)c1.COP(=O)([O-])OC,-1066.8492422,0.204308,0.274571,618.742472,-0.22003,-0.03302,-1067.1917669,-1066.6449342,-1066.5746712,5.086672,Gaussian,QC,"opt+freq: b3lyp/6-311G** em=gd3bj
energy: M062X/6-311G+(2d, p) em=gd3"
764,IL1508,CCn1cc[n+](C)c1.N#C[C-](C#N)C#N,-661.306158,0.151104,0.212561,541.187848,-0.19989,-0.05857,-661.5940091,-661.155054,-661.0935969999999,3.843904,Gaussian,QC,"opt+freq: b3lyp/6-311G** em=gd3bj
energy: M062X/6-311G+(2d, p) em=gd3"
765,IL1510,CCn1cc[n+](C)c1.N#C[O-],-512.7565767,0.135782,0.188401,463.3570800000001,-0.18574,-0.02629,-512.9884941,-512.6207947,-512.5681757,4.337039999999999,Gaussian,QC,"opt+freq: b3lyp/6-311G** em=gd3bj
energy: M062X/6-311G+(2d, p) em=gd3"
766,IL1512,CCn1cc[n+](C)c1.O=C([O-])C(F)(F)F,-870.9060349,0.145408,0.206957,541.999544,-0.21476,-0.04677,-871.2316437,-870.7606269,-870.6990779,4.569328,Gaussian,QC,"opt+freq: b3lyp/6-311G** em=gd3bj
energy: M062X/6-311G+(2d, p) em=gd3"
767,IL1513,CCn1cc[n+](C)c1.O=C[O-],-533.8415125,0.14422,0.197597,470.034744,-0.19802,-0.02742,-534.0889003,-533.6972925,-533.6439155,4.64032,Gaussian,QC,"opt+freq: b3lyp/6-311G** em=gd3bj
energy: M062X/6-311G+(2d, p) em=gd3"
768,IL1514,CCn1cc[n+](C)c1.O=N[O-],-549.7807455,0.131572,0.185479,474.704088,-0.16158,-0.03388,-550.0306445,-549.6491735,-549.5952665,3.47344,Gaussian,QC,"opt+freq: b3lyp/6-311G** em=gd3bj
energy: M062X/6-311G+(2d, p) em=gd3"
769,IL1516,CCn1cc[n+](C)c1.O=S(=O)(F)[N-]S(=O)(=O)F,-1696.3424186,0.144246,0.212955,605.0482400000001,-0.27872,-0.05265,-1696.7002371,-1696.1981726,-1696.1294636,6.149104,Gaussian,QC,"opt+freq: b3lyp/6-311G** em=gd3bj
energy: M062X/6-311G+(2d, p) em=gd3"
770,IL1517,CCn1cc[n+](C)c1.O=S(=O)([N-]S(=O)(=O)C(F)(F)C(F)(F)F)C(F)(F)C(F)(F)F,-2647.507518,0.173321,0.271722,866.514768,-0.27274,-0.05059,-2648.1215207,-2647.334197,-2647.235796,6.042479999999999,Gaussian,QC,"opt+freq: b3lyp/6-311G** em=gd3bj
energy: M062X/6-311G+(2d, p) em=gd3"
771,IL1519,CCn1cc[n+](C)c1.O=S(=O)([O-])C(F)(F)C(F)(F)C(F)(F)C(F)(F)F,-2019.5622786,0.167635,0.253522,756.316576,-0.24972,-0.0458,-2020.0963141,-2019.3946436,-2019.3087566,5.546624,Gaussian,QC,"opt+freq: b3lyp/6-311G** em=gd3bj
energy: M062X/6-311G+(2d, p) em=gd3"
772,IL1520,CCn1cc[n+](C)c1.O=S(=O)([O-])C(F)(F)C(F)F,-1444.7161974,0.15858,0.231526,642.3569679999999,-0.23399,-0.04025,-1445.1043988,-1444.5576174,-1444.4846714,5.269728,Gaussian,QC,"opt+freq: b3lyp/6-311G** em=gd3bj
energy: M062X/6-311G+(2d, p) em=gd3"
773,IL1522,CCn1cc[n+](C)c1.O=S(=O)([O-])O,-1044.3680713,0.146732,0.206757,528.577272,-0.2308,-0.03752,-1044.6413031,-1044.2213393,-1044.1613143,5.257216,Gaussian,QC,"opt+freq: b3lyp/6-311G** em=gd3bj
energy: M062X/6-311G+(2d, p) em=gd3"
774,IL1523,CCn1cc[n+](C)c1.O=S(=O)([O-])OCC(F)(F)C(F)(F)C(F)(F)C(F)F,-2034.8385387,0.206602,0.295223,780.3954960000001,-0.23246,-0.05808,-2035.3964279,-2034.6319367,-2034.5433157,4.743136,Gaussian,QC,"opt+freq: b3lyp/6-311G** em=gd3bj
energy: M062X/6-311G+(2d, p) em=gd3"
775,IL1524,CCn1cc[n+](C)c1.O=S([O-])C(F)(F)C(F)(F)C(F)(F)C(F)(F)F,-1944.3105267,0.160463,0.247111,763.01516,-0.18861,-0.05779,-1944.8364189,-1944.1500637,-1944.0634157,3.558304,Gaussian,QC,"opt+freq: b3lyp/6-311G** em=gd3bj
energy: M062X/6-311G+(2d, p) em=gd3"
776,IL1525,CCn1cc[n+](C)c1.O=S([O-])C(F)(F)F,-1230.9410896,0.137494,0.202888,575.856472,-0.1974,-0.03704,-1231.2776477,-1230.8035956,-1230.7382016,4.361792,Gaussian,QC,"opt+freq: b3lyp/6-311G** em=gd3bj
energy: M062X/6-311G+(2d, p) em=gd3"
777,IL1526,CCn1cc[n+](C)c1.O=[N+]([O-])[O-],-624.9849098,0.138763,0.192744,475.348424,-0.19201,-0.03667,-625.2519959,-624.8461467999999,-624.7921658,4.225248,Gaussian,QC,"opt+freq: b3lyp/6-311G** em=gd3bj
energy: M062X/6-311G+(2d, p) em=gd3"
778,IL1531,CCn1cc[n+](C)c1C.O=C([O-])c1ccccc1,-804.1903837,0.24313,0.310268,591.2201200000001,-0.19775,-0.02513,-804.5690183,-803.9472537,-803.8801157,4.695264,Gaussian,QC,"opt+freq: b3lyp/6-311G** em=gd3bj
energy: M062X/6-311G+(2d, p) em=gd3"
779,IL1532,CCn1cc[n+](C)c1C.O=S(=O)([N-]S(=O)(=O)C(F)(F)C(F)(F)F)C(F)(F)C(F)(F)F,-2686.8288935,0.201498,0.30027,869.7782880000001,-0.2724,-0.04353,-2687.469002,-2686.6273955,-2686.5286235,6.225263999999999,Gaussian,QC,"opt+freq: b3lyp/6-311G** em=gd3bj
energy: M062X/6-311G+(2d, p) em=gd3"
780,IL1534,CCn1cc[n+](C)c1C.[Br-],-2958.1977055,0.151428,0.203708,460.378072,-0.17905,-0.02505,-2958.3800911,-2958.0462775,-2957.9939975,4.1888,Gaussian,QC,"opt+freq: b3lyp/6-311G** em=gd3bj
energy: M062X/6-311G+(2d, p) em=gd3"
781,IL1535,CCn1cc[n+](CC)c1.O=C([O-])c1ccccc1C(=O)O,-992.7573996,0.252435,0.327721,662.967352,-0.21628,-0.0226,-993.1968601,-992.5049646,-992.4296786,5.268096,Gaussian,QC,"opt+freq: b3lyp/6-311G** em=gd3bj
energy: M062X/6-311G+(2d, p) em=gd3"
782,IL1537,CCn1cc[n+](CC)c1.O=S(=O)([O-])C(F)(F)F,-1345.4752942,0.168291,0.238198,615.6002880000001,-0.2289,-0.06213,-1345.8445171,-1345.3070032,-1345.2370962,4.536144,Gaussian,QC,"opt+freq: b3lyp/6-311G** em=gd3bj
energy: M062X/6-311G+(2d, p) em=gd3"
783,IL1538,CCn1cc[n+](N)n1.O=[N+]([O-])[O-],-656.9926712,0.115594,0.169478,474.50744,-0.19538,-0.09801,-657.2600141,-656.8770772,-656.8231932,2.648464,Gaussian,QC,"opt+freq: b3lyp/6-311G** em=gd3bj
energy: M062X/6-311G+(2d, p) em=gd3"
784,IL1540,CCn1cc[nH+]c1.O=S(=O)([N-]S(=O)(=O)C(F)(F)F)C(F)(F)F,-2132.6140419,0.13229,0.213521,715.3217440000001,-0.27705,-0.05343,-2133.0802304,-2132.4817519,-2132.4005209,6.082464,Gaussian,QC,"opt+freq: b3lyp/6-311G** em=gd3bj
energy: M062X/6-311G+(2d, p) em=gd3"
785,IL1541,CCn1cc[nH+]c1.O=S(=O)([O-])C(F)(F)F,-1266.8847457,0.115848,0.179313,558.8736160000001,-0.25909,-0.04791,-1267.2045626,-1266.7688977,-1266.7054327,5.744095999999999,Gaussian,QC,"opt+freq: b3lyp/6-311G** em=gd3bj
energy: M062X/6-311G+(2d, p) em=gd3"
786,IL1542,CCn1cc[nH+]c1.O=[N+]([O-])[O-],-585.6794177,0.113423,0.16395,444.934928,-0.20116,-0.03705,-585.9251611,-585.5659947,-585.5154677,4.463792,Gaussian,QC,"opt+freq: b3lyp/6-311G** em=gd3bj
energy: M062X/6-311G+(2d, p) em=gd3"
787,IL1543,CCn1cc[nH+]c1.[Br-],-2879.5756316,0.100434,0.146495,405.613696,-0.18909,-0.03076,-2879.7117425,-2879.4751976,-2879.4291366,4.306576,Gaussian,QC,"opt+freq: b3lyp/6-311G** em=gd3bj
energy: M062X/6-311G+(2d, p) em=gd3"
788,IL1544,CCn1cc[nH+]c1.[Cl-],-765.5983112,0.102112,0.146652,392.216528,-0.20081,-0.02645,-765.7859641,-765.4961992,-765.4516592,4.742591999999999,Gaussian,QC,"opt+freq: b3lyp/6-311G** em=gd3bj
energy: M062X/6-311G+(2d, p) em=gd3"
789,IL1545,CCn1cc[nH+]c1.[O-][Cl+3]([O-])([O-])[O-],-1066.1652059,0.108832,0.164744,492.3605680000001,-0.26077,-0.04936,-1066.4032823,-1066.0563739,-1066.0004619,5.750351999999999,Gaussian,QC,"opt+freq: b3lyp/6-311G** em=gd3bj
energy: M062X/6-311G+(2d, p) em=gd3"
790,IL1546,CCn1cc[nH+]c1C.O=S(=O)([O-])C(F)(F)F,-1306.1913682,0.144629,0.209441,570.7310719999999,-0.23569,-0.04223,-1306.5340156,-1306.0467392,-1305.9819272,5.262112,Gaussian,QC,"opt+freq: b3lyp/6-311G** em=gd3bj
energy: M062X/6-311G+(2d, p) em=gd3"
791,IL1548,CCn1cc[nH+]c1C.[Br-],-2918.9055328,0.122429,0.172616,441.951736,-0.18973,-0.03684,-2919.0666569,-2918.7831038,-2918.7329168,4.158608000000001,Gaussian,QC,"opt+freq: b3lyp/6-311G** em=gd3bj
energy: M062X/6-311G+(2d, p) em=gd3"
792,IL1549,CCn1cc[nH+]c1C.[Cl-],-804.904464,0.125764,0.174676,430.72188,-0.17828,-0.05588,-805.1163365,-804.7787,-804.729788,3.32928,Gaussian,QC,"opt+freq: b3lyp/6-311G** em=gd3bj
energy: M062X/6-311G+(2d, p) em=gd3"
793,IL1550,CCn1cc[nH+]c1C.[O-][Cl+3]([O-])([O-])[O-],-1105.4825535,0.135076,0.193625,515.577584,-0.25695,-0.04249,-1105.7453307,-1105.3474775,-1105.2889285,5.833312,Gaussian,QC,"opt+freq: b3lyp/6-311G** em=gd3bj
energy: M062X/6-311G+(2d, p) em=gd3"
794,IL1551,CN(C)C(=[NH2+])N(C)C.O=C([O-])C(F)(F)F,-889.3707896,0.17652,0.24053,563.672664,-0.23022,-0.02431,-889.7192965,-889.1942696,-889.1302595999999,5.600752,Gaussian,QC,"opt+freq: b3lyp/6-311G** em=gd3bj
energy: M062X/6-311G+(2d, p) em=gd3"
795,IL1552,CN(C)C(=[NH2+])N(C)C.O=C[O-],-552.3160545,0.173957,0.231605,507.648904,-0.23268,0.01985,-552.5784112,-552.1420975,-552.0844495,6.868815999999999,Gaussian,QC,"opt+freq: b3lyp/6-311G** em=gd3bj
energy: M062X/6-311G+(2d, p) em=gd3"
796,IL1553,CN(C)C(=[NH2+])N(C)C.O=S(=O)([O-])C(F)(F)F,-1324.6445759,0.175624,0.243481,597.546328,-0.25047,-0.02525,-1325.0081967,-1324.4689519,-1324.4010949,6.125984000000001,Gaussian,QC,"opt+freq: b3lyp/6-311G** em=gd3bj
energy: M062X/6-311G+(2d, p) em=gd3"
797,IL1554,CN(C)c1cc[n+](CCCOc2ccccc2)cc1.[Br-],-3381.1385445,0.28437,0.357454,643.58288,-0.17704,-0.06374,-3381.5178623,-3380.8541745,-3380.7810905,3.08176,Gaussian,QC,"opt+freq: b3lyp/6-311G** em=gd3bj
energy: M062X/6-311G+(2d, p) em=gd3"
798,IL1555,CN(C)c1cc[n+](CCOc2ccccc2)cc1.[Br-],-3341.8139452,0.25696,0.327871,624.436896,-0.16444,-0.05936,-3342.1696445,-3341.5569852,-3341.4860742,2.858176,Gaussian,QC,"opt+freq: b3lyp/6-311G** em=gd3bj
energy: M062X/6-311G+(2d, p) em=gd3"
799,IL1556,CN1N=N[NH+](N)C1N.O=[N+]([O-])[O-],-690.2487805,0.115323,0.169512,477.1852,-0.22434,-0.07917,-690.525502,-690.1334575,-690.0792684999999,3.948624000000001,Gaussian,QC,"opt+freq: b3lyp/6-311G** em=gd3bj
energy: M062X/6-311G+(2d, p) em=gd3"
800,IL1557,COC(=O)[C@@H]([NH3+])Cc1ccccc1.O=S(=O)([N-]S(=O)(=O)C(F)(F)C(F)(F)F)C(F)(F)C(F)(F)F,-2897.4290277,0.225907,0.336565,974.449416,-0.27655,-0.03937,-2898.1543727,-2897.2031207,-2897.0924627,6.451296,Gaussian,QC,"opt+freq: b3lyp/6-311G** em=gd3bj
energy: M062X/6-311G+(2d, p) em=gd3"
801,IL1558,COC(=O)[C@@H]([NH3+])Cc1ccccc1.O=S(=O)([N-]S(=O)(=O)C(F)(F)F)C(F)(F)F,-2421.8390511,0.210156,0.30717,854.2974879999999,-0.27379,-0.04541,-2422.4363392,-2421.6288951,-2421.5318811,6.211935999999999,Gaussian,QC,"opt+freq: b3lyp/6-311G** em=gd3bj
energy: M062X/6-311G+(2d, p) em=gd3"
802,IL1559,COC(=O)[C@@H]1CCC[N+]1(C)C.COS(=O)(=O)[O-],-1258.5521069,0.241994,0.310991,607.587928,-0.22565,-0.02302,-1258.9289989,-1258.3101129,-1258.2411159,5.511536,Gaussian,QC,"opt+freq: b3lyp/6-311G** em=gd3bj
energy: M062X/6-311G+(2d, p) em=gd3"
803,IL1561,COC(=O)[O-].Cc1n(C)cc[n+]1C,-648.3922375,0.17367,0.232802,520.71972,-0.19254,-0.01593,-648.6784827,-648.2185675,-648.1594355,4.803792,Gaussian,QC,"opt+freq: b3lyp/6-311G** em=gd3bj
energy: M062X/6-311G+(2d, p) em=gd3"
804,IL1562,COC1C=CC=CC1(OC)C(=O)C[n+]1ccn(C)c1.[Br-],-3454.1018722,0.254103,0.329722,665.900336,-0.18527,-0.07317,-3454.4818126,-3453.8477692,-3453.7721502,3.04912,Gaussian,QC,"opt+freq: b3lyp/6-311G** em=gd3bj
energy: M062X/6-311G+(2d, p) em=gd3"
805,IL1564,COCCC[N+]1(C)CCCCC1.O=S(=O)([N-]S(=O)(=O)C(F)(F)F)C(F)(F)F,-2351.3775339,0.29829,0.393881,841.770592,-0.25916,-0.01771,-2351.9788115,-2351.0792439,-2350.9836529,6.56744,Gaussian,QC,"opt+freq: b3lyp/6-311G** em=gd3bj
energy: M062X/6-311G+(2d, p) em=gd3"
806,IL1567,COCC[N+](C)(C)C.CS(=O)(=O)[O-],-1031.8829427,0.2239,0.286456,550.873808,-0.21535,0.00271,-1032.1938672,-1031.6590427,-1031.5964867,5.931232,Gaussian,QC,"opt+freq: b3lyp/6-311G** em=gd3bj
energy: M062X/6-311G+(2d, p) em=gd3"
807,IL1574,COCC[N+](C)(C)C.O=S(=O)([N-]S(=O)(=O)C(F)(F)F)C(F)(F)F,-2195.3579193,0.210951,0.299049,775.7847280000001,-0.27196,-0.01228,-2195.8725714,-2195.1469683,-2195.0588703,7.063295999999998,Gaussian,QC,"opt+freq: b3lyp/6-311G** em=gd3bj
energy: M062X/6-311G+(2d, p) em=gd3"
808,IL1587,COCC[NH2+]CCOC.O=C[O-],-632.5269183,0.196326,0.260655,566.47176,-0.2559,0.01587,-632.8163418,-632.3305923,-632.2662633,7.392144,Gaussian,QC,"opt+freq: b3lyp/6-311G** em=gd3bj
energy: M062X/6-311G+(2d, p) em=gd3"
809,IL1588,COCC[NH3+].O=[N+]([O-])[O-],-530.5573689,0.11027,0.161804,453.800824,-0.2811,-0.04715,-530.7831754,-530.4470989,-530.3955649000001,6.363440000000001,Gaussian,QC,"opt+freq: b3lyp/6-311G** em=gd3bj
energy: M062X/6-311G+(2d, p) em=gd3"
810,IL1589,COCC[n+]1c(C)cc(C)n1C.O=S(=O)([N-]S(=O)(=O)C(F)(F)F)C(F)(F)F,-2365.0221955,0.237093,0.333636,850.151144,-0.26781,-0.0628,-2365.6061478,-2364.7851025,-2364.6885595,5.576271999999999,Gaussian,QC,"opt+freq: b3lyp/6-311G** em=gd3bj
energy: M062X/6-311G+(2d, p) em=gd3"
811,IL1594,COCCn1cc[n+](C)c1.O=S(=O)([O-])C(F)(F)F,-1420.6960841,0.173221,0.24413,624.4243440000001,-0.24681,-0.04401,-1421.0837829,-1420.5228631,-1420.4519541,5.51616,Gaussian,QC,"opt+freq: b3lyp/6-311G** em=gd3bj
energy: M062X/6-311G+(2d, p) em=gd3"
812,IL1595,COCCn1cc[n+](C)c1.[Cl-],-919.4110887,0.152724,0.209047,495.975544,-0.19863,-0.04281,-919.665722,-919.2583647,-919.2020417,4.238304,Gaussian,QC,"opt+freq: b3lyp/6-311G** em=gd3bj
energy: M062X/6-311G+(2d, p) em=gd3"
813,IL1597,COC[N+](C)(C)C.O=S(=O)([N-]S(=O)(=O)C(F)(F)F)C(F)(F)F,-2156.0555408,0.185071,0.269947,747.4172080000001,-0.28083,-0.00718,-2156.5483067,-2155.8704698,-2155.7855938,7.44328,Gaussian,QC,"opt+freq: b3lyp/6-311G** em=gd3bj
energy: M062X/6-311G+(2d, p) em=gd3"
814,IL1605,COCn1cc[n+](C)c1.[Cl-],-880.1111152,0.1291,0.180853,455.7422,-0.20124,-0.02771,-880.341224,-879.9820152,-879.9302622,4.720016,Gaussian,QC,"opt+freq: b3lyp/6-311G** em=gd3bj
energy: M062X/6-311G+(2d, p) em=gd3"
815,IL1607,COS(=O)(=O)[O-].[NH3+]CCO,-949.9225545,0.122521,0.177416,483.39844,-0.25311,-0.00984,-950.1554134,-949.8000335,-949.7451385,6.616944,Gaussian,QC,"opt+freq: b3lyp/6-311G** em=gd3bj
energy: M062X/6-311G+(2d, p) em=gd3"
816,IL1608,CO[C@H](C(=O)[O-])c1ccccc1.C[C@@H]([NH3+])C1CCCCC1,-944.4054343,0.354093,0.431639,682.8706400000001,-0.24208,-0.0254,-944.8699476,-944.0513413,-943.9737953,5.893695999999999,Gaussian,QC,"opt+freq: b3lyp/6-311G** em=gd3bj
energy: M062X/6-311G+(2d, p) em=gd3"
817,IL1613,COc1ccc(-n2cc[n+](C)c2)cc1.O=S(=O)([O-])C(F)(F)F,-1573.1061078,0.190608,0.268434,685.330832,-0.24271,-0.04978,-1573.5550734,-1572.9154998,-1572.8376738,5.247696,Gaussian,QC,"opt+freq: b3lyp/6-311G** em=gd3bj
energy: M062X/6-311G+(2d, p) em=gd3"
818,IL1614,COc1ccc(C(=O)C[n+]2ccn(-c3ccccc3)c2C)cc1.[Br-],-3569.4687415,0.276303,0.35697,710.355336,-0.17113,-0.0688,-3569.909258,-3569.1924385,-3569.1117715,2.783376,Gaussian,QC,"opt+freq: b3lyp/6-311G** em=gd3bj
energy: M062X/6-311G+(2d, p) em=gd3"
819,IL1615,COc1ccc(C(=O)C[n+]2ccn(C)c2)cc1.[Br-],-3338.4348993,0.204897,0.274524,613.1317280000001,-0.17436,-0.06643,-3338.7658211,-3338.2300023,-3338.1603753,2.935696,Gaussian,QC,"opt+freq: b3lyp/6-311G** em=gd3bj
energy: M062X/6-311G+(2d, p) em=gd3"
820,IL1616,COc1ccc(C(=O)C[n+]2ccn(C)c2)cc1.[Cl-],-1224.4656465,0.206685,0.274651,598.512832,-0.20596,-0.07645,-1224.8464388,-1224.2589615,-1224.1909955,3.522672,Gaussian,QC,"opt+freq: b3lyp/6-311G** em=gd3bj
energy: M062X/6-311G+(2d, p) em=gd3"
821,IL1617,COc1ccc(C(=O)C[n+]2ccn(C)c2)cc1OC.[Br-],-3452.9459412,0.233529,0.30832,658.607624,-0.18622,-0.06884,-3453.3202517,-3452.7124122,-3452.6376212,3.192736,Gaussian,QC,"opt+freq: b3lyp/6-311G** em=gd3bj
energy: M062X/6-311G+(2d, p) em=gd3"
822,IL1618,COc1ccc(C(=O)C[n+]2ccn(C)c2)cc1OC.[Cl-],-1338.9640812,0.236855,0.308624,632.001568,-0.19193,-0.07151,-1339.3874858,-1338.7272262,-1338.6554572,3.275424,Gaussian,QC,"opt+freq: b3lyp/6-311G** em=gd3bj
energy: M062X/6-311G+(2d, p) em=gd3"
823,IL1621,COc1ccc(OC)c(C(=O)C[n+]2ccn(C)c2)c1.[Br-],-3452.9458484,0.232552,0.308016,664.5321680000001,-0.18356,-0.06537,-3453.3198032,-3452.7132964,-3452.6378324,3.214768,Gaussian,QC,"opt+freq: b3lyp/6-311G** em=gd3bj
energy: M062X/6-311G+(2d, p) em=gd3"
824,IL1622,COc1cccc(C(=O)C[N+]2(C(C)C)C=CN=C2)c1.[Br-],-3416.9653584,0.25738,0.329922,638.808936,-0.1775,-0.10691,-3417.3425143,-3416.7079784,-3416.6354364,1.920048,Gaussian,QC,"opt+freq: b3lyp/6-311G** em=gd3bj
energy: M062X/6-311G+(2d, p) em=gd3"
825,IL1624,COc1cccc(C(=O)C[n+]2ccn(C)c2)c1OC.[Br-],-3452.9482366,0.234453,0.308376,650.9634560000001,-0.19077,-0.07234,-3453.3236363,-3452.7137836,-3452.6398606,3.221296,Gaussian,QC,"opt+freq: b3lyp/6-311G** em=gd3bj
energy: M062X/6-311G+(2d, p) em=gd3"
826,IL1625,COc1ccccc1C(=O)C[n+]1ccn(C)c1.[Br-],-3338.4385538,0.206435,0.274607,600.3203199999999,-0.18743,-0.07951,-3338.7698758,-3338.2321188,-3338.1639468,2.935424,Gaussian,QC,"opt+freq: b3lyp/6-311G** em=gd3bj
energy: M062X/6-311G+(2d, p) em=gd3"
827,IL1626,COc1ccccc1C(=O)C[n+]1ccn(C)c1.[Cl-],-1224.4629647,0.207861,0.274623,587.898024,-0.20248,-0.07837,-1224.8447193,-1224.2551037,-1224.1883417,3.375792,Gaussian,QC,"opt+freq: b3lyp/6-311G** em=gd3bj
energy: M062X/6-311G+(2d, p) em=gd3"
828,IL1627,CS(=O)(=O)[O-].C[C@@H](c1ccccc1)[N+](C)(C)C,-1148.3919054,0.267079,0.334839,596.692792,-0.20988,-0.04203,-1148.7664885,-1148.1248264,-1148.0570664,4.56552,Gaussian,QC,"opt+freq: b3lyp/6-311G** em=gd3bj
energy: M062X/6-311G+(2d, p) em=gd3"
829,IL1628,CS(=O)(=O)[O-].C[C@H](c1ccccc1)[N+](C)(C)C,-1148.4057423,0.259701,0.3336,650.7542559999999,-0.23045,-0.01904,-1148.7836638,-1148.1460413,-1148.0721423,5.750351999999999,Gaussian,QC,"opt+freq: b3lyp/6-311G** em=gd3bj
energy: M062X/6-311G+(2d, p) em=gd3"
830,IL1629,CS(=O)(=O)[O-].C[N+](C)(C)CCO,-992.6013133,0.200087,0.257972,509.728352,-0.22659,-0.00271,-992.8890877,-992.4012263,-992.3433413,6.089536000000001,Gaussian,QC,"opt+freq: b3lyp/6-311G** em=gd3bj
energy: M062X/6-311G+(2d, p) em=gd3"
831,IL1630,CS(=O)(=O)[O-].C[N+]1(C)CCCC1,-955.4785537,0.202122,0.259256,503.113448,-0.21008,-0.004,-955.7567634,-955.2764317,-955.2192977,5.605376,Gaussian,QC,"opt+freq: b3lyp/6-311G** em=gd3bj
energy: M062X/6-311G+(2d, p) em=gd3"
832,IL1631,CS(=O)(=O)[O-].Cc1cc(C)[n+](-c2ccc(Br)cc2)n1C,-3813.0192356,0.227459,0.302821,663.632608,-0.21752,-0.05509,-3813.3937083,-3812.7917766,-3812.7164146,4.418095999999999,Gaussian,QC,"opt+freq: b3lyp/6-311G** em=gd3bj
energy: M062X/6-311G+(2d, p) em=gd3"
833,IL1632,CS(=O)(=O)[O-].Cc1cc(C)[n+](-c2ccc([N+](=O)[O-])cc2)n1C,-1443.9452956,0.239264,0.316232,677.7703440000001,-0.22421,-0.10845,-1444.4066087,-1443.7060316,-1443.6290636,3.148671999999999,Gaussian,QC,"opt+freq: b3lyp/6-311G** em=gd3bj
energy: M062X/6-311G+(2d, p) em=gd3"
834,IL1633,CS(=O)(=O)[O-].Cn1n[n+](Cc2ccccc2)c2ccccc21,-1369.7803244,0.247737,0.320009,636.4282400000001,-0.21015,-0.08733,-1370.2213986,-1369.5325874,-1369.4603154,3.340704,Gaussian,QC,"opt+freq: b3lyp/6-311G** em=gd3bj
energy: M062X/6-311G+(2d, p) em=gd3"
835,IL1634,CS(=O)(=O)[O-].NC(N)=[NH2+],-869.718278,0.095722,0.147106,452.47868,-0.23223,-0.01763,-869.9265307,-869.622556,-869.571172,5.83712,Gaussian,QC,"opt+freq: b3lyp/6-311G** em=gd3bj
energy: M062X/6-311G+(2d, p) em=gd3"
836,IL1637,C[C@H](O)C(=O)[O-].Cn1cc[nH+]c1,-609.1150614,0.146753,0.203827,502.590448,-0.25382,-0.00098,-609.3760456,-608.9683084,-608.9112343999999,6.877248,Gaussian,QC,"opt+freq: b3lyp/6-311G** em=gd3bj
energy: M062X/6-311G+(2d, p) em=gd3"
837,IL1639,C[C@H]([NH3+])C(=O)O.O=C([O-])C(F)(F)F,-850.5491374,0.098745,0.159431,534.3972160000001,-0.29375,-0.02287,-850.8447587,-850.4503923999999,-850.3897063999999,7.367936,Gaussian,QC,"opt+freq: b3lyp/6-311G** em=gd3bj
energy: M062X/6-311G+(2d, p) em=gd3"
838,IL1640,C[C@H]([NH3+])C(=O)O.O=[N+]([O-])[O-],-604.6189586,0.0912,0.144644,470.624688,-0.292,-0.05305,-604.8582113,-604.5277586000001,-604.4743146000001,6.49944,Gaussian,QC,"opt+freq: b3lyp/6-311G** em=gd3bj
energy: M062X/6-311G+(2d, p) em=gd3"
839,IL1641,C[N+](C)(C)C.N#Cc1nc[n-]c1C#N,-624.3969256,0.170463,0.229925,523.619232,-0.20904,-0.02715,-624.6768228,-624.2264626,-624.1670006,4.947407999999999,Gaussian,QC,"opt+freq: b3lyp/6-311G** em=gd3bj
energy: M062X/6-311G+(2d, p) em=gd3"
840,IL1643,C[N+](C)(C)C.O=C([O-])C1([N+](=O)[O-])N=NC([N+](=O)[O-])=N1,-1053.5261016,0.16727,0.243394,670.347928,-0.25255,-0.09394,-1053.9425963,-1053.3588316,-1053.2827076,4.314192,Gaussian,QC,"opt+freq: b3lyp/6-311G** em=gd3bj
energy: M062X/6-311G+(2d, p) em=gd3"
841,IL1644,C[N+](C)(C)C.O=C([O-])c1c([N+](=O)[O-])ccc2[nH]nnc12,-1002.6118863,0.216082,0.286406,619.27384,-0.20995,-0.07563,-1003.0347108,-1002.3958043,-1002.3254803,3.653504,Gaussian,QC,"opt+freq: b3lyp/6-311G** em=gd3bj
energy: M062X/6-311G+(2d, p) em=gd3"
842,IL1645,C[N+](C)(C)C.O=C([O-])c1nnn[nH]1,-660.5347869,0.164065,0.222313,512.929112,-0.22793,-0.01761,-660.8186158,-660.3707218999999,-660.3124739,5.720704,Gaussian,QC,"opt+freq: b3lyp/6-311G** em=gd3bj
energy: M062X/6-311G+(2d, p) em=gd3"
843,IL1646,C[N+](C)(C)C.O=S(=O)([N-]S(=O)(=O)C(F)(F)F)C(F)(F)F,-2041.540111,0.156231,0.235339,696.623448,-0.26452,-0.02032,-2041.9848004,-2041.38388,-2041.304772,6.642239999999999,Gaussian,QC,"opt+freq: b3lyp/6-311G** em=gd3bj
energy: M062X/6-311G+(2d, p) em=gd3"
844,IL1647,C[N+](C)(C)C.O=[N+]([O-])c1c[n-]c([N+](=O)[O-])n1,-848.9198377,0.175625,0.238931,557.47616,-0.23187,-0.08407,-849.2739941,-848.7442127,-848.6809067,4.02016,Gaussian,QC,"opt+freq: b3lyp/6-311G** em=gd3bj
energy: M062X/6-311G+(2d, p) em=gd3"
845,IL1648,C[N+](C)(C)C.O=[N+]([O-])c1c[n-]cn1,-644.4087141,0.175919,0.233629,508.18864,-0.1965,-0.04,-644.6970109,-644.2327951,-644.1750851,4.2568,Gaussian,QC,"opt+freq: b3lyp/6-311G** em=gd3bj
energy: M062X/6-311G+(2d, p) em=gd3"
846,IL1649,C[N+](C)(C)C.O=[N+]([O-])c1ccc2nc[n-]c2c1,-798.03094,0.217892,0.281652,561.4676959999999,-0.20146,-0.06021,-798.3875271,-797.813048,-797.749288,3.842,Gaussian,QC,"opt+freq: b3lyp/6-311G** em=gd3bj
energy: M062X/6-311G+(2d, p) em=gd3"
847,IL1650,C[N+](C)(C)C.O=[N+]([O-])c1nc[n-]c1[N+](=O)[O-],-848.8998712,0.17646,0.238763,548.6353680000001,-0.22005,-0.08716,-849.2546769,-848.7234112,-848.6611082000001,3.614608,Gaussian,QC,"opt+freq: b3lyp/6-311G** em=gd3bj
energy: M062X/6-311G+(2d, p) em=gd3"
848,IL1652,C[N+](C)(C)C12CC3CC(CC(C3)C1)C2.O=S(=O)([N-]S(=O)(=O)C(F)(F)F)C(F)(F)F,-2391.7029733,0.34093,0.431275,795.575048,-0.27038,-0.01098,-2392.3347804,-2391.3620433,-2391.2716983,7.055680000000001,Gaussian,QC,"opt+freq: b3lyp/6-311G** em=gd3bj
energy: M062X/6-311G+(2d, p) em=gd3"
849,IL1653,C[N+](C)(C)CC(=O)O.O=S(=O)([N-]S(=O)(=O)C(F)(F)F)C(F)(F)F,-2230.1043212,0.167301,0.251997,745.8314720000001,-0.27107,-0.02629,-2230.610194,-2229.9370202,-2229.8523242,6.658015999999999,Gaussian,QC,"opt+freq: b3lyp/6-311G** em=gd3bj
energy: M062X/6-311G+(2d, p) em=gd3"
850,IL1657,C[N+](C)(C)CCCS(=O)(=O)O.O=S(=O)([O-])O,-1616.4477195,0.208172,0.276895,605.1695760000001,-0.26458,-0.01958,-1616.8039411,-1616.2395475,-1616.1708245,6.664,Gaussian,QC,"opt+freq: b3lyp/6-311G** em=gd3bj
energy: M062X/6-311G+(2d, p) em=gd3"
851,IL1661,C[N+](C)(C)CCO.O=C([O-])c1ccccc1,-749.0398232,0.246143,0.310028,562.568088,-0.21688,-0.00455,-749.3973436,-748.7936802,-748.7297952,5.775376,Gaussian,QC,"opt+freq: b3lyp/6-311G** em=gd3bj
energy: M062X/6-311G+(2d, p) em=gd3"
852,IL1662,C[N+](C)(C)CCO.O=C([O-])c1cccnc1,-765.081686,0.234926,0.298677,561.3882000000001,-0.22226,-0.01597,-765.4357752,-764.84676,-764.783009,5.611088,Gaussian,QC,"opt+freq: b3lyp/6-311G** em=gd3bj
energy: M062X/6-311G+(2d, p) em=gd3"
853,IL1663,C[N+](C)(C)CCO.O=P([O-])(O)O,-972.4427737,0.187284,0.245941,516.531536,-0.24147,-0.0013,-972.7332979,-972.2554897,-972.1968327,6.532623999999999,Gaussian,QC,"opt+freq: b3lyp/6-311G** em=gd3bj
energy: M062X/6-311G+(2d, p) em=gd3"
854,IL1664,C[N+](C)(C)CCO.O=S(=O)([N-]S(=O)(=O)C(F)(F)C(F)(F)C(F)(F)C(F)(F)F)C(F)(F)C(F)(F)C(F)(F)C(F)(F)F,-3582.8242625,0.234044,0.35879,1098.5092,-0.28435,-0.01939,-3583.692933,-3582.5902185,-3582.4654725,7.206911999999999,Gaussian,QC,"opt+freq: b3lyp/6-311G** em=gd3bj
energy: M062X/6-311G+(2d, p) em=gd3"
855,IL1667,C[N+](C)(C)CCO.[Br-],-2903.0416779,0.154792,0.202796,422.722072,-0.19237,-0.01416,-2903.2015195,-2902.8868859,-2902.8388819,4.847312000000001,Gaussian,QC,"opt+freq: b3lyp/6-311G** em=gd3bj
energy: M062X/6-311G+(2d, p) em=gd3"
856,IL1668,C[N+](C)(C)Cc1ccccc1.[Cl-],-905.5587538,0.198366,0.251586,468.654024,-0.19655,-0.04257,-905.8361519,-905.3603878,-905.3071678,4.188256,Gaussian,QC,"opt+freq: b3lyp/6-311G** em=gd3bj
energy: M062X/6-311G+(2d, p) em=gd3"
857,IL1671,C[N+](C)(C)c1ccccc1.N#C[S-],-897.0616116,0.178175,0.233974,491.364776,-0.18006,-0.05787,-897.3436905,-896.8834366,-896.8276376,3.323568,Gaussian,QC,"opt+freq: b3lyp/6-311G** em=gd3bj
energy: M062X/6-311G+(2d, p) em=gd3"
858,IL1672,C[N+](C)(C)c1ccccc1.O=S(=O)([O-])C(F)(F)F,-1367.5066122,0.186663,0.256359,613.738408,-0.23326,-0.04691,-1367.8938536,-1367.3199492,-1367.2502532,5.06872,Gaussian,QC,"opt+freq: b3lyp/6-311G** em=gd3bj
energy: M062X/6-311G+(2d, p) em=gd3"
859,IL1675,C[N+](C)(Cc1ccccc1)Cc1ccccc1.[Br-],-3250.5487677,0.269399,0.334813,576.0322000000001,-0.17968,-0.05905,-3250.886382,-3250.2793687,-3250.2139547,3.281136,Gaussian,QC,"opt+freq: b3lyp/6-311G** em=gd3bj
energy: M062X/6-311G+(2d, p) em=gd3"
860,IL1677,C[N+]1(C)CCCC1.Cc1ccc(S(=O)(=O)[O-])cc1,-1186.4128585,0.269279,0.339025,614.186096,-0.23716,-0.14785,-1186.8103093,-1186.1435795,-1186.0738335,2.429232,Gaussian,QC,"opt+freq: b3lyp/6-311G** em=gd3bj
energy: M062X/6-311G+(2d, p) em=gd3"
861,IL1679,C[N+]1(C)CCCC1.N#C[O-],-459.7945914,0.168333,0.217829,435.859832,-0.18249,-0.00997,-460.0221705,-459.6262584,-459.5767624,4.692544,Gaussian,QC,"opt+freq: b3lyp/6-311G** em=gd3bj
energy: M062X/6-311G+(2d, p) em=gd3"
862,IL1680,C[N+]1(C)CCCC1.O=S(=O)([N-]S(=O)(=O)C(F)(F)C(F)(F)F)C(F)(F)C(F)(F)F,-2594.5401644,0.206814,0.301382,832.754072,-0.27372,-0.01941,-2595.1539833,-2594.3333504,-2594.2387824,6.917232000000001,Gaussian,QC,"opt+freq: b3lyp/6-311G** em=gd3bj
energy: M062X/6-311G+(2d, p) em=gd3"
863,IL1681,C[N+]1(C)CCCC1.O=S(=O)([N-]S(=O)(=O)C(F)(F)F)C(F)(F)F,-2118.9557912,0.190454,0.272055,718.568528,-0.26722,-0.01555,-2119.4392875,-2118.7653372,-2118.6837362,6.845424,Gaussian,QC,"opt+freq: b3lyp/6-311G** em=gd3bj
energy: M062X/6-311G+(2d, p) em=gd3"
864,IL1682,C[N+]1(C)CCCC1.O=S(=O)([O-])C(F)(F)C(F)(F)C(F)(F)C(F)(F)F,-1966.5966887,0.198674,0.283063,743.132792,-0.2441,-0.01776,-1967.1249435,-1966.3980147,-1966.3136257,6.156448,Gaussian,QC,"opt+freq: b3lyp/6-311G** em=gd3bj
energy: M062X/6-311G+(2d, p) em=gd3"
865,IL1683,C[N+]1(CCCC#N)CCOCC1.N#C[C-](C#N)C#N,-854.3966756,0.234667,0.306677,634.1228560000001,-0.20038,-0.01808,-854.7719693,-854.1620086,-854.0899986,4.95856,Gaussian,QC,"opt+freq: b3lyp/6-311G** em=gd3bj
energy: M062X/6-311G+(2d, p) em=gd3"
866,IL1685,C[N+]1(CCCF)CCOCC1.O=S(=O)([O-])C(F)(F)F,-1506.2822605,0.223681,0.296934,645.0682,-0.24726,-0.00382,-1506.7088829,-1506.0585795,-1505.9853265,6.621568,Gaussian,QC,"opt+freq: b3lyp/6-311G** em=gd3bj
energy: M062X/6-311G+(2d, p) em=gd3"
867,IL1686,C[N+]1(CCCF)CCOCC1.O=[N+]([O-])[O-],-825.0864859,0.217412,0.279987,551.028616,-0.19654,-0.00037,-825.4363692,-824.8690739,-824.8064989,5.335824,Gaussian,QC,"opt+freq: b3lyp/6-311G** em=gd3bj
energy: M062X/6-311G+(2d, p) em=gd3"
868,IL1687,C[N+]1(CCCO)CCOCC1.O=S(=O)([N-]S(=O)(=O)C(F)(F)F)C(F)(F)F,-2347.9906519,0.251018,0.341952,800.7632080000001,-0.26534,-0.00576,-2348.5595767,-2347.7396339,-2347.6486999,7.060576000000001,Gaussian,QC,"opt+freq: b3lyp/6-311G** em=gd3bj
energy: M062X/6-311G+(2d, p) em=gd3"
869,IL1689,C[N+]1(CCO)CCCC1.[Br-],-2980.4530318,0.188545,0.239824,451.562384,-0.19075,-0.01137,-2980.6500079,-2980.2644868,-2980.2132078,4.879136,Gaussian,QC,"opt+freq: b3lyp/6-311G** em=gd3bj
energy: M062X/6-311G+(2d, p) em=gd3"
870,IL1690,C[N+]1(CCO)CCOCC1.O=S(=O)([N-]S(=O)(=O)C(F)(F)F)C(F)(F)F,-2308.6774216,0.224738,0.312494,772.768064,-0.25917,-0.01976,-2309.2225792,-2308.4526836,-2308.3649276,6.511952,Gaussian,QC,"opt+freq: b3lyp/6-311G** em=gd3bj
energy: M062X/6-311G+(2d, p) em=gd3"
871,IL1691,C[N+]1(CCO)CCOCC1.[Br-],-3055.6475507,0.191765,0.245006,468.842304,-0.17123,-0.01351,-3055.8631829,-3055.4557857,-3055.4025447,4.289984,Gaussian,QC,"opt+freq: b3lyp/6-311G** em=gd3bj
energy: M062X/6-311G+(2d, p) em=gd3"
872,IL1694,C[N+]1(Cc2ccccc2)CCOCC1.O=C([O-])c1ccccc1O,-1093.3835973,0.329268,0.405211,668.7496400000001,-0.18191,-0.04133,-1093.8804358,-1093.0543293,-1092.9783863,3.823776,Gaussian,QC,"opt+freq: b3lyp/6-311G** em=gd3bj
energy: M062X/6-311G+(2d, p) em=gd3"
873,IL1695,C[N+]1(Cc2ccccc2)CCOCC1.O=S(=O)([O-])O,-1297.6390167,0.256838,0.325375,603.5294480000001,-0.23455,-0.04424,-1298.0377853,-1297.3821787,-1297.3136417,5.176432,Gaussian,QC,"opt+freq: b3lyp/6-311G** em=gd3bj
energy: M062X/6-311G+(2d, p) em=gd3"
874,IL1696,C[N+]1(Cc2ccccc2)CCOCC1.O=[N+]([O-])[O-],-878.2448514,0.247789,0.311071,557.262776,-0.19048,-0.03993,-878.6374106,-877.9970624,-877.9337804,4.09496,Gaussian,QC,"opt+freq: b3lyp/6-311G** em=gd3bj
energy: M062X/6-311G+(2d, p) em=gd3"
875,IL1697,C[N+]12CCC(CC1)CC2.O=S(=O)([N-]S(=O)(=O)C(F)(F)F)C(F)(F)F,-2196.3731035,0.225048,0.308831,737.7898240000001,-0.26245,-0.01793,-2196.8914799,-2196.1480555,-2196.0642725,6.650944,Gaussian,QC,"opt+freq: b3lyp/6-311G** em=gd3bj
energy: M062X/6-311G+(2d, p) em=gd3"
876,IL1698,C[NH+](C)C.O=P([O-])(O)O,-818.5999822,0.130902,0.183155,460.139584,-0.2259,-0.02567,-818.8195236,-818.4690802,-818.4168272,5.446256,Gaussian,QC,"opt+freq: b3lyp/6-311G** em=gd3bj
energy: M062X/6-311G+(2d, p) em=gd3"
877,IL1700,C[NH+](C)C.O=S(=O)([O-])O,-874.6866783,0.119302,0.171656,461.022408,-0.23118,-0.03731,-874.8954353,-874.5673763000001,-874.5150223,5.273263999999999,Gaussian,QC,"opt+freq: b3lyp/6-311G** em=gd3bj
energy: M062X/6-311G+(2d, p) em=gd3"
878,IL1701,C[NH+](C)N.[N-]=[N+]=[N-],-355.2357512,0.090866,0.139159,425.265944,-0.25068,-0.00112,-355.4068471,-355.1448852,-355.0965922,6.788032,Gaussian,QC,"opt+freq: b3lyp/6-311G** em=gd3bj
energy: M062X/6-311G+(2d, p) em=gd3"
879,IL1703,C[NH+]1C=NC(N=[N+]=[N-])=N1.O=[N+]([O-])[O-],-726.0095398,0.072284,0.12886,498.205616,-0.26573,-0.05975,-726.2824252,-725.9372558,-725.8806797999999,5.602656000000001,Gaussian,QC,"opt+freq: b3lyp/6-311G** em=gd3bj
energy: M062X/6-311G+(2d, p) em=gd3"
880,IL1704,C[NH+]1C=NC(N=[N+]=[N-])=N1.[O-][Cl+3]([O-])([O-])[O-],-1206.4667071,0.069359,0.12941,528.807392,-0.27152,-0.05987,-1206.7315925,-1206.3973481,-1206.3372971,5.756879999999999,Gaussian,QC,"opt+freq: b3lyp/6-311G** em=gd3bj
energy: M062X/6-311G+(2d, p) em=gd3"
881,IL1705,C[NH+]1CCCC1.O=C([O-])C(F)(F)F,-778.6765227,0.145995,0.205621,525.066896,-0.27257,-0.0124,-778.9767615,-778.5305277,-778.4709017,7.076623999999999,Gaussian,QC,"opt+freq: b3lyp/6-311G** em=gd3bj
energy: M062X/6-311G+(2d, p) em=gd3"
882,IL1706,C[NH+]1CCCC1.O=C[O-],-441.5805381,0.152359,0.200122,420.600784,-0.1957,-0.02121,-441.7977073,-441.4281791,-441.3804161,4.746128,Gaussian,QC,"opt+freq: b3lyp/6-311G** em=gd3bj
energy: M062X/6-311G+(2d, p) em=gd3"
883,IL1707,C[NH+]1CCCC1.O=S(=O)([N-]S(=O)(=O)C(F)(F)F)C(F)(F)F,-2079.6540016,0.166413,0.243981,683.0631040000001,-0.2815,-0.04137,-2080.1163018,-2079.4875886,-2079.4100206,6.531535999999999,Gaussian,QC,"opt+freq: b3lyp/6-311G** em=gd3bj
energy: M062X/6-311G+(2d, p) em=gd3"
884,IL1710,C[NH3+].O=C[O-],-285.6130348,0.065222,0.105634,355.865936,-0.26536,0.01981,-285.7431104,-285.5478128,-285.5074008,7.756624,Gaussian,QC,"opt+freq: b3lyp/6-311G** em=gd3bj
energy: M062X/6-311G+(2d, p) em=gd3"
885,IL1711,C[P+](C)(C)C.O=S(=O)([N-]S(=O)(=O)C(F)(F)F)C(F)(F)F,-2328.1801835,0.14479,0.226461,719.191944,-0.27944,-0.01341,-2328.6509272,-2328.0353935,-2327.9537225,7.236016000000001,Gaussian,QC,"opt+freq: b3lyp/6-311G** em=gd3bj
energy: M062X/6-311G+(2d, p) em=gd3"
886,IL1712,C[P+](c1ccccc1)(c1ccccc1)c1ccccc1.[Br-],-3650.2744108,0.250867,0.324029,644.2690560000001,-0.17145,-0.07355,-3650.6746706,-3650.0235438,-3649.9503818,2.662879999999999,Gaussian,QC,"opt+freq: b3lyp/6-311G** em=gd3bj
energy: M062X/6-311G+(2d, p) em=gd3"
887,IL1714,C[S+](C)C.N#C[N-]C#N,-758.2628614,0.096445,0.147202,446.972536,-0.21035,-0.04282,-758.4661353,-758.1664164,-758.1156594,4.556816,Gaussian,QC,"opt+freq: b3lyp/6-311G** em=gd3bj
energy: M062X/6-311G+(2d, p) em=gd3"
888,IL1717,C[n+]1cc[nH]c1CC(=O)c1ccccc1.[Br-],-3223.9361087,0.177814,0.239532,543.484864,-0.18937,-0.07579,-3224.2238897,-3223.7582947,-3223.6965767,3.089376,Gaussian,QC,"opt+freq: b3lyp/6-311G** em=gd3bj
energy: M062X/6-311G+(2d, p) em=gd3"
889,IL1718,C[n+]1ccn(CC#N)c1.N#C[N-]C#N,-638.029554,0.113233,0.172054,517.9792,-0.20678,-0.06597,-638.2915997,-637.9163209999999,-637.8575,3.830032,Gaussian,QC,"opt+freq: b3lyp/6-311G** em=gd3bj
energy: M062X/6-311G+(2d, p) em=gd3"
890,IL1719,C[n+]1ccn(CC#N)c1.N#Cc1nc(C(F)(F)F)[n-]c1C#N,-1144.7602987,0.141325,0.216131,658.7415120000001,-0.25024,-0.08198,-1145.1708998,-1144.6189737,-1144.5441677,4.576672,Gaussian,QC,"opt+freq: b3lyp/6-311G** em=gd3bj
energy: M062X/6-311G+(2d, p) em=gd3"
891,IL1720,C[n+]1ccn(CC#N)c1.O=[N+]([O-])[O-],-677.884144,0.105928,0.163839,509.962656,-0.1882,-0.07602,-678.1544613,-677.778216,-677.7203049999999,3.051296,Gaussian,QC,"opt+freq: b3lyp/6-311G** em=gd3bj
energy: M062X/6-311G+(2d, p) em=gd3"
892,IL1721,C[n+]1ccn(CC#N)c1.[Cl-],-857.8227319,0.095171,0.145609,444.160888,-0.21127,-0.05861,-858.0370323,-857.7275609,-857.6771229,4.152352,Gaussian,QC,"opt+freq: b3lyp/6-311G** em=gd3bj
energy: M062X/6-311G+(2d, p) em=gd3"
893,IL1724,C[n+]1ccn(CC(F)(F)F)c1.O=S(=O)([N-]S(=O)(=O)C(F)(F)F)C(F)(F)F,-2469.6680286,0.132312,0.221889,788.813704,-0.27786,-0.06299,-2470.216316,-2469.5357166,-2469.4461396,5.844464,Gaussian,QC,"opt+freq: b3lyp/6-311G** em=gd3bj
energy: M062X/6-311G+(2d, p) em=gd3"
894,IL1725,C[n+]1ccn(CC(F)(F)F)c1.O=S(=O)([O-])C(F)(F)F,-1603.9293183,0.11687,0.188975,634.9554720000001,-0.25349,-0.05944,-1604.333486,-1603.8124483,-1603.7403433,5.27816,Gaussian,QC,"opt+freq: b3lyp/6-311G** em=gd3bj
energy: M062X/6-311G+(2d, p) em=gd3"
895,IL1726,C[n+]1ccn(CCC#N)c1.N#C[N-]C#N,-677.3513397,0.141257,0.201662,531.928656,-0.21029,-0.06285,-677.636062,-677.2100827,-677.1496777,4.010368000000001,Gaussian,QC,"opt+freq: b3lyp/6-311G** em=gd3bj
energy: M062X/6-311G+(2d, p) em=gd3"
896,IL1727,C[n+]1ccn(CCC#N)c1.O=[N+]([O-])[O-],-717.2202818,0.132039,0.193021,537.0038480000001,-0.2103,-0.04893,-717.517714,-717.0882428,-717.0272607999999,4.389264,Gaussian,QC,"opt+freq: b3lyp/6-311G** em=gd3bj
energy: M062X/6-311G+(2d, p) em=gd3"
897,IL1728,C[n+]1ccn(CCC#N)c1.[Br-],-3011.120452,0.121948,0.17592,475.273112,-0.20203,-0.03766,-3011.3053023,-3010.998504,-3010.944532,4.470864,Gaussian,QC,"opt+freq: b3lyp/6-311G** em=gd3bj
energy: M062X/6-311G+(2d, p) em=gd3"
898,IL1731,C[n+]1ccn(CCCc2ccccc2)c1.O=S(=O)([N-]S(=O)(=O)C(F)(F)F)C(F)(F)F,-2442.2438916,0.255477,0.354475,871.7698720000001,-0.25372,-0.04553,-2442.8686306,-2441.9884146,-2441.8894166,5.662768,Gaussian,QC,"opt+freq: b3lyp/6-311G** em=gd3bj
energy: M062X/6-311G+(2d, p) em=gd3"
899,IL1735,C[n+]1ccn(CCO)c1.[Br-],-2994.0845684,0.126831,0.18062,473.666456,-0.16043,-0.05764,-2994.2633786,-2993.9577374,-2993.9039484,2.795888,Gaussian,QC,"opt+freq: b3lyp/6-311G** em=gd3bj
energy: M062X/6-311G+(2d, p) em=gd3"
900,IL1736,C[n+]1ccn(CCO)c1.[Cl-],-880.1174672,0.129667,0.181157,453.42008,-0.19958,-0.02587,-880.3474241,-879.9878001999999,-879.9363102,4.724912,Gaussian,QC,"opt+freq: b3lyp/6-311G** em=gd3bj
energy: M062X/6-311G+(2d, p) em=gd3"
901,IL1737,C[n+]1ccn(CCO)c1.[N-]=[N+]=[N-],-584.0840081,0.140983,0.194118,467.9134560000001,-0.17323,-0.03906,-584.3411309,-583.9430251,-583.8898901,3.649424,Gaussian,QC,"opt+freq: b3lyp/6-311G** em=gd3bj
energy: M062X/6-311G+(2d, p) em=gd3"
902,IL1739,C[n+]1ccn(CCc2ccccc2)c1.O=S(=O)([N-]S(=O)(=O)C(F)(F)F)C(F)(F)F,-2402.940563,0.230911,0.325799,835.578272,-0.25654,-0.04591,-2403.540698,-2402.709652,-2402.614764,5.729136,Gaussian,QC,"opt+freq: b3lyp/6-311G** em=gd3bj
energy: M062X/6-311G+(2d, p) em=gd3"
903,IL1740,C[n+]1ccn(Cc2ccc3ccccc3c2)c1.O=S(=O)([N-]S(=O)(=O)C(F)(F)F)C(F)(F)F,-2517.2604564,0.246784,0.344574,861.12996,-0.23158,-0.05792,-2517.9071535,-2517.0136724,-2516.9158824,4.723552,Gaussian,QC,"opt+freq: b3lyp/6-311G** em=gd3bj
energy: M062X/6-311G+(2d, p) em=gd3"
904,IL1743,C[n+]1ccn(Cc2ccccc2)c1.O=S(=O)([O-])C(F)(F)F,-1497.8996575,0.189566,0.263934,654.883864,-0.24069,-0.04015,-1498.3274479,-1497.7100915,-1497.6357235,5.454688,Gaussian,QC,"opt+freq: b3lyp/6-311G** em=gd3bj
energy: M062X/6-311G+(2d, p) em=gd3"
905,IL1744,C[n+]1ccn(Cc2ccccc2)c1.[Br-],-3110.5986112,0.171613,0.229502,509.770192,-0.1894,-0.03086,-3110.8435628,-3110.4269982,-3110.3691092,4.312288000000001,Gaussian,QC,"opt+freq: b3lyp/6-311G** em=gd3bj
energy: M062X/6-311G+(2d, p) em=gd3"
906,IL1746,C[n+]1cn(CCN=[N+]=[N-])cn1.O=[N+]([O-])[O-],-804.5878108,0.127666,0.187227,524.48532,-0.20807,-0.05694,-804.9076193,-804.4601448000001,-804.4005838,4.110736,Gaussian,QC,"opt+freq: b3lyp/6-311G** em=gd3bj
energy: M062X/6-311G+(2d, p) em=gd3"
907,IL1747,C[n+]1cn(CCN=[N+]=[N-])cn1.[O-][Cl+3]([O-])([O-])[O-],-1285.0676825,0.125508,0.188832,557.626784,-0.25844,-0.06145,-1285.3800993,-1284.9421745,-1284.8788505,5.358128,Gaussian,QC,"opt+freq: b3lyp/6-311G** em=gd3bj
energy: M062X/6-311G+(2d, p) em=gd3"
908,IL1748,C[n+]1cn(N)cn1.O=[N+]([O-])[O-],-617.7215687,0.088817,0.140242,452.842688,-0.22069,-0.06089,-617.964159,-617.6327517000001,-617.5813267000001,4.34656,Gaussian,QC,"opt+freq: b3lyp/6-311G** em=gd3bj
energy: M062X/6-311G+(2d, p) em=gd3"
909,IL1751,C[n+]1cn(N)cn1.[O-][Cl+3]([O-])([O-])[O-],-1098.2019558,0.088221,0.142629,479.122392,-0.27063,-0.07342,-1098.4351077,-1098.1137348,-1098.0593268,5.364112,Gaussian,QC,"opt+freq: b3lyp/6-311G** em=gd3bj
energy: M062X/6-311G+(2d, p) em=gd3"
910,IL1752,C[n+]1cnc(N=[N+]=[N-])[nH]1.O=[N+]([O-])[O-],-725.9584271,0.073082,0.128537,488.339744,-0.20028,-0.10256,-726.22951,-725.8853451,-725.8298901,2.657984,Gaussian,QC,"opt+freq: b3lyp/6-311G** em=gd3bj
energy: M062X/6-311G+(2d, p) em=gd3"
911,IL1753,C[n+]1cnc(N=[N+]=[N-])[nH]1.O=[N+]([O-])c1nc[n-]c1[N+](=O)[O-],-1080.2715315,0.113509,0.18021,587.362472,-0.2433,-0.11035,-1080.6723605,-1080.1580225,-1080.0913215,3.616239999999999,Gaussian,QC,"opt+freq: b3lyp/6-311G** em=gd3bj
energy: M062X/6-311G+(2d, p) em=gd3"
912,IL1754,C[n+]1cnc(N=[N+]=[N-])[nH]1.[O-][Cl+3]([O-])([O-])[O-],-1206.4667088,0.069362,0.129409,528.778104,-0.27152,-0.05987,-1206.7315925,-1206.3973468,-1206.3372998,5.756879999999999,Gaussian,QC,"opt+freq: b3lyp/6-311G** em=gd3bj
energy: M062X/6-311G+(2d, p) em=gd3"
913,IL1755,C[n+]1cnc[nH]1.O=C([O-])C1([N+](=O)[O-])N=NN=N1,-932.7737033,0.093957,0.160697,587.70556,-0.25709,-0.11178,-933.123903,-932.6797462999999,-932.6130062999999,3.952432,Gaussian,QC,"opt+freq: b3lyp/6-311G** em=gd3bj
energy: M062X/6-311G+(2d, p) em=gd3"
914,IL1756,C[n+]1cnc[nH]1.O=[N+]([O-])c1nc[n-]c1[N+](=O)[O-],-916.6830983,0.110973,0.174843,562.4342,-0.27424,-0.141,-917.0330404,-916.5721253,-916.5082553,3.624128,Gaussian,QC,"opt+freq: b3lyp/6-311G** em=gd3bj
energy: M062X/6-311G+(2d, p) em=gd3"
915,IL1758,Cc1[nH+]ccn1C.O=S(=O)([N-]S(=O)(=O)C(F)(F)F)C(F)(F)F,-2132.6262663,0.132317,0.21308,711.1921360000001,-0.27211,-0.04388,-2133.0905533,-2132.4939493,-2132.4131863,6.207856,Gaussian,QC,"opt+freq: b3lyp/6-311G** em=gd3bj
energy: M062X/6-311G+(2d, p) em=gd3"
916,IL1759,Cc1[nH+]ccn1C.O=S(=O)([O-])C(F)(F)F,-1266.8807584,0.117773,0.180267,550.3215200000001,-0.23617,-0.04533,-1267.1987241,-1266.7629854,-1266.7004914,5.190847999999999,Gaussian,QC,"opt+freq: b3lyp/6-311G** em=gd3bj
energy: M062X/6-311G+(2d, p) em=gd3"
917,IL1760,Cc1[nH+]ccn1C.O=[N+]([O-])[O-],-585.6843369,0.111127,0.163507,461.256712,-0.18797,-0.03191,-585.9283134,-585.5732098999999,-585.5208299,4.244832,Gaussian,QC,"opt+freq: b3lyp/6-311G** em=gd3bj
energy: M062X/6-311G+(2d, p) em=gd3"
918,IL1761,Cc1[nH+]ccn1C.[Br-],-2879.5847288,0.100413,0.146202,403.21208,-0.18199,-0.03101,-2879.7186001,-2879.4843158,-2879.4385268,4.106656,Gaussian,QC,"opt+freq: b3lyp/6-311G** em=gd3bj
energy: M062X/6-311G+(2d, p) em=gd3"
919,IL1762,Cc1[nH+]ccn1C.[Cl-],-765.6067507,0.101845,0.146322,391.655872,-0.19515,-0.02683,-765.792447,-765.5049057,-765.4604287,4.578304,Gaussian,QC,"opt+freq: b3lyp/6-311G** em=gd3bj
energy: M062X/6-311G+(2d, p) em=gd3"
920,IL1763,Cc1[nH+]ccn1C.[O-][Cl+3]([O-])([O-])[O-],-1066.1703778,0.110832,0.165254,479.239544,-0.2464,-0.04253,-1066.4063866,-1066.0595458,-1066.0051238,5.545264,Gaussian,QC,"opt+freq: b3lyp/6-311G** em=gd3bj
energy: M062X/6-311G+(2d, p) em=gd3"
921,IL1764,Cc1[nH]c(C)c(C)[nH+]1.[Br-],-2918.9204019,0.119615,0.172299,463.934472,-0.18884,-0.03433,-2919.08218,-2918.8007869,-2918.7481029,4.202672,Gaussian,QC,"opt+freq: b3lyp/6-311G** em=gd3bj
energy: M062X/6-311G+(2d, p) em=gd3"
922,IL1765,Cc1[nH]c(C)c(C)[nH+]1.[Cl-],-804.9257171,0.12533,0.174782,435.479088,-0.19211,-0.02711,-805.138057,-804.8003871000001,-804.7509351,4.488,Gaussian,QC,"opt+freq: b3lyp/6-311G** em=gd3bj
energy: M062X/6-311G+(2d, p) em=gd3"
923,IL1766,Cc1[nH]cc[nH+]1.O=S(=O)([N-]S(=O)(=O)C(F)(F)F)C(F)(F)F,-2093.322176,0.107258,0.184493,680.125936,-0.26852,-0.04948,-2093.7631878,-2093.214918,-2093.137683,5.957888,Gaussian,QC,"opt+freq: b3lyp/6-311G** em=gd3bj
energy: M062X/6-311G+(2d, p) em=gd3"
924,IL1767,Cc1c(C)[n+](C)c(C)n1C.O=S(=O)([N-]S(=O)(=O)C(F)(F)F)C(F)(F)F,-2250.5600214,0.208807,0.299209,796.072944,-0.25762,-0.03595,-2251.0969585,-2250.3512144,-2250.2608124,6.029424,Gaussian,QC,"opt+freq: b3lyp/6-311G** em=gd3bj
energy: M062X/6-311G+(2d, p) em=gd3"
925,IL1778,Cc1cc[n+](CC(=O)Nc2ccc(C)c(F)c2)cc1.O=C([O-])C(F)(F)F,-1391.9029167,0.241814,0.328842,766.36236,-0.20184,-0.10829,-1392.4479395,-1391.6611027,-1391.5740747,2.54456,Gaussian,QC,"opt+freq: b3lyp/6-311G** em=gd3bj
energy: M062X/6-311G+(2d, p) em=gd3"
926,IL1780,Cc1cc[n+](CCCOc2ccccc2)cc1.[Br-],-3286.479648,0.241125,0.310223,608.4749360000001,-0.1928,-0.07827,-3286.8166515,-3286.238523,-3286.169425,3.115216,Gaussian,QC,"opt+freq: b3lyp/6-311G** em=gd3bj
energy: M062X/6-311G+(2d, p) em=gd3"
927,IL1781,Cc1cc[n+](CCOc2ccccc2)cc1.[Br-],-3247.1573163,0.21676,0.280545,561.6810800000001,-0.17337,-0.09991,-3247.4680988,-3246.9405563,-3246.8767713,1.998112,Gaussian,QC,"opt+freq: b3lyp/6-311G** em=gd3bj
energy: M062X/6-311G+(2d, p) em=gd3"
928,IL1786,Cc1ccc(C[N+](C)(C)Cc2ccc(C)cc2)cc1.[Br-],-3329.1671613,0.315394,0.390763,663.691184,-0.16511,-0.03639,-3329.5519585,-3328.8517673,-3328.7763983,3.501184,Gaussian,QC,"opt+freq: b3lyp/6-311G** em=gd3bj
energy: M062X/6-311G+(2d, p) em=gd3"
929,IL1792,Cc1ccc2cccc[n+]2c1C.N#C[N-]C#N,-721.4727016,0.174348,0.236677,548.873856,-0.18891,-0.09406,-721.8005877,-721.2983536,-721.2360246000001,2.57992,Gaussian,QC,"opt+freq: b3lyp/6-311G** em=gd3bj
energy: M062X/6-311G+(2d, p) em=gd3"
930,IL1794,Cc1ccc[n+](CC(=O)Nc2ccc(C)c(F)c2)c1.O=C([O-])C(F)(F)F,-1391.9151972,0.244036,0.329257,750.458976,-0.22873,-0.10146,-1392.4587682,-1391.6711612,-1391.5859402,3.461744,Gaussian,QC,"opt+freq: b3lyp/6-311G** em=gd3bj
energy: M062X/6-311G+(2d, p) em=gd3"
931,IL1796,Cc1ccc[n+](CCCOc2ccccc2)c1.[Br-],-3286.4813767,0.241987,0.310236,601.0023120000001,-0.19638,-0.08192,-3286.8180501,-3286.2393897,-3286.1711407,3.113312,Gaussian,QC,"opt+freq: b3lyp/6-311G** em=gd3bj
energy: M062X/6-311G+(2d, p) em=gd3"
932,IL1797,Cc1ccc[n+](CCOc2ccccc2)c1.[Br-],-3247.1670838,0.215964,0.280865,571.5176640000001,-0.19676,-0.07647,-3247.4801453,-3246.9511198,-3246.8862188,3.271888,Gaussian,QC,"opt+freq: b3lyp/6-311G** em=gd3bj
energy: M062X/6-311G+(2d, p) em=gd3"
933,IL1800,Cc1cccc(C[N+](C)(C)Cc2cccc(C)c2)c1.[Cl-],-1215.1936866,0.316555,0.391609,660.921376,-0.1921,-0.04569,-1215.6312005,-1214.8771316,-1214.8020776,3.982352,Gaussian,QC,"opt+freq: b3lyp/6-311G** em=gd3bj
energy: M062X/6-311G+(2d, p) em=gd3"
934,IL1801,Cc1cccc[n+]1CCCOc1ccccc1.[Br-],-3286.4806191,0.243365,0.310501,591.1992,-0.18882,-0.08357,-3286.8148424,-3286.2372541,-3286.1701181,2.8628,Gaussian,QC,"opt+freq: b3lyp/6-311G** em=gd3bj
energy: M062X/6-311G+(2d, p) em=gd3"
935,IL1802,Cc1cccc[n+]1CCOc1ccccc1.[Br-],-3247.1615833,0.215523,0.280368,571.023952,-0.18265,-0.10931,-3247.474111,-3246.9460603,-3246.8812153,1.994848,Gaussian,QC,"opt+freq: b3lyp/6-311G** em=gd3bj
energy: M062X/6-311G+(2d, p) em=gd3"
936,IL1803,Cc1ccccc1C(=O)C[n+]1ccn(C)c1.[Br-],-3263.1931424,0.202773,0.268757,581.048816,-0.17832,-0.07274,-3263.5034273,-3262.9903694,-3262.9243854,2.871776,Gaussian,QC,"opt+freq: b3lyp/6-311G** em=gd3bj
energy: M062X/6-311G+(2d, p) em=gd3"
937,IL1804,Cc1ccccc1C(=O)C[n+]1ccn(C)c1.[Cl-],-1149.2170603,0.204209,0.268889,569.572104,-0.19338,-0.07161,-1149.577241,-1149.0128513,-1148.9481713,3.312144,Gaussian,QC,"opt+freq: b3lyp/6-311G** em=gd3bj
energy: M062X/6-311G+(2d, p) em=gd3"
938,IL1807,Cc1n(C)c(C(F)(F)F)n[n+]1C.O=S(=O)([O-])C(F)(F)F,-1659.2646449,0.130114,0.20556,664.37736,-0.25045,-0.06557,-1659.6920378,-1659.1345309,-1659.0590849,5.028735999999999,Gaussian,QC,"opt+freq: b3lyp/6-311G** em=gd3bj
energy: M062X/6-311G+(2d, p) em=gd3"
939,IL1808,Cc1n(C)c(C(F)(F)F)n[n+]1C.[O-][Cl+3]([O-])([O-])[O-],-1458.554034,0.123913,0.19031,584.69308,-0.26174,-0.06779,-1458.8981826,-1458.430121,-1458.363724,5.275439999999999,Gaussian,QC,"opt+freq: b3lyp/6-311G** em=gd3bj
energy: M062X/6-311G+(2d, p) em=gd3"
940,IL1809,Cc1n(C)c(C(F)(F)F)n[n+]1CCCF.O=S(=O)([N-]S(=O)(=O)C(F)(F)F)C(F)(F)F,-2702.8603518,0.188809,0.290287,893.610352,-0.27809,-0.07053,-2703.500308,-2702.6715428,-2702.5700648,5.645632000000001,Gaussian,QC,"opt+freq: b3lyp/6-311G** em=gd3bj
energy: M062X/6-311G+(2d, p) em=gd3"
941,IL1811,Cc1n(C)c([N+](=O)[O-])c[n+]1C.O=[N+]([O-])[O-],-829.4736998,0.136164,0.197234,537.782072,-0.20568,-0.1221,-829.8069574,-829.3375358,-829.2764658,2.273376,Gaussian,QC,"opt+freq: b3lyp/6-311G** em=gd3bj
energy: M062X/6-311G+(2d, p) em=gd3"
942,IL1812,Cc1n(C)c([N+](=O)[O-])c[n+]1C.[O-][Cl+3]([O-])([O-])[O-],-1309.9550125,0.133566,0.198867,575.032224,-0.26,-0.12436,-1310.2810744,-1309.8214465,-1309.7561455,3.689408,Gaussian,QC,"opt+freq: b3lyp/6-311G** em=gd3bj
energy: M062X/6-311G+(2d, p) em=gd3"
943,IL1813,Cc1n(C)c2ccccc2[n+]1C.O=S(=O)([N-]S(=O)(=O)C(F)(F)F)C(F)(F)F,-2325.5527802,0.196428,0.290015,824.126664,-0.24999,-0.06503,-2326.1127715,-2325.3563522,-2325.2627652,5.030912,Gaussian,QC,"opt+freq: b3lyp/6-311G** em=gd3bj
energy: M062X/6-311G+(2d, p) em=gd3"
944,IL1814,Cc1n(C)cc[n+]1C.O=[N+]([O-])c1cc([N+](=O)[O-])c([O-])c([N+](=O)[O-])c1,-1265.0300873,0.206922,0.284894,686.61532,-0.23092,-0.09987,-1265.5425504,-1264.8231653,-1264.7451933,3.56456,Gaussian,QC,"opt+freq: b3lyp/6-311G** em=gd3bj
energy: M062X/6-311G+(2d, p) em=gd3"
945,IL1815,Cc1n(C)cc[n+]1C.[Br-],-2918.8909429,0.125553,0.174796,433.638128,-0.18102,-0.02592,-2919.0485703,-2918.7653899,-2918.7161469,4.218719999999999,Gaussian,QC,"opt+freq: b3lyp/6-311G** em=gd3bj
energy: M062X/6-311G+(2d, p) em=gd3"
946,IL1816,Cc1n(C)cc[n+]1C.[Cl-],-804.9127367,0.126988,0.174942,422.274384,-0.19345,-0.02256,-805.1218448,-804.7857487,-804.7377947,4.648208,Gaussian,QC,"opt+freq: b3lyp/6-311G** em=gd3bj
energy: M062X/6-311G+(2d, p) em=gd3"
947,IL1817,Cc1n(C)cc[n+]1C.[O-][Cl+3]([O-])([O-])[O-],-1105.4757284,0.135649,0.193836,512.39356,-0.24729,-0.03894,-1105.7364981,-1105.3400794,-1105.2818924,5.66712,Gaussian,QC,"opt+freq: b3lyp/6-311G** em=gd3bj
energy: M062X/6-311G+(2d, p) em=gd3"
948,IL1819,Cc1n(C)cc[n+]1CCCOc1ccccc1.[Br-],-3303.7461419,0.252874,0.321563,604.872512,-0.18061,-0.03368,-3304.0815042,-3303.4932679,-3303.4245789,3.996496,Gaussian,QC,"opt+freq: b3lyp/6-311G** em=gd3bj
energy: M062X/6-311G+(2d, p) em=gd3"
949,IL1820,Cc1n(C)cc[n+]1CCOc1ccccc1.[Br-],-3264.4295039,0.225928,0.292378,585.157504,-0.17666,-0.0309,-3264.7403639,-3264.2035759,-3264.1371259,3.964672,Gaussian,QC,"opt+freq: b3lyp/6-311G** em=gd3bj
energy: M062X/6-311G+(2d, p) em=gd3"
950,IL1822,Cc1n(C)nn[n+]1N.[O-][Cl+3]([O-])([O-])[O-],-1153.5280242,0.103146,0.158822,490.28112,-0.26947,-0.07426,-1153.7846284,-1153.4248782,-1153.3692022,5.309711999999999,Gaussian,QC,"opt+freq: b3lyp/6-311G** em=gd3bj
energy: M062X/6-311G+(2d, p) em=gd3"
951,IL1824,Cc1n(O)cc[n+]1CC(=O)c1ccc(Cl)cc1.[Br-],-3758.707151,0.166284,0.235542,609.88076,-0.20093,-0.10949,-3759.0334295,-3758.540867,-3758.471609,2.487168,Gaussian,QC,"opt+freq: b3lyp/6-311G** em=gd3bj
energy: M062X/6-311G+(2d, p) em=gd3"
952,IL1825,Cc1n(OCc2ccc(Br)cc2)cc[n+]1OCc1ccc(Br)cc1.[Br-],-8678.3824369,0.246954,0.333399,761.2285919999999,-0.18405,-0.06426,-8678.75815,-8678.1354829,-8678.0490379,3.258288,Gaussian,QC,"opt+freq: b3lyp/6-311G** em=gd3bj
energy: M062X/6-311G+(2d, p) em=gd3"
953,IL1826,Cc1n(OCc2ccc([N+](=O)[O-])cc2)cc[n+]1OCc1ccc([N+](=O)[O-])cc1.[Br-],-3940.2147547,0.268328,0.358985,798.319752,-0.17775,-0.10437,-3940.7667609,-3939.9464267,-3939.8557697,1.995935999999999,Gaussian,QC,"opt+freq: b3lyp/6-311G** em=gd3bj
energy: M062X/6-311G+(2d, p) em=gd3"
954,IL1828,Cn1c[n+](C)cc1[N+](=O)[O-].O=[N+]([O-])[O-],-790.1485089,0.109171,0.168635,523.635968,-0.21116,-0.11879,-790.460231,-790.0393379000001,-789.9798739,2.512464,Gaussian,QC,"opt+freq: b3lyp/6-311G** em=gd3bj
energy: M062X/6-311G+(2d, p) em=gd3"
955,IL1829,Cn1c[n+](C)cc1[N+](=O)[O-].[O-][Cl+3]([O-])([O-])[O-],-1270.6366191,0.108064,0.170291,547.974296,-0.26289,-0.13487,-1270.9375472,-1270.5285551,-1270.4663281,3.482144,Gaussian,QC,"opt+freq: b3lyp/6-311G** em=gd3bj
energy: M062X/6-311G+(2d, p) em=gd3"
956,IL1830,Cn1c[n+](C)nc1N=[N+]=[N-].O=[N+]([O-])[O-],-765.2817739,0.097543,0.157636,529.1797680000001,-0.2115,-0.08854,-765.5794095,-765.1842309,-765.1241378999999,3.344512,Gaussian,QC,"opt+freq: b3lyp/6-311G** em=gd3bj
energy: M062X/6-311G+(2d, p) em=gd3"
957,IL1832,Cn1c[n+](C)nc1N=[N+]=[N-].[O-][Cl+3]([O-])([O-])[O-],-1245.7668469,0.097248,0.159493,548.12492,-0.25821,-0.08864,-1246.0539645,-1245.6695989,-1245.6073539,4.612304,Gaussian,QC,"opt+freq: b3lyp/6-311G** em=gd3bj
energy: M062X/6-311G+(2d, p) em=gd3"
958,IL1834,Cn1cc[n+](C(F)(F)C(F)F)c1.O=S(=O)([N-]S(=O)(=O)C(F)(F)F)C(F)(F)F,-2568.8882454,0.122814,0.214493,807.327904,-0.27389,-0.07478,-2569.456011,-2568.7654314,-2568.6737524,5.415792,Gaussian,QC,"opt+freq: b3lyp/6-311G** em=gd3bj
energy: M062X/6-311G+(2d, p) em=gd3"
959,IL1840,Cn1cc[n+](C)c1.O=C([O-])/C=C\C(=O)O,-760.4846413,0.160861,0.22155,534.426504,-0.19717,-0.05411,-760.8036248,-760.3237803000001,-760.2630913,3.891232,Gaussian,QC,"opt+freq: b3lyp/6-311G** em=gd3bj
energy: M062X/6-311G+(2d, p) em=gd3"
960,IL1841,Cn1cc[n+](C)c1.O=C([O-])C(F)(F)F,-831.5852146,0.114259,0.177686,558.538896,-0.21188,-0.06043,-831.8891436,-831.4709556,-831.4075286,4.119440000000001,Gaussian,QC,"opt+freq: b3lyp/6-311G** em=gd3bj
energy: M062X/6-311G+(2d, p) em=gd3"
961,IL1842,Cn1cc[n+](C)c1.O=C[O-],-494.533115,0.117713,0.168681,448.821864,-0.19631,-0.02394,-494.7540009,-494.415402,-494.364434,4.688464000000001,Gaussian,QC,"opt+freq: b3lyp/6-311G** em=gd3bj
energy: M062X/6-311G+(2d, p) em=gd3"
962,IL1844,Cn1cc[n+](C)c1.O=S(=O)([O-])C(F)(F)F,-1266.8703664,0.117828,0.180593,552.7064,-0.24297,-0.04581,-1267.1891587,-1266.7525384,-1266.6897734,5.362752,Gaussian,QC,"opt+freq: b3lyp/6-311G** em=gd3bj
energy: M062X/6-311G+(2d, p) em=gd3"
963,IL1845,Cn1cc[n+](C)c1.[Br-],-2879.5729925,0.099651,0.146093,408.9650800000001,-0.18972,-0.02849,-2879.7087318,-2879.4733415,-2879.4268995,4.385456,Gaussian,QC,"opt+freq: b3lyp/6-311G** em=gd3bj
energy: M062X/6-311G+(2d, p) em=gd3"
964,IL1846,Cn1cc[n+](C)c1.[Cl-],-765.5950063,0.10099,0.146269,398.7310160000001,-0.1999,-0.02511,-765.7820276,-765.4940163,-765.4487373000001,4.754288,Gaussian,QC,"opt+freq: b3lyp/6-311G** em=gd3bj
energy: M062X/6-311G+(2d, p) em=gd3"
965,IL1847,Cn1cc[n+](C)c1N=Nc1ccccc1.O=S(=O)([N-]S(=O)(=O)C(F)(F)C(F)(F)F)C(F)(F)C(F)(F)F,-2948.6710354,0.227729,0.336557,958.3368320000001,-0.26,-0.1311,-2949.4127059,-2948.4433064,-2948.3344784,3.50608,Gaussian,QC,"opt+freq: b3lyp/6-311G** em=gd3bj
energy: M062X/6-311G+(2d, p) em=gd3"
966,IL1848,Cn1cc[n+](C)c1N=Nc1ccccc1.O=S(=O)([N-]S(=O)(=O)C(F)(F)F)C(F)(F)F,-2473.077162,0.2111,0.307092,845.310256,-0.25752,-0.13181,-2473.6922317,-2472.866062,-2472.77007,3.419312,Gaussian,QC,"opt+freq: b3lyp/6-311G** em=gd3bj
energy: M062X/6-311G+(2d, p) em=gd3"
967,IL1849,Cn1cc[n+](CC(=O)c2ccc(Cl)c(Cl)c2)c1.[Br-],-4143.1207399,0.155427,0.22476,610.546016,-0.20572,-0.09836,-4143.4495292,-4142.965312900001,-4142.8959799,2.920192,Gaussian,QC,"opt+freq: b3lyp/6-311G** em=gd3bj
energy: M062X/6-311G+(2d, p) em=gd3"
968,IL1850,Cn1cc[n+](CC(=O)c2ccc(Cl)c(Cl)c2)c1.[Cl-],-2029.1434735,0.156846,0.224959,599.79732,-0.21614,-0.09785,-2029.5226266,-2028.9866275,-2028.9185145,3.217488,Gaussian,QC,"opt+freq: b3lyp/6-311G** em=gd3bj
energy: M062X/6-311G+(2d, p) em=gd3"
969,IL1851,Cn1cc[n+](CC(=O)c2ccc(Cl)cc2)c1.[Br-],-3683.5227241,0.166702,0.232873,582.697312,-0.20228,-0.09088,-3683.8297627,-3683.3560221,-3683.2898511,3.030079999999999,Gaussian,QC,"opt+freq: b3lyp/6-311G** em=gd3bj
energy: M062X/6-311G+(2d, p) em=gd3"
970,IL1852,Cn1cc[n+](CC(=O)c2ccc(Cl)cc2)c1.[Cl-],-1569.5453748,0.168262,0.233086,570.8314879999999,-0.21259,-0.09035,-1569.9028428,-1569.3771128,-1569.3122888,3.324928,Gaussian,QC,"opt+freq: b3lyp/6-311G** em=gd3bj
energy: M062X/6-311G+(2d, p) em=gd3"
971,IL1853,Cn1cc[n+](CC(=O)c2ccc([N+](=O)[O-])cc2)c1.[Br-],-3428.4072951,0.175449,0.24525,614.6630719999999,-0.20191,-0.10651,-3428.7553001,-3428.2318461,-3428.1620451,2.59488,Gaussian,QC,"opt+freq: b3lyp/6-311G** em=gd3bj
energy: M062X/6-311G+(2d, p) em=gd3"
972,IL1854,Cn1cc[n+](CC(=O)c2cccc(Cl)c2)c1.[Br-],-3683.5216895,0.166763,0.232853,581.981848,-0.20284,-0.09322,-3683.8287576,-3683.3549265,-3683.2888365,2.981664,Gaussian,QC,"opt+freq: b3lyp/6-311G** em=gd3bj
energy: M062X/6-311G+(2d, p) em=gd3"
973,IL1855,Cn1cc[n+](CC(=O)c2cccc(Cl)c2)c1.[Cl-],-1569.5449419,0.16694,0.232746,579.488184,-0.21019,-0.08127,-1569.9012952,-1569.3780019,-1569.3121959,3.506624,Gaussian,QC,"opt+freq: b3lyp/6-311G** em=gd3bj
energy: M062X/6-311G+(2d, p) em=gd3"
974,IL1856,Cn1cc[n+](CC(Br)CN=[N+]=[N-])c1.N#C[N-]C#N,-3361.5561074,0.15477,0.22756,640.9804320000001,-0.19676,-0.06175,-3361.8692982,-3361.4013374,-3361.3285474,3.672272,Gaussian,QC,"opt+freq: b3lyp/6-311G** em=gd3bj
energy: M062X/6-311G+(2d, p) em=gd3"
975,IL1857,Cn1cc[n+](CC(Br)CN=[N+]=[N-])c1.[Br-],-5695.3282048,0.135892,0.201928,581.5132400000001,-0.193,-0.05493,-5695.5432991,-5695.1923128,-5695.1262768,3.755504,Gaussian,QC,"opt+freq: b3lyp/6-311G** em=gd3bj
energy: M062X/6-311G+(2d, p) em=gd3"
976,IL1858,Cn1cc[n+](CC(CBr)N=[N+]=[N-])c1.N#C[N-]C#N,-3361.5564361,0.154162,0.227523,646.0137840000001,-0.20101,-0.06159,-3361.8706504,-3361.4022741,-3361.3289131,3.792224,Gaussian,QC,"opt+freq: b3lyp/6-311G** em=gd3bj
energy: M062X/6-311G+(2d, p) em=gd3"
977,IL1859,Cn1cc[n+](CC(CBr)N=[N+]=[N-])c1.[Br-],-5695.3322725,0.137901,0.202107,565.396472,-0.19614,-0.05246,-5695.5466286,-5695.1943715,-5695.1301655,3.908096,Gaussian,QC,"opt+freq: b3lyp/6-311G** em=gd3bj
energy: M062X/6-311G+(2d, p) em=gd3"
978,IL1861,Cn1cc[n+](CC(F)(F)F)c1.O=S(=O)([N-]S(=O)(=O)C(F)(F)F)C(F)(F)F,-2469.6685736,0.131292,0.221831,797.2863040000001,-0.2822,-0.06083,-2470.2193398,-2469.5372816,-2469.4467426,6.021264,Gaussian,QC,"opt+freq: b3lyp/6-311G** em=gd3bj
energy: M062X/6-311G+(2d, p) em=gd3"
979,IL1862,Cn1cc[n+](CCC(F)(F)C(F)(F)C(F)(F)C(F)(F)C(F)(F)C(F)(F)C(F)(F)C(F)(F)F)c1.O=S(=O)([N-]S(=O)(=O)C(F)(F)F)C(F)(F)F,-4173.5225639,0.212257,0.353625,1244.882256,-0.26811,-0.05185,-4174.5354403,-4173.3103069,-4173.1689389,5.882272,Gaussian,QC,"opt+freq: b3lyp/6-311G** em=gd3bj
energy: M062X/6-311G+(2d, p) em=gd3"
980,IL1863,Cn1cc[n+](CCC(F)(F)C(F)(F)C(F)(F)C(F)(F)C(F)(F)C(F)(F)F)c1.O=S(=O)([N-]S(=O)(=O)C(F)(F)F)C(F)(F)F,-3697.9345022,0.19851,0.324381,1108.412728,-0.26801,-0.05436,-3698.8237945,-3697.7359922,-3697.6101212,5.811280000000001,Gaussian,QC,"opt+freq: b3lyp/6-311G** em=gd3bj
energy: M062X/6-311G+(2d, p) em=gd3"
981,IL1864,Cn1cc[n+](CCC(F)(F)C(F)(F)C(F)(F)C(F)(F)F)c1.O=S(=O)([N-]S(=O)(=O)C(F)(F)F)C(F)(F)F,-3222.3407853,0.183766,0.29491,978.733832,-0.25656,-0.07278,-3223.1046646,-3222.1570193,-3222.0458753,4.998816,Gaussian,QC,"opt+freq: b3lyp/6-311G** em=gd3bj
energy: M062X/6-311G+(2d, p) em=gd3"
982,IL1865,Cn1cc[n+](CCC(F)(F)C(F)(F)F)c1.O=S(=O)([N-]S(=O)(=O)C(F)(F)F)C(F)(F)F,-2746.7762137,0.16761,0.265889,865.43948,-0.28054,-0.05596,-2747.4137401,-2746.6086037,-2746.5103247,6.108576,Gaussian,QC,"opt+freq: b3lyp/6-311G** em=gd3bj
energy: M062X/6-311G+(2d, p) em=gd3"
983,IL1867,Cn1cc[n+](CCCC#N)c1.[Cl-],-936.4539866,0.149583,0.205018,488.1598320000001,-0.20383,-0.04246,-936.7138155,-936.3044036,-936.2489686,4.389264,Gaussian,QC,"opt+freq: b3lyp/6-311G** em=gd3bj
energy: M062X/6-311G+(2d, p) em=gd3"
984,IL1868,Cn1cc[n+](CCCSCCC(F)(F)C(F)(F)C(F)(F)C(F)(F)C(F)(F)C(F)(F)C(F)(F)C(F)(F)F)c1.O=S(=O)([N-]S(=O)(=O)C(F)(F)F)C(F)(F)F,-4689.6262981,0.292644,0.443207,1325.855208,-0.24464,-0.053,-4690.7478063,-4689.3336541,-4689.1830911,5.212608,Gaussian,QC,"opt+freq: b3lyp/6-311G** em=gd3bj
energy: M062X/6-311G+(2d, p) em=gd3"
985,IL1870,Cn1cc[n+](CCCc2ccccc2)c1.O=S(=O)([N-]S(=O)(=O)C(F)(F)F)C(F)(F)F,-2442.2501634,0.258308,0.354834,850.0088880000001,-0.25395,-0.05003,-2442.8752161,-2441.9918554,-2441.8953294,5.546624,Gaussian,QC,"opt+freq: b3lyp/6-311G** em=gd3bj
energy: M062X/6-311G+(2d, p) em=gd3"
986,IL1874,Cn1cc[n+](CCc2ccccc2)c1.O=S(=O)([N-]S(=O)(=O)C(F)(F)F)C(F)(F)F,-2402.9436564,0.231028,0.325655,833.281256,-0.26364,-0.04008,-2403.54383,-2402.7126284,-2402.6180014,6.080831999999999,Gaussian,QC,"opt+freq: b3lyp/6-311G** em=gd3bj
energy: M062X/6-311G+(2d, p) em=gd3"
987,IL1875,Cn1cc[n+](N)n1.O=[N+]([O-])[O-],-617.6924431,0.090751,0.140597,438.9392560000001,-0.19933,-0.08726,-617.9317051,-617.6016921,-617.5518461,3.048304,Gaussian,QC,"opt+freq: b3lyp/6-311G** em=gd3bj
energy: M062X/6-311G+(2d, p) em=gd3"
988,IL1876,Cn1cc[n+](N)n1.[N-]=[N+]=[N-],-501.5663363,0.089209,0.136006,412.098896,-0.1706,-0.07832,-501.7769784,-501.4771273,-501.4303303,2.510016,Gaussian,QC,"opt+freq: b3lyp/6-311G** em=gd3bj
energy: M062X/6-311G+(2d, p) em=gd3"
989,IL1881,Cn1cc[nH+]c1.O=C([O-])C(F)(F)F,-792.2829548,0.090417,0.149142,517.134032,-0.21514,-0.06657,-792.5620823,-792.1925378,-792.1338128,4.041103999999999,Gaussian,QC,"opt+freq: b3lyp/6-311G** em=gd3bj
energy: M062X/6-311G+(2d, p) em=gd3"
990,IL1882,Cn1cc[nH+]c1.O=S(=O)([N-]S(=O)(=O)C(F)(F)F)C(F)(F)F,-2093.3097403,0.107425,0.184507,678.782872,-0.28352,-0.05676,-2093.7500529,-2093.2023153,-2093.1252333,6.167871999999999,Gaussian,QC,"opt+freq: b3lyp/6-311G** em=gd3bj
energy: M062X/6-311G+(2d, p) em=gd3"
991,IL1883,Cn1cc[nH+]c1.O=S(=O)([O-])C(F)(F)F,-1227.5662542,0.09275,0.151999,521.740616,-0.24538,-0.05063,-1227.8593945,-1227.4735042,-1227.4142552,5.297199999999999,Gaussian,QC,"opt+freq: b3lyp/6-311G** em=gd3bj
energy: M062X/6-311G+(2d, p) em=gd3"
992,IL1884,Cn1cc[nH+]c1.O=S(=O)([O-])O,-965.7545173,0.096081,0.148639,462.825712,-0.23716,-0.04585,-965.981473,-965.6584363,-965.6058783,5.203632,Gaussian,QC,"opt+freq: b3lyp/6-311G** em=gd3bj
energy: M062X/6-311G+(2d, p) em=gd3"
993,IL1885,Cn1cc[nH+]c1.O=[N+]([O-])[O-],-546.368411,0.086286,0.134915,428.219848,-0.19829,-0.03799,-546.5889823,-546.2821250000001,-546.2334960000001,4.36016,Gaussian,QC,"opt+freq: b3lyp/6-311G** em=gd3bj
energy: M062X/6-311G+(2d, p) em=gd3"
994,IL1886,Cn1cc[nH+]c1.[Br-],-2840.2670368,0.074836,0.117553,376.16252,-0.19235,-0.031,-2840.3787059,-2840.1922008,-2840.1494838,4.388719999999999,Gaussian,QC,"opt+freq: b3lyp/6-311G** em=gd3bj
energy: M062X/6-311G+(2d, p) em=gd3"
995,IL1887,Cn1cc[nH+]c1.[Cl-],-726.2768747,0.074638,0.117053,373.50568,-0.18202,-0.07265,-726.4406215,-726.2022367,-726.1598217,2.974863999999999,Gaussian,QC,"opt+freq: b3lyp/6-311G** em=gd3bj
energy: M062X/6-311G+(2d, p) em=gd3"
996,IL1890,Cn1cn[n+](C)c1.O=[N+]([O-])[O-],-601.7023568,0.098622,0.151743,467.783752,-0.20831,-0.04899,-601.9462587,-601.6037348,-601.5506138,4.333504,Gaussian,QC,"opt+freq: b3lyp/6-311G** em=gd3bj
energy: M062X/6-311G+(2d, p) em=gd3"
997,IL1891,Cn1cn[n+](CCN=[N+]=[N-])c1.O=[N+]([O-])[O-],-804.5844431,0.123505,0.187201,560.902856,-0.20397,-0.06916,-804.9017189,-804.4609381,-804.3972421000001,3.666832,Gaussian,QC,"opt+freq: b3lyp/6-311G** em=gd3bj
energy: M062X/6-311G+(2d, p) em=gd3"
998,IL1892,Cn1cn[n+](CCN=[N+]=[N-])c1.[O-][Cl+3]([O-])([O-])[O-],-1285.0714149,0.126017,0.188844,553.258688,-0.25798,-0.06502,-1285.382112,-1284.9453979,-1284.8825709,5.248512,Gaussian,QC,"opt+freq: b3lyp/6-311G** em=gd3bj
energy: M062X/6-311G+(2d, p) em=gd3"
999,IL1893,Cn1cn[n+](N)c1.[O-][Cl+3]([O-])([O-])[O-],-1098.2040174,0.089415,0.142614,468.474112,-0.26563,-0.06475,-1098.4368134,-1098.1146024,-1098.0614034,5.463935999999999,Gaussian,QC,"opt+freq: b3lyp/6-311G** em=gd3bj
energy: M062X/6-311G+(2d, p) em=gd3"
1000,IL1894,Cn1n[n+](Cc2ccccc2)c2ccccc21.O=S(=O)([N-]S(=O)(=O)C(F)(F)F)C(F)(F)F,-2533.2557277,0.235424,0.332655,856.2053920000001,-0.26665,-0.10853,-2533.9018405,-2533.0203037,-2532.9230727,4.300864,Gaussian,QC,"opt+freq: b3lyp/6-311G** em=gd3bj
energy: M062X/6-311G+(2d, p) em=gd3"
1001,IL1895,Cn1n[n+](Cc2ccccc2)c2ccccc21.[Br-],-3280.2062804,0.199467,0.26523,579.10744,-0.16845,-0.09913,-3280.5248087,-3280.0068134,-3279.9410504,1.885504,Gaussian,QC,"opt+freq: b3lyp/6-311G** em=gd3bj
energy: M062X/6-311G+(2d, p) em=gd3"
1002,IL1896,Cn1n[nH+]n(N)c1=N.O=[N+]([O-])[N-][N+](=O)[O-],-873.6735283,0.098952,0.161591,551.5976400000001,-0.24134,-0.09993,-874.0042942,-873.5745763,-873.5119373,3.846352,Gaussian,QC,"opt+freq: b3lyp/6-311G** em=gd3bj
energy: M062X/6-311G+(2d, p) em=gd3"
1003,IL1906,Fc1cccc[nH+]1.O=S(=O)([O-])C(F)(F)F,-1309.5386356,0.07777,0.134033,495.452544,-0.26167,-0.13856,-1309.8494311,-1309.4608656,-1309.4046026,3.348592,Gaussian,QC,"opt+freq: b3lyp/6-311G** em=gd3bj
energy: M062X/6-311G+(2d, p) em=gd3"
1004,IL1909,N#CCCn1cc[nH+]c1.O=S(=O)([O-])C(F)(F)F,-1359.1015594,0.121359,0.181907,533.1796720000001,-0.23537,-0.06775,-1359.4433469,-1358.9802004,-1358.9196524,4.559264,Gaussian,QC,"opt+freq: b3lyp/6-311G** em=gd3bj
energy: M062X/6-311G+(2d, p) em=gd3"
1005,IL1910,N#C[N-]C#N.NC(N)=[NH2+],-446.3717769,0.066798,0.118599,456.152232,-0.21342,-0.03686,-446.5556756,-446.3049789,-446.2531779,4.802432,Gaussian,QC,"opt+freq: b3lyp/6-311G** em=gd3bj
energy: M062X/6-311G+(2d, p) em=gd3"
1006,IL1911,N#C[S-].NC(N)=[NH2+],-697.0030311,0.061063,0.105677,392.873416,-0.20658,-0.03829,-697.1640729,-696.9419681,-696.8973541,4.577488000000001,Gaussian,QC,"opt+freq: b3lyp/6-311G** em=gd3bj
energy: M062X/6-311G+(2d, p) em=gd3"
1007,IL1912,NC(N)=[NH2+].O=C([O-])C(F)(F)F,-732.184608,0.069239,0.125177,492.590688,-0.23442,-0.02372,-732.4349423,-732.115369,-732.059431,5.73104,Gaussian,QC,"opt+freq: b3lyp/6-311G** em=gd3bj
energy: M062X/6-311G+(2d, p) em=gd3"
1008,IL1913,NC(N)=[NH2+].O=C[O-],-395.1356831,0.07058,0.115094,391.986408,-0.23556,-0.00689,-395.3019962,-395.0651031,-395.0205891,6.219823999999999,Gaussian,QC,"opt+freq: b3lyp/6-311G** em=gd3bj
energy: M062X/6-311G+(2d, p) em=gd3"
1009,IL1914,NC(N)=[NH2+].O=N[O-],-411.0693385,0.057732,0.103271,401.011296,-0.1924,-0.01492,-411.2399291,-411.0116065,-410.9660675,4.827456,Gaussian,QC,"opt+freq: b3lyp/6-311G** em=gd3bj
energy: M062X/6-311G+(2d, p) em=gd3"
1010,IL1915,NC(N)=[NH2+].O=P([O-])(O)O,-849.5640282,0.082233,0.134189,457.524584,-0.24725,-0.01134,-849.7729207,-849.4817952000001,-849.4298392000001,6.416752,Gaussian,QC,"opt+freq: b3lyp/6-311G** em=gd3bj
energy: M062X/6-311G+(2d, p) em=gd3"
1011,IL1918,NC(N)=[NH2+].[Cl-],-666.1871362,0.053371,0.092684,346.192528,-0.21563,-0.02164,-666.3201096,-666.1337652000001,-666.0944522000001,5.276528,Gaussian,QC,"opt+freq: b3lyp/6-311G** em=gd3bj
energy: M062X/6-311G+(2d, p) em=gd3"
1012,IL1921,N[n+]1cnc[nH]1.O=[N+]([O-])[O-],-578.4466206,0.064352,0.112239,421.688624,-0.30501,-0.07049,-578.6637461,-578.3822686,-578.3343815999999,6.378944,Gaussian,QC,"opt+freq: b3lyp/6-311G** em=gd3bj
energy: M062X/6-311G+(2d, p) em=gd3"
1013,IL1922,N[n+]1cnc[nH]1.[O-][Cl+3]([O-])([O-])[O-],-1058.9050835,0.062435,0.112657,442.257168,-0.31475,-0.05984,-1059.1136765,-1058.8426485,-1058.7924265,6.933551999999999,Gaussian,QC,"opt+freq: b3lyp/6-311G** em=gd3bj
energy: M062X/6-311G+(2d, p) em=gd3"
1014,IL1924,Nc1nc[nH+]n1N.O=[N+]([O-])c1nc[n-]c1[N+](=O)[O-],-988.0680102,0.117849,0.182381,568.2625120000001,-0.23738,-0.09166,-988.4398718,-987.9501612,-987.8856292,3.963584,Gaussian,QC,"opt+freq: b3lyp/6-311G** em=gd3bj
energy: M062X/6-311G+(2d, p) em=gd3"
1015,IL1925,Nc1nc[nH][n+]1N.O=[N+]([O-])[O-],-633.7675343,0.080427,0.129168,429.207272,-0.21395,-0.08476,-634.007809,-633.6871073,-633.6383662999999,3.513968,Gaussian,QC,"opt+freq: b3lyp/6-311G** em=gd3bj
energy: M062X/6-311G+(2d, p) em=gd3"
1016,IL1926,Nc1nc[nH][n+]1N.[O-][Cl+3]([O-])([O-])[O-],-1114.2585263,0.077871,0.131237,469.942696,-0.26945,-0.07689,-1114.4920151,-1114.1806553,-1114.1272893,5.237632000000001,Gaussian,QC,"opt+freq: b3lyp/6-311G** em=gd3bj
energy: M062X/6-311G+(2d, p) em=gd3"
1017,IL1927,Nn1cn[n+](CCBr)c1.[Br-],-5524.4957845,0.091539,0.144524,466.587128,-0.21461,-0.04902,-5524.6291612,-5524.4042455,-5524.3512605,4.504047999999999,Gaussian,QC,"opt+freq: b3lyp/6-311G** em=gd3bj
energy: M062X/6-311G+(2d, p) em=gd3"
1018,IL1930,Nn1cn[nH+]c1.O=[N+]([O-])[O-],-578.4338391,0.063163,0.111494,425.59648,-0.28841,-0.04667,-578.6494125,-578.3706761,-578.3223451,6.575328,Gaussian,QC,"opt+freq: b3lyp/6-311G** em=gd3bj
energy: M062X/6-311G+(2d, p) em=gd3"
1019,IL1931,Nn1cn[nH+]c1.O=[N+]([O-])c1nc[n-]c1[N+](=O)[O-],-932.7079636,0.104963,0.165137,529.8910480000001,-0.25264,-0.09696,-933.0516369,-932.6030006,-932.5428266,4.234495999999999,Gaussian,QC,"opt+freq: b3lyp/6-311G** em=gd3bj
energy: M062X/6-311G+(2d, p) em=gd3"
1020,IL1932,Nn1cn[nH+]c1.[O-][Cl+3]([O-])([O-])[O-],-1058.8893004,0.059476,0.111417,457.390696,-0.26872,-0.07163,-1059.097382,-1058.8298244,-1058.7778834,5.360848,Gaussian,QC,"opt+freq: b3lyp/6-311G** em=gd3bj
energy: M062X/6-311G+(2d, p) em=gd3"
1021,IL1933,O=C(O)[C@@H]1CCC[NH2+]1.O=C([O-])C(F)(F)F,-927.8025344,0.11888,0.192784,650.791912,-0.22026,-0.02219,-928.1309507,-927.6836544,-927.6097504,5.387504000000001,Gaussian,QC,"opt+freq: b3lyp/6-311G** em=gd3bj
energy: M062X/6-311G+(2d, p) em=gd3"
1022,IL1934,O=C([O-])C1([N+](=O)[O-])C=NN=N1.c1ccc(-[n+]2ccccc2)cc1,-1114.5358043,0.18435,0.258833,655.888024,-0.24228,-0.10833,-1114.9912293,-1114.3514543,-1114.2769713,3.64344,Gaussian,QC,"opt+freq: b3lyp/6-311G** em=gd3bj
energy: M062X/6-311G+(2d, p) em=gd3"
1023,IL1935,O=C([O-])C1([N+](=O)[O-])N=NC([N+](=O)[O-])=N1.c1ccc(-[n+]2ccccc2)cc1,-1319.051941,0.182157,0.264034,720.9994320000001,-0.26304,-0.1195,-1319.5706031,-1318.869784,-1318.787907,3.904288,Gaussian,QC,"opt+freq: b3lyp/6-311G** em=gd3bj
energy: M062X/6-311G+(2d, p) em=gd3"
1024,IL1936,O=C([O-])C1([N+](=O)[O-])N=NN=N1.[N-]=[N+]=Nc1[nH]cc[nH+]1,-1041.077243,0.084054,0.152216,600.224088,-0.26388,-0.09672,-1041.4487617,-1040.993189,-1040.925027,4.546752,Gaussian,QC,"opt+freq: b3lyp/6-311G** em=gd3bj
energy: M062X/6-311G+(2d, p) em=gd3"
1025,IL1937,O=C([O-])C1([N+](=O)[O-])N=NN=N1.c1nc[nH+][nH]1,-893.5718178,0.063388,0.13315,614.328352,-0.29682,-0.1152,-893.8889908,-893.5084297999999,-893.4386678,4.940064,Gaussian,QC,"opt+freq: b3lyp/6-311G** em=gd3bj
energy: M062X/6-311G+(2d, p) em=gd3"
1026,IL1938,O=C([O-])CO.[NH3+]CCO,-514.6808272,0.124503,0.174841,443.27388,-0.27148,-0.00114,-514.8961152,-514.5563242,-514.5059861999999,7.353248000000001,Gaussian,QC,"opt+freq: b3lyp/6-311G** em=gd3bj
energy: M062X/6-311G+(2d, p) em=gd3"
1027,IL1939,O=C([O-])c1c([N+](=O)[O-])ccc2[nH]nnc12.c1ccc(-[n+]2ccccc2)cc1,-1268.1180917,0.229777,0.306579,676.3184960000001,-0.19742,-0.11101,-1268.6407465,-1267.8883147,-1267.8115127,2.350352,Gaussian,QC,"opt+freq: b3lyp/6-311G** em=gd3bj
energy: M062X/6-311G+(2d, p) em=gd3"
1028,IL1942,O=S(=O)(Cl)CCCC[P+](c1ccccc1)(c1ccccc1)c1ccccc1.O=S(=O)([O-])C(F)(F)F,-3163.6912318,0.342281,0.452408,969.7758880000001,-0.2387,-0.08669,-3164.4304444,-3163.3489508,-3163.2388238,4.134671999999999,Gaussian,QC,"opt+freq: b3lyp/6-311G** em=gd3bj
energy: M062X/6-311G+(2d, p) em=gd3"
1029,IL1944,O=S(=O)(F)[N-]S(=O)(=O)F.[K+],-1951.6262522,-0.010178,0.04063,447.41604,-0.30588,-0.06375,-1951.8209476,-1951.6364302,-1951.5856222,6.585935999999999,Gaussian,QC,"opt+freq: b3lyp/6-311G** em=gd3bj
energy: M062X/6-311G+(2d, p) em=gd3"
1030,IL1945,O=S(=O)(F)[N-]S(=O)(=O)F.[Na+],-1513.9426752,-0.009534,0.040878,443.926584,-0.2914,-0.09316,-1514.1535719,-1513.9522092,-1513.9017972,5.392127999999999,Gaussian,QC,"opt+freq: b3lyp/6-311G** em=gd3bj
energy: M062X/6-311G+(2d, p) em=gd3"
1031,IL1947,O=S(=O)([N-]S(=O)(=O)C(F)(F)C(F)(F)F)C(F)(F)C(F)(F)F.[NH3+][C@@H](Cc1ccccc1)C(=O)OCc1ccccc1,-3128.4637255,0.298683,0.420384,1071.702312,-0.26348,-0.04477,-3129.2981448,-3128.1650425,-3128.0433415,5.948911999999999,Gaussian,QC,"opt+freq: b3lyp/6-311G** em=gd3bj
energy: M062X/6-311G+(2d, p) em=gd3"
1032,IL1948,O=S(=O)([N-]S(=O)(=O)C(F)(F)F)C(F)(F)F.OCCC[n+]1ccccc1,-2269.185388,0.180191,0.266453,759.621936,-0.27669,-0.11422,-2269.7180248,-2269.005197,-2268.918935,4.419184,Gaussian,QC,"opt+freq: b3lyp/6-311G** em=gd3bj
energy: M062X/6-311G+(2d, p) em=gd3"
1033,IL1949,O=S(=O)([N-]S(=O)(=O)C(F)(F)F)C(F)(F)F.[Li+],-1834.8059179,0.00961,0.07103,540.861496,-0.31757,-0.05075,-1835.1280136,-1834.7963079,-1834.7348879,7.257504,Gaussian,QC,"opt+freq: b3lyp/6-311G** em=gd3bj
energy: M062X/6-311G+(2d, p) em=gd3"
1034,IL1950,O=S(=O)([N-]S(=O)(=O)C(F)(F)F)C(F)(F)F.[NH3+][C@@H](Cc1ccccc1)C(=O)OCc1ccccc1,-2652.8747752,0.282914,0.390874,950.68848,-0.25653,-0.04737,-2653.5830843,-2652.5918612,-2652.4839012,5.689151999999999,Gaussian,QC,"opt+freq: b3lyp/6-311G** em=gd3bj
energy: M062X/6-311G+(2d, p) em=gd3"
1035,IL1951,O=S(=O)([N-]S(=O)(=O)C(F)(F)F)C(F)(F)F.[Na+],-1989.5385473,0.007149,0.070223,555.4343680000001,-0.3027,-0.06923,-1989.8921292,-1989.5313983,-1989.4683243,6.350384,Gaussian,QC,"opt+freq: b3lyp/6-311G** em=gd3bj
energy: M062X/6-311G+(2d, p) em=gd3"
1036,IL1952,O=S(=O)([N-]S(=O)(=O)C(F)(F)F)C(F)(F)F.c1c[nH+]c[nH]1,-2053.9989918,0.081713,0.155563,650.31912,-0.28164,-0.07386,-2054.4157448,-2053.9172788,-2053.8434288,5.651616000000001,Gaussian,QC,"opt+freq: b3lyp/6-311G** em=gd3bj
energy: M062X/6-311G+(2d, p) em=gd3"
1037,IL1953,O=S(=O)([N-]S(=O)(=O)C(F)(F)F)C(F)(F)F.c1ccc(Cn2cc[n+](Cc3ccccc3)c2)cc1,-2594.6539468,0.275773,0.379593,914.241656,-0.25807,-0.04573,-2595.3443974,-2594.3781738,-2594.2743538,5.775648,Gaussian,QC,"opt+freq: b3lyp/6-311G** em=gd3bj
energy: M062X/6-311G+(2d, p) em=gd3"
1038,IL1954,O=S(=O)([O-])C(F)(F)F.c1ccc(Cn2cc[n+](Cc3ccccc3)c2)cc1,-1728.9247432,0.261061,0.347226,758.764216,-0.2426,-0.03794,-1729.463511,-1728.6636822,-1728.5775172,5.566752,Gaussian,QC,"opt+freq: b3lyp/6-311G** em=gd3bj
energy: M062X/6-311G+(2d, p) em=gd3"
1039,IL1955,O=S(=O)([O-])C(F)(F)F.c1ccc2sc[nH+]c2c1,-1684.7273341,0.090605,0.154147,559.551424,-0.26919,-0.07699,-1685.0773564,-1684.6367291,-1684.5731871,5.22784,Gaussian,QC,"opt+freq: b3lyp/6-311G** em=gd3bj
energy: M062X/6-311G+(2d, p) em=gd3"
1040,IL1956,O=S(=O)([O-])O.c1cc[nH+]cc1,-948.4990278,0.087552,0.137626,440.95176,-0.24221,-0.11369,-948.7238485,-948.4114758000001,-948.3614018000001,3.495744000000001,Gaussian,QC,"opt+freq: b3lyp/6-311G** em=gd3bj
energy: M062X/6-311G+(2d, p) em=gd3"
1041,IL1958,O=[N+]([O-])[O-].[N-]=[N+]=NC1=NC=C[NH2+]1,-670.6623379,0.057008,0.111359,478.6119440000001,-0.24424,-0.08031,-670.9096639,-670.6053299,-670.5509789,4.458896,Gaussian,QC,"opt+freq: b3lyp/6-311G** em=gd3bj
energy: M062X/6-311G+(2d, p) em=gd3"
1042,IL1959,O=[N+]([O-])[O-].[N-]=[N+]=NCC[NH+]1C=NC(N=[N+]=[N-])=N1,-928.892862,0.097357,0.164034,587.153272,-0.26998,-0.06816,-929.2425571,-928.795505,-928.728828,5.489504,Gaussian,QC,"opt+freq: b3lyp/6-311G** em=gd3bj
energy: M062X/6-311G+(2d, p) em=gd3"
1043,IL1960,O=[N+]([O-])[O-].[N-]=[N+]=NCC[NH+]1C=NC=N1,-765.2262425,0.103363,0.158371,484.4026000000001,-0.23068,-0.09871,-765.5221938,-765.1228795000001,-765.0678715,3.589583999999999,Gaussian,QC,"opt+freq: b3lyp/6-311G** em=gd3bj
energy: M062X/6-311G+(2d, p) em=gd3"
1044,IL1961,O=[N+]([O-])[O-].[N-]=[N+]=NCC[n+]1cn(N)cn1,-820.6001386,0.116591,0.17597,522.8954,-0.22104,-0.05822,-820.9198467,-820.4835476000001,-820.4241686,4.428704,Gaussian,QC,"opt+freq: b3lyp/6-311G** em=gd3bj
energy: M062X/6-311G+(2d, p) em=gd3"
1045,IL1962,O=[N+]([O-])[O-].[N-]=[N+]=NCC[n+]1cnc[nH]1,-765.3073399,0.098424,0.158364,527.824152,-0.2704,-0.06951,-765.6041541,-765.2089159,-765.1489759,5.464207999999998,Gaussian,QC,"opt+freq: b3lyp/6-311G** em=gd3bj
energy: M062X/6-311G+(2d, p) em=gd3"
1046,IL1963,O=[N+]([O-])[O-].[N-]=[N+]=Nc1[nH]cc[nH+]1,-670.6742383,0.059335,0.111391,458.403224,-0.24637,-0.06143,-670.9239906,-670.6149032999999,-670.5628472999999,5.030367999999999,Gaussian,QC,"opt+freq: b3lyp/6-311G** em=gd3bj
energy: M062X/6-311G+(2d, p) em=gd3"
1047,IL1964,O=[N+]([O-])[O-].[N-]=[N+]=Nc1nc(N=[N+]=[N-])[nH+][nH]1,-850.2919063,0.046907,0.105883,519.3431840000001,-0.26634,-0.07835,-850.5927273,-850.2449993,-850.1860233000001,5.113328,Gaussian,QC,"opt+freq: b3lyp/6-311G** em=gd3bj
energy: M062X/6-311G+(2d, p) em=gd3"
1048,IL1966,O=[N+]([O-])[O-].[NH3+]CC(=O)O,-565.3130739,0.066432,0.116176,438.04388,-0.29255,-0.05267,-565.5273848,-565.2466419,-565.1968979,6.524735999999999,Gaussian,QC,"opt+freq: b3lyp/6-311G** em=gd3bj
energy: M062X/6-311G+(2d, p) em=gd3"
1049,IL1967,O=[N+]([O-])[O-].[NH3+]CCCCCCCCc1ccccc1,-882.8939285,0.307838,0.384571,675.7034480000001,-0.24875,-0.04978,-883.3311538,-882.5860905000001,-882.5093575,5.411984,Gaussian,QC,"opt+freq: b3lyp/6-311G** em=gd3bj
energy: M062X/6-311G+(2d, p) em=gd3"
1050,IL1968,O=[N+]([O-])[O-].[NH3+]CCO,-491.2646463,0.087361,0.133353,404.998648,-0.2787,-0.06338,-491.466427,-491.1772853,-491.1312933,5.856704000000001,Gaussian,QC,"opt+freq: b3lyp/6-311G** em=gd3bj
energy: M062X/6-311G+(2d, p) em=gd3"
1051,IL1970,O=[N+]([O-])c1c[n-]c([N+](=O)[O-])n1.c1ccc(-[n+]2ccccc2)cc1,-1114.4329542,0.188646,0.259142,620.784264,-0.22657,-0.12476,-1114.8880689,-1114.2443082,-1114.1738122,2.769232,Gaussian,QC,"opt+freq: b3lyp/6-311G** em=gd3bj
energy: M062X/6-311G+(2d, p) em=gd3"
1052,IL1971,O=[N+]([O-])c1nc[n-]c1[N+](=O)[O-].[N-]=[N+]=NCC[n+]1cnc[nH]1,-1119.5395098,0.139259,0.210813,630.1020320000001,-0.22208,-0.11773,-1119.9639722,-1119.4002508,-1119.3286968,2.83832,Gaussian,QC,"opt+freq: b3lyp/6-311G** em=gd3bj
energy: M062X/6-311G+(2d, p) em=gd3"
1053,IL1972,O=[N+]([O-])c1nc[n-]c1[N+](=O)[O-].[N-]=[N+]=Nc1[nH]cc[nH+]1,-1024.943314,0.099019,0.163991,572.136896,-0.23542,-0.09215,-1025.3223299,-1024.844295,-1024.779323,3.896944,Gaussian,QC,"opt+freq: b3lyp/6-311G** em=gd3bj
energy: M062X/6-311G+(2d, p) em=gd3"
1054,IL1973,O=[N+]([O-])c1nc[n-]c1[N+](=O)[O-].[N-]=[N+]=Nc1nc[nH+][nH]1,-1040.997599,0.086458,0.153575,591.03184,-0.27716,-0.12741,-1041.3757424,-1040.911141,-1040.844024,4.073200000000001,Gaussian,QC,"opt+freq: b3lyp/6-311G** em=gd3bj
energy: M062X/6-311G+(2d, p) em=gd3"
1055,IL1974,O=[N+]([O-])c1nc[n-]c1[N+](=O)[O-].c1ccc(-[n+]2ccccc2)cc1,-1114.4225659,0.187963,0.259392,629.0058240000001,-0.21517,-0.1195,-1114.8771069,-1114.2346029,-1114.1631739,2.602224,Gaussian,QC,"opt+freq: b3lyp/6-311G** em=gd3bj
energy: M062X/6-311G+(2d, p) em=gd3"
1056,IL1975,O=[N+]([O-])c1nc[n-]c1[N+](=O)[O-].c1nc[nH+][nH]1,-877.3838148,0.088384,0.145627,504.075768,-0.243,-0.11925,-877.7123785,-877.2954308,-877.2381878,3.366,Gaussian,QC,"opt+freq: b3lyp/6-311G** em=gd3bj
energy: M062X/6-311G+(2d, p) em=gd3"
1057,IL1976,OCC[n+]1ccccc1.[Br-],-2976.8453935,0.121619,0.170128,427.16548,-0.20251,-0.09745,-2977.0240386,-2976.7237745,-2976.6752655,2.857632,Gaussian,QC,"opt+freq: b3lyp/6-311G** em=gd3bj
energy: M062X/6-311G+(2d, p) em=gd3"
1058,IL1977,OCCc1cn(Cc2ccccc2)c[n+]1Cc1ccccc1.[Br-],-3495.4731569,0.29962,0.376731,679.0339120000001,-0.1941,-0.0378,-3495.8953605,-3495.1735369,-3495.0964259,4.25136,Gaussian,QC,"opt+freq: b3lyp/6-311G** em=gd3bj
energy: M062X/6-311G+(2d, p) em=gd3"
1059,IL1979,[Br-].c1ccc(OCC[n+]2ccccn2)cc1,-3223.870331,0.178995,0.240449,541.1627440000001,-0.21925,-0.08445,-3224.1577575,-3223.691336,-3223.629882,3.66656,Gaussian,QC,"opt+freq: b3lyp/6-311G** em=gd3bj
energy: M062X/6-311G+(2d, p) em=gd3"
1060,IL1980,[Cl-].[NH3+]CC(=O)O,-745.2254552,0.052282,0.095361,379.350728,-0.28416,-0.02072,-745.3801503,-745.1731732000001,-745.1300942,7.165568,Gaussian,QC,"opt+freq: b3lyp/6-311G** em=gd3bj
energy: M062X/6-311G+(2d, p) em=gd3"
1061,IL1981,[Cl-].c1ccc(Cn2cc[n+](Cc3ccccc3)c2)cc1,-1227.6294569,0.241163,0.312458,627.8259360000001,-0.18109,-0.06273,-1228.036983,-1227.3882939,-1227.3169989,3.219392,Gaussian,QC,"opt+freq: b3lyp/6-311G** em=gd3bj
energy: M062X/6-311G+(2d, p) em=gd3"
1062,IL1982,[Cl-].c1ccc([P+](c2ccccc2)(c2ccccc2)c2ccccc2)cc1,-1728.0040194,0.297884,0.379273,716.710832,-0.17402,-0.06622,-1728.5404987,-1727.7061354,-1727.6247464,2.93216,Gaussian,QC,"opt+freq: b3lyp/6-311G** em=gd3bj
energy: M062X/6-311G+(2d, p) em=gd3"
1063,IL1983,[F-].[NH4+],-157.0136454,0.022165,0.052311,265.462248,-0.31658,0.01038,-157.073219,-156.9914804,-156.9613344,8.893312,Gaussian,QC,"opt+freq: b3lyp/6-311G** em=gd3bj
energy: M062X/6-311G+(2d, p) em=gd3"
1064,IL1986,[N-]=[N+]=NCC[NH+]1C=NC=N1.[O-][Cl+3]([O-])([O-])[O-],-1245.7664508,0.094585,0.158642,564.08688,-0.28234,-0.05915,-1246.0556255,-1245.6718658,-1245.6078088,6.070767999999999,Gaussian,QC,"opt+freq: b3lyp/6-311G** em=gd3bj
energy: M062X/6-311G+(2d, p) em=gd3"
1065,IL1987,[N-]=[N+]=NCC[n+]1cn(N)cn1.[O-][Cl+3]([O-])([O-])[O-],-1301.0868629,0.115925,0.177648,543.526704,-0.26727,-0.06765,-1301.3954128,-1300.9709379,-1300.9092149,5.429664000000001,Gaussian,QC,"opt+freq: b3lyp/6-311G** em=gd3bj
energy: M062X/6-311G+(2d, p) em=gd3"
