id,Name,SMILES,Anion_type,Energy_Hatree,Thermal_correction_to_Gibbs_Free_Energy_Hatree,Thermal_correction_to_Enthalpy_Hatree,Entropy_J_per_mol_K,HOMO_Hatree,LUMO_Hatree,Dipole_Debye,Gibbs_Free_Energy_Hatree,Enthalpy_Hatree,HOMO_LUMO_Gap_eV,Software,Source,Theory_Level
1,a-c1+a-b1,CCCCCCCCc1cccc([B-](F)(F)F)c1,fluoroborate,-870.7029391,0.266884,0.338677,632.2024,-0.10432,0.10829,14.6438,-870.4360551,-870.3642621,5.782991999999999,Gaussian,QC,"opt+freq: b3lyp/6-311G** em=gd3bj
energy: M062X/6-311G+(2d, p) em=gd3"
2,a-c1+a-b3,CC(F)(F)S(=O)(=O)c1cccc([B-](F)(F)F)c1,fluoroborate,-1381.9723738,0.099663,0.164218,568.467528,-0.1376,0.06605,11.2622,-1381.8727108,-1381.8081558,5.53928,Gaussian,QC,"opt+freq: b3lyp/6-311G** em=gd3bj
energy: M062X/6-311G+(2d, p) em=gd3"
3,a-c1+a-b4,F[B-](F)(F)c1cccc(CCCC(F)(F)C(F)(F)F)c1,fluoroborate,-1249.0439956,0.146421,0.217594,626.7422799999999,-0.11284,0.11629,16.1342,-1248.8975746,-1248.8264016,6.232336,Gaussian,QC,"opt+freq: b3lyp/6-311G** em=gd3bj
energy: M062X/6-311G+(2d, p) em=gd3"
4,a-c1+a-b5,O=C(c1cccc([B-](F)(F)F)c1)C(F)(F)F,fluoroborate,-1006.6508818,0.068067,0.127339,521.941448,-0.13372,0.02918,10.7502,-1006.5828148,-1006.5235428,4.43088,Gaussian,QC,"opt+freq: b3lyp/6-311G** em=gd3bj
energy: M062X/6-311G+(2d, p) em=gd3"
5,a-c1+a-b6,F[B-](F)(F)c1cccc(-c2ccncc2)c1,fluoroborate,-803.336911,0.122942,0.179258,495.9211520000001,-0.11924,0.05331,9.5279,-803.213969,-803.157653,4.69336,Gaussian,QC,"opt+freq: b3lyp/6-311G** em=gd3bj
energy: M062X/6-311G+(2d, p) em=gd3"
6,a-c1+a-b7,Oc1ccccc1-c1cccc([B-](F)(F)F)c1,fluoroborate,-862.5248121,0.1371,0.196016,518.816,-0.11376,0.07457,10.9987,-862.3877120999999,-862.3287961,5.122576,Gaussian,QC,"opt+freq: b3lyp/6-311G** em=gd3bj
energy: M062X/6-311G+(2d, p) em=gd3"
7,a-c1+a-b8,O=C(O)c1cccc([B-](F)(F)F)c1,fluoroborate,-744.8430905,0.07301,0.125122,458.896936,-0.12928,0.06947,8.3221,-744.7700805000001,-744.7179685,5.406,Gaussian,QC,"opt+freq: b3lyp/6-311G** em=gd3bj
energy: M062X/6-311G+(2d, p) em=gd3"
8,a-c1+a-b9,O=C(CF)c1cccc([B-](F)(F)F)c1,fluoroborate,-808.137097,0.085421,0.141479,493.64924,-0.12372,0.04588,9.9914,-808.051676,-807.995618,4.61312,Gaussian,QC,"opt+freq: b3lyp/6-311G** em=gd3bj
energy: M062X/6-311G+(2d, p) em=gd3"
9,a-c1+a-b10,CCCCCCCCCCc1cccc([B-](F)(F)F)c1,fluoroborate,-949.3119856,0.318402,0.39665,689.0504080000001,-0.10563,0.09297,21.0638,-948.9935836,-948.9153355999999,5.40192,Gaussian,QC,"opt+freq: b3lyp/6-311G** em=gd3bj
energy: M062X/6-311G+(2d, p) em=gd3"
10,a-c1+a-b13,CCCCCCc1cccc([B-](F)(F)F)c1,fluoroborate,-792.0937439,0.215484,0.280711,574.3837040000001,-0.10496,0.11251,14.0771,-791.8782599000001,-791.8130329,5.915184,Gaussian,QC,"opt+freq: b3lyp/6-311G** em=gd3bj
energy: M062X/6-311G+(2d, p) em=gd3"
11,a-c1+a-b14,CCCCc1cccc([B-](F)(F)F)c1,fluoroborate,-713.4845549,0.163767,0.222726,519.1841919999999,-0.10409,0.12297,10.833,-713.3207879,-713.2618289000001,6.176031999999999,Gaussian,QC,"opt+freq: b3lyp/6-311G** em=gd3bj
energy: M062X/6-311G+(2d, p) em=gd3"
12,a-c1+a-b15,CCc1cccc([B-](F)(F)F)c1,fluoroborate,-634.8741817,0.112397,0.164837,461.78808,-0.10155,0.12705,8.3963,-634.7617847,-634.7093447,6.217919999999999,Gaussian,QC,"opt+freq: b3lyp/6-311G** em=gd3bj
energy: M062X/6-311G+(2d, p) em=gd3"
13,a-c1+a-b16,Cc1cc(Cl)ccc1-c1cccc([B-](F)(F)F)c1,fluoroborate,-1286.2052203,0.14688,0.210888,563.6559280000001,-0.11702,0.06455,12.6918,-1286.0583403,-1285.9943323,4.938704,Gaussian,QC,"opt+freq: b3lyp/6-311G** em=gd3bj
energy: M062X/6-311G+(2d, p) em=gd3"
14,a-c1+a-b17,O=S(=O)(c1cccc([B-](F)(F)F)c1)C(F)(F)F,fluoroborate,-1441.9103669,0.065705,0.129039,557.718832,-0.14554,0.05638,9.3926,-1441.8446619,-1441.7813279,5.492223999999999,Gaussian,QC,"opt+freq: b3lyp/6-311G** em=gd3bj
energy: M062X/6-311G+(2d, p) em=gd3"
15,a-c1+a-b18,F[B-](F)(F)c1cccc(C(F)(F)F)c1,fluoroborate,-893.3341257,0.060561,0.115902,487.3314,-0.12381,0.09833,8.4619,-893.2735647,-893.2182237,6.042208,Gaussian,QC,"opt+freq: b3lyp/6-311G** em=gd3bj
energy: M062X/6-311G+(2d, p) em=gd3"
16,a-c1+a-b19,F[B-](F)(F)c1cccc(-c2ccccn2)c1,fluoroborate,-803.3337086,0.122262,0.179093,500.44824,-0.10853,0.05587,11.4331,-803.2114466,-803.1546156,4.471679999999999,Gaussian,QC,"opt+freq: b3lyp/6-311G** em=gd3bj
energy: M062X/6-311G+(2d, p) em=gd3"
17,a-c1+a-b21,CC(=O)c1cccc([B-](F)(F)F)c1,fluoroborate,-708.9070017,0.09412,0.147519,470.231392,-0.11899,0.06015,5.7062,-708.8128817,-708.7594827,4.872608,Gaussian,QC,"opt+freq: b3lyp/6-311G** em=gd3bj
energy: M062X/6-311G+(2d, p) em=gd3"
18,a-c1+a-b22,COc1cccc([B-](F)(F)F)c1,fluoroborate,-670.7797226,0.090724,0.141614,448.135688,-0.08787,0.13302,7.4276,-670.6889986,-670.6381086,6.008208,Gaussian,QC,"opt+freq: b3lyp/6-311G** em=gd3bj
energy: M062X/6-311G+(2d, p) em=gd3"
19,a-c1+a-b23,F[B-](F)(F)c1cccc(CC(F)(F)F)c1,fluoroborate,-932.6399734,0.086641,0.144765,511.837088,-0.11352,0.11332,10.7081,-932.5533324,-932.4952084,6.170048,Gaussian,QC,"opt+freq: b3lyp/6-311G** em=gd3bj
energy: M062X/6-311G+(2d, p) em=gd3"
20,a-c1+a-b24,F[B-](F)(F)c1cccc(Cc2ccccc2)c1,fluoroborate,-826.5920585,0.157562,0.21918,542.6104080000001,-0.10735,0.07598,13.0076,-826.4344965,-826.3728785,4.986575999999999,Gaussian,QC,"opt+freq: b3lyp/6-311G** em=gd3bj
energy: M062X/6-311G+(2d, p) em=gd3"
21,a-c1+a-b25,CCCCCc1cccc([B-](F)(F)F)c1,fluoroborate,-752.7890718,0.189514,0.251721,547.7902,-0.10343,0.12082,11.0072,-752.5995578,-752.5373508,6.0996,Gaussian,QC,"opt+freq: b3lyp/6-311G** em=gd3bj
energy: M062X/6-311G+(2d, p) em=gd3"
22,a-c1+a-b26,F[B-](F)(F)c1cccc(-c2ccccc2)c1,fluoroborate,-787.2910923,0.13403,0.190535,497.578016,-0.10825,0.07167,11.6408,-787.1570622999999,-787.1005573,4.893824,Gaussian,QC,"opt+freq: b3lyp/6-311G** em=gd3bj
energy: M062X/6-311G+(2d, p) em=gd3"
23,a-c1+a-b28,O=C(O)Cc1cccc([B-](F)(F)F)c1,fluoroborate,-784.1536936,0.097881,0.153818,492.573952,-0.12603,0.0965,6.7808,-784.0558126,-783.9998756,6.052816,Gaussian,QC,"opt+freq: b3lyp/6-311G** em=gd3bj
energy: M062X/6-311G+(2d, p) em=gd3"
24,a-c1+a-b31,Cc1cccc(-c2cccc([B-](F)(F)F)c2)c1C,fluoroborate,-865.904074,0.183279,0.24714,562.3547040000001,-0.10898,0.08105,14.1495,-865.7207950000001,-865.6569340000001,5.168816,Gaussian,QC,"opt+freq: b3lyp/6-311G** em=gd3bj
energy: M062X/6-311G+(2d, p) em=gd3"
25,a-c1+a-b32,FC(F)C(F)(F)Cc1cccc([B-](F)(F)F)c1,fluoroborate,-1071.1745138,0.103473,0.166927,558.777384,-0.11027,0.11577,12.6929,-1071.0710408,-1071.0075868,6.148288,Gaussian,QC,"opt+freq: b3lyp/6-311G** em=gd3bj
energy: M062X/6-311G+(2d, p) em=gd3"
26,a-c1+a-b35,O=S(=O)(c1cccc([B-](F)(F)F)c1)C(F)(F)C(F)(F)F,fluoroborate,-1679.703964,0.073141,0.143678,621.144088,-0.14662,0.05231,11.6102,-1679.630823,-1679.560286,5.410896,Gaussian,QC,"opt+freq: b3lyp/6-311G** em=gd3bj
energy: M062X/6-311G+(2d, p) em=gd3"
27,a-c1+a-b36,CCCCCCCCCc1cccc([B-](F)(F)F)c1,fluoroborate,-910.0074772,0.29268,0.367676,660.415112,-0.10444,0.10335,15.8133,-909.7147972,-909.6398012000001,5.651888,Gaussian,QC,"opt+freq: b3lyp/6-311G** em=gd3bj
energy: M062X/6-311G+(2d, p) em=gd3"
28,a-c2+a-b1,CCCCCCCCCCCCCCCCC(=O)[O-],acetate,-818.0786967,0.405565,0.486348,711.376232,-0.02902,0.08398,28.8661,-817.6731317,-817.5923487,3.0736,Gaussian,QC,"opt+freq: b3lyp/6-311G** em=gd3bj
energy: M062X/6-311G+(2d, p) em=gd3"
29,a-c2+a-b2,N=C(N)NCCCCCCCCC(=O)[O-],acetate,-707.8032377,0.247235,0.314445,591.8477200000001,-0.02963,0.08352,19.6086,-707.5560026999999,-707.4887927,3.07768,Gaussian,QC,"opt+freq: b3lyp/6-311G** em=gd3bj
energy: M062X/6-311G+(2d, p) em=gd3"
30,a-c2+a-b3,CC(F)(F)S(=O)(=O)CCCCCCCCC(=O)[O-],acetate,-1329.3434061,0.238294,0.311595,645.4824160000001,-0.03476,0.08245,20.1058,-1329.1051121,-1329.0318111,3.188112,Gaussian,QC,"opt+freq: b3lyp/6-311G** em=gd3bj
energy: M062X/6-311G+(2d, p) em=gd3"
31,a-c2+a-b5,O=C([O-])CCCCCCCCC(=O)C(F)(F)F,acetate,-954.0200873,0.204011,0.274236,618.3993839999999,-0.03347,0.00933,19.0158,-953.8160763,-953.7458513,1.16416,Gaussian,QC,"opt+freq: b3lyp/6-311G** em=gd3bj
energy: M062X/6-311G+(2d, p) em=gd3"
32,a-c2+a-b7,O=C([O-])CCCCCCCCc1ccccc1O,acetate,-809.8909424,0.273647,0.343225,612.700776,-0.0281,0.05623,23.8774,-809.6172954,-809.5477174,2.293776,Gaussian,QC,"opt+freq: b3lyp/6-311G** em=gd3bj
energy: M062X/6-311G+(2d, p) em=gd3"
33,a-c2+a-b8,O=C([O-])CCCCCCCCC(=O)O,acetate,-692.2214466,0.209188,0.272477,557.325536,-0.03036,0.07433,16.6538,-692.0122586,-691.9489696,2.847568,Gaussian,QC,"opt+freq: b3lyp/6-311G** em=gd3bj
energy: M062X/6-311G+(2d, p) em=gd3"
34,a-c2+a-b9,O=C([O-])CCCCCCCCC(=O)CF,acetate,-755.5107275,0.22239,0.288432,581.5634480000001,-0.03159,0.03326,16.9805,-755.2883375,-755.2222955000001,1.76392,Gaussian,QC,"opt+freq: b3lyp/6-311G** em=gd3bj
energy: M062X/6-311G+(2d, p) em=gd3"
35,a-c2+a-b11,CCCCC(CC)CCCCCCCCCC(=O)[O-],acetate,-818.0798263,0.404987,0.485894,712.464072,-0.02927,0.09136,26.2251,-817.6748393,-817.5939323,3.281136,Gaussian,QC,"opt+freq: b3lyp/6-311G** em=gd3bj
energy: M062X/6-311G+(2d, p) em=gd3"
36,a-c2+a-b13,CCCCCCCCCCCCCCC(=O)[O-],acetate,-739.4696809,0.354041,0.428353,654.390152,-0.0289,0.09142,24.6824,-739.1156398999999,-739.0413278999999,3.272704,Gaussian,QC,"opt+freq: b3lyp/6-311G** em=gd3bj
energy: M062X/6-311G+(2d, p) em=gd3"
37,a-c2+a-b17,O=C([O-])CCCCCCCCS(=O)(=O)C(F)(F)F,acetate,-1389.2783802,0.204527,0.276428,633.1563520000001,-0.03861,0.07712,17.8617,-1389.0738532,-1389.0019522,3.147856,Gaussian,QC,"opt+freq: b3lyp/6-311G** em=gd3bj
energy: M062X/6-311G+(2d, p) em=gd3"
38,a-c2+a-b18,O=C([O-])CCCCCCCCC(F)(F)F,acetate,-840.7120009,0.199695,0.263529,562.116216,-0.03262,0.12189,17.3893,-840.5123059,-840.4484719000001,4.202672,Gaussian,QC,"opt+freq: b3lyp/6-311G** em=gd3bj
energy: M062X/6-311G+(2d, p) em=gd3"
39,a-c2+a-b19,O=C([O-])CCCCCCCCc1ccccn1,acetate,-750.7052043,0.258922,0.326267,593.04016,-0.02663,0.03512,22.8913,-750.4462823,-750.3789373,1.6796,Gaussian,QC,"opt+freq: b3lyp/6-311G** em=gd3bj
energy: M062X/6-311G+(2d, p) em=gd3"
40,a-c2+a-b21,CC(=O)CCCCCCCCC(=O)[O-],acetate,-656.27607,0.230241,0.294433,565.2667680000001,-0.03294,0.05309,14.9363,-656.045829,-655.981637,2.340016,Gaussian,QC,"opt+freq: b3lyp/6-311G** em=gd3bj
energy: M062X/6-311G+(2d, p) em=gd3"
41,a-c2+a-b22,COCCCCCCCCC(=O)[O-],acetate,-618.1500304,0.227508,0.28909,542.2840560000001,-0.03032,0.12353,15.0793,-617.9225224,-617.8609404,4.18472,Gaussian,QC,"opt+freq: b3lyp/6-311G** em=gd3bj
energy: M062X/6-311G+(2d, p) em=gd3"
42,a-c2+a-b23,O=C([O-])CCCCCCCCCC(F)(F)F,acetate,-880.0162382,0.22557,0.292511,589.48376,-0.03238,0.11505,19.3786,-879.7906682,-879.7237272,4.010096,Gaussian,QC,"opt+freq: b3lyp/6-311G** em=gd3bj
energy: M062X/6-311G+(2d, p) em=gd3"
43,a-c2+a-b24,O=C([O-])CCCCCCCCCc1ccccc1,acetate,-773.9688954,0.29667,0.366912,618.5500079999999,-0.02973,0.04927,23.6111,-773.6722254,-773.6019834,2.1488,Gaussian,QC,"opt+freq: b3lyp/6-311G** em=gd3bj
energy: M062X/6-311G+(2d, p) em=gd3"
44,a-c2+a-b26,O=C([O-])CCCCCCCCc1ccccc1,acetate,-734.6645143,0.2707,0.337901,591.768224,-0.02994,0.05551,21.1187,-734.3938142999999,-734.3266133,2.32424,Gaussian,QC,"opt+freq: b3lyp/6-311G** em=gd3bj
energy: M062X/6-311G+(2d, p) em=gd3"
45,a-c2+a-b28,O=C([O-])CCCCCCCCCC(=O)O,acetate,-731.5257204,0.234773,0.301448,587.1365360000001,-0.03035,0.06738,19.1409,-731.2909473999999,-731.2242723999999,2.658256,Gaussian,QC,"opt+freq: b3lyp/6-311G** em=gd3bj
energy: M062X/6-311G+(2d, p) em=gd3"
46,a-c2+a-b30,O=C([O-])CCCCCCCCC1CCCCC1,acetate,-738.2745735,0.338346,0.406869,603.412296,-0.02886,0.10174,22.3397,-737.9362275,-737.8677045,3.55232,Gaussian,QC,"opt+freq: b3lyp/6-311G** em=gd3bj
energy: M062X/6-311G+(2d, p) em=gd3"
47,a-c2+a-b32,O=C([O-])CCCCCCCCCC(F)(F)C(F)F,acetate,-1018.5499205,0.242226,0.314744,638.5871840000001,-0.03111,0.10512,23.2475,-1018.3076945,-1018.2351765,3.705456,Gaussian,QC,"opt+freq: b3lyp/6-311G** em=gd3bj
energy: M062X/6-311G+(2d, p) em=gd3"
48,a-c2+a-b34,O=C([O-])CCCCCCCCC1CCCN1,acetate,-715.0001922,0.298544,0.366599,599.286872,-0.02828,0.09561,21.5339,-714.7016482,-714.6335932000001,3.369808,Gaussian,QC,"opt+freq: b3lyp/6-311G** em=gd3bj
energy: M062X/6-311G+(2d, p) em=gd3"
49,a-c2+a-b36,CCCCCCCCCCCCCCCCCC(=O)[O-],acetate,-857.3831976,0.431296,0.515319,739.9027440000001,-0.02904,0.08083,30.9127,-856.9519016,-856.8678786,2.988464,Gaussian,QC,"opt+freq: b3lyp/6-311G** em=gd3bj
energy: M062X/6-311G+(2d, p) em=gd3"
50,a-c2+a-b37,O=C([O-])CCCCCCCCC(C(F)(F)F)C(F)(F)F,acetate,-1217.0734227,0.225089,0.30079,666.619984,-0.03472,0.11876,21.9654,-1216.8483337,-1216.7726327,4.174656,Gaussian,QC,"opt+freq: b3lyp/6-311G** em=gd3bj
energy: M062X/6-311G+(2d, p) em=gd3"
51,a-c3+a-b1,CCCCCCCCC(=O)[O-],acetate,-503.6422662,0.199574,0.254454,483.264552,-0.02779,0.12723,12.9753,-503.4426922,-503.3878122,4.216544000000001,Gaussian,QC,"opt+freq: b3lyp/6-311G** em=gd3bj
energy: M062X/6-311G+(2d, p) em=gd3"
52,a-c3+a-b2,N=C(N)NC(=O)[O-],acetate,-393.3745863,0.041623,0.082606,360.899288,-0.03599,0.14804,8.3408,-393.3329633,-393.2919803,5.005616,Gaussian,QC,"opt+freq: b3lyp/6-311G** em=gd3bj
energy: M062X/6-311G+(2d, p) em=gd3"
53,a-c3+a-b3,CC(F)(F)S(=O)(=O)C(=O)[O-],acetate,-1014.9492439,0.024457,0.079605,485.63688,-0.03749,0.15878,4.5643,-1014.9247869,-1014.8696389,5.338544,Gaussian,QC,"opt+freq: b3lyp/6-311G** em=gd3bj
energy: M062X/6-311G+(2d, p) em=gd3"
54,a-c3+a-b4,O=C([O-])CCCC(F)(F)C(F)(F)F,acetate,-881.9873052,0.078148,0.133006,483.076272,-0.03767,0.16657,11.4197,-881.9091572,-881.8542992,5.555328,Gaussian,QC,"opt+freq: b3lyp/6-311G** em=gd3bj
energy: M062X/6-311G+(2d, p) em=gd3"
55,a-c3+a-b6,O=C([O-])c1ccncc1,acetate,-436.2824328,0.055233,0.095156,351.556416,-0.05068,0.10529,6.086,-436.2271998,-436.1872768,4.242383999999999,Gaussian,QC,"opt+freq: b3lyp/6-311G** em=gd3bj
energy: M062X/6-311G+(2d, p) em=gd3"
56,a-c3+a-b7,O=C([O-])c1ccccc1O,acetate,-495.4477551,0.066963,0.111396,391.275128,-0.03037,0.12347,9.6252,-495.3807921,-495.3363591,4.184448,Gaussian,QC,"opt+freq: b3lyp/6-311G** em=gd3bj
energy: M062X/6-311G+(2d, p) em=gd3"
57,a-c3+a-b8,O=C([O-])C(=O)O,acetate,-377.7826649,0.004182,0.040948,323.75792,-0.03962,0.1798,4.6734,-377.7784829,-377.7417169,5.968224,Gaussian,QC,"opt+freq: b3lyp/6-311G** em=gd3bj
energy: M062X/6-311G+(2d, p) em=gd3"
58,a-c3+a-b9,O=C([O-])C(=O)CF,acetate,-441.0756277,0.016817,0.057027,354.083552,-0.03505,0.1327,5.3963,-441.0588107,-441.0186007,4.5628,Gaussian,QC,"opt+freq: b3lyp/6-311G** em=gd3bj
energy: M062X/6-311G+(2d, p) em=gd3"
59,a-c3+a-b11,CCCCC(CC)CC(=O)[O-],acetate,-503.6467426,0.199343,0.253637,478.109864,-0.03343,0.14463,9.8998,-503.4473996,-503.3931056,4.843232,Gaussian,QC,"opt+freq: b3lyp/6-311G** em=gd3bj
energy: M062X/6-311G+(2d, p) em=gd3"
60,a-c3+a-b12,O=C([O-])S(=O)(=O)C(F)(F)C(F)(F)C(F)(F)C(F)(F)F,acetate,-1788.2779177,0.013931,0.088261,654.5491440000001,-0.06056,0.12648,8.5661,-1788.2639867,-1788.1896567,5.087488,Gaussian,QC,"opt+freq: b3lyp/6-311G** em=gd3bj
energy: M062X/6-311G+(2d, p) em=gd3"
61,a-c3+a-b14,CCCCC(=O)[O-],acetate,-346.4228487,0.096713,0.13864,369.208712,-0.02349,0.17222,6.3411,-346.3261357,-346.2842087,5.323312,Gaussian,QC,"opt+freq: b3lyp/6-311G** em=gd3bj
energy: M062X/6-311G+(2d, p) em=gd3"
62,a-c3+a-b15,CCC(=O)[O-],acetate,-267.8111868,0.044753,0.08058,315.490336,-0.0145,0.19563,4.6314,-267.7664338,-267.7306068,5.715536,Gaussian,QC,"opt+freq: b3lyp/6-311G** em=gd3bj
energy: M062X/6-311G+(2d, p) em=gd3"
63,a-c3+a-b16,Cc1cc(Cl)ccc1C(=O)[O-],acetate,-919.1502012,0.078949,0.126732,420.780696,-0.05207,0.10703,8.857,-919.0712522,-919.0234692,4.32752,Gaussian,QC,"opt+freq: b3lyp/6-311G** em=gd3bj
energy: M062X/6-311G+(2d, p) em=gd3"
64,a-c3+a-b17,O=C([O-])S(=O)(=O)C(F)(F)F,acetate,-1074.8923872,-0.009376,0.044422,473.745952,-0.048,0.1529,5.3407,-1074.9017632,-1074.8479652,5.464480000000001,Gaussian,QC,"opt+freq: b3lyp/6-311G** em=gd3bj
energy: M062X/6-311G+(2d, p) em=gd3"
65,a-c3+a-b18,O=C([O-])C(F)(F)F,acetate,-526.2775556,-0.006911,0.031904,341.807696,-0.0535,0.21961,4.5606,-526.2844666,-526.2456516,7.428592,Gaussian,QC,"opt+freq: b3lyp/6-311G** em=gd3bj
energy: M062X/6-311G+(2d, p) em=gd3"
66,a-c3+a-b19,O=C([O-])c1ccccn1,acetate,-436.2680684,0.054082,0.094688,357.577192,-0.03431,0.10763,9.3215,-436.2139864,-436.1733804,3.860768,Gaussian,QC,"opt+freq: b3lyp/6-311G** em=gd3bj
energy: M062X/6-311G+(2d, p) em=gd3"
67,a-c3+a-b20,O=C([O-])S(=O)(=O)C(F)(F)C(F)(F)C(F)(F)F,acetate,-1550.4847081,0.006167,0.073641,594.16984,-0.05839,0.14061,6.796,-1550.4785411,-1550.4110671,5.4128,Gaussian,QC,"opt+freq: b3lyp/6-311G** em=gd3bj
energy: M062X/6-311G+(2d, p) em=gd3"
68,a-c3+a-b21,CC(=O)C(=O)[O-],acetate,-341.8386612,0.02478,0.063038,336.899864,-0.02477,0.15463,4.4298,-341.8138812,-341.7756232,4.87968,Gaussian,QC,"opt+freq: b3lyp/6-311G** em=gd3bj
energy: M062X/6-311G+(2d, p) em=gd3"
69,a-c3+a-b22,COC(=O)[O-],acetate,-303.7403023,0.022554,0.057535,308.042816,-0.02753,0.20525,4.0493,-303.7177483,-303.6827673,6.331615999999999,Gaussian,QC,"opt+freq: b3lyp/6-311G** em=gd3bj
energy: M062X/6-311G+(2d, p) em=gd3"
70,a-c3+a-b26,O=C([O-])c1ccccc1,acetate,-420.2341987,0.066348,0.10639,352.610784,-0.03946,0.1244,8.2646,-420.1678507,-420.1278087,4.456992,Gaussian,QC,"opt+freq: b3lyp/6-311G** em=gd3bj
energy: M062X/6-311G+(2d, p) em=gd3"
71,a-c3+a-b27,CCCCCCCCCCCCC(=O)[O-],acetate,-660.8606106,0.30253,0.370389,597.563064,-0.02873,0.10065,20.6838,-660.5580805999999,-660.4902215999999,3.519136,Gaussian,QC,"opt+freq: b3lyp/6-311G** em=gd3bj
energy: M062X/6-311G+(2d, p) em=gd3"
72,a-c3+a-b30,O=C([O-])C1CCCCC1,acetate,-423.83907,0.130808,0.174894,388.220808,-0.02388,0.15392,9.343,-423.708262,-423.664176,4.83616,Gaussian,QC,"opt+freq: b3lyp/6-311G** em=gd3bj
energy: M062X/6-311G+(2d, p) em=gd3"
73,a-c3+a-b31,Cc1cccc(C(=O)[O-])c1C,acetate,-498.8438658,0.114714,0.162792,423.374776,-0.0422,0.12559,9.3785,-498.7291518,-498.6810738,4.563888,Gaussian,QC,"opt+freq: b3lyp/6-311G** em=gd3bj
energy: M062X/6-311G+(2d, p) em=gd3"
74,a-c3+a-b32,O=C([O-])CC(F)(F)C(F)F,acetate,-704.1164163,0.035037,0.08256,418.479496,-0.03892,0.17338,8.172,-704.0813793,-704.0338563,5.77456,Gaussian,QC,"opt+freq: b3lyp/6-311G** em=gd3bj
energy: M062X/6-311G+(2d, p) em=gd3"
75,a-c3+a-b33,O=C([O-])c1cccnc1,acetate,-436.2802711,0.055256,0.095152,351.322112,-0.04756,0.10894,7.4085,-436.2250151,-436.1851191,4.2568,Gaussian,QC,"opt+freq: b3lyp/6-311G** em=gd3bj
energy: M062X/6-311G+(2d, p) em=gd3"
76,a-c3+a-b34,O=C([O-])C1CCCN1,acetate,-400.5692279,0.094537,0.135158,357.706896,-0.02654,0.16988,6.2644,-400.4746909,-400.4340699,5.342624,Gaussian,QC,"opt+freq: b3lyp/6-311G** em=gd3bj
energy: M062X/6-311G+(2d, p) em=gd3"
77,a-c3+a-b35,O=C([O-])S(=O)(=O)C(F)(F)C(F)(F)F,acetate,-1312.690968,-0.001405,0.059033,532.208984,-0.05486,0.15057,5.0668,-1312.692373,-1312.631935,5.587696,Gaussian,QC,"opt+freq: b3lyp/6-311G** em=gd3bj
energy: M062X/6-311G+(2d, p) em=gd3"
78,a-c3+a-b37,O=C([O-])C(C(F)(F)F)C(F)(F)F,acetate,-902.6476757,0.01741,0.068394,448.968304,-0.06846,0.20795,6.3239,-902.6302657,-902.5792817,7.518351999999999,Gaussian,QC,"opt+freq: b3lyp/6-311G** em=gd3bj
energy: M062X/6-311G+(2d, p) em=gd3"
79,a-c3+a-b38,O=C([O-])CC(F)(F)C(F)(F)C(F)(F)C(F)F,acetate,-1179.7067692,0.051034,0.111811,535.204728,-0.04971,0.12904,13.5536,-1179.6557352,-1179.5949582,4.862,Gaussian,QC,"opt+freq: b3lyp/6-311G** em=gd3bj
energy: M062X/6-311G+(2d, p) em=gd3"
80,a-c4+a-b1,CCCCCCCCOP(C)(=O)[O-],phosphate,-922.1069132,0.233166,0.29589,552.3507599999999,-0.07302,0.12198,12.4075,-921.8737472,-921.8110232,5.304,Gaussian,QC,"opt+freq: b3lyp/6-311G** em=gd3bj
energy: M062X/6-311G+(2d, p) em=gd3"
81,a-c4+a-b3,CC(F)(F)S(=O)(=O)OP(C)(=O)[O-],phosphate,-1433.390159,0.064833,0.121533,499.29764,-0.11873,0.15037,6.264,-1433.325326,-1433.268626,7.31952,Gaussian,QC,"opt+freq: b3lyp/6-311G** em=gd3bj
energy: M062X/6-311G+(2d, p) em=gd3"
82,a-c4+a-b5,CP(=O)([O-])OC(=O)C(F)(F)F,phosphate,-1058.0765127,0.03127,0.084392,467.7921200000001,-0.10435,0.11691,6.9594,-1058.0452427,-1057.9921207,6.018272000000001,Gaussian,QC,"opt+freq: b3lyp/6-311G** em=gd3bj
energy: M062X/6-311G+(2d, p) em=gd3"
83,a-c4+a-b6,CP(=O)([O-])Oc1ccncc1,phosphate,-854.7468097,0.086747,0.136094,434.55024,-0.09601,0.11136,4.7166,-854.6600627,-854.6107157,5.640464,Gaussian,QC,"opt+freq: b3lyp/6-311G** em=gd3bj
energy: M062X/6-311G+(2d, p) em=gd3"
84,a-c4+a-b7,CP(=O)([O-])Oc1ccccc1O,phosphate,-913.9458034,0.102283,0.151858,436.554376,-0.08431,0.11751,7.0667,-913.8435204,-913.7939454000001,5.489504,Gaussian,QC,"opt+freq: b3lyp/6-311G** em=gd3bj
energy: M062X/6-311G+(2d, p) em=gd3"
85,a-c4+a-b8,CP(=O)([O-])OC(=O)O,phosphate,-796.2640119,0.037646,0.082496,394.944496,-0.08825,0.15897,5.0868,-796.2263659,-796.1815159,6.724384,Gaussian,QC,"opt+freq: b3lyp/6-311G** em=gd3bj
energy: M062X/6-311G+(2d, p) em=gd3"
86,a-c4+a-b9,CP(=O)([O-])OC(=O)CF,phosphate,-859.5650322,0.050278,0.098599,425.5128,-0.09319,0.13929,6.1259,-859.5147542,-859.4664332,6.323455999999999,Gaussian,QC,"opt+freq: b3lyp/6-311G** em=gd3bj
energy: M062X/6-311G+(2d, p) em=gd3"
87,a-c4+a-b10,CCCCCCCCCCOP(C)(=O)[O-],phosphate,-1000.7161503,0.284676,0.35385,609.144376,-0.07346,0.10858,15.496,-1000.4314743,-1000.3623003,4.951487999999999,Gaussian,QC,"opt+freq: b3lyp/6-311G** em=gd3bj
energy: M062X/6-311G+(2d, p) em=gd3"
88,a-c4+a-b11,CCCCC(CC)COP(C)(=O)[O-],phosphate,-922.1075809,0.232234,0.295311,555.4594720000001,-0.07577,0.13934,7.5118,-921.8753469000001,-921.8122699,5.850992,Gaussian,QC,"opt+freq: b3lyp/6-311G** em=gd3bj
energy: M062X/6-311G+(2d, p) em=gd3"
89,a-c4+a-b13,CCCCCCOP(C)(=O)[O-],phosphate,-843.4974858,0.181796,0.23796,494.582272,-0.07201,0.13634,9.4083,-843.3156898000001,-843.2595258,5.66712,Gaussian,QC,"opt+freq: b3lyp/6-311G** em=gd3bj
energy: M062X/6-311G+(2d, p) em=gd3"
90,a-c4+a-b14,CCCCOP(C)(=O)[O-],phosphate,-764.8877641,0.130551,0.180049,435.872384,-0.06986,0.15588,7.0697,-764.7572131000001,-764.7077151,6.140128,Gaussian,QC,"opt+freq: b3lyp/6-311G** em=gd3bj
energy: M062X/6-311G+(2d, p) em=gd3"
91,a-c4+a-b15,CCOP(C)(=O)[O-],phosphate,-686.2765397,0.078949,0.12216,380.522248,-0.06941,0.17662,5.3343,-686.1975907,-686.1543796999999,6.692016,Gaussian,QC,"opt+freq: b3lyp/6-311G** em=gd3bj
energy: M062X/6-311G+(2d, p) em=gd3"
92,a-c4+a-b16,Cc1cc(Cl)ccc1OP(C)(=O)[O-],phosphate,-1337.6159446,0.112516,0.167569,484.791712,-0.09769,0.09717,8.2683,-1337.5034286,-1337.4483756,5.300192,Gaussian,QC,"opt+freq: b3lyp/6-311G** em=gd3bj
energy: M062X/6-311G+(2d, p) em=gd3"
93,a-c4+a-b17,CP(=O)([O-])OS(=O)(=O)C(F)(F)F,phosphate,-1493.3324421,0.031222,0.086387,485.774952,-0.12769,0.15722,3.7698,-1493.3012201,-1493.2460551,7.749552,Gaussian,QC,"opt+freq: b3lyp/6-311G** em=gd3bj
energy: M062X/6-311G+(2d, p) em=gd3"
94,a-c4+a-b18,CP(=O)([O-])OC(F)(F)F,phosphate,-944.7549418,0.026801,0.072926,406.1743520000001,-0.10004,0.18396,4.9317,-944.7281408,-944.6820157999999,7.724800000000001,Gaussian,QC,"opt+freq: b3lyp/6-311G** em=gd3bj
energy: M062X/6-311G+(2d, p) em=gd3"
95,a-c4+a-b19,CP(=O)([O-])Oc1ccccn1,phosphate,-854.7462313,0.086935,0.135876,430.9812880000001,-0.08756,0.10083,5.6506,-854.6592962999999,-854.6103552999999,5.124208,Gaussian,QC,"opt+freq: b3lyp/6-311G** em=gd3bj
energy: M062X/6-311G+(2d, p) em=gd3"
96,a-c4+a-b20,CP(=O)([O-])OS(=O)(=O)C(F)(F)C(F)(F)C(F)(F)F,phosphate,-1968.9193737,0.046472,0.115666,609.328472,-0.13317,0.11571,8.5162,-1968.8729017,-1968.8037077,6.769536,Gaussian,QC,"opt+freq: b3lyp/6-311G** em=gd3bj
energy: M062X/6-311G+(2d, p) em=gd3"
97,a-c4+a-b21,CC(=O)OP(C)(=O)[O-],phosphate,-760.3284623,0.058601,0.104661,405.605328,-0.08411,0.14997,5.3424,-760.2698613,-760.2238013,6.366976,Gaussian,QC,"opt+freq: b3lyp/6-311G** em=gd3bj
energy: M062X/6-311G+(2d, p) em=gd3"
98,a-c4+a-b23,CP(=O)([O-])OCC(F)(F)F,phosphate,-984.0417173,0.051295,0.101916,445.767544,-0.08609,0.17165,7.0232,-983.9904223,-983.9398013,7.010527999999999,Gaussian,QC,"opt+freq: b3lyp/6-311G** em=gd3bj
energy: M062X/6-311G+(2d, p) em=gd3"
99,a-c4+a-b24,CP(=O)([O-])OCc1ccccc1,phosphate,-877.9954364,0.125048,0.17654,453.436816,-0.08191,0.1018,8.391,-877.8703884,-877.8188964,4.996911999999999,Gaussian,QC,"opt+freq: b3lyp/6-311G** em=gd3bj
energy: M062X/6-311G+(2d, p) em=gd3"
100,a-c4+a-b25,CCCCCOP(C)(=O)[O-],phosphate,-804.1926946,0.156123,0.209003,465.6624640000001,-0.07143,0.14789,8.0225,-804.0365716,-803.9836915999999,5.965503999999999,Gaussian,QC,"opt+freq: b3lyp/6-311G** em=gd3bj
energy: M062X/6-311G+(2d, p) em=gd3"
101,a-c4+a-b26,CP(=O)([O-])Oc1ccccc1,phosphate,-838.6986075,0.098822,0.147238,426.345416,-0.08904,0.11195,8.0238,-838.5997854999999,-838.5513695,5.466928,Gaussian,QC,"opt+freq: b3lyp/6-311G** em=gd3bj
energy: M062X/6-311G+(2d, p) em=gd3"
102,a-c4+a-b27,CCCCCCCCCCCCOP(C)(=O)[O-],phosphate,-1079.3252852,0.336337,0.411891,665.327128,-0.07372,0.09812,19.0753,-1078.9889482,-1078.9133942,4.674048,Gaussian,QC,"opt+freq: b3lyp/6-311G** em=gd3bj
energy: M062X/6-311G+(2d, p) em=gd3"
103,a-c4+a-b28,CP(=O)([O-])OCC(=O)O,phosphate,-835.5495242,0.063171,0.110998,421.169808,-0.07923,0.12348,7.2027,-835.4863531999999,-835.4385262,5.513712,Gaussian,QC,"opt+freq: b3lyp/6-311G** em=gd3bj
energy: M062X/6-311G+(2d, p) em=gd3"
104,a-c4+a-b30,CP(=O)([O-])OC1CCCCC1,phosphate,-842.3070374,0.164292,0.216232,457.382328,-0.06265,0.14057,8.393,-842.1427454,-842.0908054,5.527584,Gaussian,QC,"opt+freq: b3lyp/6-311G** em=gd3bj
energy: M062X/6-311G+(2d, p) em=gd3"
105,a-c4+a-b31,Cc1cccc(OP(C)(=O)[O-])c1C,phosphate,-917.3144059,0.147657,0.203911,495.368864,-0.08842,0.11284,9.976,-917.1667489,-917.1104949,5.474272,Gaussian,QC,"opt+freq: b3lyp/6-311G** em=gd3bj
energy: M062X/6-311G+(2d, p) em=gd3"
106,a-c4+a-b32,CP(=O)([O-])OCC(F)(F)C(F)F,phosphate,-1122.5770066,0.069324,0.124191,483.159952,-0.08199,0.1505,10.4442,-1122.5076826,-1122.4528156,6.323727999999999,Gaussian,QC,"opt+freq: b3lyp/6-311G** em=gd3bj
energy: M062X/6-311G+(2d, p) em=gd3"
107,a-c4+a-b33,CP(=O)([O-])Oc1cccnc1,phosphate,-854.7420249,0.086607,0.135883,433.918456,-0.08944,0.09944,4.4125,-854.6554179000001,-854.6061419,5.137536,Gaussian,QC,"opt+freq: b3lyp/6-311G** em=gd3bj
energy: M062X/6-311G+(2d, p) em=gd3"
108,a-c4+a-b35,CP(=O)([O-])OS(=O)(=O)C(F)(F)C(F)(F)F,phosphate,-1731.1264939,0.038595,0.101025,549.7566800000001,-0.13167,0.13384,6.1826,-1731.0878989,-1731.0254689,7.221872,Gaussian,QC,"opt+freq: b3lyp/6-311G** em=gd3bj
energy: M062X/6-311G+(2d, p) em=gd3"
109,a-c4+a-b36,CCCCCCCCCOP(C)(=O)[O-],phosphate,-961.413215,0.259441,0.324881,576.2623199999999,-0.07535,0.12021,9.849,-961.153774,-961.088334,5.319232,Gaussian,QC,"opt+freq: b3lyp/6-311G** em=gd3bj
energy: M062X/6-311G+(2d, p) em=gd3"
110,a-c4+a-b37,CP(=O)([O-])OC(C(F)(F)F)C(F)(F)F,phosphate,-1321.0922817,0.052788,0.109886,502.8080160000001,-0.09102,0.16897,7.8486,-1321.0394937,-1320.9823957,7.071727999999999,Gaussian,QC,"opt+freq: b3lyp/6-311G** em=gd3bj
energy: M062X/6-311G+(2d, p) em=gd3"
111,a-c5+a-b1,CCCCCCCCO[PH](=O)[O-],phosphate,-882.7897314,0.207617,0.266915,522.1715680000001,-0.08027,0.12129,13.6376,-882.5821144,-882.5228164,5.482431999999999,Gaussian,QC,"opt+freq: b3lyp/6-311G** em=gd3bj
energy: M062X/6-311G+(2d, p) em=gd3"
112,a-c5+a-b4,O=[PH]([O-])OCCCC(F)(F)C(F)(F)F,phosphate,-1261.1359721,0.086089,0.145859,526.330464,-0.08486,0.16389,10.6569,-1261.0498831,-1260.9901131,6.766000000000001,Gaussian,QC,"opt+freq: b3lyp/6-311G** em=gd3bj
energy: M062X/6-311G+(2d, p) em=gd3"
113,a-c5+a-b6,O=[PH]([O-])Oc1ccncc1,phosphate,-815.4291447,0.062059,0.107223,397.71012,-0.09883,0.11005,5.1827,-815.3670857000001,-815.3219217000001,5.681536,Gaussian,QC,"opt+freq: b3lyp/6-311G** em=gd3bj
energy: M062X/6-311G+(2d, p) em=gd3"
114,a-c5+a-b7,O=[PH]([O-])Oc1ccccc1O,phosphate,-874.6276397,0.077018,0.122963,404.588616,-0.08659,0.11709,7.3162,-874.5506217000001,-874.5046767,5.540096,Gaussian,QC,"opt+freq: b3lyp/6-311G** em=gd3bj
energy: M062X/6-311G+(2d, p) em=gd3"
115,a-c5+a-b10,CCCCCCCCCCO[PH](=O)[O-],phosphate,-961.3989658,0.259352,0.324909,577.2957680000001,-0.08074,0.10781,16.9703,-961.1396138,-961.0740568,5.128559999999999,Gaussian,QC,"opt+freq: b3lyp/6-311G** em=gd3bj
energy: M062X/6-311G+(2d, p) em=gd3"
116,a-c5+a-b11,CCCCC(CC)CO[PH](=O)[O-],phosphate,-882.7900946,0.206715,0.266486,526.343016,-0.0795,0.13869,8.7224,-882.5833796,-882.5236086,5.934768,Gaussian,QC,"opt+freq: b3lyp/6-311G** em=gd3bj
energy: M062X/6-311G+(2d, p) em=gd3"
117,a-c5+a-b12,O=[PH]([O-])OS(=O)(=O)C(F)(F)C(F)(F)C(F)(F)C(F)(F)F,phosphate,-2167.3918629,0.027239,0.101109,650.499032,-0.14146,0.0923,15.6589,-2167.3646239,-2167.2907539,6.358271999999999,Gaussian,QC,"opt+freq: b3lyp/6-311G** em=gd3bj
energy: M062X/6-311G+(2d, p) em=gd3"
118,a-c5+a-b13,CCCCCCO[PH](=O)[O-],phosphate,-804.1817264,0.157204,0.209075,456.775648,-0.07711,0.14244,7.7506,-804.0245224,-803.9726514,5.971760000000001,Gaussian,QC,"opt+freq: b3lyp/6-311G** em=gd3bj
energy: M062X/6-311G+(2d, p) em=gd3"
119,a-c5+a-b14,CCCCO[PH](=O)[O-],phosphate,-725.5708385,0.105226,0.151089,403.864784,-0.07715,0.15714,7.7849,-725.4656125,-725.4197495000001,6.372688,Gaussian,QC,"opt+freq: b3lyp/6-311G** em=gd3bj
energy: M062X/6-311G+(2d, p) em=gd3"
120,a-c5+a-b16,Cc1cc(Cl)ccc1O[PH](=O)[O-],phosphate,-1298.2984407,0.086859,0.138563,455.307064,-0.10185,0.09657,9.3091,-1298.2115817,-1298.1598777,5.397023999999999,Gaussian,QC,"opt+freq: b3lyp/6-311G** em=gd3bj
energy: M062X/6-311G+(2d, p) em=gd3"
121,a-c5+a-b17,O=[PH]([O-])OS(=O)(=O)C(F)(F)F,phosphate,-1454.0120846,0.00426,0.057177,465.988816,-0.13518,0.15282,7.3217,-1454.0078246,-1453.9549076,7.833600000000001,Gaussian,QC,"opt+freq: b3lyp/6-311G** em=gd3bj
energy: M062X/6-311G+(2d, p) em=gd3"
122,a-c5+a-b19,O=[PH]([O-])Oc1ccccn1,phosphate,-815.4282321,0.062004,0.107019,396.404712,-0.09078,0.09935,7.0378,-815.3662281,-815.3212130999999,5.171536,Gaussian,QC,"opt+freq: b3lyp/6-311G** em=gd3bj
energy: M062X/6-311G+(2d, p) em=gd3"
123,a-c5+a-b20,O=[PH]([O-])OS(=O)(=O)C(F)(F)C(F)(F)C(F)(F)F,phosphate,-1929.5993627,0.019299,0.086471,591.513,-0.14045,0.10909,12.7562,-1929.5800637,-1929.5128917,6.787488,Gaussian,QC,"opt+freq: b3lyp/6-311G** em=gd3bj
energy: M062X/6-311G+(2d, p) em=gd3"
124,a-c5+a-b24,O=[PH]([O-])OCc1ccccc1,phosphate,-838.6796211,0.099844,0.147636,420.851824,-0.0806,0.10441,8.6212,-838.5797771,-838.5319850999999,5.032272,Gaussian,QC,"opt+freq: b3lyp/6-311G** em=gd3bj
energy: M062X/6-311G+(2d, p) em=gd3"
125,a-c5+a-b25,CCCCCO[PH](=O)[O-],phosphate,-764.8768196,0.131396,0.180104,428.918576,-0.07619,0.1542,6.3549,-764.7454236,-764.6967156,6.266608,Gaussian,QC,"opt+freq: b3lyp/6-311G** em=gd3bj
energy: M062X/6-311G+(2d, p) em=gd3"
126,a-c5+a-b26,O=[PH]([O-])Oc1ccccc1,phosphate,-799.3788471,0.073001,0.118349,399.329328,-0.08243,0.11562,7.17,-799.3058461,-799.2604981000001,5.38696,Gaussian,QC,"opt+freq: b3lyp/6-311G** em=gd3bj
energy: M062X/6-311G+(2d, p) em=gd3"
127,a-c5+a-b27,CCCCCCCCCCCCO[PH](=O)[O-],phosphate,-1040.0080973,0.311432,0.382983,630.0727440000001,-0.08098,0.09746,20.6659,-1039.6966653,-1039.6251143,4.853567999999999,Gaussian,QC,"opt+freq: b3lyp/6-311G** em=gd3bj
energy: M062X/6-311G+(2d, p) em=gd3"
128,a-c5+a-b30,O=[PH]([O-])OC1CCCCC1,phosphate,-802.9872591,0.13974,0.187418,419.847664,-0.06811,0.14438,8.8636,-802.8475191,-802.7998411,5.779728,Gaussian,QC,"opt+freq: b3lyp/6-311G** em=gd3bj
energy: M062X/6-311G+(2d, p) em=gd3"
129,a-c5+a-b31,Cc1cccc(O[PH](=O)[O-])c1C,phosphate,-877.9966348,0.121799,0.174905,467.654048,-0.08927,0.11246,10.6984,-877.8748358,-877.8217298000001,5.487056000000001,Gaussian,QC,"opt+freq: b3lyp/6-311G** em=gd3bj
energy: M062X/6-311G+(2d, p) em=gd3"
130,a-c5+a-b33,O=[PH]([O-])Oc1cccnc1,phosphate,-815.4243045,0.061823,0.107018,397.9820800000001,-0.09183,0.09805,5.4296,-815.3624815,-815.3172864999999,5.164736,Gaussian,QC,"opt+freq: b3lyp/6-311G** em=gd3bj
energy: M062X/6-311G+(2d, p) em=gd3"
131,a-c5+a-b35,O=[PH]([O-])OS(=O)(=O)C(F)(F)C(F)(F)F,phosphate,-1691.8069229,0.01151,0.071837,531.238296,-0.1387,0.12725,9.8533,-1691.7954129,-1691.7350859,7.233840000000001,Gaussian,QC,"opt+freq: b3lyp/6-311G** em=gd3bj
energy: M062X/6-311G+(2d, p) em=gd3"
132,a-c5+a-b36,CCCCCCCCCO[PH](=O)[O-],phosphate,-922.0943866,0.233568,0.295914,549.016112,-0.08054,0.11458,15.1656,-921.8608186,-921.7984726,5.307264,Gaussian,QC,"opt+freq: b3lyp/6-311G** em=gd3bj
energy: M062X/6-311G+(2d, p) em=gd3"
133,a-c5+a-b37,O=[PH]([O-])OC(C(F)(F)F)C(F)(F)F,phosphate,-1281.7736622,0.025977,0.080931,483.925624,-0.09268,0.17139,7.5676,-1281.7476852,-1281.6927312,7.182703999999999,Gaussian,QC,"opt+freq: b3lyp/6-311G** em=gd3bj
energy: M062X/6-311G+(2d, p) em=gd3"
134,a-c5+a-b38,O=[PH]([O-])OCC(F)(F)C(F)(F)C(F)(F)C(F)F,phosphate,-1558.8452575,0.058468,0.124492,581.396088,-0.09057,0.11479,14.9225,-1558.7867895,-1558.7207655,5.585792,Gaussian,QC,"opt+freq: b3lyp/6-311G** em=gd3bj
energy: M062X/6-311G+(2d, p) em=gd3"
135,a-c6+a-b1+a-b3,CCCCCCCC[N-]S(=O)(=O)C(C)(F)F,imide anion,-1196.1267363,0.241933,0.31136,611.370264,-0.07188,0.12334,6.6569,-1195.8848033,-1195.8153763,5.309984,Gaussian,QC,"opt+freq: b3lyp/6-311G** em=gd3bj
energy: M062X/6-311G+(2d, p) em=gd3"
136,a-c6+a-b1+a-b5,CCCCCCCC[N-]C(=O)C(F)(F)F,imide anion,-820.8134292,0.209288,0.274202,571.6264480000001,-0.0467,0.12642,7.6609,-820.6041412,-820.5392272,4.708864,Gaussian,QC,"opt+freq: b3lyp/6-311G** em=gd3bj
energy: M062X/6-311G+(2d, p) em=gd3"
137,a-c6+a-b1+a-b7,CCCCCCCC[N-]c1ccccc1O,imide anion,-676.6157919,0.275393,0.340813,576.086592,0.01458,0.12385,8.2192,-676.3403989,-676.2749789,2.972144,Gaussian,QC,"opt+freq: b3lyp/6-311G** em=gd3bj
energy: M062X/6-311G+(2d, p) em=gd3"
138,a-c6+a-b1+a-b8,CCCCCCCC[N-]C(=O)O,imide anion,-558.9855715,0.215064,0.271868,500.213936,-0.02225,0.13023,10.2399,-558.7705075,-558.7137035,4.147456,Gaussian,QC,"opt+freq: b3lyp/6-311G** em=gd3bj
energy: M062X/6-311G+(2d, p) em=gd3"
139,a-c6+a-b1+a-b10,CCCCCCCCCC[N-]CCCCCCCC,imide anion,-763.3796186,0.455873,0.539362,735.204112,0.03333,0.12389,7.801,-762.9237456,-762.8402566,2.463232,Gaussian,QC,"opt+freq: b3lyp/6-311G** em=gd3bj
energy: M062X/6-311G+(2d, p) em=gd3"
140,a-c6+a-b1+a-b13,CCCCCCCC[N-]CCCCCC,imide anion,-606.1588699,0.353075,0.423554,620.637824,0.03779,0.1283,5.4682,-605.8057949,-605.7353159,2.461872,Gaussian,QC,"opt+freq: b3lyp/6-311G** em=gd3bj
energy: M062X/6-311G+(2d, p) em=gd3"
141,a-c6+a-b1+a-b14,CCCCCCCC[N-]CCCC,imide anion,-527.5485666,0.301468,0.365618,564.906944,0.04096,0.12935,7.4754,-527.2470986,-527.1829485999999,2.404208,Gaussian,QC,"opt+freq: b3lyp/6-311G** em=gd3bj
energy: M062X/6-311G+(2d, p) em=gd3"
142,a-c6+a-b1+a-b15,CCCCCCCC[N-]CC,imide anion,-448.9385769,0.250091,0.30771,507.39368,0.04605,0.13153,10.0911,-448.6884859,-448.6308669,2.325056,Gaussian,QC,"opt+freq: b3lyp/6-311G** em=gd3bj
energy: M062X/6-311G+(2d, p) em=gd3"
143,a-c6+a-b1+a-b17,CCCCCCCC[N-]S(=O)(=O)C(F)(F)F,imide anion,-1256.0721546,0.207926,0.276266,601.801456,-0.08266,0.12118,7.9638,-1255.8642286,-1255.7958886,5.544448,Gaussian,QC,"opt+freq: b3lyp/6-311G** em=gd3bj
energy: M062X/6-311G+(2d, p) em=gd3"
144,a-c6+a-b1+a-b18,CCCCCCCC[N-]C(F)(F)F,imide anion,-707.459615,0.201543,0.261615,528.995672,-0.02581,0.12638,10.0969,-707.258072,-707.198,4.139568,Gaussian,QC,"opt+freq: b3lyp/6-311G** em=gd3bj
energy: M062X/6-311G+(2d, p) em=gd3"
145,a-c6+a-b1+a-b19,CCCCCCCC[N-]c1ccccn1,imide anion,-617.448648,0.262015,0.324488,550.1332400000001,0.00076,0.11377,12.6521,-617.186633,-617.1241600000001,3.073872,Gaussian,QC,"opt+freq: b3lyp/6-311G** em=gd3bj
energy: M062X/6-311G+(2d, p) em=gd3"
146,a-c6+a-b1+a-b21,CCCCCCCC[N-]C(C)=O,imide anion,-523.0311624,0.233516,0.293047,524.230096,-0.00975,0.12303,13.3584,-522.7976464,-522.7381154,3.611616,Gaussian,QC,"opt+freq: b3lyp/6-311G** em=gd3bj
energy: M062X/6-311G+(2d, p) em=gd3"
147,a-c6+a-b1+a-b22,CCCCCCCC[N-]OC,imide anion,-484.8046428,0.227294,0.284877,507.071512,0.05923,0.13293,10.4671,-484.5773488,-484.5197658,2.00464,Gaussian,QC,"opt+freq: b3lyp/6-311G** em=gd3bj
energy: M062X/6-311G+(2d, p) em=gd3"
148,a-c6+a-b1+a-b23,CCCCCCCC[N-]CC(F)(F)F,imide anion,-746.7201234,0.224721,0.288428,561.003272,0.02474,0.12708,7.2084,-746.4954024,-746.4316954000001,2.783648,Gaussian,QC,"opt+freq: b3lyp/6-311G** em=gd3bj
energy: M062X/6-311G+(2d, p) em=gd3"
149,a-c6+a-b1+a-b24,CCCCCCCC[N-]Cc1ccccc1,imide anion,-640.6665658,0.296491,0.362505,581.320776,0.02531,0.12265,4.7788,-640.3700748,-640.3040607999999,2.647648,Gaussian,QC,"opt+freq: b3lyp/6-311G** em=gd3bj
energy: M062X/6-311G+(2d, p) em=gd3"
150,a-c6+a-b1+a-b25,CCCCCCCC[N-]CCCCC,imide anion,-566.8538637,0.32724,0.394589,593.073632,0.03881,0.12739,7.0575,-566.5266237000001,-566.4592747,2.409376,Gaussian,QC,"opt+freq: b3lyp/6-311G** em=gd3bj
energy: M062X/6-311G+(2d, p) em=gd3"
151,a-c6+a-b1+a-b26,CCCCCCCC[N-]c1ccccc1,imide anion,-601.3983269,0.2732,0.335722,550.5683760000001,0.01245,0.11461,12.0942,-601.1251269,-601.0626049,2.778752,Gaussian,QC,"opt+freq: b3lyp/6-311G** em=gd3bj
energy: M062X/6-311G+(2d, p) em=gd3"
152,a-c6+a-b1+a-b28,CCCCCCCC[N-]CC(=O)O,imide anion,-598.2183335,0.237693,0.298257,533.317744,0.0299,0.13009,8.691,-597.9806404999999,-597.9200764999999,2.725168,Gaussian,QC,"opt+freq: b3lyp/6-311G** em=gd3bj
energy: M062X/6-311G+(2d, p) em=gd3"
153,a-c6+a-b1+a-b30,CCCCCCCC[N-]C1CCCCC1,imide anion,-604.9716326,0.336461,0.401878,576.057304,0.03752,0.12928,4.9608,-604.6351716,-604.5697546,2.495872,Gaussian,QC,"opt+freq: b3lyp/6-311G** em=gd3bj
energy: M062X/6-311G+(2d, p) em=gd3"
154,a-c6+a-b1+a-b32,CCCCCCCC[N-]CC(F)(F)C(F)F,imide anion,-885.2544024,0.241809,0.310599,605.755336,0.02502,0.12774,3.8045,-885.0125934,-884.9438034,2.793984,Gaussian,QC,"opt+freq: b3lyp/6-311G** em=gd3bj
energy: M062X/6-311G+(2d, p) em=gd3"
155,a-c6+a-b1+a-b33,CCCCCCCC[N-]c1cccnc1,imide anion,-617.451403,0.261979,0.324308,548.873856,-0.00072,0.11897,11.5181,-617.189424,-617.127095,3.255568,Gaussian,QC,"opt+freq: b3lyp/6-311G** em=gd3bj
energy: M062X/6-311G+(2d, p) em=gd3"
156,a-c6+a-b1+a-b35,CCCCCCCC[N-]S(=O)(=O)C(F)(F)C(F)(F)F,imide anion,-1493.8696117,0.215268,0.290976,666.6827440000001,-0.08961,0.11972,5.969,-1493.6543437,-1493.5786357,5.693776,Gaussian,QC,"opt+freq: b3lyp/6-311G** em=gd3bj
energy: M062X/6-311G+(2d, p) em=gd3"
157,a-c6+a-b1+a-b36,CCCCCCCCC[N-]CCCCCCCC,imide anion,-724.0731197,0.430329,0.510493,705.920296,0.03627,0.11992,5.7904,-723.6427907,-723.5626267,2.27528,Gaussian,QC,"opt+freq: b3lyp/6-311G** em=gd3bj
energy: M062X/6-311G+(2d, p) em=gd3"
158,a-c6+a-b1+a-b37,CCCCCCCC[N-]C(C(F)(F)F)C(F)(F)F,imide anion,-1083.7913932,0.224642,0.29747,641.315152,0.00313,0.12638,4.7738,-1083.5667512,-1083.4939232,3.3524,Gaussian,QC,"opt+freq: b3lyp/6-311G** em=gd3bj
energy: M062X/6-311G+(2d, p) em=gd3"
159,a-c6+a-b2+a-b3,CC(F)(F)S(=O)(=O)[N-]NC(=N)N,imide anion,-1085.8236356,0.084953,0.139213,477.804432,-0.06141,0.16053,4.4644,-1085.7386826,-1085.6844226,6.036767999999999,Gaussian,QC,"opt+freq: b3lyp/6-311G** em=gd3bj
energy: M062X/6-311G+(2d, p) em=gd3"
160,a-c6+a-b2+a-b4,N=C(N)N[N-]CCCC(F)(F)C(F)(F)F,imide anion,-952.8181915,0.126297,0.189115,553.1833760000001,0.01957,0.15021,8.1687,-952.6918945,-952.6290765,3.553408,Gaussian,QC,"opt+freq: b3lyp/6-311G** em=gd3bj
energy: M062X/6-311G+(2d, p) em=gd3"
161,a-c6+a-b2+a-b5,N=C(N)N[N-]C(=O)C(F)(F)F,imide anion,-710.5021201,0.051783,0.102129,443.345008,-0.0282,0.14475,3.1875,-710.4503371,-710.3999911,4.70424,Gaussian,QC,"opt+freq: b3lyp/6-311G** em=gd3bj
energy: M062X/6-311G+(2d, p) em=gd3"
162,a-c6+a-b2+a-b6,N=C(N)N[N-]c1ccncc1,imide anion,-507.1562173,0.105412,0.15302,419.232616,-0.00618,0.1313,5.9807,-507.0508053,-507.0031973,3.739456,Gaussian,QC,"opt+freq: b3lyp/6-311G** em=gd3bj
energy: M062X/6-311G+(2d, p) em=gd3"
163,a-c6+a-b2+a-b7,N=C(N)N[N-]c1ccccc1O,imide anion,-566.3265302,0.119888,0.16903,432.742752,0.01027,0.13359,5.1975,-566.2066422,-566.1575002,3.354304,Gaussian,QC,"opt+freq: b3lyp/6-311G** em=gd3bj
energy: M062X/6-311G+(2d, p) em=gd3"
164,a-c6+a-b2+a-b16,Cc1cc(Cl)ccc1[N-]NC(=N)N,imide anion,-990.0299219,0.129073,0.184694,489.79996,-0.01925,0.13396,2.9424,-989.9008489,-989.8452278999999,4.167312,Gaussian,QC,"opt+freq: b3lyp/6-311G** em=gd3bj
energy: M062X/6-311G+(2d, p) em=gd3"
165,a-c6+a-b2+a-b17,N=C(N)N[N-]S(=O)(=O)C(F)(F)F,imide anion,-1145.754005,0.050197,0.103549,469.825544,-0.0664,0.13297,6.6693,-1145.703808,-1145.650456,5.422864,Gaussian,QC,"opt+freq: b3lyp/6-311G** em=gd3bj
energy: M062X/6-311G+(2d, p) em=gd3"
166,a-c6+a-b2+a-b19,N=C(N)N[N-]c1ccccn1,imide anion,-507.146421,0.104023,0.152544,427.274264,-0.00251,0.13519,5.9541,-507.042398,-506.993877,3.74544,Gaussian,QC,"opt+freq: b3lyp/6-311G** em=gd3bj
energy: M062X/6-311G+(2d, p) em=gd3"
167,a-c6+a-b2+a-b20,N=C(N)N[N-]S(=O)(=O)C(F)(F)C(F)(F)C(F)(F)F,imide anion,-1621.3447803,0.065594,0.132864,592.379088,-0.07454,0.12922,8.1217,-1621.2791863,-1621.2119163,5.542272,Gaussian,QC,"opt+freq: b3lyp/6-311G** em=gd3bj
energy: M062X/6-311G+(2d, p) em=gd3"
168,a-c6+a-b2+a-b24,N=C(N)N[N-]Cc1ccccc1,imide anion,-530.3667676,0.139604,0.191388,456.005792,0.02468,0.12183,6.5292,-530.2271636,-530.1753796,2.642479999999999,Gaussian,QC,"opt+freq: b3lyp/6-311G** em=gd3bj
energy: M062X/6-311G+(2d, p) em=gd3"
169,a-c6+a-b2+a-b26,N=C(N)N[N-]c1ccccc1,imide anion,-491.0977377,0.115779,0.163724,422.2032560000001,0.01147,0.13746,5.0856,-490.9819587,-490.9340137,3.426928,Gaussian,QC,"opt+freq: b3lyp/6-311G** em=gd3bj
energy: M062X/6-311G+(2d, p) em=gd3"
170,a-c6+a-b2+a-b30,N=C(N)N[N-]C1CCCCC1,imide anion,-494.672761,0.179152,0.230489,452.0770160000001,0.03648,0.15671,3.727,-494.493609,-494.442272,3.270256,Gaussian,QC,"opt+freq: b3lyp/6-311G** em=gd3bj
energy: M062X/6-311G+(2d, p) em=gd3"
171,a-c6+a-b2+a-b31,Cc1cccc([N-]NC(=N)N)c1C,imide anion,-569.7354307,0.166258,0.220784,480.15584,6e-05,0.14744,3.9936,-569.5691727000001,-569.5146467000001,4.008736,Gaussian,QC,"opt+freq: b3lyp/6-311G** em=gd3bj
energy: M062X/6-311G+(2d, p) em=gd3"
172,a-c6+a-b2+a-b33,N=C(N)N[N-]c1cccnc1,imide anion,-507.1450284,0.104695,0.15247,420.705384,0.00391,0.13232,6.7315,-507.0403334,-506.9925584,3.492752,Gaussian,QC,"opt+freq: b3lyp/6-311G** em=gd3bj
energy: M062X/6-311G+(2d, p) em=gd3"
173,a-c6+a-b2+a-b35,N=C(N)N[N-]S(=O)(=O)C(F)(F)C(F)(F)F,imide anion,-1383.5511237,0.057614,0.118223,533.715224,-0.072,0.13054,6.6193,-1383.4935097,-1383.4329007,5.509088,Gaussian,QC,"opt+freq: b3lyp/6-311G** em=gd3bj
energy: M062X/6-311G+(2d, p) em=gd3"
174,a-c6+a-b2+a-b37,N=C(N)N[N-]C(C(F)(F)F)C(F)(F)F,imide anion,-973.4885665,0.068158,0.125753,507.180296,-0.00336,0.14981,4.2494,-973.4204085,-973.3628135,4.166224,Gaussian,QC,"opt+freq: b3lyp/6-311G** em=gd3bj
energy: M062X/6-311G+(2d, p) em=gd3"
175,a-c6+a-b3+a-b5,CC(F)(F)S(=O)(=O)[N-]C(=O)C(F)(F)F,imide anion,-1332.1058373,0.040344,0.100202,527.108688,-0.11031,0.13196,4.609,-1332.0654933,-1332.0056353,6.589744,Gaussian,QC,"opt+freq: b3lyp/6-311G** em=gd3bj
energy: M062X/6-311G+(2d, p) em=gd3"
176,a-c6+a-b3+a-b6,CC(F)(F)S(=O)(=O)[N-]c1ccncc1,imide anion,-1128.7742836,0.097217,0.151863,481.210208,-0.08067,0.11947,4.1597,-1128.6770666,-1128.6224206,5.443808,Gaussian,QC,"opt+freq: b3lyp/6-311G** em=gd3bj
energy: M062X/6-311G+(2d, p) em=gd3"
177,a-c6+a-b3+a-b7,CC(F)(F)S(=O)(=O)[N-]c1ccccc1O,imide anion,-1187.9595461,0.111728,0.168279,497.988048,-0.0687,0.12517,4.5001,-1187.8478181,-1187.7912671,5.273263999999999,Gaussian,QC,"opt+freq: b3lyp/6-311G** em=gd3bj
energy: M062X/6-311G+(2d, p) em=gd3"
178,a-c6+a-b3+a-b8,CC(F)(F)S(=O)(=O)[N-]C(=O)O,imide anion,-1070.2889405,0.047653,0.098243,445.4914,-0.09131,0.16755,4.3593,-1070.2412875,-1070.1906975,7.040991999999999,Gaussian,QC,"opt+freq: b3lyp/6-311G** em=gd3bj
energy: M062X/6-311G+(2d, p) em=gd3"
179,a-c6+a-b3+a-b10,CCCCCCCCCC[N-]S(=O)(=O)C(C)(F)F,imide anion,-1274.7359734,0.293579,0.369343,667.172272,-0.07234,0.10934,9.5526,-1274.4423944,-1274.3666304,4.941696,Gaussian,QC,"opt+freq: b3lyp/6-311G** em=gd3bj
energy: M062X/6-311G+(2d, p) em=gd3"
180,a-c6+a-b3+a-b13,CCCCCC[N-]S(=O)(=O)C(C)(F)F,imide anion,-1117.5173325,0.190861,0.253449,551.141584,-0.071,0.1389,4.6692,-1117.3264715,-1117.2638835,5.709279999999999,Gaussian,QC,"opt+freq: b3lyp/6-311G** em=gd3bj
energy: M062X/6-311G+(2d, p) em=gd3"
181,a-c6+a-b3+a-b14,CCCC[N-]S(=O)(=O)C(C)(F)F,imide anion,-1038.9076408,0.139473,0.195531,493.645056,-0.0691,0.16217,3.6636,-1038.7681678,-1038.7121098,6.290544,Gaussian,QC,"opt+freq: b3lyp/6-311G** em=gd3bj
energy: M062X/6-311G+(2d, p) em=gd3"
182,a-c6+a-b3+a-b15,CC[N-]S(=O)(=O)C(C)(F)F,imide anion,-960.2947052,0.087713,0.137696,440.148432,-0.06333,0.18068,4.3157,-960.2069922,-960.1570092,6.637072,Gaussian,QC,"opt+freq: b3lyp/6-311G** em=gd3bj
energy: M062X/6-311G+(2d, p) em=gd3"
183,a-c6+a-b3+a-b16,Cc1cc(Cl)ccc1[N-]S(=O)(=O)C(C)(F)F,imide anion,-1611.6382686,0.12181,0.1834,542.359368,-0.08408,0.10645,4.1696,-1611.5164586,-1611.4548686,5.182416,Gaussian,QC,"opt+freq: b3lyp/6-311G** em=gd3bj
energy: M062X/6-311G+(2d, p) em=gd3"
184,a-c6+a-b3+a-b17,CC(F)(F)S(=O)(=O)[N-]S(=O)(=O)C(F)(F)F,imide anion,-1767.3585861,0.041753,0.102133,531.70272,-0.14075,0.14833,6.5628,-1767.3168331,-1767.2564531,7.862976,Gaussian,QC,"opt+freq: b3lyp/6-311G** em=gd3bj
energy: M062X/6-311G+(2d, p) em=gd3"
185,a-c6+a-b3+a-b18,CC(F)(F)S(=O)(=O)[N-]C(F)(F)F,imide anion,-1218.7745408,0.036269,0.088596,460.788104,-0.11449,0.16764,4.196,-1218.7382718,-1218.6859448,7.673935999999999,Gaussian,QC,"opt+freq: b3lyp/6-311G** em=gd3bj
energy: M062X/6-311G+(2d, p) em=gd3"
186,a-c6+a-b3+a-b19,CC(F)(F)S(=O)(=O)[N-]c1ccccn1,imide anion,-1128.7678165,0.09664,0.151448,482.636952,-0.07273,0.11244,5.4437,-1128.6711765,-1128.6163685,5.036624,Gaussian,QC,"opt+freq: b3lyp/6-311G** em=gd3bj
energy: M062X/6-311G+(2d, p) em=gd3"
187,a-c6+a-b3+a-b21,CC(=O)[N-]S(=O)(=O)C(C)(F)F,imide anion,-1034.349106,0.067294,0.120235,466.189648,-0.08736,0.16187,6.3563,-1034.281812,-1034.228871,6.779056,Gaussian,QC,"opt+freq: b3lyp/6-311G** em=gd3bj
energy: M062X/6-311G+(2d, p) em=gd3"
188,a-c6+a-b3+a-b22,CO[N-]S(=O)(=O)C(C)(F)F,imide anion,-996.1446018,0.063938,0.113332,434.964456,-0.0538,0.17235,6.0235,-996.0806638,-996.0312698,6.151280000000001,Gaussian,QC,"opt+freq: b3lyp/6-311G** em=gd3bj
energy: M062X/6-311G+(2d, p) em=gd3"
189,a-c6+a-b3+a-b23,CC(F)(F)S(=O)(=O)[N-]CC(F)(F)F,imide anion,-1258.066073,0.061548,0.117591,493.515352,-0.08426,0.17292,4.0006,-1258.004525,-1257.948482,6.995295999999999,Gaussian,QC,"opt+freq: b3lyp/6-311G** em=gd3bj
energy: M062X/6-311G+(2d, p) em=gd3"
190,a-c6+a-b3+a-b24,CC(F)(F)S(=O)(=O)[N-]Cc1ccccc1,imide anion,-1152.0160062,0.132423,0.19177,522.60252,-0.07613,0.10091,4.4814,-1151.8835832,-1151.8242362,4.815488,Gaussian,QC,"opt+freq: b3lyp/6-311G** em=gd3bj
energy: M062X/6-311G+(2d, p) em=gd3"
191,a-c6+a-b3+a-b25,CCCCC[N-]S(=O)(=O)C(C)(F)F,imide anion,-1078.2124821,0.165117,0.22449,522.836824,-0.07021,0.15081,3.8612,-1078.0473651,-1077.9879921,6.011743999999999,Gaussian,QC,"opt+freq: b3lyp/6-311G** em=gd3bj
energy: M062X/6-311G+(2d, p) em=gd3"
192,a-c6+a-b3+a-b26,CC(F)(F)S(=O)(=O)[N-]c1ccccc1,imide anion,-1112.7219608,0.107872,0.162906,484.636904,-0.06162,0.12729,4.2323,-1112.6140888,-1112.5590548,5.138351999999999,Gaussian,QC,"opt+freq: b3lyp/6-311G** em=gd3bj
energy: M062X/6-311G+(2d, p) em=gd3"
193,a-c6+a-b3+a-b27,CCCCCCCCCCCC[N-]S(=O)(=O)C(C)(F)F,imide anion,-1353.3450773,0.345156,0.427336,723.681376,-0.07261,0.09872,12.8628,-1352.9999213,-1352.9177413,4.660175999999999,Gaussian,QC,"opt+freq: b3lyp/6-311G** em=gd3bj
energy: M062X/6-311G+(2d, p) em=gd3"
194,a-c6+a-b3+a-b28,CC(F)(F)S(=O)(=O)[N-]CC(=O)O,imide anion,-1109.5703607,0.071824,0.126657,482.85452,-0.07723,0.1346,2.5099,-1109.4985367,-1109.4437037,5.761775999999999,Gaussian,QC,"opt+freq: b3lyp/6-311G** em=gd3bj
energy: M062X/6-311G+(2d, p) em=gd3"
195,a-c6+a-b3+a-b30,CC(F)(F)S(=O)(=O)[N-]C1CCCCC1,imide anion,-1116.3256937,0.174215,0.231834,507.385312,-0.06863,0.14426,5.7161,-1116.1514787,-1116.0938597,5.790608,Gaussian,QC,"opt+freq: b3lyp/6-311G** em=gd3bj
energy: M062X/6-311G+(2d, p) em=gd3"
196,a-c6+a-b3+a-b31,Cc1cccc([N-]S(=O)(=O)C(C)(F)F)c1C,imide anion,-1191.3353861,0.15586,0.219605,561.3338080000001,-0.0551,0.1265,5.2455,-1191.1795261,-1191.1157811,4.93952,Gaussian,QC,"opt+freq: b3lyp/6-311G** em=gd3bj
energy: M062X/6-311G+(2d, p) em=gd3"
197,a-c6+a-b3+a-b32,CC(F)(F)S(=O)(=O)[N-]CC(F)(F)C(F)F,imide anion,-1396.5996011,0.077823,0.139761,545.4262400000001,-0.08224,0.16019,4.524,-1396.5217781,-1396.4598401,6.594096,Gaussian,QC,"opt+freq: b3lyp/6-311G** em=gd3bj
energy: M062X/6-311G+(2d, p) em=gd3"
198,a-c6+a-b3+a-b33,CC(F)(F)S(=O)(=O)[N-]c1cccnc1,imide anion,-1128.768659,0.09684,0.151624,482.423568,-0.07033,0.10967,5.0116,-1128.671819,-1128.617035,4.896,Gaussian,QC,"opt+freq: b3lyp/6-311G** em=gd3bj
energy: M062X/6-311G+(2d, p) em=gd3"
199,a-c6+a-b3+a-b35,CC(F)(F)S(=O)(=O)[N-]S(=O)(=O)C(F)(F)C(F)(F)F,imide anion,-2005.1554417,0.048803,0.116789,598.684376,-0.14375,0.1372,2.3682,-2005.1066387,-2005.0386527,7.641839999999999,Gaussian,QC,"opt+freq: b3lyp/6-311G** em=gd3bj
energy: M062X/6-311G+(2d, p) em=gd3"
200,a-c6+a-b3+a-b36,CCCCCCCCC[N-]S(=O)(=O)C(C)(F)F,imide anion,-1235.4313919,0.268038,0.340391,637.1395200000001,-0.07216,0.11631,7.9265,-1235.1633539,-1235.0910009,5.126384,Gaussian,QC,"opt+freq: b3lyp/6-311G** em=gd3bj
energy: M062X/6-311G+(2d, p) em=gd3"
201,a-c6+a-b3+a-b37,CC(F)(F)S(=O)(=O)[N-]C(C(F)(F)F)C(F)(F)F,imide anion,-1595.1167854,0.061573,0.125443,562.4383839999999,-0.09118,0.1693,3.1379,-1595.0552124,-1594.9913424,7.085056,Gaussian,QC,"opt+freq: b3lyp/6-311G** em=gd3bj
energy: M062X/6-311G+(2d, p) em=gd3"
202,a-c6+a-b4+a-b5,O=C([N-]CCCC(F)(F)C(F)(F)F)C(F)(F)F,imide anion,-1199.1563782,0.087727,0.153134,575.973624,-0.05677,0.16233,6.251,-1199.0686512,-1199.0032442,5.95952,Gaussian,QC,"opt+freq: b3lyp/6-311G** em=gd3bj
energy: M062X/6-311G+(2d, p) em=gd3"
203,a-c6+a-b4+a-b8,O=C(O)[N-]CCCC(F)(F)C(F)(F)F,imide anion,-937.3133295,0.093366,0.149965,498.406448,-0.02832,0.15977,12.3414,-937.2199635000001,-937.1633645000001,5.116048,Gaussian,QC,"opt+freq: b3lyp/6-311G** em=gd3bj
energy: M062X/6-311G+(2d, p) em=gd3"
204,a-c6+a-b4+a-b14,CCCC[N-]CCCC(F)(F)C(F)(F)F,imide anion,-905.8964018,0.180407,0.244651,565.735376,0.02964,0.16828,5.9187,-905.7159948000001,-905.6517508000001,3.771008,Gaussian,QC,"opt+freq: b3lyp/6-311G** em=gd3bj
energy: M062X/6-311G+(2d, p) em=gd3"
205,a-c6+a-b4+a-b17,O=S(=O)([N-]CCCC(F)(F)C(F)(F)F)C(F)(F)F,imide anion,-1634.413155,0.085707,0.155107,611.131776,-0.08998,0.14877,7.113,-1634.327448,-1634.258048,6.494000000000001,Gaussian,QC,"opt+freq: b3lyp/6-311G** em=gd3bj
energy: M062X/6-311G+(2d, p) em=gd3"
206,a-c6+a-b4+a-b21,CC(=O)[N-]CCCC(F)(F)C(F)(F)F,imide anion,-901.3919303,0.113378,0.172817,523.4184,-0.02746,0.17533,9.2229,-901.2785523,-901.2191133,5.515888,Gaussian,QC,"opt+freq: b3lyp/6-311G** em=gd3bj
energy: M062X/6-311G+(2d, p) em=gd3"
207,a-c6+a-b4+a-b32,FC(F)C(F)(F)C[N-]CCCC(F)(F)C(F)(F)F,imide anion,-1263.6011131,0.121111,0.189655,603.600576,0.0138,0.17144,2.1773,-1263.4800021,-1263.4114581,4.287808,Gaussian,QC,"opt+freq: b3lyp/6-311G** em=gd3bj
energy: M062X/6-311G+(2d, p) em=gd3"
208,a-c6+a-b4+a-b37,FC(F)(F)C([N-]CCCC(F)(F)C(F)(F)F)C(F)(F)F,imide anion,-1462.1412374,0.104404,0.176086,631.227528,-0.00907,0.16364,3.8259,-1462.0368334,-1461.9651514,4.697712,Gaussian,QC,"opt+freq: b3lyp/6-311G** em=gd3bj
energy: M062X/6-311G+(2d, p) em=gd3"
209,a-c6+a-b5+a-b6,O=C([N-]c1ccncc1)C(F)(F)F,imide anion,-753.4618982,0.063718,0.114928,450.95152,-0.07063,0.10865,1.756,-753.3981802,-753.3469702,4.876416,Gaussian,QC,"opt+freq: b3lyp/6-311G** em=gd3bj
energy: M062X/6-311G+(2d, p) em=gd3"
210,a-c6+a-b5+a-b7,O=C([N-]c1ccccc1O)C(F)(F)F,imide anion,-812.6538815,0.07899,0.130901,457.118736,-0.05649,0.11849,1.9023,-812.5748915,-812.5229805,4.759456,Gaussian,QC,"opt+freq: b3lyp/6-311G** em=gd3bj
energy: M062X/6-311G+(2d, p) em=gd3"
211,a-c6+a-b5+a-b8,O=C(O)[N-]C(=O)C(F)(F)F,imide anion,-694.9882918,0.014156,0.061351,415.592536,-0.09526,0.13342,5.2179,-694.9741358,-694.9269408,6.220096,Gaussian,QC,"opt+freq: b3lyp/6-311G** em=gd3bj
energy: M062X/6-311G+(2d, p) em=gd3"
212,a-c6+a-b5+a-b9,O=C(CF)[N-]C(=O)C(F)(F)F,imide anion,-758.2742649,0.026632,0.077244,445.683864,-0.08414,0.12989,2.4886,-758.2476329000001,-758.1970209000001,5.821616,Gaussian,QC,"opt+freq: b3lyp/6-311G** em=gd3bj
energy: M062X/6-311G+(2d, p) em=gd3"
213,a-c6+a-b5+a-b10,CCCCCCCCCC[N-]C(=O)C(F)(F)F,imide anion,-899.4226932,0.260903,0.332177,627.637656,-0.04728,0.11157,11.0272,-899.1617902,-899.0905162,4.32072,Gaussian,QC,"opt+freq: b3lyp/6-311G** em=gd3bj
energy: M062X/6-311G+(2d, p) em=gd3"
214,a-c6+a-b5+a-b13,CCCCCC[N-]C(=O)C(F)(F)F,imide anion,-742.203945,0.157875,0.216251,514.058792,-0.04557,0.14283,4.5476,-742.04607,-741.9876939999999,5.12448,Gaussian,QC,"opt+freq: b3lyp/6-311G** em=gd3bj
energy: M062X/6-311G+(2d, p) em=gd3"
215,a-c6+a-b5+a-b14,CCCC[N-]C(=O)C(F)(F)F,imide anion,-663.5942336,0.106678,0.158355,455.0643920000001,-0.04275,0.16712,2.2522,-663.4875556000001,-663.4358786,5.708464,Gaussian,QC,"opt+freq: b3lyp/6-311G** em=gd3bj
energy: M062X/6-311G+(2d, p) em=gd3"
216,a-c6+a-b5+a-b15,CC[N-]C(=O)C(F)(F)F,imide anion,-584.9825378,0.055064,0.100539,400.45064,-0.03518,0.18505,1.4986,-584.9274738,-584.8819988,5.990256,Gaussian,QC,"opt+freq: b3lyp/6-311G** em=gd3bj
energy: M062X/6-311G+(2d, p) em=gd3"
217,a-c6+a-b5+a-b16,Cc1cc(Cl)ccc1[N-]C(=O)C(F)(F)F,imide anion,-1236.3276189,0.088704,0.146339,507.523384,-0.06798,0.11339,2.8075,-1236.2389149,-1236.1812799,4.933264,Gaussian,QC,"opt+freq: b3lyp/6-311G** em=gd3bj
energy: M062X/6-311G+(2d, p) em=gd3"
218,a-c6+a-b5+a-b17,O=C([N-]S(=O)(=O)C(F)(F)F)C(F)(F)F,imide anion,-1392.0480275,0.007031,0.065032,510.7618000000001,-0.12093,0.12375,4.492,-1392.0409965,-1391.9829955,6.655296,Gaussian,QC,"opt+freq: b3lyp/6-311G** em=gd3bj
energy: M062X/6-311G+(2d, p) em=gd3"
219,a-c6+a-b5+a-b18,O=C([N-]C(F)(F)F)C(F)(F)F,imide anion,-843.4638598,0.002586,0.05157,431.353664,-0.08902,0.16179,1.8947,-843.4612738000001,-843.4122898,6.822031999999999,Gaussian,QC,"opt+freq: b3lyp/6-311G** em=gd3bj
energy: M062X/6-311G+(2d, p) em=gd3"
220,a-c6+a-b5+a-b19,O=C([N-]c1ccccn1)C(F)(F)F,imide anion,-753.4554615,0.063277,0.114478,450.872024,-0.06257,0.11231,1.8552,-753.3921845,-753.3409835,4.756735999999999,Gaussian,QC,"opt+freq: b3lyp/6-311G** em=gd3bj
energy: M062X/6-311G+(2d, p) em=gd3"
221,a-c6+a-b5+a-b20,O=C([N-]S(=O)(=O)C(F)(F)C(F)(F)C(F)(F)F)C(F)(F)F,imide anion,-1867.6351561,0.021551,0.094303,640.645712,-0.12638,0.1171,8.1013,-1867.6136051,-1867.5408531,6.622655999999999,Gaussian,QC,"opt+freq: b3lyp/6-311G** em=gd3bj
energy: M062X/6-311G+(2d, p) em=gd3"
222,a-c6+a-b5+a-b21,CC(=O)[N-]C(=O)C(F)(F)F,imide anion,-659.0301259,0.033481,0.083061,436.6087680000001,-0.07005,0.14437,3.937,-658.9966449,-658.9470649,5.832224,Gaussian,QC,"opt+freq: b3lyp/6-311G** em=gd3bj
energy: M062X/6-311G+(2d, p) em=gd3"
223,a-c6+a-b5+a-b22,CO[N-]C(=O)C(F)(F)F,imide anion,-620.841543,0.030771,0.076491,402.609584,-0.02163,0.18645,2.9422,-620.810772,-620.765052,5.659776,Gaussian,QC,"opt+freq: b3lyp/6-311G** em=gd3bj
energy: M062X/6-311G+(2d, p) em=gd3"
224,a-c6+a-b5+a-b23,O=C([N-]CC(F)(F)F)C(F)(F)F,imide anion,-882.7562218,0.027834,0.08022,461.302736,-0.05657,0.18809,2.6644,-882.7283878000001,-882.6760018,6.654752,Gaussian,QC,"opt+freq: b3lyp/6-311G** em=gd3bj
energy: M062X/6-311G+(2d, p) em=gd3"
225,a-c6+a-b5+a-b24,O=C([N-]Cc1ccccc1)C(F)(F)F,imide anion,-776.7049616,0.09917,0.154429,486.6075680000001,-0.0511,0.10414,5.8151,-776.6057916000001,-776.5505326,4.222528,Gaussian,QC,"opt+freq: b3lyp/6-311G** em=gd3bj
energy: M062X/6-311G+(2d, p) em=gd3"
226,a-c6+a-b5+a-b25,CCCCC[N-]C(=O)C(F)(F)F,imide anion,-702.8990983,0.132189,0.187298,485.289608,-0.04461,0.15579,3.0739,-702.7669093,-702.7118002999999,5.450880000000001,Gaussian,QC,"opt+freq: b3lyp/6-311G** em=gd3bj
energy: M062X/6-311G+(2d, p) em=gd3"
227,a-c6+a-b5+a-b26,O=C([N-]c1ccccc1)C(F)(F)F,imide anion,-737.4103701,0.074926,0.12598,449.579168,-0.052,0.12431,1.9207,-737.3354441,-737.2843901,4.795631999999999,Gaussian,QC,"opt+freq: b3lyp/6-311G** em=gd3bj
energy: M062X/6-311G+(2d, p) em=gd3"
228,a-c6+a-b5+a-b27,CCCCCCCCCCCC[N-]C(=O)C(F)(F)F,imide anion,-978.031763,0.311776,0.39009,689.631984,-0.0476,0.10039,14.7299,-977.719987,-977.641673,4.025328,Gaussian,QC,"opt+freq: b3lyp/6-311G** em=gd3bj
energy: M062X/6-311G+(2d, p) em=gd3"
229,a-c6+a-b5+a-b28,O=C(O)C[N-]C(=O)C(F)(F)F,imide anion,-734.2808112,0.041538,0.08936,421.1196,-0.08017,0.15488,3.7078,-734.2392732000001,-734.1914512,6.393359999999999,Gaussian,QC,"opt+freq: b3lyp/6-311G** em=gd3bj
energy: M062X/6-311G+(2d, p) em=gd3"
230,a-c6+a-b5+a-b30,O=C([N-]C1CCCCC1)C(F)(F)F,imide anion,-741.0133897,0.141208,0.194473,469.051504,-0.04304,0.14819,4.7508,-740.8721816999999,-740.8189166999999,5.201455999999999,Gaussian,QC,"opt+freq: b3lyp/6-311G** em=gd3bj
energy: M062X/6-311G+(2d, p) em=gd3"
231,a-c6+a-b5+a-b31,Cc1cccc([N-]C(=O)C(F)(F)F)c1C,imide anion,-816.025012,0.124168,0.182538,514.0044,-0.05224,0.12471,4.2744,-815.9008439999999,-815.8424739999999,4.81304,Gaussian,QC,"opt+freq: b3lyp/6-311G** em=gd3bj
energy: M062X/6-311G+(2d, p) em=gd3"
232,a-c6+a-b5+a-b32,O=C([N-]CC(F)(F)C(F)F)C(F)(F)F,imide anion,-1021.2897306,0.044323,0.102391,511.339192,-0.05553,0.16295,5.6348,-1021.2454076,-1021.1873396,5.942656,Gaussian,QC,"opt+freq: b3lyp/6-311G** em=gd3bj
energy: M062X/6-311G+(2d, p) em=gd3"
233,a-c6+a-b5+a-b33,O=C([N-]c1cccnc1)C(F)(F)F,imide anion,-753.4575954,0.063914,0.114708,447.294704,-0.0609,0.11138,0.391,-753.3936814,-753.3428874,4.686016,Gaussian,QC,"opt+freq: b3lyp/6-311G** em=gd3bj
energy: M062X/6-311G+(2d, p) em=gd3"
234,a-c6+a-b5+a-b35,O=C([N-]S(=O)(=O)C(F)(F)C(F)(F)F)C(F)(F)F,imide anion,-1629.842406,0.012989,0.079661,587.107248,-0.12483,0.11961,5.4985,-1629.829417,-1629.762745,6.648768,Gaussian,QC,"opt+freq: b3lyp/6-311G** em=gd3bj
energy: M062X/6-311G+(2d, p) em=gd3"
235,a-c6+a-b5+a-b36,CCCCCCCCC[N-]C(=O)C(F)(F)F,imide anion,-860.1180912,0.235125,0.303187,599.3580000000001,-0.04704,0.11885,9.2372,-859.8829661999999,-859.8149042,4.512207999999999,Gaussian,QC,"opt+freq: b3lyp/6-311G** em=gd3bj
energy: M062X/6-311G+(2d, p) em=gd3"
236,a-c6+a-b5+a-b37,O=C([N-]C(C(F)(F)F)C(F)(F)F)C(F)(F)F,imide anion,-1219.810796,0.028507,0.08847,528.033352,-0.07587,0.17323,3.298,-1219.782289,-1219.722326,6.775519999999999,Gaussian,QC,"opt+freq: b3lyp/6-311G** em=gd3bj
energy: M062X/6-311G+(2d, p) em=gd3"
237,a-c6+a-b5+a-b38,O=C([N-]CC(F)(F)C(F)(F)C(F)(F)C(F)F)C(F)(F)F,imide anion,-1496.8795792,0.060155,0.131703,630.0518240000001,-0.06213,0.12076,11.3937,-1496.8194242,-1496.7478762,4.974608,Gaussian,QC,"opt+freq: b3lyp/6-311G** em=gd3bj
energy: M062X/6-311G+(2d, p) em=gd3"
238,a-c6+a-b6+a-b7,Oc1ccccc1[N-]c1ccncc1,imide anion,-609.3047738,0.133594,0.182874,433.956112,-0.03119,0.12014,2.1938,-609.1711798,-609.1218998,4.116175999999999,Gaussian,QC,"opt+freq: b3lyp/6-311G** em=gd3bj
energy: M062X/6-311G+(2d, p) em=gd3"
239,a-c6+a-b6+a-b8,O=C(O)[N-]c1ccncc1,imide anion,-491.6331871,0.069983,0.112448,373.945,-0.0512,0.12842,4.1265,-491.5632041,-491.5207391,4.885664,Gaussian,QC,"opt+freq: b3lyp/6-311G** em=gd3bj
energy: M062X/6-311G+(2d, p) em=gd3"
240,a-c6+a-b6+a-b9,O=C(CF)[N-]c1ccncc1,imide anion,-554.93148,0.082958,0.128894,404.513304,-0.05288,0.12398,3.4171,-554.848522,-554.802586,4.810592000000001,Gaussian,QC,"opt+freq: b3lyp/6-311G** em=gd3bj
energy: M062X/6-311G+(2d, p) em=gd3"
241,a-c6+a-b6+a-b14,CCCC[N-]c1ccncc1,imide anion,-460.2387043,0.159833,0.209231,434.993744,-0.00577,0.14456,6.5356,-460.0788713,-460.0294733,4.088976,Gaussian,QC,"opt+freq: b3lyp/6-311G** em=gd3bj
energy: M062X/6-311G+(2d, p) em=gd3"
242,a-c6+a-b6+a-b15,CC[N-]c1ccncc1,imide anion,-381.6297306,0.109498,0.15147,369.606192,-0.00391,0.16591,2.4696,-381.5202326,-381.4782606,4.619104,Gaussian,QC,"opt+freq: b3lyp/6-311G** em=gd3bj
energy: M062X/6-311G+(2d, p) em=gd3"
243,a-c6+a-b6+a-b16,Cc1cc(Cl)ccc1[N-]c1ccncc1,imide anion,-1032.9802496,0.143264,0.197504,477.637072,-0.0391,0.11265,4.5459,-1032.8369856,-1032.7827456,4.1276,Gaussian,QC,"opt+freq: b3lyp/6-311G** em=gd3bj
energy: M062X/6-311G+(2d, p) em=gd3"
244,a-c6+a-b6+a-b17,O=S(=O)([N-]c1ccncc1)C(F)(F)F,imide anion,-1188.717784,0.063167,0.116726,471.6414,-0.09032,0.1124,3.1329,-1188.654617,-1188.601058,5.513984,Gaussian,QC,"opt+freq: b3lyp/6-311G** em=gd3bj
energy: M062X/6-311G+(2d, p) em=gd3"
245,a-c6+a-b6+a-b18,FC(F)(F)[N-]c1ccncc1,imide anion,-640.1238744,0.058141,0.102831,393.542856,-0.0493,0.14245,0.651,-640.0657334,-640.0210433999999,5.215599999999999,Gaussian,QC,"opt+freq: b3lyp/6-311G** em=gd3bj
energy: M062X/6-311G+(2d, p) em=gd3"
246,a-c6+a-b6+a-b19,c1ccc([N-]c2ccncc2)nc1,imide anion,-550.109407,0.118503,0.165637,415.065352,-0.03339,0.11963,3.5367,-549.990904,-549.9437700000001,4.162144,Gaussian,QC,"opt+freq: b3lyp/6-311G** em=gd3bj
energy: M062X/6-311G+(2d, p) em=gd3"
247,a-c6+a-b6+a-b20,O=S(=O)([N-]c1ccncc1)C(F)(F)C(F)(F)C(F)(F)F,imide anion,-1664.3072721,0.078641,0.146038,593.5004,-0.09572,0.10739,6.9476,-1664.2286311,-1664.1612341,5.524592,Gaussian,QC,"opt+freq: b3lyp/6-311G** em=gd3bj
energy: M062X/6-311G+(2d, p) em=gd3"
248,a-c6+a-b6+a-b21,CC(=O)[N-]c1ccncc1,imide anion,-455.6984453,0.09017,0.134833,393.304368,-0.0465,0.1332,1.2706,-455.6082753,-455.5636123,4.887840000000001,Gaussian,QC,"opt+freq: b3lyp/6-311G** em=gd3bj
energy: M062X/6-311G+(2d, p) em=gd3"
249,a-c6+a-b6+a-b22,CO[N-]c1ccncc1,imide anion,-417.4981808,0.08481,0.127788,378.459536,0.00355,0.16856,2.5753,-417.4133708,-417.3703928,4.488271999999999,Gaussian,QC,"opt+freq: b3lyp/6-311G** em=gd3bj
energy: M062X/6-311G+(2d, p) em=gd3"
250,a-c6+a-b6+a-b23,FC(F)(F)C[N-]c1ccncc1,imide anion,-679.4015254,0.083295,0.13144,423.968904,-0.02072,0.15587,4.75,-679.3182304,-679.2700854,4.803248,Gaussian,QC,"opt+freq: b3lyp/6-311G** em=gd3bj
energy: M062X/6-311G+(2d, p) em=gd3"
251,a-c6+a-b6+a-b24,c1ccc(C[N-]c2ccncc2)cc1,imide anion,-573.3520892,0.154332,0.205628,451.708824,-0.01649,0.10344,7.1741,-573.1977572000001,-573.1464612,3.262096,Gaussian,QC,"opt+freq: b3lyp/6-311G** em=gd3bj
energy: M062X/6-311G+(2d, p) em=gd3"
252,a-c6+a-b6+a-b25,CCCCC[N-]c1ccncc1,imide anion,-499.5477351,0.185515,0.237995,462.131168,-0.01114,0.14465,6.7401,-499.3622201,-499.3097401,4.237488,Gaussian,QC,"opt+freq: b3lyp/6-311G** em=gd3bj
energy: M062X/6-311G+(2d, p) em=gd3"
253,a-c6+a-b6+a-b26,c1ccc([N-]c2ccncc2)cc1,imide anion,-534.0621474,0.129696,0.177063,417.115512,-0.02492,0.12788,3.1568,-533.9324514,-533.8850844,4.15616,Gaussian,QC,"opt+freq: b3lyp/6-311G** em=gd3bj
energy: M062X/6-311G+(2d, p) em=gd3"
254,a-c6+a-b6+a-b28,O=C(O)C[N-]c1ccncc1,imide anion,-530.9319066,0.094064,0.140021,404.701584,-0.04108,0.13676,1.3048,-530.8378426,-530.7918856,4.837248,Gaussian,QC,"opt+freq: b3lyp/6-311G** em=gd3bj
energy: M062X/6-311G+(2d, p) em=gd3"
255,a-c6+a-b6+a-b31,Cc1cccc([N-]c2ccncc2)c1C,imide anion,-612.677131,0.178592,0.23359,484.310552,-0.02563,0.12822,5.328,-612.498539,-612.443541,4.18472,Gaussian,QC,"opt+freq: b3lyp/6-311G** em=gd3bj
energy: M062X/6-311G+(2d, p) em=gd3"
256,a-c6+a-b6+a-b32,FC(F)C(F)(F)C[N-]c1ccncc1,imide anion,-817.935442,0.099834,0.153601,473.473992,-0.01909,0.15616,7.3443,-817.835608,-817.781841,4.7668,Gaussian,QC,"opt+freq: b3lyp/6-311G** em=gd3bj
energy: M062X/6-311G+(2d, p) em=gd3"
257,a-c6+a-b6+a-b33,c1cncc([N-]c2ccncc2)c1,imide anion,-550.108756,0.118644,0.165801,415.266184,-0.03225,0.11355,2.3718,-549.990112,-549.942955,3.96576,Gaussian,QC,"opt+freq: b3lyp/6-311G** em=gd3bj
energy: M062X/6-311G+(2d, p) em=gd3"
258,a-c6+a-b6+a-b35,O=S(=O)([N-]c1ccncc1)C(F)(F)C(F)(F)F,imide anion,-1426.5140817,0.070611,0.131405,535.355352,-0.09397,0.10903,4.5455,-1426.4434707,-1426.3826767,5.5216,Gaussian,QC,"opt+freq: b3lyp/6-311G** em=gd3bj
energy: M062X/6-311G+(2d, p) em=gd3"
259,a-c6+a-b6+a-b37,FC(F)(F)C([N-]c1ccncc1)C(F)(F)F,imide anion,-1016.4697243,0.082344,0.13956,503.841464,-0.03831,0.14238,5.6114,-1016.3873803,-1016.3301643,4.914768,Gaussian,QC,"opt+freq: b3lyp/6-311G** em=gd3bj
energy: M062X/6-311G+(2d, p) em=gd3"
260,a-c6+a-b7+a-b8,O=C(O)[N-]c1ccccc1O,imide anion,-550.7973846,0.081898,0.128276,408.40024,-0.0274,0.13619,8.3956,-550.7154866,-550.6691086,4.449648,Gaussian,QC,"opt+freq: b3lyp/6-311G** em=gd3bj
energy: M062X/6-311G+(2d, p) em=gd3"
261,a-c6+a-b7+a-b9,O=C(CF)[N-]c1ccccc1O,imide anion,-614.1194088,0.09648,0.145088,428.035752,-0.03468,0.13594,4.1349,-614.0229287999999,-613.9743208,4.640864,Gaussian,QC,"opt+freq: b3lyp/6-311G** em=gd3bj
energy: M062X/6-311G+(2d, p) em=gd3"
262,a-c6+a-b7+a-b10,CCCCCCCCCC[N-]c1ccccc1O,imide anion,-755.2250005,0.326602,0.398759,635.411528,0.01413,0.10937,11.7421,-754.8983985,-754.8262414999999,2.590527999999999,Gaussian,QC,"opt+freq: b3lyp/6-311G** em=gd3bj
energy: M062X/6-311G+(2d, p) em=gd3"
263,a-c6+a-b7+a-b13,CCCCCC[N-]c1ccccc1O,imide anion,-598.0103747,0.224526,0.282893,513.9751120000001,0.00939,0.13693,5.9623,-597.7858487000001,-597.7274817000001,3.469088,Gaussian,QC,"opt+freq: b3lyp/6-311G** em=gd3bj
energy: M062X/6-311G+(2d, p) em=gd3"
264,a-c6+a-b7+a-b14,CCCC[N-]c1ccccc1O,imide anion,-519.4045682,0.172345,0.224787,461.8006320000001,0.01418,0.16508,1.5749,-519.2322232,-519.1797812,4.10448,Gaussian,QC,"opt+freq: b3lyp/6-311G** em=gd3bj
energy: M062X/6-311G+(2d, p) em=gd3"
265,a-c6+a-b7+a-b15,CC[N-]c1ccccc1O,imide anion,-440.7887907,0.121893,0.167125,398.312616,0.01669,0.17014,1.6664,-440.6668977,-440.6216657,4.17384,Gaussian,QC,"opt+freq: b3lyp/6-311G** em=gd3bj
energy: M062X/6-311G+(2d, p) em=gd3"
266,a-c6+a-b7+a-b16,Cc1cc(Cl)ccc1[N-]c1ccccc1O,imide anion,-1092.1440542,0.156054,0.213336,504.42304,-0.01783,0.12951,3.0433,-1091.9880002,-1091.9307182,4.007647999999999,Gaussian,QC,"opt+freq: b3lyp/6-311G** em=gd3bj
energy: M062X/6-311G+(2d, p) em=gd3"
267,a-c6+a-b7+a-b17,O=S(=O)([N-]c1ccccc1O)C(F)(F)F,imide anion,-1247.9031329,0.077793,0.133193,487.846032,-0.07774,0.1185,4.5034,-1247.8253399,-1247.7699399,5.337727999999999,Gaussian,QC,"opt+freq: b3lyp/6-311G** em=gd3bj
energy: M062X/6-311G+(2d, p) em=gd3"
268,a-c6+a-b7+a-b18,Oc1ccccc1[N-]C(F)(F)F,imide anion,-699.2967582,0.071598,0.11913,418.5673600000001,-0.04256,0.14229,2.4173,-699.2251602,-699.1776282,5.02792,Gaussian,QC,"opt+freq: b3lyp/6-311G** em=gd3bj
energy: M062X/6-311G+(2d, p) em=gd3"
269,a-c6+a-b7+a-b19,Oc1ccccc1[N-]c1ccccn1,imide anion,-609.2983733,0.132941,0.182318,434.8180160000001,-0.02423,0.12138,3.2702,-609.1654323,-609.1160553,3.960592000000001,Gaussian,QC,"opt+freq: b3lyp/6-311G** em=gd3bj
energy: M062X/6-311G+(2d, p) em=gd3"
270,a-c6+a-b7+a-b21,CC(=O)[N-]c1ccccc1O,imide anion,-514.8913784,0.104862,0.150515,402.01964,-0.03392,0.14091,2.2402,-514.7865164,-514.7408634,4.755376,Gaussian,QC,"opt+freq: b3lyp/6-311G** em=gd3bj
energy: M062X/6-311G+(2d, p) em=gd3"
271,a-c6+a-b7+a-b22,CO[N-]c1ccccc1O,imide anion,-476.6490377,0.097803,0.143244,400.153576,0.01959,0.16569,3.8457,-476.5512347,-476.5057937,3.97392,Gaussian,QC,"opt+freq: b3lyp/6-311G** em=gd3bj
energy: M062X/6-311G+(2d, p) em=gd3"
272,a-c6+a-b7+a-b23,Oc1ccccc1[N-]CC(F)(F)F,imide anion,-738.5650338,0.096908,0.147636,446.713128,0.00089,0.16398,3.2129,-738.4681258,-738.4173978,4.436048,Gaussian,QC,"opt+freq: b3lyp/6-311G** em=gd3bj
energy: M062X/6-311G+(2d, p) em=gd3"
273,a-c6+a-b7+a-b24,Oc1ccccc1[N-]Cc1ccccc1,imide anion,-632.5135209,0.166808,0.221557,482.118136,0.00682,0.09803,6.233,-632.3467129,-632.2919639,2.480912,Gaussian,QC,"opt+freq: b3lyp/6-311G** em=gd3bj
energy: M062X/6-311G+(2d, p) em=gd3"
274,a-c6+a-b7+a-b25,CCCCC[N-]c1ccccc1O,imide anion,-558.7015314,0.198196,0.253905,490.5656320000001,0.01636,0.15247,3.8131,-558.5033354,-558.4476264,3.702192,Gaussian,QC,"opt+freq: b3lyp/6-311G** em=gd3bj
energy: M062X/6-311G+(2d, p) em=gd3"
275,a-c6+a-b7+a-b26,Oc1ccccc1[N-]c1ccccc1,imide anion,-593.240667,0.142317,0.193173,447.830256,-0.0161,0.13632,1.4012,-593.09835,-593.047494,4.145824,Gaussian,QC,"opt+freq: b3lyp/6-311G** em=gd3bj
energy: M062X/6-311G+(2d, p) em=gd3"
276,a-c6+a-b7+a-b27,CCCCCCCCCCCC[N-]c1ccccc1O,imide anion,-833.8341806,0.378534,0.456783,689.058776,0.01396,0.09827,15.6446,-833.4556466,-833.3773976,2.293232,Gaussian,QC,"opt+freq: b3lyp/6-311G** em=gd3bj
energy: M062X/6-311G+(2d, p) em=gd3"
277,a-c6+a-b7+a-b28,O=C(O)C[N-]c1ccccc1O,imide anion,-590.074766,0.108387,0.156851,426.772184,-0.00303,0.13887,5.6855,-589.966379,-589.917915,3.85968,Gaussian,QC,"opt+freq: b3lyp/6-311G** em=gd3bj
energy: M062X/6-311G+(2d, p) em=gd3"
278,a-c6+a-b7+a-b30,Oc1ccccc1[N-]C1CCCCC1,imide anion,-596.858724,0.210172,0.263168,466.679176,-0.00272,0.13545,8.6295,-596.6485520000001,-596.5955560000001,3.758223999999999,Gaussian,QC,"opt+freq: b3lyp/6-311G** em=gd3bj
energy: M062X/6-311G+(2d, p) em=gd3"
279,a-c6+a-b7+a-b31,Cc1cccc([N-]c2ccccc2O)c1C,imide anion,-671.8412947,0.190719,0.249337,516.184264,-0.00731,0.13891,2.2821,-671.6505757000001,-671.5919577000001,3.977184,Gaussian,QC,"opt+freq: b3lyp/6-311G** em=gd3bj
energy: M062X/6-311G+(2d, p) em=gd3"
280,a-c6+a-b7+a-b32,Oc1ccccc1[N-]CC(F)(F)C(F)F,imide anion,-877.0987815,0.113526,0.169835,495.850024,0.00237,0.16076,5.8778,-876.9852555,-876.9289464999999,4.308208,Gaussian,QC,"opt+freq: b3lyp/6-311G** em=gd3bj
energy: M062X/6-311G+(2d, p) em=gd3"
281,a-c6+a-b7+a-b33,Oc1ccccc1[N-]c1cccnc1,imide anion,-609.2967799,0.133102,0.182476,434.788728,-0.02311,0.11642,2.8957,-609.1636779,-609.1143039000001,3.795215999999999,Gaussian,QC,"opt+freq: b3lyp/6-311G** em=gd3bj
energy: M062X/6-311G+(2d, p) em=gd3"
282,a-c6+a-b7+a-b35,O=S(=O)([N-]c1ccccc1O)C(F)(F)C(F)(F)F,imide anion,-1485.6978164,0.085493,0.147846,549.074688,-0.07865,0.11509,5.5601,-1485.6123234,-1485.5499704,5.269728,Gaussian,QC,"opt+freq: b3lyp/6-311G** em=gd3bj
energy: M062X/6-311G+(2d, p) em=gd3"
283,a-c6+a-b7+a-b36,CCCCCCCCC[N-]c1ccccc1O,imide anion,-715.9204139,0.300788,0.369756,607.332704,0.01434,0.11622,9.8684,-715.6196259,-715.5506578999999,2.771136,Gaussian,QC,"opt+freq: b3lyp/6-311G** em=gd3bj
energy: M062X/6-311G+(2d, p) em=gd3"
284,a-c6+a-b7+a-b37,Oc1ccccc1[N-]C(C(F)(F)F)C(F)(F)F,imide anion,-1075.6212292,0.096716,0.155594,518.4812800000001,-0.01573,0.15478,3.9821,-1075.5245132,-1075.4656352,4.637872,Gaussian,QC,"opt+freq: b3lyp/6-311G** em=gd3bj
energy: M062X/6-311G+(2d, p) em=gd3"
285,a-c6+a-b8+a-b10,CCCCCCCCCC[N-]C(=O)O,imide anion,-637.5948731,0.266667,0.329843,556.32556,-0.0229,0.11446,13.8954,-637.3282061,-637.2650301,3.736192,Gaussian,QC,"opt+freq: b3lyp/6-311G** em=gd3bj
energy: M062X/6-311G+(2d, p) em=gd3"
286,a-c6+a-b8+a-b12,O=C(O)[N-]S(=O)(=O)C(F)(F)C(F)(F)C(F)(F)C(F)(F)F,imide anion,-1843.6225254,0.037546,0.106934,611.0271759999999,-0.1279,0.10612,12.7989,-1843.5849794,-1843.5155914,6.365344,Gaussian,QC,"opt+freq: b3lyp/6-311G** em=gd3bj
energy: M062X/6-311G+(2d, p) em=gd3"
287,a-c6+a-b8+a-b13,CCCCCC[N-]C(=O)O,imide anion,-480.3759927,0.163603,0.213921,443.089784,-0.02099,0.14884,6.7926,-480.2123897,-480.1620717,4.619376,Gaussian,QC,"opt+freq: b3lyp/6-311G** em=gd3bj
energy: M062X/6-311G+(2d, p) em=gd3"
288,a-c6+a-b8+a-b14,CCCC[N-]C(=O)O,imide anion,-401.7660139,0.112305,0.156038,385.112096,-0.0179,0.17618,3.6753,-401.6537089,-401.6099759,5.278976,Gaussian,QC,"opt+freq: b3lyp/6-311G** em=gd3bj
energy: M062X/6-311G+(2d, p) em=gd3"
289,a-c6+a-b8+a-b16,Cc1cc(Cl)ccc1[N-]C(=O)O,imide anion,-974.5043117,0.094753,0.1442,435.437248,-0.04655,0.12789,3.7304,-974.4095587,-974.3601117000001,4.744768000000001,Gaussian,QC,"opt+freq: b3lyp/6-311G** em=gd3bj
energy: M062X/6-311G+(2d, p) em=gd3"
290,a-c6+a-b8+a-b17,O=C(O)[N-]S(=O)(=O)C(F)(F)F,imide anion,-1130.2413378,0.014513,0.063038,427.31192,-0.11939,0.16398,4.9409,-1130.2268248,-1130.1782998,7.707664,Gaussian,QC,"opt+freq: b3lyp/6-311G** em=gd3bj
energy: M062X/6-311G+(2d, p) em=gd3"
291,a-c6+a-b8+a-b18,O=C(O)[N-]C(F)(F)F,imide anion,-581.6398846,0.009108,0.049317,354.075184,-0.07475,0.2135,4.0467,-581.6307766,-581.5905676,7.8404,Gaussian,QC,"opt+freq: b3lyp/6-311G** em=gd3bj
energy: M062X/6-311G+(2d, p) em=gd3"
292,a-c6+a-b8+a-b19,O=C(O)[N-]c1ccccn1,imide anion,-491.6256267,0.069119,0.111863,376.401008,-0.04219,0.12021,7.0421,-491.5565077,-491.5137637,4.41728,Gaussian,QC,"opt+freq: b3lyp/6-311G** em=gd3bj
energy: M062X/6-311G+(2d, p) em=gd3"
293,a-c6+a-b8+a-b20,O=C(O)[N-]S(=O)(=O)C(F)(F)C(F)(F)C(F)(F)F,imide anion,-1605.8304603,0.030001,0.092321,548.7859920000001,-0.12639,0.12389,9.966,-1605.8004593,-1605.7381393,6.807615999999999,Gaussian,QC,"opt+freq: b3lyp/6-311G** em=gd3bj
energy: M062X/6-311G+(2d, p) em=gd3"
294,a-c6+a-b8+a-b21,CC(=O)[N-]C(=O)O,imide anion,-397.2100527,0.039742,0.081106,364.2506720000001,-0.04871,0.18241,1.9467,-397.1703107,-397.1289467,6.286464,Gaussian,QC,"opt+freq: b3lyp/6-311G** em=gd3bj
energy: M062X/6-311G+(2d, p) em=gd3"
295,a-c6+a-b8+a-b23,O=C(O)[N-]CC(F)(F)F,imide anion,-620.9138185,0.033962,0.077544,383.781584,-0.03007,0.19522,8.0248,-620.8798565000001,-620.8362745000001,6.127888,Gaussian,QC,"opt+freq: b3lyp/6-311G** em=gd3bj
energy: M062X/6-311G+(2d, p) em=gd3"
296,a-c6+a-b8+a-b24,O=C(O)[N-]Cc1ccccc1,imide anion,-514.8629142,0.104369,0.151642,416.282896,-0.02431,0.10316,10.8016,-514.7585452,-514.7112721999999,3.467184,Gaussian,QC,"opt+freq: b3lyp/6-311G** em=gd3bj
energy: M062X/6-311G+(2d, p) em=gd3"
297,a-c6+a-b8+a-b25,CCCCC[N-]C(=O)O,imide anion,-441.0710621,0.137936,0.184972,414.19508,-0.01991,0.16312,5.0346,-440.9331261,-440.8860901,4.978416,Gaussian,QC,"opt+freq: b3lyp/6-311G** em=gd3bj
energy: M062X/6-311G+(2d, p) em=gd3"
298,a-c6+a-b8+a-b26,O=C(O)[N-]c1ccccc1,imide anion,-475.5789427,0.08064,0.123377,376.342432,-0.0326,0.13175,6.7817,-475.4983027,-475.4555657,4.47032,Gaussian,QC,"opt+freq: b3lyp/6-311G** em=gd3bj
energy: M062X/6-311G+(2d, p) em=gd3"
299,a-c6+a-b8+a-b27,CCCCCCCCCCCC[N-]C(=O)O,imide anion,-716.2039846,0.318038,0.387796,614.282328,-0.02323,0.10246,17.8255,-715.8859466,-715.8161886,3.418768,Gaussian,QC,"opt+freq: b3lyp/6-311G** em=gd3bj
energy: M062X/6-311G+(2d, p) em=gd3"
300,a-c6+a-b8+a-b28,O=C(O)C[N-]C(=O)O,imide anion,-472.4558253,0.047012,0.087193,353.832512,-0.05194,0.17441,2.2427,-472.4088133,-472.3686323,6.15672,Gaussian,QC,"opt+freq: b3lyp/6-311G** em=gd3bj
energy: M062X/6-311G+(2d, p) em=gd3"
301,a-c6+a-b8+a-b30,O=C(O)[N-]C1CCCCC1,imide anion,-479.1708673,0.145926,0.191375,400.216336,-0.01715,0.14581,10.6299,-479.0249413,-478.9794923,4.432512,Gaussian,QC,"opt+freq: b3lyp/6-311G** em=gd3bj
energy: M062X/6-311G+(2d, p) em=gd3"
302,a-c6+a-b8+a-b31,Cc1cccc([N-]C(=O)O)c1C,imide anion,-554.2019424,0.129879,0.180291,443.9307680000001,-0.0309,0.14653,4.4252,-554.0720634,-554.0216514,4.826096,Gaussian,QC,"opt+freq: b3lyp/6-311G** em=gd3bj
energy: M062X/6-311G+(2d, p) em=gd3"
303,a-c6+a-b8+a-b32,O=C(O)[N-]CC(F)(F)C(F)F,imide anion,-759.4476867,0.05045,0.099711,433.792936,-0.02859,0.16351,9.9875,-759.3972367,-759.3479757,5.22512,Gaussian,QC,"opt+freq: b3lyp/6-311G** em=gd3bj
energy: M062X/6-311G+(2d, p) em=gd3"
304,a-c6+a-b8+a-b33,O=C(O)[N-]c1cccnc1,imide anion,-491.6252261,0.069487,0.112042,374.73996,-0.04102,0.11546,5.752,-491.5557391,-491.5131841,4.256256,Gaussian,QC,"opt+freq: b3lyp/6-311G** em=gd3bj
energy: M062X/6-311G+(2d, p) em=gd3"
305,a-c6+a-b8+a-b35,O=C(O)[N-]S(=O)(=O)C(F)(F)C(F)(F)F,imide anion,-1368.0372256,0.021992,0.077685,490.431744,-0.12428,0.14141,7.3738,-1368.0152336,-1367.9595406,7.226767999999999,Gaussian,QC,"opt+freq: b3lyp/6-311G** em=gd3bj
energy: M062X/6-311G+(2d, p) em=gd3"
306,a-c6+a-b8+a-b36,CCCCCCCCC[N-]C(=O)O,imide anion,-598.2902658,0.240936,0.300869,527.76976,-0.02263,0.12215,11.975,-598.0493298,-597.9893968,3.938016,Gaussian,QC,"opt+freq: b3lyp/6-311G** em=gd3bj
energy: M062X/6-311G+(2d, p) em=gd3"
307,a-c6+a-b8+a-b37,O=C(O)[N-]C(C(F)(F)F)C(F)(F)F,imide anion,-957.9743688,0.033651,0.085675,458.12708,-0.04991,0.18614,8.4265,-957.9407178,-957.8886937999999,6.42056,Gaussian,QC,"opt+freq: b3lyp/6-311G** em=gd3bj
energy: M062X/6-311G+(2d, p) em=gd3"
308,a-c6+a-b8+a-b38,O=C(O)[N-]CC(F)(F)C(F)(F)C(F)(F)C(F)F,imide anion,-1235.0376227,0.06624,0.128982,552.505568,-0.03568,0.12149,14.9642,-1234.9713827,-1234.9086407,4.275024,Gaussian,QC,"opt+freq: b3lyp/6-311G** em=gd3bj
energy: M062X/6-311G+(2d, p) em=gd3"
309,a-c6+a-b9+a-b14,CCCC[N-]C(=O)CF,imide anion,-465.0692401,0.12484,0.172195,417.002544,-0.02574,0.17278,2.6667,-464.9444001,-464.8970451,5.399743999999999,Gaussian,QC,"opt+freq: b3lyp/6-311G** em=gd3bj
energy: M062X/6-311G+(2d, p) em=gd3"
310,a-c6+a-b9+a-b16,Cc1cc(Cl)ccc1[N-]C(=O)CF,imide anion,-1037.8058849,0.106976,0.160261,469.227232,-0.05349,0.12348,2.9445,-1037.6989089,-1037.6456239,4.813584000000001,Gaussian,QC,"opt+freq: b3lyp/6-311G** em=gd3bj
energy: M062X/6-311G+(2d, p) em=gd3"
311,a-c6+a-b9+a-b17,O=C(CF)[N-]S(=O)(=O)C(F)(F)F,imide anion,-1193.5306594,0.026751,0.079127,461.219056,-0.10486,0.13857,2.7045,-1193.5039084,-1193.4515324,6.621295999999999,Gaussian,QC,"opt+freq: b3lyp/6-311G** em=gd3bj
energy: M062X/6-311G+(2d, p) em=gd3"
312,a-c6+a-b9+a-b24,O=C(CF)[N-]Cc1ccccc1,imide anion,-578.1662956,0.11707,0.168069,449.102192,-0.0279,0.11387,7.9728,-578.0492256,-577.9982266000001,3.856144,Gaussian,QC,"opt+freq: b3lyp/6-311G** em=gd3bj
energy: M062X/6-311G+(2d, p) em=gd3"
313,a-c6+a-b9+a-b26,O=C(CF)[N-]c1ccccc1,imide anion,-538.8781588,0.093716,0.139866,406.396104,-0.03461,0.13473,5.6851,-538.7844428000001,-538.7382928000001,4.606047999999999,Gaussian,QC,"opt+freq: b3lyp/6-311G** em=gd3bj
energy: M062X/6-311G+(2d, p) em=gd3"
314,a-c6+a-b9+a-b30,O=C(CF)[N-]C1CCCCC1,imide anion,-542.4748303,0.158411,0.207982,436.525088,-0.02022,0.15208,7.9963,-542.3164193,-542.2668483,4.686559999999999,Gaussian,QC,"opt+freq: b3lyp/6-311G** em=gd3bj
energy: M062X/6-311G+(2d, p) em=gd3"
315,a-c6+a-b9+a-b31,Cc1cccc([N-]C(=O)CF)c1C,imide anion,-617.502686,0.142544,0.196426,474.48652,-0.03809,0.14042,4.0523,-617.360142,-617.3062600000001,4.855472,Gaussian,QC,"opt+freq: b3lyp/6-311G** em=gd3bj
energy: M062X/6-311G+(2d, p) em=gd3"
316,a-c6+a-b9+a-b33,O=C(CF)[N-]c1cccnc1,imide anion,-554.9247156,0.082717,0.128577,403.83968,-0.04295,0.11859,4.988,-554.8419986,-554.7961386000001,4.393888,Gaussian,QC,"opt+freq: b3lyp/6-311G** em=gd3bj
energy: M062X/6-311G+(2d, p) em=gd3"
317,a-c6+a-b9+a-b37,O=C(CF)[N-]C(C(F)(F)F)C(F)(F)F,imide anion,-1021.2711822,0.046855,0.10234,488.5991520000001,-0.05306,0.17536,7.0614,-1021.2243272,-1021.1688422,6.213023999999999,Gaussian,QC,"opt+freq: b3lyp/6-311G** em=gd3bj
energy: M062X/6-311G+(2d, p) em=gd3"
318,a-c6+a-b9+a-b38,O=C(CF)[N-]CC(F)(F)C(F)(F)C(F)(F)C(F)F,imide anion,-1298.3418907,0.078771,0.145566,588.1909039999999,-0.03845,0.12493,12.2443,-1298.2631197,-1298.1963247,4.443936,Gaussian,QC,"opt+freq: b3lyp/6-311G** em=gd3bj
energy: M062X/6-311G+(2d, p) em=gd3"
319,a-c6+a-b10+a-b13,CCCCCCCCCC[N-]CCCCCC,imide anion,-684.7680808,0.404476,0.481488,678.1636400000001,0.03704,0.11181,9.6471,-684.3636048,-684.2865928,2.033744,Gaussian,QC,"opt+freq: b3lyp/6-311G** em=gd3bj
energy: M062X/6-311G+(2d, p) em=gd3"
320,a-c6+a-b10+a-b14,CCCCCCCCCC[N-]CCCC,imide anion,-606.1578982,0.352842,0.423586,622.9724960000001,0.04034,0.11368,11.351,-605.8050562,-605.7343122,1.994848,Gaussian,QC,"opt+freq: b3lyp/6-311G** em=gd3bj
energy: M062X/6-311G+(2d, p) em=gd3"
321,a-c6+a-b10+a-b15,CCCCCCCCCC[N-]CC,imide anion,-527.5478892,0.301659,0.365683,563.794,0.0454,0.11536,14.0178,-527.2462302,-527.1822062,1.902912,Gaussian,QC,"opt+freq: b3lyp/6-311G** em=gd3bj
energy: M062X/6-311G+(2d, p) em=gd3"
322,a-c6+a-b10+a-b17,CCCCCCCCCC[N-]S(=O)(=O)C(F)(F)F,imide anion,-1334.6813886,0.259584,0.334259,657.586728,-0.0831,0.10765,11.0601,-1334.4218046,-1334.3471296,5.188399999999999,Gaussian,QC,"opt+freq: b3lyp/6-311G** em=gd3bj
energy: M062X/6-311G+(2d, p) em=gd3"
323,a-c6+a-b10+a-b18,CCCCCCCCCC[N-]C(F)(F)F,imide anion,-786.0688745,0.253022,0.319583,586.140744,-0.02638,0.11148,13.6782,-785.8158525,-785.7492915,3.749791999999999,Gaussian,QC,"opt+freq: b3lyp/6-311G** em=gd3bj
energy: M062X/6-311G+(2d, p) em=gd3"
324,a-c6+a-b10+a-b19,CCCCCCCCCC[N-]c1ccccn1,imide anion,-696.0578038,0.313337,0.38246,608.692504,0.00044,0.10254,16.3755,-695.7444667999999,-695.6753438,2.77712,Gaussian,QC,"opt+freq: b3lyp/6-311G** em=gd3bj
energy: M062X/6-311G+(2d, p) em=gd3"
325,a-c6+a-b10+a-b21,CCCCCCCCCC[N-]C(C)=O,imide anion,-601.6403569,0.284847,0.350991,582.463008,-0.01025,0.10871,17.2103,-601.3555099,-601.2893659,3.235712,Gaussian,QC,"opt+freq: b3lyp/6-311G** em=gd3bj
energy: M062X/6-311G+(2d, p) em=gd3"
326,a-c6+a-b10+a-b22,CCCCCCCCCC[N-]OC,imide anion,-563.4139829,0.278783,0.342851,564.1831119999999,0.05864,0.11639,14.2261,-563.1351999,-563.0711319,1.5708,Gaussian,QC,"opt+freq: b3lyp/6-311G** em=gd3bj
energy: M062X/6-311G+(2d, p) em=gd3"
327,a-c6+a-b10+a-b23,CCCCCCCCCC[N-]CC(F)(F)F,imide anion,-825.3293901,0.276499,0.346416,615.688152,0.02415,0.11191,11.0609,-825.0528911,-824.9829741,2.387072,Gaussian,QC,"opt+freq: b3lyp/6-311G** em=gd3bj
energy: M062X/6-311G+(2d, p) em=gd3"
328,a-c6+a-b10+a-b24,CCCCCCCCCC[N-]Cc1ccccc1,imide anion,-719.275825,0.347898,0.420463,639.0014,0.02478,0.11215,8.6456,-718.9279270000001,-718.855362,2.376464,Gaussian,QC,"opt+freq: b3lyp/6-311G** em=gd3bj
energy: M062X/6-311G+(2d, p) em=gd3"
329,a-c6+a-b10+a-b25,CCCCCCCCCC[N-]CCCCC,imide anion,-645.4630128,0.378717,0.45253,649.9969520000001,0.03843,0.11324,10.1456,-645.0842958,-645.0104828,2.034832,Gaussian,QC,"opt+freq: b3lyp/6-311G** em=gd3bj
energy: M062X/6-311G+(2d, p) em=gd3"
330,a-c6+a-b10+a-b26,CCCCCCCCCC[N-]c1ccccc1,imide anion,-680.0074774,0.324416,0.393688,610.00628,0.01213,0.10304,15.9976,-679.6830613999999,-679.6137894,2.472752,Gaussian,QC,"opt+freq: b3lyp/6-311G** em=gd3bj
energy: M062X/6-311G+(2d, p) em=gd3"
331,a-c6+a-b10+a-b28,CCCCCCCCCC[N-]CC(=O)O,imide anion,-676.8276282,0.289352,0.356243,589.048624,0.02926,0.11459,12.3131,-676.5382762,-676.4713852000001,2.320975999999999,Gaussian,QC,"opt+freq: b3lyp/6-311G** em=gd3bj
energy: M062X/6-311G+(2d, p) em=gd3"
332,a-c6+a-b10+a-b30,CCCCCCCCCC[N-]C1CCCCC1,imide anion,-683.5809626,0.388433,0.459957,629.842624,0.03593,0.11393,8.7744,-683.1925296000001,-683.1210056,2.1216,Gaussian,QC,"opt+freq: b3lyp/6-311G** em=gd3bj
energy: M062X/6-311G+(2d, p) em=gd3"
333,a-c6+a-b10+a-b32,CCCCCCCCCC[N-]CC(F)(F)C(F)F,imide anion,-963.863658,0.292774,0.368509,666.925416,0.02441,0.11246,7.4591,-963.570884,-963.495149,2.39496,Gaussian,QC,"opt+freq: b3lyp/6-311G** em=gd3bj
energy: M062X/6-311G+(2d, p) em=gd3"
334,a-c6+a-b10+a-b33,CCCCCCCCCC[N-]c1cccnc1,imide anion,-696.057745,0.313791,0.382529,605.303464,0.00044,0.10613,15.1,-695.7439539999999,-695.675216,2.874768,Gaussian,QC,"opt+freq: b3lyp/6-311G** em=gd3bj
energy: M062X/6-311G+(2d, p) em=gd3"
335,a-c6+a-b10+a-b36,CCCCCCCCCC[N-]CCCCCCCCC,imide anion,-802.6823338,0.481099,0.568391,768.688664,0.03569,0.11145,7.0795,-802.2012348000001,-802.1139428,2.060672,Gaussian,QC,"opt+freq: b3lyp/6-311G** em=gd3bj
energy: M062X/6-311G+(2d, p) em=gd3"
336,a-c6+a-b10+a-b37,CCCCCCCCCC[N-]C(C(F)(F)F)C(F)(F)F,imide anion,-1162.4006818,0.276027,0.355439,699.29284,0.00255,0.11154,7.9927,-1162.1246548,-1162.0452428,2.964528,Gaussian,QC,"opt+freq: b3lyp/6-311G** em=gd3bj
energy: M062X/6-311G+(2d, p) em=gd3"
337,a-c6+a-b11+a-b21,CCCCC(CC)C[N-]C(C)=O,imide anion,-523.0326626,0.233741,0.292564,517.995936,-0.01603,0.14355,9.0023,-522.7989216,-522.7400986,4.340576,Gaussian,QC,"opt+freq: b3lyp/6-311G** em=gd3bj
energy: M062X/6-311G+(2d, p) em=gd3"
338,a-c6+a-b11+a-b24,CCCCC(CC)C[N-]Cc1ccccc1,imide anion,-640.6684757,0.296649,0.362143,576.739296,0.01866,0.11986,2.0519,-640.3718267,-640.3063327000001,2.75264,Gaussian,QC,"opt+freq: b3lyp/6-311G** em=gd3bj
energy: M062X/6-311G+(2d, p) em=gd3"
339,a-c6+a-b11+a-b26,CCCCC(CC)C[N-]c1ccccc1,imide anion,-601.4045795,0.272764,0.335016,548.191864,0.00356,0.13839,6.7037,-601.1318154999999,-601.0695635,3.667376,Gaussian,QC,"opt+freq: b3lyp/6-311G** em=gd3bj
energy: M062X/6-311G+(2d, p) em=gd3"
340,a-c6+a-b11+a-b28,CCCCC(CC)C[N-]CC(=O)O,imide anion,-598.2261565,0.236645,0.297466,535.589656,0.01888,0.15039,4.3385,-597.9895115,-597.9286905,3.577071999999999,Gaussian,QC,"opt+freq: b3lyp/6-311G** em=gd3bj
energy: M062X/6-311G+(2d, p) em=gd3"
341,a-c6+a-b12+a-b15,CC[N-]S(=O)(=O)C(F)(F)C(F)(F)C(F)(F)C(F)(F)F,imide anion,-1733.6242148,0.076146,0.146511,619.6294800000001,-0.08725,0.13052,9.1955,-1733.5480688,-1733.4777038,5.923343999999999,Gaussian,QC,"opt+freq: b3lyp/6-311G** em=gd3bj
energy: M062X/6-311G+(2d, p) em=gd3"
342,a-c6+a-b12+a-b21,CC(=O)[N-]S(=O)(=O)C(F)(F)C(F)(F)C(F)(F)C(F)(F)F,imide anion,-1807.67264,0.055613,0.128958,645.875712,-0.10089,0.11829,11.4721,-1807.617027,-1807.543682,5.961696,Gaussian,QC,"opt+freq: b3lyp/6-311G** em=gd3bj
energy: M062X/6-311G+(2d, p) em=gd3"
343,a-c6+a-b12+a-b22,CO[N-]S(=O)(=O)C(F)(F)C(F)(F)C(F)(F)C(F)(F)F,imide anion,-1769.4735564,0.052564,0.122079,612.144304,-0.07753,0.12422,10.7152,-1769.4209924,-1769.3514774,5.4876,Gaussian,QC,"opt+freq: b3lyp/6-311G** em=gd3bj
energy: M062X/6-311G+(2d, p) em=gd3"
344,a-c6+a-b13+a-b14,CCCCCC[N-]CCCC,imide anion,-448.939002,0.249912,0.307661,508.5359120000001,0.04202,0.14944,4.0765,-448.68909,-448.631341,2.921824,Gaussian,QC,"opt+freq: b3lyp/6-311G** em=gd3bj
energy: M062X/6-311G+(2d, p) em=gd3"
345,a-c6+a-b13+a-b15,CCCCCC[N-]CC,imide anion,-370.3289736,0.198614,0.249761,450.399232,0.04722,0.15214,6.2895,-370.1303596,-370.0792126,2.853824,Gaussian,QC,"opt+freq: b3lyp/6-311G** em=gd3bj
energy: M062X/6-311G+(2d, p) em=gd3"
346,a-c6+a-b13+a-b17,CCCCCC[N-]S(=O)(=O)C(F)(F)F,imide anion,-1177.4627835,0.156761,0.218355,542.39284,-0.08181,0.13622,5.5392,-1177.3060225,-1177.2444285,5.930416,Gaussian,QC,"opt+freq: b3lyp/6-311G** em=gd3bj
energy: M062X/6-311G+(2d, p) em=gd3"
347,a-c6+a-b13+a-b18,CCCCCC[N-]C(F)(F)F,imide anion,-628.8501529,0.150176,0.20367,471.0640080000001,-0.02473,0.14423,6.731,-628.6999769,-628.6464829,4.595712,Gaussian,QC,"opt+freq: b3lyp/6-311G** em=gd3bj
energy: M062X/6-311G+(2d, p) em=gd3"
348,a-c6+a-b13+a-b19,CCCCCC[N-]c1ccccn1,imide anion,-538.839469,0.210582,0.266543,492.787336,0.00136,0.13008,8.8003,-538.628887,-538.572926,3.501184,Gaussian,QC,"opt+freq: b3lyp/6-311G** em=gd3bj
energy: M062X/6-311G+(2d, p) em=gd3"
349,a-c6+a-b13+a-b20,CCCCCC[N-]S(=O)(=O)C(F)(F)C(F)(F)C(F)(F)F,imide anion,-1653.0533095,0.171804,0.24769,668.251744,-0.09186,0.13271,4.5549,-1652.8815055,-1652.8056195,6.108304,Gaussian,QC,"opt+freq: b3lyp/6-311G** em=gd3bj
energy: M062X/6-311G+(2d, p) em=gd3"
350,a-c6+a-b13+a-b21,CCCCCC[N-]C(C)=O,imide anion,-444.4217402,0.182074,0.23509,466.863272,-0.0088,0.14034,9.9273,-444.2396662,-444.1866502,4.056608,Gaussian,QC,"opt+freq: b3lyp/6-311G** em=gd3bj
energy: M062X/6-311G+(2d, p) em=gd3"
351,a-c6+a-b13+a-b22,CCCCCC[N-]OC,imide anion,-406.1949816,0.175617,0.226928,451.842712,0.06083,0.15407,6.8682,-406.0193646,-405.9680536,2.536128000000001,Gaussian,QC,"opt+freq: b3lyp/6-311G** em=gd3bj
energy: M062X/6-311G+(2d, p) em=gd3"
352,a-c6+a-b13+a-b23,CCCCCC[N-]CC(F)(F)F,imide anion,-668.1105953,0.173316,0.230473,503.3184640000001,0.02582,0.14658,3.6092,-667.9372793,-667.8801223,3.284672,Gaussian,QC,"opt+freq: b3lyp/6-311G** em=gd3bj
energy: M062X/6-311G+(2d, p) em=gd3"
353,a-c6+a-b13+a-b24,CCCCCC[N-]Cc1ccccc1,imide anion,-562.0570197,0.24489,0.304544,525.309568,0.02633,0.12333,1.9496,-561.8121296999999,-561.7524757,2.6384,Gaussian,QC,"opt+freq: b3lyp/6-311G** em=gd3bj
energy: M062X/6-311G+(2d, p) em=gd3"
354,a-c6+a-b13+a-b25,CCCCCC[N-]CCCCC,imide anion,-488.2441545,0.275544,0.336629,537.911776,0.04003,0.14874,3.6723,-487.9686105,-487.9075255,2.956912,Gaussian,QC,"opt+freq: b3lyp/6-311G** em=gd3bj
energy: M062X/6-311G+(2d, p) em=gd3"
355,a-c6+a-b13+a-b26,CCCCCC[N-]c1ccccc1,imide anion,-522.7891181,0.221693,0.277792,494.009064,0.01308,0.13126,8.0818,-522.5674251,-522.5113261,3.214496,Gaussian,QC,"opt+freq: b3lyp/6-311G** em=gd3bj
energy: M062X/6-311G+(2d, p) em=gd3"
356,a-c6+a-b13+a-b27,CCCCCCCCCCCC[N-]CCCCCC,imide anion,-763.377273,0.455957,0.5395,735.676904,0.03693,0.10099,12.6966,-762.9213159999999,-762.837773,1.742432,Gaussian,QC,"opt+freq: b3lyp/6-311G** em=gd3bj
energy: M062X/6-311G+(2d, p) em=gd3"
357,a-c6+a-b13+a-b28,CCCCCC[N-]CC(=O)O,imide anion,-519.6087235,0.186235,0.240319,476.26472,0.03116,0.14943,5.3193,-519.4224885,-519.3684045,3.216944,Gaussian,QC,"opt+freq: b3lyp/6-311G** em=gd3bj
energy: M062X/6-311G+(2d, p) em=gd3"
358,a-c6+a-b13+a-b30,CCCCCC[N-]C1CCCCC1,imide anion,-526.3620252,0.284944,0.343911,519.263688,0.03859,0.1491,2.0304,-526.0770812,-526.0181141999999,3.005872,Gaussian,QC,"opt+freq: b3lyp/6-311G** em=gd3bj
energy: M062X/6-311G+(2d, p) em=gd3"
359,a-c6+a-b13+a-b32,CCCCCC[N-]CC(F)(F)C(F)F,imide anion,-806.6448353,0.190116,0.252625,550.44704,0.02609,0.14737,1.1499,-806.4547193,-806.3922103,3.298816,Gaussian,QC,"opt+freq: b3lyp/6-311G** em=gd3bj
energy: M062X/6-311G+(2d, p) em=gd3"
360,a-c6+a-b13+a-b33,CCCCCC[N-]c1cccnc1,imide anion,-538.8392488,0.211103,0.266612,488.812536,0.00168,0.13551,7.8458,-538.6281458,-538.5726367999999,3.640176,Gaussian,QC,"opt+freq: b3lyp/6-311G** em=gd3bj
energy: M062X/6-311G+(2d, p) em=gd3"
361,a-c6+a-b13+a-b35,CCCCCC[N-]S(=O)(=O)C(F)(F)C(F)(F)F,imide anion,-1415.2602473,0.164012,0.23304,607.85152,-0.08882,0.13418,4.2026,-1415.0962353,-1415.0272073,6.065599999999999,Gaussian,QC,"opt+freq: b3lyp/6-311G** em=gd3bj
energy: M062X/6-311G+(2d, p) em=gd3"
362,a-c6+a-b13+a-b36,CCCCCCCCC[N-]CCCCCC,imide anion,-645.4634723,0.378587,0.452496,650.846304,0.03747,0.1203,7.0104,-645.0848853,-645.0109763,2.252976,Gaussian,QC,"opt+freq: b3lyp/6-311G** em=gd3bj
energy: M062X/6-311G+(2d, p) em=gd3"
363,a-c6+a-b13+a-b37,CCCCCC[N-]C(C(F)(F)F)C(F)(F)F,imide anion,-1005.1818681,0.173353,0.239544,582.8772240000001,0.00419,0.14511,2.1992,-1005.0085151,-1004.9423241,3.833024,Gaussian,QC,"opt+freq: b3lyp/6-311G** em=gd3bj
energy: M062X/6-311G+(2d, p) em=gd3"
364,a-c6+a-b13+a-b38,CCCCCC[N-]CC(F)(F)C(F)(F)C(F)(F)C(F)F,imide anion,-1282.2367396,0.205839,0.281991,670.586416,0.01817,0.13155,6.1102,-1282.0309006,-1281.9547486,3.083936,Gaussian,QC,"opt+freq: b3lyp/6-311G** em=gd3bj
energy: M062X/6-311G+(2d, p) em=gd3"
365,a-c6+a-b14+a-b15,CCCC[N-]CC,imide anion,-291.7189237,0.147343,0.19192,392.54288,0.05067,0.18237,2.8141,-291.5715807,-291.5270037,3.58224,Gaussian,QC,"opt+freq: b3lyp/6-311G** em=gd3bj
energy: M062X/6-311G+(2d, p) em=gd3"
366,a-c6+a-b14+a-b16,CCCC[N-]c1ccc(Cl)cc1C,imide anion,-943.1080853,0.183714,0.240464,499.745328,-0.00595,0.14728,2.0829,-942.9243713,-942.8676213,4.167856,Gaussian,QC,"opt+freq: b3lyp/6-311G** em=gd3bj
energy: M062X/6-311G+(2d, p) em=gd3"
367,a-c6+a-b14+a-b17,CCCC[N-]S(=O)(=O)C(F)(F)F,imide anion,-1098.8531837,0.10544,0.160439,484.314736,-0.07998,0.15917,3.6926,-1098.7477437,-1098.6927447,6.50488,Gaussian,QC,"opt+freq: b3lyp/6-311G** em=gd3bj
energy: M062X/6-311G+(2d, p) em=gd3"
368,a-c6+a-b14+a-b18,CCCC[N-]C(F)(F)F,imide anion,-550.2402768,0.098867,0.14581,413.375016,-0.02223,0.17137,3.6615,-550.1414097999999,-550.0944668,5.265919999999999,Gaussian,QC,"opt+freq: b3lyp/6-311G** em=gd3bj
energy: M062X/6-311G+(2d, p) em=gd3"
369,a-c6+a-b14+a-b19,CCCC[N-]c1ccccn1,imide anion,-460.2317206,0.159724,0.208702,431.299272,-0.00029,0.1531,3.925,-460.0719966,-460.0230186,4.172208,Gaussian,QC,"opt+freq: b3lyp/6-311G** em=gd3bj
energy: M062X/6-311G+(2d, p) em=gd3"
370,a-c6+a-b14+a-b20,CCCC[N-]S(=O)(=O)C(F)(F)C(F)(F)C(F)(F)F,imide anion,-1574.4437574,0.12044,0.189764,610.4707040000001,-0.09024,0.149,5.3903,-1574.3233174,-1574.2539934,6.507328,Gaussian,QC,"opt+freq: b3lyp/6-311G** em=gd3bj
energy: M062X/6-311G+(2d, p) em=gd3"
371,a-c6+a-b14+a-b21,CCCC[N-]C(C)=O,imide anion,-365.8119632,0.130547,0.177185,410.693072,-0.00637,0.16584,6.5719,-365.6814162,-365.6347782,4.684111999999999,Gaussian,QC,"opt+freq: b3lyp/6-311G** em=gd3bj
energy: M062X/6-311G+(2d, p) em=gd3"
372,a-c6+a-b14+a-b23,CCCC[N-]CC(F)(F)F,imide anion,-589.5005678,0.121772,0.172581,447.41604,0.02895,0.17456,1.0528,-589.3787958,-589.3279868,3.960592,Gaussian,QC,"opt+freq: b3lyp/6-311G** em=gd3bj
energy: M062X/6-311G+(2d, p) em=gd3"
373,a-c6+a-b14+a-b24,CCCC[N-]Cc1ccccc1,imide anion,-483.4471295,0.193589,0.24668,467.515976,0.02911,0.12499,3.1126,-483.2535405,-483.2004495,2.607936,Gaussian,QC,"opt+freq: b3lyp/6-311G** em=gd3bj
energy: M062X/6-311G+(2d, p) em=gd3"
374,a-c6+a-b14+a-b25,CCCCC[N-]CCCC,imide anion,-409.6340756,0.224256,0.278703,479.461296,0.04329,0.16294,2.5745,-409.4098196,-409.3553726,3.25448,Gaussian,QC,"opt+freq: b3lyp/6-311G** em=gd3bj
energy: M062X/6-311G+(2d, p) em=gd3"
375,a-c6+a-b14+a-b26,CCCC[N-]c1ccccc1,imide anion,-444.1792515,0.170129,0.219802,437.424648,0.01447,0.14912,4.8509,-444.0091225,-443.9594495,3.66248,Gaussian,QC,"opt+freq: b3lyp/6-311G** em=gd3bj
energy: M062X/6-311G+(2d, p) em=gd3"
376,a-c6+a-b14+a-b27,CCCCCCCCCCCC[N-]CCCC,imide anion,-684.7670357,0.404428,0.481561,679.222192,0.04005,0.10162,15.3905,-684.3626076999999,-684.2854746999999,1.674704,Gaussian,QC,"opt+freq: b3lyp/6-311G** em=gd3bj
energy: M062X/6-311G+(2d, p) em=gd3"
377,a-c6+a-b14+a-b28,CCCC[N-]CC(=O)O,imide anion,-440.9987513,0.134991,0.182459,418.006704,0.03417,0.1733,2.6775,-440.8637603,-440.8162923,3.784336,Gaussian,QC,"opt+freq: b3lyp/6-311G** em=gd3bj
energy: M062X/6-311G+(2d, p) em=gd3"
378,a-c6+a-b14+a-b30,CCCC[N-]C1CCCCC1,imide anion,-447.7521185,0.233974,0.286147,459.436672,0.04086,0.16092,3.0732,-447.5181445,-447.4659715,3.265632,Gaussian,QC,"opt+freq: b3lyp/6-311G** em=gd3bj
energy: M062X/6-311G+(2d, p) em=gd3"
379,a-c6+a-b14+a-b31,CCCC[N-]c1cccc(C)c1C,imide anion,-522.7954232,0.21921,0.276485,504.3644640000001,0.01076,0.14771,2.4509,-522.5762132,-522.5189382,3.72504,Gaussian,QC,"opt+freq: b3lyp/6-311G** em=gd3bj
energy: M062X/6-311G+(2d, p) em=gd3"
380,a-c6+a-b14+a-b32,CCCC[N-]CC(F)(F)C(F)F,imide anion,-728.0347971,0.138714,0.194745,493.402384,0.0291,0.17505,2.9305,-727.8960830999999,-727.8400521,3.96984,Gaussian,QC,"opt+freq: b3lyp/6-311G** em=gd3bj
energy: M062X/6-311G+(2d, p) em=gd3"
381,a-c6+a-b14+a-b33,CCCC[N-]c1cccnc1,imide anion,-460.2277383,0.159177,0.208629,435.47072,0.00648,0.14537,6.7352,-460.0685613,-460.0191093,3.777808,Gaussian,QC,"opt+freq: b3lyp/6-311G** em=gd3bj
energy: M062X/6-311G+(2d, p) em=gd3"
382,a-c6+a-b14+a-b35,CCCC[N-]S(=O)(=O)C(F)(F)C(F)(F)F,imide anion,-1336.6507133,0.112804,0.175128,548.823648,-0.08709,0.1558,3.523,-1336.5379093,-1336.4755853,6.606608,Gaussian,QC,"opt+freq: b3lyp/6-311G** em=gd3bj
energy: M062X/6-311G+(2d, p) em=gd3"
383,a-c6+a-b14+a-b36,CCCCCCCCC[N-]CCCC,imide anion,-566.8533088,0.327547,0.394632,590.755696,0.04061,0.12105,9.393,-566.5257618,-566.4586768,2.187968,Gaussian,QC,"opt+freq: b3lyp/6-311G** em=gd3bj
energy: M062X/6-311G+(2d, p) em=gd3"
384,a-c6+a-b14+a-b37,CCCC[N-]C(C(F)(F)F)C(F)(F)F,imide anion,-926.5716715,0.121064,0.181595,533.033232,0.0081,0.17224,2.0414,-926.4506074999999,-926.3900765,4.464608,Gaussian,QC,"opt+freq: b3lyp/6-311G** em=gd3bj
energy: M062X/6-311G+(2d, p) em=gd3"
385,a-c6+a-b14+a-b38,CCCC[N-]CC(F)(F)C(F)(F)C(F)(F)C(F)F,imide anion,-1203.6267582,0.154479,0.224105,613.1191759999999,0.02099,0.13259,8.6538,-1203.4722792,-1203.4026532,3.03552,Gaussian,QC,"opt+freq: b3lyp/6-311G** em=gd3bj
energy: M062X/6-311G+(2d, p) em=gd3"
386,a-c6+a-b15+a-b16,CC[N-]c1ccc(Cl)cc1C,imide anion,-864.4799258,0.133016,0.18293,439.541752,0.00356,0.15191,2.3395,-864.3469098,-864.2969958,4.035119999999999,Gaussian,QC,"opt+freq: b3lyp/6-311G** em=gd3bj
energy: M062X/6-311G+(2d, p) em=gd3"
387,a-c6+a-b15+a-b17,CC[N-]S(=O)(=O)C(F)(F)F,imide anion,-1020.2405032,0.053561,0.102571,431.5796,-0.07444,0.17886,3.8081,-1020.1869422,-1020.1379322,6.889759999999999,Gaussian,QC,"opt+freq: b3lyp/6-311G** em=gd3bj
energy: M062X/6-311G+(2d, p) em=gd3"
388,a-c6+a-b15+a-b19,CC[N-]c1ccccn1,imide anion,-381.6205973,0.108664,0.150793,370.991096,0.00462,0.1573,3.5755,-381.5119333,-381.4698043,4.152895999999999,Gaussian,QC,"opt+freq: b3lyp/6-311G** em=gd3bj
energy: M062X/6-311G+(2d, p) em=gd3"
389,a-c6+a-b15+a-b20,CC[N-]S(=O)(=O)C(F)(F)C(F)(F)C(F)(F)F,imide anion,-1495.8311808,0.068167,0.131876,561.024192,-0.0854,0.15384,6.9225,-1495.7630138,-1495.6993048,6.507328,Gaussian,QC,"opt+freq: b3lyp/6-311G** em=gd3bj
energy: M062X/6-311G+(2d, p) em=gd3"
390,a-c6+a-b15+a-b24,CC[N-]Cc1ccccc1,imide anion,-404.8292574,0.141951,0.189186,415.943992,0.03814,0.13474,5.3616,-404.6873064,-404.6400714,2.62752,Gaussian,QC,"opt+freq: b3lyp/6-311G** em=gd3bj
energy: M062X/6-311G+(2d, p) em=gd3"
391,a-c6+a-b15+a-b25,CCCCC[N-]CC,imide anion,-331.0240699,0.173011,0.220802,420.851824,0.0485,0.16664,4.3774,-330.8510589,-330.8032679,3.213408,Gaussian,QC,"opt+freq: b3lyp/6-311G** em=gd3bj
energy: M062X/6-311G+(2d, p) em=gd3"
392,a-c6+a-b15+a-b26,CC[N-]c1ccccc1,imide anion,-365.5700986,0.119764,0.162041,372.288136,0.01649,0.16933,1.9206,-365.4503346,-365.4080576,4.157248,Gaussian,QC,"opt+freq: b3lyp/6-311G** em=gd3bj
energy: M062X/6-311G+(2d, p) em=gd3"
393,a-c6+a-b15+a-b27,CCCCCCCCCCCC[N-]CC,imide anion,-606.1570335,0.35312,0.423655,621.1273520000001,0.04507,0.10294,18.1598,-605.8039135,-605.7333785,1.574064,Gaussian,QC,"opt+freq: b3lyp/6-311G** em=gd3bj
energy: M062X/6-311G+(2d, p) em=gd3"
394,a-c6+a-b15+a-b30,CC[N-]C1CCCCC1,imide anion,-369.135284,0.181991,0.228344,408.174304,0.04808,0.16333,5.7988,-368.953293,-368.90694,3.1348,Gaussian,QC,"opt+freq: b3lyp/6-311G** em=gd3bj
energy: M062X/6-311G+(2d, p) em=gd3"
395,a-c6+a-b15+a-b31,CC[N-]c1cccc(C)c1C,imide anion,-444.1862942,0.16873,0.218687,439.918312,0.01265,0.16502,1.7705,-444.0175642,-443.9676072,4.144464,Gaussian,QC,"opt+freq: b3lyp/6-311G** em=gd3bj
energy: M062X/6-311G+(2d, p) em=gd3"
396,a-c6+a-b15+a-b33,CC[N-]c1cccnc1,imide anion,-381.6186829,0.108808,0.150862,370.32584,0.00842,0.15478,3.336,-381.5098749,-381.4678209,3.980992,Gaussian,QC,"opt+freq: b3lyp/6-311G** em=gd3bj
energy: M062X/6-311G+(2d, p) em=gd3"
397,a-c6+a-b15+a-b35,CC[N-]S(=O)(=O)C(F)(F)C(F)(F)F,imide anion,-1258.0381345,0.060489,0.117252,499.858296,-0.08198,0.17158,4.6357,-1257.9776455,-1257.9208825,6.896832,Gaussian,QC,"opt+freq: b3lyp/6-311G** em=gd3bj
energy: M062X/6-311G+(2d, p) em=gd3"
398,a-c6+a-b15+a-b36,CCCCCCCCC[N-]CC,imide anion,-488.2432641,0.275865,0.336697,535.6858880000001,0.04567,0.12308,11.985,-487.9673991,-487.9065671,2.105552,Gaussian,QC,"opt+freq: b3lyp/6-311G** em=gd3bj
energy: M062X/6-311G+(2d, p) em=gd3"
399,a-c6+a-b15+a-b37,CC[N-]C(C(F)(F)F)C(F)(F)F,imide anion,-847.9591681,0.070223,0.123722,471.110032,0.01467,0.19846,3.4255,-847.8889451,-847.8354461,4.999088,Gaussian,QC,"opt+freq: b3lyp/6-311G** em=gd3bj
energy: M062X/6-311G+(2d, p) em=gd3"
400,a-c6+a-b15+a-b38,CC[N-]CC(F)(F)C(F)(F)C(F)(F)C(F)F,imide anion,-1125.0102186,0.102831,0.166363,559.467744,0.03169,0.13587,10.4521,-1124.9073876,-1124.8438556,2.833696,Gaussian,QC,"opt+freq: b3lyp/6-311G** em=gd3bj
energy: M062X/6-311G+(2d, p) em=gd3"
401,a-c6+a-b16+a-b17,Cc1cc(Cl)ccc1[N-]S(=O)(=O)C(F)(F)F,imide anion,-1671.582539,0.087711,0.14829,533.455816,-0.09349,0.10169,4.5301,-1671.494828,-1671.434249,5.308896000000001,Gaussian,QC,"opt+freq: b3lyp/6-311G** em=gd3bj
energy: M062X/6-311G+(2d, p) em=gd3"
402,a-c6+a-b16+a-b18,Cc1cc(Cl)ccc1[N-]C(F)(F)F,imide anion,-1122.979554,0.081898,0.134335,461.758792,-0.04404,0.1274,3.1236,-1122.897656,-1122.845219,4.663168,Gaussian,QC,"opt+freq: b3lyp/6-311G** em=gd3bj
energy: M062X/6-311G+(2d, p) em=gd3"
403,a-c6+a-b16+a-b21,CC(=O)[N-]c1ccc(Cl)cc1C,imide anion,-938.5626053,0.114955,0.166149,450.813448,-0.04447,0.12875,3.8083,-938.4476503,-938.3964563,4.711584,Gaussian,QC,"opt+freq: b3lyp/6-311G** em=gd3bj
energy: M062X/6-311G+(2d, p) em=gd3"
404,a-c6+a-b16+a-b22,CO[N-]c1ccc(Cl)cc1C,imide anion,-900.3514449,0.108085,0.159216,450.256976,0.01063,0.15227,1.2688,-900.2433599000001,-900.1922289,3.852608,Gaussian,QC,"opt+freq: b3lyp/6-311G** em=gd3bj
energy: M062X/6-311G+(2d, p) em=gd3"
405,a-c6+a-b16+a-b23,Cc1cc(Cl)ccc1[N-]CC(F)(F)F,imide anion,-1162.2525455,0.107139,0.163045,492.314544,-0.01162,0.14286,2.879,-1162.1454065,-1162.0895005,4.201855999999999,Gaussian,QC,"opt+freq: b3lyp/6-311G** em=gd3bj
energy: M062X/6-311G+(2d, p) em=gd3"
406,a-c6+a-b16+a-b24,Cc1cc(Cl)ccc1[N-]Cc1ccccc1,imide anion,-1056.2030656,0.178001,0.237142,520.790848,-0.00665,0.09986,5.1196,-1056.0250646,-1055.9659236,2.897072,Gaussian,QC,"opt+freq: b3lyp/6-311G** em=gd3bj
energy: M062X/6-311G+(2d, p) em=gd3"
407,a-c6+a-b16+a-b25,CCCCC[N-]c1ccc(Cl)cc1C,imide anion,-982.4129808,0.209362,0.269384,528.547984,-0.00695,0.14256,3.5754,-982.2036188,-982.1435968000001,4.066672,Gaussian,QC,"opt+freq: b3lyp/6-311G** em=gd3bj
energy: M062X/6-311G+(2d, p) em=gd3"
408,a-c6+a-b16+a-b26,Cc1cc(Cl)ccc1[N-]c1ccccc1,imide anion,-1016.9242969,0.15385,0.208327,479.724888,-0.02201,0.12224,2.248,-1016.7704469,-1016.7159699,3.9236,Gaussian,QC,"opt+freq: b3lyp/6-311G** em=gd3bj
energy: M062X/6-311G+(2d, p) em=gd3"
409,a-c6+a-b16+a-b28,Cc1cc(Cl)ccc1[N-]CC(=O)O,imide anion,-1013.7573363,0.118153,0.172133,475.348424,-0.00829,0.13389,3.1906,-1013.6391833,-1013.5852033,3.867296,Gaussian,QC,"opt+freq: b3lyp/6-311G** em=gd3bj
energy: M062X/6-311G+(2d, p) em=gd3"
410,a-c6+a-b16+a-b31,Cc1cc(Cl)ccc1[N-]c1cccc(C)c1C,imide anion,-1095.5401348,0.202536,0.264989,549.96588,-0.0232,0.12081,1.2856,-1095.3375988,-1095.2751458,3.917072,Gaussian,QC,"opt+freq: b3lyp/6-311G** em=gd3bj
energy: M062X/6-311G+(2d, p) em=gd3"
411,a-c6+a-b16+a-b35,Cc1cc(Cl)ccc1[N-]S(=O)(=O)C(F)(F)C(F)(F)F,imide anion,-1909.3789887,0.094441,0.162951,603.2993280000001,-0.09776,0.09841,3.2559,-1909.2845477,-1909.2160377,5.335824000000001,Gaussian,QC,"opt+freq: b3lyp/6-311G** em=gd3bj
energy: M062X/6-311G+(2d, p) em=gd3"
412,a-c6+a-b16+a-b37,Cc1cc(Cl)ccc1[N-]C(C(F)(F)F)C(F)(F)F,imide anion,-1499.3060044,0.107243,0.170954,561.0367440000001,-0.02963,0.13319,3.3972,-1499.1987614,-1499.1350504,4.428704,Gaussian,QC,"opt+freq: b3lyp/6-311G** em=gd3bj
energy: M062X/6-311G+(2d, p) em=gd3"
413,a-c6+a-b17+a-b18,O=S(=O)([N-]C(F)(F)F)C(F)(F)F,imide anion,-1278.7184188,0.002288,0.053446,450.495464,-0.126,0.20563,3.3185,-1278.7161308,-1278.6649728,9.020335999999999,Gaussian,QC,"opt+freq: b3lyp/6-311G** em=gd3bj
energy: M062X/6-311G+(2d, p) em=gd3"
414,a-c6+a-b17+a-b19,O=S(=O)([N-]c1ccccn1)C(F)(F)F,imide anion,-1188.7117976,0.062602,0.116322,473.055592,-0.08208,0.10525,5.2865,-1188.6491956,-1188.5954756,5.095376,Gaussian,QC,"opt+freq: b3lyp/6-311G** em=gd3bj
energy: M062X/6-311G+(2d, p) em=gd3"
415,a-c6+a-b17+a-b21,CC(=O)[N-]S(=O)(=O)C(F)(F)F,imide anion,-1094.2919602,0.032971,0.085065,458.737944,-0.09354,0.15884,5.0692,-1094.2589892,-1094.2068952,6.864736,Gaussian,QC,"opt+freq: b3lyp/6-311G** em=gd3bj
energy: M062X/6-311G+(2d, p) em=gd3"
416,a-c6+a-b17+a-b22,CO[N-]S(=O)(=O)C(F)(F)F,imide anion,-1056.0899875,0.029495,0.078154,428.495992,-0.06311,0.1812,5.1303,-1056.0604925,-1056.0118335,6.645232,Gaussian,QC,"opt+freq: b3lyp/6-311G** em=gd3bj
energy: M062X/6-311G+(2d, p) em=gd3"
417,a-c6+a-b17+a-b23,O=S(=O)([N-]CC(F)(F)F)C(F)(F)F,imide anion,-1318.0107854,0.027478,0.082458,484.15156,-0.09635,0.19383,4.3928,-1317.9833074,-1317.9283274,7.892895999999999,Gaussian,QC,"opt+freq: b3lyp/6-311G** em=gd3bj
energy: M062X/6-311G+(2d, p) em=gd3"
418,a-c6+a-b17+a-b24,O=S(=O)([N-]Cc1ccccc1)C(F)(F)F,imide anion,-1211.9612938,0.098442,0.156678,512.824512,-0.08761,0.09641,6.0242,-1211.8628518,-1211.8046158,5.005344,Gaussian,QC,"opt+freq: b3lyp/6-311G** em=gd3bj
energy: M062X/6-311G+(2d, p) em=gd3"
419,a-c6+a-b17+a-b25,CCCCC[N-]S(=O)(=O)C(F)(F)F,imide anion,-1138.1579769,0.131058,0.189386,513.632024,-0.08105,0.1477,4.3811,-1138.0269189,-1137.9685909,6.222,Gaussian,QC,"opt+freq: b3lyp/6-311G** em=gd3bj
energy: M062X/6-311G+(2d, p) em=gd3"
420,a-c6+a-b17+a-b26,O=S(=O)([N-]c1ccccc1)C(F)(F)F,imide anion,-1172.6662994,0.073851,0.12781,475.164328,-0.07086,0.12064,4.4984,-1172.5924484,-1172.5384894,5.2088,Gaussian,QC,"opt+freq: b3lyp/6-311G** em=gd3bj
energy: M062X/6-311G+(2d, p) em=gd3"
421,a-c6+a-b17+a-b27,CCCCCCCCCCCC[N-]S(=O)(=O)C(F)(F)F,imide anion,-1413.2904559,0.310996,0.392244,715.4723680000001,-0.08337,0.09734,14.4581,-1412.9794599,-1412.8982119,4.915311999999999,Gaussian,QC,"opt+freq: b3lyp/6-311G** em=gd3bj
energy: M062X/6-311G+(2d, p) em=gd3"
422,a-c6+a-b17+a-b28,O=C(O)C[N-]S(=O)(=O)C(F)(F)F,imide anion,-1169.5231033,0.03869,0.091464,464.721064,-0.08522,0.14527,3.4655,-1169.4844133,-1169.4316393,6.269328000000001,Gaussian,QC,"opt+freq: b3lyp/6-311G** em=gd3bj
energy: M062X/6-311G+(2d, p) em=gd3"
423,a-c6+a-b17+a-b30,O=S(=O)([N-]C1CCCCC1)C(F)(F)F,imide anion,-1176.2714029,0.13976,0.196698,501.38964,-0.07943,0.1402,6.8329,-1176.1316429,-1176.0747049,5.973935999999999,Gaussian,QC,"opt+freq: b3lyp/6-311G** em=gd3bj
energy: M062X/6-311G+(2d, p) em=gd3"
424,a-c6+a-b17+a-b31,Cc1cccc([N-]S(=O)(=O)C(F)(F)F)c1C,imide anion,-1251.2814531,0.122445,0.184579,547.145864,-0.07004,0.12191,5.6441,-1251.1590081,-1251.0968741,5.22104,Gaussian,QC,"opt+freq: b3lyp/6-311G** em=gd3bj
energy: M062X/6-311G+(2d, p) em=gd3"
425,a-c6+a-b17+a-b32,O=S(=O)([N-]CC(F)(F)C(F)F)C(F)(F)F,imide anion,-1456.5444957,0.043732,0.10463,536.26328,-0.09412,0.15613,6.067,-1456.5007637,-1456.4398657,6.806799999999999,Gaussian,QC,"opt+freq: b3lyp/6-311G** em=gd3bj
energy: M062X/6-311G+(2d, p) em=gd3"
426,a-c6+a-b17+a-b33,O=S(=O)([N-]c1cccnc1)C(F)(F)F,imide anion,-1188.7125389,0.062847,0.1165,472.4698320000001,-0.07987,0.1027,4.17,-1188.6496919,-1188.5960389,4.965904,Gaussian,QC,"opt+freq: b3lyp/6-311G** em=gd3bj
energy: M062X/6-311G+(2d, p) em=gd3"
427,a-c6+a-b17+a-b34,O=S(=O)([N-]C1CCCN1)C(F)(F)F,imide anion,-1152.9994873,0.10208,0.157017,483.770816,-0.0766,0.15745,4.8552,-1152.8974073,-1152.8424703,6.36616,Gaussian,QC,"opt+freq: b3lyp/6-311G** em=gd3bj
energy: M062X/6-311G+(2d, p) em=gd3"
428,a-c6+a-b17+a-b35,O=S(=O)([N-]S(=O)(=O)C(F)(F)C(F)(F)F)C(F)(F)F,imide anion,-2065.0967824,0.014809,0.081617,588.3038720000001,-0.15348,0.13361,2.6477,-2065.0819734,-2065.0151654,7.808848,Gaussian,QC,"opt+freq: b3lyp/6-311G** em=gd3bj
energy: M062X/6-311G+(2d, p) em=gd3"
429,a-c6+a-b17+a-b36,CCCCCCCCC[N-]S(=O)(=O)C(F)(F)F,imide anion,-1295.3767844,0.233725,0.305279,630.106216,-0.08294,0.11434,9.3859,-1295.1430594,-1295.0715054,5.366016,Gaussian,QC,"opt+freq: b3lyp/6-311G** em=gd3bj
energy: M062X/6-311G+(2d, p) em=gd3"
430,a-c6+a-b17+a-b37,O=S(=O)([N-]C(C(F)(F)F)C(F)(F)F)C(F)(F)F,imide anion,-1655.0608526,0.027617,0.090313,552.1039039999999,-0.10085,0.17573,4.4757,-1655.0332356,-1654.9705396,7.522976,Gaussian,QC,"opt+freq: b3lyp/6-311G** em=gd3bj
energy: M062X/6-311G+(2d, p) em=gd3"
431,a-c6+a-b18+a-b19,FC(F)(F)[N-]c1ccccn1,imide anion,-640.1167799,0.057531,0.102294,394.183008,-0.04124,0.13222,3.5112,-640.0592489,-640.0144859,4.718112,Gaussian,QC,"opt+freq: b3lyp/6-311G** em=gd3bj
energy: M062X/6-311G+(2d, p) em=gd3"
432,a-c6+a-b18+a-b20,O=S(=O)([N-]C(F)(F)F)C(F)(F)C(F)(F)C(F)(F)F,imide anion,-1754.3061456,0.018284,0.0827,567.237432,-0.12898,0.13941,7.3608,-1754.2878616,-1754.2234456,7.300208,Gaussian,QC,"opt+freq: b3lyp/6-311G** em=gd3bj
energy: M062X/6-311G+(2d, p) em=gd3"
433,a-c6+a-b18+a-b21,CC(=O)[N-]C(F)(F)F,imide anion,-545.7009137,0.029,0.071467,373.957552,-0.05295,0.19884,1.332,-545.6719137,-545.6294467,6.848687999999998,Gaussian,QC,"opt+freq: b3lyp/6-311G** em=gd3bj
energy: M062X/6-311G+(2d, p) em=gd3"
434,a-c6+a-b18+a-b23,FC(F)(F)C[N-]C(F)(F)F,imide anion,-769.4035932,0.020003,0.067895,421.738832,-0.03371,0.21686,3.8523,-769.3835902000001,-769.3356982,6.815504,Gaussian,QC,"opt+freq: b3lyp/6-311G** em=gd3bj
energy: M062X/6-311G+(2d, p) em=gd3"
435,a-c6+a-b18+a-b24,FC(F)(F)[N-]Cc1ccccc1,imide anion,-663.3506082,0.0923,0.142173,439.181928,-0.03369,0.11558,6.1805,-663.2583082,-663.2084352,4.060144,Gaussian,QC,"opt+freq: b3lyp/6-311G** em=gd3bj
energy: M062X/6-311G+(2d, p) em=gd3"
436,a-c6+a-b18+a-b25,CCCCC[N-]C(F)(F)F,imide anion,-589.5453137,0.124604,0.174747,441.562624,-0.02371,0.1575,5.0184,-589.4207097,-589.3705666999999,4.928912,Gaussian,QC,"opt+freq: b3lyp/6-311G** em=gd3bj
energy: M062X/6-311G+(2d, p) em=gd3"
437,a-c6+a-b18+a-b26,FC(F)(F)[N-]c1ccccc1,imide anion,-624.0686834,0.068601,0.113672,396.89424,-0.02949,0.14614,2.3161,-624.0000824000001,-623.9550114000001,4.777136,Gaussian,QC,"opt+freq: b3lyp/6-311G** em=gd3bj
energy: M062X/6-311G+(2d, p) em=gd3"
438,a-c6+a-b18+a-b27,CCCCCCCCCCCC[N-]C(F)(F)F,imide anion,-864.6779947,0.304832,0.377574,640.5662159999999,-0.02672,0.10014,17.5265,-864.3731627,-864.3004207,3.450592,Gaussian,QC,"opt+freq: b3lyp/6-311G** em=gd3bj
energy: M062X/6-311G+(2d, p) em=gd3"
439,a-c6+a-b18+a-b28,O=C(O)C[N-]C(F)(F)F,imide anion,-620.92147,0.032987,0.077364,390.781416,-0.06995,0.16732,2.1912,-620.888483,-620.844106,6.453743999999999,Gaussian,QC,"opt+freq: b3lyp/6-311G** em=gd3bj
energy: M062X/6-311G+(2d, p) em=gd3"
440,a-c6+a-b18+a-b30,FC(F)(F)[N-]C1CCCCC1,imide anion,-627.6554548,0.133772,0.182098,425.558824,-0.02432,0.15445,6.1291,-627.5216828,-627.4733568,4.862544000000001,Gaussian,QC,"opt+freq: b3lyp/6-311G** em=gd3bj
energy: M062X/6-311G+(2d, p) em=gd3"
441,a-c6+a-b18+a-b31,Cc1cccc([N-]C(F)(F)F)c1C,imide anion,-702.6843908,0.117374,0.170333,466.357008,-0.03062,0.1448,3.764,-702.5670167999999,-702.5140577999999,4.771424000000001,Gaussian,QC,"opt+freq: b3lyp/6-311G** em=gd3bj
energy: M062X/6-311G+(2d, p) em=gd3"
442,a-c6+a-b18+a-b32,FC(F)C(F)(F)C[N-]C(F)(F)F,imide anion,-907.9372141,0.037111,0.090092,466.553656,-0.03303,0.16941,6.2212,-907.9001031,-907.8471221,5.506368,Gaussian,QC,"opt+freq: b3lyp/6-311G** em=gd3bj
energy: M062X/6-311G+(2d, p) em=gd3"
443,a-c6+a-b18+a-b33,FC(F)(F)[N-]c1cccnc1,imide anion,-640.1161003,0.057603,0.102434,394.785504,-0.03829,0.12927,2.4376,-640.0584973,-640.0136663,4.557632,Gaussian,QC,"opt+freq: b3lyp/6-311G** em=gd3bj
energy: M062X/6-311G+(2d, p) em=gd3"
444,a-c6+a-b18+a-b35,O=S(=O)([N-]C(F)(F)F)C(F)(F)C(F)(F)F,imide anion,-1516.5145931,0.01033,0.068123,508.929208,-0.13308,0.1692,4.8297,-1516.5042631,-1516.4464701,8.222016,Gaussian,QC,"opt+freq: b3lyp/6-311G** em=gd3bj
energy: M062X/6-311G+(2d, p) em=gd3"
445,a-c6+a-b18+a-b36,CCCCCCCCC[N-]C(F)(F)F,imide anion,-746.7642714,0.227425,0.290606,556.371584,-0.02619,0.11876,11.7846,-746.5368464,-746.4736654,3.94264,Gaussian,QC,"opt+freq: b3lyp/6-311G** em=gd3bj
energy: M062X/6-311G+(2d, p) em=gd3"
446,a-c6+a-b18+a-b37,FC(F)(F)[N-]C(C(F)(F)F)C(F)(F)F,imide anion,-1106.4624907,0.020505,0.076185,490.314592,-0.05933,0.19781,4.2344,-1106.4419857,-1106.3863057,6.994208,Gaussian,QC,"opt+freq: b3lyp/6-311G** em=gd3bj
energy: M062X/6-311G+(2d, p) em=gd3"
447,a-c6+a-b18+a-b38,FC(F)C(F)(F)C(F)(F)C(F)(F)C[N-]C(F)(F)F,imide anion,-1383.5263172,0.0531,0.119512,584.8186000000001,-0.04184,0.12631,11.4165,-1383.4732172,-1383.4068052,4.57368,Gaussian,QC,"opt+freq: b3lyp/6-311G** em=gd3bj
energy: M062X/6-311G+(2d, p) em=gd3"
448,a-c6+a-b19+a-b20,O=S(=O)([N-]c1ccccn1)C(F)(F)C(F)(F)C(F)(F)F,imide anion,-1664.3014652,0.078227,0.145655,593.7723599999999,-0.08764,0.10075,7.1844,-1664.2232382,-1664.1558102,5.124208,Gaussian,QC,"opt+freq: b3lyp/6-311G** em=gd3bj
energy: M062X/6-311G+(2d, p) em=gd3"
449,a-c6+a-b19+a-b21,CC(=O)[N-]c1ccccn1,imide anion,-455.691264,0.089398,0.134316,395.546992,-0.03846,0.13323,2.9323,-455.601866,-455.556948,4.669967999999999,Gaussian,QC,"opt+freq: b3lyp/6-311G** em=gd3bj
energy: M062X/6-311G+(2d, p) em=gd3"
450,a-c6+a-b19+a-b22,CO[N-]c1ccccn1,imide anion,-417.4895048,0.084134,0.127216,379.375832,0.01231,0.15926,2.4574,-417.4053708,-417.3622888,3.997040000000001,Gaussian,QC,"opt+freq: b3lyp/6-311G** em=gd3bj
energy: M062X/6-311G+(2d, p) em=gd3"
451,a-c6+a-b19+a-b23,FC(F)(F)C[N-]c1ccccn1,imide anion,-679.3930082,0.082577,0.13081,424.734576,-0.01213,0.14641,4.3555,-679.3104312,-679.2621982000001,4.312288000000001,Gaussian,QC,"opt+freq: b3lyp/6-311G** em=gd3bj
energy: M062X/6-311G+(2d, p) em=gd3"
452,a-c6+a-b19+a-b24,c1ccc(C[N-]c2ccccn2)cc1,imide anion,-573.343809,0.153715,0.205021,451.800872,-0.00824,0.10613,6.8431,-573.1900939999999,-573.138788,3.110864,Gaussian,QC,"opt+freq: b3lyp/6-311G** em=gd3bj
energy: M062X/6-311G+(2d, p) em=gd3"
453,a-c6+a-b19+a-b25,CCCCC[N-]c1ccccn1,imide anion,-499.5346238,0.184868,0.237564,464.039072,0.00194,0.1378,7.3464,-499.3497558,-499.2970598,3.695392,Gaussian,QC,"opt+freq: b3lyp/6-311G** em=gd3bj
energy: M062X/6-311G+(2d, p) em=gd3"
454,a-c6+a-b19+a-b26,c1ccc([N-]c2ccccn2)cc1,imide anion,-534.054815,0.128995,0.176484,418.1908,-0.01797,0.13092,3.4429,-533.9258199999999,-533.878331,4.049808000000001,Gaussian,QC,"opt+freq: b3lyp/6-311G** em=gd3bj
energy: M062X/6-311G+(2d, p) em=gd3"
455,a-c6+a-b19+a-b27,CCCCCCCCCCCC[N-]c1ccccn1,imide anion,-774.6668657,0.364633,0.440413,667.318712,0.00026,0.09275,20.4594,-774.3022327,-774.2264527,2.515728,Gaussian,QC,"opt+freq: b3lyp/6-311G** em=gd3bj
energy: M062X/6-311G+(2d, p) em=gd3"
456,a-c6+a-b19+a-b28,O=C(O)C[N-]c1ccccn1,imide anion,-530.8927239,0.092531,0.139461,413.266232,-0.01417,0.13372,4.9791,-530.8001929,-530.7532629,4.022608,Gaussian,QC,"opt+freq: b3lyp/6-311G** em=gd3bj
energy: M062X/6-311G+(2d, p) em=gd3"
457,a-c6+a-b19+a-b30,c1ccc([N-]C2CCCCC2)nc1,imide anion,-537.6423958,0.195331,0.245101,438.269816,0.00049,0.14502,7.1503,-537.4470648,-537.3972948,3.931216,Gaussian,QC,"opt+freq: b3lyp/6-311G** em=gd3bj
energy: M062X/6-311G+(2d, p) em=gd3"
458,a-c6+a-b19+a-b32,FC(F)C(F)(F)C[N-]c1ccccn1,imide anion,-817.9266479,0.099105,0.152971,474.335896,-0.01061,0.1473,6.0384,-817.8275429,-817.7736769,4.295152,Gaussian,QC,"opt+freq: b3lyp/6-311G** em=gd3bj
energy: M062X/6-311G+(2d, p) em=gd3"
459,a-c6+a-b19+a-b33,c1ccc([N-]c2cccnc2)nc1,imide anion,-550.1015676,0.117956,0.16523,416.295448,-0.02517,0.11943,4.4675,-549.9836115999999,-549.9363376,3.93312,Gaussian,QC,"opt+freq: b3lyp/6-311G** em=gd3bj
energy: M062X/6-311G+(2d, p) em=gd3"
460,a-c6+a-b19+a-b35,O=S(=O)([N-]c1ccccn1)C(F)(F)C(F)(F)F,imide anion,-1426.5082219,0.070167,0.131021,535.8783520000001,-0.08581,0.10216,5.4741,-1426.4380549,-1426.3772009,5.112784,Gaussian,QC,"opt+freq: b3lyp/6-311G** em=gd3bj
energy: M062X/6-311G+(2d, p) em=gd3"
461,a-c6+a-b19+a-b36,CCCCCCCCC[N-]c1ccccn1,imide anion,-656.7622098,0.288316,0.353605,574.927624,-0.00257,0.11927,10.0111,-656.4738938,-656.4086048,3.314048,Gaussian,QC,"opt+freq: b3lyp/6-311G** em=gd3bj
energy: M062X/6-311G+(2d, p) em=gd3"
462,a-c6+a-b20+a-b21,CC(=O)[N-]S(=O)(=O)C(F)(F)C(F)(F)C(F)(F)F,imide anion,-1569.8798624,0.047722,0.114325,586.504752,-0.09971,0.14074,9.0102,-1569.8321404,-1569.7655374,6.54024,Gaussian,QC,"opt+freq: b3lyp/6-311G** em=gd3bj
energy: M062X/6-311G+(2d, p) em=gd3"
463,a-c6+a-b20+a-b22,CO[N-]S(=O)(=O)C(F)(F)C(F)(F)C(F)(F)F,imide anion,-1531.6806057,0.044638,0.107448,553.10388,-0.07575,0.14623,8.4562,-1531.6359677,-1531.5731577,6.037856000000001,Gaussian,QC,"opt+freq: b3lyp/6-311G** em=gd3bj
energy: M062X/6-311G+(2d, p) em=gd3"
464,a-c6+a-b20+a-b23,O=S(=O)([N-]CC(F)(F)F)C(F)(F)C(F)(F)C(F)(F)F,imide anion,-1793.6008086,0.042931,0.111784,606.315992,-0.10375,0.14952,6.7778,-1793.5578776,-1793.4890246,6.888944,Gaussian,QC,"opt+freq: b3lyp/6-311G** em=gd3bj
energy: M062X/6-311G+(2d, p) em=gd3"
465,a-c6+a-b20+a-b25,CCCCC[N-]S(=O)(=O)C(F)(F)C(F)(F)C(F)(F)F,imide anion,-1613.7485193,0.146021,0.21873,640.273336,-0.09116,0.14256,4.852,-1613.6024983,-1613.5297893,6.357183999999999,Gaussian,QC,"opt+freq: b3lyp/6-311G** em=gd3bj
energy: M062X/6-311G+(2d, p) em=gd3"
466,a-c6+a-b20+a-b26,O=S(=O)([N-]c1ccccc1)C(F)(F)C(F)(F)C(F)(F)F,imide anion,-1648.2562988,0.089312,0.157128,597.190688,-0.0765,0.11616,6.8011,-1648.1669868,-1648.0991708,5.240352,Gaussian,QC,"opt+freq: b3lyp/6-311G** em=gd3bj
energy: M062X/6-311G+(2d, p) em=gd3"
467,a-c6+a-b20+a-b28,O=C(O)C[N-]S(=O)(=O)C(F)(F)C(F)(F)C(F)(F)F,imide anion,-1645.1129923,0.05563,0.120958,575.27908,-0.10255,0.13194,6.3188,-1645.0573623,-1644.9920343,6.378128,Gaussian,QC,"opt+freq: b3lyp/6-311G** em=gd3bj
energy: M062X/6-311G+(2d, p) em=gd3"
468,a-c6+a-b20+a-b30,O=S(=O)([N-]C1CCCCC1)C(F)(F)C(F)(F)C(F)(F)F,imide anion,-1651.8618762,0.15573,0.226018,618.951672,-0.08665,0.13869,6.7088,-1651.7061462,-1651.6358582,6.129248,Gaussian,QC,"opt+freq: b3lyp/6-311G** em=gd3bj
energy: M062X/6-311G+(2d, p) em=gd3"
469,a-c6+a-b20+a-b34,O=S(=O)([N-]C1CCCN1)C(F)(F)C(F)(F)C(F)(F)F,imide anion,-1628.5893183,0.117713,0.186307,604.04408,-0.08336,0.1499,6.1741,-1628.4716053,-1628.4030113,6.344672,Gaussian,QC,"opt+freq: b3lyp/6-311G** em=gd3bj
energy: M062X/6-311G+(2d, p) em=gd3"
470,a-c6+a-b21+a-b23,CC(=O)[N-]CC(F)(F)F,imide anion,-584.9896886,0.053659,0.099993,408.0194960000001,-0.0257,0.20484,4.3473,-584.9360296,-584.8896956,6.270688,Gaussian,QC,"opt+freq: b3lyp/6-311G** em=gd3bj
energy: M062X/6-311G+(2d, p) em=gd3"
471,a-c6+a-b21+a-b24,CC(=O)[N-]Cc1ccccc1,imide anion,-478.9350332,0.126879,0.174675,420.88948,-0.02325,0.12282,5.9996,-478.8081542,-478.7603582,3.973104,Gaussian,QC,"opt+freq: b3lyp/6-311G** em=gd3bj
energy: M062X/6-311G+(2d, p) em=gd3"
472,a-c6+a-b21+a-b25,CCCCC[N-]C(C)=O,imide anion,-405.1169232,0.156356,0.206125,438.261448,-0.00786,0.15192,8.088,-404.9605672,-404.9107982,4.346016,Gaussian,QC,"opt+freq: b3lyp/6-311G** em=gd3bj
energy: M062X/6-311G+(2d, p) em=gd3"
473,a-c6+a-b21+a-b26,CC(=O)[N-]c1ccccc1,imide anion,-439.6445772,0.101104,0.145778,393.392232,-0.02826,0.14786,2.8966,-439.5434732,-439.4987992,4.790464,Gaussian,QC,"opt+freq: b3lyp/6-311G** em=gd3bj
energy: M062X/6-311G+(2d, p) em=gd3"
474,a-c6+a-b21+a-b27,CCCCCCCCCCCC[N-]C(C)=O,imide anion,-680.2494467,0.336331,0.408956,639.541136,-0.0105,0.09789,21.1894,-679.9131157,-679.8404907,2.948208,Gaussian,QC,"opt+freq: b3lyp/6-311G** em=gd3bj
energy: M062X/6-311G+(2d, p) em=gd3"
475,a-c6+a-b21+a-b28,CC(=O)[N-]CC(=O)O,imide anion,-436.4925977,0.066318,0.10929,378.409328,-0.0219,0.17697,2.3868,-436.4262797,-436.3833077,5.409263999999999,Gaussian,QC,"opt+freq: b3lyp/6-311G** em=gd3bj
energy: M062X/6-311G+(2d, p) em=gd3"
476,a-c6+a-b21+a-b30,CC(=O)[N-]C1CCCCC1,imide anion,-443.2436592,0.16722,0.214119,412.990088,-0.01456,0.15706,6.256,-443.0764392,-443.0295402,4.668063999999999,Gaussian,QC,"opt+freq: b3lyp/6-311G** em=gd3bj
energy: M062X/6-311G+(2d, p) em=gd3"
477,a-c6+a-b21+a-b31,CC(=O)[N-]c1cccc(C)c1C,imide anion,-518.2591061,0.149252,0.202429,468.269096,-0.02978,0.14558,5.0883,-518.1098541,-518.0566771,4.769792,Gaussian,QC,"opt+freq: b3lyp/6-311G** em=gd3bj
energy: M062X/6-311G+(2d, p) em=gd3"
478,a-c6+a-b21+a-b32,CC(=O)[N-]CC(F)(F)C(F)F,imide anion,-723.5231297,0.070272,0.122166,456.980664,-0.02545,0.17236,7.0651,-723.4528577,-723.4009637,5.380432,Gaussian,QC,"opt+freq: b3lyp/6-311G** em=gd3bj
energy: M062X/6-311G+(2d, p) em=gd3"
479,a-c6+a-b21+a-b33,CC(=O)[N-]c1cccnc1,imide anion,-455.6931213,0.090155,0.134563,391.061744,-0.03668,0.13149,1.3633,-455.6029663,-455.5585583,4.574223999999999,Gaussian,QC,"opt+freq: b3lyp/6-311G** em=gd3bj
energy: M062X/6-311G+(2d, p) em=gd3"
480,a-c6+a-b21+a-b35,CC(=O)[N-]S(=O)(=O)C(F)(F)C(F)(F)F,imide anion,-1332.0868958,0.03927,0.099688,532.0416240000001,-0.09789,0.15303,6.3375,-1332.0476258,-1331.9872078,6.825024000000001,Gaussian,QC,"opt+freq: b3lyp/6-311G** em=gd3bj
energy: M062X/6-311G+(2d, p) em=gd3"
481,a-c6+a-b21+a-b36,CCCCCCCCC[N-]C(C)=O,imide anion,-562.3357953,0.259302,0.322024,552.334024,-0.01003,0.11552,15.1942,-562.0764932999999,-562.0137712999999,3.41496,Gaussian,QC,"opt+freq: b3lyp/6-311G** em=gd3bj
energy: M062X/6-311G+(2d, p) em=gd3"
482,a-c6+a-b21+a-b37,CC(=O)[N-]C(C(F)(F)F)C(F)(F)F,imide anion,-922.0470225,0.054795,0.108316,471.302496,-0.04519,0.19707,3.6588,-921.9922275,-921.9387065000001,6.589472,Gaussian,QC,"opt+freq: b3lyp/6-311G** em=gd3bj
energy: M062X/6-311G+(2d, p) em=gd3"
483,a-c6+a-b21+a-b38,CC(=O)[N-]CC(F)(F)C(F)(F)C(F)(F)C(F)F,imide anion,-1199.1139589,0.086084,0.151473,575.806264,-0.03245,0.12698,12.6719,-1199.0278749,-1198.9624859,4.336496,Gaussian,QC,"opt+freq: b3lyp/6-311G** em=gd3bj
energy: M062X/6-311G+(2d, p) em=gd3"
484,a-c6+a-b22+a-b24,CO[N-]Cc1ccccc1,imide anion,-440.7012665,0.118336,0.165553,415.797552,0.04928,0.13378,5.5061,-440.5829305,-440.5357135,2.2984,Gaussian,QC,"opt+freq: b3lyp/6-311G** em=gd3bj
energy: M062X/6-311G+(2d, p) em=gd3"
485,a-c6+a-b22+a-b25,CCCCC[N-]OC,imide anion,-366.8897518,0.149925,0.197973,423.111184,0.06233,0.16778,5.281,-366.7398268,-366.6917788,2.868240000000001,Gaussian,QC,"opt+freq: b3lyp/6-311G** em=gd3bj
energy: M062X/6-311G+(2d, p) em=gd3"
486,a-c6+a-b22+a-b26,CO[N-]c1ccccc1,imide anion,-401.4384331,0.095039,0.138431,382.112168,0.02345,0.17211,0.8016,-401.3433941,-401.3000021,4.043552,Gaussian,QC,"opt+freq: b3lyp/6-311G** em=gd3bj
energy: M062X/6-311G+(2d, p) em=gd3"
487,a-c6+a-b22+a-b27,CCCCCCCCCCCC[N-]OC,imide anion,-642.023088,0.329195,0.400692,629.595768,0.05836,0.10382,18.2194,-641.693893,-641.622396,1.236512,Gaussian,QC,"opt+freq: b3lyp/6-311G** em=gd3bj
energy: M062X/6-311G+(2d, p) em=gd3"
488,a-c6+a-b22+a-b30,CO[N-]C1CCCCC1,imide anion,-405.0035448,0.160017,0.205558,401.032216,0.05842,0.16467,5.8873,-404.8435278,-404.7979868,2.89,Gaussian,QC,"opt+freq: b3lyp/6-311G** em=gd3bj
energy: M062X/6-311G+(2d, p) em=gd3"
489,a-c6+a-b22+a-b31,CO[N-]c1cccc(C)c1C,imide anion,-480.0547854,0.144654,0.195117,444.370088,0.01914,0.1671,1.5388,-479.9101314,-479.8596684,4.024512000000001,Gaussian,QC,"opt+freq: b3lyp/6-311G** em=gd3bj
energy: M062X/6-311G+(2d, p) em=gd3"
490,a-c6+a-b22+a-b33,CO[N-]c1cccnc1,imide anion,-417.4864732,0.084169,0.127248,379.3549120000001,0.01557,0.1574,2.6501,-417.4023042,-417.3592252,3.857776,Gaussian,QC,"opt+freq: b3lyp/6-311G** em=gd3bj
energy: M062X/6-311G+(2d, p) em=gd3"
491,a-c6+a-b22+a-b35,CO[N-]S(=O)(=O)C(F)(F)C(F)(F)F,imide anion,-1293.8872309,0.036137,0.092844,499.356216,-0.06996,0.16918,5.944,-1293.8510939,-1293.7943869,6.504607999999999,Gaussian,QC,"opt+freq: b3lyp/6-311G** em=gd3bj
energy: M062X/6-311G+(2d, p) em=gd3"
492,a-c6+a-b22+a-b36,CCCCCCCCC[N-]OC,imide anion,-524.1093335,0.252743,0.313834,537.970352,0.05894,0.12424,12.2783,-523.8565905,-523.7954995,1.77616,Gaussian,QC,"opt+freq: b3lyp/6-311G** em=gd3bj
energy: M062X/6-311G+(2d, p) em=gd3"
493,a-c6+a-b22+a-b37,CO[N-]C(C(F)(F)F)C(F)(F)F,imide anion,-883.825012,0.047778,0.100315,462.637432,0.01809,0.20417,3.432,-883.777234,-883.724697,5.061376,Gaussian,QC,"opt+freq: b3lyp/6-311G** em=gd3bj
energy: M062X/6-311G+(2d, p) em=gd3"
494,a-c6+a-b22+a-b38,CO[N-]CC(F)(F)C(F)(F)C(F)(F)C(F)F,imide anion,-1160.8785701,0.080464,0.143077,551.36752,0.03683,0.13388,11.2868,-1160.7981061,-1160.7354931,2.63976,Gaussian,QC,"opt+freq: b3lyp/6-311G** em=gd3bj
energy: M062X/6-311G+(2d, p) em=gd3"
495,a-c6+a-b23+a-b24,FC(F)(F)C[N-]Cc1ccccc1,imide anion,-702.6111673,0.116207,0.169514,469.419696,0.01959,0.12071,3.9271,-702.4949603,-702.4416533,2.750464,Gaussian,QC,"opt+freq: b3lyp/6-311G** em=gd3bj
energy: M062X/6-311G+(2d, p) em=gd3"
496,a-c6+a-b23+a-b25,CCCCC[N-]CC(F)(F)F,imide anion,-628.8057193,0.147532,0.201491,475.160144,0.02703,0.15992,2.0237,-628.6581873,-628.6042282999999,3.614608,Gaussian,QC,"opt+freq: b3lyp/6-311G** em=gd3bj
energy: M062X/6-311G+(2d, p) em=gd3"
497,a-c6+a-b23+a-b26,FC(F)(F)C[N-]c1ccccc1,imide anion,-663.3434058,0.09364,0.142084,426.588088,7e-05,0.15962,3.0292,-663.2497658,-663.2013218000001,4.339760000000001,Gaussian,QC,"opt+freq: b3lyp/6-311G** em=gd3bj
energy: M062X/6-311G+(2d, p) em=gd3"
498,a-c6+a-b23+a-b27,CCCCCCCCCCCC[N-]CC(F)(F)F,imide anion,-903.9384927,0.327258,0.404313,678.5402,0.02387,0.10023,15.09,-903.6112347,-903.5341797,2.076992,Gaussian,QC,"opt+freq: b3lyp/6-311G** em=gd3bj
energy: M062X/6-311G+(2d, p) em=gd3"
499,a-c6+a-b23+a-b28,O=C(O)C[N-]CC(F)(F)F,imide anion,-660.1697872,0.058156,0.104849,411.178416,0.01278,0.17558,5.5591,-660.1116311999999,-660.0649382,4.42816,Gaussian,QC,"opt+freq: b3lyp/6-311G** em=gd3bj
energy: M062X/6-311G+(2d, p) em=gd3"
500,a-c6+a-b23+a-b30,FC(F)(F)C[N-]C1CCCCC1,imide anion,-666.9170226,0.156921,0.209005,458.658448,0.02778,0.16007,3.255,-666.7601016,-666.7080176,3.598288,Gaussian,QC,"opt+freq: b3lyp/6-311G** em=gd3bj
energy: M062X/6-311G+(2d, p) em=gd3"
501,a-c6+a-b23+a-b31,Cc1cccc([N-]CC(F)(F)F)c1C,imide anion,-741.9593396,0.142734,0.198764,493.3982,-0.00286,0.15647,0.7801,-741.8166056,-741.7605756,4.333776,Gaussian,QC,"opt+freq: b3lyp/6-311G** em=gd3bj
energy: M062X/6-311G+(2d, p) em=gd3"
502,a-c6+a-b23+a-b32,FC(F)C(F)(F)C[N-]CC(F)(F)F,imide anion,-947.1990466,0.061643,0.117599,492.7413120000001,0.01783,0.17823,3.3136,-947.1374036,-947.0814475999999,4.36288,Gaussian,QC,"opt+freq: b3lyp/6-311G** em=gd3bj
energy: M062X/6-311G+(2d, p) em=gd3"
503,a-c6+a-b23+a-b33,FC(F)(F)C[N-]c1cccnc1,imide anion,-679.3913376,0.082689,0.130879,424.358016,-0.00836,0.14467,4.9531,-679.3086486000001,-679.2604586,4.162415999999999,Gaussian,QC,"opt+freq: b3lyp/6-311G** em=gd3bj
energy: M062X/6-311G+(2d, p) em=gd3"
504,a-c6+a-b23+a-b35,O=S(=O)([N-]CC(F)(F)F)C(F)(F)C(F)(F)F,imide anion,-1555.8073489,0.034596,0.097133,550.69808,-0.10129,0.17338,4.9322,-1555.7727529,-1555.7102159,7.471024000000001,Gaussian,QC,"opt+freq: b3lyp/6-311G** em=gd3bj
energy: M062X/6-311G+(2d, p) em=gd3"
505,a-c6+a-b23+a-b36,CCCCCCCCC[N-]CC(F)(F)F,imide anion,-786.0247999,0.25053,0.317397,588.8310560000001,0.0244,0.11917,9.0867,-785.7742698999999,-785.7074028999999,2.577744,Gaussian,QC,"opt+freq: b3lyp/6-311G** em=gd3bj
energy: M062X/6-311G+(2d, p) em=gd3"
506,a-c6+a-b23+a-b37,FC(F)(F)C[N-]C(C(F)(F)F)C(F)(F)F,imide anion,-1145.7342599,0.044915,0.104056,520.799216,-0.00729,0.20679,2.3914,-1145.6893449,-1145.6302039,5.822976,Gaussian,QC,"opt+freq: b3lyp/6-311G** em=gd3bj
energy: M062X/6-311G+(2d, p) em=gd3"
507,a-c6+a-b23+a-b38,FC(F)C(F)(F)C(F)(F)C(F)(F)C[N-]CC(F)(F)F,imide anion,-1422.7907955,0.077623,0.146926,610.2740560000001,0.00936,0.13077,8.7438,-1422.7131725,-1422.6438695,3.302352,Gaussian,QC,"opt+freq: b3lyp/6-311G** em=gd3bj
energy: M062X/6-311G+(2d, p) em=gd3"
508,a-c6+a-b24+a-b25,CCCCC[N-]Cc1ccccc1,imide anion,-522.7521654,0.219179,0.275572,496.59896,0.02744,0.12395,1.9608,-522.5329863999999,-522.4765934,2.625072,Gaussian,QC,"opt+freq: b3lyp/6-311G** em=gd3bj
energy: M062X/6-311G+(2d, p) em=gd3"
509,a-c6+a-b24+a-b26,c1ccc(C[N-]c2ccccc2)cc1,imide anion,-557.293863,0.164773,0.216219,453.026784,0.0032,0.10952,5.594,-557.12909,-557.077644,2.891904,Gaussian,QC,"opt+freq: b3lyp/6-311G** em=gd3bj
energy: M062X/6-311G+(2d, p) em=gd3"
510,a-c6+a-b24+a-b27,CCCCCCCCCCCC[N-]Cc1ccccc1,imide anion,-797.8849228,0.399,0.478398,699.175688,0.02449,0.10038,12.6906,-797.4859228,-797.4065248,2.064208,Gaussian,QC,"opt+freq: b3lyp/6-311G** em=gd3bj
energy: M062X/6-311G+(2d, p) em=gd3"
511,a-c6+a-b24+a-b28,O=C(O)C[N-]Cc1ccccc1,imide anion,-554.1170973,0.128009,0.178987,448.905544,0.01545,0.10759,8.1763,-553.9890882999999,-553.9381103,2.506208,Gaussian,QC,"opt+freq: b3lyp/6-311G** em=gd3bj
energy: M062X/6-311G+(2d, p) em=gd3"
512,a-c6+a-b24+a-b30,c1ccc(C[N-]C2CCCCC2)cc1,imide anion,-560.8624587,0.228094,0.283321,486.323056,0.0302,0.12847,3.8569,-560.6343647,-560.5791377,2.672944,Gaussian,QC,"opt+freq: b3lyp/6-311G** em=gd3bj
energy: M062X/6-311G+(2d, p) em=gd3"
513,a-c6+a-b24+a-b31,Cc1cccc([N-]Cc2ccccc2)c1C,imide anion,-635.9098287,0.213592,0.272882,522.1046240000001,2e-05,0.10794,3.4005,-635.6962367000001,-635.6369467000001,2.935424,Gaussian,QC,"opt+freq: b3lyp/6-311G** em=gd3bj
energy: M062X/6-311G+(2d, p) em=gd3"
514,a-c6+a-b24+a-b32,FC(F)C(F)(F)C[N-]Cc1ccccc1,imide anion,-841.1449119,0.134181,0.191957,508.778584,0.01893,0.12709,3.1613,-841.0107309,-840.9529549,2.941952,Gaussian,QC,"opt+freq: b3lyp/6-311G** em=gd3bj
energy: M062X/6-311G+(2d, p) em=gd3"
515,a-c6+a-b24+a-b33,c1ccc(C[N-]c2cccnc2)cc1,imide anion,-573.3419177,0.153899,0.205071,450.625168,-0.0046,0.10497,7.425,-573.1880186999999,-573.1368467,2.980304,Gaussian,QC,"opt+freq: b3lyp/6-311G** em=gd3bj
energy: M062X/6-311G+(2d, p) em=gd3"
516,a-c6+a-b24+a-b35,O=S(=O)([N-]Cc1ccccc1)C(F)(F)C(F)(F)F,imide anion,-1449.7582035,0.105849,0.171374,577.011256,-0.09203,0.09403,5.6353,-1449.6523545,-1449.5868295,5.060832,Gaussian,QC,"opt+freq: b3lyp/6-311G** em=gd3bj
energy: M062X/6-311G+(2d, p) em=gd3"
517,a-c6+a-b24+a-b36,CCCCCCCCC[N-]Cc1ccccc1,imide anion,-679.9712073,0.321993,0.391467,611.78448,0.02502,0.11941,6.6326,-679.6492142999999,-679.5797402999999,2.567408,Gaussian,QC,"opt+freq: b3lyp/6-311G** em=gd3bj
energy: M062X/6-311G+(2d, p) em=gd3"
518,a-c6+a-b24+a-b37,FC(F)(F)C([N-]Cc1ccccc1)C(F)(F)F,imide anion,-1039.686185,0.116299,0.178153,544.681488,-0.00299,0.11344,3.0807,-1039.569886,-1039.508032,3.166896,Gaussian,QC,"opt+freq: b3lyp/6-311G** em=gd3bj
energy: M062X/6-311G+(2d, p) em=gd3"
519,a-c6+a-b25+a-b26,CCCCC[N-]c1ccccc1,imide anion,-483.4861697,0.196557,0.248839,460.3948080000001,0.01035,0.14976,4.4693,-483.2896127,-483.2373307,3.791952,Gaussian,QC,"opt+freq: b3lyp/6-311G** em=gd3bj
energy: M062X/6-311G+(2d, p) em=gd3"
520,a-c6+a-b25+a-b27,CCCCCCCCCCCC[N-]CCCCC,imide anion,-724.0721701,0.430479,0.510548,705.0834960000001,0.03818,0.10123,14.0885,-723.6416911,-723.5616221,1.71496,Gaussian,QC,"opt+freq: b3lyp/6-311G** em=gd3bj
energy: M062X/6-311G+(2d, p) em=gd3"
521,a-c6+a-b25+a-b28,CCCCC[N-]CC(=O)O,imide anion,-480.3037773,0.160484,0.211369,448.089664,0.03231,0.16323,3.8877,-480.1432933,-480.0924083,3.561023999999999,Gaussian,QC,"opt+freq: b3lyp/6-311G** em=gd3bj
energy: M062X/6-311G+(2d, p) em=gd3"
522,a-c6+a-b25+a-b30,CCCCC[N-]C1CCCCC1,imide anion,-487.0571152,0.259336,0.314961,489.829248,0.03973,0.16023,2.0258,-486.7977792,-486.7421542,3.2776,Gaussian,QC,"opt+freq: b3lyp/6-311G** em=gd3bj
energy: M062X/6-311G+(2d, p) em=gd3"
523,a-c6+a-b25+a-b31,CCCCC[N-]c1cccc(C)c1C,imide anion,-562.1024082,0.245684,0.305537,527.062664,0.00724,0.14791,2.7869,-561.8567242,-561.7968712,3.826224,Gaussian,QC,"opt+freq: b3lyp/6-311G** em=gd3bj
energy: M062X/6-311G+(2d, p) em=gd3"
524,a-c6+a-b25+a-b32,CCCCC[N-]CC(F)(F)C(F)F,imide anion,-767.3399436,0.164449,0.223664,521.4477360000001,0.02725,0.16077,1.695,-767.1754946,-767.1162796,3.631744,Gaussian,QC,"opt+freq: b3lyp/6-311G** em=gd3bj
energy: M062X/6-311G+(2d, p) em=gd3"
525,a-c6+a-b25+a-b33,CCCCC[N-]c1cccnc1,imide anion,-499.5326944,0.185044,0.23764,463.156248,0.00573,0.13624,8.2822,-499.3476504,-499.2950544,3.549872,Gaussian,QC,"opt+freq: b3lyp/6-311G** em=gd3bj
energy: M062X/6-311G+(2d, p) em=gd3"
526,a-c6+a-b25+a-b34,CCCCC[N-]C1CCCN1,imide anion,-463.7773739,0.220802,0.275488,481.565848,0.03929,0.14874,5.5484,-463.5565719,-463.5018859,2.977040000000001,Gaussian,QC,"opt+freq: b3lyp/6-311G** em=gd3bj
energy: M062X/6-311G+(2d, p) em=gd3"
527,a-c6+a-b25+a-b35,CCCCC[N-]S(=O)(=O)C(F)(F)C(F)(F)F,imide anion,-1375.9554454,0.13838,0.204084,578.58444,-0.08808,0.14515,3.6117,-1375.8170654,-1375.7513614,6.343856,Gaussian,QC,"opt+freq: b3lyp/6-311G** em=gd3bj
energy: M062X/6-311G+(2d, p) em=gd3"
528,a-c6+a-b25+a-b36,CCCCCCCCC[N-]CCCCC,imide anion,-606.1583949,0.352391,0.423527,626.424296,0.03867,0.12057,8.2646,-605.8060039,-605.7348678999999,2.22768,Gaussian,QC,"opt+freq: b3lyp/6-311G** em=gd3bj
energy: M062X/6-311G+(2d, p) em=gd3"
529,a-c6+a-b25+a-b37,CCCCC[N-]C(C(F)(F)F)C(F)(F)F,imide anion,-965.8769859,0.1476,0.210573,554.534808,0.00521,0.15834,1.6775,-965.7293859,-965.6664129000001,4.165136,Gaussian,QC,"opt+freq: b3lyp/6-311G** em=gd3bj
energy: M062X/6-311G+(2d, p) em=gd3"
530,a-c6+a-b25+a-b38,CCCCC[N-]CC(F)(F)C(F)(F)C(F)(F)C(F)F,imide anion,-1242.9318824,0.180342,0.253033,640.1143440000001,0.01928,0.13197,7.4537,-1242.7515404,-1242.6788494,3.065168,Gaussian,QC,"opt+freq: b3lyp/6-311G** em=gd3bj
energy: M062X/6-311G+(2d, p) em=gd3"
531,a-c6+a-b26+a-b27,CCCCCCCCCCCC[N-]c1ccccc1,imide anion,-758.6165515,0.376007,0.451687,666.4275200000001,0.01195,0.09315,20.1336,-758.2405445,-758.1648645,2.20864,Gaussian,QC,"opt+freq: b3lyp/6-311G** em=gd3bj
energy: M062X/6-311G+(2d, p) em=gd3"
532,a-c6+a-b26+a-b28,O=C(O)C[N-]c1ccccc1,imide anion,-514.8755794,0.104195,0.150543,408.140832,-0.02091,0.14093,3.8547,-514.7713844,-514.7250364,4.402048000000001,Gaussian,QC,"opt+freq: b3lyp/6-311G** em=gd3bj
energy: M062X/6-311G+(2d, p) em=gd3"
533,a-c6+a-b26+a-b30,c1ccc([N-]C2CCCCC2)cc1,imide anion,-521.5924461,0.206461,0.256377,439.554304,0.01218,0.14717,5.9442,-521.3859851,-521.3360690999999,3.671728,Gaussian,QC,"opt+freq: b3lyp/6-311G** em=gd3bj
energy: M062X/6-311G+(2d, p) em=gd3"
534,a-c6+a-b26+a-b31,Cc1cccc([N-]c2ccccc2)c1C,imide anion,-596.6219361,0.188766,0.244503,490.816672,-0.01058,0.13784,2.1398,-596.4331701,-596.3774331,4.037024,Gaussian,QC,"opt+freq: b3lyp/6-311G** em=gd3bj
energy: M062X/6-311G+(2d, p) em=gd3"
535,a-c6+a-b26+a-b32,FC(F)C(F)(F)C[N-]c1ccccc1,imide anion,-801.8771278,0.110192,0.164241,475.955104,0.00147,0.16006,5.3723,-801.7669358,-801.7128868000001,4.313648,Gaussian,QC,"opt+freq: b3lyp/6-311G** em=gd3bj
energy: M062X/6-311G+(2d, p) em=gd3"
536,a-c6+a-b26+a-b33,c1ccc([N-]c2cccnc2)cc1,imide anion,-534.0537365,0.129158,0.176644,418.161512,-0.01632,0.1245,3.367,-533.9245785,-533.8770925,3.830304,Gaussian,QC,"opt+freq: b3lyp/6-311G** em=gd3bj
energy: M062X/6-311G+(2d, p) em=gd3"
537,a-c6+a-b26+a-b35,O=S(=O)([N-]c1ccccc1)C(F)(F)C(F)(F)F,imide anion,-1410.4629835,0.081335,0.142496,538.577032,-0.07467,0.11752,5.0388,-1410.3816485,-1410.3204875,5.227568,Gaussian,QC,"opt+freq: b3lyp/6-311G** em=gd3bj
energy: M062X/6-311G+(2d, p) em=gd3"
538,a-c6+a-b26+a-b36,CCCCCCCCC[N-]c1ccccc1,imide anion,-640.7029055,0.2987,0.364712,581.299856,0.01227,0.10849,14.0743,-640.4042055,-640.3381935,2.617184,Gaussian,QC,"opt+freq: b3lyp/6-311G** em=gd3bj
energy: M062X/6-311G+(2d, p) em=gd3"
539,a-c6+a-b26+a-b37,FC(F)(F)C([N-]c1ccccc1)C(F)(F)F,imide anion,-1000.4131027,0.092866,0.150294,505.711712,-0.0176,0.14621,3.5192,-1000.3202367,-1000.2628087,4.455632,Gaussian,QC,"opt+freq: b3lyp/6-311G** em=gd3bj
energy: M062X/6-311G+(2d, p) em=gd3"
540,a-c6+a-b26+a-b38,FC(F)C(F)(F)C(F)(F)C(F)(F)C[N-]c1ccccc1,imide anion,-1277.4673612,0.126081,0.193547,594.102896,-0.00402,0.12382,10.8984,-1277.3412802,-1277.2738142,3.477248,Gaussian,QC,"opt+freq: b3lyp/6-311G** em=gd3bj
energy: M062X/6-311G+(2d, p) em=gd3"
541,a-c6+a-b27+a-b28,CCCCCCCCCCCC[N-]CC(=O)O,imide anion,-755.4367515,0.340528,0.4142,648.7584879999999,0.02894,0.10249,16.1864,-755.0962235000001,-755.0225515,2.00056,Gaussian,QC,"opt+freq: b3lyp/6-311G** em=gd3bj
energy: M062X/6-311G+(2d, p) em=gd3"
542,a-c6+a-b27+a-b30,CCCCCCCCCCCC[N-]C1CCCCC1,imide anion,-762.190087,0.439444,0.517877,690.682168,0.03564,0.10183,12.683,-761.750643,-761.67221,1.800368,Gaussian,QC,"opt+freq: b3lyp/6-311G** em=gd3bj
energy: M062X/6-311G+(2d, p) em=gd3"
543,a-c6+a-b27+a-b32,CCCCCCCCCCCC[N-]CC(F)(F)C(F)F,imide anion,-1042.4728068,0.344809,0.426549,719.798624,0.02412,0.10069,11.3191,-1042.1279978,-1042.0462578,2.082704,Gaussian,QC,"opt+freq: b3lyp/6-311G** em=gd3bj
energy: M062X/6-311G+(2d, p) em=gd3"
544,a-c6+a-b27+a-b33,CCCCCCCCCCCC[N-]c1cccnc1,imide anion,-774.6682503,0.364967,0.440295,663.33136,-0.00099,0.09576,18.634,-774.3032833,-774.2279553,2.6316,Gaussian,QC,"opt+freq: b3lyp/6-311G** em=gd3bj
energy: M062X/6-311G+(2d, p) em=gd3"
545,a-c6+a-b28+a-b30,O=C(O)C[N-]C1CCCCC1,imide anion,-518.492642,0.172369,0.221878,435.981168,-0.02757,0.13672,11.8563,-518.320273,-518.2707640000001,4.468688,Gaussian,QC,"opt+freq: b3lyp/6-311G** em=gd3bj
energy: M062X/6-311G+(2d, p) em=gd3"
546,a-c6+a-b28+a-b31,Cc1cccc([N-]CC(=O)O)c1C,imide anion,-593.4658402,0.153235,0.207854,480.967536,0.00163,0.14134,1.8641,-593.3126052,-593.2579862,3.800112,Gaussian,QC,"opt+freq: b3lyp/6-311G** em=gd3bj
energy: M062X/6-311G+(2d, p) em=gd3"
547,a-c6+a-b28+a-b32,O=C(O)C[N-]CC(F)(F)C(F)F,imide anion,-798.7049765,0.07532,0.127076,455.7631200000001,0.0128,0.16637,7.9398,-798.6296565,-798.5779005,4.177103999999999,Gaussian,QC,"opt+freq: b3lyp/6-311G** em=gd3bj
energy: M062X/6-311G+(2d, p) em=gd3"
548,a-c6+a-b28+a-b33,O=C(O)C[N-]c1cccnc1,imide anion,-530.8912231,0.09279,0.13958,412.036136,-0.01104,0.13343,4.9244,-530.7984331,-530.7516431,3.929584,Gaussian,QC,"opt+freq: b3lyp/6-311G** em=gd3bj
energy: M062X/6-311G+(2d, p) em=gd3"
549,a-c6+a-b28+a-b35,O=C(O)C[N-]S(=O)(=O)C(F)(F)C(F)(F)F,imide anion,-1407.319524,0.047528,0.106311,517.64448,-0.09977,0.1357,3.8898,-1407.271996,-1407.213213,6.404783999999999,Gaussian,QC,"opt+freq: b3lyp/6-311G** em=gd3bj
energy: M062X/6-311G+(2d, p) em=gd3"
550,a-c6+a-b28+a-b36,CCCCCCCCC[N-]CC(=O)O,imide anion,-637.5229975,0.26335,0.327228,562.513696,0.02953,0.12219,10.4571,-637.2596475,-637.1957695,2.520352,Gaussian,QC,"opt+freq: b3lyp/6-311G** em=gd3bj
energy: M062X/6-311G+(2d, p) em=gd3"
551,a-c6+a-b28+a-b37,O=C(O)C[N-]C(C(F)(F)F)C(F)(F)F,imide anion,-997.2880411,0.059296,0.115261,492.824992,-0.04849,0.15739,11.6694,-997.2287451,-997.1727801,5.599936,Gaussian,QC,"opt+freq: b3lyp/6-311G** em=gd3bj
energy: M062X/6-311G+(2d, p) em=gd3"
552,a-c6+a-b28+a-b38,O=C(O)C[N-]CC(F)(F)C(F)(F)C(F)(F)C(F)F,imide anion,-1274.295689,0.090947,0.15638,576.195376,0.0049,0.12358,13.3511,-1274.204742,-1274.139309,3.228096,Gaussian,QC,"opt+freq: b3lyp/6-311G** em=gd3bj
energy: M062X/6-311G+(2d, p) em=gd3"
553,a-c6+a-b30+a-b31,Cc1cccc([N-]C2CCCCC2)c1C,imide anion,-600.2084322,0.255654,0.313032,505.264024,0.00836,0.14569,3.649,-599.9527781999999,-599.8954001999999,3.735375999999999,Gaussian,QC,"opt+freq: b3lyp/6-311G** em=gd3bj
energy: M062X/6-311G+(2d, p) em=gd3"
554,a-c6+a-b30+a-b32,FC(F)C(F)(F)C[N-]C1CCCCC1,imide anion,-805.4512536,0.17417,0.23113,501.590472,0.0283,0.16094,3.1967,-805.2770836,-805.2201236,3.607808,Gaussian,QC,"opt+freq: b3lyp/6-311G** em=gd3bj
energy: M062X/6-311G+(2d, p) em=gd3"
555,a-c6+a-b30+a-b33,c1cncc([N-]C2CCCCC2)c1,imide anion,-537.6412046,0.195496,0.245196,437.650584,0.00444,0.14356,7.9239,-537.4457086,-537.3960086000001,3.784064,Gaussian,QC,"opt+freq: b3lyp/6-311G** em=gd3bj
energy: M062X/6-311G+(2d, p) em=gd3"
556,a-c6+a-b30+a-b34,C1CCC([N-]C2CCCN2)CC1,imide anion,-501.8748826,0.23374,0.283423,437.5041440000001,0.03158,0.15807,5.3444,-501.6411426,-501.5914596,3.440528,Gaussian,QC,"opt+freq: b3lyp/6-311G** em=gd3bj
energy: M062X/6-311G+(2d, p) em=gd3"
557,a-c6+a-b30+a-b35,O=S(=O)([N-]C1CCCCC1)C(F)(F)C(F)(F)F,imide anion,-1414.0686667,0.147391,0.211406,563.714504,-0.08465,0.13859,6.0902,-1413.9212757,-1413.8572607,6.072127999999999,Gaussian,QC,"opt+freq: b3lyp/6-311G** em=gd3bj
energy: M062X/6-311G+(2d, p) em=gd3"
558,a-c6+a-b30+a-b36,CCCCCCCCC[N-]C1CCCCC1,imide anion,-644.2763185,0.36255,0.430886,601.767984,0.03714,0.1211,6.8004,-643.9137685,-643.8454325,2.283712,Gaussian,QC,"opt+freq: b3lyp/6-311G** em=gd3bj
energy: M062X/6-311G+(2d, p) em=gd3"
559,a-c6+a-b30+a-b37,FC(F)(F)C([N-]C1CCCCC1)C(F)(F)F,imide anion,-1003.9923112,0.155552,0.217645,546.7902240000001,0.00476,0.15257,2.2622,-1003.8367592,-1003.7746662,4.020432,Gaussian,QC,"opt+freq: b3lyp/6-311G** em=gd3bj
energy: M062X/6-311G+(2d, p) em=gd3"
560,a-c6+a-b31+a-b33,Cc1cccc([N-]c2cccnc2)c1C,imide anion,-612.6685772,0.178025,0.233163,485.5490160000001,-0.01712,0.12387,4.5583,-612.4905521999999,-612.4354142,3.834928,Gaussian,QC,"opt+freq: b3lyp/6-311G** em=gd3bj
energy: M062X/6-311G+(2d, p) em=gd3"
561,a-c6+a-b31+a-b35,Cc1cccc([N-]S(=O)(=O)C(F)(F)C(F)(F)F)c1C,imide anion,-1489.0783536,0.130042,0.199238,609.3410240000001,-0.0782,0.11817,4.9546,-1488.9483116,-1488.8791156,5.341264,Gaussian,QC,"opt+freq: b3lyp/6-311G** em=gd3bj
energy: M062X/6-311G+(2d, p) em=gd3"
562,a-c6+a-b31+a-b37,Cc1cccc([N-]C(C(F)(F)F)C(F)(F)F)c1C,imide anion,-1079.0185634,0.142907,0.207111,565.38392,-0.01687,0.15037,1.9967,-1078.8756564,-1078.8114524,4.548928,Gaussian,QC,"opt+freq: b3lyp/6-311G** em=gd3bj
energy: M062X/6-311G+(2d, p) em=gd3"
563,a-c6+a-b32+a-b33,FC(F)C(F)(F)C[N-]c1cccnc1,imide anion,-817.9251313,0.099236,0.153042,473.812896,-0.0068,0.14569,7.0456,-817.8258953,-817.7720893,4.147728,Gaussian,QC,"opt+freq: b3lyp/6-311G** em=gd3bj
energy: M062X/6-311G+(2d, p) em=gd3"
564,a-c6+a-b32+a-b35,O=S(=O)([N-]CC(F)(F)C(F)F)C(F)(F)C(F)(F)F,imide anion,-1694.3412192,0.050781,0.119312,603.483424,-0.0989,0.15385,5.8205,-1694.2904382,-1694.2219072,6.874799999999999,Gaussian,QC,"opt+freq: b3lyp/6-311G** em=gd3bj
energy: M062X/6-311G+(2d, p) em=gd3"
565,a-c6+a-b32+a-b36,CCCCCCCCC[N-]CC(F)(F)C(F)F,imide anion,-924.5590439,0.267195,0.33955,637.152072,0.02466,0.11974,5.5705,-924.2918489,-924.2194939,2.586176,Gaussian,QC,"opt+freq: b3lyp/6-311G** em=gd3bj
energy: M062X/6-311G+(2d, p) em=gd3"
566,a-c6+a-b32+a-b37,FC(F)C(F)(F)C[N-]C(C(F)(F)F)C(F)(F)F,imide anion,-1284.2695296,0.061774,0.126177,567.132832,-0.00668,0.17512,1.6813,-1284.2077556,-1284.1433526,4.94496,Gaussian,QC,"opt+freq: b3lyp/6-311G** em=gd3bj
energy: M062X/6-311G+(2d, p) em=gd3"
567,a-c6+a-b33+a-b35,O=S(=O)([N-]c1cccnc1)C(F)(F)C(F)(F)F,imide anion,-1426.508942,0.070288,0.13119,536.300936,-0.08355,0.09962,4.7242,-1426.438654,-1426.377752,4.982224,Gaussian,QC,"opt+freq: b3lyp/6-311G** em=gd3bj
energy: M062X/6-311G+(2d, p) em=gd3"
568,a-c6+a-b33+a-b36,CCCCCCCCC[N-]c1cccnc1,imide anion,-656.7512718,0.287763,0.353537,579.203672,0.00437,0.10671,15.7888,-656.4635088,-656.3977348000001,2.783648,Gaussian,QC,"opt+freq: b3lyp/6-311G** em=gd3bj
energy: M062X/6-311G+(2d, p) em=gd3"
569,a-c6+a-b33+a-b37,FC(F)(F)C([N-]c1cccnc1)C(F)(F)F,imide anion,-1016.4601264,0.081857,0.139053,503.665736,-0.02614,0.13086,5.5047,-1016.3782694,-1016.3210734,4.2704,Gaussian,QC,"opt+freq: b3lyp/6-311G** em=gd3bj
energy: M062X/6-311G+(2d, p) em=gd3"
570,a-c6+a-b34+a-b35,O=S(=O)([N-]C1CCCN1)C(F)(F)C(F)(F)F,imide anion,-1390.7877762,0.110776,0.171498,534.719384,-0.08457,0.14658,4.8482,-1390.6770002,-1390.6162782,6.28728,Gaussian,QC,"opt+freq: b3lyp/6-311G** em=gd3bj
energy: M062X/6-311G+(2d, p) em=gd3"
571,a-c6+a-b35+a-b36,CCCCCCCCC[N-]S(=O)(=O)C(F)(F)C(F)(F)F,imide anion,-1533.1742583,0.2411,0.319976,694.581656,-0.08984,0.11311,7.277,-1532.9331583,-1532.8542823,5.52024,Gaussian,QC,"opt+freq: b3lyp/6-311G** em=gd3bj
energy: M062X/6-311G+(2d, p) em=gd3"
572,a-c6+a-b35+a-b37,O=S(=O)([N-]C(C(F)(F)F)C(F)(F)F)C(F)(F)C(F)(F)F,imide anion,-1892.8561581,0.035329,0.104974,613.2907200000001,-0.1002,0.16586,4.5157,-1892.8208291,-1892.7511841,7.236832000000001,Gaussian,QC,"opt+freq: b3lyp/6-311G** em=gd3bj
energy: M062X/6-311G+(2d, p) em=gd3"
573,a-c6+a-b36+a-b37,CCCCCCCCC[N-]C(C(F)(F)F)C(F)(F)F,imide anion,-1123.0960833,0.250522,0.326478,668.858424,0.00279,0.11873,6.3327,-1122.8455613,-1122.7696053,3.153568,Gaussian,QC,"opt+freq: b3lyp/6-311G** em=gd3bj
energy: M062X/6-311G+(2d, p) em=gd3"
574,a-c7+a-b2+a-b3,CC(F)(F)S(=O)(=O)O[B-](F)(F)ONC(=N)N,fluoroborate,-1406.298706,0.091799,0.158121,584.032008,-0.0986,0.14294,6.2176,-1406.206907,-1406.140585,6.569888,Gaussian,QC,"opt+freq: b3lyp/6-311G** em=gd3bj
energy: M062X/6-311G+(2d, p) em=gd3"
575,a-c7+a-b2+a-b5,N=C(N)NO[B-](F)(F)OC(=O)C(F)(F)F,fluoroborate,-1030.9696528,0.057962,0.120783,553.200112,-0.08732,0.11939,7.695,-1030.9116908,-1030.8488698,5.622512,Gaussian,QC,"opt+freq: b3lyp/6-311G** em=gd3bj
energy: M062X/6-311G+(2d, p) em=gd3"
576,a-c7+a-b2+a-b7,N=C(N)NO[B-](F)(F)Oc1ccccc1O,fluoroborate,-886.8208146,0.129202,0.189325,529.439176,-0.08109,0.12441,1.5201,-886.6916126,-886.6314895999999,5.5896,Gaussian,QC,"opt+freq: b3lyp/6-311G** em=gd3bj
energy: M062X/6-311G+(2d, p) em=gd3"
577,a-c7+a-b2+a-b8,N=C(N)NO[B-](F)(F)OC(=O)O,fluoroborate,-769.1553427,0.064427,0.118955,480.172576,-0.0718,0.12808,3.9208,-769.0909157,-769.0363877,5.436736,Gaussian,QC,"opt+freq: b3lyp/6-311G** em=gd3bj
energy: M062X/6-311G+(2d, p) em=gd3"
578,a-c7+a-b2+a-b17,N=C(N)NO[B-](F)(F)OS(=O)(=O)C(F)(F)F,fluoroborate,-1466.2289101,0.058354,0.122739,566.978024,-0.10712,0.12382,3.4187,-1466.1705561,-1466.1061711,6.281568,Gaussian,QC,"opt+freq: b3lyp/6-311G** em=gd3bj
energy: M062X/6-311G+(2d, p) em=gd3"
579,a-c7+a-b2+a-b18,N=C(N)NO[B-](F)(F)OC(F)(F)F,fluoroborate,-917.6440329,0.052296,0.109246,501.4984240000001,-0.07793,0.12509,4.2961,-917.5917369,-917.5347869,5.522144,Gaussian,QC,"opt+freq: b3lyp/6-311G** em=gd3bj
energy: M062X/6-311G+(2d, p) em=gd3"
580,a-c7+a-b2+a-b21,CC(=O)O[B-](F)(F)ONC(=N)N,fluoroborate,-733.2357718,0.086241,0.141219,484.126456,-0.08484,0.15678,3.732,-733.1495308,-733.0945528,6.572064,Gaussian,QC,"opt+freq: b3lyp/6-311G** em=gd3bj
energy: M062X/6-311G+(2d, p) em=gd3"
581,a-c7+a-b2+a-b23,N=C(N)NO[B-](F)(F)OCC(F)(F)F,fluoroborate,-956.9266758,0.078621,0.138602,528.192344,-0.08328,0.14339,5.4291,-956.8480548,-956.7880738,6.165424,Gaussian,QC,"opt+freq: b3lyp/6-311G** em=gd3bj
energy: M062X/6-311G+(2d, p) em=gd3"
582,a-c7+a-b2+a-b24,N=C(N)NO[B-](F)(F)OCc1ccccc1,fluoroborate,-850.8767529,0.149653,0.212559,553.953232,-0.06556,0.10075,4.0448,-850.7270999000001,-850.6641939,4.523632,Gaussian,QC,"opt+freq: b3lyp/6-311G** em=gd3bj
energy: M062X/6-311G+(2d, p) em=gd3"
583,a-c7+a-b2+a-b26,N=C(N)NO[B-](F)(F)Oc1ccccc1,fluoroborate,-811.5846327,0.124079,0.183275,521.272008,-0.07362,0.11345,7.2151,-811.4605537,-811.4013577000001,5.088304,Gaussian,QC,"opt+freq: b3lyp/6-311G** em=gd3bj
energy: M062X/6-311G+(2d, p) em=gd3"
584,a-c7+a-b2+a-b30,N=C(N)NO[B-](F)(F)OC1CCCCC1,fluoroborate,-815.1882823,0.190576,0.25235,543.9785760000001,-0.05984,0.13316,3.7094,-814.9977063,-814.9359323,5.2496,Gaussian,QC,"opt+freq: b3lyp/6-311G** em=gd3bj
energy: M062X/6-311G+(2d, p) em=gd3"
585,a-c7+a-b2+a-b35,N=C(N)NO[B-](F)(F)OS(=O)(=O)C(F)(F)C(F)(F)F,fluoroborate,-1704.0181403,0.065523,0.137187,631.0727200000001,-0.10886,0.12154,9.2581,-1703.9526173,-1703.8809533,6.26688,Gaussian,QC,"opt+freq: b3lyp/6-311G** em=gd3bj
energy: M062X/6-311G+(2d, p) em=gd3"
586,a-c7+a-b3+a-b5,CC(F)(F)S(=O)(=O)O[B-](F)(F)OC(=O)C(F)(F)F,fluoroborate,-1652.5902182,0.048055,0.118845,623.3741600000001,-0.16878,0.10255,5.1988,-1652.5421632,-1652.4713732,7.380176000000001,Gaussian,QC,"opt+freq: b3lyp/6-311G** em=gd3bj
energy: M062X/6-311G+(2d, p) em=gd3"
587,a-c7+a-b3+a-b6,CC(F)(F)S(=O)(=O)O[B-](F)(F)Oc1ccncc1,fluoroborate,-1449.2595722,0.103203,0.170415,591.860272,-0.12474,0.1007,4.9322,-1449.1563692,-1449.0891572,6.131968,Gaussian,QC,"opt+freq: b3lyp/6-311G** em=gd3bj
energy: M062X/6-311G+(2d, p) em=gd3"
588,a-c7+a-b3+a-b7,CC(F)(F)S(=O)(=O)O[B-](F)(F)Oc1ccccc1O,fluoroborate,-1508.4428262,0.117292,0.187039,614.1902799999999,-0.09864,0.11089,3.478,-1508.3255342,-1508.2557872,5.699216,Gaussian,QC,"opt+freq: b3lyp/6-311G** em=gd3bj
energy: M062X/6-311G+(2d, p) em=gd3"
589,a-c7+a-b3+a-b8,CC(F)(F)S(=O)(=O)O[B-](F)(F)OC(=O)O,fluoroborate,-1390.7792733,0.054192,0.11694,552.55996,-0.15145,0.14803,5.3564,-1390.7250813,-1390.6623333,8.145855999999998,Gaussian,QC,"opt+freq: b3lyp/6-311G** em=gd3bj
energy: M062X/6-311G+(2d, p) em=gd3"
590,a-c7+a-b3+a-b9,CC(F)(F)S(=O)(=O)O[B-](F)(F)OC(=O)CF,fluoroborate,-1454.0772591,0.066053,0.132913,588.768296,-0.14644,0.13235,5.139,-1454.0112061,-1453.9443461,7.583087999999999,Gaussian,QC,"opt+freq: b3lyp/6-311G** em=gd3bj
energy: M062X/6-311G+(2d, p) em=gd3"
591,a-c7+a-b3+a-b15,CCO[B-](F)(F)OS(=O)(=O)C(C)(F)F,fluoroborate,-1280.7915868,0.09588,0.156548,534.2382240000001,-0.1304,0.15881,5.5736,-1280.6957068,-1280.6350388,7.866511999999999,Gaussian,QC,"opt+freq: b3lyp/6-311G** em=gd3bj
energy: M062X/6-311G+(2d, p) em=gd3"
592,a-c7+a-b3+a-b16,Cc1cc(Cl)ccc1O[B-](F)(F)OS(=O)(=O)C(C)(F)F,fluoroborate,-1932.1340932,0.130007,0.20203,634.2316400000001,-0.12708,0.08551,7.2042,-1932.0040862,-1931.9320632,5.782448,Gaussian,QC,"opt+freq: b3lyp/6-311G** em=gd3bj
energy: M062X/6-311G+(2d, p) em=gd3"
593,a-c7+a-b3+a-b17,CC(F)(F)S(=O)(=O)O[B-](F)(F)OS(=O)(=O)C(F)(F)F,fluoroborate,-2087.8407094,0.046396,0.12057,653.176792,-0.19062,0.13727,3.2986,-2087.7943134,-2087.7201394,8.918608,Gaussian,QC,"opt+freq: b3lyp/6-311G** em=gd3bj
energy: M062X/6-311G+(2d, p) em=gd3"
594,a-c7+a-b3+a-b18,CC(F)(F)S(=O)(=O)O[B-](F)(F)OC(F)(F)F,fluoroborate,-1539.2676081,0.04243,0.107238,570.6976000000001,-0.17346,0.146,4.8254,-1539.2251781,-1539.1603701,8.689312,Gaussian,QC,"opt+freq: b3lyp/6-311G** em=gd3bj
energy: M062X/6-311G+(2d, p) em=gd3"
595,a-c7+a-b3+a-b19,CC(F)(F)S(=O)(=O)O[B-](F)(F)Oc1ccccn1,fluoroborate,-1449.2581871,0.103179,0.170188,590.0820719999999,-0.11381,0.08995,3.9328,-1449.1550081,-1449.0879991,5.542272,Gaussian,QC,"opt+freq: b3lyp/6-311G** em=gd3bj
energy: M062X/6-311G+(2d, p) em=gd3"
596,a-c7+a-b3+a-b21,CC(=O)O[B-](F)(F)OS(=O)(=O)C(C)(F)F,fluoroborate,-1354.8455422,0.075062,0.139008,563.10364,-0.13955,0.13855,5.0657,-1354.7704802,-1354.7065342,7.56432,Gaussian,QC,"opt+freq: b3lyp/6-311G** em=gd3bj
energy: M062X/6-311G+(2d, p) em=gd3"
597,a-c7+a-b3+a-b22,COO[B-](F)(F)OS(=O)(=O)C(C)(F)F,fluoroborate,-1316.6110205,0.071348,0.132187,535.748648,-0.12256,0.15536,2.9231,-1316.5396725,-1316.4788335,7.559424,Gaussian,QC,"opt+freq: b3lyp/6-311G** em=gd3bj
energy: M062X/6-311G+(2d, p) em=gd3"
598,a-c7+a-b3+a-b23,CC(F)(F)S(=O)(=O)O[B-](F)(F)OCC(F)(F)F,fluoroborate,-1578.5541123,0.068783,0.13636,595.0819520000001,-0.15089,0.14725,6.7345,-1578.4853293,-1578.4177523,8.109407999999998,Gaussian,QC,"opt+freq: b3lyp/6-311G** em=gd3bj
energy: M062X/6-311G+(2d, p) em=gd3"
599,a-c7+a-b3+a-b24,CC(F)(F)S(=O)(=O)O[B-](F)(F)OCc1ccccc1,fluoroborate,-1472.5055173,0.140322,0.210778,620.432808,-0.13325,0.09054,7.7596,-1472.3651953,-1472.2947393,6.087088,Gaussian,QC,"opt+freq: b3lyp/6-311G** em=gd3bj
energy: M062X/6-311G+(2d, p) em=gd3"
600,a-c7+a-b3+a-b26,CC(F)(F)S(=O)(=O)O[B-](F)(F)Oc1ccccc1,fluoroborate,-1433.2094804,0.113889,0.181486,595.253496,-0.1004,0.10645,4.0028,-1433.0955914,-1433.0279944,5.62632,Gaussian,QC,"opt+freq: b3lyp/6-311G** em=gd3bj
energy: M062X/6-311G+(2d, p) em=gd3"
601,a-c7+a-b3+a-b28,CC(F)(F)S(=O)(=O)O[B-](F)(F)OCC(=O)O,fluoroborate,-1430.0595265,0.079965,0.145365,575.910864,-0.13508,0.12574,5.8305,-1429.9795615,-1429.9141615,7.094303999999999,Gaussian,QC,"opt+freq: b3lyp/6-311G** em=gd3bj
energy: M062X/6-311G+(2d, p) em=gd3"
602,a-c7+a-b3+a-b30,CC(F)(F)S(=O)(=O)O[B-](F)(F)OC1CCCCC1,fluoroborate,-1436.8165948,0.182846,0.250668,597.232528,-0.13004,0.13645,7.8029,-1436.6337488,-1436.5659268,7.248528,Gaussian,QC,"opt+freq: b3lyp/6-311G** em=gd3bj
energy: M062X/6-311G+(2d, p) em=gd3"
603,a-c7+a-b3+a-b31,Cc1cccc(O[B-](F)(F)OS(=O)(=O)C(C)(F)F)c1C,fluoroborate,-1511.8301535,0.163554,0.238274,657.980024,-0.10208,0.10377,6.2291,-1511.6665995,-1511.5918795,5.59912,Gaussian,QC,"opt+freq: b3lyp/6-311G** em=gd3bj
energy: M062X/6-311G+(2d, p) em=gd3"
604,a-c7+a-b3+a-b32,CC(F)(F)S(=O)(=O)O[B-](F)(F)OCC(F)(F)C(F)F,fluoroborate,-1717.0882553,0.085148,0.158526,646.1560400000001,-0.14877,0.14665,7.6039,-1717.0031073,-1716.9297293,8.035424,Gaussian,QC,"opt+freq: b3lyp/6-311G** em=gd3bj
energy: M062X/6-311G+(2d, p) em=gd3"
605,a-c7+a-b3+a-b33,CC(F)(F)S(=O)(=O)O[B-](F)(F)Oc1cccnc1,fluoroborate,-1449.2541219,0.102875,0.170187,592.7472799999999,-0.11094,0.08865,4.2445,-1449.1512469,-1449.0839349,5.428847999999999,Gaussian,QC,"opt+freq: b3lyp/6-311G** em=gd3bj
energy: M062X/6-311G+(2d, p) em=gd3"
606,a-c7+a-b5+a-b6,O=C(O[B-](F)(F)Oc1ccncc1)C(F)(F)F,fluoroborate,-1073.943471,0.071643,0.133334,543.2505600000001,-0.12206,0.10251,1.3603,-1073.871828,-1073.810137,6.108304,Gaussian,QC,"opt+freq: b3lyp/6-311G** em=gd3bj
energy: M062X/6-311G+(2d, p) em=gd3"
607,a-c7+a-b5+a-b7,O=C(O[B-](F)(F)Oc1ccccc1O)C(F)(F)F,fluoroborate,-1133.1274932,0.086445,0.149975,559.4384560000001,-0.09691,0.10984,1.8151,-1133.0410482,-1132.9775182,5.6236,Gaussian,QC,"opt+freq: b3lyp/6-311G** em=gd3bj
energy: M062X/6-311G+(2d, p) em=gd3"
608,a-c7+a-b5+a-b8,O=C(O)O[B-](F)(F)OC(=O)C(F)(F)F,fluoroborate,-1015.4745517,0.022684,0.080179,506.293288,-0.14587,0.10248,5.6862,-1015.4518677,-1015.3943727,6.755120000000001,Gaussian,QC,"opt+freq: b3lyp/6-311G** em=gd3bj
energy: M062X/6-311G+(2d, p) em=gd3"
609,a-c7+a-b5+a-b9,O=C(CF)O[B-](F)(F)OC(=O)C(F)(F)F,fluoroborate,-1078.7643619,0.034534,0.096086,542.020464,-0.14048,0.11225,2.279,-1078.7298279,-1078.6682759,6.874256,Gaussian,QC,"opt+freq: b3lyp/6-311G** em=gd3bj
energy: M062X/6-311G+(2d, p) em=gd3"
610,a-c7+a-b5+a-b15,CCO[B-](F)(F)OC(=O)C(F)(F)F,fluoroborate,-905.4720406,0.061252,0.119454,512.523264,-0.11241,0.13028,2.6806,-905.4107886,-905.3525866,6.601168,Gaussian,QC,"opt+freq: b3lyp/6-311G** em=gd3bj
energy: M062X/6-311G+(2d, p) em=gd3"
611,a-c7+a-b5+a-b16,Cc1cc(Cl)ccc1O[B-](F)(F)OC(=O)C(F)(F)F,fluoroborate,-1556.8142971,0.094436,0.16501,621.4746240000001,-0.11492,0.09522,4.86,-1556.7198611,-1556.6492871,5.715808,Gaussian,QC,"opt+freq: b3lyp/6-311G** em=gd3bj
energy: M062X/6-311G+(2d, p) em=gd3"
612,a-c7+a-b5+a-b17,O=C(O[B-](F)(F)OS(=O)(=O)C(F)(F)F)C(F)(F)F,fluoroborate,-1712.5252801,0.014973,0.083499,603.445768,-0.17538,0.09591,2.4243,-1712.5103071,-1712.4417811,7.379088,Gaussian,QC,"opt+freq: b3lyp/6-311G** em=gd3bj
energy: M062X/6-311G+(2d, p) em=gd3"
613,a-c7+a-b5+a-b18,O=C(O[B-](F)(F)OC(F)(F)F)C(F)(F)F,fluoroborate,-1163.9509223,0.010426,0.070172,526.125448,-0.16014,0.11128,1.5866,-1163.9404963,-1163.8807503,7.382624,Gaussian,QC,"opt+freq: b3lyp/6-311G** em=gd3bj
energy: M062X/6-311G+(2d, p) em=gd3"
614,a-c7+a-b5+a-b19,O=C(O[B-](F)(F)Oc1ccccn1)C(F)(F)F,fluoroborate,-1073.9420703,0.071548,0.133097,542.003728,-0.11111,0.09192,4.3718,-1073.8705223,-1073.8089733,5.522416,Gaussian,QC,"opt+freq: b3lyp/6-311G** em=gd3bj
energy: M062X/6-311G+(2d, p) em=gd3"
615,a-c7+a-b5+a-b21,CC(=O)O[B-](F)(F)OC(=O)C(F)(F)F,fluoroborate,-979.5294193,0.041268,0.101984,534.6608080000001,-0.1278,0.11937,5.5472,-979.4881513,-979.4274353,6.723024,Gaussian,QC,"opt+freq: b3lyp/6-311G** em=gd3bj
energy: M062X/6-311G+(2d, p) em=gd3"
616,a-c7+a-b5+a-b22,COO[B-](F)(F)OC(=O)C(F)(F)F,fluoroborate,-941.2941371,0.037818,0.095158,504.933488,-0.10969,0.12535,3.6788,-941.2563190999999,-941.1989791,6.393087999999999,Gaussian,QC,"opt+freq: b3lyp/6-311G** em=gd3bj
energy: M062X/6-311G+(2d, p) em=gd3"
617,a-c7+a-b5+a-b23,O=C(O[B-](F)(F)OCC(F)(F)F)C(F)(F)F,fluoroborate,-1203.2343137,0.035259,0.099156,562.681056,-0.13903,0.11939,3.1056,-1203.1990547,-1203.1351577,7.029024,Gaussian,QC,"opt+freq: b3lyp/6-311G** em=gd3bj
energy: M062X/6-311G+(2d, p) em=gd3"
618,a-c7+a-b5+a-b24,O=C(O[B-](F)(F)OCc1ccccc1)C(F)(F)F,fluoroborate,-1097.1858308,0.107456,0.173561,582.115736,-0.12697,0.09201,5.4578,-1097.0783748,-1097.0122698,5.956256,Gaussian,QC,"opt+freq: b3lyp/6-311G** em=gd3bj
energy: M062X/6-311G+(2d, p) em=gd3"
619,a-c7+a-b5+a-b26,O=C(O[B-](F)(F)Oc1ccccc1)C(F)(F)F,fluoroborate,-1057.8932685,0.082271,0.144391,547.028712,-0.09754,0.10844,2.8769,-1057.8109975,-1057.7488775,5.602656,Gaussian,QC,"opt+freq: b3lyp/6-311G** em=gd3bj
energy: M062X/6-311G+(2d, p) em=gd3"
620,a-c7+a-b5+a-b28,O=C(O)CO[B-](F)(F)OC(=O)C(F)(F)F,fluoroborate,-1054.7602756,0.047681,0.108589,536.34696,-0.13167,0.10725,4.7315,-1054.7125946,-1054.6516866,6.498624,Gaussian,QC,"opt+freq: b3lyp/6-311G** em=gd3bj
energy: M062X/6-311G+(2d, p) em=gd3"
621,a-c7+a-b5+a-b30,O=C(O[B-](F)(F)OC1CCCCC1)C(F)(F)F,fluoroborate,-1061.4984918,0.148647,0.213358,569.844064,-0.11755,0.12733,5.6821,-1061.3498448,-1061.2851338,6.660735999999999,Gaussian,QC,"opt+freq: b3lyp/6-311G** em=gd3bj
energy: M062X/6-311G+(2d, p) em=gd3"
622,a-c7+a-b5+a-b31,Cc1cccc(O[B-](F)(F)OC(=O)C(F)(F)F)c1C,fluoroborate,-1136.5142484,0.129694,0.201204,629.71292,-0.09308,0.11071,4.9301,-1136.3845544,-1136.3130444,5.543088,Gaussian,QC,"opt+freq: b3lyp/6-311G** em=gd3bj
energy: M062X/6-311G+(2d, p) em=gd3"
623,a-c7+a-b5+a-b32,O=C(O[B-](F)(F)OCC(F)(F)C(F)F)C(F)(F)F,fluoroborate,-1341.7658527,0.052158,0.121348,609.278264,-0.13911,0.12318,5.491,-1341.7136947,-1341.6445047,7.134288000000001,Gaussian,QC,"opt+freq: b3lyp/6-311G** em=gd3bj
energy: M062X/6-311G+(2d, p) em=gd3"
624,a-c7+a-b5+a-b33,O=C(O[B-](F)(F)Oc1cccnc1)C(F)(F)F,fluoroborate,-1073.9380011,0.07132,0.133102,544.053888,-0.10831,0.09044,3.2765,-1073.8666811,-1073.8048991,5.406,Gaussian,QC,"opt+freq: b3lyp/6-311G** em=gd3bj
energy: M062X/6-311G+(2d, p) em=gd3"
625,a-c7+a-b5+a-b37,O=C(O[B-](F)(F)OC(C(F)(F)F)C(F)(F)F)C(F)(F)F,fluoroborate,-1540.2867673,0.036082,0.107064,625.0644960000001,-0.15555,0.11537,4.5202,-1540.2506853,-1540.1797033,7.369024,Gaussian,QC,"opt+freq: b3lyp/6-311G** em=gd3bj
energy: M062X/6-311G+(2d, p) em=gd3"
626,a-c7+a-b6+a-b7,Oc1ccccc1O[B-](F)(F)Oc1ccncc1,fluoroborate,-929.8007268,0.140238,0.201649,540.782,-0.09241,0.1043,2.1285,-929.6604888,-929.5990778,5.350512,Gaussian,QC,"opt+freq: b3lyp/6-311G** em=gd3bj
energy: M062X/6-311G+(2d, p) em=gd3"
627,a-c7+a-b6+a-b8,O=C(O)O[B-](F)(F)Oc1ccncc1,fluoroborate,-812.1438031,0.078074,0.131755,472.70832,-0.12516,0.10024,4.7991,-812.0657291,-812.0120481,6.130879999999999,Gaussian,QC,"opt+freq: b3lyp/6-311G** em=gd3bj
energy: M062X/6-311G+(2d, p) em=gd3"
628,a-c7+a-b6+a-b9,O=C(CF)O[B-](F)(F)Oc1ccncc1,fluoroborate,-875.4329939,0.089938,0.147663,508.326712,-0.11546,0.10776,1.9176,-875.3430559000001,-875.2853309000001,6.071583999999999,Gaussian,QC,"opt+freq: b3lyp/6-311G** em=gd3bj
energy: M062X/6-311G+(2d, p) em=gd3"
629,a-c7+a-b6+a-b15,CCO[B-](F)(F)Oc1ccncc1,fluoroborate,-702.1400313,0.116885,0.170982,476.381872,-0.09789,0.12091,0.6974,-702.0231463,-701.9690493,5.951359999999999,Gaussian,QC,"opt+freq: b3lyp/6-311G** em=gd3bj
energy: M062X/6-311G+(2d, p) em=gd3"
630,a-c7+a-b6+a-b16,Cc1cc(Cl)ccc1O[B-](F)(F)Oc1ccncc1,fluoroborate,-1353.4803085,0.150059,0.216474,584.847888,-0.10985,0.09345,4.1546,-1353.3302495,-1353.2638345,5.52976,Gaussian,QC,"opt+freq: b3lyp/6-311G** em=gd3bj
energy: M062X/6-311G+(2d, p) em=gd3"
631,a-c7+a-b6+a-b17,O=S(=O)(O[B-](F)(F)Oc1ccncc1)C(F)(F)F,fluoroborate,-1509.2005108,0.068931,0.13525,584.0027200000001,-0.13073,0.09574,3.3543,-1509.1315798,-1509.0652608,6.159984,Gaussian,QC,"opt+freq: b3lyp/6-311G** em=gd3bj
energy: M062X/6-311G+(2d, p) em=gd3"
632,a-c7+a-b6+a-b18,F[B-](F)(Oc1ccncc1)OC(F)(F)F,fluoroborate,-960.6253679,0.064938,0.121878,501.406376,-0.11612,0.10791,1.7405,-960.5604299,-960.5034899,6.093616,Gaussian,QC,"opt+freq: b3lyp/6-311G** em=gd3bj
energy: M062X/6-311G+(2d, p) em=gd3"
633,a-c7+a-b6+a-b19,F[B-](F)(Oc1ccncc1)Oc1ccccn1,fluoroborate,-870.6164745,0.12624,0.184847,516.092216,-0.10698,0.09465,4.4819,-870.4902344999999,-870.4316275,5.484336,Gaussian,QC,"opt+freq: b3lyp/6-311G** em=gd3bj
energy: M062X/6-311G+(2d, p) em=gd3"
634,a-c7+a-b6+a-b21,CC(=O)O[B-](F)(F)Oc1ccncc1,fluoroborate,-776.1977234,0.096749,0.153537,500.07168,-0.10838,0.11326,3.1365,-776.1009743999999,-776.0441864,6.028608,Gaussian,QC,"opt+freq: b3lyp/6-311G** em=gd3bj
energy: M062X/6-311G+(2d, p) em=gd3"
635,a-c7+a-b6+a-b22,COO[B-](F)(F)Oc1ccncc1,fluoroborate,-737.9623841,0.093383,0.14671,469.59124,-0.10167,0.1173,1.8506,-737.8690011,-737.8156741,5.955984,Gaussian,QC,"opt+freq: b3lyp/6-311G** em=gd3bj
energy: M062X/6-311G+(2d, p) em=gd3"
636,a-c7+a-b6+a-b23,F[B-](F)(OCC(F)(F)F)Oc1ccncc1,fluoroborate,-999.9080402,0.09065,0.150902,530.581408,-0.10682,0.11609,3.32,-999.8173902,-999.7571382,6.063152,Gaussian,QC,"opt+freq: b3lyp/6-311G** em=gd3bj
energy: M062X/6-311G+(2d, p) em=gd3"
637,a-c7+a-b6+a-b24,F[B-](F)(OCc1ccccc1)Oc1ccncc1,fluoroborate,-893.8589518,0.162726,0.225373,551.664584,-0.10356,0.09205,5.5931,-893.6962258,-893.6335788,5.320592,Gaussian,QC,"opt+freq: b3lyp/6-311G** em=gd3bj
energy: M062X/6-311G+(2d, p) em=gd3"
638,a-c7+a-b6+a-b26,F[B-](F)(Oc1ccccc1)Oc1ccncc1,fluoroborate,-854.5673497,0.136956,0.196124,521.0293360000001,-0.09446,0.10983,2.8144,-854.4303937,-854.3712257,5.556687999999999,Gaussian,QC,"opt+freq: b3lyp/6-311G** em=gd3bj
energy: M062X/6-311G+(2d, p) em=gd3"
639,a-c7+a-b6+a-b28,O=C(O)CO[B-](F)(F)Oc1ccncc1,fluoroborate,-851.4291426,0.103235,0.160159,501.272488,-0.11979,0.10366,2.898,-851.3259075999999,-851.2689836,6.077839999999999,Gaussian,QC,"opt+freq: b3lyp/6-311G** em=gd3bj
energy: M062X/6-311G+(2d, p) em=gd3"
640,a-c7+a-b6+a-b30,F[B-](F)(Oc1ccncc1)OC1CCCCC1,fluoroborate,-858.1691974,0.204203,0.265035,535.6858880000001,-0.10137,0.11835,5.9487,-857.9649944,-857.9041624,5.976383999999999,Gaussian,QC,"opt+freq: b3lyp/6-311G** em=gd3bj
energy: M062X/6-311G+(2d, p) em=gd3"
641,a-c7+a-b6+a-b31,Cc1cccc(O[B-](F)(F)Oc2ccncc2)c1C,fluoroborate,-933.182501,0.184764,0.252685,598.115352,-0.09148,0.1093,5.1926,-932.997737,-932.929816,5.461216,Gaussian,QC,"opt+freq: b3lyp/6-311G** em=gd3bj
energy: M062X/6-311G+(2d, p) em=gd3"
642,a-c7+a-b6+a-b33,F[B-](F)(Oc1ccncc1)Oc1cccnc1,fluoroborate,-870.6123558,0.1261,0.184849,517.3432320000001,-0.10494,0.09322,2.9043,-870.4862558000001,-870.4275068000001,5.389952,Gaussian,QC,"opt+freq: b3lyp/6-311G** em=gd3bj
energy: M062X/6-311G+(2d, p) em=gd3"
643,a-c7+a-b6+a-b37,F[B-](F)(Oc1ccncc1)OC(C(F)(F)F)C(F)(F)F,fluoroborate,-1336.9615178,0.09095,0.158773,597.249264,-0.1132,0.11075,5.1512,-1336.8705678,-1336.8027448,6.09144,Gaussian,QC,"opt+freq: b3lyp/6-311G** em=gd3bj
energy: M062X/6-311G+(2d, p) em=gd3"
644,a-c7+a-b7+a-b8,O=C(O)O[B-](F)(F)Oc1ccccc1O,fluoroborate,-871.3269915,0.091664,0.148332,499.0214960000001,-0.09822,0.11052,6.5835,-871.2353274999999,-871.1786595,5.677727999999999,Gaussian,QC,"opt+freq: b3lyp/6-311G** em=gd3bj
energy: M062X/6-311G+(2d, p) em=gd3"
645,a-c7+a-b7+a-b9,O=C(CF)O[B-](F)(F)Oc1ccccc1O,fluoroborate,-934.6167373,0.104323,0.164237,527.5982160000001,-0.08949,0.11917,1.1505,-934.5124142999999,-934.4525003,5.675552000000001,Gaussian,QC,"opt+freq: b3lyp/6-311G** em=gd3bj
energy: M062X/6-311G+(2d, p) em=gd3"
646,a-c7+a-b7+a-b15,CCO[B-](F)(F)Oc1ccccc1O,fluoroborate,-761.3247247,0.131554,0.187553,493.12624,-0.07123,0.13318,2.824,-761.1931707,-761.1371717000001,5.559951999999999,Gaussian,QC,"opt+freq: b3lyp/6-311G** em=gd3bj
energy: M062X/6-311G+(2d, p) em=gd3"
647,a-c7+a-b7+a-b17,O=S(=O)(O[B-](F)(F)Oc1ccccc1O)C(F)(F)F,fluoroborate,-1568.383638,0.083274,0.151888,604.215624,-0.10368,0.1062,2.9728,-1568.300364,-1568.23175,5.708736,Gaussian,QC,"opt+freq: b3lyp/6-311G** em=gd3bj
energy: M062X/6-311G+(2d, p) em=gd3"
648,a-c7+a-b7+a-b18,Oc1ccccc1O[B-](F)(F)OC(F)(F)F,fluoroborate,-1019.8082665,0.079182,0.138507,522.4184240000001,-0.09038,0.11734,2.2414,-1019.7290845,-1019.6697595,5.649984,Gaussian,QC,"opt+freq: b3lyp/6-311G** em=gd3bj
energy: M062X/6-311G+(2d, p) em=gd3"
649,a-c7+a-b7+a-b19,Oc1ccccc1O[B-](F)(F)Oc1ccccn1,fluoroborate,-929.7992721,0.140248,0.201401,538.518456,-0.08804,0.09362,1.9892,-929.6590241,-929.5978711,4.941152,Gaussian,QC,"opt+freq: b3lyp/6-311G** em=gd3bj
energy: M062X/6-311G+(2d, p) em=gd3"
650,a-c7+a-b7+a-b21,CC(=O)O[B-](F)(F)Oc1ccccc1O,fluoroborate,-835.3819491,0.110943,0.170128,521.1841440000001,-0.08273,0.12256,5.5526,-835.2710061,-835.2118211000001,5.583888,Gaussian,QC,"opt+freq: b3lyp/6-311G** em=gd3bj
energy: M062X/6-311G+(2d, p) em=gd3"
651,a-c7+a-b7+a-b22,COO[B-](F)(F)Oc1ccccc1O,fluoroborate,-797.1488671,0.108392,0.163132,482.042824,-0.07131,0.13216,1.5353,-797.0404751,-796.9857350999999,5.534383999999999,Gaussian,QC,"opt+freq: b3lyp/6-311G** em=gd3bj
energy: M062X/6-311G+(2d, p) em=gd3"
652,a-c7+a-b7+a-b23,Oc1ccccc1O[B-](F)(F)OCC(F)(F)F,fluoroborate,-1059.0913073,0.104076,0.167409,557.70628,-0.08251,0.12356,1.5449,-1058.9872313,-1058.9238983,5.605104,Gaussian,QC,"opt+freq: b3lyp/6-311G** em=gd3bj
energy: M062X/6-311G+(2d, p) em=gd3"
653,a-c7+a-b7+a-b24,Oc1ccccc1O[B-](F)(F)OCc1ccccc1,fluoroborate,-953.0425774,0.176719,0.241811,573.199632,-0.07933,0.09323,4.3021,-952.8658584,-952.8007664,4.693632,Gaussian,QC,"opt+freq: b3lyp/6-311G** em=gd3bj
energy: M062X/6-311G+(2d, p) em=gd3"
654,a-c7+a-b7+a-b26,Oc1ccccc1O[B-](F)(F)Oc1ccccc1,fluoroborate,-913.750141,0.151094,0.212676,542.2882400000001,-0.08598,0.10993,1.1769,-913.599047,-913.537465,5.328752,Gaussian,QC,"opt+freq: b3lyp/6-311G** em=gd3bj
energy: M062X/6-311G+(2d, p) em=gd3"
655,a-c7+a-b7+a-b28,O=C(O)CO[B-](F)(F)Oc1ccccc1O,fluoroborate,-910.6158852,0.118012,0.176787,517.569168,-0.09158,0.11599,4.3679,-910.4978732,-910.4390982,5.645903999999999,Gaussian,QC,"opt+freq: b3lyp/6-311G** em=gd3bj
energy: M062X/6-311G+(2d, p) em=gd3"
656,a-c7+a-b7+a-b30,Oc1ccccc1O[B-](F)(F)OC1CCCCC1,fluoroborate,-917.3549004,0.217849,0.281585,561.250128,-0.07503,0.12938,4.4084,-917.1370514,-917.0733154000001,5.559951999999999,Gaussian,QC,"opt+freq: b3lyp/6-311G** em=gd3bj
energy: M062X/6-311G+(2d, p) em=gd3"
657,a-c7+a-b7+a-b32,Oc1ccccc1O[B-](F)(F)OCC(F)(F)C(F)F,fluoroborate,-1197.6254461,0.120811,0.189574,605.5294,-0.081,0.125,4.8375,-1197.5046351,-1197.4358721,5.6032,Gaussian,QC,"opt+freq: b3lyp/6-311G** em=gd3bj
energy: M062X/6-311G+(2d, p) em=gd3"
658,a-c7+a-b7+a-b33,Oc1ccccc1O[B-](F)(F)Oc1cccnc1,fluoroborate,-929.7952208,0.140024,0.201409,540.547696,-0.09059,0.09219,1.7048,-929.6551968,-929.5938118,4.971616,Gaussian,QC,"opt+freq: b3lyp/6-311G** em=gd3bj
energy: M062X/6-311G+(2d, p) em=gd3"
659,a-c7+a-b8+a-b9,O=C(O)O[B-](F)(F)OC(=O)CF,fluoroborate,-816.9615087,0.040797,0.094263,470.82552,-0.13597,0.13298,5.3475,-816.9207117,-816.8672457,7.315440000000001,Gaussian,QC,"opt+freq: b3lyp/6-311G** em=gd3bj
energy: M062X/6-311G+(2d, p) em=gd3"
660,a-c7+a-b8+a-b15,CCO[B-](F)(F)OC(=O)O,fluoroborate,-643.6581767,0.067532,0.117494,439.964336,-0.0997,0.17089,1.2319,-643.5906447,-643.5406827,7.360048,Gaussian,QC,"opt+freq: b3lyp/6-311G** em=gd3bj
energy: M062X/6-311G+(2d, p) em=gd3"
661,a-c7+a-b8+a-b16,Cc1cc(Cl)ccc1O[B-](F)(F)OC(=O)O,fluoroborate,-1295.0020634,0.101052,0.163062,546.058024,-0.10657,0.10206,5.3451,-1294.9010114,-1294.8390014,5.674735999999999,Gaussian,QC,"opt+freq: b3lyp/6-311G** em=gd3bj
energy: M062X/6-311G+(2d, p) em=gd3"
662,a-c7+a-b8+a-b17,O=C(O)O[B-](F)(F)OS(=O)(=O)C(F)(F)F,fluoroborate,-1450.7249673,0.021144,0.081835,534.439056,-0.15711,0.16605,6.1432,-1450.7038233,-1450.6431323,8.789952,Gaussian,QC,"opt+freq: b3lyp/6-311G** em=gd3bj
energy: M062X/6-311G+(2d, p) em=gd3"
663,a-c7+a-b8+a-b18,O=C(O)O[B-](F)(F)OC(F)(F)F,fluoroborate,-902.1513493,0.016844,0.068582,455.59576,-0.14139,0.1881,4.1583,-902.1345053,-902.0827673,8.962127999999998,Gaussian,QC,"opt+freq: b3lyp/6-311G** em=gd3bj
energy: M062X/6-311G+(2d, p) em=gd3"
664,a-c7+a-b8+a-b19,O=C(O)O[B-](F)(F)Oc1ccccn1,fluoroborate,-812.1422681,0.077959,0.131522,471.666504,-0.11412,0.08962,8.0484,-812.0643091000001,-812.0107461,5.541728,Gaussian,QC,"opt+freq: b3lyp/6-311G** em=gd3bj
energy: M062X/6-311G+(2d, p) em=gd3"
665,a-c7+a-b8+a-b21,CC(=O)O[B-](F)(F)OC(=O)O,fluoroborate,-717.716601,0.047441,0.10007,463.44076,-0.11748,0.15867,4.0422,-717.6691599999999,-717.616531,7.51128,Gaussian,QC,"opt+freq: b3lyp/6-311G** em=gd3bj
energy: M062X/6-311G+(2d, p) em=gd3"
666,a-c7+a-b8+a-b22,COO[B-](F)(F)OC(=O)O,fluoroborate,-679.4808842,0.044131,0.093241,432.4624240000001,-0.09811,0.16666,2.3167,-679.4367532,-679.3876432,7.201744,Gaussian,QC,"opt+freq: b3lyp/6-311G** em=gd3bj
energy: M062X/6-311G+(2d, p) em=gd3"
667,a-c7+a-b8+a-b23,O=C(O)O[B-](F)(F)OCC(F)(F)F,fluoroborate,-941.434949,0.041593,0.097578,492.996536,-0.13301,0.18515,7.3616,-941.3933559999999,-941.337371,8.653952,Gaussian,QC,"opt+freq: b3lyp/6-311G** em=gd3bj
energy: M062X/6-311G+(2d, p) em=gd3"
668,a-c7+a-b8+a-b24,O=C(O)O[B-](F)(F)OCc1ccccc1,fluoroborate,-835.3879206,0.113115,0.171887,517.544064,-0.12729,0.08532,10.3042,-835.2748056,-835.2160336000001,5.782991999999999,Gaussian,QC,"opt+freq: b3lyp/6-311G** em=gd3bj
energy: M062X/6-311G+(2d, p) em=gd3"
669,a-c7+a-b8+a-b26,O=C(O)O[B-](F)(F)Oc1ccccc1,fluoroborate,-796.0937546,0.088798,0.142838,475.875608,-0.10045,0.10637,7.2999,-796.0049566,-795.9509166,5.625504,Gaussian,QC,"opt+freq: b3lyp/6-311G** em=gd3bj
energy: M062X/6-311G+(2d, p) em=gd3"
670,a-c7+a-b8+a-b28,O=C(O)CO[B-](F)(F)OC(=O)O,fluoroborate,-792.9487106,0.053983,0.106658,463.85916,-0.12133,0.14275,2.882,-792.8947276,-792.8420526,7.182975999999999,Gaussian,QC,"opt+freq: b3lyp/6-311G** em=gd3bj
energy: M062X/6-311G+(2d, p) em=gd3"
671,a-c7+a-b8+a-b30,O=C(O)O[B-](F)(F)OC1CCCCC1,fluoroborate,-799.6996519,0.154947,0.211792,500.569576,-0.1209,0.132,10.236,-799.5447049,-799.4878599000001,6.878880000000001,Gaussian,QC,"opt+freq: b3lyp/6-311G** em=gd3bj
energy: M062X/6-311G+(2d, p) em=gd3"
672,a-c7+a-b8+a-b31,Cc1cccc(O[B-](F)(F)OC(=O)O)c1C,fluoroborate,-874.7018715,0.136025,0.199239,556.664464,-0.0843,0.11773,5.4125,-874.5658465,-874.5026325,5.495215999999999,Gaussian,QC,"opt+freq: b3lyp/6-311G** em=gd3bj
energy: M062X/6-311G+(2d, p) em=gd3"
673,a-c7+a-b8+a-b32,O=C(O)O[B-](F)(F)OCC(F)(F)C(F)F,fluoroborate,-1079.9670656,0.058572,0.119785,539.04564,-0.12864,0.14809,9.9594,-1079.9084936,-1079.8472806,7.527056000000001,Gaussian,QC,"opt+freq: b3lyp/6-311G** em=gd3bj
energy: M062X/6-311G+(2d, p) em=gd3"
674,a-c7+a-b8+a-b33,O=C(O)O[B-](F)(F)Oc1cccnc1,fluoroborate,-812.1383401,0.077756,0.131525,473.4949120000001,-0.11141,0.0882,6.2067,-812.0605841,-812.0068151,5.429392,Gaussian,QC,"opt+freq: b3lyp/6-311G** em=gd3bj
energy: M062X/6-311G+(2d, p) em=gd3"
675,a-c7+a-b8+a-b35,O=C(O)O[B-](F)(F)OS(=O)(=O)C(F)(F)C(F)(F)F,fluoroborate,-1688.5192781,0.028755,0.096495,596.517064,-0.15858,0.1259,8.7888,-1688.4905231,-1688.4227831,7.737856,Gaussian,QC,"opt+freq: b3lyp/6-311G** em=gd3bj
energy: M062X/6-311G+(2d, p) em=gd3"
676,a-c7+a-b8+a-b37,O=C(O)O[B-](F)(F)OC(C(F)(F)F)C(F)(F)F,fluoroborate,-1278.4873434,0.042371,0.105474,555.681224,-0.13687,0.16261,8.6401,-1278.4449724,-1278.3818694,8.145855999999998,Gaussian,QC,"opt+freq: b3lyp/6-311G** em=gd3bj
energy: M062X/6-311G+(2d, p) em=gd3"
677,a-c7+a-b9+a-b15,CCO[B-](F)(F)OC(=O)CF,fluoroborate,-706.9563458,0.079398,0.133463,476.09736,-0.10185,0.16012,1.9374,-706.8769478,-706.8228828,7.125584000000001,Gaussian,QC,"opt+freq: b3lyp/6-311G** em=gd3bj
energy: M062X/6-311G+(2d, p) em=gd3"
678,a-c7+a-b9+a-b17,O=C(CF)O[B-](F)(F)OS(=O)(=O)C(F)(F)F,fluoroborate,-1514.0163375,0.032967,0.097772,570.672496,-0.15244,0.11519,1.9003,-1513.9833705,-1513.9185655,7.279535999999999,Gaussian,QC,"opt+freq: b3lyp/6-311G** em=gd3bj
energy: M062X/6-311G+(2d, p) em=gd3"
679,a-c7+a-b9+a-b18,O=C(CF)O[B-](F)(F)OC(F)(F)F,fluoroborate,-965.4403212,0.028581,0.08448,492.251784,-0.13617,0.13069,2.1822,-965.4117401999999,-965.3558412,7.258591999999999,Gaussian,QC,"opt+freq: b3lyp/6-311G** em=gd3bj
energy: M062X/6-311G+(2d, p) em=gd3"
680,a-c7+a-b9+a-b19,O=C(CF)O[B-](F)(F)Oc1ccccn1,fluoroborate,-875.4311702,0.089797,0.147421,507.427152,-0.10472,0.09724,5.0766,-875.3413732,-875.2837492,5.493312,Gaussian,QC,"opt+freq: b3lyp/6-311G** em=gd3bj
energy: M062X/6-311G+(2d, p) em=gd3"
681,a-c7+a-b9+a-b21,CC(=O)O[B-](F)(F)OC(=O)CF,fluoroborate,-781.0147706,0.059453,0.116036,498.268376,-0.11775,0.14779,4.9057,-780.9553176000001,-780.8987346,7.222688,Gaussian,QC,"opt+freq: b3lyp/6-311G** em=gd3bj
energy: M062X/6-311G+(2d, p) em=gd3"
682,a-c7+a-b9+a-b22,COO[B-](F)(F)OC(=O)CF,fluoroborate,-742.7790515,0.056065,0.109209,467.9887680000001,-0.09961,0.15564,3.0674,-742.7229865,-742.6698425000001,6.942799999999999,Gaussian,QC,"opt+freq: b3lyp/6-311G** em=gd3bj
energy: M062X/6-311G+(2d, p) em=gd3"
683,a-c7+a-b9+a-b23,O=C(CF)O[B-](F)(F)OCC(F)(F)F,fluoroborate,-1004.7229956,0.053297,0.113476,529.932888,-0.12739,0.1377,4.0495,-1004.6696986,-1004.6095196,7.210448,Gaussian,QC,"opt+freq: b3lyp/6-311G** em=gd3bj
energy: M062X/6-311G+(2d, p) em=gd3"
684,a-c7+a-b9+a-b24,O=C(CF)O[B-](F)(F)OCc1ccccc1,fluoroborate,-898.6739225,0.125472,0.187876,549.52656,-0.1184,0.09511,6.6908,-898.5484505000001,-898.4860465,5.807472,Gaussian,QC,"opt+freq: b3lyp/6-311G** em=gd3bj
energy: M062X/6-311G+(2d, p) em=gd3"
685,a-c7+a-b9+a-b26,O=C(CF)O[B-](F)(F)Oc1ccccc1,fluoroborate,-859.3822267,0.10056,0.158718,512.14252,-0.09128,0.11349,3.8341,-859.2816667000001,-859.2235087,5.569744,Gaussian,QC,"opt+freq: b3lyp/6-311G** em=gd3bj
energy: M062X/6-311G+(2d, p) em=gd3"
686,a-c7+a-b9+a-b28,O=C(O)CO[B-](F)(F)OC(=O)CF,fluoroborate,-856.2466192,0.065864,0.122633,499.90432,-0.12276,0.13768,4.0695,-856.1807552,-856.1239862000001,7.083968,Gaussian,QC,"opt+freq: b3lyp/6-311G** em=gd3bj
energy: M062X/6-311G+(2d, p) em=gd3"
687,a-c7+a-b9+a-b30,O=C(CF)O[B-](F)(F)OC1CCCCC1,fluoroborate,-862.9942362,0.168164,0.227754,524.744728,-0.11513,0.13519,8.3774,-862.8260722,-862.7664822,6.808704,Gaussian,QC,"opt+freq: b3lyp/6-311G** em=gd3bj
energy: M062X/6-311G+(2d, p) em=gd3"
688,a-c7+a-b9+a-b31,Cc1cccc(O[B-](F)(F)OC(=O)CF)c1C,fluoroborate,-937.9999659,0.147968,0.215219,592.211728,-0.08558,0.11674,4.8458,-937.8519979,-937.7847469,5.503104,Gaussian,QC,"opt+freq: b3lyp/6-311G** em=gd3bj
energy: M062X/6-311G+(2d, p) em=gd3"
689,a-c7+a-b9+a-b33,O=C(CF)O[B-](F)(F)Oc1cccnc1,fluoroborate,-875.4273462,0.089612,0.147427,509.113304,-0.10189,0.09568,3.7534,-875.3377342,-875.2799192,5.373904,Gaussian,QC,"opt+freq: b3lyp/6-311G** em=gd3bj
energy: M062X/6-311G+(2d, p) em=gd3"
690,a-c7+a-b9+a-b35,O=C(CF)O[B-](F)(F)OS(=O)(=O)C(F)(F)C(F)(F)F,fluoroborate,-1751.8108161,0.040843,0.112423,630.332152,-0.15417,0.11294,4.2649,-1751.7699731,-1751.6983931,7.265392,Gaussian,QC,"opt+freq: b3lyp/6-311G** em=gd3bj
energy: M062X/6-311G+(2d, p) em=gd3"
691,a-c7+a-b9+a-b37,O=C(CF)O[B-](F)(F)OC(C(F)(F)F)C(F)(F)F,fluoroborate,-1341.7760423,0.054185,0.121362,591.559024,-0.13199,0.13426,5.1045,-1341.7218573,-1341.6546803,7.241999999999999,Gaussian,QC,"opt+freq: b3lyp/6-311G** em=gd3bj
energy: M062X/6-311G+(2d, p) em=gd3"
692,a-c7+a-b15+a-b16,CCO[B-](F)(F)Oc1ccc(Cl)cc1C,fluoroborate,-1185.0019646,0.141123,0.202379,539.4138320000001,-0.09074,0.10824,3.0662,-1184.8608416,-1184.7995856,5.412255999999999,Gaussian,QC,"opt+freq: b3lyp/6-311G** em=gd3bj
energy: M062X/6-311G+(2d, p) em=gd3"
693,a-c7+a-b15+a-b17,CCO[B-](F)(F)OS(=O)(=O)C(F)(F)F,fluoroborate,-1340.7258959,0.059654,0.121281,542.6857200000001,-0.12776,0.16284,3.428,-1340.6662419,-1340.6046149,7.90432,Gaussian,QC,"opt+freq: b3lyp/6-311G** em=gd3bj
energy: M062X/6-311G+(2d, p) em=gd3"
694,a-c7+a-b15+a-b18,CCO[B-](F)(F)OC(F)(F)F,fluoroborate,-792.1473651,0.05538,0.107808,461.68348,-0.10699,0.17421,1.0993,-792.0919851,-792.0395571,7.64864,Gaussian,QC,"opt+freq: b3lyp/6-311G** em=gd3bj
energy: M062X/6-311G+(2d, p) em=gd3"
695,a-c7+a-b15+a-b19,CCO[B-](F)(F)Oc1ccccn1,fluoroborate,-702.1378567,0.116707,0.170694,475.411184,-0.08781,0.11076,2.9215,-702.0211497,-701.9671627,5.401104,Gaussian,QC,"opt+freq: b3lyp/6-311G** em=gd3bj
energy: M062X/6-311G+(2d, p) em=gd3"
696,a-c7+a-b15+a-b20,CCO[B-](F)(F)OS(=O)(=O)C(F)(F)C(F)(F)C(F)(F)F,fluoroborate,-1816.3136334,0.07535,0.150588,662.5364,-0.13113,0.12348,7.6714,-1816.2382834,-1816.1630454,6.925392,Gaussian,QC,"opt+freq: b3lyp/6-311G** em=gd3bj
energy: M062X/6-311G+(2d, p) em=gd3"
697,a-c7+a-b15+a-b21,CCO[B-](F)(F)OC(C)=O,fluoroborate,-607.7243537,0.089491,0.139784,442.8764,-0.10473,0.17371,3.6552,-607.6348627000001,-607.5845697000001,7.573568000000001,Gaussian,QC,"opt+freq: b3lyp/6-311G** em=gd3bj
energy: M062X/6-311G+(2d, p) em=gd3"
698,a-c7+a-b15+a-b23,CCO[B-](F)(F)OCC(F)(F)F,fluoroborate,-831.4286169,0.080264,0.136655,496.573856,-0.09423,0.17916,2.5807,-831.3483528999999,-831.2919618999999,7.436208000000001,Gaussian,QC,"opt+freq: b3lyp/6-311G** em=gd3bj
energy: M062X/6-311G+(2d, p) em=gd3"
699,a-c7+a-b15+a-b24,CCO[B-](F)(F)OCc1ccccc1,fluoroborate,-725.3783825,0.152809,0.210999,512.418664,-0.09047,0.10632,4.9122,-725.2255735,-725.1673835,5.352688,Gaussian,QC,"opt+freq: b3lyp/6-311G** em=gd3bj
energy: M062X/6-311G+(2d, p) em=gd3"
700,a-c7+a-b15+a-b26,CCO[B-](F)(F)Oc1ccccc1,fluoroborate,-686.0880913,0.12751,0.181935,479.264648,-0.07476,0.12647,1.8947,-685.9605813,-685.9061563,5.473456,Gaussian,QC,"opt+freq: b3lyp/6-311G** em=gd3bj
energy: M062X/6-311G+(2d, p) em=gd3"
701,a-c7+a-b15+a-b28,CCO[B-](F)(F)OCC(=O)O,fluoroborate,-682.9333176,0.09241,0.145752,469.729312,-0.08901,0.14396,1.764,-682.8409076,-682.7875656,6.336784,Gaussian,QC,"opt+freq: b3lyp/6-311G** em=gd3bj
energy: M062X/6-311G+(2d, p) em=gd3"
702,a-c7+a-b15+a-b30,CCO[B-](F)(F)OC1CCCCC1,fluoroborate,-689.6871064,0.194566,0.250712,494.419096,-0.08084,0.14759,4.7595,-689.4925403999999,-689.4363943999999,6.213296,Gaussian,QC,"opt+freq: b3lyp/6-311G** em=gd3bj
energy: M062X/6-311G+(2d, p) em=gd3"
703,a-c7+a-b15+a-b31,CCO[B-](F)(F)Oc1cccc(C)c1C,fluoroborate,-764.7037117,0.176324,0.238599,548.3885120000001,-0.07277,0.12643,4.0763,-764.5273877,-764.4651127,5.41824,Gaussian,QC,"opt+freq: b3lyp/6-311G** em=gd3bj
energy: M062X/6-311G+(2d, p) em=gd3"
704,a-c7+a-b15+a-b32,CCO[B-](F)(F)OCC(F)(F)C(F)F,fluoroborate,-969.9623725,0.097017,0.158819,544.2296160000001,-0.09278,0.1584,5.5036,-969.8653555,-969.8035535,6.832096,Gaussian,QC,"opt+freq: b3lyp/6-311G** em=gd3bj
energy: M062X/6-311G+(2d, p) em=gd3"
705,a-c7+a-b15+a-b33,CCO[B-](F)(F)Oc1cccnc1,fluoroborate,-702.1341362,0.116585,0.170717,476.68312,-0.08511,0.10898,1.7384,-702.0175512,-701.9634192,5.279247999999999,Gaussian,QC,"opt+freq: b3lyp/6-311G** em=gd3bj
energy: M062X/6-311G+(2d, p) em=gd3"
706,a-c7+a-b15+a-b35,CCO[B-](F)(F)OS(=O)(=O)C(F)(F)C(F)(F)F,fluoroborate,-1578.5206728,0.067407,0.135937,603.4750560000001,-0.13,0.14806,4.9733,-1578.4532658,-1578.3847358,7.563231999999999,Gaussian,QC,"opt+freq: b3lyp/6-311G** em=gd3bj
energy: M062X/6-311G+(2d, p) em=gd3"
707,a-c7+a-b15+a-b37,CCO[B-](F)(F)OC(C(F)(F)F)C(F)(F)F,fluoroborate,-1168.4822725,0.081209,0.144641,558.580736,-0.10221,0.17638,3.7133,-1168.4010635,-1168.3376315,7.577648,Gaussian,QC,"opt+freq: b3lyp/6-311G** em=gd3bj
energy: M062X/6-311G+(2d, p) em=gd3"
708,a-c7+a-b15+a-b38,CCO[B-](F)(F)OCC(F)(F)C(F)(F)C(F)(F)C(F)F,fluoroborate,-1445.551882,0.112632,0.188142,664.9422000000001,-0.09739,0.11761,11.3035,-1445.43925,-1445.36374,5.848000000000001,Gaussian,QC,"opt+freq: b3lyp/6-311G** em=gd3bj
energy: M062X/6-311G+(2d, p) em=gd3"
709,a-c7+a-b16+a-b17,Cc1cc(Cl)ccc1O[B-](F)(F)OS(=O)(=O)C(F)(F)F,fluoroborate,-1992.0670466,0.093122,0.166811,648.89656,-0.12452,0.08854,3.7351,-1991.9739246,-1991.9002356,5.795231999999999,Gaussian,QC,"opt+freq: b3lyp/6-311G** em=gd3bj
energy: M062X/6-311G+(2d, p) em=gd3"
710,a-c7+a-b16+a-b18,Cc1cc(Cl)ccc1O[B-](F)(F)OC(F)(F)F,fluoroborate,-1443.4884618,0.089146,0.153354,565.413208,-0.10796,0.0959,4.1762,-1443.3993158,-1443.3351078,5.544992,Gaussian,QC,"opt+freq: b3lyp/6-311G** em=gd3bj
energy: M062X/6-311G+(2d, p) em=gd3"
711,a-c7+a-b16+a-b21,CC(=O)O[B-](F)(F)Oc1ccc(Cl)cc1C,fluoroborate,-1259.065464,0.120388,0.185074,569.6223120000001,-0.09269,0.1046,5.3292,-1258.945076,-1258.88039,5.366288,Gaussian,QC,"opt+freq: b3lyp/6-311G** em=gd3bj
energy: M062X/6-311G+(2d, p) em=gd3"
712,a-c7+a-b16+a-b22,COO[B-](F)(F)Oc1ccc(Cl)cc1C,fluoroborate,-1220.8277318,0.117515,0.178167,534.1001520000001,-0.09943,0.10622,5.914,-1220.7102168,-1220.6495648,5.59368,Gaussian,QC,"opt+freq: b3lyp/6-311G** em=gd3bj
energy: M062X/6-311G+(2d, p) em=gd3"
713,a-c7+a-b16+a-b23,Cc1cc(Cl)ccc1O[B-](F)(F)OCC(F)(F)F,fluoroborate,-1482.7758651,0.114488,0.182453,598.50028,-0.09092,0.1076,2.5469,-1482.6613771,-1482.5934121,5.399744,Gaussian,QC,"opt+freq: b3lyp/6-311G** em=gd3bj
energy: M062X/6-311G+(2d, p) em=gd3"
714,a-c7+a-b16+a-b24,Cc1cc(Cl)ccc1O[B-](F)(F)OCc1ccccc1,fluoroborate,-1376.7214905,0.186366,0.256669,619.081376,-0.09826,0.09442,2.4755,-1376.5351245,-1376.4648215,5.240896,Gaussian,QC,"opt+freq: b3lyp/6-311G** em=gd3bj
energy: M062X/6-311G+(2d, p) em=gd3"
715,a-c7+a-b16+a-b26,Cc1cc(Cl)ccc1O[B-](F)(F)Oc1ccccc1,fluoroborate,-1337.4294397,0.16085,0.227494,586.864576,-0.09251,0.09825,1.7735,-1337.2685897,-1337.2019457,5.188672,Gaussian,QC,"opt+freq: b3lyp/6-311G** em=gd3bj
energy: M062X/6-311G+(2d, p) em=gd3"
716,a-c7+a-b16+a-b28,Cc1cc(Cl)ccc1O[B-](F)(F)OCC(=O)O,fluoroborate,-1334.2797961,0.125763,0.191342,577.484048,-0.09972,0.10851,5.0723,-1334.1540331,-1334.0884541,5.663856,Gaussian,QC,"opt+freq: b3lyp/6-311G** em=gd3bj
energy: M062X/6-311G+(2d, p) em=gd3"
717,a-c7+a-b16+a-b30,Cc1cc(Cl)ccc1O[B-](F)(F)OC1CCCCC1,fluoroborate,-1341.033493,0.227281,0.29644,609.010488,-0.09374,0.10606,2.2783,-1340.806212,-1340.737053,5.43456,Gaussian,QC,"opt+freq: b3lyp/6-311G** em=gd3bj
energy: M062X/6-311G+(2d, p) em=gd3"
718,a-c7+a-b17+a-b18,O=S(=O)(O[B-](F)(F)OC(F)(F)F)C(F)(F)F,fluoroborate,-1599.2096479,0.009992,0.072089,546.8278799999999,-0.18389,0.17826,3.98,-1599.1996559,-1599.1375589,9.85048,Gaussian,QC,"opt+freq: b3lyp/6-311G** em=gd3bj
energy: M062X/6-311G+(2d, p) em=gd3"
719,a-c7+a-b17+a-b19,O=S(=O)(O[B-](F)(F)Oc1ccccn1)C(F)(F)F,fluoroborate,-1509.1994955,0.068963,0.135036,581.835408,-0.1196,0.08497,3.9158,-1509.1305325,-1509.0644595,5.564304,Gaussian,QC,"opt+freq: b3lyp/6-311G** em=gd3bj
energy: M062X/6-311G+(2d, p) em=gd3"
720,a-c7+a-b17+a-b21,CC(=O)O[B-](F)(F)OS(=O)(=O)C(F)(F)F,fluoroborate,-1414.7821949,0.039777,0.103751,563.346312,-0.141,0.13738,5.0237,-1414.7424179,-1414.6784439,7.571935999999999,Gaussian,QC,"opt+freq: b3lyp/6-311G** em=gd3bj
energy: M062X/6-311G+(2d, p) em=gd3"
721,a-c7+a-b17+a-b22,COO[B-](F)(F)OS(=O)(=O)C(F)(F)F,fluoroborate,-1376.54897,0.036031,0.096961,536.5519760000001,-0.12149,0.16235,4.4892,-1376.512939,-1376.452009,7.720447999999999,Gaussian,QC,"opt+freq: b3lyp/6-311G** em=gd3bj
energy: M062X/6-311G+(2d, p) em=gd3"
722,a-c7+a-b17+a-b23,O=S(=O)(O[B-](F)(F)OCC(F)(F)F)C(F)(F)F,fluoroborate,-1638.495053,0.034198,0.101157,589.646936,-0.1604,0.18009,5.7681,-1638.460855,-1638.393896,9.261327999999999,Gaussian,QC,"opt+freq: b3lyp/6-311G** em=gd3bj
energy: M062X/6-311G+(2d, p) em=gd3"
723,a-c7+a-b17+a-b24,O=S(=O)(O[B-](F)(F)OCc1ccccc1)C(F)(F)F,fluoroborate,-1532.446558,0.105328,0.175587,618.696448,-0.14001,0.08582,4.5225,-1532.34123,-1532.270971,6.142575999999999,Gaussian,QC,"opt+freq: b3lyp/6-311G** em=gd3bj
energy: M062X/6-311G+(2d, p) em=gd3"
724,a-c7+a-b17+a-b26,O=S(=O)(O[B-](F)(F)Oc1ccccc1)C(F)(F)F,fluoroborate,-1493.1508694,0.079559,0.146337,588.044464,-0.10613,0.10166,3.8754,-1493.0713104,-1493.0045324,5.651888,Gaussian,QC,"opt+freq: b3lyp/6-311G** em=gd3bj
energy: M062X/6-311G+(2d, p) em=gd3"
725,a-c7+a-b17+a-b28,O=C(O)CO[B-](F)(F)OS(=O)(=O)C(F)(F)F,fluoroborate,-1490.0118314,0.045989,0.110327,566.563808,-0.14289,0.12554,3.8448,-1489.9658424,-1489.9015044,7.301296,Gaussian,QC,"opt+freq: b3lyp/6-311G** em=gd3bj
energy: M062X/6-311G+(2d, p) em=gd3"
726,a-c7+a-b17+a-b30,O=S(=O)(O[B-](F)(F)OC1CCCCC1)C(F)(F)F,fluoroborate,-1496.7571021,0.145907,0.215344,611.458128,-0.1294,0.12887,6.138,-1496.6111951,-1496.5417581,7.024944,Gaussian,QC,"opt+freq: b3lyp/6-311G** em=gd3bj
energy: M062X/6-311G+(2d, p) em=gd3"
727,a-c7+a-b17+a-b31,Cc1cccc(O[B-](F)(F)OS(=O)(=O)C(F)(F)F)c1C,fluoroborate,-1571.7666754,0.128186,0.203019,658.984184,-0.10266,0.10341,5.5828,-1571.6384894,-1571.5636564,5.605104,Gaussian,QC,"opt+freq: b3lyp/6-311G** em=gd3bj
energy: M062X/6-311G+(2d, p) em=gd3"
728,a-c7+a-b17+a-b32,O=S(=O)(O[B-](F)(F)OCC(F)(F)C(F)F)C(F)(F)F,fluoroborate,-1777.0293811,0.050819,0.123338,638.595552,-0.15803,0.1427,7.5069,-1776.9785621,-1776.9060431,8.179856,Gaussian,QC,"opt+freq: b3lyp/6-311G** em=gd3bj
energy: M062X/6-311G+(2d, p) em=gd3"
729,a-c7+a-b17+a-b33,O=S(=O)(O[B-](F)(F)Oc1cccnc1)C(F)(F)F,fluoroborate,-1509.195196,0.068622,0.13503,584.789312,-0.11681,0.0837,3.0114,-1509.126574,-1509.060166,5.453872,Gaussian,QC,"opt+freq: b3lyp/6-311G** em=gd3bj
energy: M062X/6-311G+(2d, p) em=gd3"
730,a-c7+a-b18+a-b19,F[B-](F)(Oc1ccccn1)OC(F)(F)F,fluoroborate,-960.6231541,0.064773,0.121637,500.74112,-0.10504,0.09753,3.6228,-960.5583811,-960.5015171,5.509904,Gaussian,QC,"opt+freq: b3lyp/6-311G** em=gd3bj
energy: M062X/6-311G+(2d, p) em=gd3"
731,a-c7+a-b18+a-b21,CC(=O)O[B-](F)(F)OC(F)(F)F,fluoroborate,-866.2051266,0.035311,0.090365,484.80008,-0.12358,0.15381,3.153,-866.1698156,-866.1147616,7.545008,Gaussian,QC,"opt+freq: b3lyp/6-311G** em=gd3bj
energy: M062X/6-311G+(2d, p) em=gd3"
732,a-c7+a-b18+a-b22,COO[B-](F)(F)OC(F)(F)F,fluoroborate,-827.9709079,0.032273,0.083505,451.148168,-0.10296,0.18178,2.9945,-827.9386349,-827.8874029000001,7.744928,Gaussian,QC,"opt+freq: b3lyp/6-311G** em=gd3bj
energy: M062X/6-311G+(2d, p) em=gd3"
733,a-c7+a-b18+a-b23,F[B-](F)(OCC(F)(F)F)OC(F)(F)F,fluoroborate,-1089.9161354,0.029808,0.087673,509.556808,-0.13398,0.20626,4.2559,-1089.8863274,-1089.8284624,9.254527999999999,Gaussian,QC,"opt+freq: b3lyp/6-311G** em=gd3bj
energy: M062X/6-311G+(2d, p) em=gd3"
734,a-c7+a-b18+a-b24,F[B-](F)(OCc1ccccc1)OC(F)(F)F,fluoroborate,-983.8688411,0.100402,0.161917,541.694112,-0.11786,0.09452,6.6852,-983.7684391,-983.7069241,5.776736000000001,Gaussian,QC,"opt+freq: b3lyp/6-311G** em=gd3bj
energy: M062X/6-311G+(2d, p) em=gd3"
735,a-c7+a-b18+a-b26,F[B-](F)(Oc1ccccc1)OC(F)(F)F,fluoroborate,-944.5747462,0.0755,0.132917,505.611296,-0.09152,0.11393,3.4334,-944.4992462,-944.4418292,5.588240000000001,Gaussian,QC,"opt+freq: b3lyp/6-311G** em=gd3bj
energy: M062X/6-311G+(2d, p) em=gd3"
736,a-c7+a-b18+a-b28,O=C(O)CO[B-](F)(F)OC(F)(F)F,fluoroborate,-941.4366591,0.041767,0.096968,486.101304,-0.12683,0.13824,2.5034,-941.3948921,-941.3396911000001,7.209904000000001,Gaussian,QC,"opt+freq: b3lyp/6-311G** em=gd3bj
energy: M062X/6-311G+(2d, p) em=gd3"
737,a-c7+a-b18+a-b30,F[B-](F)(OC1CCCCC1)OC(F)(F)F,fluoroborate,-948.1767349,0.142364,0.201864,523.958136,-0.10864,0.13958,5.7792,-948.0343709,-947.9748709,6.751583999999999,Gaussian,QC,"opt+freq: b3lyp/6-311G** em=gd3bj
energy: M062X/6-311G+(2d, p) em=gd3"
738,a-c7+a-b18+a-b31,Cc1cccc(O[B-](F)(F)OC(F)(F)F)c1C,fluoroborate,-1023.1900681,0.124092,0.18959,576.772768,-0.08928,0.11395,5.1838,-1023.0659761,-1023.0004781,5.527856,Gaussian,QC,"opt+freq: b3lyp/6-311G** em=gd3bj
energy: M062X/6-311G+(2d, p) em=gd3"
739,a-c7+a-b18+a-b32,FC(F)C(F)(F)CO[B-](F)(F)OC(F)(F)F,fluoroborate,-1228.4467898,0.045317,0.109856,568.329456,-0.13281,0.15324,5.8761,-1228.4014728,-1228.3369338,7.78056,Gaussian,QC,"opt+freq: b3lyp/6-311G** em=gd3bj
energy: M062X/6-311G+(2d, p) em=gd3"
740,a-c7+a-b18+a-b33,F[B-](F)(Oc1cccnc1)OC(F)(F)F,fluoroborate,-960.6196878,0.064601,0.121644,502.318488,-0.10232,0.09596,1.8009,-960.5550867999999,-960.4980438,5.393216,Gaussian,QC,"opt+freq: b3lyp/6-311G** em=gd3bj
energy: M062X/6-311G+(2d, p) em=gd3"
741,a-c7+a-b18+a-b35,O=S(=O)(O[B-](F)(F)OC(F)(F)F)C(F)(F)C(F)(F)F,fluoroborate,-1837.0039321,0.017446,0.086726,610.0774080000001,-0.18686,0.13493,5.1471,-1836.9864861,-1836.9172061,8.752688000000001,Gaussian,QC,"opt+freq: b3lyp/6-311G** em=gd3bj
energy: M062X/6-311G+(2d, p) em=gd3"
742,a-c7+a-b18+a-b37,F[B-](F)(OC(C(F)(F)F)C(F)(F)F)OC(F)(F)F,fluoroborate,-1426.969199,0.02993,0.095598,578.2706400000001,-0.15896,0.17141,4.931,-1426.939269,-1426.873601,8.986063999999999,Gaussian,QC,"opt+freq: b3lyp/6-311G** em=gd3bj
energy: M062X/6-311G+(2d, p) em=gd3"
743,a-c7+a-b19+a-b21,CC(=O)O[B-](F)(F)Oc1ccccn1,fluoroborate,-776.1962471,0.096644,0.153295,498.870872,-0.09758,0.10302,3.0373,-776.0996031000001,-776.0429521000001,5.45632,Gaussian,QC,"opt+freq: b3lyp/6-311G** em=gd3bj
energy: M062X/6-311G+(2d, p) em=gd3"
744,a-c7+a-b19+a-b22,COO[B-](F)(F)Oc1ccccn1,fluoroborate,-737.9604709,0.093238,0.14644,468.495032,-0.09177,0.10711,3.8835,-737.8672329,-737.8140309,5.409536,Gaussian,QC,"opt+freq: b3lyp/6-311G** em=gd3bj
energy: M062X/6-311G+(2d, p) em=gd3"
745,a-c7+a-b19+a-b24,F[B-](F)(OCc1ccccc1)Oc1ccccn1,fluoroborate,-893.8572903,0.162505,0.225089,551.108112,-0.0931,0.093,7.4878,-893.6947853,-893.6322013,5.06192,Gaussian,QC,"opt+freq: b3lyp/6-311G** em=gd3bj
energy: M062X/6-311G+(2d, p) em=gd3"
746,a-c7+a-b19+a-b26,F[B-](F)(Oc1ccccc1)Oc1ccccn1,fluoroborate,-854.5658185,0.136864,0.195874,519.640248,-0.09102,0.10041,5.0061,-854.4289545,-854.3699445,5.206896,Gaussian,QC,"opt+freq: b3lyp/6-311G** em=gd3bj
energy: M062X/6-311G+(2d, p) em=gd3"
747,a-c7+a-b19+a-b30,F[B-](F)(Oc1ccccn1)OC1CCCCC1,fluoroborate,-858.1676141,0.203913,0.264755,535.7737520000001,-0.0911,0.10781,4.2235,-857.9637011,-857.9028591,5.410352,Gaussian,QC,"opt+freq: b3lyp/6-311G** em=gd3bj
energy: M062X/6-311G+(2d, p) em=gd3"
748,a-c7+a-b19+a-b31,Cc1cccc(O[B-](F)(F)Oc2ccccn2)c1C,fluoroborate,-933.180957,0.18478,0.252428,595.7095519999999,-0.08699,0.09885,2.1081,-932.996177,-932.928529,5.054848,Gaussian,QC,"opt+freq: b3lyp/6-311G** em=gd3bj
energy: M062X/6-311G+(2d, p) em=gd3"
749,a-c7+a-b20+a-b22,COO[B-](F)(F)OS(=O)(=O)C(F)(F)C(F)(F)C(F)(F)F,fluoroborate,-1852.13482,0.051944,0.126228,654.143296,-0.12699,0.11944,7.0789,-1852.082876,-1852.008592,6.702895999999999,Gaussian,QC,"opt+freq: b3lyp/6-311G** em=gd3bj
energy: M062X/6-311G+(2d, p) em=gd3"
750,a-c7+a-b21+a-b22,COO[B-](F)(F)OC(C)=O,fluoroborate,-643.5471029,0.066031,0.115501,435.633896,-0.10216,0.1719,3.3841,-643.4810719000001,-643.4316019,7.454431999999999,Gaussian,QC,"opt+freq: b3lyp/6-311G** em=gd3bj
energy: M062X/6-311G+(2d, p) em=gd3"
751,a-c7+a-b21+a-b23,CC(=O)O[B-](F)(F)OCC(F)(F)F,fluoroborate,-905.4874026,0.060116,0.119296,521.1381200000001,-0.11475,0.16212,4.4973,-905.4272866,-905.3681066,7.530864,Gaussian,QC,"opt+freq: b3lyp/6-311G** em=gd3bj
energy: M062X/6-311G+(2d, p) em=gd3"
752,a-c7+a-b21+a-b24,CC(=O)O[B-](F)(F)OCc1ccccc1,fluoroborate,-799.4375964,0.132736,0.193676,536.627288,-0.10891,0.10035,6.33,-799.3048603999999,-799.2439204,5.691872,Gaussian,QC,"opt+freq: b3lyp/6-311G** em=gd3bj
energy: M062X/6-311G+(2d, p) em=gd3"
753,a-c7+a-b21+a-b26,CC(=O)O[B-](F)(F)Oc1ccccc1,fluoroborate,-760.146488,0.107336,0.164545,503.7787040000001,-0.08428,0.11893,3.8224,-760.039152,-759.981943,5.527312,Gaussian,QC,"opt+freq: b3lyp/6-311G** em=gd3bj
energy: M062X/6-311G+(2d, p) em=gd3"
754,a-c7+a-b21+a-b28,CC(=O)O[B-](F)(F)OCC(=O)O,fluoroborate,-756.992258,0.072251,0.128396,494.410728,-0.10952,0.13579,4.1988,-756.9200069999999,-756.863862,6.672432,Gaussian,QC,"opt+freq: b3lyp/6-311G** em=gd3bj
energy: M062X/6-311G+(2d, p) em=gd3"
755,a-c7+a-b21+a-b30,CC(=O)O[B-](F)(F)OC1CCCCC1,fluoroborate,-763.7494248,0.173583,0.233454,527.221656,-0.1,0.13958,6.698,-763.5758418,-763.5159708,6.516576000000001,Gaussian,QC,"opt+freq: b3lyp/6-311G** em=gd3bj
energy: M062X/6-311G+(2d, p) em=gd3"
756,a-c7+a-b21+a-b31,CC(=O)O[B-](F)(F)Oc1cccc(C)c1C,fluoroborate,-838.7620557,0.155931,0.221193,574.69332,-0.08199,0.11922,6.4044,-838.6061247,-838.5408627,5.472912,Gaussian,QC,"opt+freq: b3lyp/6-311G** em=gd3bj
energy: M062X/6-311G+(2d, p) em=gd3"
757,a-c7+a-b21+a-b32,CC(=O)O[B-](F)(F)OCC(F)(F)C(F)F,fluoroborate,-1044.0213614,0.076904,0.141466,568.530288,-0.1133,0.15289,7.6148,-1043.9444574,-1043.8798954,7.240367999999999,Gaussian,QC,"opt+freq: b3lyp/6-311G** em=gd3bj
energy: M062X/6-311G+(2d, p) em=gd3"
758,a-c7+a-b21+a-b33,CC(=O)O[B-](F)(F)Oc1cccnc1,fluoroborate,-776.1921129,0.096435,0.153292,500.682544,-0.09484,0.10128,1.6031,-776.0956778999999,-776.0388209,5.334464,Gaussian,QC,"opt+freq: b3lyp/6-311G** em=gd3bj
energy: M062X/6-311G+(2d, p) em=gd3"
759,a-c7+a-b21+a-b35,CC(=O)O[B-](F)(F)OS(=O)(=O)C(F)(F)C(F)(F)F,fluoroborate,-1652.5768376,0.047678,0.118407,622.838608,-0.1428,0.13492,6.6406,-1652.5291596,-1652.4584306,7.553984000000001,Gaussian,QC,"opt+freq: b3lyp/6-311G** em=gd3bj
energy: M062X/6-311G+(2d, p) em=gd3"
760,a-c7+a-b21+a-b37,CC(=O)O[B-](F)(F)OC(C(F)(F)F)C(F)(F)F,fluoroborate,-1242.540139,0.060983,0.127226,583.337464,-0.11931,0.1577,5.5963,-1242.479156,-1242.412913,7.534672,Gaussian,QC,"opt+freq: b3lyp/6-311G** em=gd3bj
energy: M062X/6-311G+(2d, p) em=gd3"
761,a-c7+a-b22+a-b23,COO[B-](F)(F)OCC(F)(F)F,fluoroborate,-867.2524616,0.057171,0.112457,486.85024,-0.09316,0.18321,3.3745,-867.1952905999999,-867.1400046,7.517264,Gaussian,QC,"opt+freq: b3lyp/6-311G** em=gd3bj
energy: M062X/6-311G+(2d, p) em=gd3"
762,a-c7+a-b22+a-b24,COO[B-](F)(F)OCc1ccccc1,fluoroborate,-761.2029144,0.129668,0.18681,503.184576,-0.08999,0.10443,5.1691,-761.0732464,-761.0161044,5.288224,Gaussian,QC,"opt+freq: b3lyp/6-311G** em=gd3bj
energy: M062X/6-311G+(2d, p) em=gd3"
763,a-c7+a-b22+a-b26,COO[B-](F)(F)Oc1ccccc1,fluoroborate,-721.9108159,0.103997,0.157699,472.8966,-0.07872,0.12304,3.2595,-721.8068188999999,-721.7531169,5.487871999999999,Gaussian,QC,"opt+freq: b3lyp/6-311G** em=gd3bj
energy: M062X/6-311G+(2d, p) em=gd3"
764,a-c7+a-b22+a-b28,COO[B-](F)(F)OCC(=O)O,fluoroborate,-718.7562926,0.068912,0.121533,463.378,-0.08961,0.14047,4.0179,-718.6873806000001,-718.6347596,6.258176,Gaussian,QC,"opt+freq: b3lyp/6-311G** em=gd3bj
energy: M062X/6-311G+(2d, p) em=gd3"
765,a-c7+a-b22+a-b30,COO[B-](F)(F)OC1CCCCC1,fluoroborate,-725.5130534,0.169936,0.226546,498.506864,-0.08417,0.14245,6.086,-725.3431174,-725.2865074,6.164064,Gaussian,QC,"opt+freq: b3lyp/6-311G** em=gd3bj
energy: M062X/6-311G+(2d, p) em=gd3"
766,a-c7+a-b22+a-b31,COO[B-](F)(F)Oc1cccc(C)c1C,fluoroborate,-800.5264507,0.152674,0.214354,543.1543280000001,-0.07657,0.12323,5.26,-800.3737767,-800.3120967000001,5.43456,Gaussian,QC,"opt+freq: b3lyp/6-311G** em=gd3bj
energy: M062X/6-311G+(2d, p) em=gd3"
767,a-c7+a-b22+a-b32,COO[B-](F)(F)OCC(F)(F)C(F)F,fluoroborate,-1005.7823975,0.073362,0.13462,539.430568,-0.09149,0.15886,6.3904,-1005.7090355,-1005.6477775,6.80952,Gaussian,QC,"opt+freq: b3lyp/6-311G** em=gd3bj
energy: M062X/6-311G+(2d, p) em=gd3"
768,a-c7+a-b22+a-b33,COO[B-](F)(F)Oc1cccnc1,fluoroborate,-737.9565789,0.093049,0.146453,470.273232,-0.0892,0.10537,2.5327,-737.8635299,-737.8101259,5.292304000000001,Gaussian,QC,"opt+freq: b3lyp/6-311G** em=gd3bj
energy: M062X/6-311G+(2d, p) em=gd3"
769,a-c7+a-b22+a-b35,COO[B-](F)(F)OS(=O)(=O)C(F)(F)C(F)(F)F,fluoroborate,-1614.3418975,0.044003,0.111579,595.077768,-0.12598,0.14014,4.2855,-1614.2978945,-1614.2303185,7.238464,Gaussian,QC,"opt+freq: b3lyp/6-311G** em=gd3bj
energy: M062X/6-311G+(2d, p) em=gd3"
770,a-c7+a-b22+a-b37,COO[B-](F)(F)OC(C(F)(F)F)C(F)(F)F,fluoroborate,-1204.3050393,0.057554,0.120373,553.179192,-0.09921,0.17821,5.2227,-1204.2474853,-1204.1846663,7.545824,Gaussian,QC,"opt+freq: b3lyp/6-311G** em=gd3bj
energy: M062X/6-311G+(2d, p) em=gd3"
771,a-c7+a-b22+a-b38,COO[B-](F)(F)OCC(F)(F)C(F)(F)C(F)(F)C(F)F,fluoroborate,-1481.3719012,0.089376,0.163952,656.708088,-0.09536,0.11755,12.1778,-1481.2825252,-1481.2079492,5.791151999999999,Gaussian,QC,"opt+freq: b3lyp/6-311G** em=gd3bj
energy: M062X/6-311G+(2d, p) em=gd3"
772,a-c7+a-b23+a-b24,F[B-](F)(OCc1ccccc1)OCC(F)(F)F,fluoroborate,-1023.1468457,0.127281,0.19108,561.810784,-0.10868,0.10018,6.3991,-1023.0195647,-1022.9557657,5.680992,Gaussian,QC,"opt+freq: b3lyp/6-311G** em=gd3bj
energy: M062X/6-311G+(2d, p) em=gd3"
773,a-c7+a-b23+a-b26,F[B-](F)(OCC(F)(F)F)Oc1ccccc1,fluoroborate,-983.8569072,0.101258,0.16188,533.840744,-0.0826,0.12184,3.7692,-983.7556492,-983.6950272,5.560768,Gaussian,QC,"opt+freq: b3lyp/6-311G** em=gd3bj
energy: M062X/6-311G+(2d, p) em=gd3"
774,a-c7+a-b23+a-b28,O=C(O)CO[B-](F)(F)OCC(F)(F)F,fluoroborate,-980.7198346,0.066743,0.125907,520.995864,-0.11833,0.14482,5.5455,-980.6530916,-980.5939276,7.15768,Gaussian,QC,"opt+freq: b3lyp/6-311G** em=gd3bj
energy: M062X/6-311G+(2d, p) em=gd3"
775,a-c7+a-b23+a-b30,F[B-](F)(OCC(F)(F)F)OC1CCCCC1,fluoroborate,-987.4608144,0.167153,0.230743,559.978192,-0.09922,0.14421,5.6966,-987.2936614,-987.2300714,6.621296,Gaussian,QC,"opt+freq: b3lyp/6-311G** em=gd3bj
energy: M062X/6-311G+(2d, p) em=gd3"
776,a-c7+a-b23+a-b31,Cc1cccc(O[B-](F)(F)OCC(F)(F)F)c1C,fluoroborate,-1062.4726322,0.148744,0.218479,614.08568,-0.08211,0.11935,2.0412,-1062.3238882,-1062.2541532,5.479712,Gaussian,QC,"opt+freq: b3lyp/6-311G** em=gd3bj
energy: M062X/6-311G+(2d, p) em=gd3"
777,a-c7+a-b23+a-b32,FC(F)C(F)(F)CO[B-](F)(F)OCC(F)(F)F,fluoroborate,-1267.7316116,0.069617,0.138724,608.554432,-0.11448,0.15376,3.2636,-1267.6619946,-1267.5928876,7.296128,Gaussian,QC,"opt+freq: b3lyp/6-311G** em=gd3bj
energy: M062X/6-311G+(2d, p) em=gd3"
778,a-c7+a-b23+a-b35,O=S(=O)(O[B-](F)(F)OCC(F)(F)F)C(F)(F)C(F)(F)F,fluoroborate,-1876.2899841,0.041532,0.115784,653.867152,-0.16306,0.14049,3.8463,-1876.2484521,-1876.1742001,8.256559999999999,Gaussian,QC,"opt+freq: b3lyp/6-311G** em=gd3bj
energy: M062X/6-311G+(2d, p) em=gd3"
779,a-c7+a-b23+a-b37,F[B-](F)(OCC(F)(F)F)OC(C(F)(F)F)C(F)(F)F,fluoroborate,-1466.2514992,0.055211,0.124517,610.303344,-0.1263,0.17545,3.5411,-1466.1962882,-1466.1269822,8.2076,Gaussian,QC,"opt+freq: b3lyp/6-311G** em=gd3bj
energy: M062X/6-311G+(2d, p) em=gd3"
780,a-c7+a-b24+a-b26,F[B-](F)(OCc1ccccc1)Oc1ccccc1,fluoroborate,-877.8074671,0.173385,0.236339,554.371632,-0.08059,0.09584,5.6119,-877.6340821,-877.5711281,4.798895999999999,Gaussian,QC,"opt+freq: b3lyp/6-311G** em=gd3bj
energy: M062X/6-311G+(2d, p) em=gd3"
781,a-c7+a-b24+a-b28,O=C(O)CO[B-](F)(F)OCc1ccccc1,fluoroborate,-874.670893,0.139006,0.200295,539.7150800000001,-0.11501,0.09241,8.331,-874.531887,-874.470598,5.641824,Gaussian,QC,"opt+freq: b3lyp/6-311G** em=gd3bj
energy: M062X/6-311G+(2d, p) em=gd3"
782,a-c7+a-b24+a-b31,Cc1cccc(O[B-](F)(F)OCc2ccccc2)c1C,fluoroborate,-956.423211,0.221579,0.292878,627.859408,-0.07984,0.09706,1.8232,-956.201632,-956.1303330000001,4.81168,Gaussian,QC,"opt+freq: b3lyp/6-311G** em=gd3bj
energy: M062X/6-311G+(2d, p) em=gd3"
783,a-c7+a-b24+a-b32,FC(F)C(F)(F)CO[B-](F)(F)OCc1ccccc1,fluoroborate,-1161.6822372,0.142241,0.213089,623.884608,-0.10697,0.10165,2.5752,-1161.5399962,-1161.4691482,5.674464,Gaussian,QC,"opt+freq: b3lyp/6-311G** em=gd3bj
energy: M062X/6-311G+(2d, p) em=gd3"
784,a-c7+a-b26+a-b28,O=C(O)CO[B-](F)(F)Oc1ccccc1,fluoroborate,-835.3786979,0.113964,0.171198,503.996272,-0.09596,0.10964,5.1969,-835.2647339,-835.2074999,5.59232,Gaussian,QC,"opt+freq: b3lyp/6-311G** em=gd3bj
energy: M062X/6-311G+(2d, p) em=gd3"
785,a-c7+a-b26+a-b30,F[B-](F)(Oc1ccccc1)OC1CCCCC1,fluoroborate,-842.1173884,0.21481,0.275983,538.69,-0.07792,0.12359,4.829,-841.9025783999999,-841.8414054,5.481072,Gaussian,QC,"opt+freq: b3lyp/6-311G** em=gd3bj
energy: M062X/6-311G+(2d, p) em=gd3"
786,a-c7+a-b26+a-b31,Cc1cccc(O[B-](F)(F)Oc2ccccc2)c1C,fluoroborate,-917.1315021,0.195324,0.263673,601.8767680000001,-0.08397,0.11472,2.6299,-916.9361781,-916.8678291,5.404368,Gaussian,QC,"opt+freq: b3lyp/6-311G** em=gd3bj
energy: M062X/6-311G+(2d, p) em=gd3"
787,a-c7+a-b26+a-b32,FC(F)C(F)(F)CO[B-](F)(F)Oc1ccccc1,fluoroborate,-1122.3909366,0.116932,0.183991,590.517208,-0.08326,0.12,3.918,-1122.2740046,-1122.2069456,5.528671999999999,Gaussian,QC,"opt+freq: b3lyp/6-311G** em=gd3bj
energy: M062X/6-311G+(2d, p) em=gd3"
788,a-c7+a-b26+a-b33,F[B-](F)(Oc1ccccc1)Oc1cccnc1,fluoroborate,-854.5618135,0.136733,0.195883,520.874528,-0.09255,0.09885,4.2871,-854.4250804999999,-854.3659305,5.206079999999999,Gaussian,QC,"opt+freq: b3lyp/6-311G** em=gd3bj
energy: M062X/6-311G+(2d, p) em=gd3"
789,a-c7+a-b26+a-b37,F[B-](F)(Oc1ccccc1)OC(C(F)(F)F)C(F)(F)F,fluoroborate,-1320.910932,0.101553,0.169802,600.998128,-0.08882,0.11671,4.0606,-1320.809379,-1320.74113,5.590415999999999,Gaussian,QC,"opt+freq: b3lyp/6-311G** em=gd3bj
energy: M062X/6-311G+(2d, p) em=gd3"
790,a-c7+a-b28+a-b30,O=C(O)CO[B-](F)(F)OC1CCCCC1,fluoroborate,-838.9833713,0.179977,0.240072,529.19232,-0.10819,0.13348,8.4499,-838.8033943,-838.7432993,6.573424,Gaussian,QC,"opt+freq: b3lyp/6-311G** em=gd3bj
energy: M062X/6-311G+(2d, p) em=gd3"
791,a-c7+a-b28+a-b31,Cc1cccc(O[B-](F)(F)OCC(=O)O)c1C,fluoroborate,-913.9779301,0.161096,0.227582,585.46712,-0.07916,0.12165,4.18,-913.8168340999999,-913.7503481,5.462032,Gaussian,QC,"opt+freq: b3lyp/6-311G** em=gd3bj
energy: M062X/6-311G+(2d, p) em=gd3"
792,a-c7+a-b28+a-b32,O=C(O)CO[B-](F)(F)OCC(F)(F)C(F)F,fluoroborate,-1119.2539406,0.083341,0.148068,569.990504,-0.11669,0.14593,8.3954,-1119.1705996,-1119.1058726,7.143264,Gaussian,QC,"opt+freq: b3lyp/6-311G** em=gd3bj
energy: M062X/6-311G+(2d, p) em=gd3"
793,a-c7+a-b28+a-b33,O=C(O)CO[B-](F)(F)Oc1cccnc1,fluoroborate,-851.42366,0.102949,0.159919,501.678336,-0.10671,0.09165,3.7567,-851.3207110000001,-851.2637410000001,5.395391999999999,Gaussian,QC,"opt+freq: b3lyp/6-311G** em=gd3bj
energy: M062X/6-311G+(2d, p) em=gd3"
794,a-c7+a-b28+a-b35,O=C(O)CO[B-](F)(F)OS(=O)(=O)C(F)(F)C(F)(F)F,fluoroborate,-1727.8062671,0.053665,0.124983,628.022584,-0.14432,0.12387,6.3684,-1727.7526021,-1727.6812841,7.294767999999999,Gaussian,QC,"opt+freq: b3lyp/6-311G** em=gd3bj
energy: M062X/6-311G+(2d, p) em=gd3"
795,a-c7+a-b28+a-b37,O=C(O)CO[B-](F)(F)OC(C(F)(F)F)C(F)(F)F,fluoroborate,-1317.7723795,0.06747,0.133842,584.4755120000001,-0.12369,0.14135,6.9784,-1317.7049095,-1317.6385375,7.209087999999999,Gaussian,QC,"opt+freq: b3lyp/6-311G** em=gd3bj
energy: M062X/6-311G+(2d, p) em=gd3"
796,a-c7+a-b30+a-b32,FC(F)C(F)(F)CO[B-](F)(F)OC1CCCCC1,fluoroborate,-1125.994064,0.183373,0.252871,611.9978639999999,-0.09719,0.14057,1.6524,-1125.810691,-1125.741193,6.467072,Gaussian,QC,"opt+freq: b3lyp/6-311G** em=gd3bj
energy: M062X/6-311G+(2d, p) em=gd3"
797,a-c7+a-b30+a-b33,F[B-](F)(Oc1cccnc1)OC1CCCCC1,fluoroborate,-858.1665269,0.202329,0.26475,549.681368,-0.08925,0.10557,4.7004,-857.9641979,-857.9017769,5.299104,Gaussian,QC,"opt+freq: b3lyp/6-311G** em=gd3bj
energy: M062X/6-311G+(2d, p) em=gd3"
798,a-c7+a-b30+a-b34,F[B-](F)(OC1CCCCC1)OC1CCCN1,fluoroborate,-822.4564376,0.242828,0.305308,550.200184,-0.08213,0.13979,4.953,-822.2136095999999,-822.1511296,6.036224,Gaussian,QC,"opt+freq: b3lyp/6-311G** em=gd3bj
energy: M062X/6-311G+(2d, p) em=gd3"
799,a-c7+a-b30+a-b37,F[B-](F)(OC1CCCCC1)OC(C(F)(F)F)C(F)(F)F,fluoroborate,-1324.5165502,0.168375,0.238719,619.445384,-0.10757,0.13979,4.8514,-1324.3481752,-1324.2778312,6.728192,Gaussian,QC,"opt+freq: b3lyp/6-311G** em=gd3bj
energy: M062X/6-311G+(2d, p) em=gd3"
800,a-c7+a-b31+a-b33,Cc1cccc(O[B-](F)(F)Oc2cccnc2)c1C,fluoroborate,-933.1768753,0.18442,0.252436,598.9396,-0.08925,0.09732,3.9711,-932.9924553,-932.9244393,5.074704000000001,Gaussian,QC,"opt+freq: b3lyp/6-311G** em=gd3bj
energy: M062X/6-311G+(2d, p) em=gd3"
801,a-c7+a-b32+a-b33,FC(F)C(F)(F)CO[B-](F)(F)Oc1cccnc1,fluoroborate,-1138.4335848,0.105916,0.172776,588.764112,-0.0925,0.10338,5.1848,-1138.3276688,-1138.2608088,5.327936,Gaussian,QC,"opt+freq: b3lyp/6-311G** em=gd3bj
energy: M062X/6-311G+(2d, p) em=gd3"
802,a-c7+a-b33+a-b37,F[B-](F)(Oc1cccnc1)OC(C(F)(F)F)C(F)(F)F,fluoroborate,-1336.955773,0.090593,0.158539,598.3245519999999,-0.09949,0.09876,3.264,-1336.86518,-1336.797234,5.392399999999999,Gaussian,QC,"opt+freq: b3lyp/6-311G** em=gd3bj
energy: M062X/6-311G+(2d, p) em=gd3"
803,a-c8+a-b1,CCCCCCCCc1ccccc1[B-](F)(F)F,fluoroborate,-870.7044954,0.269336,0.338935,612.8890560000001,-0.10354,0.11153,12.397,-870.4351594000001,-870.3655604,5.849904,Gaussian,QC,"opt+freq: b3lyp/6-311G** em=gd3bj
energy: M062X/6-311G+(2d, p) em=gd3"
804,a-c8+a-b2,N=C(N)Nc1ccccc1[B-](F)(F)F,fluoroborate,-760.4406672,0.114705,0.167583,465.645728,-0.08336,0.13172,3.4412,-760.3259622,-760.2730842,5.850175999999999,Gaussian,QC,"opt+freq: b3lyp/6-311G** em=gd3bj
energy: M062X/6-311G+(2d, p) em=gd3"
805,a-c8+a-b3,CC(F)(F)S(=O)(=O)c1ccccc1[B-](F)(F)F,fluoroborate,-1381.9656292,0.102555,0.164142,542.3342640000001,-0.13814,0.07751,5.6963,-1381.8630742,-1381.8014872,5.86568,Gaussian,QC,"opt+freq: b3lyp/6-311G** em=gd3bj
energy: M062X/6-311G+(2d, p) em=gd3"
806,a-c8+a-b5,O=C(c1ccccc1[B-](F)(F)F)C(F)(F)F,fluoroborate,-1006.6466636,0.06927,0.126843,506.992016,-0.12899,0.07003,5.8778,-1006.5773936,-1006.5198206,5.413343999999999,Gaussian,QC,"opt+freq: b3lyp/6-311G** em=gd3bj
energy: M062X/6-311G+(2d, p) em=gd3"
807,a-c8+a-b6,F[B-](F)(F)c1ccccc1-c1ccncc1,fluoroborate,-803.3362126,0.1251,0.17929,477.197752,-0.115,0.07605,6.3541,-803.2111126,-803.1569225999999,5.19656,Gaussian,QC,"opt+freq: b3lyp/6-311G** em=gd3bj
energy: M062X/6-311G+(2d, p) em=gd3"
808,a-c8+a-b7,Oc1ccccc1-c1ccccc1[B-](F)(F)F,fluoroborate,-862.5274651,0.139123,0.195677,498.008968,-0.09922,0.09928,5.8211,-862.3883420999999,-862.3317880999999,5.3992,Gaussian,QC,"opt+freq: b3lyp/6-311G** em=gd3bj
energy: M062X/6-311G+(2d, p) em=gd3"
809,a-c8+a-b8,O=C(O)c1ccccc1[B-](F)(F)F,fluoroborate,-744.8580957,0.076171,0.125489,434.295016,-0.12714,0.08627,5.0761,-744.7819247,-744.7326067,5.804752,Gaussian,QC,"opt+freq: b3lyp/6-311G** em=gd3bj
energy: M062X/6-311G+(2d, p) em=gd3"
810,a-c8+a-b9,O=C(CF)c1ccccc1[B-](F)(F)F,fluoroborate,-808.1441523,0.087628,0.141531,474.670616,-0.12622,0.06779,4.3105,-808.0565243,-808.0026213,5.277072,Gaussian,QC,"opt+freq: b3lyp/6-311G** em=gd3bj
energy: M062X/6-311G+(2d, p) em=gd3"
811,a-c8+a-b10,CCCCCCCCCCc1ccccc1[B-](F)(F)F,fluoroborate,-949.315149,0.321247,0.396771,665.0635360000001,-0.10509,0.11024,11.3199,-948.993902,-948.9183780000001,5.856976,Gaussian,QC,"opt+freq: b3lyp/6-311G** em=gd3bj
energy: M062X/6-311G+(2d, p) em=gd3"
812,a-c8+a-b14,CCCCc1ccccc1[B-](F)(F)F,fluoroborate,-713.4861235,0.166335,0.222946,498.515232,-0.10191,0.12895,7.1915,-713.3197885,-713.2631775,6.279392000000001,Gaussian,QC,"opt+freq: b3lyp/6-311G** em=gd3bj
energy: M062X/6-311G+(2d, p) em=gd3"
813,a-c8+a-b16,Cc1cc(Cl)ccc1-c1ccccc1[B-](F)(F)F,fluoroborate,-1286.2056915,0.14842,0.210664,548.120736,-0.11937,0.09461,7.2105,-1286.0572715,-1285.9950275,5.820256,Gaussian,QC,"opt+freq: b3lyp/6-311G** em=gd3bj
energy: M062X/6-311G+(2d, p) em=gd3"
814,a-c8+a-b17,O=S(=O)(c1ccccc1[B-](F)(F)F)C(F)(F)F,fluoroborate,-1441.9013343,0.068537,0.128981,532.271744,-0.14295,0.0709,6.7804,-1441.8327973,-1441.7723533,5.816719999999999,Gaussian,QC,"opt+freq: b3lyp/6-311G** em=gd3bj
energy: M062X/6-311G+(2d, p) em=gd3"
815,a-c8+a-b18,F[B-](F)(F)c1ccccc1C(F)(F)F,fluoroborate,-893.3286235,0.063537,0.115855,460.708608,-0.12254,0.10347,6.7199,-893.2650865,-893.2127685,6.147472,Gaussian,QC,"opt+freq: b3lyp/6-311G** em=gd3bj
energy: M062X/6-311G+(2d, p) em=gd3"
816,a-c8+a-b19,F[B-](F)(F)c1ccccc1-c1ccccn1,fluoroborate,-803.333749,0.125128,0.179115,475.407,-0.10374,0.07883,6.1466,-803.208621,-803.154634,4.965904,Gaussian,QC,"opt+freq: b3lyp/6-311G** em=gd3bj
energy: M062X/6-311G+(2d, p) em=gd3"
817,a-c8+a-b21,CC(=O)c1ccccc1[B-](F)(F)F,fluoroborate,-708.9038768,0.096117,0.147654,453.834296,-0.11625,0.07725,4.122,-708.8077598,-708.7562228,5.2632,Gaussian,QC,"opt+freq: b3lyp/6-311G** em=gd3bj
energy: M062X/6-311G+(2d, p) em=gd3"
818,a-c8+a-b22,COc1ccccc1[B-](F)(F)F,fluoroborate,-670.7781885,0.09202,0.141726,437.713344,-0.07756,0.13579,4.4617,-670.6861685,-670.6364625000001,5.80312,Gaussian,QC,"opt+freq: b3lyp/6-311G** em=gd3bj
energy: M062X/6-311G+(2d, p) em=gd3"
819,a-c8+a-b23,F[B-](F)(F)c1ccccc1CC(F)(F)F,fluoroborate,-932.6437446,0.08881,0.144905,493.971408,-0.1137,0.11665,6.5669,-932.5549346,-932.4988396,6.26552,Gaussian,QC,"opt+freq: b3lyp/6-311G** em=gd3bj
energy: M062X/6-311G+(2d, p) em=gd3"
820,a-c8+a-b24,F[B-](F)(F)c1ccccc1Cc1ccccc1,fluoroborate,-826.5967587,0.160994,0.219445,514.71568,-0.10739,0.09662,8.0069,-826.4357647,-826.3773137000001,5.549072,Gaussian,QC,"opt+freq: b3lyp/6-311G** em=gd3bj
energy: M062X/6-311G+(2d, p) em=gd3"
821,a-c8+a-b25,CCCCCc1ccccc1[B-](F)(F)F,fluoroborate,-752.7902612,0.192924,0.251881,519.180008,-0.10449,0.12581,5.7158,-752.5973372000001,-752.5383802,6.26416,Gaussian,QC,"opt+freq: b3lyp/6-311G** em=gd3bj
energy: M062X/6-311G+(2d, p) em=gd3"
822,a-c8+a-b26,F[B-](F)(F)c1ccccc1-c1ccccc1,fluoroborate,-787.2891616,0.136047,0.190505,479.561712,-0.10137,0.0927,6.8268,-787.1531146000001,-787.0986566,5.278704,Gaussian,QC,"opt+freq: b3lyp/6-311G** em=gd3bj
energy: M062X/6-311G+(2d, p) em=gd3"
823,a-c8+a-b28,O=C(O)Cc1ccccc1[B-](F)(F)F,fluoroborate,-784.1684824,0.1019,0.154379,462.126984,-0.11671,0.10937,4.0806,-784.0665824,-784.0141034000001,6.149376,Gaussian,QC,"opt+freq: b3lyp/6-311G** em=gd3bj
energy: M062X/6-311G+(2d, p) em=gd3"
824,a-c8+a-b30,F[B-](F)(F)c1ccccc1C1CCCCC1,fluoroborate,-790.8996584,0.202795,0.259527,499.5821520000001,-0.10417,0.12809,6.5103,-790.6968634,-790.6401314,6.317472,Gaussian,QC,"opt+freq: b3lyp/6-311G** em=gd3bj
energy: M062X/6-311G+(2d, p) em=gd3"
825,a-c8+a-b31,Cc1cccc(-c2ccccc2[B-](F)(F)F)c1C,fluoroborate,-865.9033031,0.184217,0.246905,552.028592,-0.11099,0.10885,7.3734,-865.7190861,-865.6563981,5.979648,Gaussian,QC,"opt+freq: b3lyp/6-311G** em=gd3bj
energy: M062X/6-311G+(2d, p) em=gd3"
826,a-c8+a-b33,F[B-](F)(F)c1ccccc1-c1cccnc1,fluoroborate,-803.3355571,0.125152,0.179271,476.565968,-0.10869,0.08346,5.3233,-803.2104051,-803.1562861,5.22648,Gaussian,QC,"opt+freq: b3lyp/6-311G** em=gd3bj
energy: M062X/6-311G+(2d, p) em=gd3"
827,a-c8+a-b35,O=S(=O)(c1ccccc1[B-](F)(F)F)C(F)(F)C(F)(F)F,fluoroborate,-1679.6952232,0.076637,0.143626,589.9021600000001,-0.14679,0.0629,8.098,-1679.6185862,-1679.5515972,5.703568,Gaussian,QC,"opt+freq: b3lyp/6-311G** em=gd3bj
energy: M062X/6-311G+(2d, p) em=gd3"
828,a-c8+a-b36,CCCCCCCCCc1ccccc1[B-](F)(F)F,fluoroborate,-910.0092534,0.296127,0.367836,631.4702000000001,-0.10615,0.11631,9.2309,-909.7131264000001,-909.6414174,6.050911999999999,Gaussian,QC,"opt+freq: b3lyp/6-311G** em=gd3bj
energy: M062X/6-311G+(2d, p) em=gd3"
829,a-c8+a-b37,F[B-](F)(F)c1ccccc1C(C(F)(F)F)C(F)(F)F,fluoroborate,-1269.7050423,0.088613,0.153109,567.948712,-0.12477,0.10542,6.9908,-1269.6164293,-1269.5519333,6.261168,Gaussian,QC,"opt+freq: b3lyp/6-311G** em=gd3bj
energy: M062X/6-311G+(2d, p) em=gd3"
830,a-c9+a-b1,CCCCCCCCNS(=O)(=O)[O-],sulfonate,-994.2834162,0.214717,0.275255,533.087624,-0.07542,0.11536,14.3375,-994.0686992000001,-994.0081612,5.189216,Gaussian,QC,"opt+freq: b3lyp/6-311G** em=gd3bj
energy: M062X/6-311G+(2d, p) em=gd3"
831,a-c9+a-b2,N=C(N)NNS(=O)(=O)[O-],sulfonate,-883.9839571,0.059373,0.103415,387.831696,-0.08452,0.14981,4.753,-883.9245841,-883.8805421,6.373775999999999,Gaussian,QC,"opt+freq: b3lyp/6-311G** em=gd3bj
energy: M062X/6-311G+(2d, p) em=gd3"
832,a-c9+a-b3,CC(F)(F)S(=O)(=O)NS(=O)(=O)[O-],sulfonate,-1505.5551348,0.045015,0.099812,482.54072,-0.11162,0.14073,8.3099,-1505.5101198,-1505.4553228,6.863919999999998,Gaussian,QC,"opt+freq: b3lyp/6-311G** em=gd3bj
energy: M062X/6-311G+(2d, p) em=gd3"
833,a-c9+a-b4,O=S(=O)([O-])NCCCC(F)(F)C(F)(F)F,sulfonate,-1372.6282903,0.094177,0.153952,526.372304,-0.08534,0.15141,12.3292,-1372.5341133,-1372.4743383,6.4396,Gaussian,QC,"opt+freq: b3lyp/6-311G** em=gd3bj
energy: M062X/6-311G+(2d, p) em=gd3"
834,a-c9+a-b5,O=C(NS(=O)(=O)[O-])C(F)(F)F,sulfonate,-1130.2524035,0.014029,0.063382,434.604632,-0.1113,0.11482,4.0641,-1130.2383745,-1130.1890215,6.150463999999999,Gaussian,QC,"opt+freq: b3lyp/6-311G** em=gd3bj
energy: M062X/6-311G+(2d, p) em=gd3"
835,a-c9+a-b6,O=S(=O)([O-])Nc1ccncc1,sulfonate,-926.9278525,0.068706,0.115107,408.613624,-0.09701,0.10559,5.5822,-926.8591465,-926.8127455,5.51072,Gaussian,QC,"opt+freq: b3lyp/6-311G** em=gd3bj
energy: M062X/6-311G+(2d, p) em=gd3"
836,a-c9+a-b7,O=S(=O)([O-])Nc1ccccc1O,sulfonate,-986.1176093,0.083756,0.131509,420.51292,-0.08303,0.11031,6.8836,-986.0338533,-985.9861003,5.258848,Gaussian,QC,"opt+freq: b3lyp/6-311G** em=gd3bj
energy: M062X/6-311G+(2d, p) em=gd3"
837,a-c9+a-b8,O=C(O)NS(=O)(=O)[O-],sulfonate,-868.4318895,0.018077,0.060816,376.359168,-0.09227,0.12851,5.8478,-868.4138125000001,-868.3710735,6.005216000000001,Gaussian,QC,"opt+freq: b3lyp/6-311G** em=gd3bj
energy: M062X/6-311G+(2d, p) em=gd3"
838,a-c9+a-b9,O=C(CF)NS(=O)(=O)[O-],sulfonate,-931.7421162,0.03127,0.077496,407.057176,-0.0916,0.14321,7.2347,-931.7108462000001,-931.6646202000001,6.386832,Gaussian,QC,"opt+freq: b3lyp/6-311G** em=gd3bj
energy: M062X/6-311G+(2d, p) em=gd3"
839,a-c9+a-b10,CCCCCCCCCCNS(=O)(=O)[O-],sulfonate,-1072.8925779,0.266143,0.333207,590.567416,-0.07587,0.10404,17.4414,-1072.6264349,-1072.5593709,4.893552000000001,Gaussian,QC,"opt+freq: b3lyp/6-311G** em=gd3bj
energy: M062X/6-311G+(2d, p) em=gd3"
840,a-c9+a-b13,CCCCCCNS(=O)(=O)[O-],sulfonate,-915.6741538,0.163041,0.217269,477.528288,-0.0746,0.12685,11.2858,-915.5111128,-915.4568848,5.479439999999999,Gaussian,QC,"opt+freq: b3lyp/6-311G** em=gd3bj
energy: M062X/6-311G+(2d, p) em=gd3"
841,a-c9+a-b14,CCCCNS(=O)(=O)[O-],sulfonate,-837.064642,0.111777,0.15938,419.186592,-0.07269,0.14295,8.7299,-836.9528650000001,-836.905262,5.865408,Gaussian,QC,"opt+freq: b3lyp/6-311G** em=gd3bj
energy: M062X/6-311G+(2d, p) em=gd3"
842,a-c9+a-b15,CCNS(=O)(=O)[O-],sulfonate,-758.4554018,0.059858,0.101361,365.4724,-0.0678,0.15732,6.438,-758.3955438,-758.3540408,6.123264,Gaussian,QC,"opt+freq: b3lyp/6-311G** em=gd3bj
energy: M062X/6-311G+(2d, p) em=gd3"
843,a-c9+a-b16,Cc1cc(Cl)ccc1NS(=O)(=O)[O-],sulfonate,-1409.7945734,0.093334,0.146867,471.41128,-0.08801,0.09666,9.1013,-1409.7012394,-1409.6477064,5.023023999999999,Gaussian,QC,"opt+freq: b3lyp/6-311G** em=gd3bj
energy: M062X/6-311G+(2d, p) em=gd3"
844,a-c9+a-b17,O=S(=O)([O-])NS(=O)(=O)C(F)(F)F,sulfonate,-1565.4960922,0.011001,0.064609,472.068168,-0.12056,0.14116,6.2743,-1565.4850912,-1565.4314832,7.118784,Gaussian,QC,"opt+freq: b3lyp/6-311G** em=gd3bj
energy: M062X/6-311G+(2d, p) em=gd3"
845,a-c9+a-b18,O=S(=O)([O-])NC(F)(F)F,sulfonate,-1016.9202081,0.007462,0.051715,389.693576,-0.09426,0.19223,5.2655,-1016.9127461,-1016.8684931,7.792528000000001,Gaussian,QC,"opt+freq: b3lyp/6-311G** em=gd3bj
energy: M062X/6-311G+(2d, p) em=gd3"
846,a-c9+a-b19,O=S(=O)([O-])Nc1ccccn1,sulfonate,-926.9290333,0.068824,0.115033,406.910736,-0.08802,0.09484,7.5808,-926.8602093000001,-926.8140003,4.973792,Gaussian,QC,"opt+freq: b3lyp/6-311G** em=gd3bj
energy: M062X/6-311G+(2d, p) em=gd3"
847,a-c9+a-b20,O=S(=O)([O-])NS(=O)(=O)C(F)(F)C(F)(F)C(F)(F)F,sulfonate,-2041.0854148,0.027062,0.093979,589.266192,-0.12703,0.10686,10.926,-2041.0583528,-2040.9914358,6.361808,Gaussian,QC,"opt+freq: b3lyp/6-311G** em=gd3bj
energy: M062X/6-311G+(2d, p) em=gd3"
848,a-c9+a-b21,CC(=O)NS(=O)(=O)[O-],sulfonate,-832.514449,0.040143,0.083735,383.869448,-0.0975,0.15715,2.5482,-832.4743060000001,-832.430714,6.926480000000001,Gaussian,QC,"opt+freq: b3lyp/6-311G** em=gd3bj
energy: M062X/6-311G+(2d, p) em=gd3"
849,a-c9+a-b22,CONS(=O)(=O)[O-],sulfonate,-794.3111617,0.036527,0.077364,359.606432,-0.07607,0.18017,4.9199,-794.2746347,-794.2337977,6.969728000000001,Gaussian,QC,"opt+freq: b3lyp/6-311G** em=gd3bj
energy: M062X/6-311G+(2d, p) em=gd3"
850,a-c9+a-b23,O=S(=O)([O-])NCC(F)(F)F,sulfonate,-1056.2169334,0.033454,0.080954,418.282848,-0.08034,0.17666,7.9684,-1056.1834794,-1056.1359794,6.9904,Gaussian,QC,"opt+freq: b3lyp/6-311G** em=gd3bj
energy: M062X/6-311G+(2d, p) em=gd3"
851,a-c9+a-b24,O=S(=O)([O-])NCc1ccccc1,sulfonate,-950.173165,0.105561,0.155497,439.730032,-0.08097,0.09317,10.7377,-950.0676040000001,-950.0176680000001,4.736608,Gaussian,QC,"opt+freq: b3lyp/6-311G** em=gd3bj
energy: M062X/6-311G+(2d, p) em=gd3"
852,a-c9+a-b25,CCCCCNS(=O)(=O)[O-],sulfonate,-876.3696673,0.137561,0.188329,447.0604,-0.07387,0.13685,9.7855,-876.2321062999999,-876.1813383,5.731584000000001,Gaussian,QC,"opt+freq: b3lyp/6-311G** em=gd3bj
energy: M062X/6-311G+(2d, p) em=gd3"
853,a-c9+a-b26,O=S(=O)([O-])Nc1ccccc1,sulfonate,-910.8770228,0.079801,0.126297,409.437872,-0.07939,0.1103,7.737,-910.7972218,-910.7507257999999,5.159568,Gaussian,QC,"opt+freq: b3lyp/6-311G** em=gd3bj
energy: M062X/6-311G+(2d, p) em=gd3"
854,a-c9+a-b27,CCCCCCCCCCCCNS(=O)(=O)[O-],sulfonate,-1151.5016347,0.317405,0.391168,649.557632,-0.0761,0.09474,21.0413,-1151.1842297,-1151.1104667,4.646847999999999,Gaussian,QC,"opt+freq: b3lyp/6-311G** em=gd3bj
energy: M062X/6-311G+(2d, p) em=gd3"
855,a-c9+a-b28,O=C(O)CNS(=O)(=O)[O-],sulfonate,-907.7265923,0.043679,0.089862,406.688984,-0.08296,0.1112,7.0464,-907.6829133,-907.6367303,5.281152,Gaussian,QC,"opt+freq: b3lyp/6-311G** em=gd3bj
energy: M062X/6-311G+(2d, p) em=gd3"
856,a-c9+a-b30,O=S(=O)([O-])NC1CCCCC1,sulfonate,-914.4847853,0.146451,0.195486,431.801352,-0.07392,0.13501,10.7042,-914.3383343,-914.2892993,5.682896,Gaussian,QC,"opt+freq: b3lyp/6-311G** em=gd3bj
energy: M062X/6-311G+(2d, p) em=gd3"
857,a-c9+a-b31,Cc1cccc(NS(=O)(=O)[O-])c1C,sulfonate,-989.4899675,0.130438,0.183071,463.486784,-0.08091,0.11129,8.8287,-989.3595295,-989.3068965,5.22784,Gaussian,QC,"opt+freq: b3lyp/6-311G** em=gd3bj
energy: M062X/6-311G+(2d, p) em=gd3"
858,a-c9+a-b32,O=S(=O)([O-])NCC(F)(F)C(F)F,sulfonate,-1194.7572261,0.050251,0.103341,467.507608,-0.08251,0.14154,11.4339,-1194.7069751,-1194.6538851,6.09416,Gaussian,QC,"opt+freq: b3lyp/6-311G** em=gd3bj
energy: M062X/6-311G+(2d, p) em=gd3"
859,a-c9+a-b33,O=S(=O)([O-])Nc1cccnc1,sulfonate,-926.9225526,0.068647,0.114941,407.6596720000001,-0.0887,0.0924,5.8671,-926.8539056,-926.8076116,4.92592,Gaussian,QC,"opt+freq: b3lyp/6-311G** em=gd3bj
energy: M062X/6-311G+(2d, p) em=gd3"
860,a-c9+a-b34,O=S(=O)([O-])NC1CCCN1,sulfonate,-891.2117962,0.110043,0.155504,400.329304,-0.0789,0.15505,6.7126,-891.1017532,-891.0562922,6.36344,Gaussian,QC,"opt+freq: b3lyp/6-311G** em=gd3bj
energy: M062X/6-311G+(2d, p) em=gd3"
861,a-c9+a-b35,O=S(=O)([O-])NS(=O)(=O)C(F)(F)C(F)(F)F,sulfonate,-1803.2923507,0.019375,0.079333,527.987328,-0.12549,0.12592,8.513,-1803.2729757,-1803.2130177,6.838352,Gaussian,QC,"opt+freq: b3lyp/6-311G** em=gd3bj
energy: M062X/6-311G+(2d, p) em=gd3"
862,a-c9+a-b36,CCCCCCCCCNS(=O)(=O)[O-],sulfonate,-1033.5880253,0.240346,0.304214,562.417464,-0.07569,0.11003,15.7451,-1033.3476793,-1033.2838113,5.051584,Gaussian,QC,"opt+freq: b3lyp/6-311G** em=gd3bj
energy: M062X/6-311G+(2d, p) em=gd3"
863,a-c9+a-b37,O=S(=O)([O-])NC(C(F)(F)F)C(F)(F)F,sulfonate,-1393.2793027,0.032075,0.088763,499.188856,-0.09636,0.18172,8.7891,-1393.2472277,-1393.1905397,7.563776,Gaussian,QC,"opt+freq: b3lyp/6-311G** em=gd3bj
energy: M062X/6-311G+(2d, p) em=gd3"
864,a-c9+a-b38,O=S(=O)([O-])NCC(F)(F)C(F)(F)C(F)(F)C(F)F,sulfonate,-1670.3389804,0.065336,0.132207,588.860344,-0.08337,0.11423,14.699,-1670.2736444,-1670.2067734,5.37472,Gaussian,QC,"opt+freq: b3lyp/6-311G** em=gd3bj
energy: M062X/6-311G+(2d, p) em=gd3"
865,a-c10+a-b1,CCCCCCCCC(=O)C(=O)[O-],acetate,-616.9730842,0.206409,0.266182,526.3555680000001,-0.03909,0.12165,12.4498,-616.7666752,-616.7069022000001,4.372128,Gaussian,QC,"opt+freq: b3lyp/6-311G** em=gd3bj
energy: M062X/6-311G+(2d, p) em=gd3"
866,a-c10+a-b2,N=C(N)NC(=O)C(=O)[O-],acetate,-506.7281184,0.050357,0.094279,386.777328,-0.06458,0.14055,5.2386,-506.6777614,-506.6338394000001,5.579536,Gaussian,QC,"opt+freq: b3lyp/6-311G** em=gd3bj
energy: M062X/6-311G+(2d, p) em=gd3"
867,a-c10+a-b3,CC(F)(F)S(=O)(=O)C(=O)C(=O)[O-],acetate,-1128.2708233,0.024365,0.089262,571.4758240000001,-0.05111,0.10528,3.1494,-1128.2464583,-1128.1815613,4.253808,Gaussian,QC,"opt+freq: b3lyp/6-311G** em=gd3bj
energy: M062X/6-311G+(2d, p) em=gd3"
868,a-c10+a-b4,O=C([O-])C(=O)CCCC(F)(F)C(F)(F)F,acetate,-995.3161221,0.084587,0.144723,529.552144,-0.04689,0.1395,11.2663,-995.2315351,-995.1713991,5.069808,Gaussian,QC,"opt+freq: b3lyp/6-311G** em=gd3bj
energy: M062X/6-311G+(2d, p) em=gd3"
869,a-c10+a-b5,O=C([O-])C(=O)C(=O)C(F)(F)F,acetate,-752.906685,0.005759,0.053989,424.713656,-0.07352,0.07406,5.5165,-752.900926,-752.852696,4.014176,Gaussian,QC,"opt+freq: b3lyp/6-311G** em=gd3bj
energy: M062X/6-311G+(2d, p) em=gd3"
870,a-c10+a-b6,O=C([O-])C(=O)c1ccncc1,acetate,-549.6034756,0.060757,0.106396,401.898304,-0.05258,0.0608,7.522,-549.5427186000001,-549.4970796,3.083936,Gaussian,QC,"opt+freq: b3lyp/6-311G** em=gd3bj
energy: M062X/6-311G+(2d, p) em=gd3"
871,a-c10+a-b7,O=C([O-])C(=O)c1ccccc1O,acetate,-608.8097736,0.074365,0.12121,412.513112,-0.07798,0.07509,7.4789,-608.7354086,-608.6885636,4.163504,Gaussian,QC,"opt+freq: b3lyp/6-311G** em=gd3bj
energy: M062X/6-311G+(2d, p) em=gd3"
872,a-c10+a-b8,O=C([O-])C(=O)C(=O)O,acetate,-491.1010219,0.009367,0.051967,375.124888,-0.05189,0.10089,5.5531,-491.0916549,-491.0490549,4.155616,Gaussian,QC,"opt+freq: b3lyp/6-311G** em=gd3bj
energy: M062X/6-311G+(2d, p) em=gd3"
873,a-c10+a-b9,O=C([O-])C(=O)C(=O)CF,acetate,-554.3974954,0.022822,0.068087,398.597128,-0.05507,0.08862,5.7026,-554.3746734,-554.3294084,3.908368,Gaussian,QC,"opt+freq: b3lyp/6-311G** em=gd3bj
energy: M062X/6-311G+(2d, p) em=gd3"
874,a-c10+a-b10,CCCCCCCCCCC(=O)C(=O)[O-],acetate,-695.582291,0.257825,0.324125,583.839544,-0.03961,0.1087,15.863,-695.324466,-695.2581660000001,4.034032,Gaussian,QC,"opt+freq: b3lyp/6-311G** em=gd3bj
energy: M062X/6-311G+(2d, p) em=gd3"
875,a-c10+a-b11,CCCCC(CC)CC(=O)C(=O)[O-],acetate,-616.97393,0.205589,0.265439,527.041744,-0.04508,0.13233,9.9174,-616.768341,-616.708491,4.825552,Gaussian,QC,"opt+freq: b3lyp/6-311G** em=gd3bj
energy: M062X/6-311G+(2d, p) em=gd3"
876,a-c10+a-b13,CCCCCCC(=O)C(=O)[O-],acetate,-538.363655,0.154741,0.208172,470.51172,-0.03811,0.1298,9.5966,-538.208914,-538.155483,4.567152,Gaussian,QC,"opt+freq: b3lyp/6-311G** em=gd3bj
energy: M062X/6-311G+(2d, p) em=gd3"
877,a-c10+a-b14,CCCCC(=O)C(=O)[O-],acetate,-459.7540037,0.103431,0.150269,412.454536,-0.03592,0.13611,6.8534,-459.6505727,-459.6037347,4.679216,Gaussian,QC,"opt+freq: b3lyp/6-311G** em=gd3bj
energy: M062X/6-311G+(2d, p) em=gd3"
878,a-c10+a-b15,CCC(=O)C(=O)[O-],acetate,-381.1425289,0.050416,0.092308,368.894912,-0.02894,0.14251,5.7384,-381.0921129,-381.0502209,4.66344,Gaussian,QC,"opt+freq: b3lyp/6-311G** em=gd3bj
energy: M062X/6-311G+(2d, p) em=gd3"
879,a-c10+a-b16,Cc1cc(Cl)ccc1C(=O)C(=O)[O-],acetate,-1032.47366,0.085143,0.138213,467.340248,-0.05428,0.06487,10.5487,-1032.388517,-1032.335447,3.24088,Gaussian,QC,"opt+freq: b3lyp/6-311G** em=gd3bj
energy: M062X/6-311G+(2d, p) em=gd3"
880,a-c10+a-b17,O=C([O-])C(=O)S(=O)(=O)C(F)(F)F,acetate,-1188.2131245,-0.009752,0.054141,562.635032,-0.05847,0.10153,4.0702,-1188.2228765,-1188.1589835,4.352,Gaussian,QC,"opt+freq: b3lyp/6-311G** em=gd3bj
energy: M062X/6-311G+(2d, p) em=gd3"
881,a-c10+a-b18,O=C([O-])C(=O)C(F)(F)F,acetate,-639.5905145,-0.000989,0.042944,386.8735600000001,-0.0553,0.10868,5.8296,-639.5915035,-639.5475705,4.460256,Gaussian,QC,"opt+freq: b3lyp/6-311G** em=gd3bj
energy: M062X/6-311G+(2d, p) em=gd3"
882,a-c10+a-b19,O=C([O-])C(=O)c1ccccn1,acetate,-549.5936035,0.060226,0.10605,403.52588,-0.04166,0.07044,10.2269,-549.5333775,-549.4875535,3.04912,Gaussian,QC,"opt+freq: b3lyp/6-311G** em=gd3bj
energy: M062X/6-311G+(2d, p) em=gd3"
883,a-c10+a-b21,CC(=O)C(=O)C(=O)[O-],acetate,-455.1612243,0.030261,0.074118,386.20412,-0.04659,0.11059,5.5268,-455.1309633,-455.0871063,4.275295999999999,Gaussian,QC,"opt+freq: b3lyp/6-311G** em=gd3bj
energy: M062X/6-311G+(2d, p) em=gd3"
884,a-c10+a-b22,COC(=O)C(=O)[O-],acetate,-417.0706928,0.028126,0.069235,362.012232,-0.03796,0.17,6.92,-417.0425668,-417.0014578,5.656512,Gaussian,QC,"opt+freq: b3lyp/6-311G** em=gd3bj
energy: M062X/6-311G+(2d, p) em=gd3"
885,a-c10+a-b23,O=C([O-])C(=O)CC(F)(F)F,acetate,-678.9060706,0.023633,0.071794,424.102792,-0.04769,0.11651,7.9275,-678.8824376,-678.8342766000001,4.46624,Gaussian,QC,"opt+freq: b3lyp/6-311G** em=gd3bj
energy: M062X/6-311G+(2d, p) em=gd3"
886,a-c10+a-b24,O=C([O-])C(=O)Cc1ccccc1,acetate,-572.8627236,0.096495,0.146422,439.650536,-0.0478,0.09805,10.0517,-572.7662286,-572.7163016,3.96712,Gaussian,QC,"opt+freq: b3lyp/6-311G** em=gd3bj
energy: M062X/6-311G+(2d, p) em=gd3"
887,a-c10+a-b25,CCCCCC(=O)C(=O)[O-],acetate,-499.0589431,0.128995,0.179205,442.148384,-0.03726,0.13388,7.9835,-498.9299481,-498.8797381,4.655008,Gaussian,QC,"opt+freq: b3lyp/6-311G** em=gd3bj
energy: M062X/6-311G+(2d, p) em=gd3"
888,a-c10+a-b26,O=C([O-])C(=O)c1ccccc1,acetate,-533.5585707,0.071999,0.11779,403.233,-0.04217,0.0787,9.8539,-533.4865717,-533.4407807,3.287664,Gaussian,QC,"opt+freq: b3lyp/6-311G** em=gd3bj
energy: M062X/6-311G+(2d, p) em=gd3"
889,a-c10+a-b27,CCCCCCCCCCCCC(=O)C(=O)[O-],acetate,-774.1913551,0.309159,0.382074,642.089192,-0.03986,0.09847,19.5324,-773.8821961,-773.8092811,3.762576,Gaussian,QC,"opt+freq: b3lyp/6-311G** em=gd3bj
energy: M062X/6-311G+(2d, p) em=gd3"
890,a-c10+a-b28,O=C(O)CC(=O)C(=O)[O-],acetate,-530.444306,0.036622,0.079718,379.505536,-0.08072,0.09464,2.618,-530.407684,-530.364588,4.769792000000001,Gaussian,QC,"opt+freq: b3lyp/6-311G** em=gd3bj
energy: M062X/6-311G+(2d, p) em=gd3"
891,a-c10+a-b30,O=C([O-])C(=O)C1CCCCC1,acetate,-537.1699981,0.136761,0.18655,438.44136,-0.03386,0.13848,10.986,-537.0332371000001,-536.9834481,4.687647999999999,Gaussian,QC,"opt+freq: b3lyp/6-311G** em=gd3bj
energy: M062X/6-311G+(2d, p) em=gd3"
892,a-c10+a-b31,Cc1cccc(C(=O)C(=O)[O-])c1C,acetate,-612.1698844,0.120874,0.174464,471.917544,-0.04008,0.08706,11.7582,-612.0490104,-611.9954204000001,3.458208,Gaussian,QC,"opt+freq: b3lyp/6-311G** em=gd3bj
energy: M062X/6-311G+(2d, p) em=gd3"
893,a-c10+a-b32,O=C([O-])C(=O)CC(F)(F)C(F)F,acetate,-817.4402753,0.040742,0.093957,468.608,-0.04433,0.12185,10.2958,-817.3995333,-817.3463183,4.520096,Gaussian,QC,"opt+freq: b3lyp/6-311G** em=gd3bj
energy: M062X/6-311G+(2d, p) em=gd3"
894,a-c10+a-b33,O=C([O-])C(=O)c1cccnc1,acetate,-549.6029615,0.060848,0.106439,401.471536,-0.04929,0.06873,8.3111,-549.5421135,-549.4965225,3.210144,Gaussian,QC,"opt+freq: b3lyp/6-311G** em=gd3bj
energy: M062X/6-311G+(2d, p) em=gd3"
895,a-c10+a-b34,O=C([O-])C(=O)C1CCCN1,acetate,-513.8967235,0.099903,0.146652,411.667944,-0.03767,0.14235,8.2351,-513.7968205,-513.7500715,4.896544,Gaussian,QC,"opt+freq: b3lyp/6-311G** em=gd3bj
energy: M062X/6-311G+(2d, p) em=gd3"
896,a-c10+a-b35,O=C([O-])C(=O)S(=O)(=O)C(F)(F)C(F)(F)F,acetate,-1426.0111108,-0.001604,0.068792,619.90144,-0.06196,0.09222,4.7376,-1426.0127148,-1425.9423188,4.193695999999999,Gaussian,QC,"opt+freq: b3lyp/6-311G** em=gd3bj
energy: M062X/6-311G+(2d, p) em=gd3"
897,a-c10+a-b36,CCCCCCCCCC(=O)C(=O)[O-],acetate,-656.2777037,0.232001,0.295126,555.882056,-0.03939,0.11519,14.0176,-656.0457027,-655.9825777,4.204575999999999,Gaussian,QC,"opt+freq: b3lyp/6-311G** em=gd3bj
energy: M062X/6-311G+(2d, p) em=gd3"
898,a-c10+a-b37,O=C([O-])C(=O)C(C(F)(F)F)C(F)(F)F,acetate,-1015.9580958,0.023091,0.079766,499.080072,-0.05947,0.11284,8.2843,-1015.9350048,-1015.8783298,4.686832,Gaussian,QC,"opt+freq: b3lyp/6-311G** em=gd3bj
energy: M062X/6-311G+(2d, p) em=gd3"
899,a-c10+a-b38,O=C([O-])C(=O)CC(F)(F)C(F)(F)C(F)(F)C(F)F,acetate,-1293.0276855,0.055828,0.123249,593.705416,-0.05201,0.10935,16.1607,-1292.9718575,-1292.9044365,4.388992,Gaussian,QC,"opt+freq: b3lyp/6-311G** em=gd3bj
energy: M062X/6-311G+(2d, p) em=gd3"
900,a-c11+a-b1,CCCCCCCCc1ccc([B-](F)(F)F)cc1,fluoroborate,-870.7022383,0.266837,0.338677,632.6208,-0.10134,0.10059,18.7547,-870.4354013,-870.3635613,5.492496,Gaussian,QC,"opt+freq: b3lyp/6-311G** em=gd3bj
energy: M062X/6-311G+(2d, p) em=gd3"
901,a-c11+a-b2,N=C(N)Nc1ccc([B-](F)(F)F)cc1,fluoroborate,-760.4215967,0.110166,0.166812,498.81648,-0.08097,0.09661,14.6795,-760.3114307,-760.2547847,4.830176000000001,Gaussian,QC,"opt+freq: b3lyp/6-311G** em=gd3bj
energy: M062X/6-311G+(2d, p) em=gd3"
902,a-c11+a-b3,CC(F)(F)S(=O)(=O)c1ccc([B-](F)(F)F)cc1,fluoroborate,-1381.9745241,0.09987,0.164278,567.174672,-0.14419,0.06471,12.5261,-1381.8746541,-1381.8102461,5.682080000000001,Gaussian,QC,"opt+freq: b3lyp/6-311G** em=gd3bj
energy: M062X/6-311G+(2d, p) em=gd3"
903,a-c11+a-b4,F[B-](F)(F)c1ccc(CCCC(F)(F)C(F)(F)F)cc1,fluoroborate,-1249.0424965,0.146596,0.217579,625.072864,-0.10937,0.11591,17.4877,-1248.8959005,-1248.8249175,6.127616,Gaussian,QC,"opt+freq: b3lyp/6-311G** em=gd3bj
energy: M062X/6-311G+(2d, p) em=gd3"
904,a-c11+a-b5,O=C(c1ccc([B-](F)(F)F)cc1)C(F)(F)F,fluoroborate,-1006.6538916,0.068327,0.127445,520.590016,-0.13823,0.02778,9.7519,-1006.5855646,-1006.5264466,4.515472,Gaussian,QC,"opt+freq: b3lyp/6-311G** em=gd3bj
energy: M062X/6-311G+(2d, p) em=gd3"
905,a-c11+a-b6,F[B-](F)(F)c1ccc(-c2ccncc2)cc1,fluoroborate,-803.3369557,0.1229,0.179277,496.4567040000001,-0.11604,0.04976,10.5426,-803.2140557,-803.1576787,4.50976,Gaussian,QC,"opt+freq: b3lyp/6-311G** em=gd3bj
energy: M062X/6-311G+(2d, p) em=gd3"
906,a-c11+a-b7,Oc1ccccc1-c1ccc([B-](F)(F)F)cc1,fluoroborate,-862.5245035,0.137176,0.196046,518.405968,-0.11296,0.07079,12.6649,-862.3873275000001,-862.3284575,4.998,Gaussian,QC,"opt+freq: b3lyp/6-311G** em=gd3bj
energy: M062X/6-311G+(2d, p) em=gd3"
907,a-c11+a-b8,O=C(O)c1ccc([B-](F)(F)F)cc1,fluoroborate,-744.846799,0.073099,0.125189,458.7002880000001,-0.13079,0.06631,5.9821,-744.7737000000001,-744.72161,5.36112,Gaussian,QC,"opt+freq: b3lyp/6-311G** em=gd3bj
energy: M062X/6-311G+(2d, p) em=gd3"
908,a-c11+a-b9,O=C(CF)c1ccc([B-](F)(F)F)cc1,fluoroborate,-808.1403407,0.085673,0.141598,492.47772,-0.12723,0.04408,9.1065,-808.0546677,-807.9987427,4.659632,Gaussian,QC,"opt+freq: b3lyp/6-311G** em=gd3bj
energy: M062X/6-311G+(2d, p) em=gd3"
909,a-c11+a-b10,CCCCCCCCCCc1ccc([B-](F)(F)F)cc1,fluoroborate,-949.3113478,0.318207,0.396635,690.6361440000001,-0.10156,0.09164,22.1879,-948.9931408,-948.9147128000001,5.255039999999999,Gaussian,QC,"opt+freq: b3lyp/6-311G** em=gd3bj
energy: M062X/6-311G+(2d, p) em=gd3"
910,a-c11+a-b13,CCCCCCc1ccc([B-](F)(F)F)cc1,fluoroborate,-792.0931491,0.215464,0.28071,574.563616,-0.10094,0.10949,15.4416,-791.8776851,-791.8124391,5.723696,Gaussian,QC,"opt+freq: b3lyp/6-311G** em=gd3bj
energy: M062X/6-311G+(2d, p) em=gd3"
911,a-c11+a-b14,CCCCc1ccc([B-](F)(F)F)cc1,fluoroborate,-713.4839694,0.163956,0.222748,517.719792,-0.10016,0.12096,12.12,-713.3200134,-713.2612214,6.014463999999999,Gaussian,QC,"opt+freq: b3lyp/6-311G** em=gd3bj
energy: M062X/6-311G+(2d, p) em=gd3"
912,a-c11+a-b15,CCc1ccc([B-](F)(F)F)cc1,fluoroborate,-634.8737357,0.112357,0.164834,462.106064,-0.09826,0.12563,9.4369,-634.7613787,-634.7089017,6.089808,Gaussian,QC,"opt+freq: b3lyp/6-311G** em=gd3bj
energy: M062X/6-311G+(2d, p) em=gd3"
913,a-c11+a-b16,Cc1cc(Cl)ccc1-c1ccc([B-](F)(F)F)cc1,fluoroborate,-1286.2044672,0.147019,0.210915,562.668504,-0.11357,0.05989,15.1434,-1286.0574482,-1285.9935522,4.718112,Gaussian,QC,"opt+freq: b3lyp/6-311G** em=gd3bj
energy: M062X/6-311G+(2d, p) em=gd3"
914,a-c11+a-b17,O=S(=O)(c1ccc([B-](F)(F)F)cc1)C(F)(F)F,fluoroborate,-1441.9124218,0.065868,0.129099,556.8109039999999,-0.15088,0.05485,10.0212,-1441.8465538,-1441.7833228,5.595855999999999,Gaussian,QC,"opt+freq: b3lyp/6-311G** em=gd3bj
energy: M062X/6-311G+(2d, p) em=gd3"
915,a-c11+a-b18,F[B-](F)(F)c1ccc(C(F)(F)F)cc1,fluoroborate,-893.3349463,0.060718,0.115924,486.13896,-0.12702,0.09871,9.0493,-893.2742283,-893.2190223,6.139855999999999,Gaussian,QC,"opt+freq: b3lyp/6-311G** em=gd3bj
energy: M062X/6-311G+(2d, p) em=gd3"
916,a-c11+a-b19,F[B-](F)(F)c1ccc(-c2ccccn2)cc1,fluoroborate,-803.3326752,0.122234,0.179034,500.172096,-0.10614,0.05283,13.9984,-803.2104412,-803.1536412,4.323984,Gaussian,QC,"opt+freq: b3lyp/6-311G** em=gd3bj
energy: M062X/6-311G+(2d, p) em=gd3"
917,a-c11+a-b21,CC(=O)c1ccc([B-](F)(F)F)cc1,fluoroborate,-708.9061696,0.09406,0.147522,470.792048,-0.12223,0.05818,7.9472,-708.8121096,-708.7586476,4.907152,Gaussian,QC,"opt+freq: b3lyp/6-311G** em=gd3bj
energy: M062X/6-311G+(2d, p) em=gd3"
918,a-c11+a-b22,COc1ccc([B-](F)(F)F)cc1,fluoroborate,-670.7771806,0.090542,0.141574,449.390888,-0.08528,0.12926,9.7547,-670.6866385999999,-670.6356066,5.835488,Gaussian,QC,"opt+freq: b3lyp/6-311G** em=gd3bj
energy: M062X/6-311G+(2d, p) em=gd3"
919,a-c11+a-b23,F[B-](F)(F)c1ccc(CC(F)(F)F)cc1,fluoroborate,-932.6397737,0.086738,0.14476,510.941712,-0.11306,0.11347,12.1726,-932.5530357,-932.4950137,6.161616,Gaussian,QC,"opt+freq: b3lyp/6-311G** em=gd3bj
energy: M062X/6-311G+(2d, p) em=gd3"
920,a-c11+a-b24,F[B-](F)(F)c1ccc(Cc2ccccc2)cc1,fluoroborate,-826.591669,0.157468,0.219154,543.2003520000001,-0.10634,0.06918,14.7946,-826.434201,-826.372515,4.774144,Gaussian,QC,"opt+freq: b3lyp/6-311G** em=gd3bj
energy: M062X/6-311G+(2d, p) em=gd3"
921,a-c11+a-b25,CCCCCc1ccc([B-](F)(F)F)cc1,fluoroborate,-752.7885083,0.189517,0.25172,547.7525440000001,-0.10056,0.11519,13.6599,-752.5989913,-752.5367883,5.868399999999999,Gaussian,QC,"opt+freq: b3lyp/6-311G** em=gd3bj
energy: M062X/6-311G+(2d, p) em=gd3"
922,a-c11+a-b26,F[B-](F)(F)c1ccc(-c2ccccc2)cc1,fluoroborate,-787.2911466,0.133988,0.190547,498.059176,-0.10433,0.06808,13.4072,-787.1571586,-787.1005996,4.689552,Gaussian,QC,"opt+freq: b3lyp/6-311G** em=gd3bj
energy: M062X/6-311G+(2d, p) em=gd3"
923,a-c11+a-b28,O=C(O)Cc1ccc([B-](F)(F)F)cc1,fluoroborate,-784.1527233,0.09674,0.153751,502.0339760000001,-0.12459,0.09491,7.1945,-784.0559833000001,-783.9989723,5.9704,Gaussian,QC,"opt+freq: b3lyp/6-311G** em=gd3bj
energy: M062X/6-311G+(2d, p) em=gd3"
924,a-c11+a-b30,F[B-](F)(F)c1ccc(C2CCCCC2)cc1,fluoroborate,-790.9002425,0.199497,0.259204,525.778176,-0.10047,0.11559,15.5665,-790.7007455,-790.6410385,5.876832,Gaussian,QC,"opt+freq: b3lyp/6-311G** em=gd3bj
energy: M062X/6-311G+(2d, p) em=gd3"
925,a-c11+a-b31,Cc1cccc(-c2ccc([B-](F)(F)F)cc2)c1C,fluoroborate,-865.904291,0.183261,0.247162,562.714528,-0.10594,0.07681,15.882,-865.7210299999999,-865.6571289999999,4.970800000000001,Gaussian,QC,"opt+freq: b3lyp/6-311G** em=gd3bj
energy: M062X/6-311G+(2d, p) em=gd3"
926,a-c11+a-b32,FC(F)C(F)(F)Cc1ccc([B-](F)(F)F)cc1,fluoroborate,-1071.1744805,0.103512,0.166942,558.5640000000001,-0.10963,0.11536,14.6798,-1071.0709685,-1071.0075385,6.119728,Gaussian,QC,"opt+freq: b3lyp/6-311G** em=gd3bj
energy: M062X/6-311G+(2d, p) em=gd3"
927,a-c11+a-b33,F[B-](F)(F)c1ccc(-c2cccnc2)cc1,fluoroborate,-803.3343726,0.122762,0.179155,496.594776,-0.11096,0.05408,12.1441,-803.2116106000001,-803.1552176,4.489088000000001,Gaussian,QC,"opt+freq: b3lyp/6-311G** em=gd3bj
energy: M062X/6-311G+(2d, p) em=gd3"
928,a-c11+a-b35,O=S(=O)(c1ccc([B-](F)(F)F)cc1)C(F)(F)C(F)(F)F,fluoroborate,-1679.7061317,0.07348,0.143754,618.83452,-0.15243,0.0514,11.5232,-1679.6326517,-1679.5623777,5.544176,Gaussian,QC,"opt+freq: b3lyp/6-311G** em=gd3bj
energy: M062X/6-311G+(2d, p) em=gd3"
929,a-c11+a-b36,CCCCCCCCCc1ccc([B-](F)(F)F)cc1,fluoroborate,-910.0067893,0.292639,0.367685,660.8586160000001,-0.10148,0.09578,20.4701,-909.7141503,-909.6391043,5.365472,Gaussian,QC,"opt+freq: b3lyp/6-311G** em=gd3bj
energy: M062X/6-311G+(2d, p) em=gd3"
930,a-c11+a-b37,F[B-](F)(F)c1ccc(C(C(F)(F)F)C(F)(F)F)cc1,fluoroborate,-1269.6970959,0.086173,0.15297,588.2118240000001,-0.12483,0.10438,14.2554,-1269.6109229,-1269.5441259,6.234512,Gaussian,QC,"opt+freq: b3lyp/6-311G** em=gd3bj
energy: M062X/6-311G+(2d, p) em=gd3"
931,a-c12+a-b1,CCCCCCCCc1ccccc1[O-],oxygen anion,-621.3121494,0.262975,0.324678,543.3509760000001,-0.0073,0.11845,11.6689,-621.0491744,-620.9874714,3.4204,Gaussian,QC,"opt+freq: b3lyp/6-311G** em=gd3bj
energy: M062X/6-311G+(2d, p) em=gd3"
932,a-c12+a-b2,N=C(N)Nc1ccccc1[O-],oxygen anion,-511.0449071,0.106604,0.153108,409.509,-0.0045,0.13735,4.7544,-510.9383031,-510.8917991,3.85832,Gaussian,QC,"opt+freq: b3lyp/6-311G** em=gd3bj
energy: M062X/6-311G+(2d, p) em=gd3"
933,a-c12+a-b3,CC(F)(F)S(=O)(=O)c1ccccc1[O-],oxygen anion,-1132.587515,0.095749,0.150674,483.666216,-0.04782,0.10905,4.6503,-1132.491766,-1132.436841,4.266864,Gaussian,QC,"opt+freq: b3lyp/6-311G** em=gd3bj
energy: M062X/6-311G+(2d, p) em=gd3"
934,a-c12+a-b4,[O-]c1ccccc1CCCC(F)(F)C(F)(F)F,oxygen anion,-999.6572497,0.142484,0.203648,538.60632,-0.01604,0.15402,9.6419,-999.5147657,-999.4536016999999,4.625632,Gaussian,QC,"opt+freq: b3lyp/6-311G** em=gd3bj
energy: M062X/6-311G+(2d, p) em=gd3"
935,a-c12+a-b5,O=C(c1ccccc1[O-])C(F)(F)F,oxygen anion,-757.2663627,0.06359,0.113644,440.776032,-0.04295,0.09125,5.6008,-757.2027727,-757.1527186999999,3.65024,Gaussian,QC,"opt+freq: b3lyp/6-311G** em=gd3bj
energy: M062X/6-311G+(2d, p) em=gd3"
936,a-c12+a-b6,[O-]c1ccccc1-c1ccncc1,oxygen anion,-553.9511372,0.118696,0.165568,412.7516000000001,-0.03165,0.09569,3.3878,-553.8324412,-553.7855691999999,3.463648,Gaussian,QC,"opt+freq: b3lyp/6-311G** em=gd3bj
energy: M062X/6-311G+(2d, p) em=gd3"
937,a-c12+a-b7,[O-]c1ccccc1-c1ccccc1O,oxygen anion,-613.1558502,0.132729,0.180349,419.3414,-0.0414,0.11019,3.8372,-613.0231212,-612.9755012,4.123248,Gaussian,QC,"opt+freq: b3lyp/6-311G** em=gd3bj
energy: M062X/6-311G+(2d, p) em=gd3"
938,a-c12+a-b8,O=C(O)c1ccccc1[O-],oxygen anion,-495.4510966,0.068531,0.111355,377.112288,-0.0288,0.1198,5.7936,-495.3825656,-495.3397416,4.04192,Gaussian,QC,"opt+freq: b3lyp/6-311G** em=gd3bj
energy: M062X/6-311G+(2d, p) em=gd3"
939,a-c12+a-b9,O=C(CF)c1ccccc1[O-],oxygen anion,-558.7471917,0.080933,0.127703,411.8562240000001,-0.03122,0.10413,5.3211,-558.6662587000001,-558.6194887,3.68152,Gaussian,QC,"opt+freq: b3lyp/6-311G** em=gd3bj
energy: M062X/6-311G+(2d, p) em=gd3"
940,a-c12+a-b10,CCCCCCCCCCc1ccccc1[O-],oxygen anion,-699.9213209,0.314512,0.382651,600.0316240000001,-0.0077,0.10529,15.4561,-699.6068088999999,-699.5386699,3.073328,Gaussian,QC,"opt+freq: b3lyp/6-311G** em=gd3bj
energy: M062X/6-311G+(2d, p) em=gd3"
941,a-c12+a-b11,CCCCC(CC)Cc1ccccc1[O-],oxygen anion,-621.3136477,0.262656,0.324113,541.1962159999999,-0.01216,0.14396,6.6686,-621.0509917,-620.9895347,4.246464,Gaussian,QC,"opt+freq: b3lyp/6-311G** em=gd3bj
energy: M062X/6-311G+(2d, p) em=gd3"
942,a-c12+a-b13,CCCCCCc1ccccc1[O-],oxygen anion,-542.7027941,0.211409,0.266708,486.963208,-0.00662,0.13467,8.2473,-542.4913851,-542.4360861,3.843088,Gaussian,QC,"opt+freq: b3lyp/6-311G** em=gd3bj
energy: M062X/6-311G+(2d, p) em=gd3"
943,a-c12+a-b14,CCCCc1ccccc1[O-],oxygen anion,-464.0932298,0.160487,0.208716,424.7052880000001,-0.00756,0.15731,4.0608,-463.9327428,-463.8845138,4.484464,Gaussian,QC,"opt+freq: b3lyp/6-311G** em=gd3bj
energy: M062X/6-311G+(2d, p) em=gd3"
944,a-c12+a-b15,CCc1ccccc1[O-],oxygen anion,-385.4822321,0.108982,0.150944,369.514144,-0.00129,0.16803,3.3641,-385.3732501,-385.3312881,4.605504000000001,Gaussian,QC,"opt+freq: b3lyp/6-311G** em=gd3bj
energy: M062X/6-311G+(2d, p) em=gd3"
945,a-c12+a-b16,Cc1cc(Cl)ccc1-c1ccccc1[O-],oxygen anion,-1036.818863,0.143514,0.196859,469.762784,-0.02848,0.10257,5.2633,-1036.675349,-1036.622004,3.56456,Gaussian,QC,"opt+freq: b3lyp/6-311G** em=gd3bj
energy: M062X/6-311G+(2d, p) em=gd3"
946,a-c12+a-b17,O=S(=O)(c1ccccc1[O-])C(F)(F)F,oxygen anion,-1192.5189453,0.061151,0.115247,476.36932,-0.05148,0.11159,6.8585,-1192.4577943,-1192.4036983,4.435504,Gaussian,QC,"opt+freq: b3lyp/6-311G** em=gd3bj
energy: M062X/6-311G+(2d, p) em=gd3"
947,a-c12+a-b18,[O-]c1ccccc1C(F)(F)F,oxygen anion,-643.9458233,0.057592,0.102122,392.137032,-0.02317,0.14339,3.7144,-643.8882313,-643.8437013,4.530431999999999,Gaussian,QC,"opt+freq: b3lyp/6-311G** em=gd3bj
energy: M062X/6-311G+(2d, p) em=gd3"
948,a-c12+a-b19,[O-]c1ccccc1-c1ccccn1,oxygen anion,-553.9485238,0.118513,0.165215,411.249544,-0.02418,0.09974,3.8847,-553.8300108,-553.7833088,3.370624,Gaussian,QC,"opt+freq: b3lyp/6-311G** em=gd3bj
energy: M062X/6-311G+(2d, p) em=gd3"
949,a-c12+a-b20,O=S(=O)(c1ccccc1[O-])C(F)(F)C(F)(F)C(F)(F)F,oxygen anion,-1668.1181765,0.078109,0.144864,587.843632,-0.06238,0.09317,6.3742,-1668.0400675,-1667.9733125,4.23096,Gaussian,QC,"opt+freq: b3lyp/6-311G** em=gd3bj
energy: M062X/6-311G+(2d, p) em=gd3"
950,a-c12+a-b21,CC(=O)c1ccccc1[O-],oxygen anion,-459.5229753,0.090179,0.133843,384.4970480000001,-0.02961,0.11404,1.902,-459.4327963,-459.3891323,3.90728,Gaussian,QC,"opt+freq: b3lyp/6-311G** em=gd3bj
energy: M062X/6-311G+(2d, p) em=gd3"
951,a-c12+a-b22,COc1ccccc1[O-],oxygen anion,-421.3823192,0.086099,0.127496,364.539368,-0.00148,0.173,2.9917,-421.2962202,-421.2548232,4.745856,Gaussian,QC,"opt+freq: b3lyp/6-311G** em=gd3bj
energy: M062X/6-311G+(2d, p) em=gd3"
952,a-c12+a-b23,[O-]c1ccccc1CC(F)(F)F,oxygen anion,-683.2527135,0.082537,0.130925,426.106928,-0.0146,0.15168,4.8327,-683.1701765,-683.1217885,4.522816000000001,Gaussian,QC,"opt+freq: b3lyp/6-311G** em=gd3bj
energy: M062X/6-311G+(2d, p) em=gd3"
953,a-c12+a-b24,[O-]c1ccccc1Cc1ccccc1,oxygen anion,-577.2041205,0.154946,0.205365,443.98516,-0.01422,0.11107,6.114,-577.0491745,-576.9987555,3.407888,Gaussian,QC,"opt+freq: b3lyp/6-311G** em=gd3bj
energy: M062X/6-311G+(2d, p) em=gd3"
954,a-c12+a-b25,CCCCCc1ccccc1[O-],oxygen anion,-503.3979351,0.185655,0.237743,458.687736,-0.00592,0.1443,6.7262,-503.2122801,-503.1601921,4.085984000000001,Gaussian,QC,"opt+freq: b3lyp/6-311G** em=gd3bj
energy: M062X/6-311G+(2d, p) em=gd3"
955,a-c12+a-b26,[O-]c1ccccc1-c1ccccc1,oxygen anion,-537.9009349,0.129696,0.176615,413.165816,-0.01935,0.11091,4.5435,-537.7712389000001,-537.7243199000001,3.543072,Gaussian,QC,"opt+freq: b3lyp/6-311G** em=gd3bj
energy: M062X/6-311G+(2d, p) em=gd3"
956,a-c12+a-b27,CCCCCCCCCCCCc1ccccc1[O-],oxygen anion,-778.5307567,0.366248,0.440518,654.02196,-0.01163,0.10063,15.7089,-778.1645086999999,-778.0902387,3.053472,Gaussian,QC,"opt+freq: b3lyp/6-311G** em=gd3bj
energy: M062X/6-311G+(2d, p) em=gd3"
957,a-c12+a-b28,O=C(O)Cc1ccccc1[O-],oxygen anion,-534.7905146,0.0945,0.138764,389.785624,-0.04627,0.13816,4.3765,-534.6960146,-534.6517506,5.016496,Gaussian,QC,"opt+freq: b3lyp/6-311G** em=gd3bj
energy: M062X/6-311G+(2d, p) em=gd3"
958,a-c12+a-b30,[O-]c1ccccc1C1CCCCC1,oxygen anion,-541.5094604,0.195978,0.245183,433.299224,-0.00869,0.15086,5.6379,-541.3134824,-541.2642774,4.33976,Gaussian,QC,"opt+freq: b3lyp/6-311G** em=gd3bj
energy: M062X/6-311G+(2d, p) em=gd3"
959,a-c12+a-b32,[O-]c1ccccc1CC(F)(F)C(F)F,oxygen anion,-821.786369,0.099221,0.153026,473.808712,-0.01229,0.15318,6.1863,-821.687148,-821.6333430000001,4.500784,Gaussian,QC,"opt+freq: b3lyp/6-311G** em=gd3bj
energy: M062X/6-311G+(2d, p) em=gd3"
960,a-c12+a-b33,[O-]c1ccccc1-c1cccnc1,oxygen anion,-553.9481434,0.118685,0.165398,411.34996,-0.0259,0.10386,2.5785,-553.8294584,-553.7827454000001,3.529472,Gaussian,QC,"opt+freq: b3lyp/6-311G** em=gd3bj
energy: M062X/6-311G+(2d, p) em=gd3"
961,a-c12+a-b34,[O-]c1ccccc1C1CCCN1,oxygen anion,-518.2375474,0.157467,0.205354,421.688624,-0.0156,0.15941,4.0485,-518.0800804,-518.0321934,4.760272,Gaussian,QC,"opt+freq: b3lyp/6-311G** em=gd3bj
energy: M062X/6-311G+(2d, p) em=gd3"
962,a-c12+a-b35,O=S(=O)(c1ccccc1[O-])C(F)(F)C(F)(F)F,oxygen anion,-1430.3258491,0.070385,0.130239,527.0794,-0.05942,0.09868,5.0959,-1430.2554641,-1430.1956101,4.30032,Gaussian,QC,"opt+freq: b3lyp/6-311G** em=gd3bj
energy: M062X/6-311G+(2d, p) em=gd3"
963,a-c12+a-b36,CCCCCCCCCc1ccccc1[O-],oxygen anion,-660.6170012,0.288901,0.35354,569.2080960000001,-0.0112,0.11925,10.2078,-660.3281002,-660.2634612,3.548239999999999,Gaussian,QC,"opt+freq: b3lyp/6-311G** em=gd3bj
energy: M062X/6-311G+(2d, p) em=gd3"
964,a-c12+a-b37,[O-]c1ccccc1C(C(F)(F)F)C(F)(F)F,oxygen anion,-1020.3179958,0.082508,0.13915,498.787192,-0.02931,0.14002,5.0934,-1020.2354878,-1020.1788458,4.605776000000001,Gaussian,QC,"opt+freq: b3lyp/6-311G** em=gd3bj
energy: M062X/6-311G+(2d, p) em=gd3"
965,a-c12+a-b38,[O-]c1ccccc1CC(F)(F)C(F)(F)C(F)(F)C(F)F,oxygen anion,-1297.3752387,0.114854,0.182347,594.333016,-0.01732,0.12266,11.0307,-1297.2603847,-1297.1928917,3.807456,Gaussian,QC,"opt+freq: b3lyp/6-311G** em=gd3bj
energy: M062X/6-311G+(2d, p) em=gd3"
966,a-c13+a-b2,N=C(N)NCCCC(N)C(=O)[O-],acetate,-605.963706,0.16532,0.217871,462.7713200000001,-0.06947,0.15622,3.114,-605.798386,-605.745835,6.138768,Gaussian,QC,"opt+freq: b3lyp/6-311G** em=gd3bj
energy: M062X/6-311G+(2d, p) em=gd3"
967,a-c13+a-b3,CC(F)(F)S(=O)(=O)CCCC(N)C(=O)[O-],acetate,-1227.4818113,0.148489,0.213897,575.9819920000001,-0.04103,0.10923,11.892,-1227.3333223,-1227.2679143,4.087072,Gaussian,QC,"opt+freq: b3lyp/6-311G** em=gd3bj
energy: M062X/6-311G+(2d, p) em=gd3"
968,a-c13+a-b5,NC(CCCC(=O)C(F)(F)F)C(=O)[O-],acetate,-852.1544886,0.118193,0.176466,513.14668,-0.05606,0.0588,8.1846,-852.0362956,-851.9780226,3.124192,Gaussian,QC,"opt+freq: b3lyp/6-311G** em=gd3bj
energy: M062X/6-311G+(2d, p) em=gd3"
969,a-c13+a-b8,NC(CCCC(=O)O)C(=O)[O-],acetate,-590.3578306,0.123618,0.174759,450.349024,-0.04494,0.13778,7.3985,-590.2342126000001,-590.1830716000001,4.969984,Gaussian,QC,"opt+freq: b3lyp/6-311G** em=gd3bj
energy: M062X/6-311G+(2d, p) em=gd3"
970,a-c13+a-b11,CCCCC(CC)CCCCC(N)C(=O)[O-],acetate,-716.2185318,0.318531,0.38844,615.61284,-0.04375,0.1198,12.4493,-715.9000008,-715.8300918000001,4.44856,Gaussian,QC,"opt+freq: b3lyp/6-311G** em=gd3bj
energy: M062X/6-311G+(2d, p) em=gd3"
971,a-c13+a-b17,NC(CCCS(=O)(=O)C(F)(F)F)C(=O)[O-],acetate,-1287.4263012,0.117373,0.178644,539.54772,-0.06846,0.12671,6.0066,-1287.3089282,-1287.2476572,5.308623999999999,Gaussian,QC,"opt+freq: b3lyp/6-311G** em=gd3bj
energy: M062X/6-311G+(2d, p) em=gd3"
972,a-c13+a-b18,NC(CCCC(F)(F)F)C(=O)[O-],acetate,-738.8535746,0.112774,0.165789,466.846536,-0.0509,0.16754,8.1364,-738.7408006000001,-738.6877856,5.941567999999999,Gaussian,QC,"opt+freq: b3lyp/6-311G** em=gd3bj
energy: M062X/6-311G+(2d, p) em=gd3"
973,a-c13+a-b19,NC(CCCc1ccccn1)C(=O)[O-],acetate,-648.8525447,0.174698,0.228909,477.377664,-0.05858,0.08363,8.2688,-648.6778466999999,-648.6236356999999,3.868112,Gaussian,QC,"opt+freq: b3lyp/6-311G** em=gd3bj
energy: M062X/6-311G+(2d, p) em=gd3"
974,a-c13+a-b21,CC(=O)CCCC(N)C(=O)[O-],acetate,-554.419627,0.145176,0.196927,455.72128,-0.0493,0.10001,6.9826,-554.274451,-554.2227,4.061232,Gaussian,QC,"opt+freq: b3lyp/6-311G** em=gd3bj
energy: M062X/6-311G+(2d, p) em=gd3"
975,a-c13+a-b22,COCCCC(N)C(=O)[O-],acetate,-516.290583,0.14174,0.19166,439.596144,-0.03884,0.16351,7.3155,-516.1488429999999,-516.098923,5.503919999999999,Gaussian,QC,"opt+freq: b3lyp/6-311G** em=gd3bj
energy: M062X/6-311G+(2d, p) em=gd3"
976,a-c13+a-b23,NC(CCCCC(F)(F)F)C(=O)[O-],acetate,-778.1606378,0.138895,0.194874,492.946328,-0.05351,0.15918,8.153,-778.0217428,-777.9657638,5.785168,Gaussian,QC,"opt+freq: b3lyp/6-311G** em=gd3bj
energy: M062X/6-311G+(2d, p) em=gd3"
977,a-c13+a-b24,NC(CCCCc1ccccc1)C(=O)[O-],acetate,-672.1105333,0.211516,0.269595,511.443792,-0.05143,0.09558,9.6021,-671.8990173000001,-671.8409383000001,3.998672,Gaussian,QC,"opt+freq: b3lyp/6-311G** em=gd3bj
energy: M062X/6-311G+(2d, p) em=gd3"
978,a-c13+a-b25,CCCCCCCCC(N)C(=O)[O-],acetate,-598.3023053,0.24072,0.301906,538.7987840000001,-0.03449,0.11992,13.4511,-598.0615852999999,-598.0003992999999,4.199952,Gaussian,QC,"opt+freq: b3lyp/6-311G** em=gd3bj
energy: M062X/6-311G+(2d, p) em=gd3"
979,a-c13+a-b26,NC(CCCc1ccccc1)C(=O)[O-],acetate,-632.8067028,0.185802,0.240293,479.8420400000001,-0.05568,0.10252,9.1014,-632.6209008000001,-632.5664098000001,4.30304,Gaussian,QC,"opt+freq: b3lyp/6-311G** em=gd3bj
energy: M062X/6-311G+(2d, p) em=gd3"
980,a-c13+a-b27,CCCCCCCCCCCCCCCC(N)C(=O)[O-],acetate,-873.4340895,0.421077,0.504822,737.455104,-0.03554,0.08493,26.2254,-873.0130125000001,-872.9292675,3.276784,Gaussian,QC,"opt+freq: b3lyp/6-311G** em=gd3bj
energy: M062X/6-311G+(2d, p) em=gd3"
981,a-c13+a-b28,NC(CCCCC(=O)O)C(=O)[O-],acetate,-629.6673507,0.148867,0.204085,486.247744,-0.04921,0.11402,7.9755,-629.5184837,-629.4632657000001,4.439856,Gaussian,QC,"opt+freq: b3lyp/6-311G** em=gd3bj
energy: M062X/6-311G+(2d, p) em=gd3"
982,a-c13+a-b30,NC(CCCC1CCCCC1)C(=O)[O-],acetate,-636.4198557,0.251992,0.309177,503.569504,-0.04909,0.14387,8.0372,-636.1678637,-636.1106787,5.248512,Gaussian,QC,"opt+freq: b3lyp/6-311G** em=gd3bj
energy: M062X/6-311G+(2d, p) em=gd3"
983,a-c13+a-b34,NC(CCCC1CCCN1)C(=O)[O-],acetate,-613.1405096,0.215704,0.269657,475.109936,-0.0603,0.15082,5.7626,-612.9248056,-612.8708525999999,5.742464,Gaussian,QC,"opt+freq: b3lyp/6-311G** em=gd3bj
energy: M062X/6-311G+(2d, p) em=gd3"
984,a-c13+a-b35,NC(CCCS(=O)(=O)C(F)(F)C(F)(F)F)C(=O)[O-],acetate,-1525.220011,0.124535,0.193229,604.918536,-0.06854,0.09943,8.56,-1525.095476,-1525.026782,4.568784,Gaussian,QC,"opt+freq: b3lyp/6-311G** em=gd3bj
energy: M062X/6-311G+(2d, p) em=gd3"
985,a-c13+a-b36,CCCCCCCCCCCCC(N)C(=O)[O-],acetate,-755.5205214,0.343419,0.417812,655.097248,-0.03535,0.09682,20.501,-755.1771024,-755.1027094,3.595024,Gaussian,QC,"opt+freq: b3lyp/6-311G** em=gd3bj
energy: M062X/6-311G+(2d, p) em=gd3"
986,a-c13+a-b37,NC(CCCC(C(F)(F)F)C(F)(F)F)C(=O)[O-],acetate,-1115.2225834,0.138785,0.203049,565.911104,-0.05954,0.15383,8.2265,-1115.0837984,-1115.0195344,5.803664,Gaussian,QC,"opt+freq: b3lyp/6-311G** em=gd3bj
energy: M062X/6-311G+(2d, p) em=gd3"
987,a-c14+a-b15+a-b21+a-b22,CCC(=O)C(C(CC(=O)C(C)=O)C(=O)OC)S(=O)(=O)[O-],sulfonate,-1428.1796507,0.202741,0.278451,666.703664,-0.12094,0.02348,4.2277,-1427.9769097,-1427.9011997,3.928224,Gaussian,QC,"opt+freq: b3lyp/6-311G** em=gd3bj
energy: M062X/6-311G+(2d, p) em=gd3"
988,a-c15+a-b1+a-b7,CCCCCCCCOP(=O)([O-])Oc1ccccc1O,phosphate,-1264.326848,0.286129,0.360984,659.172464,-0.09251,0.11085,9.2226,-1264.040719,-1263.965864,5.531391999999999,Gaussian,QC,"opt+freq: b3lyp/6-311G** em=gd3bj
energy: M062X/6-311G+(2d, p) em=gd3"
989,a-c15+a-b1+a-b8,CCCCCCCCOP(=O)([O-])OC(=O)O,phosphate,-1146.6461257,0.221674,0.291349,613.554312,-0.10749,0.11784,10.1179,-1146.4244517,-1146.3547767,6.128976,Gaussian,QC,"opt+freq: b3lyp/6-311G** em=gd3bj
energy: M062X/6-311G+(2d, p) em=gd3"
990,a-c15+a-b1+a-b13,CCCCCCCCOP(=O)([O-])OCCCCCC,phosphate,-1193.8812944,0.365308,0.446956,718.995296,-0.09131,0.11245,8.7399,-1193.5159864,-1193.4343384,5.542272,Gaussian,QC,"opt+freq: b3lyp/6-311G** em=gd3bj
energy: M062X/6-311G+(2d, p) em=gd3"
991,a-c15+a-b1+a-b14,CCCCCCCCOP(=O)([O-])OCCCC,phosphate,-1115.2721055,0.313974,0.388928,660.042736,-0.09175,0.12361,5.2473,-1114.9581315,-1114.8831775,5.857792,Gaussian,QC,"opt+freq: b3lyp/6-311G** em=gd3bj
energy: M062X/6-311G+(2d, p) em=gd3"
992,a-c15+a-b1+a-b15,CCCCCCCCOP(=O)([O-])OCC,phosphate,-1036.6619353,0.262402,0.331011,604.161232,-0.08966,0.12172,9.1192,-1036.3995333,-1036.3309243,5.749536,Gaussian,QC,"opt+freq: b3lyp/6-311G** em=gd3bj
energy: M062X/6-311G+(2d, p) em=gd3"
993,a-c15+a-b1+a-b19,CCCCCCCCOP(=O)([O-])Oc1ccccn1,phosphate,-1205.1306732,0.270972,0.344794,650.072264,-0.11039,0.08856,9.4802,-1204.8597012,-1204.7858792,5.411440000000001,Gaussian,QC,"opt+freq: b3lyp/6-311G** em=gd3bj
energy: M062X/6-311G+(2d, p) em=gd3"
994,a-c15+a-b1+a-b21,CCCCCCCCOP(=O)([O-])OC(C)=O,phosphate,-1110.717164,0.243297,0.313664,619.646216,-0.10977,0.11618,10.4485,-1110.473867,-1110.4035,6.14584,Gaussian,QC,"opt+freq: b3lyp/6-311G** em=gd3bj
energy: M062X/6-311G+(2d, p) em=gd3"
995,a-c15+a-b1+a-b22,CCCCCCCCOP(=O)([O-])OOC,phosphate,-1072.4822695,0.239732,0.306585,588.701352,-0.09294,0.12002,11.855,-1072.2425375,-1072.1756845,5.792511999999999,Gaussian,QC,"opt+freq: b3lyp/6-311G** em=gd3bj
energy: M062X/6-311G+(2d, p) em=gd3"
996,a-c15+a-b1+a-b25,CCCCCCCCOP(=O)([O-])OCCCCC,phosphate,-1154.5785478,0.341249,0.417998,675.8498880000001,-0.09695,0.12108,9.0553,-1154.2372988,-1154.1605498,5.930416,Gaussian,QC,"opt+freq: b3lyp/6-311G** em=gd3bj
energy: M062X/6-311G+(2d, p) em=gd3"
997,a-c15+a-b1+a-b26,CCCCCCCCOP(=O)([O-])Oc1ccccc1,phosphate,-1189.0817391,0.283718,0.356157,637.888456,-0.09516,0.10225,11.724,-1188.7980211,-1188.7255821,5.369551999999999,Gaussian,QC,"opt+freq: b3lyp/6-311G** em=gd3bj
energy: M062X/6-311G+(2d, p) em=gd3"
998,a-c15+a-b2+a-b5,N=C(N)NOP(=O)([O-])OC(=O)C(F)(F)F,phosphate,-1298.1208828,0.057724,0.120469,552.526488,-0.11431,0.10223,8.7804,-1298.0631588,-1298.0004138,5.889888,Gaussian,QC,"opt+freq: b3lyp/6-311G** em=gd3bj
energy: M062X/6-311G+(2d, p) em=gd3"
999,a-c15+a-b2+a-b6,N=C(N)NOP(=O)([O-])Oc1ccncc1,phosphate,-1094.7980597,0.11405,0.172167,511.774328,-0.11085,0.11054,7.4455,-1094.6840097,-1094.6258927,6.021808,Gaussian,QC,"opt+freq: b3lyp/6-311G** em=gd3bj
energy: M062X/6-311G+(2d, p) em=gd3"
1000,a-c15+a-b2+a-b7,N=C(N)NOP(=O)([O-])Oc1ccccc1O,phosphate,-1153.9894774,0.127666,0.188293,533.8783999999999,-0.09424,0.11208,8.0152,-1153.8618114,-1153.8011844,5.611904,Gaussian,QC,"opt+freq: b3lyp/6-311G** em=gd3bj
energy: M062X/6-311G+(2d, p) em=gd3"
1001,a-c15+a-b2+a-b14,CCCCOP(=O)([O-])ONC(=N)N,phosphate,-1004.9564221,0.158236,0.216618,514.113184,-0.09681,0.14711,5.0918,-1004.7981861,-1004.7398041,6.634623999999999,Gaussian,QC,"opt+freq: b3lyp/6-311G** em=gd3bj
energy: M062X/6-311G+(2d, p) em=gd3"
1002,a-c15+a-b2+a-b17,N=C(N)NOP(=O)([O-])OS(=O)(=O)C(F)(F)F,phosphate,-1733.4150999,0.057538,0.122622,573.132688,-0.14233,0.08449,8.4406,-1733.3575619,-1733.2924779,6.169504000000001,Gaussian,QC,"opt+freq: b3lyp/6-311G** em=gd3bj
energy: M062X/6-311G+(2d, p) em=gd3"
1003,a-c15+a-b2+a-b19,N=C(N)NOP(=O)([O-])Oc1ccccn1,phosphate,-1094.7893789,0.112545,0.171788,521.686224,-0.1004,0.08518,10.5694,-1094.6768339,-1094.6175909,5.047776000000001,Gaussian,QC,"opt+freq: b3lyp/6-311G** em=gd3bj
energy: M062X/6-311G+(2d, p) em=gd3"
1004,a-c15+a-b2+a-b23,N=C(N)NOP(=O)([O-])OCC(F)(F)F,phosphate,-1224.0889504,0.078355,0.138085,525.983192,-0.0975,0.12718,10.1882,-1224.0105954,-1223.9508654,6.111295999999999,Gaussian,QC,"opt+freq: b3lyp/6-311G** em=gd3bj
energy: M062X/6-311G+(2d, p) em=gd3"
1005,a-c15+a-b2+a-b24,N=C(N)NOP(=O)([O-])OCc1ccccc1,phosphate,-1118.0422436,0.150805,0.212715,545.1793839999999,-0.0917,0.10586,7.4296,-1117.8914386,-1117.8295286,5.373632000000001,Gaussian,QC,"opt+freq: b3lyp/6-311G** em=gd3bj
energy: M062X/6-311G+(2d, p) em=gd3"
1006,a-c15+a-b2+a-b26,N=C(N)NOP(=O)([O-])Oc1ccccc1,phosphate,-1078.7464326,0.123659,0.183307,525.255176,-0.10013,0.10783,7.9443,-1078.6227736,-1078.5631256,5.656511999999999,Gaussian,QC,"opt+freq: b3lyp/6-311G** em=gd3bj
energy: M062X/6-311G+(2d, p) em=gd3"
1007,a-c15+a-b3+a-b5,CC(F)(F)S(=O)(=O)OP(=O)([O-])OC(=O)C(F)(F)F,phosphate,-1919.7238523,0.04751,0.118356,623.867872,-0.14859,0.08579,8.132,-1919.6763423,-1919.6054963,6.375136,Gaussian,QC,"opt+freq: b3lyp/6-311G** em=gd3bj
energy: M062X/6-311G+(2d, p) em=gd3"
1008,a-c15+a-b3+a-b6,CC(F)(F)S(=O)(=O)OP(=O)([O-])Oc1ccncc1,phosphate,-1716.401518,0.10336,0.170085,587.575856,-0.13889,0.08985,8.2052,-1716.298158,-1716.231433,6.221728,Gaussian,QC,"opt+freq: b3lyp/6-311G** em=gd3bj
energy: M062X/6-311G+(2d, p) em=gd3"
1009,a-c15+a-b3+a-b8,CC(F)(F)S(=O)(=O)OP(=O)([O-])OC(=O)O,phosphate,-1657.9123925,0.052239,0.116495,565.835792,-0.13336,0.13155,6.7609,-1657.8601535,-1657.7958975,7.205551999999999,Gaussian,QC,"opt+freq: b3lyp/6-311G** em=gd3bj
energy: M062X/6-311G+(2d, p) em=gd3"
1010,a-c15+a-b3+a-b9,CC(F)(F)S(=O)(=O)OP(=O)([O-])OC(=O)CF,phosphate,-1721.2140845,0.066073,0.13246,584.601032,-0.13942,0.10661,7.6484,-1721.1480115,-1721.0816245,6.692015999999999,Gaussian,QC,"opt+freq: b3lyp/6-311G** em=gd3bj
energy: M062X/6-311G+(2d, p) em=gd3"
1011,a-c15+a-b3+a-b15,CCOP(=O)([O-])OS(=O)(=O)C(C)(F)F,phosphate,-1547.9445707,0.095377,0.156571,538.869912,-0.13125,0.14937,7.0426,-1547.8491937,-1547.7879997,7.632864,Gaussian,QC,"opt+freq: b3lyp/6-311G** em=gd3bj
energy: M062X/6-311G+(2d, p) em=gd3"
1012,a-c15+a-b3+a-b17,CC(F)(F)S(=O)(=O)OP(=O)([O-])OS(=O)(=O)C(F)(F)F,phosphate,-2354.9680302,0.047466,0.120031,639.005584,-0.1578,0.11118,10.0236,-2354.9205642,-2354.8479992,7.316256,Gaussian,QC,"opt+freq: b3lyp/6-311G** em=gd3bj
energy: M062X/6-311G+(2d, p) em=gd3"
1013,a-c15+a-b3+a-b18,CC(F)(F)S(=O)(=O)OP(=O)([O-])OC(F)(F)F,phosphate,-1806.4029877,0.041597,0.106906,575.115904,-0.1453,0.13081,8.344,-1806.3613907,-1806.2960817,7.510192,Gaussian,QC,"opt+freq: b3lyp/6-311G** em=gd3bj
energy: M062X/6-311G+(2d, p) em=gd3"
1014,a-c15+a-b3+a-b19,CC(F)(F)S(=O)(=O)OP(=O)([O-])Oc1ccccn1,phosphate,-1716.3998594,0.102305,0.169896,595.203288,-0.13242,0.07918,10.5848,-1716.2975544,-1716.2299634,5.75552,Gaussian,QC,"opt+freq: b3lyp/6-311G** em=gd3bj
energy: M062X/6-311G+(2d, p) em=gd3"
1015,a-c15+a-b3+a-b21,CC(=O)OP(=O)([O-])OS(=O)(=O)C(C)(F)F,phosphate,-1621.9844452,0.07441,0.138573,565.0199120000001,-0.13896,0.11327,8.9075,-1621.9100352,-1621.8458722,6.860656,Gaussian,QC,"opt+freq: b3lyp/6-311G** em=gd3bj
energy: M062X/6-311G+(2d, p) em=gd3"
1016,a-c15+a-b3+a-b23,CC(F)(F)S(=O)(=O)OP(=O)([O-])OCC(F)(F)F,phosphate,-1845.6987381,0.066701,0.136259,612.520864,-0.13951,0.13257,9.2053,-1845.6320371,-1845.5624791,7.400575999999999,Gaussian,QC,"opt+freq: b3lyp/6-311G** em=gd3bj
energy: M062X/6-311G+(2d, p) em=gd3"
1017,a-c15+a-b3+a-b24,CC(F)(F)S(=O)(=O)OP(=O)([O-])OCc1ccccc1,phosphate,-1739.6560814,0.140269,0.210602,619.344968,-0.12921,0.08997,11.0607,-1739.5158124,-1739.4454794,5.961696,Gaussian,QC,"opt+freq: b3lyp/6-311G** em=gd3bj
energy: M062X/6-311G+(2d, p) em=gd3"
1018,a-c15+a-b3+a-b26,CC(F)(F)S(=O)(=O)OP(=O)([O-])Oc1ccccc1,phosphate,-1700.3514179,0.112265,0.181277,607.717632,-0.11691,0.10108,6.7639,-1700.2391529,-1700.1701409,5.929328,Gaussian,QC,"opt+freq: b3lyp/6-311G** em=gd3bj
energy: M062X/6-311G+(2d, p) em=gd3"
1019,a-c15+a-b3+a-b28,CC(F)(F)S(=O)(=O)OP(=O)([O-])OCC(=O)O,phosphate,-1697.2048619,0.079534,0.144899,575.601248,-0.13684,0.11494,7.6297,-1697.1253279,-1697.0599629,6.848416,Gaussian,QC,"opt+freq: b3lyp/6-311G** em=gd3bj
energy: M062X/6-311G+(2d, p) em=gd3"
1020,a-c15+a-b4+a-b15,CCOP(=O)([O-])OCCCC(F)(F)C(F)(F)F,phosphate,-1415.0024965,0.141918,0.209808,597.835024,-0.09012,0.15204,9.4951,-1414.8605785,-1414.7926885,6.586752000000001,Gaussian,QC,"opt+freq: b3lyp/6-311G** em=gd3bj
energy: M062X/6-311G+(2d, p) em=gd3"
1021,a-c15+a-b4+a-b21,CC(=O)OP(=O)([O-])OCCCC(F)(F)C(F)(F)F,phosphate,-1489.0518216,0.121432,0.192276,623.85532,-0.11084,0.13151,7.0189,-1488.9303896,-1488.8595456,6.591919999999999,Gaussian,QC,"opt+freq: b3lyp/6-311G** em=gd3bj
energy: M062X/6-311G+(2d, p) em=gd3"
1022,a-c15+a-b4+a-b22,COOP(=O)([O-])OCCCC(F)(F)C(F)(F)F,phosphate,-1450.8183438,0.117143,0.185407,601.132016,-0.09376,0.14347,9.7045,-1450.7012008,-1450.6329368,6.452656,Gaussian,QC,"opt+freq: b3lyp/6-311G** em=gd3bj
energy: M062X/6-311G+(2d, p) em=gd3"
1023,a-c15+a-b5+a-b6,O=C(OP(=O)([O-])Oc1ccncc1)C(F)(F)F,phosphate,-1341.0859628,0.070756,0.133026,548.346672,-0.13895,0.0779,5.6063,-1341.0152068,-1340.9529368,5.898319999999999,Gaussian,QC,"opt+freq: b3lyp/6-311G** em=gd3bj
energy: M062X/6-311G+(2d, p) em=gd3"
1024,a-c15+a-b5+a-b7,O=C(OP(=O)([O-])Oc1ccccc1O)C(F)(F)F,phosphate,-1400.2806417,0.085554,0.149273,561.107872,-0.10925,0.07803,5.8479,-1400.1950877,-1400.1313687,5.094016,Gaussian,QC,"opt+freq: b3lyp/6-311G** em=gd3bj
energy: M062X/6-311G+(2d, p) em=gd3"
1025,a-c15+a-b5+a-b8,O=C(O)OP(=O)([O-])OC(=O)C(F)(F)F,phosphate,-1282.6251446,0.021058,0.07897,509.975208,-0.15412,0.0795,5.6215,-1282.6040866,-1282.5461746,6.354464,Gaussian,QC,"opt+freq: b3lyp/6-311G** em=gd3bj
energy: M062X/6-311G+(2d, p) em=gd3"
1026,a-c15+a-b5+a-b9,O=C(CF)OP(=O)([O-])OC(=O)C(F)(F)F,phosphate,-1345.9058706,0.033431,0.095764,548.89896,-0.13832,0.0918,6.0427,-1345.8724396,-1345.8101066,6.259264,Gaussian,QC,"opt+freq: b3lyp/6-311G** em=gd3bj
energy: M062X/6-311G+(2d, p) em=gd3"
1027,a-c15+a-b5+a-b14,CCCCOP(=O)([O-])OC(=O)C(F)(F)F,phosphate,-1251.2385536,0.112009,0.177406,575.88576,-0.11959,0.10354,5.9235,-1251.1265446,-1251.0611476,6.069135999999999,Gaussian,QC,"opt+freq: b3lyp/6-311G** em=gd3bj
energy: M062X/6-311G+(2d, p) em=gd3"
1028,a-c15+a-b5+a-b15,CCOP(=O)([O-])OC(=O)C(F)(F)F,phosphate,-1172.6290044,0.062024,0.119688,507.786976,-0.1154,0.10542,5.4226,-1172.5669804,-1172.5093164,6.006304,Gaussian,QC,"opt+freq: b3lyp/6-311G** em=gd3bj
energy: M062X/6-311G+(2d, p) em=gd3"
1029,a-c15+a-b5+a-b16,Cc1cc(Cl)ccc1OP(=O)([O-])OC(=O)C(F)(F)F,phosphate,-1823.9580167,0.094987,0.16474,614.240488,-0.13102,0.08147,6.2181,-1823.8630297,-1823.7932767,5.779728,Gaussian,QC,"opt+freq: b3lyp/6-311G** em=gd3bj
energy: M062X/6-311G+(2d, p) em=gd3"
1030,a-c15+a-b5+a-b17,O=C(OP(=O)([O-])OS(=O)(=O)C(F)(F)F)C(F)(F)F,phosphate,-1979.6584294,0.015165,0.082975,597.132112,-0.1605,0.06839,6.6974,-1979.6432644,-1979.5754544,6.225808,Gaussian,QC,"opt+freq: b3lyp/6-311G** em=gd3bj
energy: M062X/6-311G+(2d, p) em=gd3"
1031,a-c15+a-b5+a-b18,O=C(OP(=O)([O-])OC(F)(F)F)C(F)(F)F,phosphate,-1431.0898414,0.009652,0.069854,530.13372,-0.14435,0.08059,4.6789,-1431.0801894,-1431.0199874,6.118368,Gaussian,QC,"opt+freq: b3lyp/6-311G** em=gd3bj
energy: M062X/6-311G+(2d, p) em=gd3"
1032,a-c15+a-b5+a-b19,O=C(OP(=O)([O-])Oc1ccccn1)C(F)(F)F,phosphate,-1341.0838536,0.070545,0.132807,548.279728,-0.12783,0.07816,7.8001,-1341.0133086,-1340.9510466,5.602928,Gaussian,QC,"opt+freq: b3lyp/6-311G** em=gd3bj
energy: M062X/6-311G+(2d, p) em=gd3"
1033,a-c15+a-b5+a-b21,CC(=O)OP(=O)([O-])OC(=O)C(F)(F)F,phosphate,-1246.6718131,0.04124,0.10169,532.321952,-0.12451,0.0969,5.7727,-1246.6305731,-1246.5701231,6.022352,Gaussian,QC,"opt+freq: b3lyp/6-311G** em=gd3bj
energy: M062X/6-311G+(2d, p) em=gd3"
1034,a-c15+a-b5+a-b22,COOP(=O)([O-])OC(=O)C(F)(F)F,phosphate,-1208.4411114,0.036272,0.094835,515.7072880000001,-0.1237,0.09942,7.6405,-1208.4048394,-1208.3462764,6.068864,Gaussian,QC,"opt+freq: b3lyp/6-311G** em=gd3bj
energy: M062X/6-311G+(2d, p) em=gd3"
1035,a-c15+a-b5+a-b23,O=C(OP(=O)([O-])OCC(F)(F)F)C(F)(F)F,phosphate,-1470.391661,0.035122,0.099383,565.881816,-0.13101,0.09196,5.5202,-1470.356539,-1470.292278,6.064784,Gaussian,QC,"opt+freq: b3lyp/6-311G** em=gd3bj
energy: M062X/6-311G+(2d, p) em=gd3"
1036,a-c15+a-b5+a-b24,O=C(OP(=O)([O-])OCc1ccccc1)C(F)(F)F,phosphate,-1364.3383764,0.107117,0.173568,585.165872,-0.12281,0.08411,7.4749,-1364.2312594,-1364.1648084,5.628223999999999,Gaussian,QC,"opt+freq: b3lyp/6-311G** em=gd3bj
energy: M062X/6-311G+(2d, p) em=gd3"
1037,a-c15+a-b5+a-b26,O=C(OP(=O)([O-])Oc1ccccc1)C(F)(F)F,phosphate,-1325.038277,0.080919,0.144299,558.12468,-0.12053,0.09237,4.6337,-1324.957358,-1324.893978,5.79088,Gaussian,QC,"opt+freq: b3lyp/6-311G** em=gd3bj
energy: M062X/6-311G+(2d, p) em=gd3"
1038,a-c15+a-b5+a-b28,O=C(O)COP(=O)([O-])OC(=O)C(F)(F)F,phosphate,-1321.9132417,0.047308,0.107966,534.158728,-0.13602,0.08074,4.802,-1321.8659337,-1321.8052757,5.895872,Gaussian,QC,"opt+freq: b3lyp/6-311G** em=gd3bj
energy: M062X/6-311G+(2d, p) em=gd3"
1039,a-c15+a-b5+a-b30,O=C(OP(=O)([O-])OC1CCCCC1)C(F)(F)F,phosphate,-1328.6498916,0.147541,0.213375,579.730856,-0.10868,0.0962,8.8485,-1328.5023506,-1328.4365166,5.572736,Gaussian,QC,"opt+freq: b3lyp/6-311G** em=gd3bj
energy: M062X/6-311G+(2d, p) em=gd3"
1040,a-c15+a-b5+a-b31,Cc1cccc(OP(=O)([O-])OC(=O)C(F)(F)F)c1C,phosphate,-1403.6598478,0.130638,0.201188,621.2654239999999,-0.12395,0.09634,8.0255,-1403.5292098,-1403.4586598,5.991887999999999,Gaussian,QC,"opt+freq: b3lyp/6-311G** em=gd3bj
energy: M062X/6-311G+(2d, p) em=gd3"
1041,a-c15+a-b5+a-b32,O=C(OP(=O)([O-])OCC(F)(F)C(F)F)C(F)(F)F,phosphate,-1608.9183028,0.051047,0.121348,619.077192,-0.13047,0.09963,5.9274,-1608.8672558,-1608.7969548,6.258719999999999,Gaussian,QC,"opt+freq: b3lyp/6-311G** em=gd3bj
energy: M062X/6-311G+(2d, p) em=gd3"
1042,a-c15+a-b5+a-b33,O=C(OP(=O)([O-])Oc1cccnc1)C(F)(F)F,phosphate,-1341.0812031,0.069834,0.132939,555.7063280000001,-0.13104,0.07762,2.9956,-1341.0113691,-1340.9482641,5.675552,Gaussian,QC,"opt+freq: b3lyp/6-311G** em=gd3bj
energy: M062X/6-311G+(2d, p) em=gd3"
1043,a-c15+a-b5+a-b37,O=C(OP(=O)([O-])OC(C(F)(F)F)C(F)(F)F)C(F)(F)F,phosphate,-1807.430594,0.034942,0.106873,633.424128,-0.13898,0.08604,7.0498,-1807.395652,-1807.323721,6.120544,Gaussian,QC,"opt+freq: b3lyp/6-311G** em=gd3bj
energy: M062X/6-311G+(2d, p) em=gd3"
1044,a-c15+a-b6+a-b7,O=P([O-])(Oc1ccncc1)Oc1ccccc1O,phosphate,-1196.9580322,0.139369,0.201136,543.9116319999999,-0.10624,0.09044,5.6481,-1196.8186632,-1196.7568962,5.349696000000001,Gaussian,QC,"opt+freq: b3lyp/6-311G** em=gd3bj
energy: M062X/6-311G+(2d, p) em=gd3"
1045,a-c15+a-b6+a-b8,O=C(O)OP(=O)([O-])Oc1ccncc1,phosphate,-1079.3016181,0.076518,0.130734,477.427872,-0.14509,0.08777,4.2094,-1079.2251001,-1079.1708841,6.333792,Gaussian,QC,"opt+freq: b3lyp/6-311G** em=gd3bj
energy: M062X/6-311G+(2d, p) em=gd3"
1046,a-c15+a-b6+a-b9,O=C(CF)OP(=O)([O-])Oc1ccncc1,phosphate,-1142.5745687,0.088809,0.147253,514.657104,-0.1269,0.08567,6.2772,-1142.4857597,-1142.4273157,5.781904,Gaussian,QC,"opt+freq: b3lyp/6-311G** em=gd3bj
energy: M062X/6-311G+(2d, p) em=gd3"
1047,a-c15+a-b6+a-b14,CCCCOP(=O)([O-])Oc1ccncc1,phosphate,-1047.912785,0.168218,0.229152,536.585448,-0.11186,0.10146,7.2138,-1047.744567,-1047.683633,5.802304,Gaussian,QC,"opt+freq: b3lyp/6-311G** em=gd3bj
energy: M062X/6-311G+(2d, p) em=gd3"
1048,a-c15+a-b6+a-b15,CCOP(=O)([O-])Oc1ccncc1,phosphate,-969.2982378,0.115865,0.17124,487.632648,-0.10488,0.10542,5.3377,-969.1823728,-969.1269978,5.72016,Gaussian,QC,"opt+freq: b3lyp/6-311G** em=gd3bj
energy: M062X/6-311G+(2d, p) em=gd3"
1049,a-c15+a-b6+a-b16,Cc1cc(Cl)ccc1OP(=O)([O-])Oc1ccncc1,phosphate,-1620.6330801,0.14996,0.216436,585.3834400000001,-0.12704,0.08357,5.8764,-1620.4831201,-1620.4166441,5.728592,Gaussian,QC,"opt+freq: b3lyp/6-311G** em=gd3bj
energy: M062X/6-311G+(2d, p) em=gd3"
1050,a-c15+a-b6+a-b17,O=P([O-])(Oc1ccncc1)OS(=O)(=O)C(F)(F)F,phosphate,-1776.3409836,0.06945,0.134908,576.4213120000001,-0.14636,0.0839,6.4212,-1776.2715336,-1776.2060756,6.263071999999999,Gaussian,QC,"opt+freq: b3lyp/6-311G** em=gd3bj
energy: M062X/6-311G+(2d, p) em=gd3"
1051,a-c15+a-b6+a-b18,O=P([O-])(Oc1ccncc1)OC(F)(F)F,phosphate,-1227.7705905,0.064708,0.121752,502.326856,-0.13229,0.09357,4.495,-1227.7058825,-1227.6488385,6.143392,Gaussian,QC,"opt+freq: b3lyp/6-311G** em=gd3bj
energy: M062X/6-311G+(2d, p) em=gd3"
1052,a-c15+a-b6+a-b19,O=P([O-])(Oc1ccncc1)Oc1ccccn1,phosphate,-1137.7631173,0.124634,0.184703,528.9622,-0.1174,0.07967,4.3497,-1137.6384833,-1137.5784143,5.360304,Gaussian,QC,"opt+freq: b3lyp/6-311G** em=gd3bj
energy: M062X/6-311G+(2d, p) em=gd3"
1053,a-c15+a-b6+a-b21,CC(=O)OP(=O)([O-])Oc1ccncc1,phosphate,-1043.3453261,0.096093,0.153344,504.15108,-0.11792,0.09893,5.7199,-1043.2492331,-1043.1919821,5.898319999999999,Gaussian,QC,"opt+freq: b3lyp/6-311G** em=gd3bj
energy: M062X/6-311G+(2d, p) em=gd3"
1054,a-c15+a-b6+a-b22,COOP(=O)([O-])Oc1ccncc1,phosphate,-1005.1167442,0.092013,0.146549,480.23952,-0.10966,0.10239,3.1975,-1005.0247312,-1004.9701952,5.767759999999999,Gaussian,QC,"opt+freq: b3lyp/6-311G** em=gd3bj
energy: M062X/6-311G+(2d, p) em=gd3"
1055,a-c15+a-b6+a-b23,O=P([O-])(OCC(F)(F)F)Oc1ccncc1,phosphate,-1267.0638631,0.089607,0.150933,540.033064,-0.12469,0.09641,5.9085,-1266.9742561,-1266.9129301,6.01392,Gaussian,QC,"opt+freq: b3lyp/6-311G** em=gd3bj
energy: M062X/6-311G+(2d, p) em=gd3"
1056,a-c15+a-b6+a-b24,O=P([O-])(OCc1ccccc1)Oc1ccncc1,phosphate,-1161.0144432,0.161511,0.225403,562.630848,-0.11108,0.08662,5.7279,-1160.8529322,-1160.7890402,5.377439999999999,Gaussian,QC,"opt+freq: b3lyp/6-311G** em=gd3bj
energy: M062X/6-311G+(2d, p) em=gd3"
1057,a-c15+a-b6+a-b26,O=P([O-])(Oc1ccccc1)Oc1ccncc1,phosphate,-1121.7162708,0.135982,0.196051,528.9663840000001,-0.11464,0.09564,7.1456,-1121.5802888,-1121.5202198,5.719616,Gaussian,QC,"opt+freq: b3lyp/6-311G** em=gd3bj
energy: M062X/6-311G+(2d, p) em=gd3"
1058,a-c15+a-b6+a-b28,O=C(O)COP(=O)([O-])Oc1ccncc1,phosphate,-1118.5815669,0.102049,0.160087,511.079784,-0.13066,0.08732,2.9345,-1118.4795179,-1118.4214799,5.929056,Gaussian,QC,"opt+freq: b3lyp/6-311G** em=gd3bj
energy: M062X/6-311G+(2d, p) em=gd3"
1059,a-c15+a-b6+a-b31,Cc1cccc(OP(=O)([O-])Oc2ccncc2)c1C,phosphate,-1200.3376651,0.187837,0.252881,572.777048,-0.11091,0.09216,8.4196,-1200.1498281,-1200.0847841,5.523504,Gaussian,QC,"opt+freq: b3lyp/6-311G** em=gd3bj
energy: M062X/6-311G+(2d, p) em=gd3"
1060,a-c15+a-b6+a-b32,O=P([O-])(OCC(F)(F)C(F)F)Oc1ccncc1,phosphate,-1405.5955625,0.105898,0.173115,591.914664,-0.11637,0.09772,8.0974,-1405.4896645,-1405.4224475,5.823248,Gaussian,QC,"opt+freq: b3lyp/6-311G** em=gd3bj
energy: M062X/6-311G+(2d, p) em=gd3"
1061,a-c15+a-b6+a-b33,O=P([O-])(Oc1ccncc1)Oc1cccnc1,phosphate,-1137.7596384,0.124471,0.184785,531.1211440000001,-0.12305,0.0786,5.5504,-1137.6351674,-1137.5748534,5.48488,Gaussian,QC,"opt+freq: b3lyp/6-311G** em=gd3bj
energy: M062X/6-311G+(2d, p) em=gd3"
1062,a-c15+a-b7+a-b8,O=C(O)OP(=O)([O-])Oc1ccccc1O,phosphate,-1138.4905202,0.091529,0.147155,489.8418,-0.11152,0.09723,6.1234,-1138.3989912,-1138.3433652,5.678,Gaussian,QC,"opt+freq: b3lyp/6-311G** em=gd3bj
energy: M062X/6-311G+(2d, p) em=gd3"
1063,a-c15+a-b7+a-b9,O=C(CF)OP(=O)([O-])Oc1ccccc1O,phosphate,-1201.7755832,0.103567,0.163591,528.56472,-0.1022,0.10071,3.4768,-1201.6720162,-1201.6119922,5.519151999999999,Gaussian,QC,"opt+freq: b3lyp/6-311G** em=gd3bj
energy: M062X/6-311G+(2d, p) em=gd3"
1064,a-c15+a-b7+a-b13,CCCCCCOP(=O)([O-])Oc1ccccc1O,phosphate,-1185.7151181,0.235622,0.303148,594.634264,-0.09166,0.11359,7.5104,-1185.4794961,-1185.4119701,5.5828,Gaussian,QC,"opt+freq: b3lyp/6-311G** em=gd3bj
energy: M062X/6-311G+(2d, p) em=gd3"
1065,a-c15+a-b7+a-b14,CCCCOP(=O)([O-])Oc1ccccc1O,phosphate,-1107.1081628,0.183055,0.245047,545.899032,-0.09107,0.1124,6.3836,-1106.9251078,-1106.8631158,5.534383999999999,Gaussian,QC,"opt+freq: b3lyp/6-311G** em=gd3bj
energy: M062X/6-311G+(2d, p) em=gd3"
1066,a-c15+a-b7+a-b15,CCOP(=O)([O-])Oc1ccccc1O,phosphate,-1028.494957,0.131871,0.187219,487.39416,-0.08962,0.11657,4.9262,-1028.363086,-1028.307738,5.608368,Gaussian,QC,"opt+freq: b3lyp/6-311G** em=gd3bj
energy: M062X/6-311G+(2d, p) em=gd3"
1067,a-c15+a-b7+a-b16,Cc1cc(Cl)ccc1OP(=O)([O-])Oc1ccccc1O,phosphate,-1679.8201514,0.166164,0.233199,590.308008,-0.10893,0.08354,5.175,-1679.6539874,-1679.5869524,5.235184,Gaussian,QC,"opt+freq: b3lyp/6-311G** em=gd3bj
energy: M062X/6-311G+(2d, p) em=gd3"
1068,a-c15+a-b7+a-b17,O=P([O-])(Oc1ccccc1O)OS(=O)(=O)C(F)(F)F,phosphate,-1835.5348549,0.084716,0.151312,586.45036,-0.11309,0.09775,7.6341,-1835.4501389,-1835.3835429,5.734848,Gaussian,QC,"opt+freq: b3lyp/6-311G** em=gd3bj
energy: M062X/6-311G+(2d, p) em=gd3"
1069,a-c15+a-b7+a-b18,O=P([O-])(Oc1ccccc1O)OC(F)(F)F,phosphate,-1286.9650458,0.080077,0.137934,509.48568,-0.10346,0.10524,5.7982,-1286.8849688,-1286.8271118,5.67664,Gaussian,QC,"opt+freq: b3lyp/6-311G** em=gd3bj
energy: M062X/6-311G+(2d, p) em=gd3"
1070,a-c15+a-b7+a-b19,O=P([O-])(Oc1ccccn1)Oc1ccccc1O,phosphate,-1196.9575435,0.139583,0.200928,540.204608,-0.10122,0.07849,6.3063,-1196.8179605,-1196.7566155,4.888112,Gaussian,QC,"opt+freq: b3lyp/6-311G** em=gd3bj
energy: M062X/6-311G+(2d, p) em=gd3"
1071,a-c15+a-b7+a-b21,CC(=O)OP(=O)([O-])Oc1ccccc1O,phosphate,-1102.5307966,0.111125,0.170037,518.769976,-0.10715,0.10508,7.5854,-1102.4196716,-1102.3607596,5.772656,Gaussian,QC,"opt+freq: b3lyp/6-311G** em=gd3bj
energy: M062X/6-311G+(2d, p) em=gd3"
1072,a-c15+a-b7+a-b22,COOP(=O)([O-])Oc1ccccc1O,phosphate,-1064.3113646,0.107541,0.162395,483.034432,-0.08814,0.11216,7.98,-1064.2038236,-1064.1489696,5.44816,Gaussian,QC,"opt+freq: b3lyp/6-311G** em=gd3bj
energy: M062X/6-311G+(2d, p) em=gd3"
1073,a-c15+a-b7+a-b23,O=P([O-])(OCC(F)(F)F)Oc1ccccc1O,phosphate,-1326.2577385,0.104719,0.166989,548.342488,-0.0982,0.10549,6.9167,-1326.1530195,-1326.0907495,5.540367999999999,Gaussian,QC,"opt+freq: b3lyp/6-311G** em=gd3bj
energy: M062X/6-311G+(2d, p) em=gd3"
1074,a-c15+a-b7+a-b24,O=P([O-])(OCc1ccccc1)Oc1ccccc1O,phosphate,-1220.2037222,0.17844,0.242233,561.756392,-0.09866,0.08318,5.9994,-1220.0252822,-1219.9614892,4.946048,Gaussian,QC,"opt+freq: b3lyp/6-311G** em=gd3bj
energy: M062X/6-311G+(2d, p) em=gd3"
1075,a-c15+a-b7+a-b25,CCCCCOP(=O)([O-])Oc1ccccc1O,phosphate,-1146.411074,0.209428,0.274057,569.124416,-0.09068,0.11317,7.0018,-1146.201646,-1146.137017,5.54472,Gaussian,QC,"opt+freq: b3lyp/6-311G** em=gd3bj
energy: M062X/6-311G+(2d, p) em=gd3"
1076,a-c15+a-b7+a-b26,O=P([O-])(Oc1ccccc1)Oc1ccccc1O,phosphate,-1180.9097778,0.150392,0.212234,544.576888,-0.09996,0.09576,6.5177,-1180.7593858,-1180.6975438,5.323584,Gaussian,QC,"opt+freq: b3lyp/6-311G** em=gd3bj
energy: M062X/6-311G+(2d, p) em=gd3"
1077,a-c15+a-b7+a-b28,O=C(O)COP(=O)([O-])Oc1ccccc1O,phosphate,-1177.7757509,0.117721,0.176018,513.364248,-0.11065,0.09926,4.9185,-1177.6580299,-1177.5997329,5.709552,Gaussian,QC,"opt+freq: b3lyp/6-311G** em=gd3bj
energy: M062X/6-311G+(2d, p) em=gd3"
1078,a-c15+a-b7+a-b31,Cc1cccc(OP(=O)([O-])Oc2ccccc2O)c1C,phosphate,-1259.5182276,0.200946,0.269675,605.232336,-0.10618,0.10061,7.1994,-1259.3172816,-1259.2485526,5.624688,Gaussian,QC,"opt+freq: b3lyp/6-311G** em=gd3bj
energy: M062X/6-311G+(2d, p) em=gd3"
1079,a-c15+a-b7+a-b32,O=P([O-])(OCC(F)(F)C(F)F)Oc1ccccc1O,phosphate,-1464.7932792,0.121964,0.189121,591.379112,-0.0943,0.11284,9.2917,-1464.6713152,-1464.6041582,5.634207999999999,Gaussian,QC,"opt+freq: b3lyp/6-311G** em=gd3bj
energy: M062X/6-311G+(2d, p) em=gd3"
1080,a-c15+a-b7+a-b33,O=P([O-])(Oc1cccnc1)Oc1ccccc1O,phosphate,-1196.9535109,0.139002,0.200955,545.555944,-0.1047,0.07837,5.3029,-1196.8145089,-1196.7525559,4.979504,Gaussian,QC,"opt+freq: b3lyp/6-311G** em=gd3bj
energy: M062X/6-311G+(2d, p) em=gd3"
1081,a-c15+a-b8+a-b9,O=C(O)OP(=O)([O-])OC(=O)CF,phosphate,-1084.1142741,0.038898,0.092957,476.042968,-0.14264,0.10921,5.4368,-1084.0753761,-1084.0213171,6.85032,Gaussian,QC,"opt+freq: b3lyp/6-311G** em=gd3bj
energy: M062X/6-311G+(2d, p) em=gd3"
1082,a-c15+a-b8+a-b10,CCCCCCCCCCOP(=O)([O-])OC(=O)O,phosphate,-1225.2550453,0.272416,0.349314,677.167848,-0.10795,0.10548,12.9299,-1224.9826293,-1224.9057313,5.805296,Gaussian,QC,"opt+freq: b3lyp/6-311G** em=gd3bj
energy: M062X/6-311G+(2d, p) em=gd3"
1083,a-c15+a-b8+a-b13,CCCCCCOP(=O)([O-])OC(=O)O,phosphate,-1068.0362442,0.171226,0.233464,548.070528,-0.10681,0.13206,9.2487,-1067.8650182,-1067.8027802,6.497264,Gaussian,QC,"opt+freq: b3lyp/6-311G** em=gd3bj
energy: M062X/6-311G+(2d, p) em=gd3"
1084,a-c15+a-b8+a-b14,CCCCOP(=O)([O-])OC(=O)O,phosphate,-989.4272882,0.118841,0.175482,498.787192,-0.10503,0.14808,5.9936,-989.3084472,-989.2518062,6.884592,Gaussian,QC,"opt+freq: b3lyp/6-311G** em=gd3bj
energy: M062X/6-311G+(2d, p) em=gd3"
1085,a-c15+a-b8+a-b15,CCOP(=O)([O-])OC(=O)O,phosphate,-910.8152713,0.067159,0.117614,444.303144,-0.09985,0.15193,5.8257,-910.7481123,-910.6976573,6.848416,Gaussian,QC,"opt+freq: b3lyp/6-311G** em=gd3bj
energy: M062X/6-311G+(2d, p) em=gd3"
1086,a-c15+a-b8+a-b16,Cc1cc(Cl)ccc1OP(=O)([O-])OC(=O)O,phosphate,-1562.150304,0.100842,0.162815,545.731672,-0.11409,0.0916,6.1164,-1562.049462,-1561.987489,5.594767999999999,Gaussian,QC,"opt+freq: b3lyp/6-311G** em=gd3bj
energy: M062X/6-311G+(2d, p) em=gd3"
1087,a-c15+a-b8+a-b17,O=C(O)OP(=O)([O-])OS(=O)(=O)C(F)(F)F,phosphate,-1717.8712187,0.019008,0.080689,543.1543280000001,-0.16503,0.12763,5.8673,-1717.8522107,-1717.7905297,7.960352,Gaussian,QC,"opt+freq: b3lyp/6-311G** em=gd3bj
energy: M062X/6-311G+(2d, p) em=gd3"
1088,a-c15+a-b8+a-b18,O=C(O)OP(=O)([O-])OC(F)(F)F,phosphate,-1169.3045552,0.015769,0.067541,455.897008,-0.14957,0.16602,3.3973,-1169.2887862,-1169.2370142,8.584048000000001,Gaussian,QC,"opt+freq: b3lyp/6-311G** em=gd3bj
energy: M062X/6-311G+(2d, p) em=gd3"
1089,a-c15+a-b8+a-b19,O=C(O)OP(=O)([O-])Oc1ccccn1,phosphate,-1079.2990369,0.07706,0.130521,470.775312,-0.13626,0.07275,7.737,-1079.2219769,-1079.1685159,5.685071999999999,Gaussian,QC,"opt+freq: b3lyp/6-311G** em=gd3bj
energy: M062X/6-311G+(2d, p) em=gd3"
1090,a-c15+a-b8+a-b21,CC(=O)OP(=O)([O-])OC(=O)O,phosphate,-984.8616217,0.047657,0.099802,459.189816,-0.10985,0.13531,6.3423,-984.8139647,-984.7618197,6.668352000000001,Gaussian,QC,"opt+freq: b3lyp/6-311G** em=gd3bj
energy: M062X/6-311G+(2d, p) em=gd3"
1091,a-c15+a-b8+a-b23,O=C(O)OP(=O)([O-])OCC(F)(F)F,phosphate,-1208.6000567,0.040845,0.096804,492.7706000000001,-0.14136,0.17177,6.0844,-1208.5592117,-1208.5032527,8.517136,Gaussian,QC,"opt+freq: b3lyp/6-311G** em=gd3bj
energy: M062X/6-311G+(2d, p) em=gd3"
1092,a-c15+a-b8+a-b24,O=C(O)OP(=O)([O-])OCc1ccccc1,phosphate,-1102.5537728,0.11311,0.171187,511.427056,-0.13114,0.08191,9.7435,-1102.4406628,-1102.3825858,5.794960000000001,Gaussian,QC,"opt+freq: b3lyp/6-311G** em=gd3bj
energy: M062X/6-311G+(2d, p) em=gd3"
1093,a-c15+a-b8+a-b25,CCCCCOP(=O)([O-])OC(=O)O,phosphate,-1028.7311179,0.145544,0.204434,518.5816960000001,-0.09675,0.14557,7.0468,-1028.5855739,-1028.5266839,6.591104,Gaussian,QC,"opt+freq: b3lyp/6-311G** em=gd3bj
energy: M062X/6-311G+(2d, p) em=gd3"
1094,a-c15+a-b8+a-b26,O=C(O)OP(=O)([O-])Oc1ccccc1,phosphate,-1063.2538594,0.087417,0.141944,480.168392,-0.12198,0.09449,6.4569,-1063.1664424,-1063.1119154,5.887983999999999,Gaussian,QC,"opt+freq: b3lyp/6-311G** em=gd3bj
energy: M062X/6-311G+(2d, p) em=gd3"
1095,a-c15+a-b8+a-b27,CCCCCCCCCCCCOP(=O)([O-])OC(=O)O,phosphate,-1303.8645443,0.325245,0.407344,722.957544,-0.1053,0.09267,20.0729,-1303.5392993,-1303.4572003,5.384784,Gaussian,QC,"opt+freq: b3lyp/6-311G** em=gd3bj
energy: M062X/6-311G+(2d, p) em=gd3"
1096,a-c15+a-b8+a-b28,O=C(O)COP(=O)([O-])OC(=O)O,phosphate,-1060.1049333,0.053524,0.106029,462.348736,-0.12424,0.13334,3.635,-1060.0514093,-1059.9989043,7.006175999999999,Gaussian,QC,"opt+freq: b3lyp/6-311G** em=gd3bj
energy: M062X/6-311G+(2d, p) em=gd3"
1097,a-c15+a-b8+a-b30,O=C(O)OP(=O)([O-])OC1CCCCC1,phosphate,-1066.8692037,0.154225,0.211132,501.126048,-0.12717,0.12627,9.7498,-1066.7149787,-1066.6580717,6.893568,Gaussian,QC,"opt+freq: b3lyp/6-311G** em=gd3bj
energy: M062X/6-311G+(2d, p) em=gd3"
1098,a-c15+a-b8+a-b31,Cc1cccc(OP(=O)([O-])OC(=O)O)c1C,phosphate,-1141.8447216,0.134997,0.199165,565.061752,-0.10031,0.10375,7.3729,-1141.7097246,-1141.6455566,5.550432,Gaussian,QC,"opt+freq: b3lyp/6-311G** em=gd3bj
energy: M062X/6-311G+(2d, p) em=gd3"
1099,a-c15+a-b8+a-b32,O=C(O)OP(=O)([O-])OCC(F)(F)C(F)F,phosphate,-1347.1224982,0.058628,0.11952,536.22144,-0.13094,0.13323,10.6957,-1347.0638702,-1347.0029782,7.185424,Gaussian,QC,"opt+freq: b3lyp/6-311G** em=gd3bj
energy: M062X/6-311G+(2d, p) em=gd3"
1100,a-c15+a-b8+a-b33,O=C(O)OP(=O)([O-])Oc1cccnc1,phosphate,-1079.2954633,0.076999,0.130575,471.78784,-0.13498,0.07221,5.7975,-1079.2184643,-1079.1648883,5.635567999999999,Gaussian,QC,"opt+freq: b3lyp/6-311G** em=gd3bj
energy: M062X/6-311G+(2d, p) em=gd3"
1101,a-c15+a-b8+a-b35,O=C(O)OP(=O)([O-])OS(=O)(=O)C(F)(F)C(F)(F)F,phosphate,-1955.6653838,0.026897,0.095363,602.910216,-0.16709,0.10423,7.8868,-1955.6384868,-1955.5700208,7.379904,Gaussian,QC,"opt+freq: b3lyp/6-311G** em=gd3bj
energy: M062X/6-311G+(2d, p) em=gd3"
1102,a-c15+a-b8+a-b36,CCCCCCCCCOP(=O)([O-])OC(=O)O,phosphate,-1185.9500824,0.248302,0.320321,634.202352,-0.09866,0.11584,11.8255,-1185.7017804,-1185.6297614,5.8344,Gaussian,QC,"opt+freq: b3lyp/6-311G** em=gd3bj
energy: M062X/6-311G+(2d, p) em=gd3"
1103,a-c15+a-b8+a-b37,O=C(O)OP(=O)([O-])OC(C(F)(F)F)C(F)(F)F,phosphate,-1545.642046,0.042238,0.104431,547.668864,-0.13904,0.14404,7.9508,-1545.599808,-1545.537615,7.699776,Gaussian,QC,"opt+freq: b3lyp/6-311G** em=gd3bj
energy: M062X/6-311G+(2d, p) em=gd3"
1104,a-c15+a-b9+a-b14,CCCCOP(=O)([O-])OC(=O)CF,phosphate,-1052.7285406,0.131801,0.191548,526.129632,-0.10753,0.13012,5.4072,-1052.5967396,-1052.5369926,6.464080000000001,Gaussian,QC,"opt+freq: b3lyp/6-311G** em=gd3bj
energy: M062X/6-311G+(2d, p) em=gd3"
1105,a-c15+a-b9+a-b15,CCOP(=O)([O-])OC(=O)CF,phosphate,-974.1143893,0.079075,0.133621,480.335752,-0.10155,0.13683,6.5063,-974.0353143,-973.9807683,6.483936,Gaussian,QC,"opt+freq: b3lyp/6-311G** em=gd3bj
energy: M062X/6-311G+(2d, p) em=gd3"
1106,a-c15+a-b9+a-b17,O=C(CF)OP(=O)([O-])OS(=O)(=O)C(F)(F)F,phosphate,-1781.1534534,0.030888,0.097348,585.2453680000001,-0.15109,0.09149,1.7789,-1781.1225654,-1781.0561054,6.598176,Gaussian,QC,"opt+freq: b3lyp/6-311G** em=gd3bj
energy: M062X/6-311G+(2d, p) em=gd3"
1107,a-c15+a-b9+a-b18,O=C(CF)OP(=O)([O-])OC(F)(F)F,phosphate,-1232.5838255,0.027106,0.08412,502.063264,-0.1271,0.11952,5.5135,-1232.5567195,-1232.4997055,6.708064,Gaussian,QC,"opt+freq: b3lyp/6-311G** em=gd3bj
energy: M062X/6-311G+(2d, p) em=gd3"
1108,a-c15+a-b9+a-b19,O=C(CF)OP(=O)([O-])Oc1ccccn1,phosphate,-1142.5803933,0.088771,0.147257,515.021112,-0.12485,0.08405,4.5984,-1142.4916223,-1142.4331363,5.68208,Gaussian,QC,"opt+freq: b3lyp/6-311G** em=gd3bj
energy: M062X/6-311G+(2d, p) em=gd3"
1109,a-c15+a-b9+a-b21,CC(=O)OP(=O)([O-])OC(=O)CF,phosphate,-1048.1608277,0.059244,0.115805,498.0759120000001,-0.11252,0.12292,6.516,-1048.1015837,-1048.0450227,6.403967999999999,Gaussian,QC,"opt+freq: b3lyp/6-311G** em=gd3bj
energy: M062X/6-311G+(2d, p) em=gd3"
1110,a-c15+a-b9+a-b23,O=C(CF)OP(=O)([O-])OCC(F)(F)F,phosphate,-1271.8877457,0.053963,0.113409,523.485344,-0.1312,0.1282,6.4475,-1271.8337827,-1271.7743367,7.055680000000001,Gaussian,QC,"opt+freq: b3lyp/6-311G** em=gd3bj
energy: M062X/6-311G+(2d, p) em=gd3"
1111,a-c15+a-b9+a-b24,O=C(CF)OP(=O)([O-])OCc1ccccc1,phosphate,-1165.8335884,0.126029,0.188052,546.175176,-0.11658,0.08792,8.0723,-1165.7075594,-1165.6455364,5.5624,Gaussian,QC,"opt+freq: b3lyp/6-311G** em=gd3bj
energy: M062X/6-311G+(2d, p) em=gd3"
1112,a-c15+a-b9+a-b26,O=C(CF)OP(=O)([O-])Oc1ccccc1,phosphate,-1126.5418265,0.100129,0.158547,514.426984,-0.12162,0.09311,6.5832,-1126.4416975,-1126.3832795,5.840656,Gaussian,QC,"opt+freq: b3lyp/6-311G** em=gd3bj
energy: M062X/6-311G+(2d, p) em=gd3"
1113,a-c15+a-b9+a-b28,O=C(O)COP(=O)([O-])OC(=O)CF,phosphate,-1123.4029011,0.064331,0.121814,506.188688,-0.12692,0.10793,5.5908,-1123.3385701,-1123.2810871,6.38792,Gaussian,QC,"opt+freq: b3lyp/6-311G** em=gd3bj
energy: M062X/6-311G+(2d, p) em=gd3"
1114,a-c15+a-b9+a-b35,O=C(CF)OP(=O)([O-])OS(=O)(=O)C(F)(F)C(F)(F)F,phosphate,-2018.9535847,0.041824,0.11219,619.6336640000001,-0.15391,0.08955,7.7167,-2018.9117607,-2018.8413947,6.622112,Gaussian,QC,"opt+freq: b3lyp/6-311G** em=gd3bj
energy: M062X/6-311G+(2d, p) em=gd3"
1115,a-c15+a-b9+a-b37,O=C(CF)OP(=O)([O-])OC(C(F)(F)F)C(F)(F)F,phosphate,-1608.9304021,0.054229,0.121154,589.33732,-0.13,0.12342,8.1397,-1608.8761731,-1608.8092481,6.893024,Gaussian,QC,"opt+freq: b3lyp/6-311G** em=gd3bj
energy: M062X/6-311G+(2d, p) em=gd3"
1116,a-c15+a-b10+a-b14,CCCCCCCCCCOP(=O)([O-])OCCCC,phosphate,-1193.8813418,0.36749,0.44708,700.8743920000001,-0.09186,0.10948,9.4699,-1193.5138518,-1193.4342618,5.476448,Gaussian,QC,"opt+freq: b3lyp/6-311G** em=gd3bj
energy: M062X/6-311G+(2d, p) em=gd3"
1117,a-c15+a-b10+a-b15,CCCCCCCCCCOP(=O)([O-])OCC,phosphate,-1115.2682356,0.314039,0.389076,660.77912,-0.08211,0.10802,13.9093,-1114.9541966,-1114.8791596,5.171536000000001,Gaussian,QC,"opt+freq: b3lyp/6-311G** em=gd3bj
energy: M062X/6-311G+(2d, p) em=gd3"
1118,a-c15+a-b10+a-b21,CCCCCCCCCCOP(=O)([O-])OC(C)=O,phosphate,-1189.3230112,0.295426,0.371553,670.3688480000001,-0.10866,0.10487,14.4287,-1189.0275852,-1188.9514582,5.808015999999999,Gaussian,QC,"opt+freq: b3lyp/6-311G** em=gd3bj
energy: M062X/6-311G+(2d, p) em=gd3"
1119,a-c15+a-b10+a-b22,CCCCCCCCCCOP(=O)([O-])OOC,phosphate,-1151.0922563,0.289863,0.364497,657.231088,-0.09752,0.10755,11.8226,-1150.8023933,-1150.7277593,5.577904,Gaussian,QC,"opt+freq: b3lyp/6-311G** em=gd3bj
energy: M062X/6-311G+(2d, p) em=gd3"
1120,a-c15+a-b10+a-b25,CCCCCCCCCCOP(=O)([O-])OCCCCC,phosphate,-1233.1879612,0.390994,0.475805,746.839816,-0.09727,0.10707,8.5616,-1232.7969672,-1232.7121562,5.558047999999999,Gaussian,QC,"opt+freq: b3lyp/6-311G** em=gd3bj
energy: M062X/6-311G+(2d, p) em=gd3"
1121,a-c15+a-b11+a-b14,CCCCOP(=O)([O-])OCC(CC)CCCC,phosphate,-1115.2729503,0.314534,0.388726,653.3316000000001,-0.08775,0.12093,8.3503,-1114.9584163,-1114.8842243,5.676095999999999,Gaussian,QC,"opt+freq: b3lyp/6-311G** em=gd3bj
energy: M062X/6-311G+(2d, p) em=gd3"
1122,a-c15+a-b11+a-b15,CCCCC(CC)COP(=O)([O-])OCC,phosphate,-1036.6589664,0.260636,0.33048,615.039632,-0.08724,0.13499,7.4661,-1036.3983304,-1036.3284864,6.044656,Gaussian,QC,"opt+freq: b3lyp/6-311G** em=gd3bj
energy: M062X/6-311G+(2d, p) em=gd3"
1123,a-c15+a-b11+a-b21,CCCCC(CC)COP(=O)([O-])OC(C)=O,phosphate,-1110.7176228,0.2436,0.313289,613.679832,-0.11456,0.12537,9.2882,-1110.4740228,-1110.4043338,6.526096,Gaussian,QC,"opt+freq: b3lyp/6-311G** em=gd3bj
energy: M062X/6-311G+(2d, p) em=gd3"
1124,a-c15+a-b11+a-b22,CCCCC(CC)COP(=O)([O-])OOC,phosphate,-1072.4816953,0.23833,0.30617,597.395704,-0.09891,0.1317,8.7521,-1072.2433653,-1072.1755253,6.272592,Gaussian,QC,"opt+freq: b3lyp/6-311G** em=gd3bj
energy: M062X/6-311G+(2d, p) em=gd3"
1125,a-c15+a-b11+a-b24,CCCCC(CC)COP(=O)([O-])OCc1ccccc1,phosphate,-1228.3781373,0.307256,0.384973,684.372696,-0.096,0.09643,7.9716,-1228.0708813,-1227.9931643,5.234095999999999,Gaussian,QC,"opt+freq: b3lyp/6-311G** em=gd3bj
energy: M062X/6-311G+(2d, p) em=gd3"
1126,a-c15+a-b13+a-b14,CCCCCCOP(=O)([O-])OCCCC,phosphate,-1036.6628814,0.263144,0.331026,597.763896,-0.0888,0.12747,8.4839,-1036.3997374,-1036.3318554,5.882544,Gaussian,QC,"opt+freq: b3lyp/6-311G** em=gd3bj
energy: M062X/6-311G+(2d, p) em=gd3"
1127,a-c15+a-b13+a-b15,CCCCCCOP(=O)([O-])OCC,phosphate,-958.0499721,0.210177,0.273051,553.664536,-0.0808,0.13513,7.6918,-957.8397951,-957.7769211,5.873296,Gaussian,QC,"opt+freq: b3lyp/6-311G** em=gd3bj
energy: M062X/6-311G+(2d, p) em=gd3"
1128,a-c15+a-b13+a-b19,CCCCCCOP(=O)([O-])Oc1ccccn1,phosphate,-1126.5200006,0.218754,0.28678,599.035832,-0.10054,0.09124,4.3059,-1126.3012466,-1126.2332206,5.216416,Gaussian,QC,"opt+freq: b3lyp/6-311G** em=gd3bj
energy: M062X/6-311G+(2d, p) em=gd3"
1129,a-c15+a-b13+a-b21,CCCCCCOP(=O)([O-])OC(C)=O,phosphate,-1032.1078449,0.19187,0.255698,562.074376,-0.10905,0.12854,7.4149,-1031.9159749,-1031.8521469,6.462447999999999,Gaussian,QC,"opt+freq: b3lyp/6-311G** em=gd3bj
energy: M062X/6-311G+(2d, p) em=gd3"
1130,a-c15+a-b13+a-b22,CCCCCCOP(=O)([O-])OOC,phosphate,-993.8729474,0.186975,0.248746,543.953472,-0.09614,0.12924,9.1958,-993.6859724000001,-993.6242014000001,6.130336,Gaussian,QC,"opt+freq: b3lyp/6-311G** em=gd3bj
energy: M062X/6-311G+(2d, p) em=gd3"
1131,a-c15+a-b13+a-b25,CCCCCCOP(=O)([O-])OCCCCC,phosphate,-1075.9690114,0.289855,0.360034,617.9935360000001,-0.09608,0.13385,7.3159,-1075.6791564,-1075.6089774,6.254096,Gaussian,QC,"opt+freq: b3lyp/6-311G** em=gd3bj
energy: M062X/6-311G+(2d, p) em=gd3"
1132,a-c15+a-b13+a-b26,CCCCCCOP(=O)([O-])Oc1ccccc1,phosphate,-1110.4709128,0.231229,0.298184,589.6050960000001,-0.09913,0.10485,6.4553,-1110.2396838,-1110.1727288,5.548255999999999,Gaussian,QC,"opt+freq: b3lyp/6-311G** em=gd3bj
energy: M062X/6-311G+(2d, p) em=gd3"
1133,a-c15+a-b13+a-b36,CCCCCCCCCOP(=O)([O-])OCCCCCC,phosphate,-1233.1880083,0.392553,0.475915,734.0828,-0.09793,0.11422,9.5371,-1232.7954553,-1232.7120933,5.77048,Gaussian,QC,"opt+freq: b3lyp/6-311G** em=gd3bj
energy: M062X/6-311G+(2d, p) em=gd3"
1134,a-c15+a-b14+a-b15,CCCCOP(=O)([O-])OCC,phosphate,-879.4402121,0.158911,0.215151,495.23916,-0.07853,0.15579,5.6448,-879.2813011000001,-879.2250611000001,6.373504000000001,Gaussian,QC,"opt+freq: b3lyp/6-311G** em=gd3bj
energy: M062X/6-311G+(2d, p) em=gd3"
1135,a-c15+a-b14+a-b16,CCCCOP(=O)([O-])Oc1ccc(Cl)cc1C,phosphate,-1530.7823954,0.194818,0.260787,580.923296,-0.10182,0.09326,8.1647,-1530.5875774,-1530.5216084,5.306175999999999,Gaussian,QC,"opt+freq: b3lyp/6-311G** em=gd3bj
energy: M062X/6-311G+(2d, p) em=gd3"
1136,a-c15+a-b14+a-b17,CCCCOP(=O)([O-])OS(=O)(=O)C(F)(F)F,phosphate,-1686.4888961,0.112862,0.179359,585.57172,-0.13671,0.14174,7.5332,-1686.3760341,-1686.3095371,7.573839999999999,Gaussian,QC,"opt+freq: b3lyp/6-311G** em=gd3bj
energy: M062X/6-311G+(2d, p) em=gd3"
1137,a-c15+a-b14+a-b19,CCCCOP(=O)([O-])Oc1ccccn1,phosphate,-1047.9093154,0.169179,0.228887,525.786544,-0.10335,0.0891,7.3025,-1047.7401364,-1047.6804284,5.23464,Gaussian,QC,"opt+freq: b3lyp/6-311G** em=gd3bj
energy: M062X/6-311G+(2d, p) em=gd3"
1138,a-c15+a-b14+a-b21,CCCCOP(=O)([O-])OC(C)=O,phosphate,-953.4976431,0.141279,0.197855,498.205616,-0.10756,0.14689,4.3715,-953.3563641,-953.2997881,6.92104,Gaussian,QC,"opt+freq: b3lyp/6-311G** em=gd3bj
energy: M062X/6-311G+(2d, p) em=gd3"
1139,a-c15+a-b14+a-b22,CCCCOP(=O)([O-])OOC,phosphate,-915.259398,0.136374,0.190751,478.83788,-0.08626,0.15588,5.1156,-915.123024,-915.068647,6.586208,Gaussian,QC,"opt+freq: b3lyp/6-311G** em=gd3bj
energy: M062X/6-311G+(2d, p) em=gd3"
1140,a-c15+a-b14+a-b23,CCCCOP(=O)([O-])OCC(F)(F)F,phosphate,-1177.2034469,0.13346,0.195079,542.618776,-0.09005,0.15252,6.0903,-1177.0699869,-1177.0083679,6.597904,Gaussian,QC,"opt+freq: b3lyp/6-311G** em=gd3bj
energy: M062X/6-311G+(2d, p) em=gd3"
1141,a-c15+a-b14+a-b24,CCCCOP(=O)([O-])OCc1ccccc1,phosphate,-1071.1622204,0.205607,0.269412,561.865176,-0.09672,0.08583,9.6525,-1070.9566134,-1070.8928084,4.96536,Gaussian,QC,"opt+freq: b3lyp/6-311G** em=gd3bj
energy: M062X/6-311G+(2d, p) em=gd3"
1142,a-c15+a-b14+a-b25,CCCCCOP(=O)([O-])OCCCC,phosphate,-997.3576581,0.238729,0.302172,558.6727840000001,-0.08961,0.14216,6.4311,-997.1189291,-997.0554860999999,6.304144,Gaussian,QC,"opt+freq: b3lyp/6-311G** em=gd3bj
energy: M062X/6-311G+(2d, p) em=gd3"
1143,a-c15+a-b14+a-b26,CCCCOP(=O)([O-])Oc1ccccc1,phosphate,-1031.860652,0.17974,0.240262,532.949552,-0.09242,0.10784,5.8012,-1031.680912,-1031.62039,5.447071999999999,Gaussian,QC,"opt+freq: b3lyp/6-311G** em=gd3bj
energy: M062X/6-311G+(2d, p) em=gd3"
1144,a-c15+a-b14+a-b28,CCCCOP(=O)([O-])OCC(=O)O,phosphate,-1028.7142893,0.145701,0.203975,513.163416,-0.09064,0.12745,7.1931,-1028.5685883,-1028.5103143,5.932048,Gaussian,QC,"opt+freq: b3lyp/6-311G** em=gd3bj
energy: M062X/6-311G+(2d, p) em=gd3"
1145,a-c15+a-b14+a-b31,CCCCOP(=O)([O-])Oc1cccc(C)c1C,phosphate,-1110.4779569,0.230135,0.296915,588.0612000000001,-0.09391,0.10834,8.7545,-1110.2478219,-1110.1810419,5.5012,Gaussian,QC,"opt+freq: b3lyp/6-311G** em=gd3bj
energy: M062X/6-311G+(2d, p) em=gd3"
1146,a-c15+a-b14+a-b32,CCCCOP(=O)([O-])OCC(F)(F)C(F)F,phosphate,-1315.7406328,0.151114,0.217337,583.157552,-0.09165,0.14439,8.5761,-1315.5895188,-1315.5232958,6.420287999999999,Gaussian,QC,"opt+freq: b3lyp/6-311G** em=gd3bj
energy: M062X/6-311G+(2d, p) em=gd3"
1147,a-c15+a-b14+a-b33,CCCCOP(=O)([O-])Oc1cccnc1,phosphate,-1047.9053893,0.168802,0.229003,530.13372,-0.10153,0.0906,5.7888,-1047.7365873,-1047.6763863,5.225936,Gaussian,QC,"opt+freq: b3lyp/6-311G** em=gd3bj
energy: M062X/6-311G+(2d, p) em=gd3"
1148,a-c15+a-b14+a-b35,CCCCOP(=O)([O-])OS(=O)(=O)C(F)(F)C(F)(F)F,phosphate,-1924.2823305,0.120354,0.193937,647.967712,-0.13791,0.12172,9.1227,-1924.1619765,-1924.0883935,7.061936,Gaussian,QC,"opt+freq: b3lyp/6-311G** em=gd3bj
energy: M062X/6-311G+(2d, p) em=gd3"
1149,a-c15+a-b14+a-b36,CCCCCCCCCOP(=O)([O-])OCCCC,phosphate,-1154.5782893,0.341512,0.418052,674.013112,-0.09618,0.1148,10.6399,-1154.2367773,-1154.1602373,5.738656,Gaussian,QC,"opt+freq: b3lyp/6-311G** em=gd3bj
energy: M062X/6-311G+(2d, p) em=gd3"
1150,a-c15+a-b15+a-b16,CCOP(=O)([O-])Oc1ccc(Cl)cc1C,phosphate,-1452.170837,0.141595,0.202921,540.037248,-0.10315,0.09821,7.9078,-1452.029242,-1451.967916,5.476992,Gaussian,QC,"opt+freq: b3lyp/6-311G** em=gd3bj
energy: M062X/6-311G+(2d, p) em=gd3"
1151,a-c15+a-b15+a-b17,CCOP(=O)([O-])OS(=O)(=O)C(F)(F)F,phosphate,-1607.8781516,0.059492,0.121355,544.765168,-0.1319,0.14999,5.4464,-1607.8186596,-1607.7567966,7.667407999999999,Gaussian,QC,"opt+freq: b3lyp/6-311G** em=gd3bj
energy: M062X/6-311G+(2d, p) em=gd3"
1152,a-c15+a-b15+a-b18,CCOP(=O)([O-])OC(F)(F)F,phosphate,-1059.303694,0.055782,0.108074,460.482672,-0.10862,0.16403,5.2873,-1059.247912,-1059.19562,7.41608,Gaussian,QC,"opt+freq: b3lyp/6-311G** em=gd3bj
energy: M062X/6-311G+(2d, p) em=gd3"
1153,a-c15+a-b15+a-b19,CCOP(=O)([O-])Oc1ccccn1,phosphate,-969.2974451,0.115882,0.170979,485.17664,-0.09682,0.09332,6.3002,-969.1815631,-969.1264661,5.171808,Gaussian,QC,"opt+freq: b3lyp/6-311G** em=gd3bj
energy: M062X/6-311G+(2d, p) em=gd3"
1154,a-c15+a-b15+a-b20,CCOP(=O)([O-])OS(=O)(=O)C(F)(F)C(F)(F)C(F)(F)F,phosphate,-2083.4684272,0.076106,0.150803,657.775008,-0.1377,0.11023,8.4898,-2083.3923212,-2083.3176242,6.743695999999999,Gaussian,QC,"opt+freq: b3lyp/6-311G** em=gd3bj
energy: M062X/6-311G+(2d, p) em=gd3"
1155,a-c15+a-b15+a-b21,CCOP(=O)([O-])OC(C)=O,phosphate,-874.8862083,0.089023,0.139945,448.411832,-0.10225,0.15125,2.9995,-874.7971853,-874.7462633,6.8952,Gaussian,QC,"opt+freq: b3lyp/6-311G** em=gd3bj
energy: M062X/6-311G+(2d, p) em=gd3"
1156,a-c15+a-b15+a-b22,CCOP(=O)([O-])OOC,phosphate,-836.6505991,0.084348,0.132858,427.178032,-0.09072,0.15762,6.0389,-836.5662511,-836.5177411,6.754848,Gaussian,QC,"opt+freq: b3lyp/6-311G** em=gd3bj
energy: M062X/6-311G+(2d, p) em=gd3"
1157,a-c15+a-b15+a-b23,CCOP(=O)([O-])OCC(F)(F)F,phosphate,-1098.5932114,0.079599,0.137069,506.071536,-0.08898,0.16121,6.6827,-1098.5136124,-1098.4561424,6.805168,Gaussian,QC,"opt+freq: b3lyp/6-311G** em=gd3bj
energy: M062X/6-311G+(2d, p) em=gd3"
1158,a-c15+a-b15+a-b24,CCOP(=O)([O-])OCc1ccccc1,phosphate,-992.548014,0.153825,0.211536,508.197008,-0.09322,0.09057,10.1094,-992.394189,-992.3364779999999,4.999088,Gaussian,QC,"opt+freq: b3lyp/6-311G** em=gd3bj
energy: M062X/6-311G+(2d, p) em=gd3"
1159,a-c15+a-b15+a-b25,CCCCCOP(=O)([O-])OCC,phosphate,-918.7468212,0.18457,0.24418,524.916272,-0.08696,0.13682,8.3746,-918.5622512,-918.5026412,6.086815999999999,Gaussian,QC,"opt+freq: b3lyp/6-311G** em=gd3bj
energy: M062X/6-311G+(2d, p) em=gd3"
1160,a-c15+a-b15+a-b26,CCOP(=O)([O-])Oc1ccccc1,phosphate,-953.2518603,0.12787,0.18232,479.490584,-0.09633,0.11048,7.1412,-953.1239903,-953.0695403,5.625232,Gaussian,QC,"opt+freq: b3lyp/6-311G** em=gd3bj
energy: M062X/6-311G+(2d, p) em=gd3"
1161,a-c15+a-b15+a-b27,CCCCCCCCCCCCOP(=O)([O-])OCC,phosphate,-1193.8776617,0.364489,0.446932,725.98676,-0.08234,0.098,16.2153,-1193.5131727,-1193.4307297,4.905248,Gaussian,QC,"opt+freq: b3lyp/6-311G** em=gd3bj
energy: M062X/6-311G+(2d, p) em=gd3"
1162,a-c15+a-b15+a-b28,CCOP(=O)([O-])OCC(=O)O,phosphate,-950.1004701,0.092966,0.146229,469.034768,-0.08811,0.12464,6.6308,-950.0075041,-949.9542411000001,5.786799999999999,Gaussian,QC,"opt+freq: b3lyp/6-311G** em=gd3bj
energy: M062X/6-311G+(2d, p) em=gd3"
1163,a-c15+a-b15+a-b30,CCOP(=O)([O-])OC1CCCCC1,phosphate,-956.8540144,0.194359,0.251353,501.8833520000001,-0.07318,0.13765,8.898,-956.6596554,-956.6026614,5.734576,Gaussian,QC,"opt+freq: b3lyp/6-311G** em=gd3bj
energy: M062X/6-311G+(2d, p) em=gd3"
1164,a-c15+a-b15+a-b31,CCOP(=O)([O-])Oc1cccc(C)c1C,phosphate,-1031.8664513,0.176495,0.239053,550.890544,-0.09653,0.10905,9.6051,-1031.6899563,-1031.6273983,5.591775999999999,Gaussian,QC,"opt+freq: b3lyp/6-311G** em=gd3bj
energy: M062X/6-311G+(2d, p) em=gd3"
1165,a-c15+a-b15+a-b32,CCOP(=O)([O-])OCC(F)(F)C(F)F,phosphate,-1237.1296636,0.098537,0.159391,535.874168,-0.09573,0.1475,9.7443,-1237.0311266,-1236.9702726,6.615856,Gaussian,QC,"opt+freq: b3lyp/6-311G** em=gd3bj
energy: M062X/6-311G+(2d, p) em=gd3"
1166,a-c15+a-b15+a-b33,CCOP(=O)([O-])Oc1cccnc1,phosphate,-969.2934053,0.115653,0.171036,487.6995920000001,-0.09754,0.09348,5.2054,-969.1777523000001,-969.1223693000001,5.195743999999999,Gaussian,QC,"opt+freq: b3lyp/6-311G** em=gd3bj
energy: M062X/6-311G+(2d, p) em=gd3"
1167,a-c15+a-b15+a-b35,CCOP(=O)([O-])OS(=O)(=O)C(F)(F)C(F)(F)F,phosphate,-1845.6723908,0.067263,0.136098,606.161184,-0.13703,0.12346,9.0438,-1845.6051278,-1845.5362928,7.085328,Gaussian,QC,"opt+freq: b3lyp/6-311G** em=gd3bj
energy: M062X/6-311G+(2d, p) em=gd3"
1168,a-c15+a-b15+a-b36,CCCCCCCCCOP(=O)([O-])OCC,phosphate,-1075.9636794,0.288184,0.360074,633.0643040000001,-0.08195,0.11479,12.2876,-1075.6754954,-1075.6036054,5.351328,Gaussian,QC,"opt+freq: b3lyp/6-311G** em=gd3bj
energy: M062X/6-311G+(2d, p) em=gd3"
1169,a-c15+a-b15+a-b37,CCOP(=O)([O-])OC(C(F)(F)F)C(F)(F)F,phosphate,-1435.6448307,0.08247,0.145081,551.3507840000001,-0.10397,0.16199,6.9405,-1435.5623607,-1435.4997497,7.234111999999999,Gaussian,QC,"opt+freq: b3lyp/6-311G** em=gd3bj
energy: M062X/6-311G+(2d, p) em=gd3"
1170,a-c15+a-b16+a-b17,Cc1cc(Cl)ccc1OP(=O)([O-])OS(=O)(=O)C(F)(F)F,phosphate,-2259.209345,0.092137,0.166592,655.645352,-0.13843,0.07836,6.4104,-2259.117208,-2259.042753,5.896687999999999,Gaussian,QC,"opt+freq: b3lyp/6-311G** em=gd3bj
energy: M062X/6-311G+(2d, p) em=gd3"
1171,a-c15+a-b16+a-b19,Cc1cc(Cl)ccc1OP(=O)([O-])Oc1ccccn1,phosphate,-1620.6366913,0.151395,0.21637,572.170368,-0.114,0.08117,9.6527,-1620.4852963,-1620.4203213,5.308624,Gaussian,QC,"opt+freq: b3lyp/6-311G** em=gd3bj
energy: M062X/6-311G+(2d, p) em=gd3"
1172,a-c15+a-b16+a-b21,CC(=O)OP(=O)([O-])Oc1ccc(Cl)cc1C,phosphate,-1526.2134592,0.121533,0.185007,558.944744,-0.11729,0.0911,7.0795,-1526.0919262,-1526.0284522,5.668208000000001,Gaussian,QC,"opt+freq: b3lyp/6-311G** em=gd3bj
energy: M062X/6-311G+(2d, p) em=gd3"
1173,a-c15+a-b16+a-b22,COOP(=O)([O-])Oc1ccc(Cl)cc1C,phosphate,-1487.9856827,0.117629,0.178095,532.464208,-0.11154,0.09417,5.3326,-1487.8680537,-1487.8075877,5.595312,Gaussian,QC,"opt+freq: b3lyp/6-311G** em=gd3bj
energy: M062X/6-311G+(2d, p) em=gd3"
1174,a-c15+a-b16+a-b24,Cc1cc(Cl)ccc1OP(=O)([O-])OCc1ccccc1,phosphate,-1643.8869074,0.187167,0.256991,614.868088,-0.10546,0.08517,8.1927,-1643.6997404,-1643.6299164,5.185136,Gaussian,QC,"opt+freq: b3lyp/6-311G** em=gd3bj
energy: M062X/6-311G+(2d, p) em=gd3"
1175,a-c15+a-b16+a-b25,CCCCCOP(=O)([O-])Oc1ccc(Cl)cc1C,phosphate,-1570.083379,0.217444,0.289653,635.8759520000001,-0.10213,0.09485,5.8416,-1569.865935,-1569.793726,5.357856,Gaussian,QC,"opt+freq: b3lyp/6-311G** em=gd3bj
energy: M062X/6-311G+(2d, p) em=gd3"
1176,a-c15+a-b16+a-b26,Cc1cc(Cl)ccc1OP(=O)([O-])Oc1ccccc1,phosphate,-1604.5853092,0.159543,0.227647,599.722008,-0.11232,0.09013,6.4637,-1604.4257662,-1604.3576622,5.50664,Gaussian,QC,"opt+freq: b3lyp/6-311G** em=gd3bj
energy: M062X/6-311G+(2d, p) em=gd3"
1177,a-c15+a-b16+a-b33,Cc1cc(Cl)ccc1OP(=O)([O-])Oc1cccnc1,phosphate,-1620.6319927,0.150654,0.216355,578.56352,-0.12349,0.07754,6.1668,-1620.4813387,-1620.4156377,5.468016,Gaussian,QC,"opt+freq: b3lyp/6-311G** em=gd3bj
energy: M062X/6-311G+(2d, p) em=gd3"
1178,a-c15+a-b17+a-b18,O=P([O-])(OC(F)(F)F)OS(=O)(=O)C(F)(F)F,phosphate,-1866.3424929,0.007912,0.071733,562.0074320000001,-0.15449,0.13605,6.4508,-1866.3345809,-1866.2707599,7.902688,Gaussian,QC,"opt+freq: b3lyp/6-311G** em=gd3bj
energy: M062X/6-311G+(2d, p) em=gd3"
1179,a-c15+a-b17+a-b19,O=P([O-])(Oc1ccccn1)OS(=O)(=O)C(F)(F)F,phosphate,-1776.3398722,0.069721,0.134814,573.208,-0.14124,0.0705,9.0807,-1776.2701512,-1776.2050582,5.759327999999999,Gaussian,QC,"opt+freq: b3lyp/6-311G** em=gd3bj
energy: M062X/6-311G+(2d, p) em=gd3"
1180,a-c15+a-b17+a-b21,CC(=O)OP(=O)([O-])OS(=O)(=O)C(F)(F)F,phosphate,-1681.916829,0.03919,0.103338,564.877656,-0.13698,0.1139,3.0324,-1681.877639,-1681.813491,6.823936,Gaussian,QC,"opt+freq: b3lyp/6-311G** em=gd3bj
energy: M062X/6-311G+(2d, p) em=gd3"
1181,a-c15+a-b17+a-b22,COOP(=O)([O-])OS(=O)(=O)C(F)(F)F,phosphate,-1643.6920913,0.035504,0.09663,538.2716,-0.13329,0.11708,5.4421,-1643.6565873,-1643.5954613,6.810064,Gaussian,QC,"opt+freq: b3lyp/6-311G** em=gd3bj
energy: M062X/6-311G+(2d, p) em=gd3"
1182,a-c15+a-b17+a-b23,O=P([O-])(OCC(F)(F)F)OS(=O)(=O)C(F)(F)F,phosphate,-1905.6420675,0.034497,0.101186,587.26624,-0.14796,0.14107,4.892,-1905.6075705,-1905.5408815,7.861616,Gaussian,QC,"opt+freq: b3lyp/6-311G** em=gd3bj
energy: M062X/6-311G+(2d, p) em=gd3"
1183,a-c15+a-b17+a-b24,O=P([O-])(OCc1ccccc1)OS(=O)(=O)C(F)(F)F,phosphate,-1799.5973492,0.10548,0.175668,618.077216,-0.13959,0.0781,6.0755,-1799.4918692,-1799.4216812,5.921168,Gaussian,QC,"opt+freq: b3lyp/6-311G** em=gd3bj
energy: M062X/6-311G+(2d, p) em=gd3"
1184,a-c15+a-b17+a-b26,O=P([O-])(Oc1ccccc1)OS(=O)(=O)C(F)(F)F,phosphate,-1760.2921824,0.079839,0.146102,583.513192,-0.12341,0.09584,7.3094,-1760.2123434,-1760.1460804,5.9636,Gaussian,QC,"opt+freq: b3lyp/6-311G** em=gd3bj
energy: M062X/6-311G+(2d, p) em=gd3"
1185,a-c15+a-b17+a-b28,O=C(O)COP(=O)([O-])OS(=O)(=O)C(F)(F)F,phosphate,-1757.1639269,0.046142,0.109979,562.145504,-0.15097,0.11511,7.3897,-1757.1177849,-1757.0539479,7.237375999999999,Gaussian,QC,"opt+freq: b3lyp/6-311G** em=gd3bj
energy: M062X/6-311G+(2d, p) em=gd3"
1186,a-c15+a-b17+a-b30,O=P([O-])(OC1CCCCC1)OS(=O)(=O)C(F)(F)F,phosphate,-1763.91218,0.147384,0.215608,600.784744,-0.13559,0.12801,8.2765,-1763.764796,-1763.696572,7.169919999999999,Gaussian,QC,"opt+freq: b3lyp/6-311G** em=gd3bj
energy: M062X/6-311G+(2d, p) em=gd3"
1187,a-c15+a-b17+a-b31,Cc1cccc(OP(=O)([O-])OS(=O)(=O)C(F)(F)F)c1C,phosphate,-1838.9069524,0.128788,0.202904,652.670528,-0.11989,0.09198,8.4179,-1838.7781644,-1838.7040484,5.762864,Gaussian,QC,"opt+freq: b3lyp/6-311G** em=gd3bj
energy: M062X/6-311G+(2d, p) em=gd3"
1188,a-c15+a-b17+a-b32,O=P([O-])(OCC(F)(F)C(F)F)OS(=O)(=O)C(F)(F)F,phosphate,-2044.1723036,0.049476,0.123276,649.875616,-0.1447,0.1355,6.2819,-2044.1228276,-2044.0490276,7.62144,Gaussian,QC,"opt+freq: b3lyp/6-311G** em=gd3bj
energy: M062X/6-311G+(2d, p) em=gd3"
1189,a-c15+a-b17+a-b33,O=P([O-])(Oc1cccnc1)OS(=O)(=O)C(F)(F)F,phosphate,-1776.3371496,0.069463,0.134759,574.998752,-0.13721,0.07368,7.4417,-1776.2676866,-1776.2023906,5.736208,Gaussian,QC,"opt+freq: b3lyp/6-311G** em=gd3bj
energy: M062X/6-311G+(2d, p) em=gd3"
1190,a-c15+a-b18+a-b19,O=P([O-])(Oc1ccccn1)OC(F)(F)F,phosphate,-1227.7694844,0.064669,0.121542,500.8248,-0.1249,0.08248,7.0508,-1227.7048154,-1227.6479424,5.640736,Gaussian,QC,"opt+freq: b3lyp/6-311G** em=gd3bj
energy: M062X/6-311G+(2d, p) em=gd3"
1191,a-c15+a-b18+a-b21,CC(=O)OP(=O)([O-])OC(F)(F)F,phosphate,-1133.3486745,0.035202,0.090144,483.812656,-0.1195,0.12975,6.1743,-1133.3134725,-1133.2585305,6.779599999999999,Gaussian,QC,"opt+freq: b3lyp/6-311G** em=gd3bj
energy: M062X/6-311G+(2d, p) em=gd3"
1192,a-c15+a-b18+a-b23,O=P([O-])(OCC(F)(F)F)OC(F)(F)F,phosphate,-1357.0665155,0.029315,0.087775,514.7993600000001,-0.12508,0.18528,6.2034,-1357.0372005,-1356.9787405,8.441792,Gaussian,QC,"opt+freq: b3lyp/6-311G** em=gd3bj
energy: M062X/6-311G+(2d, p) em=gd3"
1193,a-c15+a-b18+a-b24,O=P([O-])(OCc1ccccc1)OC(F)(F)F,phosphate,-1251.0222924,0.100085,0.162202,547.007792,-0.11782,0.08542,7.4949,-1250.9222074,-1250.8600904,5.528127999999999,Gaussian,QC,"opt+freq: b3lyp/6-311G** em=gd3bj
energy: M062X/6-311G+(2d, p) em=gd3"
1194,a-c15+a-b18+a-b26,O=P([O-])(Oc1ccccc1)OC(F)(F)F,phosphate,-1211.7185233,0.07495,0.132777,509.217904,-0.11567,0.10146,7.0454,-1211.6435733,-1211.5857463,5.905936,Gaussian,QC,"opt+freq: b3lyp/6-311G** em=gd3bj
energy: M062X/6-311G+(2d, p) em=gd3"
1195,a-c15+a-b18+a-b28,O=C(O)COP(=O)([O-])OC(F)(F)F,phosphate,-1208.5955323,0.041862,0.096506,481.185104,-0.14042,0.12745,4.6817,-1208.5536703,-1208.4990263,7.286064,Gaussian,QC,"opt+freq: b3lyp/6-311G** em=gd3bj
energy: M062X/6-311G+(2d, p) em=gd3"
1196,a-c15+a-b18+a-b35,O=P([O-])(OC(F)(F)F)OS(=O)(=O)C(F)(F)C(F)(F)F,phosphate,-2104.1349491,0.015574,0.08639,623.608464,-0.15269,0.10944,8.0492,-2104.1193751,-2104.0485591,7.129935999999999,Gaussian,QC,"opt+freq: b3lyp/6-311G** em=gd3bj
energy: M062X/6-311G+(2d, p) em=gd3"
1197,a-c15+a-b18+a-b37,O=P([O-])(OC(C(F)(F)F)C(F)(F)F)OC(F)(F)F,phosphate,-1694.1126974,0.029117,0.095513,584.680528,-0.12957,0.15625,6.3747,-1694.0835804,-1694.0171844,7.774303999999999,Gaussian,QC,"opt+freq: b3lyp/6-311G** em=gd3bj
energy: M062X/6-311G+(2d, p) em=gd3"
1198,a-c15+a-b19+a-b21,CC(=O)OP(=O)([O-])Oc1ccccn1,phosphate,-1043.3442445,0.096644,0.153133,497.43576,-0.11111,0.09657,6.4288,-1043.2476005,-1043.1911115,5.648896,Gaussian,QC,"opt+freq: b3lyp/6-311G** em=gd3bj
energy: M062X/6-311G+(2d, p) em=gd3"
1199,a-c15+a-b19+a-b22,COOP(=O)([O-])Oc1ccccn1,phosphate,-1005.1173618,0.092996,0.146315,469.52848,-0.11176,0.09335,8.1242,-1005.0243658,-1004.9710468,5.578992,Gaussian,QC,"opt+freq: b3lyp/6-311G** em=gd3bj
energy: M062X/6-311G+(2d, p) em=gd3"
1200,a-c15+a-b19+a-b23,O=P([O-])(OCC(F)(F)F)Oc1ccccn1,phosphate,-1267.0634195,0.089032,0.150736,543.363528,-0.11668,0.08504,7.4952,-1266.9743875,-1266.9126835,5.486784,Gaussian,QC,"opt+freq: b3lyp/6-311G** em=gd3bj
energy: M062X/6-311G+(2d, p) em=gd3"
1201,a-c15+a-b19+a-b24,O=P([O-])(OCc1ccccc1)Oc1ccccn1,phosphate,-1161.0153061,0.162166,0.225338,556.287904,-0.10531,0.08787,6.233,-1160.8531401,-1160.7899681,5.254496,Gaussian,QC,"opt+freq: b3lyp/6-311G** em=gd3bj
energy: M062X/6-311G+(2d, p) em=gd3"
1202,a-c15+a-b19+a-b25,CCCCCOP(=O)([O-])Oc1ccccn1,phosphate,-1087.2132227,0.193924,0.257781,562.317048,-0.09811,0.08771,9.3877,-1087.0192987,-1086.9554417,5.054303999999999,Gaussian,QC,"opt+freq: b3lyp/6-311G** em=gd3bj
energy: M062X/6-311G+(2d, p) em=gd3"
1203,a-c15+a-b19+a-b26,O=P([O-])(Oc1ccccc1)Oc1ccccn1,phosphate,-1121.7143164,0.135939,0.195865,527.6986320000001,-0.10498,0.08529,7.0489,-1121.5783774,-1121.5184514,5.175344,Gaussian,QC,"opt+freq: b3lyp/6-311G** em=gd3bj
energy: M062X/6-311G+(2d, p) em=gd3"
1204,a-c15+a-b19+a-b28,O=C(O)COP(=O)([O-])Oc1ccccn1,phosphate,-1118.5922617,0.102559,0.159471,501.167888,-0.13414,0.07297,8.2102,-1118.4897027,-1118.4327907,5.633392000000001,Gaussian,QC,"opt+freq: b3lyp/6-311G** em=gd3bj
energy: M062X/6-311G+(2d, p) em=gd3"
1205,a-c15+a-b19+a-b30,O=P([O-])(Oc1ccccn1)OC1CCCCC1,phosphate,-1125.3242207,0.202944,0.265124,547.551712,-0.09508,0.09033,6.6488,-1125.1212767,-1125.0590967,5.043152,Gaussian,QC,"opt+freq: b3lyp/6-311G** em=gd3bj
energy: M062X/6-311G+(2d, p) em=gd3"
1206,a-c15+a-b19+a-b31,Cc1cccc(OP(=O)([O-])Oc2ccccn2)c1C,phosphate,-1200.3271421,0.183797,0.252556,605.491744,-0.10206,0.08487,3.9602,-1200.1433451,-1200.0745861,5.084496,Gaussian,QC,"opt+freq: b3lyp/6-311G** em=gd3bj
energy: M062X/6-311G+(2d, p) em=gd3"
1207,a-c15+a-b19+a-b33,O=P([O-])(Oc1cccnc1)Oc1ccccn1,phosphate,-1137.7624764,0.125047,0.184561,524.079472,-0.11957,0.08141,6.6076,-1137.6374294,-1137.5779154,5.466656,Gaussian,QC,"opt+freq: b3lyp/6-311G** em=gd3bj
energy: M062X/6-311G+(2d, p) em=gd3"
1208,a-c15+a-b19+a-b36,CCCCCCCCCOP(=O)([O-])Oc1ccccn1,phosphate,-1244.4265561,0.297187,0.373403,671.151256,-0.09122,0.08223,11.3882,-1244.1293691,-1244.0531531,4.71784,Gaussian,QC,"opt+freq: b3lyp/6-311G** em=gd3bj
energy: M062X/6-311G+(2d, p) em=gd3"
1209,a-c15+a-b20+a-b22,COOP(=O)([O-])OS(=O)(=O)C(F)(F)C(F)(F)C(F)(F)F,phosphate,-2119.2794003,0.051525,0.125907,655.009384,-0.13691,0.1066,8.7521,-2119.2278753,-2119.1534933,6.623472,Gaussian,QC,"opt+freq: b3lyp/6-311G** em=gd3bj
energy: M062X/6-311G+(2d, p) em=gd3"
1210,a-c15+a-b21+a-b22,COOP(=O)([O-])OC(C)=O,phosphate,-910.7021412,0.064819,0.115234,443.947504,-0.10763,0.13709,3.055,-910.6373222,-910.5869072,6.656384,Gaussian,QC,"opt+freq: b3lyp/6-311G** em=gd3bj
energy: M062X/6-311G+(2d, p) em=gd3"
1211,a-c15+a-b21+a-b23,CC(=O)OP(=O)([O-])OCC(F)(F)F,phosphate,-1172.6395995,0.0605,0.119339,518.129824,-0.10857,0.13984,8.092,-1172.5790995,-1172.5202605,6.756752,Gaussian,QC,"opt+freq: b3lyp/6-311G** em=gd3bj
energy: M062X/6-311G+(2d, p) em=gd3"
1212,a-c15+a-b21+a-b24,CC(=O)OP(=O)([O-])OCc1ccccc1,phosphate,-1066.5955853,0.134494,0.194091,524.807488,-0.10173,0.08823,10.5674,-1066.4610913,-1066.4014943,5.166912,Gaussian,QC,"opt+freq: b3lyp/6-311G** em=gd3bj
energy: M062X/6-311G+(2d, p) em=gd3"
1213,a-c15+a-b21+a-b25,CCCCCOP(=O)([O-])OC(C)=O,phosphate,-992.803139,0.166131,0.226731,533.6399120000001,-0.10841,0.13877,5.8927,-992.637008,-992.576408,6.723296,Gaussian,QC,"opt+freq: b3lyp/6-311G** em=gd3bj
energy: M062X/6-311G+(2d, p) em=gd3"
1214,a-c15+a-b21+a-b26,CC(=O)OP(=O)([O-])Oc1ccccc1,phosphate,-1027.2963264,0.10667,0.164498,509.23464,-0.10448,0.10506,7.9608,-1027.1896564,-1027.1318284,5.699488,Gaussian,QC,"opt+freq: b3lyp/6-311G** em=gd3bj
energy: M062X/6-311G+(2d, p) em=gd3"
1215,a-c15+a-b21+a-b27,CCCCCCCCCCCCOP(=O)([O-])OC(C)=O,phosphate,-1267.9343177,0.34702,0.429594,727.1415440000001,-0.11336,0.09816,15.4459,-1267.5872977,-1267.5047237,5.753343999999999,Gaussian,QC,"opt+freq: b3lyp/6-311G** em=gd3bj
energy: M062X/6-311G+(2d, p) em=gd3"
1216,a-c15+a-b21+a-b28,CC(=O)OP(=O)([O-])OCC(=O)O,phosphate,-1024.1477811,0.07318,0.128434,486.561544,-0.10434,0.11113,8.5792,-1024.0746011,-1024.0193471,5.860784,Gaussian,QC,"opt+freq: b3lyp/6-311G** em=gd3bj
energy: M062X/6-311G+(2d, p) em=gd3"
1217,a-c15+a-b21+a-b30,CC(=O)OP(=O)([O-])OC1CCCCC1,phosphate,-1030.9084947,0.173446,0.23366,530.242504,-0.09743,0.13078,10.472,-1030.7350487,-1030.6748347,6.207312000000001,Gaussian,QC,"opt+freq: b3lyp/6-311G** em=gd3bj
energy: M062X/6-311G+(2d, p) em=gd3"
1218,a-c15+a-b21+a-b31,CC(=O)OP(=O)([O-])Oc1cccc(C)c1C,phosphate,-1105.9140661,0.156953,0.221371,567.2667200000001,-0.10307,0.10824,9.0757,-1105.7571131,-1105.6926951,5.747631999999999,Gaussian,QC,"opt+freq: b3lyp/6-311G** em=gd3bj
energy: M062X/6-311G+(2d, p) em=gd3"
1219,a-c15+a-b21+a-b32,CC(=O)OP(=O)([O-])OCC(F)(F)C(F)F,phosphate,-1311.1786717,0.07771,0.141685,563.3630479999999,-0.10777,0.13282,7.364,-1311.1009617,-1311.0369867,6.544048,Gaussian,QC,"opt+freq: b3lyp/6-311G** em=gd3bj
energy: M062X/6-311G+(2d, p) em=gd3"
1220,a-c15+a-b21+a-b33,CC(=O)OP(=O)([O-])Oc1cccnc1,phosphate,-1043.3375684,0.095779,0.153127,505.012984,-0.11282,0.08358,8.2921,-1043.2417894,-1043.1844414,5.34208,Gaussian,QC,"opt+freq: b3lyp/6-311G** em=gd3bj
energy: M062X/6-311G+(2d, p) em=gd3"
1221,a-c15+a-b21+a-b35,CC(=O)OP(=O)([O-])OS(=O)(=O)C(F)(F)C(F)(F)F,phosphate,-1919.7165527,0.04919,0.118065,606.508456,-0.14147,0.1139,7.2362,-1919.6673627,-1919.5984877,6.946064,Gaussian,QC,"opt+freq: b3lyp/6-311G** em=gd3bj
energy: M062X/6-311G+(2d, p) em=gd3"
1222,a-c15+a-b21+a-b36,CCCCCCCCCOP(=O)([O-])OC(C)=O,phosphate,-1150.0206805,0.269165,0.342566,646.369424,-0.11352,0.11001,12.3583,-1149.7515155,-1149.6781145,6.080016,Gaussian,QC,"opt+freq: b3lyp/6-311G** em=gd3bj
energy: M062X/6-311G+(2d, p) em=gd3"
1223,a-c15+a-b21+a-b37,CC(=O)OP(=O)([O-])OC(C(F)(F)F)C(F)(F)F,phosphate,-1509.6856323,0.061029,0.127115,581.944192,-0.10898,0.13112,5.2695,-1509.6246033,-1509.5585173,6.53072,Gaussian,QC,"opt+freq: b3lyp/6-311G** em=gd3bj
energy: M062X/6-311G+(2d, p) em=gd3"
1224,a-c15+a-b22+a-b23,COOP(=O)([O-])OCC(F)(F)F,phosphate,-1134.4100578,0.05723,0.112566,487.285376,-0.09468,0.1543,5.286,-1134.3528278,-1134.2974918,6.772256,Gaussian,QC,"opt+freq: b3lyp/6-311G** em=gd3bj
energy: M062X/6-311G+(2d, p) em=gd3"
1225,a-c15+a-b22+a-b24,COOP(=O)([O-])OCc1ccccc1,phosphate,-1028.3705553,0.129698,0.186986,504.473248,-0.10164,0.09447,9.5616,-1028.2408573,-1028.1835693,5.334192,Gaussian,QC,"opt+freq: b3lyp/6-311G** em=gd3bj
energy: M062X/6-311G+(2d, p) em=gd3"
1226,a-c15+a-b22+a-b25,CCCCCOP(=O)([O-])OOC,phosphate,-954.5688116,0.162226,0.21967,505.849784,-0.09786,0.14762,6.1397,-954.4065856,-954.3491416,6.677056,Gaussian,QC,"opt+freq: b3lyp/6-311G** em=gd3bj
energy: M062X/6-311G+(2d, p) em=gd3"
1227,a-c15+a-b22+a-b26,COOP(=O)([O-])Oc1ccccc1,phosphate,-989.0673063,0.103086,0.157685,480.800176,-0.09357,0.10778,4.4911,-988.9642203000001,-988.9096213,5.47672,Gaussian,QC,"opt+freq: b3lyp/6-311G** em=gd3bj
energy: M062X/6-311G+(2d, p) em=gd3"
1228,a-c15+a-b22+a-b27,CCCCCCCCCCCCOP(=O)([O-])OOC,phosphate,-1229.7011165,0.34189,0.422504,709.8867280000001,-0.09985,0.09692,17.1442,-1229.3592265,-1229.2786125,5.352144,Gaussian,QC,"opt+freq: b3lyp/6-311G** em=gd3bj
energy: M062X/6-311G+(2d, p) em=gd3"
1229,a-c15+a-b22+a-b28,COOP(=O)([O-])OCC(=O)O,phosphate,-985.9236911,0.069147,0.121608,461.972176,-0.10145,0.13103,3.2822,-985.8545441,-985.8020831,6.323456,Gaussian,QC,"opt+freq: b3lyp/6-311G** em=gd3bj
energy: M062X/6-311G+(2d, p) em=gd3"
1230,a-c15+a-b22+a-b31,COOP(=O)([O-])Oc1cccc(C)c1C,phosphate,-1067.6873398,0.154058,0.214493,532.1922480000001,-0.10283,0.11236,6.4566,-1067.5332818,-1067.4728468,5.853167999999999,Gaussian,QC,"opt+freq: b3lyp/6-311G** em=gd3bj
energy: M062X/6-311G+(2d, p) em=gd3"
1231,a-c15+a-b22+a-b32,COOP(=O)([O-])OCC(F)(F)C(F)F,phosphate,-1272.9508221,0.073437,0.134739,539.8196800000001,-0.10443,0.14803,8.2439,-1272.8773851,-1272.8160831,6.866912,Gaussian,QC,"opt+freq: b3lyp/6-311G** em=gd3bj
energy: M062X/6-311G+(2d, p) em=gd3"
1232,a-c15+a-b22+a-b33,COOP(=O)([O-])Oc1cccnc1,phosphate,-1005.1103259,0.092378,0.146393,475.6496720000001,-0.10581,0.08685,6.875,-1005.0179479,-1004.9639329,5.240352,Gaussian,QC,"opt+freq: b3lyp/6-311G** em=gd3bj
energy: M062X/6-311G+(2d, p) em=gd3"
1233,a-c15+a-b22+a-b35,COOP(=O)([O-])OS(=O)(=O)C(F)(F)C(F)(F)F,phosphate,-1881.4861919,0.043871,0.11127,593.512952,-0.13654,0.10982,9.0591,-1881.4423209,-1881.3749219,6.700991999999999,Gaussian,QC,"opt+freq: b3lyp/6-311G** em=gd3bj
energy: M062X/6-311G+(2d, p) em=gd3"
1234,a-c15+a-b22+a-b36,CCCCCCCCCOP(=O)([O-])OOC,phosphate,-1111.7870533,0.26443,0.335705,627.646024,-0.09716,0.1081,14.0754,-1111.5226233,-1111.4513483,5.583072,Gaussian,QC,"opt+freq: b3lyp/6-311G** em=gd3bj
energy: M062X/6-311G+(2d, p) em=gd3"
1235,a-c15+a-b22+a-b37,COOP(=O)([O-])OC(C(F)(F)F)C(F)(F)F,phosphate,-1471.4600886,0.058401,0.120404,545.995264,-0.10249,0.14474,7.8796,-1471.4016876,-1471.3396846,6.724656,Gaussian,QC,"opt+freq: b3lyp/6-311G** em=gd3bj
energy: M062X/6-311G+(2d, p) em=gd3"
1236,a-c15+a-b23+a-b24,O=P([O-])(OCc1ccccc1)OCC(F)(F)F,phosphate,-1290.3112552,0.126898,0.191338,567.459184,-0.10319,0.09446,5.8615,-1290.1843572,-1290.1199172,5.37608,Gaussian,QC,"opt+freq: b3lyp/6-311G** em=gd3bj
energy: M062X/6-311G+(2d, p) em=gd3"
1237,a-c15+a-b23+a-b26,O=P([O-])(OCC(F)(F)F)Oc1ccccc1,phosphate,-1251.0151117,0.100492,0.162075,542.296608,-0.10826,0.10224,7.4115,-1250.9146197,-1250.8530367,5.7256,Gaussian,QC,"opt+freq: b3lyp/6-311G** em=gd3bj
energy: M062X/6-311G+(2d, p) em=gd3"
1238,a-c15+a-b23+a-b28,O=C(O)COP(=O)([O-])OCC(F)(F)F,phosphate,-1247.8866751,0.067677,0.125655,510.556784,-0.12831,0.13512,7.1554,-1247.8189981,-1247.7610201,7.165296,Gaussian,QC,"opt+freq: b3lyp/6-311G** em=gd3bj
energy: M062X/6-311G+(2d, p) em=gd3"
1239,a-c15+a-b23+a-b30,O=P([O-])(OCC(F)(F)F)OC1CCCCC1,phosphate,-1254.6208176,0.168679,0.231287,551.317312,-0.0977,0.13199,8.3026,-1254.4521386,-1254.3895306,6.247568,Gaussian,QC,"opt+freq: b3lyp/6-311G** em=gd3bj
energy: M062X/6-311G+(2d, p) em=gd3"
1240,a-c15+a-b23+a-b32,O=P([O-])(OCC(F)(F)F)OCC(F)(F)C(F)F,phosphate,-1534.8923713,0.071721,0.13911,593.429272,-0.10658,0.13997,9.5258,-1534.8206503,-1534.7532613,6.70616,Gaussian,QC,"opt+freq: b3lyp/6-311G** em=gd3bj
energy: M062X/6-311G+(2d, p) em=gd3"
1241,a-c15+a-b23+a-b33,O=P([O-])(OCC(F)(F)F)Oc1cccnc1,phosphate,-1267.0597413,0.089441,0.150758,539.953568,-0.11792,0.08469,6.151,-1266.9703003,-1266.9089833,5.510992,Gaussian,QC,"opt+freq: b3lyp/6-311G** em=gd3bj
energy: M062X/6-311G+(2d, p) em=gd3"
1242,a-c15+a-b23+a-b35,O=P([O-])(OCC(F)(F)F)OS(=O)(=O)C(F)(F)C(F)(F)F,phosphate,-2143.4322802,0.040101,0.115732,666.004936,-0.1509,0.11057,9.0489,-2143.3921792,-2143.3165482,7.111984,Gaussian,QC,"opt+freq: b3lyp/6-311G** em=gd3bj
energy: M062X/6-311G+(2d, p) em=gd3"
1243,a-c15+a-b23+a-b37,O=P([O-])(OCC(F)(F)F)OC(C(F)(F)F)C(F)(F)F,phosphate,-1733.4035097,0.055915,0.124731,605.98964,-0.11232,0.15274,7.7159,-1733.3475947,-1733.2787787,7.209631999999999,Gaussian,QC,"opt+freq: b3lyp/6-311G** em=gd3bj
energy: M062X/6-311G+(2d, p) em=gd3"
1244,a-c15+a-b24+a-b25,CCCCCOP(=O)([O-])OCc1ccccc1,phosphate,-1110.4641352,0.230676,0.298441,596.738816,-0.09699,0.09037,7.5919,-1110.2334592,-1110.1656942,5.096192,Gaussian,QC,"opt+freq: b3lyp/6-311G** em=gd3bj
energy: M062X/6-311G+(2d, p) em=gd3"
1245,a-c15+a-b24+a-b26,O=P([O-])(OCc1ccccc1)Oc1ccccc1,phosphate,-1144.966917,0.172164,0.236636,567.7311440000001,-0.09582,0.08912,5.7383,-1144.794753,-1144.730281,5.030367999999999,Gaussian,QC,"opt+freq: b3lyp/6-311G** em=gd3bj
energy: M062X/6-311G+(2d, p) em=gd3"
1246,a-c15+a-b24+a-b28,O=C(O)COP(=O)([O-])OCc1ccccc1,phosphate,-1141.8426617,0.138968,0.199986,537.321832,-0.12043,0.08103,9.7152,-1141.7036937,-1141.6426757,5.479712,Gaussian,QC,"opt+freq: b3lyp/6-311G** em=gd3bj
energy: M062X/6-311G+(2d, p) em=gd3"
1247,a-c15+a-b24+a-b30,O=P([O-])(OCc1ccccc1)OC1CCCCC1,phosphate,-1148.5794751,0.24,0.305681,578.391976,-0.09099,0.09795,7.2237,-1148.3394751,-1148.2737941,5.139168,Gaussian,QC,"opt+freq: b3lyp/6-311G** em=gd3bj
energy: M062X/6-311G+(2d, p) em=gd3"
1248,a-c15+a-b24+a-b31,Cc1cccc(OP(=O)([O-])OCc2ccccc2)c1C,phosphate,-1223.5907782,0.224983,0.293362,602.14036,-0.09816,0.08693,11.2675,-1223.3657952,-1223.2974162,5.034447999999999,Gaussian,QC,"opt+freq: b3lyp/6-311G** em=gd3bj
energy: M062X/6-311G+(2d, p) em=gd3"
1249,a-c15+a-b24+a-b32,O=P([O-])(OCc1ccccc1)OCC(F)(F)C(F)F,phosphate,-1428.8458862,0.144081,0.213467,611.01044,-0.10086,0.09549,7.512,-1428.7018052,-1428.6324192,5.34072,Gaussian,QC,"opt+freq: b3lyp/6-311G** em=gd3bj
energy: M062X/6-311G+(2d, p) em=gd3"
1250,a-c15+a-b24+a-b33,O=P([O-])(OCc1ccccc1)Oc1cccnc1,phosphate,-1161.011018,0.162188,0.22536,556.292088,-0.10624,0.08539,6.8321,-1160.84883,-1160.785658,5.212336,Gaussian,QC,"opt+freq: b3lyp/6-311G** em=gd3bj
energy: M062X/6-311G+(2d, p) em=gd3"
1251,a-c15+a-b25+a-b26,CCCCCOP(=O)([O-])Oc1ccccc1,phosphate,-1071.1655191,0.205563,0.269255,560.8652000000001,-0.09367,0.10707,7.4816,-1070.9599561,-1070.8962641,5.460128,Gaussian,QC,"opt+freq: b3lyp/6-311G** em=gd3bj
energy: M062X/6-311G+(2d, p) em=gd3"
1252,a-c15+a-b25+a-b36,CCCCCCCCCOP(=O)([O-])OCCCCC,phosphate,-1193.8814898,0.367316,0.447065,702.2676640000001,-0.09234,0.11608,7.8757,-1193.5141738,-1193.4344248,5.669023999999999,Gaussian,QC,"opt+freq: b3lyp/6-311G** em=gd3bj
energy: M062X/6-311G+(2d, p) em=gd3"
1253,a-c15+a-b26+a-b28,O=C(O)COP(=O)([O-])Oc1ccccc1,phosphate,-1102.544652,0.113631,0.170779,503.25152,-0.12372,0.09069,7.9174,-1102.431021,-1102.373873,5.831951999999999,Gaussian,QC,"opt+freq: b3lyp/6-311G** em=gd3bj
energy: M062X/6-311G+(2d, p) em=gd3"
1254,a-c15+a-b26+a-b30,O=P([O-])(Oc1ccccc1)OC1CCCCC1,phosphate,-1109.277419,0.21446,0.276497,546.2965120000001,-0.09212,0.10841,7.6618,-1109.062959,-1109.000922,5.454415999999999,Gaussian,QC,"opt+freq: b3lyp/6-311G** em=gd3bj
energy: M062X/6-311G+(2d, p) em=gd3"
1255,a-c15+a-b26+a-b31,Cc1cccc(OP(=O)([O-])Oc2ccccc2)c1C,phosphate,-1184.2843748,0.197719,0.263997,583.6428960000001,-0.10197,0.10212,9.1475,-1184.0866558,-1184.0203778,5.551247999999999,Gaussian,QC,"opt+freq: b3lyp/6-311G** em=gd3bj
energy: M062X/6-311G+(2d, p) em=gd3"
1256,a-c15+a-b26+a-b32,O=P([O-])(OCC(F)(F)C(F)F)Oc1ccccc1,phosphate,-1389.546643,0.116445,0.184285,597.395704,-0.10627,0.09956,9.2972,-1389.430198,-1389.362358,5.598576,Gaussian,QC,"opt+freq: b3lyp/6-311G** em=gd3bj
energy: M062X/6-311G+(2d, p) em=gd3"
1257,a-c15+a-b26+a-b33,O=P([O-])(Oc1ccccc1)Oc1cccnc1,phosphate,-1121.710641,0.135497,0.195907,531.966312,-0.10994,0.0844,4.2312,-1121.575144,-1121.514734,5.286048,Gaussian,QC,"opt+freq: b3lyp/6-311G** em=gd3bj
energy: M062X/6-311G+(2d, p) em=gd3"
1258,a-c15+a-b26+a-b36,CCCCCCCCCOP(=O)([O-])Oc1ccccc1,phosphate,-1228.3855721,0.309506,0.385268,667.1513520000001,-0.09908,0.10332,12.4461,-1228.0760661,-1228.0003041,5.50528,Gaussian,QC,"opt+freq: b3lyp/6-311G** em=gd3bj
energy: M062X/6-311G+(2d, p) em=gd3"
1259,a-c15+a-b26+a-b37,O=P([O-])(Oc1ccccc1)OC(C(F)(F)F)C(F)(F)F,phosphate,-1588.0577783,0.101891,0.169829,598.257608,-0.10482,0.10302,7.3738,-1587.9558873,-1587.8879493,5.653248,Gaussian,QC,"opt+freq: b3lyp/6-311G** em=gd3bj
energy: M062X/6-311G+(2d, p) em=gd3"
1260,a-c15+a-b28+a-b31,Cc1cccc(OP(=O)([O-])OCC(=O)O)c1C,phosphate,-1181.1408835,0.163895,0.227729,562.1204,-0.10073,0.10038,9.9812,-1180.9769885,-1180.9131545,5.470192,Gaussian,QC,"opt+freq: b3lyp/6-311G** em=gd3bj
energy: M062X/6-311G+(2d, p) em=gd3"
1261,a-c15+a-b28+a-b33,O=C(O)COP(=O)([O-])Oc1cccnc1,phosphate,-1118.5855517,0.102061,0.159353,504.510904,-0.13216,0.07356,6.1168,-1118.4834907,-1118.4261987,5.595584000000001,Gaussian,QC,"opt+freq: b3lyp/6-311G** em=gd3bj
energy: M062X/6-311G+(2d, p) em=gd3"
1262,a-c15+a-b28+a-b35,O=C(O)COP(=O)([O-])OS(=O)(=O)C(F)(F)C(F)(F)F,phosphate,-1994.9536589,0.053325,0.124528,627.018424,-0.15162,0.10431,5.8095,-1994.9003339,-1994.8291309,6.961296,Gaussian,QC,"opt+freq: b3lyp/6-311G** em=gd3bj
energy: M062X/6-311G+(2d, p) em=gd3"
1263,a-c15+a-b28+a-b37,O=C(O)COP(=O)([O-])OC(C(F)(F)F)C(F)(F)F,phosphate,-1584.9263391,0.067925,0.133921,581.1576,-0.13263,0.12558,6.1193,-1584.8584141,-1584.7924181,7.023312,Gaussian,QC,"opt+freq: b3lyp/6-311G** em=gd3bj
energy: M062X/6-311G+(2d, p) em=gd3"
1264,a-c15+a-b30+a-b37,O=P([O-])(OC1CCCCC1)OC(C(F)(F)F)C(F)(F)F,phosphate,-1591.6696992,0.169122,0.23912,616.403616,-0.09399,0.13633,6.9349,-1591.5005772,-1591.4305792,6.264704000000001,Gaussian,QC,"opt+freq: b3lyp/6-311G** em=gd3bj
energy: M062X/6-311G+(2d, p) em=gd3"
1265,a-c15+a-b31+a-b33,Cc1cccc(OP(=O)([O-])Oc2cccnc2)c1C,phosphate,-1200.3281017,0.187113,0.25257,576.417128,-0.10572,0.08553,9.9826,-1200.1409887,-1200.0755317,5.201999999999999,Gaussian,QC,"opt+freq: b3lyp/6-311G** em=gd3bj
energy: M062X/6-311G+(2d, p) em=gd3"
1266,a-c16+a-b2+a-b8+a-b15+a-b26,CCO[B-](ONC(=N)N)(OC(=O)O)Oc1ccccc1,borate,-1030.7027338,0.209658,0.282624,642.53688,-0.08933,0.10922,2.8516,-1030.4930758,-1030.4201098,5.40056,Gaussian,QC,"opt+freq: b3lyp/6-311G** em=gd3bj
energy: M062X/6-311G+(2d, p) em=gd3"
1267,a-c16+a-b3+a-b8+a-b15+a-b21,CCO[B-](OC(C)=O)(OC(=O)O)OS(=O)(=O)C(C)(F)F,borate,-1573.9469474,0.160527,0.238128,683.3476160000001,-0.13622,0.14014,6.3066,-1573.7864204,-1573.7088194,7.516991999999999,Gaussian,QC,"opt+freq: b3lyp/6-311G** em=gd3bj
energy: M062X/6-311G+(2d, p) em=gd3"
1268,a-c16+a-b5+a-b8+a-b9+a-b15,CCO[B-](OC(=O)O)(OC(=O)CF)OC(=O)C(F)(F)F,borate,-1297.8473616,0.123954,0.196386,637.82988,-0.12357,0.12032,3.1524,-1297.7234076,-1297.6509756,6.633808,Gaussian,QC,"opt+freq: b3lyp/6-311G** em=gd3bj
energy: M062X/6-311G+(2d, p) em=gd3"
1269,a-c16+a-b5+a-b8+a-b15+a-b18,CCO[B-](OC(=O)O)(OC(=O)C(F)(F)F)OC(F)(F)F,borate,-1383.0411297,0.099869,0.170469,621.70056,-0.12914,0.15287,2.9488,-1382.9412607,-1382.8706607,7.670672,Gaussian,QC,"opt+freq: b3lyp/6-311G** em=gd3bj
energy: M062X/6-311G+(2d, p) em=gd3"
1270,a-c16+a-b5+a-b8+a-b15+a-b21,CCO[B-](OC(C)=O)(OC(=O)O)OC(=O)C(F)(F)F,borate,-1198.6340261,0.12729,0.201112,650.072264,-0.13445,0.10423,3.6825,-1198.5067361,-1198.4329141,6.492096,Gaussian,QC,"opt+freq: b3lyp/6-311G** em=gd3bj
energy: M062X/6-311G+(2d, p) em=gd3"
1271,a-c16+a-b5+a-b8+a-b15+a-b28,CCO[B-](OCC(=O)O)(OC(=O)O)OC(=O)C(F)(F)F,borate,-1273.8486171,0.130081,0.207158,678.7410320000001,-0.12862,0.11348,0.9836,-1273.7185361,-1273.6414591,6.58512,Gaussian,QC,"opt+freq: b3lyp/6-311G** em=gd3bj
energy: M062X/6-311G+(2d, p) em=gd3"
1272,a-c16+a-b5+a-b8+a-b21+a-b22,COO[B-](OC(C)=O)(OC(=O)O)OC(=O)C(F)(F)F,borate,-1234.454619,0.103663,0.176703,643.189584,-0.1319,0.10098,2.6655,-1234.350956,-1234.277916,6.334336,Gaussian,QC,"opt+freq: b3lyp/6-311G** em=gd3bj
energy: M062X/6-311G+(2d, p) em=gd3"
1273,a-c16+a-b5+a-b15+a-b18+a-b21,CCO[B-](OC(C)=O)(OC(=O)C(F)(F)F)OC(F)(F)F,borate,-1347.1058968,0.122663,0.19278,617.4454320000001,-0.12936,0.14894,5.2803,-1346.9832338,-1346.9131168,7.56976,Gaussian,QC,"opt+freq: b3lyp/6-311G** em=gd3bj
energy: M062X/6-311G+(2d, p) em=gd3"
1274,a-c16+a-b5+a-b18+a-b21+a-b22,COO[B-](OC(C)=O)(OC(=O)C(F)(F)F)OC(F)(F)F,borate,-1382.9399305,0.090999,0.166993,669.1931440000001,-0.13072,0.10161,3.6031,-1382.8489315,-1382.7729375,6.319376,Gaussian,QC,"opt+freq: b3lyp/6-311G** em=gd3bj
energy: M062X/6-311G+(2d, p) em=gd3"
1275,a-c16+a-b6+a-b8+a-b15+a-b21,CCO[B-](OC(C)=O)(OC(=O)O)Oc1ccncc1,borate,-995.3039454,0.182655,0.252724,617.0270320000001,-0.12119,0.10308,2.4461,-995.1212904,-995.0512214,6.100144,Gaussian,QC,"opt+freq: b3lyp/6-311G** em=gd3bj
energy: M062X/6-311G+(2d, p) em=gd3"
1276,a-c16+a-b6+a-b8+a-b15+a-b22,CCO[B-](OOC)(OC(=O)O)Oc1ccncc1,borate,-957.0669999,0.1767,0.245534,606.1444480000001,-0.10944,0.111,1.2303,-956.8902999000001,-956.8214659,5.995968,Gaussian,QC,"opt+freq: b3lyp/6-311G** em=gd3bj
energy: M062X/6-311G+(2d, p) em=gd3"
1277,a-c16+a-b6+a-b8+a-b15+a-b28,CCO[B-](OCC(=O)O)(OC(=O)O)Oc1ccncc1,borate,-1070.5157459,0.185317,0.258712,646.3108480000001,-0.11003,0.10967,2.063,-1070.3304289,-1070.2570339,5.97584,Gaussian,QC,"opt+freq: b3lyp/6-311G** em=gd3bj
energy: M062X/6-311G+(2d, p) em=gd3"
1278,a-c16+a-b7+a-b8+a-b15+a-b21,CCO[B-](OC(C)=O)(OC(=O)O)Oc1ccccc1O,borate,-1054.4539162,0.203157,0.270106,589.54652,-0.08466,0.11687,3.2761,-1054.2507592,-1054.1838102,5.481616,Gaussian,QC,"opt+freq: b3lyp/6-311G** em=gd3bj
energy: M062X/6-311G+(2d, p) em=gd3"
1279,a-c16+a-b7+a-b8+a-b15+a-b22,CCO[B-](OOC)(OC(=O)O)Oc1ccccc1O,borate,-1016.2160352,0.19136,0.262946,630.3781759999999,-0.07846,-0.00265,4.4835,-1016.0246752,-1015.9530892,2.062032,Gaussian,QC,"opt+freq: b3lyp/6-311G** em=gd3bj
energy: M062X/6-311G+(2d, p) em=gd3"
1280,a-c16+a-b8+a-b15+a-b17+a-b21,CCO[B-](OC(C)=O)(OC(=O)O)OS(=O)(=O)C(F)(F)F,borate,-1633.8851667,0.126148,0.202893,675.812232,-0.14089,0.13544,4.3589,-1633.7590187,-1633.6822737,7.516175999999999,Gaussian,QC,"opt+freq: b3lyp/6-311G** em=gd3bj
energy: M062X/6-311G+(2d, p) em=gd3"
1281,a-c16+a-b8+a-b15+a-b17+a-b22,CCO[B-](OOC)(OC(=O)O)OS(=O)(=O)C(F)(F)F,borate,-1595.6525352,0.120346,0.195849,664.875256,-0.12884,0.14372,1.8238,-1595.5321892,-1595.4566862,7.413632000000001,Gaussian,QC,"opt+freq: b3lyp/6-311G** em=gd3bj
energy: M062X/6-311G+(2d, p) em=gd3"
1282,a-c16+a-b8+a-b15+a-b18+a-b28,CCO[B-](OCC(=O)O)(OC(=O)O)OC(F)(F)F,borate,-1160.5241279,0.124419,0.195497,625.913848,-0.12337,0.12444,1.9525,-1160.3997089,-1160.3286309,6.740431999999999,Gaussian,QC,"opt+freq: b3lyp/6-311G** em=gd3bj
energy: M062X/6-311G+(2d, p) em=gd3"
1283,a-c16+a-b8+a-b15+a-b21+a-b26,CCO[B-](OC(C)=O)(OC(=O)O)Oc1ccccc1,borate,-979.2540039,0.193366,0.263778,620.043696,-0.09792,0.10843,2.3751,-979.0606379000001,-978.9902259,5.612719999999999,Gaussian,QC,"opt+freq: b3lyp/6-311G** em=gd3bj
energy: M062X/6-311G+(2d, p) em=gd3"
1284,a-c16+a-b8+a-b15+a-b21+a-b30,CCO[B-](OC(C)=O)(OC(=O)O)OC1CCCCC1,borate,-982.8603359,0.258496,0.332624,652.770944,-0.11115,0.1331,7.1432,-982.6018399,-982.5277119,6.643599999999999,Gaussian,QC,"opt+freq: b3lyp/6-311G** em=gd3bj
energy: M062X/6-311G+(2d, p) em=gd3"
1285,a-c16+a-b8+a-b15+a-b22+a-b26,CCO[B-](OOC)(OC(=O)O)Oc1ccccc1,borate,-941.0160487,0.187432,0.256541,608.5711680000001,-0.08758,0.11596,2.6537,-940.8286167000001,-940.7595077000001,5.536288,Gaussian,QC,"opt+freq: b3lyp/6-311G** em=gd3bj
energy: M062X/6-311G+(2d, p) em=gd3"
1286,a-c16+a-b8+a-b15+a-b26+a-b28,CCO[B-](OCC(=O)O)(OC(=O)O)Oc1ccccc1,borate,-1054.4704904,0.196184,0.269733,647.679016,-0.08794,0.11791,2.0565,-1054.2743064,-1054.2007574,5.59912,Gaussian,QC,"opt+freq: b3lyp/6-311G** em=gd3bj
energy: M062X/6-311G+(2d, p) em=gd3"
1287,a-c16+a-b8+a-b15+a-b28+a-b30,CCO[B-](OCC(=O)O)(OC(=O)O)OC1CCCCC1,borate,-1058.0732561,0.262452,0.338579,670.377216,-0.10213,0.11796,4.7091,-1057.8108041,-1057.7346771,5.986448,Gaussian,QC,"opt+freq: b3lyp/6-311G** em=gd3bj
energy: M062X/6-311G+(2d, p) em=gd3"
1288,a-c16+a-b8+a-b21+a-b22+a-b24,COO[B-](OCc1ccccc1)(OC(C)=O)OC(=O)O,borate,-1054.3710059,0.19401,0.268503,655.980072,-0.11587,0.09147,6.1405,-1054.1769959,-1054.1025029,5.639647999999999,Gaussian,QC,"opt+freq: b3lyp/6-311G** em=gd3bj
energy: M062X/6-311G+(2d, p) em=gd3"
1289,a-c16+a-b8+a-b21+a-b22+a-b26,COO[B-](OC(C)=O)(OC(=O)O)Oc1ccccc1,borate,-1015.0716194,0.169286,0.239403,617.4538,-0.09903,0.10896,2.9836,-1014.9023334,-1014.8322164,5.657328,Gaussian,QC,"opt+freq: b3lyp/6-311G** em=gd3bj
energy: M062X/6-311G+(2d, p) em=gd3"
1290,a-c16+a-b8+a-b22+a-b26+a-b28,COO[B-](OCC(=O)O)(OC(=O)O)Oc1ccccc1,borate,-1090.284442,0.171529,0.245354,650.0973680000001,-0.09065,0.11301,2.5084,-1090.112913,-1090.039088,5.539552,Gaussian,QC,"opt+freq: b3lyp/6-311G** em=gd3bj
energy: M062X/6-311G+(2d, p) em=gd3"
1291,a-c16+a-b21+a-b22+a-b26+a-b28,COO[B-](OCC(=O)O)(OC(C)=O)Oc1ccccc1,borate,-1054.3524195,0.193179,0.267625,655.5742240000001,-0.09545,0.1079,3.5035,-1054.1592405,-1054.0847945,5.53112,Gaussian,QC,"opt+freq: b3lyp/6-311G** em=gd3bj
energy: M062X/6-311G+(2d, p) em=gd3"
1292,a-c17+a-b1,CCCCCCCCOS(=O)(=O)[O-],sulfonate,-1014.1611032,0.20261,0.262579,528.08356,-0.08968,0.12203,11.9323,-1013.9584932,-1013.8985242,5.758512000000001,Gaussian,QC,"opt+freq: b3lyp/6-311G** em=gd3bj
energy: M062X/6-311G+(2d, p) em=gd3"
1293,a-c17+a-b2,N=C(N)NOS(=O)(=O)[O-],sulfonate,-903.8266747,0.042782,0.089888,414.818496,-0.09043,0.12513,8.2676,-903.7838927,-903.7367867,5.863231999999999,Gaussian,QC,"opt+freq: b3lyp/6-311G** em=gd3bj
energy: M062X/6-311G+(2d, p) em=gd3"
1294,a-c17+a-b3,CC(F)(F)S(=O)(=O)OS(=O)(=O)[O-],sulfonate,-1525.4368641,0.032935,0.087765,482.829416,-0.14357,0.10051,6.2613,-1525.4039291,-1525.3490991,6.638976,Gaussian,QC,"opt+freq: b3lyp/6-311G** em=gd3bj
energy: M062X/6-311G+(2d, p) em=gd3"
1295,a-c17+a-b4,O=S(=O)([O-])OCCCC(F)(F)C(F)(F)F,sulfonate,-1392.505924,0.082202,0.141491,522.096256,-0.09886,0.15936,10.857,-1392.423722,-1392.364433,7.023584,Gaussian,QC,"opt+freq: b3lyp/6-311G** em=gd3bj
energy: M062X/6-311G+(2d, p) em=gd3"
1296,a-c17+a-b5,O=C(OS(=O)(=O)[O-])C(F)(F)F,sulfonate,-1150.1198035,0.000934,0.050692,438.165216,-0.1319,0.11649,3.8146,-1150.1188695,-1150.0691115,6.756208,Gaussian,QC,"opt+freq: b3lyp/6-311G** em=gd3bj
energy: M062X/6-311G+(2d, p) em=gd3"
1297,a-c17+a-b6,O=S(=O)([O-])Oc1ccncc1,sulfonate,-946.8007796,0.056131,0.102602,409.220304,-0.11443,0.10574,4.4426,-946.7446486,-946.6981776,5.988624,Gaussian,QC,"opt+freq: b3lyp/6-311G** em=gd3bj
energy: M062X/6-311G+(2d, p) em=gd3"
1298,a-c17+a-b7,O=S(=O)([O-])Oc1ccccc1O,sulfonate,-1005.9912945,0.071366,0.118971,419.207512,-0.09687,0.10918,6.2488,-1005.9199285,-1005.8723235,5.60456,Gaussian,QC,"opt+freq: b3lyp/6-311G** em=gd3bj
energy: M062X/6-311G+(2d, p) em=gd3"
1299,a-c17+a-b8,O=C(O)OS(=O)(=O)[O-],sulfonate,-888.3301351,0.007881,0.048705,359.497648,-0.12991,0.16658,1.5056,-888.3222541,-888.2814301,8.064528000000001,Gaussian,QC,"opt+freq: b3lyp/6-311G** em=gd3bj
energy: M062X/6-311G+(2d, p) em=gd3"
1300,a-c17+a-b9,O=C(CF)OS(=O)(=O)[O-],sulfonate,-951.6242212,0.020402,0.065126,393.831552,-0.12408,0.14135,2.6718,-951.6038192,-951.5590952,7.219696,Gaussian,QC,"opt+freq: b3lyp/6-311G** em=gd3bj
energy: M062X/6-311G+(2d, p) em=gd3"
1301,a-c17+a-b10,CCCCCCCCCCOS(=O)(=O)[O-],sulfonate,-1092.7703437,0.253986,0.320532,585.998488,-0.09016,0.10821,15.1911,-1092.5163577,-1092.4498117,5.395664,Gaussian,QC,"opt+freq: b3lyp/6-311G** em=gd3bj
energy: M062X/6-311G+(2d, p) em=gd3"
1302,a-c17+a-b11,CCCCC(CC)COS(=O)(=O)[O-],sulfonate,-1014.1621488,0.202134,0.262258,529.451728,-0.09158,0.1323,10.0245,-1013.9600148,-1013.8998908,6.089536,Gaussian,QC,"opt+freq: b3lyp/6-311G** em=gd3bj
energy: M062X/6-311G+(2d, p) em=gd3"
1303,a-c17+a-b13,CCCCCCOS(=O)(=O)[O-],sulfonate,-935.5516707,0.151274,0.204646,469.98872,-0.08866,0.13576,9.1509,-935.4003967000001,-935.3470247,6.104224,Gaussian,QC,"opt+freq: b3lyp/6-311G** em=gd3bj
energy: M062X/6-311G+(2d, p) em=gd3"
1304,a-c17+a-b14,CCCCOS(=O)(=O)[O-],sulfonate,-856.9419465,0.099878,0.146733,412.6009760000001,-0.08662,0.15771,6.5125,-856.8420685,-856.7952134999999,6.645776,Gaussian,QC,"opt+freq: b3lyp/6-311G** em=gd3bj
energy: M062X/6-311G+(2d, p) em=gd3"
1305,a-c17+a-b15,CCOS(=O)(=O)[O-],sulfonate,-778.3321637,0.047795,0.088931,362.238168,-0.07903,0.17326,5.0832,-778.2843687000001,-778.2432327,6.862288,Gaussian,QC,"opt+freq: b3lyp/6-311G** em=gd3bj
energy: M062X/6-311G+(2d, p) em=gd3"
1306,a-c17+a-b16,Cc1cc(Cl)ccc1OS(=O)(=O)[O-],sulfonate,-1429.6690878,0.080717,0.134107,470.151896,-0.10949,0.09584,8.0593,-1429.5883708,-1429.5349808,5.584976,Gaussian,QC,"opt+freq: b3lyp/6-311G** em=gd3bj
energy: M062X/6-311G+(2d, p) em=gd3"
1307,a-c17+a-b17,O=S(=O)([O-])OS(=O)(=O)C(F)(F)F,sulfonate,-1585.3784876,-0.00117,0.052567,473.202032,-0.15402,0.08999,4.223,-1585.3796576,-1585.3259206,6.637072,Gaussian,QC,"opt+freq: b3lyp/6-311G** em=gd3bj
energy: M062X/6-311G+(2d, p) em=gd3"
1308,a-c17+a-b18,O=S(=O)([O-])OC(F)(F)F,sulfonate,-1036.8026076,-0.004995,0.039291,389.978088,-0.11868,0.15273,3.1062,-1036.8076026,-1036.7633166,7.382351999999999,Gaussian,QC,"opt+freq: b3lyp/6-311G** em=gd3bj
energy: M062X/6-311G+(2d, p) em=gd3"
1309,a-c17+a-b19,O=S(=O)([O-])Oc1ccccn1,sulfonate,-946.7991288,0.055615,0.10238,411.8060160000001,-0.10664,0.09465,7.2168,-946.7435138,-946.6967487999999,5.475088,Gaussian,QC,"opt+freq: b3lyp/6-311G** em=gd3bj
energy: M062X/6-311G+(2d, p) em=gd3"
1310,a-c17+a-b20,O=S(=O)([O-])OS(=O)(=O)C(F)(F)C(F)(F)C(F)(F)F,sulfonate,-2060.9661731,0.014289,0.081874,595.15308,-0.15942,0.08054,9.2038,-2060.9518841,-2060.8842991,6.526912,Gaussian,QC,"opt+freq: b3lyp/6-311G** em=gd3bj
energy: M062X/6-311G+(2d, p) em=gd3"
1311,a-c17+a-b21,CC(=O)OS(=O)(=O)[O-],sulfonate,-852.3778589,0.027015,0.071053,387.7982240000001,-0.09865,0.15193,4.9315,-852.3508439,-852.3068059,6.815776000000001,Gaussian,QC,"opt+freq: b3lyp/6-311G** em=gd3bj
energy: M062X/6-311G+(2d, p) em=gd3"
1312,a-c17+a-b22,COOS(=O)(=O)[O-],sulfonate,-814.1541024,0.023981,0.064383,355.769704,-0.08775,0.16639,4.4934,-814.1301214,-814.0897194,6.912608000000001,Gaussian,QC,"opt+freq: b3lyp/6-311G** em=gd3bj
energy: M062X/6-311G+(2d, p) em=gd3"
1313,a-c17+a-b23,O=S(=O)([O-])OCC(F)(F)F,sulfonate,-1076.0972506,0.020737,0.068651,421.927112,-0.09719,0.1901,7.2379,-1076.0765136,-1076.0285996,7.814287999999999,Gaussian,QC,"opt+freq: b3lyp/6-311G** em=gd3bj
energy: M062X/6-311G+(2d, p) em=gd3"
1314,a-c17+a-b24,O=S(=O)([O-])OCc1ccccc1,sulfonate,-970.0505537,0.093378,0.143156,438.33676,-0.09239,0.09561,9.7678,-969.9571757,-969.9073977,5.1136,Gaussian,QC,"opt+freq: b3lyp/6-311G** em=gd3bj
energy: M062X/6-311G+(2d, p) em=gd3"
1315,a-c17+a-b25,CCCCCOS(=O)(=O)[O-],sulfonate,-896.246794,0.125458,0.175656,442.0396000000001,-0.08785,0.14665,7.6293,-896.121336,-896.071138,6.378399999999999,Gaussian,QC,"opt+freq: b3lyp/6-311G** em=gd3bj
energy: M062X/6-311G+(2d, p) em=gd3"
1316,a-c17+a-b26,O=S(=O)([O-])Oc1ccccc1,sulfonate,-930.7510321,0.0659,0.113736,421.236752,-0.096,0.11134,6.9314,-930.6851320999999,-930.6372961,5.639647999999999,Gaussian,QC,"opt+freq: b3lyp/6-311G** em=gd3bj
energy: M062X/6-311G+(2d, p) em=gd3"
1317,a-c17+a-b27,CCCCCCCCCCCCOS(=O)(=O)[O-],sulfonate,-1171.3794474,0.305794,0.378523,640.453248,-0.0904,0.09797,18.7164,-1171.0736534,-1171.0009244,5.123664,Gaussian,QC,"opt+freq: b3lyp/6-311G** em=gd3bj
energy: M062X/6-311G+(2d, p) em=gd3"
1318,a-c17+a-b28,O=C(O)COS(=O)(=O)[O-],sulfonate,-927.6241801,0.033995,0.077544,383.492888,-0.12115,0.13558,1.9833,-927.5901851,-927.5466361,6.983056,Gaussian,QC,"opt+freq: b3lyp/6-311G** em=gd3bj
energy: M062X/6-311G+(2d, p) em=gd3"
1319,a-c17+a-b30,O=S(=O)([O-])OC1CCCCC1,sulfonate,-934.3634086,0.134201,0.183061,430.257456,-0.08308,0.13552,10.1161,-934.2292076,-934.1803476,5.94592,Gaussian,QC,"opt+freq: b3lyp/6-311G** em=gd3bj
energy: M062X/6-311G+(2d, p) em=gd3"
1320,a-c17+a-b31,Cc1cccc(OS(=O)(=O)[O-])c1C,sulfonate,-1009.3659735,0.116114,0.170461,478.578472,-0.09522,0.11187,9.0605,-1009.2498595,-1009.1955125,5.632848,Gaussian,QC,"opt+freq: b3lyp/6-311G** em=gd3bj
energy: M062X/6-311G+(2d, p) em=gd3"
1321,a-c17+a-b32,O=S(=O)([O-])OCC(F)(F)C(F)F,sulfonate,-1214.6312863,0.037372,0.090825,470.7041840000001,-0.09506,0.14732,9.936,-1214.5939143,-1214.5404613,6.592736,Gaussian,QC,"opt+freq: b3lyp/6-311G** em=gd3bj
energy: M062X/6-311G+(2d, p) em=gd3"
1322,a-c17+a-b33,O=S(=O)([O-])Oc1cccnc1,sulfonate,-946.7961553,0.055526,0.102413,412.885488,-0.10607,0.09375,5.3203,-946.7406293,-946.6937423,5.435104,Gaussian,QC,"opt+freq: b3lyp/6-311G** em=gd3bj
energy: M062X/6-311G+(2d, p) em=gd3"
1323,a-c17+a-b34,O=S(=O)([O-])OC1CCCN1,sulfonate,-911.0970012,0.096795,0.143321,409.701464,-0.08824,0.14983,7.554,-911.0002062,-910.9536802,6.475504,Gaussian,QC,"opt+freq: b3lyp/6-311G** em=gd3bj
energy: M062X/6-311G+(2d, p) em=gd3"
1324,a-c17+a-b35,O=S(=O)([O-])OS(=O)(=O)C(F)(F)C(F)(F)F,sulfonate,-1823.1732542,0.006343,0.06723,536.175416,-0.15791,0.08325,6.4645,-1823.1669112,-1823.1060242,6.559551999999999,Gaussian,QC,"opt+freq: b3lyp/6-311G** em=gd3bj
energy: M062X/6-311G+(2d, p) em=gd3"
1325,a-c17+a-b36,CCCCCCCCCOS(=O)(=O)[O-],sulfonate,-1053.4657594,0.228341,0.291553,556.635176,-0.08995,0.11498,13.4244,-1053.2374184,-1053.1742064,5.574096,Gaussian,QC,"opt+freq: b3lyp/6-311G** em=gd3bj
energy: M062X/6-311G+(2d, p) em=gd3"
1326,a-c17+a-b37,O=S(=O)([O-])OC(C(F)(F)F)C(F)(F)F,sulfonate,-1413.1427271,0.021432,0.076335,483.477936,-0.10711,0.16528,7.4261,-1413.1212951,-1413.0663921,7.409008,Gaussian,QC,"opt+freq: b3lyp/6-311G** em=gd3bj
energy: M062X/6-311G+(2d, p) em=gd3"
1327,a-c17+a-b38,O=S(=O)([O-])OCC(F)(F)C(F)(F)C(F)(F)C(F)F,sulfonate,-1690.2182477,0.052251,0.12007,597.211608,-0.0997,0.10928,15.5766,-1690.1659967,-1690.0981777,5.684256,Gaussian,QC,"opt+freq: b3lyp/6-311G** em=gd3bj
energy: M062X/6-311G+(2d, p) em=gd3"
1328,a-c18+a-b1+a-b15,CCCCCCCCC(=O)C(CC(=O)CC)S(=O)(=O)[O-],sulfonate,-1322.8216165,0.315174,0.39513,704.091888,-0.11066,0.07968,11.0599,-1322.5064425,-1322.4264865,5.177248000000001,Gaussian,QC,"opt+freq: b3lyp/6-311G** em=gd3bj
energy: M062X/6-311G+(2d, p) em=gd3"
1329,a-c18+a-b1+a-b22,CCCCCCCCC(=O)CC(C(=O)OC)S(=O)(=O)[O-],sulfonate,-1358.7450206,0.291182,0.37248,715.90332,-0.09804,0.07827,13.7695,-1358.4538386,-1358.3725406,4.795632,Gaussian,QC,"opt+freq: b3lyp/6-311G** em=gd3bj
energy: M062X/6-311G+(2d, p) em=gd3"
1330,a-c18+a-b2+a-b5,N=C(N)NC(=O)C(CC(=O)C(=O)C(F)(F)F)S(=O)(=O)[O-],sulfonate,-1584.3167018,0.11759,0.185398,597.115376,-0.11943,0.03292,6.49,-1584.1991118,-1584.1313038,4.14392,Gaussian,QC,"opt+freq: b3lyp/6-311G** em=gd3bj
energy: M062X/6-311G+(2d, p) em=gd3"
1331,a-c18+a-b2+a-b8,N=C(N)NC(=O)C(CC(=O)C(=O)O)S(=O)(=O)[O-],sulfonate,-1322.509812,0.121475,0.18351,546.279776,-0.10816,0.04775,7.0453,-1322.388337,-1322.326302,4.240752,Gaussian,QC,"opt+freq: b3lyp/6-311G** em=gd3bj
energy: M062X/6-311G+(2d, p) em=gd3"
1332,a-c18+a-b2+a-b9,N=C(N)NC(=O)CC(C(=O)C(=O)CF)S(=O)(=O)[O-],sulfonate,-1385.8142494,0.130685,0.199419,605.2699920000001,-0.1196,0.03073,9.1012,-1385.6835644,-1385.6148304,4.088976,Gaussian,QC,"opt+freq: b3lyp/6-311G** em=gd3bj
energy: M062X/6-311G+(2d, p) em=gd3"
1333,a-c18+a-b2+a-b15,CCC(=O)C(CC(=O)NC(=N)N)S(=O)(=O)[O-],sulfonate,-1212.5633965,0.159549,0.224192,569.241568,-0.10303,0.07431,8.1031,-1212.4038475,-1212.3392045,4.823647999999999,Gaussian,QC,"opt+freq: b3lyp/6-311G** em=gd3bj
energy: M062X/6-311G+(2d, p) em=gd3"
1334,a-c18+a-b2+a-b18,N=C(N)NC(=O)CC(C(=O)C(F)(F)F)S(=O)(=O)[O-],sulfonate,-1471.0093519,0.107001,0.174495,594.349752,-0.12323,0.03943,4.4744,-1470.9023509,-1470.8348569,4.424352,Gaussian,QC,"opt+freq: b3lyp/6-311G** em=gd3bj
energy: M062X/6-311G+(2d, p) em=gd3"
1335,a-c18+a-b2+a-b21,CC(=O)C(=O)C(CC(=O)NC(=N)N)S(=O)(=O)[O-],sulfonate,-1286.5793159,0.139198,0.205563,584.4043839999999,-0.1145,0.05618,6.9379,-1286.4401179,-1286.3737529,4.642496,Gaussian,QC,"opt+freq: b3lyp/6-311G** em=gd3bj
energy: M062X/6-311G+(2d, p) em=gd3"
1336,a-c18+a-b2+a-b22,COC(=O)CC(C(=O)NC(=N)N)S(=O)(=O)[O-],sulfonate,-1248.4919568,0.136274,0.200875,568.87756,-0.09058,0.09316,11.7053,-1248.3556828,-1248.2910818,4.997728,Gaussian,QC,"opt+freq: b3lyp/6-311G** em=gd3bj
energy: M062X/6-311G+(2d, p) em=gd3"
1337,a-c18+a-b2+a-b26,N=C(N)NC(=O)C(CC(=O)c1ccccc1)S(=O)(=O)[O-],sulfonate,-1364.9777186,0.18137,0.249776,602.387216,-0.12289,0.03049,7.3164,-1364.7963486,-1364.7279426,4.171936,Gaussian,QC,"opt+freq: b3lyp/6-311G** em=gd3bj
energy: M062X/6-311G+(2d, p) em=gd3"
1338,a-c18+a-b3+a-b8,CC(F)(F)S(=O)(=O)C(=O)C(CC(=O)C(=O)O)S(=O)(=O)[O-],sulfonate,-1944.0007862,0.106871,0.178725,632.74632,-0.12082,0.02752,9.2952,-1943.8939152,-1943.8220612,4.034848,Gaussian,QC,"opt+freq: b3lyp/6-311G** em=gd3bj
energy: M062X/6-311G+(2d, p) em=gd3"
1339,a-c18+a-b3+a-b15,CCC(=O)CC(C(=O)S(=O)(=O)C(C)(F)F)S(=O)(=O)[O-],sulfonate,-1834.0693853,0.143826,0.2198,669.0216,-0.13275,0.02053,5.7493,-1833.9255593,-1833.8495853,4.169216,Gaussian,QC,"opt+freq: b3lyp/6-311G** em=gd3bj
energy: M062X/6-311G+(2d, p) em=gd3"
1340,a-c18+a-b3+a-b21,CC(=O)C(=O)C(CC(=O)S(=O)(=O)C(C)(F)F)S(=O)(=O)[O-],sulfonate,-1908.0707544,0.128809,0.201362,638.900984,-0.12634,0.018,5.4237,-1907.9419454,-1907.8693924,3.926048,Gaussian,QC,"opt+freq: b3lyp/6-311G** em=gd3bj
energy: M062X/6-311G+(2d, p) em=gd3"
1341,a-c18+a-b3+a-b22,COC(=O)C(CC(=O)S(=O)(=O)C(C)(F)F)S(=O)(=O)[O-],sulfonate,-1869.987802,0.123846,0.196752,642.009696,-0.13443,0.0814,4.8396,-1869.863956,-1869.79105,5.870576,Gaussian,QC,"opt+freq: b3lyp/6-311G** em=gd3bj
energy: M062X/6-311G+(2d, p) em=gd3"
1342,a-c18+a-b5+a-b8,O=C(O)C(=O)C(CC(=O)C(=O)C(F)(F)F)S(=O)(=O)[O-],sulfonate,-1568.7050965,0.073937,0.141463,594.634264,-0.14579,-0.00826,6.5564,-1568.6311595,-1568.5636335,3.740816,Gaussian,QC,"opt+freq: b3lyp/6-311G** em=gd3bj
energy: M062X/6-311G+(2d, p) em=gd3"
1343,a-c18+a-b5+a-b9,O=C(CF)C(=O)CC(C(=O)C(=O)C(F)(F)F)S(=O)(=O)[O-],sulfonate,-1631.9957204,0.084866,0.158284,646.5116800000001,-0.13139,0.02259,7.5014,-1631.9108544,-1631.8374364,4.188256,Gaussian,QC,"opt+freq: b3lyp/6-311G** em=gd3bj
energy: M062X/6-311G+(2d, p) em=gd3"
1344,a-c18+a-b5+a-b14,CCCCC(=O)C(CC(=O)C(=O)C(F)(F)F)S(=O)(=O)[O-],sulfonate,-1537.3593685,0.16765,0.240877,644.833896,-0.13242,0.03216,5.2832,-1537.1917185,-1537.1184915,4.476576,Gaussian,QC,"opt+freq: b3lyp/6-311G** em=gd3bj
energy: M062X/6-311G+(2d, p) em=gd3"
1345,a-c18+a-b5+a-b15,CCC(=O)CC(C(=O)C(=O)C(F)(F)F)S(=O)(=O)[O-],sulfonate,-1458.7504607,0.114111,0.182908,605.8180960000001,-0.12586,0.02704,7.2699,-1458.6363497,-1458.5675527,4.15888,Gaussian,QC,"opt+freq: b3lyp/6-311G** em=gd3bj
energy: M062X/6-311G+(2d, p) em=gd3"
1346,a-c18+a-b5+a-b18,O=C(C(=O)C(F)(F)F)C(CC(=O)C(F)(F)F)S(=O)(=O)[O-],sulfonate,-1717.1852604,0.062805,0.133111,619.114848,-0.13539,0.03134,5.6448,-1717.1224554,-1717.0521494,4.535056,Gaussian,QC,"opt+freq: b3lyp/6-311G** em=gd3bj
energy: M062X/6-311G+(2d, p) em=gd3"
1347,a-c18+a-b5+a-b21,CC(=O)C(=O)C(CC(=O)C(=O)C(F)(F)F)S(=O)(=O)[O-],sulfonate,-1532.7566454,0.095292,0.164766,611.78448,-0.1158,0.01203,7.1555,-1532.6613534,-1532.5918794,3.476976,Gaussian,QC,"opt+freq: b3lyp/6-311G** em=gd3bj
energy: M062X/6-311G+(2d, p) em=gd3"
1348,a-c18+a-b5+a-b22,COC(=O)C(CC(=O)C(=O)C(F)(F)F)S(=O)(=O)[O-],sulfonate,-1494.6748715,0.094154,0.159996,579.7977999999999,-0.11573,0.03919,5.8474,-1494.5807175,-1494.5148755,4.213824,Gaussian,QC,"opt+freq: b3lyp/6-311G** em=gd3bj
energy: M062X/6-311G+(2d, p) em=gd3"
1349,a-c18+a-b5+a-b28,O=C(O)CC(=O)C(CC(=O)C(=O)C(F)(F)F)S(=O)(=O)[O-],sulfonate,-1608.0185405,0.100277,0.171709,629.026744,-0.14004,-0.03092,9.6737,-1607.9182635,-1607.8468315,2.968064,Gaussian,QC,"opt+freq: b3lyp/6-311G** em=gd3bj
energy: M062X/6-311G+(2d, p) em=gd3"
1350,a-c18+a-b6+a-b8,O=C(O)C(=O)C(CC(=O)c1ccncc1)S(=O)(=O)[O-],sulfonate,-1365.406731,0.129755,0.194175,567.275088,-0.13985,0.02819,6.6822,-1365.276976,-1365.212556,4.570688,Gaussian,QC,"opt+freq: b3lyp/6-311G** em=gd3bj
energy: M062X/6-311G+(2d, p) em=gd3"
1351,a-c18+a-b6+a-b9,O=C(CF)C(=O)CC(C(=O)c1ccncc1)S(=O)(=O)[O-],sulfonate,-1428.6920271,0.139093,0.210964,632.89276,-0.11858,0.01886,8.2864,-1428.5529341,-1428.4810631,3.738368,Gaussian,QC,"opt+freq: b3lyp/6-311G** em=gd3bj
energy: M062X/6-311G+(2d, p) em=gd3"
1352,a-c18+a-b6+a-b15,CCC(=O)C(CC(=O)c1ccncc1)S(=O)(=O)[O-],sulfonate,-1255.4452552,0.17094,0.235296,566.7186160000001,-0.10665,0.04549,7.229,-1255.2743152,-1255.2099592,4.138208,Gaussian,QC,"opt+freq: b3lyp/6-311G** em=gd3bj
energy: M062X/6-311G+(2d, p) em=gd3"
1353,a-c18+a-b6+a-b22,COC(=O)CC(C(=O)c1ccncc1)S(=O)(=O)[O-],sulfonate,-1291.3778617,0.145889,0.212511,586.672112,-0.10673,0.02871,10.056,-1291.2319727,-1291.1653507,3.683968,Gaussian,QC,"opt+freq: b3lyp/6-311G** em=gd3bj
energy: M062X/6-311G+(2d, p) em=gd3"
1354,a-c18+a-b6+a-b28,O=C(O)CC(=O)CC(C(=O)c1ccncc1)S(=O)(=O)[O-],sulfonate,-1404.7230537,0.15561,0.224456,606.257416,-0.12895,-0.0009,8.0444,-1404.5674437,-1404.4985977,3.48296,Gaussian,QC,"opt+freq: b3lyp/6-311G** em=gd3bj
energy: M062X/6-311G+(2d, p) em=gd3"
1355,a-c18+a-b7+a-b8,O=C(O)C(=O)CC(C(=O)c1ccccc1O)S(=O)(=O)[O-],sulfonate,-1424.6026081,0.143606,0.211173,594.989904,-0.12835,0.00135,9.6412,-1424.4590021,-1424.3914351,3.527839999999999,Gaussian,QC,"opt+freq: b3lyp/6-311G** em=gd3bj
energy: M062X/6-311G+(2d, p) em=gd3"
1356,a-c18+a-b7+a-b15,CCC(=O)CC(C(=O)c1ccccc1O)S(=O)(=O)[O-],sulfonate,-1314.6204918,0.1811,0.251944,623.8511360000001,-0.09888,0.05449,11.7454,-1314.4393918,-1314.3685478,4.171664,Gaussian,QC,"opt+freq: b3lyp/6-311G** em=gd3bj
energy: M062X/6-311G+(2d, p) em=gd3"
1357,a-c18+a-b7+a-b21,CC(=O)C(=O)CC(C(=O)c1ccccc1O)S(=O)(=O)[O-],sulfonate,-1388.6262233,0.163244,0.23306,614.801144,-0.08466,-0.00978,16.6558,-1388.4629793,-1388.3931633,2.036736,Gaussian,QC,"opt+freq: b3lyp/6-311G** em=gd3bj
energy: M062X/6-311G+(2d, p) em=gd3"
1358,a-c18+a-b7+a-b22,COC(=O)C(CC(=O)c1ccccc1O)S(=O)(=O)[O-],sulfonate,-1350.5679919,0.163686,0.228864,573.96112,-0.11158,0.06843,9.7133,-1350.4043059,-1350.3391279,4.896272,Gaussian,QC,"opt+freq: b3lyp/6-311G** em=gd3bj
energy: M062X/6-311G+(2d, p) em=gd3"
1359,a-c18+a-b8+a-b9,O=C(O)C(=O)C(CC(=O)C(=O)CF)S(=O)(=O)[O-],sulfonate,-1370.1989622,0.091304,0.155572,565.94876,-0.14005,0.01462,6.5059,-1370.1076582,-1370.0433902,4.207024,Gaussian,QC,"opt+freq: b3lyp/6-311G** em=gd3bj
energy: M062X/6-311G+(2d, p) em=gd3"
1360,a-c18+a-b8+a-b15,CCC(=O)C(CC(=O)C(=O)O)S(=O)(=O)[O-],sulfonate,-1196.9479403,0.121384,0.181047,525.3932480000001,-0.10734,0.05172,5.5393,-1196.8265563,-1196.7668933,4.326432,Gaussian,QC,"opt+freq: b3lyp/6-311G** em=gd3bj
energy: M062X/6-311G+(2d, p) em=gd3"
1361,a-c18+a-b8+a-b17,O=C(O)C(=O)C(CC(=O)S(=O)(=O)C(F)(F)F)S(=O)(=O)[O-],sulfonate,-2003.9542798,0.070183,0.143292,643.7962640000001,-0.14847,0.0079,7.6558,-2003.8840968,-2003.8109878,4.253264,Gaussian,QC,"opt+freq: b3lyp/6-311G** em=gd3bj
energy: M062X/6-311G+(2d, p) em=gd3"
1362,a-c18+a-b8+a-b18,O=C(O)C(=O)C(CC(=O)C(F)(F)F)S(=O)(=O)[O-],sulfonate,-1455.3883772,0.067561,0.130682,555.836032,-0.13697,0.02881,7.4905,-1455.3208162,-1455.2576952,4.509216,Gaussian,QC,"opt+freq: b3lyp/6-311G** em=gd3bj
energy: M062X/6-311G+(2d, p) em=gd3"
1363,a-c18+a-b8+a-b19,O=C(O)C(=O)CC(C(=O)c1ccccn1)S(=O)(=O)[O-],sulfonate,-1365.4017281,0.128384,0.195003,586.647008,-0.12239,0.01051,8.7123,-1365.2733441,-1365.2067251,3.614879999999999,Gaussian,QC,"opt+freq: b3lyp/6-311G** em=gd3bj
energy: M062X/6-311G+(2d, p) em=gd3"
1364,a-c18+a-b8+a-b21,CC(=O)C(=O)C(CC(=O)C(=O)O)S(=O)(=O)[O-],sulfonate,-1270.9535038,0.099802,0.16286,555.2837440000001,-0.10459,0.03584,8.1137,-1270.8537018,-1270.7906438,3.819696,Gaussian,QC,"opt+freq: b3lyp/6-311G** em=gd3bj
energy: M062X/6-311G+(2d, p) em=gd3"
1365,a-c18+a-b8+a-b22,COC(=O)CC(C(=O)C(=O)O)S(=O)(=O)[O-],sulfonate,-1232.8786229,0.095507,0.158095,551.1499520000001,-0.10224,0.05574,8.7415,-1232.7831159,-1232.7205279,4.297056,Gaussian,QC,"opt+freq: b3lyp/6-311G** em=gd3bj
energy: M062X/6-311G+(2d, p) em=gd3"
1366,a-c18+a-b8+a-b23,O=C(O)C(=O)CC(C(=O)CC(F)(F)F)S(=O)(=O)[O-],sulfonate,-1494.7034226,0.093662,0.160635,589.759904,-0.12099,0.03162,6.5342,-1494.6097606,-1494.5427876,4.150992,Gaussian,QC,"opt+freq: b3lyp/6-311G** em=gd3bj
energy: M062X/6-311G+(2d, p) em=gd3"
1367,a-c18+a-b8+a-b24,O=C(O)C(=O)CC(C(=O)Cc1ccccc1)S(=O)(=O)[O-],sulfonate,-1388.6782611,0.166482,0.235624,608.859864,-0.12438,0.04276,8.2584,-1388.5117791,-1388.4426371,4.546208,Gaussian,QC,"opt+freq: b3lyp/6-311G** em=gd3bj
energy: M062X/6-311G+(2d, p) em=gd3"
1368,a-c18+a-b8+a-b26,O=C(O)C(=O)C(CC(=O)c1ccccc1)S(=O)(=O)[O-],sulfonate,-1349.3656621,0.141428,0.205704,566.007336,-0.1329,0.03367,7.8577,-1349.2242341,-1349.1599581,4.530704,Gaussian,QC,"opt+freq: b3lyp/6-311G** em=gd3bj
energy: M062X/6-311G+(2d, p) em=gd3"
1369,a-c18+a-b8+a-b28,O=C(O)CC(=O)C(CC(=O)C(=O)O)S(=O)(=O)[O-],sulfonate,-1346.2208013,0.105236,0.169836,568.869192,-0.13299,0.00571,9.0837,-1346.1155653,-1346.0509653,3.77264,Gaussian,QC,"opt+freq: b3lyp/6-311G** em=gd3bj
energy: M062X/6-311G+(2d, p) em=gd3"
1370,a-c18+a-b8+a-b32,O=C(O)C(=O)CC(C(=O)CC(F)(F)C(F)F)S(=O)(=O)[O-],sulfonate,-1633.2502853,0.110708,0.183012,636.708568,-0.13363,0.02649,5.6747,-1633.1395773,-1633.0672733,4.355263999999999,Gaussian,QC,"opt+freq: b3lyp/6-311G** em=gd3bj
energy: M062X/6-311G+(2d, p) em=gd3"
1371,a-c18+a-b8+a-b33,O=C(O)C(=O)CC(C(=O)c1cccnc1)S(=O)(=O)[O-],sulfonate,-1365.4097651,0.129394,0.195369,580.973504,-0.12552,0.00889,6.6875,-1365.2803711,-1365.2143961,3.655952,Gaussian,QC,"opt+freq: b3lyp/6-311G** em=gd3bj
energy: M062X/6-311G+(2d, p) em=gd3"
1372,a-c18+a-b8+a-b34,O=C(O)C(=O)CC(C(=O)C1CCCN1)S(=O)(=O)[O-],sulfonate,-1329.7067652,0.169668,0.235547,580.128336,-0.12171,0.04526,7.3081,-1329.5370972,-1329.4712182,4.541584,Gaussian,QC,"opt+freq: b3lyp/6-311G** em=gd3bj
energy: M062X/6-311G+(2d, p) em=gd3"
1373,a-c18+a-b9+a-b13,CCCCCCC(=O)C(CC(=O)C(=O)CF)S(=O)(=O)[O-],sulfonate,-1417.4669744,0.234741,0.312978,688.9499920000001,-0.12565,0.03581,5.3562,-1417.2322334,-1417.1539964,4.391712,Gaussian,QC,"opt+freq: b3lyp/6-311G** em=gd3bj
energy: M062X/6-311G+(2d, p) em=gd3"
1374,a-c18+a-b9+a-b14,CCCCC(=O)C(CC(=O)C(=O)CF)S(=O)(=O)[O-],sulfonate,-1338.8526111,0.184679,0.254713,616.7257840000001,-0.11788,0.04724,5.5747,-1338.6679321,-1338.5978981,4.491263999999999,Gaussian,QC,"opt+freq: b3lyp/6-311G** em=gd3bj
energy: M062X/6-311G+(2d, p) em=gd3"
1375,a-c18+a-b9+a-b15,CCC(=O)C(CC(=O)C(=O)CF)S(=O)(=O)[O-],sulfonate,-1260.2426637,0.13383,0.197034,556.5766000000001,-0.11528,0.04922,4.7045,-1260.1088337,-1260.0456297,4.474399999999999,Gaussian,QC,"opt+freq: b3lyp/6-311G** em=gd3bj
energy: M062X/6-311G+(2d, p) em=gd3"
1376,a-c18+a-b9+a-b18,O=C(CF)C(=O)CC(C(=O)C(F)(F)F)S(=O)(=O)[O-],sulfonate,-1518.6771548,0.078481,0.147256,605.625632,-0.11817,0.04065,8.5995,-1518.5986738,-1518.5298988,4.319903999999999,Gaussian,QC,"opt+freq: b3lyp/6-311G** em=gd3bj
energy: M062X/6-311G+(2d, p) em=gd3"
1377,a-c18+a-b9+a-b21,CC(=O)C(=O)C(CC(=O)C(=O)CF)S(=O)(=O)[O-],sulfonate,-1334.2466201,0.112486,0.178829,584.216104,-0.10893,0.0342,7.488,-1334.1341341,-1334.0677911,3.893136,Gaussian,QC,"opt+freq: b3lyp/6-311G** em=gd3bj
energy: M062X/6-311G+(2d, p) em=gd3"
1378,a-c18+a-b9+a-b22,COC(=O)CC(C(=O)C(=O)CF)S(=O)(=O)[O-],sulfonate,-1296.179728,0.108079,0.174214,582.3835120000001,-0.11325,0.04488,7.6456,-1296.071649,-1296.005514,4.301136,Gaussian,QC,"opt+freq: b3lyp/6-311G** em=gd3bj
energy: M062X/6-311G+(2d, p) em=gd3"
1379,a-c18+a-b9+a-b23,O=C(CF)C(=O)CC(C(=O)CC(F)(F)F)S(=O)(=O)[O-],sulfonate,-1557.9894929,0.105092,0.176308,627.11884,-0.1096,0.03304,9.3932,-1557.8844009,-1557.8131849,3.879808,Gaussian,QC,"opt+freq: b3lyp/6-311G** em=gd3bj
energy: M062X/6-311G+(2d, p) em=gd3"
1380,a-c18+a-b9+a-b25,CCCCCC(=O)C(CC(=O)C(=O)CF)S(=O)(=O)[O-],sulfonate,-1378.1647312,0.21079,0.28389,643.716768,-0.12161,0.03632,4.4452,-1377.9539412,-1377.8808412,4.295696,Gaussian,QC,"opt+freq: b3lyp/6-311G** em=gd3bj
energy: M062X/6-311G+(2d, p) em=gd3"
1381,a-c18+a-b9+a-b26,O=C(CF)C(=O)C(CC(=O)c1ccccc1)S(=O)(=O)[O-],sulfonate,-1412.6517331,0.153846,0.222079,600.8600560000001,-0.12067,0.04733,8.686,-1412.4978871,-1412.4296541,4.569599999999999,Gaussian,QC,"opt+freq: b3lyp/6-311G** em=gd3bj
energy: M062X/6-311G+(2d, p) em=gd3"
1382,a-c18+a-b9+a-b28,O=C(O)CC(=O)CC(C(=O)C(=O)CF)S(=O)(=O)[O-],sulfonate,-1409.5241807,0.118101,0.186147,599.2115600000001,-0.13963,0.00879,5.2015,-1409.4060797,-1409.3380337,4.037024,Gaussian,QC,"opt+freq: b3lyp/6-311G** em=gd3bj
energy: M062X/6-311G+(2d, p) em=gd3"
1383,a-c18+a-b9+a-b33,O=C(CF)C(=O)CC(C(=O)c1cccnc1)S(=O)(=O)[O-],sulfonate,-1428.6936165,0.140426,0.211403,625.0184720000001,-0.11768,0.01191,5.815,-1428.5531905,-1428.4822135,3.524848,Gaussian,QC,"opt+freq: b3lyp/6-311G** em=gd3bj
energy: M062X/6-311G+(2d, p) em=gd3"
1384,a-c18+a-b13+a-b14,CCCCCCC(=O)C(CC(=O)CCCC)S(=O)(=O)[O-],sulfonate,-1322.823392,0.314096,0.394659,709.430672,-0.11208,0.07714,7.8768,-1322.509296,-1322.428733,5.146784,Gaussian,QC,"opt+freq: b3lyp/6-311G** em=gd3bj
energy: M062X/6-311G+(2d, p) em=gd3"
1385,a-c18+a-b13+a-b15,CCCCCCC(=O)CC(C(=O)CC)S(=O)(=O)[O-],sulfonate,-1244.2168423,0.261442,0.336767,663.31044,-0.09811,0.08813,12.6658,-1243.9554003,-1243.8800753,5.065728,Gaussian,QC,"opt+freq: b3lyp/6-311G** em=gd3bj
energy: M062X/6-311G+(2d, p) em=gd3"
1386,a-c18+a-b13+a-b18,CCCCCCC(=O)CC(C(=O)C(F)(F)F)S(=O)(=O)[O-],sulfonate,-1502.6528194,0.210124,0.287296,679.573648,-0.1135,0.04415,12.2258,-1502.4426954,-1502.3655234,4.28808,Gaussian,QC,"opt+freq: b3lyp/6-311G** em=gd3bj
energy: M062X/6-311G+(2d, p) em=gd3"
1387,a-c18+a-b13+a-b22,CCCCCCC(=O)CC(C(=O)OC)S(=O)(=O)[O-],sulfonate,-1280.1358321,0.239551,0.314501,660.013448,-0.09757,0.07873,11.9735,-1279.8962811,-1279.8213311,4.795360000000001,Gaussian,QC,"opt+freq: b3lyp/6-311G** em=gd3bj
energy: M062X/6-311G+(2d, p) em=gd3"
1388,a-c18+a-b14+a-b15,CCCCC(=O)CC(C(=O)CC)S(=O)(=O)[O-],sulfonate,-1165.6083725,0.211689,0.279099,593.609184,-0.09807,0.08456,9.5143,-1165.3966835,-1165.3292735,4.967536,Gaussian,QC,"opt+freq: b3lyp/6-311G** em=gd3bj
energy: M062X/6-311G+(2d, p) em=gd3"
1389,a-c18+a-b14+a-b18,CCCCC(=O)CC(C(=O)C(F)(F)F)S(=O)(=O)[O-],sulfonate,-1424.0380247,0.158189,0.22979,630.520432,-0.11341,0.04645,8.6917,-1423.8798357,-1423.8082347,4.348192,Gaussian,QC,"opt+freq: b3lyp/6-311G** em=gd3bj
energy: M062X/6-311G+(2d, p) em=gd3"
1390,a-c18+a-b14+a-b22,CCCCC(=O)CC(C(=O)OC)S(=O)(=O)[O-],sulfonate,-1201.5264631,0.188407,0.256555,600.11112,-0.09645,0.07989,10.1582,-1201.3380561,-1201.2699081,4.796448,Gaussian,QC,"opt+freq: b3lyp/6-311G** em=gd3bj
energy: M062X/6-311G+(2d, p) em=gd3"
1391,a-c18+a-b14+a-b23,CCCCC(=O)CC(C(=O)CC(F)(F)F)S(=O)(=O)[O-],sulfonate,-1463.3570824,0.18567,0.258687,642.988752,-0.09627,0.06974,10.5476,-1463.1714124,-1463.0983954,4.515472,Gaussian,QC,"opt+freq: b3lyp/6-311G** em=gd3bj
energy: M062X/6-311G+(2d, p) em=gd3"
1392,a-c18+a-b14+a-b25,CCCCCC(=O)CC(C(=O)CCCC)S(=O)(=O)[O-],sulfonate,-1283.5098757,0.288827,0.366427,683.343432,-0.10292,0.07401,8.9372,-1283.2210487,-1283.1434487,4.812496,Gaussian,QC,"opt+freq: b3lyp/6-311G** em=gd3bj
energy: M062X/6-311G+(2d, p) em=gd3"
1393,a-c18+a-b14+a-b26,CCCCC(=O)CC(C(=O)c1ccccc1)S(=O)(=O)[O-],sulfonate,-1318.0163676,0.23128,0.304667,646.248088,-0.10036,0.04228,9.8595,-1317.7850876,-1317.7117006,3.879808,Gaussian,QC,"opt+freq: b3lyp/6-311G** em=gd3bj
energy: M062X/6-311G+(2d, p) em=gd3"
1394,a-c18+a-b14+a-b28,CCCCC(=O)CC(C(=O)CC(=O)O)S(=O)(=O)[O-],sulfonate,-1314.8796224,0.196453,0.267574,626.294592,-0.10321,0.08223,8.0313,-1314.6831694,-1314.6120484,5.043968,Gaussian,QC,"opt+freq: b3lyp/6-311G** em=gd3bj
energy: M062X/6-311G+(2d, p) em=gd3"
1395,a-c18+a-b15+a-b16,CCC(=O)C(CC(=O)c1ccc(Cl)cc1C)S(=O)(=O)[O-],sulfonate,-1738.2999796,0.196513,0.267066,621.294712,-0.11032,0.04505,7.3044,-1738.1034666,-1738.0329136,4.226064,Gaussian,QC,"opt+freq: b3lyp/6-311G** em=gd3bj
energy: M062X/6-311G+(2d, p) em=gd3"
1396,a-c18+a-b15+a-b17,CCC(=O)C(CC(=O)S(=O)(=O)C(F)(F)F)S(=O)(=O)[O-],sulfonate,-1893.9906351,0.112195,0.184346,635.36132,-0.1426,0.06377,5.5704,-1893.8784401,-1893.8062891,5.613264,Gaussian,QC,"opt+freq: b3lyp/6-311G** em=gd3bj
energy: M062X/6-311G+(2d, p) em=gd3"
1397,a-c18+a-b15+a-b18,CCC(=O)CC(C(=O)C(F)(F)F)S(=O)(=O)[O-],sulfonate,-1345.431574,0.107462,0.171937,567.764616,-0.11215,0.0482,8.2918,-1345.324112,-1345.259637,4.36152,Gaussian,QC,"opt+freq: b3lyp/6-311G** em=gd3bj
energy: M062X/6-311G+(2d, p) em=gd3"
1398,a-c18+a-b15+a-b19,CCC(=O)C(CC(=O)c1ccccn1)S(=O)(=O)[O-],sulfonate,-1255.4428202,0.170536,0.235188,569.329432,-0.10057,0.04865,9.5866,-1255.2722842,-1255.2076322,4.058784,Gaussian,QC,"opt+freq: b3lyp/6-311G** em=gd3bj
energy: M062X/6-311G+(2d, p) em=gd3"
1399,a-c18+a-b15+a-b21,CCC(=O)CC(C(=O)C(C)=O)S(=O)(=O)[O-],sulfonate,-1161.0078043,0.138515,0.20297,567.593072,-0.10621,0.04306,8.0802,-1160.8692893,-1160.8048343,4.060144,Gaussian,QC,"opt+freq: b3lyp/6-311G** em=gd3bj
energy: M062X/6-311G+(2d, p) em=gd3"
1400,a-c18+a-b15+a-b22,CCC(=O)CC(C(=O)OC)S(=O)(=O)[O-],sulfonate,-1122.9173264,0.136678,0.198447,543.936736,-0.09424,0.08277,9.7057,-1122.7806484,-1122.7188794,4.814672,Gaussian,QC,"opt+freq: b3lyp/6-311G** em=gd3bj
energy: M062X/6-311G+(2d, p) em=gd3"
1401,a-c18+a-b15+a-b23,CCC(=O)C(CC(=O)CC(F)(F)F)S(=O)(=O)[O-],sulfonate,-1384.7421093,0.134781,0.201153,584.4671440000001,-0.11056,0.0785,9.0348,-1384.6073283,-1384.5409563,5.142432,Gaussian,QC,"opt+freq: b3lyp/6-311G** em=gd3bj
energy: M062X/6-311G+(2d, p) em=gd3"
1402,a-c18+a-b15+a-b24,CCC(=O)C(CC(=O)Cc1ccccc1)S(=O)(=O)[O-],sulfonate,-1278.7107036,0.20645,0.275478,607.8598880000001,-0.11277,0.07901,7.4726,-1278.5042536,-1278.4352256,5.216416,Gaussian,QC,"opt+freq: b3lyp/6-311G** em=gd3bj
energy: M062X/6-311G+(2d, p) em=gd3"
1403,a-c18+a-b15+a-b25,CCCCCC(=O)C(CC(=O)CC)S(=O)(=O)[O-],sulfonate,-1204.9112481,0.236895,0.307799,624.386688,-0.10961,0.08588,6.9591,-1204.6743531,-1204.6034491,5.317328,Gaussian,QC,"opt+freq: b3lyp/6-311G** em=gd3bj
energy: M062X/6-311G+(2d, p) em=gd3"
1404,a-c18+a-b15+a-b26,CCC(=O)C(CC(=O)c1ccccc1)S(=O)(=O)[O-],sulfonate,-1239.4020997,0.182183,0.246729,568.3838480000001,-0.0999,0.06027,9.303,-1239.2199167,-1239.1553707,4.356624,Gaussian,QC,"opt+freq: b3lyp/6-311G** em=gd3bj
energy: M062X/6-311G+(2d, p) em=gd3"
1405,a-c18+a-b15+a-b28,CCC(=O)CC(C(=O)CC(=O)O)S(=O)(=O)[O-],sulfonate,-1236.2714605,0.144137,0.209522,575.776976,-0.10575,0.07905,7.5918,-1236.1273235,-1236.0619385,5.02656,Gaussian,QC,"opt+freq: b3lyp/6-311G** em=gd3bj
energy: M062X/6-311G+(2d, p) em=gd3"
1406,a-c18+a-b15+a-b31,CCC(=O)C(CC(=O)c1cccc(C)c1C)S(=O)(=O)[O-],sulfonate,-1318.0176476,0.231832,0.30372,633.047568,-0.10187,0.04996,9.2126,-1317.7858156,-1317.7139276,4.129776,Gaussian,QC,"opt+freq: b3lyp/6-311G** em=gd3bj
energy: M062X/6-311G+(2d, p) em=gd3"
1407,a-c18+a-b15+a-b32,CCC(=O)CC(C(=O)CC(F)(F)C(F)F)S(=O)(=O)[O-],sulfonate,-1523.2864035,0.149292,0.223173,650.595264,-0.1078,0.07018,10.0679,-1523.1371115,-1523.0632305,4.841056000000001,Gaussian,QC,"opt+freq: b3lyp/6-311G** em=gd3bj
energy: M062X/6-311G+(2d, p) em=gd3"
1408,a-c18+a-b15+a-b33,CCC(=O)C(CC(=O)c1cccnc1)S(=O)(=O)[O-],sulfonate,-1255.444845,0.171114,0.235351,565.668432,-0.10527,0.05151,7.2347,-1255.273731,-1255.209494,4.264416,Gaussian,QC,"opt+freq: b3lyp/6-311G** em=gd3bj
energy: M062X/6-311G+(2d, p) em=gd3"
1409,a-c18+a-b16+a-b22,COC(=O)C(CC(=O)c1ccc(Cl)cc1C)S(=O)(=O)[O-],sulfonate,-1774.2410859,0.172684,0.244205,629.809152,-0.09768,0.0451,11.2442,-1774.0684019,-1773.9968809,3.883616,Gaussian,QC,"opt+freq: b3lyp/6-311G** em=gd3bj
energy: M062X/6-311G+(2d, p) em=gd3"
1410,a-c18+a-b17+a-b21,CC(=O)C(=O)CC(C(=O)S(=O)(=O)C(F)(F)F)S(=O)(=O)[O-],sulfonate,-1968.0113513,0.089743,0.166248,673.7034960000001,-0.12757,0.00187,10.2999,-1967.9216083,-1967.8451033,3.520768,Gaussian,QC,"opt+freq: b3lyp/6-311G** em=gd3bj
energy: M062X/6-311G+(2d, p) em=gd3"
1411,a-c18+a-b17+a-b22,COC(=O)CC(C(=O)S(=O)(=O)C(F)(F)F)S(=O)(=O)[O-],sulfonate,-1929.9348549,0.087978,0.161744,649.578552,-0.12292,0.0353,7.2249,-1929.8468769,-1929.7731109,4.303584,Gaussian,QC,"opt+freq: b3lyp/6-311G** em=gd3bj
energy: M062X/6-311G+(2d, p) em=gd3"
1412,a-c18+a-b18+a-b21,CC(=O)C(=O)C(CC(=O)C(F)(F)F)S(=O)(=O)[O-],sulfonate,-1419.4413211,0.088794,0.15359,570.588816,-0.1139,0.05449,7.0907,-1419.3525271,-1419.2877311,4.580208,Gaussian,QC,"opt+freq: b3lyp/6-311G** em=gd3bj
energy: M062X/6-311G+(2d, p) em=gd3"
1413,a-c18+a-b18+a-b22,COC(=O)CC(C(=O)C(F)(F)F)S(=O)(=O)[O-],sulfonate,-1381.3634583,0.084347,0.148982,569.17044,-0.10469,0.05982,9.8295,-1381.2791113,-1381.2144763,4.474672,Gaussian,QC,"opt+freq: b3lyp/6-311G** em=gd3bj
energy: M062X/6-311G+(2d, p) em=gd3"
1414,a-c18+a-b18+a-b23,O=C(CC(C(=O)C(F)(F)F)S(=O)(=O)[O-])CC(F)(F)F,sulfonate,-1643.1887107,0.080953,0.15151,621.3240000000001,-0.11853,0.0422,9.2234,-1643.1077577,-1643.0372007,4.371855999999999,Gaussian,QC,"opt+freq: b3lyp/6-311G** em=gd3bj
energy: M062X/6-311G+(2d, p) em=gd3"
1415,a-c18+a-b18+a-b25,CCCCCC(=O)CC(C(=O)C(F)(F)F)S(=O)(=O)[O-],sulfonate,-1463.3422469,0.183254,0.258744,664.766472,-0.11361,0.0461,9.813,-1463.1589929,-1463.0835029,4.344112,Gaussian,QC,"opt+freq: b3lyp/6-311G** em=gd3bj
energy: M062X/6-311G+(2d, p) em=gd3"
1416,a-c18+a-b18+a-b26,O=C(c1ccccc1)C(CC(=O)C(F)(F)F)S(=O)(=O)[O-],sulfonate,-1497.8392185,0.130435,0.1973,588.81432,-0.11699,0.03603,7.9776,-1497.7087835,-1497.6419185,4.162144,Gaussian,QC,"opt+freq: b3lyp/6-311G** em=gd3bj
energy: M062X/6-311G+(2d, p) em=gd3"
1417,a-c18+a-b18+a-b28,O=C(O)CC(=O)C(CC(=O)C(F)(F)F)S(=O)(=O)[O-],sulfonate,-1494.7061459,0.094072,0.16066,586.3666800000001,-0.13645,0.02163,9.4438,-1494.6120739,-1494.5454859,4.299776,Gaussian,QC,"opt+freq: b3lyp/6-311G** em=gd3bj
energy: M062X/6-311G+(2d, p) em=gd3"
1418,a-c18+a-b18+a-b33,O=C(CC(C(=O)C(F)(F)F)S(=O)(=O)[O-])c1cccnc1,sulfonate,-1513.8856203,0.116326,0.186185,615.1777040000001,-0.11573,0.01532,9.1819,-1513.7692943,-1513.6994353,3.56456,Gaussian,QC,"opt+freq: b3lyp/6-311G** em=gd3bj
energy: M062X/6-311G+(2d, p) em=gd3"
1419,a-c18+a-b19+a-b21,CC(=O)C(=O)CC(C(=O)c1ccccn1)S(=O)(=O)[O-],sulfonate,-1329.4562175,0.148668,0.217027,601.960448,-0.11016,0.02547,9.1759,-1329.3075495,-1329.2391905,3.689136,Gaussian,QC,"opt+freq: b3lyp/6-311G** em=gd3bj
energy: M062X/6-311G+(2d, p) em=gd3"
1420,a-c18+a-b19+a-b22,COC(=O)C(CC(=O)c1ccccn1)S(=O)(=O)[O-],sulfonate,-1291.3662597,0.147769,0.212146,566.894344,-0.0927,0.05491,10.9072,-1291.2184907,-1291.1541137,4.014992,Gaussian,QC,"opt+freq: b3lyp/6-311G** em=gd3bj
energy: M062X/6-311G+(2d, p) em=gd3"
1421,a-c18+a-b21+a-b22,COC(=O)C(CC(=O)C(C)=O)S(=O)(=O)[O-],sulfonate,-1196.9190998,0.116634,0.180129,559.141392,-0.09463,0.03624,10.0032,-1196.8024658,-1196.7389708,3.559664,Gaussian,QC,"opt+freq: b3lyp/6-311G** em=gd3bj
energy: M062X/6-311G+(2d, p) em=gd3"
1422,a-c18+a-b21+a-b23,CC(=O)C(=O)CC(C(=O)CC(F)(F)F)S(=O)(=O)[O-],sulfonate,-1458.7734789,0.112741,0.182777,616.729968,-0.1153,0.02862,8.3785,-1458.6607379,-1458.5907019,3.914624,Gaussian,QC,"opt+freq: b3lyp/6-311G** em=gd3bj
energy: M062X/6-311G+(2d, p) em=gd3"
1423,a-c18+a-b21+a-b24,CC(=O)C(=O)C(CC(=O)Cc1ccccc1)S(=O)(=O)[O-],sulfonate,-1352.7205513,0.186252,0.257152,624.3448480000001,-0.11352,0.05916,9.2946,-1352.5342993,-1352.4633993,4.696896,Gaussian,QC,"opt+freq: b3lyp/6-311G** em=gd3bj
energy: M062X/6-311G+(2d, p) em=gd3"
1424,a-c18+a-b21+a-b26,CC(=O)C(=O)C(CC(=O)c1ccccc1)S(=O)(=O)[O-],sulfonate,-1313.4092252,0.16103,0.227981,589.571624,-0.10523,0.06209,8.2521,-1313.2481952,-1313.1812442,4.551104,Gaussian,QC,"opt+freq: b3lyp/6-311G** em=gd3bj
energy: M062X/6-311G+(2d, p) em=gd3"
1425,a-c18+a-b21+a-b28,CC(=O)C(=O)C(CC(=O)CC(=O)O)S(=O)(=O)[O-],sulfonate,-1310.274232,0.124514,0.191284,587.973336,-0.11152,0.06019,7.8519,-1310.149718,-1310.082948,4.670512,Gaussian,QC,"opt+freq: b3lyp/6-311G** em=gd3bj
energy: M062X/6-311G+(2d, p) em=gd3"
1426,a-c18+a-b21+a-b32,CC(=O)C(=O)C(CC(=O)CC(F)(F)C(F)F)S(=O)(=O)[O-],sulfonate,-1597.2983964,0.131828,0.204712,641.821416,-0.11246,0.05163,9.5772,-1597.1665684,-1597.0936844,4.463248,Gaussian,QC,"opt+freq: b3lyp/6-311G** em=gd3bj
energy: M062X/6-311G+(2d, p) em=gd3"
1427,a-c18+a-b21+a-b33,CC(=O)C(=O)CC(C(=O)c1cccnc1)S(=O)(=O)[O-],sulfonate,-1329.4639488,0.148679,0.217343,604.659128,-0.11115,0.02291,8.3464,-1329.3152698,-1329.2466058,3.646432,Gaussian,QC,"opt+freq: b3lyp/6-311G** em=gd3bj
energy: M062X/6-311G+(2d, p) em=gd3"
1428,a-c18+a-b22+a-b23,COC(=O)CC(C(=O)CC(F)(F)F)S(=O)(=O)[O-],sulfonate,-1420.6877982,0.111058,0.178033,589.772456,-0.1064,0.0742,9.8846,-1420.5767402,-1420.5097652,4.912319999999999,Gaussian,QC,"opt+freq: b3lyp/6-311G** em=gd3bj
energy: M062X/6-311G+(2d, p) em=gd3"
1429,a-c18+a-b22+a-b24,COC(=O)C(CC(=O)Cc1ccccc1)S(=O)(=O)[O-],sulfonate,-1314.630233,0.183712,0.25274,607.8557040000001,-0.0929,0.07026,11.9723,-1314.446521,-1314.377493,4.437952,Gaussian,QC,"opt+freq: b3lyp/6-311G** em=gd3bj
energy: M062X/6-311G+(2d, p) em=gd3"
1430,a-c18+a-b22+a-b25,CCCCCC(=O)CC(C(=O)OC)S(=O)(=O)[O-],sulfonate,-1240.8311515,0.214137,0.285566,629.0058240000001,-0.09719,0.07933,10.8733,-1240.6170145,-1240.5455855,4.801344,Gaussian,QC,"opt+freq: b3lyp/6-311G** em=gd3bj
energy: M062X/6-311G+(2d, p) em=gd3"
1431,a-c18+a-b22+a-b26,COC(=O)CC(C(=O)c1ccccc1)S(=O)(=O)[O-],sulfonate,-1275.3346428,0.157096,0.223932,588.5549120000001,-0.09814,0.04722,9.7468,-1275.1775468,-1275.1107108,3.953792,Gaussian,QC,"opt+freq: b3lyp/6-311G** em=gd3bj
energy: M062X/6-311G+(2d, p) em=gd3"
1432,a-c18+a-b22+a-b28,COC(=O)C(CC(=O)CC(=O)O)S(=O)(=O)[O-],sulfonate,-1272.1886432,0.123616,0.187025,558.3757200000001,-0.09862,0.09146,10.0394,-1272.0650272,-1272.0016182,5.170176,Gaussian,QC,"opt+freq: b3lyp/6-311G** em=gd3bj
energy: M062X/6-311G+(2d, p) em=gd3"
1433,a-c18+a-b22+a-b31,COC(=O)C(CC(=O)c1cccc(C)c1C)S(=O)(=O)[O-],sulfonate,-1353.9383521,0.209177,0.280823,630.913728,-0.10176,0.05636,10.3267,-1353.7291751,-1353.6575291,4.300864,Gaussian,QC,"opt+freq: b3lyp/6-311G** em=gd3bj
energy: M062X/6-311G+(2d, p) em=gd3"
1434,a-c18+a-b22+a-b32,COC(=O)CC(C(=O)CC(F)(F)C(F)F)S(=O)(=O)[O-],sulfonate,-1559.2228587,0.126961,0.200041,643.5410400000001,-0.106,0.0771,11.347,-1559.0958977,-1559.0228177,4.98032,Gaussian,QC,"opt+freq: b3lyp/6-311G** em=gd3bj
energy: M062X/6-311G+(2d, p) em=gd3"
1435,a-c18+a-b22+a-b33,COC(=O)C(CC(=O)c1cccnc1)S(=O)(=O)[O-],sulfonate,-1291.3676792,0.148113,0.212349,565.664248,-0.09499,0.05542,8.8187,-1291.2195662,-1291.1553302,4.091151999999999,Gaussian,QC,"opt+freq: b3lyp/6-311G** em=gd3bj
energy: M062X/6-311G+(2d, p) em=gd3"
1436,a-c18+a-b22+a-b34,COC(=O)CC(C(=O)C1CCCN1)S(=O)(=O)[O-],sulfonate,-1255.6768689,0.186365,0.252714,584.266312,-0.10209,0.08448,8.5174,-1255.4905039,-1255.4241549,5.074704000000001,Gaussian,QC,"opt+freq: b3lyp/6-311G** em=gd3bj
energy: M062X/6-311G+(2d, p) em=gd3"
1437,a-c18+a-b23+a-b25,CCCCCC(=O)CC(C(=O)CC(F)(F)F)S(=O)(=O)[O-],sulfonate,-1502.6544919,0.210643,0.288024,681.418792,-0.10396,0.06217,10.0871,-1502.4438489,-1502.3664679,4.518736,Gaussian,QC,"opt+freq: b3lyp/6-311G** em=gd3bj
energy: M062X/6-311G+(2d, p) em=gd3"
1438,a-c18+a-b23+a-b28,O=C(O)CC(=O)C(CC(=O)CC(F)(F)F)S(=O)(=O)[O-],sulfonate,-1534.0390612,0.119835,0.189596,614.3116160000001,-0.14393,0.05183,9.7547,-1533.9192262,-1533.8494652,5.324672,Gaussian,QC,"opt+freq: b3lyp/6-311G** em=gd3bj
energy: M062X/6-311G+(2d, p) em=gd3"
1439,a-c18+a-b26+a-b28,O=C(O)CC(=O)C(CC(=O)c1ccccc1)S(=O)(=O)[O-],sulfonate,-1388.6913914,0.167904,0.23609,600.441656,-0.14014,0.01897,10.7844,-1388.5234874,-1388.4553014,4.327791999999999,Gaussian,QC,"opt+freq: b3lyp/6-311G** em=gd3bj
energy: M062X/6-311G+(2d, p) em=gd3"
1440,a-c19+a-b1+a-b5,CCCCCCCCOOB([O-])OOC(=O)C(F)(F)F,borate,-1166.9880476,0.217807,0.29873,712.5979600000001,-0.08054,0.09497,6.9433,-1166.7702406,-1166.6893176,4.773872,Gaussian,QC,"opt+freq: b3lyp/6-311G** em=gd3bj
energy: M062X/6-311G+(2d, p) em=gd3"
1441,a-c19+a-b1+a-b13,CCCCCCCCOOB([O-])OOCCCCCC,borate,-952.4086514,0.366617,0.451778,749.927608,-0.06287,0.12238,2.908,-952.0420344,-951.9568734000001,5.0388,Gaussian,QC,"opt+freq: b3lyp/6-311G** em=gd3bj
energy: M062X/6-311G+(2d, p) em=gd3"
1442,a-c19+a-b1+a-b14,CCCCCCCCOOB([O-])OOCCCC,borate,-873.7990762,0.315552,0.393891,689.8453680000001,-0.06105,0.12295,5.6354,-873.4835241999999,-873.4051851999999,5.004799999999999,Gaussian,QC,"opt+freq: b3lyp/6-311G** em=gd3bj
energy: M062X/6-311G+(2d, p) em=gd3"
1443,a-c19+a-b1+a-b15,CCCCCCCCOOB([O-])OOCC,borate,-795.1908285,0.263909,0.33606,635.36132,-0.0544,0.12464,7.4338,-794.9269194999999,-794.8547685,4.869888,Gaussian,QC,"opt+freq: b3lyp/6-311G** em=gd3bj
energy: M062X/6-311G+(2d, p) em=gd3"
1444,a-c19+a-b1+a-b21,CCCCCCCCOOB([O-])OOC(C)=O,borate,-869.2492541,0.24657,0.318877,636.737856,-0.07784,0.11637,12.0295,-869.0026841,-868.9303771,5.282512,Gaussian,QC,"opt+freq: b3lyp/6-311G** em=gd3bj
energy: M062X/6-311G+(2d, p) em=gd3"
1445,a-c19+a-b1+a-b22,CCCCCCCCOOB([O-])OOOC,borate,-831.0250666,0.240718,0.311646,624.591704,-0.06662,0.12178,9.3768,-830.7843485999999,-830.7134206,5.12448,Gaussian,QC,"opt+freq: b3lyp/6-311G** em=gd3bj
energy: M062X/6-311G+(2d, p) em=gd3"
1446,a-c19+a-b1+a-b23,CCCCCCCCOOB([O-])OOCC(F)(F)F,borate,-1092.957227,0.240415,0.316042,665.971464,-0.07197,0.12716,8.6401,-1092.716812,-1092.641185,5.416336,Gaussian,QC,"opt+freq: b3lyp/6-311G** em=gd3bj
energy: M062X/6-311G+(2d, p) em=gd3"
1447,a-c19+a-b1+a-b25,CCCCCCCCOOB([O-])OOCCCCC,borate,-913.10388,0.340904,0.422823,721.3759920000001,-0.06216,0.12258,4.3583,-912.762976,-912.681057,5.024927999999999,Gaussian,QC,"opt+freq: b3lyp/6-311G** em=gd3bj
energy: M062X/6-311G+(2d, p) em=gd3"
1448,a-c19+a-b1+a-b26,CCCCCCCCOOB([O-])OOc1ccccc1,borate,-947.6113051,0.285075,0.361435,672.423192,-0.06764,0.09714,9.3633,-947.3262301,-947.2498701,4.482016,Gaussian,QC,"opt+freq: b3lyp/6-311G** em=gd3bj
energy: M062X/6-311G+(2d, p) em=gd3"
1449,a-c19+a-b1+a-b28,CCCCCCCCOOB([O-])OOCC(=O)O,borate,-944.4656205,0.250655,0.325043,655.059592,-0.06799,0.11331,9.133,-944.2149655,-944.1405775,4.93136,Gaussian,QC,"opt+freq: b3lyp/6-311G** em=gd3bj
energy: M062X/6-311G+(2d, p) em=gd3"
1450,a-c19+a-b1+a-b30,CCCCCCCCOOB([O-])OOC1CCCCC1,borate,-951.221465,0.350614,0.430259,701.355552,-0.05719,0.1239,4.2632,-950.870851,-950.791206,4.925648,Gaussian,QC,"opt+freq: b3lyp/6-311G** em=gd3bj
energy: M062X/6-311G+(2d, p) em=gd3"
1451,a-c19+a-b2+a-b14,CCCCOOB([O-])OONC(=N)N,borate,-763.5084393,0.160767,0.221504,534.8532720000001,-0.08413,0.11083,5.0309,-763.3476723,-763.2869353,5.302912,Gaussian,QC,"opt+freq: b3lyp/6-311G** em=gd3bj
energy: M062X/6-311G+(2d, p) em=gd3"
1452,a-c19+a-b2+a-b24,N=C(N)NOOB([O-])OOCc1ccccc1,borate,-876.6052068,0.155897,0.218417,550.555824,-0.08604,0.08482,9.9775,-876.4493098,-876.3867898,4.647392,Gaussian,QC,"opt+freq: b3lyp/6-311G** em=gd3bj
energy: M062X/6-311G+(2d, p) em=gd3"
1453,a-c19+a-b2+a-b26,N=C(N)NOOB([O-])OOc1ccccc1,borate,-837.3031987,0.128356,0.189092,534.832352,-0.09053,0.09526,6.718,-837.1748427,-837.1141067000001,5.053488,Gaussian,QC,"opt+freq: b3lyp/6-311G** em=gd3bj
energy: M062X/6-311G+(2d, p) em=gd3"
1454,a-c19+a-b3+a-b5,CC(F)(F)S(=O)(=O)OOB([O-])OOC(=O)C(F)(F)F,borate,-1678.2515092,0.049838,0.12397,652.8044160000001,-0.09486,0.08105,5.3004,-1678.2016712,-1678.1275392,4.784752,Gaussian,QC,"opt+freq: b3lyp/6-311G** em=gd3bj
energy: M062X/6-311G+(2d, p) em=gd3"
1455,a-c19+a-b3+a-b8,CC(F)(F)S(=O)(=O)OOB([O-])OOC(=O)O,borate,-1416.4420711,0.056685,0.121982,575.002936,-0.08273,0.09466,5.2918,-1416.3853861,-1416.3200891,4.825008,Gaussian,QC,"opt+freq: b3lyp/6-311G** em=gd3bj
energy: M062X/6-311G+(2d, p) em=gd3"
1456,a-c19+a-b3+a-b13,CCCCCCOOB([O-])OOS(=O)(=O)C(C)(F)F,borate,-1463.6900478,0.200268,0.277068,676.30176,-0.09673,0.08891,5.8273,-1463.4897798,-1463.4129798,5.049408,Gaussian,QC,"opt+freq: b3lyp/6-311G** em=gd3bj
energy: M062X/6-311G+(2d, p) em=gd3"
1457,a-c19+a-b3+a-b14,CCCCOOB([O-])OOS(=O)(=O)C(C)(F)F,borate,-1385.0803515,0.149114,0.219168,616.897328,-0.09538,0.0902,4.4243,-1384.9312375,-1384.8611835,5.047776000000001,Gaussian,QC,"opt+freq: b3lyp/6-311G** em=gd3bj
energy: M062X/6-311G+(2d, p) em=gd3"
1458,a-c19+a-b3+a-b15,CCOOB([O-])OOS(=O)(=O)C(C)(F)F,borate,-1306.4716334,0.096278,0.161184,571.5636880000001,-0.09062,0.09435,4.5008,-1306.3753554,-1306.3104494,5.031184000000001,Gaussian,QC,"opt+freq: b3lyp/6-311G** em=gd3bj
energy: M062X/6-311G+(2d, p) em=gd3"
1459,a-c19+a-b3+a-b17,CC(F)(F)S(=O)(=O)OOB([O-])OOS(=O)(=O)C(F)(F)F,borate,-2113.4938639,0.050532,0.125441,659.653624,-0.11165,0.06841,6.526,-2113.4433319,-2113.3684229,4.897632,Gaussian,QC,"opt+freq: b3lyp/6-311G** em=gd3bj
energy: M062X/6-311G+(2d, p) em=gd3"
1460,a-c19+a-b3+a-b18,CC(F)(F)S(=O)(=O)OOB([O-])OOC(F)(F)F,borate,-1564.9247804,0.044734,0.112508,596.818312,-0.08589,0.08814,4.2254,-1564.8800464,-1564.8122724,4.733616,Gaussian,QC,"opt+freq: b3lyp/6-311G** em=gd3bj
energy: M062X/6-311G+(2d, p) em=gd3"
1461,a-c19+a-b3+a-b21,CC(=O)OOB([O-])OOS(=O)(=O)C(C)(F)F,borate,-1380.5205137,0.0771,0.143805,587.404312,-0.10342,0.08602,4.6906,-1380.4434137,-1380.3767087,5.152768,Gaussian,QC,"opt+freq: b3lyp/6-311G** em=gd3bj
energy: M062X/6-311G+(2d, p) em=gd3"
1462,a-c19+a-b3+a-b23,CC(F)(F)S(=O)(=O)OOB([O-])OOCC(F)(F)F,borate,-1604.2233307,0.071585,0.141386,614.658888,-0.08587,0.09564,6.9095,-1604.1517457,-1604.0819447,4.937072,Gaussian,QC,"opt+freq: b3lyp/6-311G** em=gd3bj
energy: M062X/6-311G+(2d, p) em=gd3"
1463,a-c19+a-b3+a-b24,CC(F)(F)S(=O)(=O)OOB([O-])OOCc1ccccc1,borate,-1498.1809872,0.144314,0.21574,628.976536,-0.08016,0.09522,9.0059,-1498.0366732,-1497.9652472,4.770335999999999,Gaussian,QC,"opt+freq: b3lyp/6-311G** em=gd3bj
energy: M062X/6-311G+(2d, p) em=gd3"
1464,a-c19+a-b3+a-b25,CCCCCOOB([O-])OOS(=O)(=O)C(C)(F)F,borate,-1424.3853116,0.174781,0.248097,645.620488,-0.0962,0.08934,4.9152,-1424.2105306,-1424.1372146,5.046688,Gaussian,QC,"opt+freq: b3lyp/6-311G** em=gd3bj
energy: M062X/6-311G+(2d, p) em=gd3"
1465,a-c19+a-b3+a-b26,CC(F)(F)S(=O)(=O)OOB([O-])OOc1ccccc1,borate,-1458.8767771,0.115763,0.186774,625.323904,-0.08242,0.09533,2.8961,-1458.7610141,-1458.6900031,4.8348,Gaussian,QC,"opt+freq: b3lyp/6-311G** em=gd3bj
energy: M062X/6-311G+(2d, p) em=gd3"
1466,a-c19+a-b3+a-b28,CC(F)(F)S(=O)(=O)OOB([O-])OOCC(=O)O,borate,-1455.7285557,0.084701,0.150103,575.9317840000001,-0.08083,0.09105,6.6819,-1455.6438547,-1455.5784527,4.675136,Gaussian,QC,"opt+freq: b3lyp/6-311G** em=gd3bj
energy: M062X/6-311G+(2d, p) em=gd3"
1467,a-c19+a-b3+a-b30,CC(F)(F)S(=O)(=O)OOB([O-])OOC1CCCCC1,borate,-1462.4913535,0.183267,0.255815,638.850776,-0.07186,0.1046,8.4692,-1462.3080865,-1462.2355385,4.799712,Gaussian,QC,"opt+freq: b3lyp/6-311G** em=gd3bj
energy: M062X/6-311G+(2d, p) em=gd3"
1468,a-c19+a-b3+a-b32,CC(F)(F)S(=O)(=O)OOB([O-])OOCC(F)(F)C(F)F,borate,-1742.7492475,0.086939,0.163497,674.172104,-0.0746,0.1012,3.3705,-1742.6623085,-1742.5857505,4.78176,Gaussian,QC,"opt+freq: b3lyp/6-311G** em=gd3bj
energy: M062X/6-311G+(2d, p) em=gd3"
1469,a-c19+a-b4+a-b14,CCCCOOB([O-])OOCCCC(F)(F)C(F)(F)F,borate,-1252.1484488,0.196134,0.272998,676.862416,-0.06812,0.14761,8.9426,-1251.9523148,-1251.8754508,5.867855999999999,Gaussian,QC,"opt+freq: b3lyp/6-311G** em=gd3bj
energy: M062X/6-311G+(2d, p) em=gd3"
1470,a-c19+a-b4+a-b15,CCOOB([O-])OOCCCC(F)(F)C(F)(F)F,borate,-1173.5410619,0.143367,0.215042,631.1647680000001,-0.07198,0.14719,7.4363,-1173.3976949,-1173.3260199,5.961423999999999,Gaussian,QC,"opt+freq: b3lyp/6-311G** em=gd3bj
energy: M062X/6-311G+(2d, p) em=gd3"
1471,a-c19+a-b4+a-b18,[O-]B(OOCCCC(F)(F)C(F)(F)F)OOC(F)(F)F,borate,-1431.9967953,0.09185,0.165475,648.335904,-0.07761,0.10698,12.113,-1431.9049453,-1431.8313203,5.020848,Gaussian,QC,"opt+freq: b3lyp/6-311G** em=gd3bj
energy: M062X/6-311G+(2d, p) em=gd3"
1472,a-c19+a-b4+a-b22,COOOB([O-])OOCCCC(F)(F)C(F)(F)F,borate,-1209.3723452,0.120295,0.190566,618.805232,-0.0764,0.14083,8.8238,-1209.2520502,-1209.1817792,5.908656,Gaussian,QC,"opt+freq: b3lyp/6-311G** em=gd3bj
energy: M062X/6-311G+(2d, p) em=gd3"
1473,a-c19+a-b4+a-b28,O=C(O)COOB([O-])OOCCCC(F)(F)C(F)(F)F,borate,-1322.8239011,0.131036,0.20422,644.453152,-0.0946,0.11847,7.3319,-1322.6928651,-1322.6196811,5.795504,Gaussian,QC,"opt+freq: b3lyp/6-311G** em=gd3bj
energy: M062X/6-311G+(2d, p) em=gd3"
1474,a-c19+a-b5+a-b8,O=C(O)OOB([O-])OOC(=O)C(F)(F)F,borate,-1041.1503685,0.023077,0.085223,547.254648,-0.10088,0.08079,7.4943,-1041.1272915,-1041.0651455,4.941424,Gaussian,QC,"opt+freq: b3lyp/6-311G** em=gd3bj
energy: M062X/6-311G+(2d, p) em=gd3"
1475,a-c19+a-b5+a-b9,O=C(CF)OOB([O-])OOC(=O)C(F)(F)F,borate,-1104.4362678,0.035205,0.101558,584.3039679999999,-0.0864,0.09206,4.9199,-1104.4010628,-1104.3347098,4.854112,Gaussian,QC,"opt+freq: b3lyp/6-311G** em=gd3bj
energy: M062X/6-311G+(2d, p) em=gd3"
1476,a-c19+a-b5+a-b13,CCCCCCOOB([O-])OOC(=O)C(F)(F)F,borate,-1088.3784103,0.166539,0.240744,653.452936,-0.07929,0.09646,4.8254,-1088.2118713,-1088.1376663,4.7804,Gaussian,QC,"opt+freq: b3lyp/6-311G** em=gd3bj
energy: M062X/6-311G+(2d, p) em=gd3"
1477,a-c19+a-b5+a-b14,CCCCOOB([O-])OOC(=O)C(F)(F)F,borate,-1009.7686524,0.114949,0.182862,598.035856,-0.07757,0.098,3.3763,-1009.6537034,-1009.5857904,4.775504,Gaussian,QC,"opt+freq: b3lyp/6-311G** em=gd3bj
energy: M062X/6-311G+(2d, p) em=gd3"
1478,a-c19+a-b5+a-b15,CCOOB([O-])OOC(=O)C(F)(F)F,borate,-931.1572004,0.062936,0.124804,544.815376,-0.07515,0.10185,3.4486,-931.0942643999999,-931.0323963999999,4.8144,Gaussian,QC,"opt+freq: b3lyp/6-311G** em=gd3bj
energy: M062X/6-311G+(2d, p) em=gd3"
1479,a-c19+a-b5+a-b17,O=C(OOB([O-])OOS(=O)(=O)C(F)(F)F)C(F)(F)F,borate,-1738.1919421,0.020316,0.088229,598.0442240000001,-0.13481,0.05714,5.6998,-1738.1716261,-1738.1037131,5.22104,Gaussian,QC,"opt+freq: b3lyp/6-311G** em=gd3bj
energy: M062X/6-311G+(2d, p) em=gd3"
1480,a-c19+a-b5+a-b18,O=C(OOB([O-])OOC(F)(F)F)C(F)(F)F,borate,-1189.6309755,0.015265,0.075143,527.2844160000001,-0.10254,0.07547,6.1027,-1189.6157105,-1189.5558325,4.841872,Gaussian,QC,"opt+freq: b3lyp/6-311G** em=gd3bj
energy: M062X/6-311G+(2d, p) em=gd3"
1481,a-c19+a-b5+a-b21,CC(=O)OOB([O-])OOC(=O)C(F)(F)F,borate,-1005.2090785,0.043719,0.107556,562.145504,-0.08229,0.09607,2.5815,-1005.1653595,-1005.1015225,4.851392000000001,Gaussian,QC,"opt+freq: b3lyp/6-311G** em=gd3bj
energy: M062X/6-311G+(2d, p) em=gd3"
1482,a-c19+a-b5+a-b22,COOOB([O-])OOC(=O)C(F)(F)F,borate,-966.9921166,0.039503,0.100387,536.13776,-0.08384,0.09668,4.8184,-966.9526136000001,-966.8917296000001,4.910144,Gaussian,QC,"opt+freq: b3lyp/6-311G** em=gd3bj
energy: M062X/6-311G+(2d, p) em=gd3"
1483,a-c19+a-b5+a-b23,O=C(OOB([O-])OOCC(F)(F)F)C(F)(F)F,borate,-1228.9302926,0.040956,0.104161,556.5807840000001,-0.10191,0.09686,7.8944,-1228.8893366,-1228.8261316,5.406544,Gaussian,QC,"opt+freq: b3lyp/6-311G** em=gd3bj
energy: M062X/6-311G+(2d, p) em=gd3"
1484,a-c19+a-b5+a-b24,O=C(OOB([O-])OOCc1ccccc1)C(F)(F)F,borate,-1122.8906245,0.114999,0.178713,561.0660320000001,-0.09425,0.0821,10.2577,-1122.7756255,-1122.7119115,4.79672,Gaussian,QC,"opt+freq: b3lyp/6-311G** em=gd3bj
energy: M062X/6-311G+(2d, p) em=gd3"
1485,a-c19+a-b5+a-b25,CCCCCOOB([O-])OOC(=O)C(F)(F)F,borate,-1049.073648,0.140964,0.211785,623.641936,-0.07866,0.09686,3.9023,-1048.932684,-1048.861863,4.774144,Gaussian,QC,"opt+freq: b3lyp/6-311G** em=gd3bj
energy: M062X/6-311G+(2d, p) em=gd3"
1486,a-c19+a-b5+a-b26,O=C(OOB([O-])OOc1ccccc1)C(F)(F)F,borate,-1083.5863128,0.086768,0.149442,551.907256,-0.09871,0.08005,8.9222,-1083.4995448,-1083.4368708,4.862272,Gaussian,QC,"opt+freq: b3lyp/6-311G** em=gd3bj
energy: M062X/6-311G+(2d, p) em=gd3"
1487,a-c19+a-b5+a-b28,O=C(O)COOB([O-])OOC(=O)C(F)(F)F,borate,-1080.4366497,0.047362,0.113847,585.46712,-0.09512,0.08617,4.0712,-1080.3892877,-1080.3228027,4.931088,Gaussian,QC,"opt+freq: b3lyp/6-311G** em=gd3bj
energy: M062X/6-311G+(2d, p) em=gd3"
1488,a-c19+a-b5+a-b30,O=C(OOB([O-])OOC1CCCCC1)C(F)(F)F,borate,-1087.2043513,0.155182,0.218703,559.363144,-0.09025,0.11098,11.0706,-1087.0491693,-1086.9856483,5.473456,Gaussian,QC,"opt+freq: b3lyp/6-311G** em=gd3bj
energy: M062X/6-311G+(2d, p) em=gd3"
1489,a-c19+a-b5+a-b32,O=C(OOB([O-])OOCC(F)(F)C(F)F)C(F)(F)F,borate,-1367.4615472,0.058472,0.126201,596.420832,-0.09018,0.09758,10.7394,-1367.4030752,-1367.3353462,5.107072,Gaussian,QC,"opt+freq: b3lyp/6-311G** em=gd3bj
energy: M062X/6-311G+(2d, p) em=gd3"
1490,a-c19+a-b6+a-b7,[O-]B(OOc1ccncc1)OOc1ccccc1O,borate,-955.4846568,0.143565,0.206951,558.174888,-0.09198,0.08471,6.8086,-955.3410918000001,-955.2777058,4.805968,Gaussian,QC,"opt+freq: b3lyp/6-311G** em=gd3bj
energy: M062X/6-311G+(2d, p) em=gd3"
1491,a-c19+a-b6+a-b15,CCOOB([O-])OOc1ccncc1,borate,-727.8321648,0.118837,0.176626,508.887368,-0.06627,0.09778,4.1664,-727.7133278,-727.6555387999999,4.46216,Gaussian,QC,"opt+freq: b3lyp/6-311G** em=gd3bj
energy: M062X/6-311G+(2d, p) em=gd3"
1492,a-c19+a-b6+a-b17,O=S(=O)(OOB([O-])OOc1ccncc1)C(F)(F)F,borate,-1534.8681687,0.073021,0.140528,594.471088,-0.1069,0.07905,2.0938,-1534.7951477,-1534.7276407,5.05784,Gaussian,QC,"opt+freq: b3lyp/6-311G** em=gd3bj
energy: M062X/6-311G+(2d, p) em=gd3"
1493,a-c19+a-b6+a-b19,[O-]B(OOc1ccncc1)OOc1ccccn1,borate,-896.2984793,0.127926,0.190321,549.4470640000001,-0.08498,0.07214,7.3824,-896.1705533,-896.1081583,4.273663999999999,Gaussian,QC,"opt+freq: b3lyp/6-311G** em=gd3bj
energy: M062X/6-311G+(2d, p) em=gd3"
1494,a-c19+a-b6+a-b26,[O-]B(OOc1ccccc1)OOc1ccncc1,borate,-880.2495589,0.138256,0.201559,557.438504,-0.08216,0.08721,7.376,-880.1113029,-880.0479999,4.606864,Gaussian,QC,"opt+freq: b3lyp/6-311G** em=gd3bj
energy: M062X/6-311G+(2d, p) em=gd3"
1495,a-c19+a-b6+a-b33,[O-]B(OOc1ccncc1)OOc1cccnc1,borate,-896.2929702,0.127771,0.190229,550.003536,-0.08793,0.0719,5.5417,-896.1651992,-896.1027412,4.347376,Gaussian,QC,"opt+freq: b3lyp/6-311G** em=gd3bj
energy: M062X/6-311G+(2d, p) em=gd3"
1496,a-c19+a-b7+a-b15,CCOOB([O-])OOc1ccccc1O,borate,-787.0169658,0.134487,0.19323,517.293024,-0.06807,0.10688,5.362,-786.8824788,-786.8237358,4.75864,Gaussian,QC,"opt+freq: b3lyp/6-311G** em=gd3bj
energy: M062X/6-311G+(2d, p) em=gd3"
1497,a-c19+a-b7+a-b19,[O-]B(OOc1ccccn1)OOc1ccccc1O,borate,-955.4815276,0.141798,0.206748,571.944432,-0.08765,0.07686,5.5847,-955.3397296,-955.2747796000001,4.474672,Gaussian,QC,"opt+freq: b3lyp/6-311G** em=gd3bj
energy: M062X/6-311G+(2d, p) em=gd3"
1498,a-c19+a-b7+a-b21,CC(=O)OOB([O-])OOc1ccccc1O,borate,-861.0641028,0.112672,0.175715,555.15404,-0.08017,0.09218,3.7865,-860.9514308,-860.8883878,4.68792,Gaussian,QC,"opt+freq: b3lyp/6-311G** em=gd3bj
energy: M062X/6-311G+(2d, p) em=gd3"
1499,a-c19+a-b7+a-b22,COOOB([O-])OOc1ccccc1O,borate,-822.8447817,0.108024,0.168574,533.20896,-0.07022,0.10123,3.5513,-822.7367577,-822.6762077,4.66344,Gaussian,QC,"opt+freq: b3lyp/6-311G** em=gd3bj
energy: M062X/6-311G+(2d, p) em=gd3"
1500,a-c19+a-b7+a-b24,[O-]B(OOCc1ccccc1)OOc1ccccc1O,borate,-978.7326883,0.178431,0.246969,603.542,-0.08885,0.09161,5.7312,-978.5542572999999,-978.4857192999999,4.908512,Gaussian,QC,"opt+freq: b3lyp/6-311G** em=gd3bj
energy: M062X/6-311G+(2d, p) em=gd3"
1501,a-c19+a-b7+a-b26,[O-]B(OOc1ccccc1)OOc1ccccc1O,borate,-939.4304622,0.152209,0.217984,579.207856,-0.08986,0.0881,6.718,-939.2782532,-939.2124782,4.840512,Gaussian,QC,"opt+freq: b3lyp/6-311G** em=gd3bj
energy: M062X/6-311G+(2d, p) em=gd3"
1502,a-c19+a-b8+a-b14,CCCCOOB([O-])OOC(=O)O,borate,-747.9581958,0.1223,0.180856,515.644528,-0.06359,0.13095,4.4947,-747.8358958,-747.7773398,5.291487999999999,Gaussian,QC,"opt+freq: b3lyp/6-311G** em=gd3bj
energy: M062X/6-311G+(2d, p) em=gd3"
1503,a-c19+a-b8+a-b16,Cc1cc(Cl)ccc1OOB([O-])OOC(=O)O,borate,-1320.6806643,0.104642,0.168491,562.2501040000001,-0.07887,0.07997,6.1287,-1320.5760223,-1320.5121733,4.320447999999999,Gaussian,QC,"opt+freq: b3lyp/6-311G** em=gd3bj
energy: M062X/6-311G+(2d, p) em=gd3"
1504,a-c19+a-b8+a-b17,O=C(O)OOB([O-])OOS(=O)(=O)C(F)(F)F,borate,-1476.3919218,0.023295,0.086691,558.262752,-0.11592,0.07109,4.7691,-1476.3686268,-1476.3052308,5.086672,Gaussian,QC,"opt+freq: b3lyp/6-311G** em=gd3bj
energy: M062X/6-311G+(2d, p) em=gd3"
1505,a-c19+a-b8+a-b18,O=C(O)OOB([O-])OOC(F)(F)F,borate,-927.8233793,0.017932,0.073696,491.050976,-0.09389,0.09816,6.6497,-927.8054473000001,-927.7496833,5.22376,Gaussian,QC,"opt+freq: b3lyp/6-311G** em=gd3bj
energy: M062X/6-311G+(2d, p) em=gd3"
1506,a-c19+a-b8+a-b21,CC(=O)OOB([O-])OOC(=O)O,borate,-743.3988913,0.050882,0.105563,481.519824,-0.0698,0.12322,2.1524,-743.3480093,-743.2933283,5.250144,Gaussian,QC,"opt+freq: b3lyp/6-311G** em=gd3bj
energy: M062X/6-311G+(2d, p) em=gd3"
1507,a-c19+a-b8+a-b23,O=C(O)OOB([O-])OOCC(F)(F)F,borate,-967.144277,0.044376,0.10167,504.52764,-0.10574,0.10216,11.3374,-967.0999009999999,-967.042607,5.654879999999999,Gaussian,QC,"opt+freq: b3lyp/6-311G** em=gd3bj
energy: M062X/6-311G+(2d, p) em=gd3"
1508,a-c19+a-b8+a-b24,O=C(O)OOB([O-])OOCc1ccccc1,borate,-861.0775357,0.116532,0.177102,533.3763200000001,-0.08958,0.09159,8.5356,-860.9610037,-860.9004337,4.927824,Gaussian,QC,"opt+freq: b3lyp/6-311G** em=gd3bj
energy: M062X/6-311G+(2d, p) em=gd3"
1509,a-c19+a-b8+a-b25,CCCCCOOB([O-])OOC(=O)O,borate,-787.263301,0.148015,0.209756,543.685696,-0.06478,0.12992,5.4674,-787.115286,-787.053545,5.29584,Gaussian,QC,"opt+freq: b3lyp/6-311G** em=gd3bj
energy: M062X/6-311G+(2d, p) em=gd3"
1510,a-c19+a-b8+a-b26,O=C(O)OOB([O-])OOc1ccccc1,borate,-821.7755224,0.089311,0.148071,517.439464,-0.08949,0.09233,7.5502,-821.6862114,-821.6274514,4.945504,Gaussian,QC,"opt+freq: b3lyp/6-311G** em=gd3bj
energy: M062X/6-311G+(2d, p) em=gd3"
1511,a-c19+a-b8+a-b28,O=C(O)COOB([O-])OOC(=O)O,borate,-818.6276531,0.053363,0.111849,515.025296,-0.08208,0.10976,2.7956,-818.5742901,-818.5158041,5.218048,Gaussian,QC,"opt+freq: b3lyp/6-311G** em=gd3bj
energy: M062X/6-311G+(2d, p) em=gd3"
1512,a-c19+a-b8+a-b30,O=C(O)OOB([O-])OOC1CCCCC1,borate,-825.3897942,0.156121,0.217021,536.292568,-0.07917,0.12504,9.8383,-825.2336732,-825.1727731999999,5.554512,Gaussian,QC,"opt+freq: b3lyp/6-311G** em=gd3bj
energy: M062X/6-311G+(2d, p) em=gd3"
1513,a-c19+a-b8+a-b32,O=C(O)OOB([O-])OOCC(F)(F)C(F)F,borate,-1105.6563584,0.060917,0.124807,562.614112,-0.0921,0.11533,9.5563,-1105.5954414,-1105.5315514,5.6420960000000004,Gaussian,QC,"opt+freq: b3lyp/6-311G** em=gd3bj
energy: M062X/6-311G+(2d, p) em=gd3"
1514,a-c19+a-b8+a-b35,O=C(O)OOB([O-])OOS(=O)(=O)C(F)(F)C(F)(F)F,borate,-1714.1854902,0.031234,0.101314,617.1232640000001,-0.11901,0.06492,7.3901,-1714.1542562,-1714.0841762,5.002896,Gaussian,QC,"opt+freq: b3lyp/6-311G** em=gd3bj
energy: M062X/6-311G+(2d, p) em=gd3"
1515,a-c19+a-b8+a-b37,O=C(O)OOB([O-])OOC(C(F)(F)F)C(F)(F)F,borate,-1304.1690195,0.043238,0.110618,593.349776,-0.09159,0.10492,10.2872,-1304.1257815,-1304.0584015,5.345072,Gaussian,QC,"opt+freq: b3lyp/6-311G** em=gd3bj
energy: M062X/6-311G+(2d, p) em=gd3"
1516,a-c19+a-b9+a-b17,O=C(CF)OOB([O-])OOS(=O)(=O)C(F)(F)F,borate,-1539.6939914,0.037212,0.10283,577.835504,-0.11964,0.07095,4.2145,-1539.6567794,-1539.5911614,5.184048,Gaussian,QC,"opt+freq: b3lyp/6-311G** em=gd3bj
energy: M062X/6-311G+(2d, p) em=gd3"
1517,a-c19+a-b9+a-b35,O=C(CF)OOB([O-])OOS(=O)(=O)C(F)(F)C(F)(F)F,borate,-1777.482393,0.045004,0.117728,640.398856,-0.11992,0.06583,6.9731,-1777.437389,-1777.364665,5.0524,Gaussian,QC,"opt+freq: b3lyp/6-311G** em=gd3bj
energy: M062X/6-311G+(2d, p) em=gd3"
1518,a-c19+a-b10+a-b14,CCCCCCCCCCOOB([O-])OOCCCC,borate,-952.40828,0.367032,0.451852,746.919312,-0.06158,0.10909,8.8694,-952.041248,-951.956428,4.642224000000001,Gaussian,QC,"opt+freq: b3lyp/6-311G** em=gd3bj
energy: M062X/6-311G+(2d, p) em=gd3"
1519,a-c19+a-b10+a-b15,CCCCCCCCCCOOB([O-])OOCC,borate,-873.8000573,0.315574,0.394046,691.0168880000001,-0.05496,0.11036,10.6862,-873.4844833000001,-873.4060113,4.496703999999999,Gaussian,QC,"opt+freq: b3lyp/6-311G** em=gd3bj
energy: M062X/6-311G+(2d, p) em=gd3"
1520,a-c19+a-b10+a-b21,CCCCCCCCCCOOB([O-])OOC(C)=O,borate,-947.8584557,0.298268,0.376863,692.108912,-0.07837,0.10473,14.8284,-947.5601877,-947.4815927000001,4.98032,Gaussian,QC,"opt+freq: b3lyp/6-311G** em=gd3bj
energy: M062X/6-311G+(2d, p) em=gd3"
1521,a-c19+a-b10+a-b22,CCCCCCCCCCOOB([O-])OOOC,borate,-909.6342477,0.291681,0.369583,686.000272,-0.06711,0.10824,12.4782,-909.3425666999999,-909.2646646999999,4.76952,Gaussian,QC,"opt+freq: b3lyp/6-311G** em=gd3bj
energy: M062X/6-311G+(2d, p) em=gd3"
1522,a-c19+a-b10+a-b28,CCCCCCCCCCOOB([O-])OOCC(=O)O,borate,-1023.0747207,0.302612,0.382898,706.987216,-0.06928,0.11084,11.6201,-1022.7721087,-1022.6918227,4.899264,Gaussian,QC,"opt+freq: b3lyp/6-311G** em=gd3bj
energy: M062X/6-311G+(2d, p) em=gd3"
1523,a-c19+a-b11+a-b14,CCCCOOB([O-])OOCC(CC)CCCC,borate,-873.7989464,0.314679,0.393513,694.213464,-0.06041,0.12074,5.8378,-873.4842674,-873.4054334,4.92728,Gaussian,QC,"opt+freq: b3lyp/6-311G** em=gd3bj
energy: M062X/6-311G+(2d, p) em=gd3"
1524,a-c19+a-b11+a-b15,CCCCC(CC)COOB([O-])OOCC,borate,-795.1954533,0.265355,0.335521,617.880568,-0.06483,0.13682,5.0711,-794.9300983,-794.8599323000001,5.48488,Gaussian,QC,"opt+freq: b3lyp/6-311G** em=gd3bj
energy: M062X/6-311G+(2d, p) em=gd3"
1525,a-c19+a-b11+a-b28,CCCCC(CC)COOB([O-])OOCC(=O)O,borate,-944.4682382,0.251975,0.324905,642.218896,-0.06799,0.11248,7.4365,-944.2162632,-944.1433332,4.908784,Gaussian,QC,"opt+freq: b3lyp/6-311G** em=gd3bj
energy: M062X/6-311G+(2d, p) em=gd3"
1526,a-c19+a-b13+a-b14,CCCCCCOOB([O-])OOCCCC,borate,-795.1895674,0.263978,0.335926,633.574752,-0.06005,0.13545,2.9778,-794.9255894,-794.8536414,5.3176,Gaussian,QC,"opt+freq: b3lyp/6-311G** em=gd3bj
energy: M062X/6-311G+(2d, p) em=gd3"
1527,a-c19+a-b13+a-b15,CCCCCCOOB([O-])OOCC,borate,-716.5812869,0.212467,0.278106,578.0154160000001,-0.05337,0.13747,4.7547,-716.3688199000001,-716.3031809,5.190848,Gaussian,QC,"opt+freq: b3lyp/6-311G** em=gd3bj
energy: M062X/6-311G+(2d, p) em=gd3"
1528,a-c19+a-b13+a-b17,CCCCCCOOB([O-])OOS(=O)(=O)C(F)(F)F,borate,-1523.6219644,0.167744,0.24225,656.0930400000001,-0.09678,0.09132,4.4086,-1523.4542204,-1523.3797144,5.11632,Gaussian,QC,"opt+freq: b3lyp/6-311G** em=gd3bj
energy: M062X/6-311G+(2d, p) em=gd3"
1529,a-c19+a-b13+a-b21,CCCCCCOOB([O-])OOC(C)=O,borate,-790.639716,0.195472,0.260945,576.5552,-0.07695,0.12707,9.7848,-790.444244,-790.378771,5.549344,Gaussian,QC,"opt+freq: b3lyp/6-311G** em=gd3bj
energy: M062X/6-311G+(2d, p) em=gd3"
1530,a-c19+a-b13+a-b22,CCCCCCOOB([O-])OOOC,borate,-752.4155815,0.189081,0.253665,568.726936,-0.06563,0.13373,6.7912,-752.2265005,-752.1619165000001,5.422591999999999,Gaussian,QC,"opt+freq: b3lyp/6-311G** em=gd3bj
energy: M062X/6-311G+(2d, p) em=gd3"
1531,a-c19+a-b13+a-b23,CCCCCCOOB([O-])OOCC(F)(F)F,borate,-1014.3526918,0.187962,0.258303,619.4202799999999,-0.07537,0.12992,5.3535,-1014.1647298,-1014.0943888,5.583888000000001,Gaussian,QC,"opt+freq: b3lyp/6-311G** em=gd3bj
energy: M062X/6-311G+(2d, p) em=gd3"
1532,a-c19+a-b13+a-b25,CCCCCCOOB([O-])OOCCCCC,borate,-834.4943599,0.2896,0.364868,662.804176,-0.06121,0.13505,1.837,-834.2047599,-834.1294919,5.338272,Gaussian,QC,"opt+freq: b3lyp/6-311G** em=gd3bj
energy: M062X/6-311G+(2d, p) em=gd3"
1533,a-c19+a-b13+a-b26,CCCCCCOOB([O-])OOc1ccccc1,borate,-869.0011668,0.232945,0.303525,621.516464,-0.06583,0.10096,7.5868,-868.7682218,-868.6976417999999,4.536688,Gaussian,QC,"opt+freq: b3lyp/6-311G** em=gd3bj
energy: M062X/6-311G+(2d, p) em=gd3"
1534,a-c19+a-b13+a-b28,CCCCCCOOB([O-])OOCC(=O)O,borate,-865.8468152,0.195117,0.267039,633.336264,-0.05558,0.10897,3.8684,-865.6516982,-865.5797762000001,4.47576,Gaussian,QC,"opt+freq: b3lyp/6-311G** em=gd3bj
energy: M062X/6-311G+(2d, p) em=gd3"
1535,a-c19+a-b13+a-b30,CCCCCCOOB([O-])OOC1CCCCC1,borate,-872.6129529,0.298983,0.372504,647.419608,-0.05455,0.12633,8.9355,-872.3139699,-872.2404488999999,4.919936,Gaussian,QC,"opt+freq: b3lyp/6-311G** em=gd3bj
energy: M062X/6-311G+(2d, p) em=gd3"
1536,a-c19+a-b13+a-b32,CCCCCCOOB([O-])OOCC(F)(F)C(F)F,borate,-1152.8875096,0.20477,0.280441,666.356392,-0.07338,0.13078,5.6656,-1152.6827396,-1152.6070686,5.553152,Gaussian,QC,"opt+freq: b3lyp/6-311G** em=gd3bj
energy: M062X/6-311G+(2d, p) em=gd3"
1537,a-c19+a-b14+a-b15,CCCCOOB([O-])OOCC,borate,-637.971629,0.161609,0.220244,516.334888,-0.05138,0.15853,1.9852,-637.81002,-637.751385,5.709552,Gaussian,QC,"opt+freq: b3lyp/6-311G** em=gd3bj
energy: M062X/6-311G+(2d, p) em=gd3"
1538,a-c19+a-b14+a-b17,CCCCOOB([O-])OOS(=O)(=O)C(F)(F)F,borate,-1445.0122791,0.116829,0.184387,594.914592,-0.09534,0.09277,3.0519,-1444.8954501,-1444.8278921,5.116592,Gaussian,QC,"opt+freq: b3lyp/6-311G** em=gd3bj
energy: M062X/6-311G+(2d, p) em=gd3"
1539,a-c19+a-b14+a-b18,CCCCOOB([O-])OOC(F)(F)F,borate,-896.4399525,0.110163,0.171292,538.3008880000001,-0.06656,0.12566,4.8784,-896.3297895000001,-896.2686605,5.228384,Gaussian,QC,"opt+freq: b3lyp/6-311G** em=gd3bj
energy: M062X/6-311G+(2d, p) em=gd3"
1540,a-c19+a-b14+a-b19,CCCCOOB([O-])OOc1ccccn1,borate,-806.4407196,0.170903,0.234319,558.442664,-0.06793,0.08727,7.3176,-806.2698166,-806.2064005999999,4.22144,Gaussian,QC,"opt+freq: b3lyp/6-311G** em=gd3bj
energy: M062X/6-311G+(2d, p) em=gd3"
1541,a-c19+a-b14+a-b21,CCCCOOB([O-])OOC(C)=O,borate,-712.0301512,0.144182,0.203034,518.242792,-0.07527,0.13501,7.2804,-711.8859692,-711.8271172,5.719615999999999,Gaussian,QC,"opt+freq: b3lyp/6-311G** em=gd3bj
energy: M062X/6-311G+(2d, p) em=gd3"
1542,a-c19+a-b14+a-b22,CCCCOOB([O-])OOOC,borate,-673.8059914,0.137899,0.195764,509.556808,-0.06383,0.1482,4.0744,-673.6680924000001,-673.6102274,5.767215999999999,Gaussian,QC,"opt+freq: b3lyp/6-311G** em=gd3bj
energy: M062X/6-311G+(2d, p) em=gd3"
1543,a-c19+a-b14+a-b23,CCCCOOB([O-])OOCC(F)(F)F,borate,-935.7363766,0.136639,0.200189,559.6225519999999,-0.06777,0.14225,4.8609,-935.5997376,-935.5361876,5.712543999999999,Gaussian,QC,"opt+freq: b3lyp/6-311G** em=gd3bj
energy: M062X/6-311G+(2d, p) em=gd3"
1544,a-c19+a-b14+a-b24,CCCCOOB([O-])OOCc1ccccc1,borate,-829.6912499,0.20813,0.274491,584.3709120000001,-0.06549,0.10157,2.3825,-829.4831199,-829.4167589,4.544032,Gaussian,QC,"opt+freq: b3lyp/6-311G** em=gd3bj
energy: M062X/6-311G+(2d, p) em=gd3"
1545,a-c19+a-b14+a-b25,CCCCCOOB([O-])OOCCCC,borate,-755.8847803,0.238398,0.306972,603.8641680000001,-0.05935,0.14428,1.6591,-755.6463823,-755.5778083,5.538735999999999,Gaussian,QC,"opt+freq: b3lyp/6-311G** em=gd3bj
energy: M062X/6-311G+(2d, p) em=gd3"
1546,a-c19+a-b14+a-b26,CCCCOOB([O-])OOc1ccccc1,borate,-790.3915453,0.181844,0.245637,561.752208,-0.06411,0.1022,6.0732,-790.2097013,-790.1459083,4.523632,Gaussian,QC,"opt+freq: b3lyp/6-311G** em=gd3bj
energy: M062X/6-311G+(2d, p) em=gd3"
1547,a-c19+a-b14+a-b28,CCCCOOB([O-])OOCC(=O)O,borate,-787.2371584,0.144302,0.209163,571.162024,-0.05365,0.10981,2.5761,-787.0928564,-787.0279954,4.446111999999999,Gaussian,QC,"opt+freq: b3lyp/6-311G** em=gd3bj
energy: M062X/6-311G+(2d, p) em=gd3"
1548,a-c19+a-b14+a-b30,CCCCOOB([O-])OOC1CCCCC1,borate,-794.0033846,0.247905,0.314515,586.5675120000001,-0.05246,0.13277,7.2298,-793.7554796000001,-793.6888696,5.038256,Gaussian,QC,"opt+freq: b3lyp/6-311G** em=gd3bj
energy: M062X/6-311G+(2d, p) em=gd3"
1549,a-c19+a-b14+a-b32,CCCCOOB([O-])OOCC(F)(F)C(F)F,borate,-1074.2709826,0.152385,0.222297,615.642128,-0.0658,0.14176,6.9567,-1074.1185976,-1074.0486856,5.645632,Gaussian,QC,"opt+freq: b3lyp/6-311G** em=gd3bj
energy: M062X/6-311G+(2d, p) em=gd3"
1550,a-c19+a-b14+a-b35,CCCCOOB([O-])OOS(=O)(=O)C(F)(F)C(F)(F)F,borate,-1682.8069969,0.124568,0.199006,655.498912,-0.09815,0.08219,4.2024,-1682.6824289,-1682.6079909,4.905248,Gaussian,QC,"opt+freq: b3lyp/6-311G** em=gd3bj
energy: M062X/6-311G+(2d, p) em=gd3"
1551,a-c19+a-b14+a-b36,CCCCCCCCCOOB([O-])OOCCCC,borate,-913.1036891,0.340936,0.422836,721.2044480000001,-0.06133,0.11569,7.1837,-912.7627530999999,-912.6808531,4.814944000000001,Gaussian,QC,"opt+freq: b3lyp/6-311G** em=gd3bj
energy: M062X/6-311G+(2d, p) em=gd3"
1552,a-c19+a-b14+a-b37,CCCCOOB([O-])OOC(C(F)(F)F)C(F)(F)F,borate,-1272.785996,0.136902,0.208242,628.219232,-0.06396,0.13138,6.5781,-1272.649094,-1272.577754,5.313248000000001,Gaussian,QC,"opt+freq: b3lyp/6-311G** em=gd3bj
energy: M062X/6-311G+(2d, p) em=gd3"
1553,a-c19+a-b15+a-b16,CCOOB([O-])OOc1ccc(Cl)cc1C,borate,-1210.6953425,0.14416,0.208106,563.112008,-0.06774,0.08386,7.1389,-1210.5511825,-1210.4872365,4.12352,Gaussian,QC,"opt+freq: b3lyp/6-311G** em=gd3bj
energy: M062X/6-311G+(2d, p) em=gd3"
1554,a-c19+a-b15+a-b17,CCOOB([O-])OOS(=O)(=O)C(F)(F)F,borate,-1366.4035546,0.064266,0.126468,547.7525440000001,-0.09034,0.09715,3.3202,-1366.3392886,-1366.2770866,5.099728,Gaussian,QC,"opt+freq: b3lyp/6-311G** em=gd3bj
energy: M062X/6-311G+(2d, p) em=gd3"
1555,a-c19+a-b15+a-b19,CCOOB([O-])OOc1ccccn1,borate,-727.8313715,0.118827,0.176447,507.402048,-0.06235,0.08783,7.3877,-727.7125445,-727.6549245,4.084896000000001,Gaussian,QC,"opt+freq: b3lyp/6-311G** em=gd3bj
energy: M062X/6-311G+(2d, p) em=gd3"
1556,a-c19+a-b15+a-b21,CCOOB([O-])OOC(C)=O,borate,-633.4205846,0.091986,0.145039,467.181256,-0.07316,0.14343,2.9389,-633.3285986,-633.2755456,5.891248,Gaussian,QC,"opt+freq: b3lyp/6-311G** em=gd3bj
energy: M062X/6-311G+(2d, p) em=gd3"
1557,a-c19+a-b15+a-b23,CCOOB([O-])OOCC(F)(F)F,borate,-857.1279312,0.084455,0.142326,509.6112,-0.06101,0.15197,5.4027,-857.0434762,-856.9856052,5.793056,Gaussian,QC,"opt+freq: b3lyp/6-311G** em=gd3bj
energy: M062X/6-311G+(2d, p) em=gd3"
1558,a-c19+a-b15+a-b24,CCOOB([O-])OOCc1ccccc1,borate,-751.0814122,0.156464,0.216539,529.020776,-0.06226,0.10274,4.6757,-750.9249482,-750.8648732,4.488,Gaussian,QC,"opt+freq: b3lyp/6-311G** em=gd3bj
energy: M062X/6-311G+(2d, p) em=gd3"
1559,a-c19+a-b15+a-b25,CCCCCOOB([O-])OOCC,borate,-677.2764848,0.186931,0.24916,547.97848,-0.05259,0.14668,3.2654,-677.0895538000001,-677.0273248000001,5.420144,Gaussian,QC,"opt+freq: b3lyp/6-311G** em=gd3bj
energy: M062X/6-311G+(2d, p) em=gd3"
1560,a-c19+a-b15+a-b26,CCOOB([O-])OOc1ccccc1,borate,-711.7824541,0.129731,0.187748,510.895688,-0.05848,0.10381,6.5122,-711.6527231,-711.5947060999999,4.414288,Gaussian,QC,"opt+freq: b3lyp/6-311G** em=gd3bj
energy: M062X/6-311G+(2d, p) em=gd3"
1561,a-c19+a-b15+a-b27,CCCCCCCCCCCCOOB([O-])OOCC,borate,-952.4091747,0.367153,0.452031,747.433944,-0.05521,0.10009,14.0588,-952.0420217,-951.9571437,4.224159999999999,Gaussian,QC,"opt+freq: b3lyp/6-311G** em=gd3bj
energy: M062X/6-311G+(2d, p) em=gd3"
1562,a-c19+a-b15+a-b28,CCOOB([O-])OOCC(=O)O,borate,-708.6285431,0.092657,0.151319,516.573376,-0.04613,0.11302,3.2818,-708.5358861,-708.4772241000001,4.32888,Gaussian,QC,"opt+freq: b3lyp/6-311G** em=gd3bj
energy: M062X/6-311G+(2d, p) em=gd3"
1563,a-c19+a-b15+a-b30,CCOOB([O-])OOC1CCCCC1,borate,-715.3936737,0.196171,0.256548,531.6776160000001,-0.04729,0.13599,5.6475,-715.1975027,-715.1371257000001,4.985215999999999,Gaussian,QC,"opt+freq: b3lyp/6-311G** em=gd3bj
energy: M062X/6-311G+(2d, p) em=gd3"
1564,a-c19+a-b15+a-b31,CCOOB([O-])OOc1cccc(C)c1C,borate,-790.3976532,0.179775,0.244183,567.178856,-0.06605,0.10619,6.7957,-790.2178782000001,-790.1534702,4.684928,Gaussian,QC,"opt+freq: b3lyp/6-311G** em=gd3bj
energy: M062X/6-311G+(2d, p) em=gd3"
1565,a-c19+a-b15+a-b32,CCOOB([O-])OOCC(F)(F)C(F)F,borate,-995.6627255,0.101286,0.16447,556.396688,-0.05912,0.14925,8.0477,-995.5614395,-995.4982554999999,5.667664,Gaussian,QC,"opt+freq: b3lyp/6-311G** em=gd3bj
energy: M062X/6-311G+(2d, p) em=gd3"
1566,a-c19+a-b15+a-b33,CCOOB([O-])OOc1cccnc1,borate,-727.8245501,0.118241,0.1763,511.26388,-0.06866,0.0863,5.325,-727.7063091,-727.6482501,4.214911999999999,Gaussian,QC,"opt+freq: b3lyp/6-311G** em=gd3bj
energy: M062X/6-311G+(2d, p) em=gd3"
1567,a-c19+a-b15+a-b35,CCOOB([O-])OOS(=O)(=O)C(F)(F)C(F)(F)F,borate,-1604.1982582,0.072167,0.1411,607.018904,-0.0937,0.08579,5.3135,-1604.1260912,-1604.0571582,4.882128,Gaussian,QC,"opt+freq: b3lyp/6-311G** em=gd3bj
energy: M062X/6-311G+(2d, p) em=gd3"
1568,a-c19+a-b15+a-b36,CCCCCCCCCOOB([O-])OOCC,borate,-834.4954588,0.289849,0.365055,662.260256,-0.05472,0.11719,8.9579,-834.2056098,-834.1304038000001,4.675952,Gaussian,QC,"opt+freq: b3lyp/6-311G** em=gd3bj
energy: M062X/6-311G+(2d, p) em=gd3"
1569,a-c19+a-b15+a-b37,CCOOB([O-])OOC(C(F)(F)F)C(F)(F)F,borate,-1194.1771661,0.083323,0.150287,589.684592,-0.05785,0.13845,7.5463,-1194.0938431,-1194.0268791,5.339359999999999,Gaussian,QC,"opt+freq: b3lyp/6-311G** em=gd3bj
energy: M062X/6-311G+(2d, p) em=gd3"
1570,a-c19+a-b16+a-b21,CC(=O)OOB([O-])OOc1ccc(Cl)cc1C,borate,-1284.7488828,0.125387,0.190739,575.4882799999999,-0.07755,0.08156,4.6246,-1284.6234958,-1284.5581438,4.327791999999999,Gaussian,QC,"opt+freq: b3lyp/6-311G** em=gd3bj
energy: M062X/6-311G+(2d, p) em=gd3"
1571,a-c19+a-b16+a-b26,Cc1cc(Cl)ccc1OOB([O-])OOc1ccccc1,borate,-1363.113038,0.163363,0.233234,615.286488,-0.08012,0.07667,2.6421,-1362.949675,-1362.879804,4.264688,Gaussian,QC,"opt+freq: b3lyp/6-311G** em=gd3bj
energy: M062X/6-311G+(2d, p) em=gd3"
1572,a-c19+a-b16+a-b30,Cc1cc(Cl)ccc1OOB([O-])OOC1CCCCC1,borate,-1366.7258859,0.23035,0.302186,632.5831440000001,-0.07083,0.0837,1.0406,-1366.4955359,-1366.4236999,4.203216,Gaussian,QC,"opt+freq: b3lyp/6-311G** em=gd3bj
energy: M062X/6-311G+(2d, p) em=gd3"
1573,a-c19+a-b17+a-b18,O=S(=O)(OOB([O-])OOC(F)(F)F)C(F)(F)F,borate,-1624.865975,0.01204,0.07734,575.02804,-0.10467,0.07976,2.1813,-1624.853935,-1624.788635,5.016495999999999,Gaussian,QC,"opt+freq: b3lyp/6-311G** em=gd3bj
energy: M062X/6-311G+(2d, p) em=gd3"
1574,a-c19+a-b17+a-b19,O=S(=O)(OOB([O-])OOc1ccccn1)C(F)(F)F,borate,-1534.8690477,0.073319,0.140414,590.835192,-0.10318,0.08064,4.999,-1534.7957287,-1534.7286337,4.999903999999999,Gaussian,QC,"opt+freq: b3lyp/6-311G** em=gd3bj
energy: M062X/6-311G+(2d, p) em=gd3"
1575,a-c19+a-b17+a-b21,CC(=O)OOB([O-])OOS(=O)(=O)C(F)(F)F,borate,-1440.4518244,0.044698,0.109034,566.5428880000001,-0.10061,0.08843,3.9908,-1440.4071264,-1440.3427904,5.141888,Gaussian,QC,"opt+freq: b3lyp/6-311G** em=gd3bj
energy: M062X/6-311G+(2d, p) em=gd3"
1576,a-c19+a-b17+a-b22,COOOB([O-])OOS(=O)(=O)C(F)(F)F,borate,-1402.2349783,0.040308,0.101904,542.4137599999999,-0.10181,0.08966,4.6937,-1402.1946703,-1402.1330743,5.207984,Gaussian,QC,"opt+freq: b3lyp/6-311G** em=gd3bj
energy: M062X/6-311G+(2d, p) em=gd3"
1577,a-c19+a-b17+a-b23,O=S(=O)(OOB([O-])OOCC(F)(F)F)C(F)(F)F,borate,-1664.1635973,0.037989,0.106281,601.378872,-0.10573,0.08463,3.7646,-1664.1256083,-1664.0573163,5.177792,Gaussian,QC,"opt+freq: b3lyp/6-311G** em=gd3bj
energy: M062X/6-311G+(2d, p) em=gd3"
1578,a-c19+a-b17+a-b24,O=S(=O)(OOB([O-])OOCc1ccccc1)C(F)(F)F,borate,-1558.1211516,0.109632,0.180706,625.876192,-0.09123,0.09004,6.3475,-1558.0115196,-1557.9404456,4.930543999999999,Gaussian,QC,"opt+freq: b3lyp/6-311G** em=gd3bj
energy: M062X/6-311G+(2d, p) em=gd3"
1579,a-c19+a-b17+a-b25,CCCCCOOB([O-])OOS(=O)(=O)C(F)(F)F,borate,-1484.3172528,0.142392,0.213309,624.487104,-0.09619,0.09183,3.5013,-1484.1748608,-1484.1039438,5.114144,Gaussian,QC,"opt+freq: b3lyp/6-311G** em=gd3bj
energy: M062X/6-311G+(2d, p) em=gd3"
1580,a-c19+a-b17+a-b26,O=S(=O)(OOB([O-])OOc1ccccc1)C(F)(F)F,borate,-1518.8196669,0.083607,0.151705,599.6718,-0.09948,0.08578,3.9054,-1518.7360599,-1518.6679619,5.039071999999999,Gaussian,QC,"opt+freq: b3lyp/6-311G** em=gd3bj
energy: M062X/6-311G+(2d, p) em=gd3"
1581,a-c19+a-b17+a-b28,O=C(O)COOB([O-])OOS(=O)(=O)C(F)(F)F,borate,-1515.6845826,0.049751,0.115478,578.7894560000001,-0.11706,0.07242,3.9628,-1515.6348316,-1515.5691046,5.153855999999999,Gaussian,QC,"opt+freq: b3lyp/6-311G** em=gd3bj
energy: M062X/6-311G+(2d, p) em=gd3"
1582,a-c19+a-b17+a-b30,O=S(=O)(OOB([O-])OOC1CCCCC1)C(F)(F)F,borate,-1522.4316993,0.150736,0.22059,615.1274960000001,-0.0934,0.09597,6.4038,-1522.2809633,-1522.2111093,5.150863999999999,Gaussian,QC,"opt+freq: b3lyp/6-311G** em=gd3bj
energy: M062X/6-311G+(2d, p) em=gd3"
1583,a-c19+a-b17+a-b32,O=S(=O)(OOB([O-])OOCC(F)(F)C(F)F)C(F)(F)F,borate,-1802.6913489,0.05441,0.128336,650.992744,-0.09434,0.0925,6.3358,-1802.6369389,-1802.5630129,5.082048,Gaussian,QC,"opt+freq: b3lyp/6-311G** em=gd3bj
energy: M062X/6-311G+(2d, p) em=gd3"
1584,a-c19+a-b18+a-b19,[O-]B(OOc1ccccn1)OOC(F)(F)F,borate,-986.2967982,0.067467,0.126888,523.255224,-0.08616,0.08115,7.4104,-986.2293312,-986.1699102,4.550832000000001,Gaussian,QC,"opt+freq: b3lyp/6-311G** em=gd3bj
energy: M062X/6-311G+(2d, p) em=gd3"
1585,a-c19+a-b18+a-b21,CC(=O)OOB([O-])OOC(F)(F)F,borate,-891.8818915,0.038859,0.096072,503.820544,-0.07261,0.11601,2.2286,-891.8430325,-891.7858195,5.130464,Gaussian,QC,"opt+freq: b3lyp/6-311G** em=gd3bj
energy: M062X/6-311G+(2d, p) em=gd3"
1586,a-c19+a-b18+a-b23,[O-]B(OOCC(F)(F)F)OOC(F)(F)F,borate,-1115.5933395,0.03223,0.092901,534.263328,-0.08505,0.11281,3.9706,-1115.5611095,-1115.5004385,5.381791999999999,Gaussian,QC,"opt+freq: b3lyp/6-311G** em=gd3bj
energy: M062X/6-311G+(2d, p) em=gd3"
1587,a-c19+a-b18+a-b24,[O-]B(OOCc1ccccc1)OOC(F)(F)F,borate,-1009.5494322,0.104346,0.167253,553.9574160000001,-0.08091,0.09688,7.4584,-1009.4450862,-1009.3821792,4.835888,Gaussian,QC,"opt+freq: b3lyp/6-311G** em=gd3bj
energy: M062X/6-311G+(2d, p) em=gd3"
1588,a-c19+a-b18+a-b25,CCCCCOOB([O-])OOC(F)(F)F,borate,-935.7448784,0.135782,0.200229,567.51776,-0.06762,0.1247,5.7473,-935.6090964,-935.5446493999999,5.231103999999999,Gaussian,QC,"opt+freq: b3lyp/6-311G** em=gd3bj
energy: M062X/6-311G+(2d, p) em=gd3"
1589,a-c19+a-b18+a-b26,[O-]B(OOc1ccccc1)OOC(F)(F)F,borate,-970.2478331,0.078083,0.138178,529.19232,-0.08292,0.09731,6.8778,-970.1697501,-970.1096550999999,4.902256,Gaussian,QC,"opt+freq: b3lyp/6-311G** em=gd3bj
energy: M062X/6-311G+(2d, p) em=gd3"
1590,a-c19+a-b18+a-b28,O=C(O)COOB([O-])OOC(F)(F)F,borate,-967.1163324,0.044466,0.102463,510.715776,-0.09415,0.10104,3.4937,-967.0718664,-967.0138694000001,5.309168,Gaussian,QC,"opt+freq: b3lyp/6-311G** em=gd3bj
energy: M062X/6-311G+(2d, p) em=gd3"
1591,a-c19+a-b18+a-b30,[O-]B(OOC1CCCCC1)OOC(F)(F)F,borate,-973.860989,0.144714,0.207134,549.6604480000001,-0.0721,0.11316,8.2701,-973.716275,-973.653855,5.039071999999999,Gaussian,QC,"opt+freq: b3lyp/6-311G** em=gd3bj
energy: M062X/6-311G+(2d, p) em=gd3"
1592,a-c19+a-b18+a-b32,[O-]B(OOCC(F)(F)C(F)F)OOC(F)(F)F,borate,-1254.1194018,0.047956,0.11482,588.801768,-0.07387,0.11268,6.5815,-1254.0714458,-1254.0045818,5.07416,Gaussian,QC,"opt+freq: b3lyp/6-311G** em=gd3bj
energy: M062X/6-311G+(2d, p) em=gd3"
1593,a-c19+a-b18+a-b35,O=S(=O)(OOB([O-])OOC(F)(F)F)C(F)(F)C(F)(F)F,borate,-1862.6542287,0.018458,0.091826,646.076544,-0.09737,0.06716,3.8401,-1862.6357707,-1862.5624027,4.475216000000001,Gaussian,QC,"opt+freq: b3lyp/6-311G** em=gd3bj
energy: M062X/6-311G+(2d, p) em=gd3"
1594,a-c19+a-b18+a-b37,[O-]B(OOC(C(F)(F)F)C(F)(F)F)OOC(F)(F)F,borate,-1452.6413422,0.03085,0.100759,615.608656,-0.08266,0.11013,8.9767,-1452.6104922,-1452.5405832,5.243888,Gaussian,QC,"opt+freq: b3lyp/6-311G** em=gd3bj
energy: M062X/6-311G+(2d, p) em=gd3"
1595,a-c19+a-b19+a-b22,COOOB([O-])OOc1ccccn1,borate,-763.6655853,0.095293,0.151851,498.050808,-0.07475,0.08755,5.4149,-763.5702923,-763.5137343,4.41456,Gaussian,QC,"opt+freq: b3lyp/6-311G** em=gd3bj
energy: M062X/6-311G+(2d, p) em=gd3"
1596,a-c19+a-b19+a-b26,[O-]B(OOc1ccccc1)OOc1ccccn1,borate,-880.2496048,0.138002,0.201434,558.576552,-0.07787,0.07675,9.3978,-880.1116028,-880.0481708000001,4.205664,Gaussian,QC,"opt+freq: b3lyp/6-311G** em=gd3bj
energy: M062X/6-311G+(2d, p) em=gd3"
1597,a-c19+a-b21+a-b23,CC(=O)OOB([O-])OOCC(F)(F)F,borate,-931.1791221,0.064938,0.124963,528.573088,-0.07365,0.12884,2.5036,-931.1141841,-931.0541591,5.507728,Gaussian,QC,"opt+freq: b3lyp/6-311G** em=gd3bj
energy: M062X/6-311G+(2d, p) em=gd3"
1598,a-c19+a-b21+a-b24,CC(=O)OOB([O-])OOCc1ccccc1,borate,-825.134713,0.136877,0.199329,549.94496,-0.06973,0.10361,4.564,-824.997836,-824.935384,4.714848,Gaussian,QC,"opt+freq: b3lyp/6-311G** em=gd3bj
energy: M062X/6-311G+(2d, p) em=gd3"
1599,a-c19+a-b21+a-b25,CCCCCOOB([O-])OOC(C)=O,borate,-751.3348846,0.169509,0.231949,549.84036,-0.07619,0.13217,8.4263,-751.1653756000001,-751.1029356,5.667392,Gaussian,QC,"opt+freq: b3lyp/6-311G** em=gd3bj
energy: M062X/6-311G+(2d, p) em=gd3"
1600,a-c19+a-b21+a-b26,CC(=O)OOB([O-])OOc1ccccc1,borate,-785.8353505,0.1109,0.170451,524.40164,-0.06946,0.11,3.7987,-785.7244505,-785.6648995,4.881312,Gaussian,QC,"opt+freq: b3lyp/6-311G** em=gd3bj
energy: M062X/6-311G+(2d, p) em=gd3"
1601,a-c19+a-b21+a-b28,CC(=O)OOB([O-])OOCC(=O)O,borate,-782.6884063,0.078379,0.133624,486.490416,-0.06724,0.1194,3.8537,-782.6100273,-782.5547822999999,5.076608,Gaussian,QC,"opt+freq: b3lyp/6-311G** em=gd3bj
energy: M062X/6-311G+(2d, p) em=gd3"
1602,a-c19+a-b21+a-b30,CC(=O)OOB([O-])OOC1CCCCC1,borate,-789.4476245,0.177573,0.239372,544.19196,-0.05934,0.13639,5.8079,-789.2700514999999,-789.2082525,5.323856,Gaussian,QC,"opt+freq: b3lyp/6-311G** em=gd3bj
energy: M062X/6-311G+(2d, p) em=gd3"
1603,a-c19+a-b21+a-b31,CC(=O)OOB([O-])OOc1cccc(C)c1C,borate,-864.4507053,0.159024,0.227254,600.826584,-0.06985,0.11111,5.0012,-864.2916812999999,-864.2234513,4.922112,Gaussian,QC,"opt+freq: b3lyp/6-311G** em=gd3bj
energy: M062X/6-311G+(2d, p) em=gd3"
1604,a-c19+a-b21+a-b32,CC(=O)OOB([O-])OOCC(F)(F)C(F)F,borate,-1069.7137413,0.081554,0.147105,577.2455600000001,-0.0716,0.13003,4.802,-1069.6321873,-1069.5666363,5.484336,Gaussian,QC,"opt+freq: b3lyp/6-311G** em=gd3bj
energy: M062X/6-311G+(2d, p) em=gd3"
1605,a-c19+a-b21+a-b35,CC(=O)OOB([O-])OOS(=O)(=O)C(F)(F)C(F)(F)F,borate,-1678.2464575,0.05256,0.123658,626.0853920000001,-0.10301,0.07951,5.6711,-1678.1938975,-1678.1227995,4.964544,Gaussian,QC,"opt+freq: b3lyp/6-311G** em=gd3bj
energy: M062X/6-311G+(2d, p) em=gd3"
1606,a-c19+a-b21+a-b36,CCCCCCCCCOOB([O-])OOC(C)=O,borate,-908.5539037,0.272409,0.347881,664.603296,-0.07821,0.11055,13.273,-908.2814946999999,-908.2060227,5.134271999999999,Gaussian,QC,"opt+freq: b3lyp/6-311G** em=gd3bj
energy: M062X/6-311G+(2d, p) em=gd3"
1607,a-c19+a-b21+a-b37,CC(=O)OOB([O-])OOC(C(F)(F)F)C(F)(F)F,borate,-1268.227547,0.06425,0.13292,604.709336,-0.07153,0.12162,6.1823,-1268.163297,-1268.094627,5.253679999999999,Gaussian,QC,"opt+freq: b3lyp/6-311G** em=gd3bj
energy: M062X/6-311G+(2d, p) em=gd3"
1608,a-c19+a-b22+a-b24,COOOB([O-])OOCc1ccccc1,borate,-786.9169859,0.132775,0.192151,522.861928,-0.0708,0.09876,6.5713,-786.7842109,-786.7248349,4.612031999999999,Gaussian,QC,"opt+freq: b3lyp/6-311G** em=gd3bj
energy: M062X/6-311G+(2d, p) em=gd3"
1609,a-c19+a-b22+a-b25,CCCCCOOB([O-])OOOC,borate,-713.1108216,0.16353,0.224716,538.802968,-0.06493,0.14209,5.28,-712.9472916,-712.8861056000001,5.630944,Gaussian,QC,"opt+freq: b3lyp/6-311G** em=gd3bj
energy: M062X/6-311G+(2d, p) em=gd3"
1610,a-c19+a-b22+a-b26,COOOB([O-])OOc1ccccc1,borate,-747.616262,0.105804,0.163169,505.151056,-0.07076,0.10274,5.1464,-747.510458,-747.453093,4.7192,Gaussian,QC,"opt+freq: b3lyp/6-311G** em=gd3bj
energy: M062X/6-311G+(2d, p) em=gd3"
1611,a-c19+a-b22+a-b27,CCCCCCCCCCCCOOB([O-])OOOC,borate,-988.2433597,0.343305,0.427549,741.8483040000001,-0.0674,0.0986,15.6943,-987.9000547,-987.8158107,4.515199999999999,Gaussian,QC,"opt+freq: b3lyp/6-311G** em=gd3bj
energy: M062X/6-311G+(2d, p) em=gd3"
1612,a-c19+a-b22+a-b30,COOOB([O-])OOC1CCCCC1,borate,-751.2282246,0.172487,0.232051,524.518792,-0.05996,0.13225,7.9503,-751.0557375999999,-750.9961736,5.228111999999999,Gaussian,QC,"opt+freq: b3lyp/6-311G** em=gd3bj
energy: M062X/6-311G+(2d, p) em=gd3"
1613,a-c19+a-b22+a-b33,COOOB([O-])OOc1cccnc1,borate,-763.6604539,0.094707,0.151797,502.72852,-0.07754,0.08704,3.4819,-763.5657469,-763.5086569,4.476576,Gaussian,QC,"opt+freq: b3lyp/6-311G** em=gd3bj
energy: M062X/6-311G+(2d, p) em=gd3"
1614,a-c19+a-b22+a-b35,COOOB([O-])OOS(=O)(=O)C(F)(F)C(F)(F)F,borate,-1640.0296271,0.047958,0.116557,604.077552,-0.10399,0.07949,7.1008,-1639.9816691,-1639.9130701,4.990656,Gaussian,QC,"opt+freq: b3lyp/6-311G** em=gd3bj
energy: M062X/6-311G+(2d, p) em=gd3"
1615,a-c19+a-b22+a-b36,CCCCCCCCCOOB([O-])OOOC,borate,-870.3296763,0.26611,0.340591,655.88384,-0.06696,0.11487,10.7793,-870.0635662999999,-869.9890852999999,4.945776,Gaussian,QC,"opt+freq: b3lyp/6-311G** em=gd3bj
energy: M062X/6-311G+(2d, p) em=gd3"
1616,a-c19+a-b22+a-b37,COOOB([O-])OOC(C(F)(F)F)C(F)(F)F,borate,-1230.0101566,0.059746,0.125727,581.027896,-0.07217,0.12868,7.2181,-1229.9504106,-1229.8844296,5.463119999999999,Gaussian,QC,"opt+freq: b3lyp/6-311G** em=gd3bj
energy: M062X/6-311G+(2d, p) em=gd3"
1617,a-c19+a-b23+a-b24,[O-]B(OOCc1ccccc1)OOCC(F)(F)F,borate,-1048.8390817,0.129321,0.196313,589.931448,-0.06473,0.09454,6.2885,-1048.7097607,-1048.6427687,4.332144,Gaussian,QC,"opt+freq: b3lyp/6-311G** em=gd3bj
energy: M062X/6-311G+(2d, p) em=gd3"
1618,a-c19+a-b23+a-b25,CCCCCOOB([O-])OOCC(F)(F)F,borate,-975.0414434,0.161408,0.229098,596.0819280000001,-0.06917,0.13924,5.5607,-974.8800354,-974.8123454,5.668752,Gaussian,QC,"opt+freq: b3lyp/6-311G** em=gd3bj
energy: M062X/6-311G+(2d, p) em=gd3"
1619,a-c19+a-b23+a-b26,[O-]B(OOCC(F)(F)F)OOc1ccccc1,borate,-1009.5456756,0.10409,0.167318,556.7858,-0.07859,0.10112,6.8722,-1009.4415856,-1009.3783576,4.888112,Gaussian,QC,"opt+freq: b3lyp/6-311G** em=gd3bj
energy: M062X/6-311G+(2d, p) em=gd3"
1620,a-c19+a-b23+a-b28,O=C(O)COOB([O-])OOCC(F)(F)F,borate,-1006.4141517,0.070584,0.131403,535.5771040000001,-0.09456,0.11808,5.1648,-1006.3435677,-1006.2827487,5.783808,Gaussian,QC,"opt+freq: b3lyp/6-311G** em=gd3bj
energy: M062X/6-311G+(2d, p) em=gd3"
1621,a-c19+a-b23+a-b30,[O-]B(OOCC(F)(F)F)OOC1CCCCC1,borate,-1013.1561717,0.170898,0.236348,576.350184,-0.06519,0.13072,5.3791,-1012.9852737,-1012.9198237,5.328752,Gaussian,QC,"opt+freq: b3lyp/6-311G** em=gd3bj
energy: M062X/6-311G+(2d, p) em=gd3"
1622,a-c19+a-b23+a-b32,[O-]B(OOCC(F)(F)F)OOCC(F)(F)C(F)F,borate,-1293.4178283,0.074646,0.143992,610.6506160000001,-0.06908,0.13935,6.4204,-1293.3431823,-1293.2738363,5.669296,Gaussian,QC,"opt+freq: b3lyp/6-311G** em=gd3bj
energy: M062X/6-311G+(2d, p) em=gd3"
1623,a-c19+a-b23+a-b36,CCCCCCCCCOOB([O-])OOCC(F)(F)F,borate,-1132.2621023,0.266259,0.345032,693.673728,-0.07234,0.12121,9.6563,-1131.9958433,-1131.9170703,5.264559999999999,Gaussian,QC,"opt+freq: b3lyp/6-311G** em=gd3bj
energy: M062X/6-311G+(2d, p) em=gd3"
1624,a-c19+a-b23+a-b37,[O-]B(OOCC(F)(F)F)OOC(C(F)(F)F)C(F)(F)F,borate,-1491.9395265,0.058539,0.129817,627.671128,-0.08076,0.12464,6.634,-1491.8809875,-1491.8097095,5.58688,Gaussian,QC,"opt+freq: b3lyp/6-311G** em=gd3bj
energy: M062X/6-311G+(2d, p) em=gd3"
1625,a-c19+a-b24+a-b26,[O-]B(OOCc1ccccc1)OOc1ccccc1,borate,-903.5012154,0.175867,0.24171,579.8103520000001,-0.07508,0.0968,5.7704,-903.3253483999999,-903.2595054,4.675135999999999,Gaussian,QC,"opt+freq: b3lyp/6-311G** em=gd3bj
energy: M062X/6-311G+(2d, p) em=gd3"
1626,a-c19+a-b24+a-b28,O=C(O)COOB([O-])OOCc1ccccc1,borate,-900.3709345,0.144432,0.205788,540.305024,-0.08215,0.09993,5.5322,-900.2265024999999,-900.1651465,4.952576000000001,Gaussian,QC,"opt+freq: b3lyp/6-311G** em=gd3bj
energy: M062X/6-311G+(2d, p) em=gd3"
1627,a-c19+a-b24+a-b30,[O-]B(OOCc1ccccc1)OOC1CCCCC1,borate,-907.115402,0.244937,0.310869,580.59276,-0.05927,0.09773,10.1386,-906.870465,-906.804533,4.2704,Gaussian,QC,"opt+freq: b3lyp/6-311G** em=gd3bj
energy: M062X/6-311G+(2d, p) em=gd3"
1628,a-c19+a-b24+a-b32,[O-]B(OOCc1ccccc1)OOCC(F)(F)C(F)F,borate,-1187.3789356,0.149651,0.21846,605.931064,-0.0619,0.09796,10.1108,-1187.2292846,-1187.1604756,4.348192,Gaussian,QC,"opt+freq: b3lyp/6-311G** em=gd3bj
energy: M062X/6-311G+(2d, p) em=gd3"
1629,a-c19+a-b25+a-b26,CCCCCOOB([O-])OOc1ccccc1,borate,-829.6962593,0.207462,0.274562,590.881216,-0.06534,0.10104,6.6964,-829.4887973,-829.4216973,4.525536,Gaussian,QC,"opt+freq: b3lyp/6-311G** em=gd3bj
energy: M062X/6-311G+(2d, p) em=gd3"
1630,a-c19+a-b25+a-b28,CCCCCOOB([O-])OOCC(=O)O,borate,-826.5420458,0.168661,0.238094,611.42884,-0.05486,0.10914,3.0686,-826.3733847999999,-826.3039517999999,4.4608,Gaussian,QC,"opt+freq: b3lyp/6-311G** em=gd3bj
energy: M062X/6-311G+(2d, p) em=gd3"
1631,a-c19+a-b25+a-b30,CCCCCOOB([O-])OOC1CCCCC1,borate,-833.3080396,0.274211,0.343514,610.286608,-0.05361,0.13071,8.2242,-833.0338286,-832.9645256,5.013503999999999,Gaussian,QC,"opt+freq: b3lyp/6-311G** em=gd3bj
energy: M062X/6-311G+(2d, p) em=gd3"
1632,a-c19+a-b25+a-b32,CCCCCOOB([O-])OOCC(F)(F)C(F)F,borate,-1113.5827159,0.178974,0.251473,638.4198240000001,-0.07254,0.1369,5.5763,-1113.4037419,-1113.3312429,5.696768,Gaussian,QC,"opt+freq: b3lyp/6-311G** em=gd3bj
energy: M062X/6-311G+(2d, p) em=gd3"
1633,a-c19+a-b25+a-b36,CCCCCCCCCOOB([O-])OOCCCCC,borate,-952.4084953,0.366598,0.451789,750.1828320000001,-0.06245,0.11535,5.905,-952.0418973000001,-951.9567063000001,4.83616,Gaussian,QC,"opt+freq: b3lyp/6-311G** em=gd3bj
energy: M062X/6-311G+(2d, p) em=gd3"
1634,a-c19+a-b25+a-b37,CCCCCOOB([O-])OOC(C(F)(F)F)C(F)(F)F,borate,-1312.0908721,0.162621,0.237183,656.5951200000001,-0.06487,0.1304,6.7161,-1311.9282511,-1311.8536891,5.311344,Gaussian,QC,"opt+freq: b3lyp/6-311G** em=gd3bj
energy: M062X/6-311G+(2d, p) em=gd3"
1635,a-c19+a-b26+a-b28,O=C(O)COOB([O-])OOc1ccccc1,borate,-861.0685763,0.115712,0.176766,537.639816,-0.09025,0.09187,6.4597,-860.9528643,-860.8918103,4.953664,Gaussian,QC,"opt+freq: b3lyp/6-311G** em=gd3bj
energy: M062X/6-311G+(2d, p) em=gd3"
1636,a-c19+a-b26+a-b30,[O-]B(OOc1ccccc1)OOC1CCCCC1,borate,-867.811203,0.215752,0.28177,581.350064,-0.06061,0.10373,8.0682,-867.595451,-867.5294329999999,4.470047999999999,Gaussian,QC,"opt+freq: b3lyp/6-311G** em=gd3bj
energy: M062X/6-311G+(2d, p) em=gd3"
1637,a-c19+a-b26+a-b31,Cc1cccc(OOB([O-])OOc2ccccc2)c1C,borate,-942.8168954,0.199254,0.269504,618.6211360000001,-0.07537,0.09848,2.0707,-942.6176414,-942.5473914,4.72872,Gaussian,QC,"opt+freq: b3lyp/6-311G** em=gd3bj
energy: M062X/6-311G+(2d, p) em=gd3"
1638,a-c19+a-b26+a-b33,[O-]B(OOc1ccccc1)OOc1cccnc1,borate,-880.2442184,0.138357,0.201363,554.8318720000001,-0.08085,0.07611,7.5109,-880.1058614,-880.0428554,4.269311999999999,Gaussian,QC,"opt+freq: b3lyp/6-311G** em=gd3bj
energy: M062X/6-311G+(2d, p) em=gd3"
1639,a-c19+a-b28+a-b30,O=C(O)COOB([O-])OOC1CCCCC1,borate,-864.6820864,0.183421,0.24578,549.1374480000001,-0.0799,0.12669,7.1035,-864.4986654,-864.4363064,5.619248,Gaussian,QC,"opt+freq: b3lyp/6-311G** em=gd3bj
energy: M062X/6-311G+(2d, p) em=gd3"
1640,a-c19+a-b28+a-b32,O=C(O)COOB([O-])OOCC(F)(F)C(F)F,borate,-1144.9491054,0.087324,0.15354,583.094792,-0.09227,0.1195,8.5385,-1144.8617814,-1144.7955654,5.760144,Gaussian,QC,"opt+freq: b3lyp/6-311G** em=gd3bj
energy: M062X/6-311G+(2d, p) em=gd3"
1641,a-c19+a-b28+a-b35,O=C(O)COOB([O-])OOS(=O)(=O)C(F)(F)C(F)(F)F,borate,-1753.4790371,0.057602,0.130116,638.553712,-0.11843,0.0649,6.7169,-1753.4214351,-1753.3489211,4.986575999999999,Gaussian,QC,"opt+freq: b3lyp/6-311G** em=gd3bj
energy: M062X/6-311G+(2d, p) em=gd3"
1642,a-c19+a-b28+a-b36,CCCCCCCCCOOB([O-])OOCC(=O)O,borate,-983.7700897,0.277026,0.353933,677.234792,-0.06896,0.11257,10.2831,-983.4930637,-983.4161567,4.937616,Gaussian,QC,"opt+freq: b3lyp/6-311G** em=gd3bj
energy: M062X/6-311G+(2d, p) em=gd3"
1643,a-c22+a-b1,CCCCCCCCCC(=O)[O-],acetate,-542.9469004,0.225291,0.283428,511.95424,-0.02816,0.1194,14.7431,-542.7216094,-542.6634724,4.013631999999999,Gaussian,QC,"opt+freq: b3lyp/6-311G** em=gd3bj
energy: M062X/6-311G+(2d, p) em=gd3"
1644,a-c22+a-b2,N=C(N)NCC(=O)[O-],acetate,-432.6824689,0.068448,0.111572,379.752392,-0.0419,0.14206,8.0179,-432.6140209,-432.5708969,5.003711999999999,Gaussian,QC,"opt+freq: b3lyp/6-311G** em=gd3bj
energy: M062X/6-311G+(2d, p) em=gd3"
1645,a-c22+a-b3,CC(F)(F)S(=O)(=O)CC(=O)[O-],acetate,-1054.2179045,0.055753,0.108336,463.039096,-0.06411,0.14494,7.9793,-1054.1621515,-1054.1095685,5.68616,Gaussian,QC,"opt+freq: b3lyp/6-311G** em=gd3bj
energy: M062X/6-311G+(2d, p) em=gd3"
1646,a-c22+a-b4,O=C([O-])CCCCC(F)(F)C(F)(F)F,acetate,-921.2905943,0.104833,0.162496,507.774424,-0.04023,0.16014,11.2941,-921.1857613,-921.1280982999999,5.450063999999999,Gaussian,QC,"opt+freq: b3lyp/6-311G** em=gd3bj
energy: M062X/6-311G+(2d, p) em=gd3"
1647,a-c22+a-b5,O=C([O-])CC(=O)C(F)(F)F,acetate,-678.9016417,0.02411,0.071091,413.705552,-0.06321,0.1012,6.5025,-678.8775317000001,-678.8305507,4.471952,Gaussian,QC,"opt+freq: b3lyp/6-311G** em=gd3bj
energy: M062X/6-311G+(2d, p) em=gd3"
1648,a-c22+a-b6,O=C([O-])Cc1ccncc1,acetate,-475.5824854,0.07928,0.123502,389.413248,-0.04847,0.10584,6.9925,-475.5032054,-475.4589834,4.197232,Gaussian,QC,"opt+freq: b3lyp/6-311G** em=gd3bj
energy: M062X/6-311G+(2d, p) em=gd3"
1649,a-c22+a-b7,O=C([O-])Cc1ccccc1O,acetate,-534.7570043,0.092575,0.140101,418.508784,-0.0338,0.11871,10.8804,-534.6644292999999,-534.6169033,4.148272,Gaussian,QC,"opt+freq: b3lyp/6-311G** em=gd3bj
energy: M062X/6-311G+(2d, p) em=gd3"
1650,a-c22+a-b8,O=C([O-])CC(=O)O,acetate,-417.0939726,0.029633,0.069434,350.485312,-0.04406,0.1632,5.7612,-417.0643396,-417.0245386,5.637472,Gaussian,QC,"opt+freq: b3lyp/6-311G** em=gd3bj
energy: M062X/6-311G+(2d, p) em=gd3"
1651,a-c22+a-b9,O=C([O-])CC(=O)CF,acetate,-480.3907231,0.042262,0.085483,380.601744,-0.05458,0.12156,5.467,-480.3484611,-480.3052401,4.791008,Gaussian,QC,"opt+freq: b3lyp/6-311G** em=gd3bj
energy: M062X/6-311G+(2d, p) em=gd3"
1652,a-c22+a-b10,CCCCCCCCCCCC(=O)[O-],acetate,-621.5560563,0.276771,0.341393,569.0574720000001,-0.02861,0.10593,18.7396,-621.2792853,-621.2146633,3.659488,Gaussian,QC,"opt+freq: b3lyp/6-311G** em=gd3bj
energy: M062X/6-311G+(2d, p) em=gd3"
1653,a-c22+a-b11,CCCCC(CC)CCC(=O)[O-],acetate,-542.9514469,0.226622,0.283028,496.716112,-0.03815,0.14328,8.9784,-542.7248248999999,-542.6684189,4.934895999999999,Gaussian,QC,"opt+freq: b3lyp/6-311G** em=gd3bj
energy: M062X/6-311G+(2d, p) em=gd3"
1654,a-c22+a-b12,O=C([O-])CS(=O)(=O)C(F)(F)C(F)(F)C(F)(F)C(F)(F)F,acetate,-1827.5423806,0.046341,0.116923,621.537384,-0.08201,0.09327,13.7975,-1827.4960396,-1827.4254576,4.767615999999999,Gaussian,QC,"opt+freq: b3lyp/6-311G** em=gd3bj
energy: M062X/6-311G+(2d, p) em=gd3"
1655,a-c22+a-b13,CCCCCCCC(=O)[O-],acetate,-464.3375294,0.173819,0.225471,454.846824,-0.02725,0.13535,11.3552,-464.1637104,-464.1120584,4.42272,Gaussian,QC,"opt+freq: b3lyp/6-311G** em=gd3bj
energy: M062X/6-311G+(2d, p) em=gd3"
1656,a-c22+a-b14,CCCCCC(=O)[O-],acetate,-385.7280288,0.122521,0.167547,396.5009440000001,-0.02556,0.15836,7.7486,-385.6055078,-385.5604818,5.002624,Gaussian,QC,"opt+freq: b3lyp/6-311G** em=gd3bj
energy: M062X/6-311G+(2d, p) em=gd3"
1657,a-c22+a-b15,CCCC(=O)[O-],acetate,-307.1178705,0.070739,0.109351,340.016944,-0.02027,0.18306,5.8077,-307.0471315,-307.0085195,5.530576,Gaussian,QC,"opt+freq: b3lyp/6-311G** em=gd3bj
energy: M062X/6-311G+(2d, p) em=gd3"
1658,a-c22+a-b16,Cc1cc(Cl)ccc1CC(=O)[O-],acetate,-958.4531425,0.104655,0.155352,446.4328,-0.0489,0.10591,9.3129,-958.3484875,-958.2977905,4.210832,Gaussian,QC,"opt+freq: b3lyp/6-311G** em=gd3bj
energy: M062X/6-311G+(2d, p) em=gd3"
1659,a-c22+a-b17,O=C([O-])CS(=O)(=O)C(F)(F)F,acetate,-1114.1622912,0.023204,0.073098,439.366024,-0.07777,0.15173,5.8971,-1114.1390872,-1114.0891932,6.2424,Gaussian,QC,"opt+freq: b3lyp/6-311G** em=gd3bj
energy: M062X/6-311G+(2d, p) em=gd3"
1660,a-c22+a-b18,O=C([O-])CC(F)(F)F,acetate,-565.5841982,0.018404,0.060298,368.915832,-0.04135,0.20894,6.7113,-565.5657941999999,-565.5239002,6.807888,Gaussian,QC,"opt+freq: b3lyp/6-311G** em=gd3bj
energy: M062X/6-311G+(2d, p) em=gd3"
1661,a-c22+a-b19,O=C([O-])Cc1ccccn1,acetate,-475.5781742,0.078987,0.123215,389.471824,-0.04076,0.10393,9.2557,-475.4991872,-475.4549592,3.935568,Gaussian,QC,"opt+freq: b3lyp/6-311G** em=gd3bj
energy: M062X/6-311G+(2d, p) em=gd3"
1662,a-c22+a-b20,O=C([O-])CS(=O)(=O)C(F)(F)C(F)(F)C(F)(F)F,acetate,-1589.7498335,0.038511,0.102294,561.672712,-0.08109,0.10622,10.9833,-1589.7113225,-1589.6475395,5.094831999999999,Gaussian,QC,"opt+freq: b3lyp/6-311G** em=gd3bj
energy: M062X/6-311G+(2d, p) em=gd3"
1663,a-c22+a-b21,CC(=O)CC(=O)[O-],acetate,-381.1513504,0.05042,0.091439,361.20472,-0.04688,0.13964,4.9282,-381.1009304,-381.0599114,5.073344,Gaussian,QC,"opt+freq: b3lyp/6-311G** em=gd3bj
energy: M062X/6-311G+(2d, p) em=gd3"
1664,a-c22+a-b22,COCC(=O)[O-],acetate,-343.0194909,0.048412,0.086231,333.029664,-0.0243,0.19107,5.1823,-342.9710789,-342.9332599,5.858063999999999,Gaussian,QC,"opt+freq: b3lyp/6-311G** em=gd3bj
energy: M062X/6-311G+(2d, p) em=gd3"
1665,a-c22+a-b23,O=C([O-])CCC(F)(F)F,acetate,-604.8915359,0.044363,0.089399,396.584624,-0.03613,0.1961,9.3051,-604.8471729,-604.8021369,6.316656,Gaussian,QC,"opt+freq: b3lyp/6-311G** em=gd3bj
energy: M062X/6-311G+(2d, p) em=gd3"
1666,a-c22+a-b24,O=C([O-])CCc1ccccc1,acetate,-498.8382743,0.117104,0.163978,412.77252,-0.03547,0.10808,9.9257,-498.7211703,-498.6742963,3.90456,Gaussian,QC,"opt+freq: b3lyp/6-311G** em=gd3bj
energy: M062X/6-311G+(2d, p) em=gd3"
1667,a-c22+a-b25,CCCCCCC(=O)[O-],acetate,-425.0328063,0.148073,0.196497,426.420728,-0.02655,0.14496,9.5997,-424.8847333,-424.8363093,4.665071999999999,Gaussian,QC,"opt+freq: b3lyp/6-311G** em=gd3bj
energy: M062X/6-311G+(2d, p) em=gd3"
1668,a-c22+a-b26,O=C([O-])Cc1ccccc1,acetate,-459.5338271,0.090314,0.134765,391.438304,-0.03747,0.12054,9.0383,-459.4435131,-459.3990621,4.297871999999999,Gaussian,QC,"opt+freq: b3lyp/6-311G** em=gd3bj
energy: M062X/6-311G+(2d, p) em=gd3"
1669,a-c22+a-b27,CCCCCCCCCCCCCC(=O)[O-],acetate,-700.1651448,0.328198,0.399355,626.6125760000001,-0.02882,0.09586,22.6304,-699.8369468,-699.7657898,3.391296,Gaussian,QC,"opt+freq: b3lyp/6-311G** em=gd3bj
energy: M062X/6-311G+(2d, p) em=gd3"
1670,a-c22+a-b28,O=C([O-])CCC(=O)O,acetate,-456.3969816,0.056542,0.098499,369.480672,-0.03364,0.16099,6.8595,-456.3404396,-456.2984826,5.293936,Gaussian,QC,"opt+freq: b3lyp/6-311G** em=gd3bj
energy: M062X/6-311G+(2d, p) em=gd3"
1671,a-c22+a-b30,O=C([O-])CC1CCCCC1,acetate,-463.1462237,0.156892,0.203374,409.32072,-0.02596,0.1442,11.3976,-462.9893317,-462.9428497,4.628352,Gaussian,QC,"opt+freq: b3lyp/6-311G** em=gd3bj
energy: M062X/6-311G+(2d, p) em=gd3"
1672,a-c22+a-b31,Cc1cccc(CC(=O)[O-])c1C,acetate,-538.1495843,0.140855,0.191682,447.587584,-0.03978,0.12137,9.8894,-538.0087293,-537.9579023,4.38328,Gaussian,QC,"opt+freq: b3lyp/6-311G** em=gd3bj
energy: M062X/6-311G+(2d, p) em=gd3"
1673,a-c22+a-b32,O=C([O-])CCC(F)(F)C(F)F,acetate,-743.4214982,0.060995,0.111475,444.533264,-0.03186,0.16228,9.962,-743.3605031999999,-743.3100231999999,5.280608,Gaussian,QC,"opt+freq: b3lyp/6-311G** em=gd3bj
energy: M062X/6-311G+(2d, p) em=gd3"
1674,a-c22+a-b33,O=C([O-])Cc1cccnc1,acetate,-475.5784747,0.078946,0.123356,391.074296,-0.04339,0.1037,8.5114,-475.4995287,-475.4551187,4.000848,Gaussian,QC,"opt+freq: b3lyp/6-311G** em=gd3bj
energy: M062X/6-311G+(2d, p) em=gd3"
1675,a-c22+a-b34,O=C([O-])CC1CCCN1,acetate,-439.8749016,0.119169,0.16375,392.576352,-0.03908,0.15889,7.8585,-439.7557326,-439.7111516,5.384784,Gaussian,QC,"opt+freq: b3lyp/6-311G** em=gd3bj
energy: M062X/6-311G+(2d, p) em=gd3"
1676,a-c22+a-b35,O=C([O-])CS(=O)(=O)C(F)(F)C(F)(F)F,acetate,-1351.9571164,0.030927,0.087657,499.561232,-0.07982,0.12315,8.6942,-1351.9261894,-1351.8694594,5.520783999999999,Gaussian,QC,"opt+freq: b3lyp/6-311G** em=gd3bj
energy: M062X/6-311G+(2d, p) em=gd3"
1677,a-c22+a-b36,CCCCCCCCCCC(=O)[O-],acetate,-582.2514891,0.251016,0.312401,540.55188,-0.02842,0.11209,16.7332,-582.0004730999999,-581.9390880999999,3.821872,Gaussian,QC,"opt+freq: b3lyp/6-311G** em=gd3bj
energy: M062X/6-311G+(2d, p) em=gd3"
1678,a-c22+a-b37,O=C([O-])CC(C(F)(F)F)C(F)(F)F,acetate,-941.9546265,0.043807,0.097358,471.561904,-0.05114,0.20639,9.1906,-941.9108195,-941.8572685,7.004815999999999,Gaussian,QC,"opt+freq: b3lyp/6-311G** em=gd3bj
energy: M062X/6-311G+(2d, p) em=gd3"
1679,a-c22+a-b38,O=C([O-])CCC(F)(F)C(F)(F)C(F)(F)C(F)F,acetate,-1219.0096408,0.076394,0.140772,566.9110800000001,-0.037,0.1217,14.0829,-1218.9332468,-1218.8688688,4.31664,Gaussian,QC,"opt+freq: b3lyp/6-311G** em=gd3bj
energy: M062X/6-311G+(2d, p) em=gd3"
1680,a-c23+a-b1+a-b2,CCCCCCCCC(NC(=N)N)C(=O)[O-],acetate,-747.1264404,0.27421,0.342984,605.629816,-0.05878,0.11346,12.6545,-746.8522303999999,-746.7834564,4.684928,Gaussian,QC,"opt+freq: b3lyp/6-311G** em=gd3bj
energy: M062X/6-311G+(2d, p) em=gd3"
1681,a-c23+a-b1+a-b3,CCCCCCCCC(C(=O)[O-])S(=O)(=O)C(C)(F)F,acetate,-1368.6685996,0.263222,0.34028,678.5653040000001,-0.08451,0.11162,8.3845,-1368.4053776,-1368.3283196,5.334735999999999,Gaussian,QC,"opt+freq: b3lyp/6-311G** em=gd3bj
energy: M062X/6-311G+(2d, p) em=gd3"
1682,a-c23+a-b1+a-b5,CCCCCCCCC(C(=O)[O-])C(=O)C(F)(F)F,acetate,-993.3390212,0.230851,0.302841,633.9345760000001,-0.07318,0.10205,11.5663,-993.1081702,-993.0361802000001,4.766255999999999,Gaussian,QC,"opt+freq: b3lyp/6-311G** em=gd3bj
energy: M062X/6-311G+(2d, p) em=gd3"
1683,a-c23+a-b1+a-b6,CCCCCCCCC(C(=O)[O-])c1ccncc1,acetate,-790.0248907,0.28554,0.355087,612.428816,-0.05883,0.09666,11.5199,-789.7393507,-789.6698037,4.229328,Gaussian,QC,"opt+freq: b3lyp/6-311G** em=gd3bj
energy: M062X/6-311G+(2d, p) em=gd3"
1684,a-c23+a-b1+a-b7,CCCCCCCCC(C(=O)[O-])c1ccccc1O,acetate,-849.2320469,0.300521,0.370535,616.541688,-0.07306,0.11207,10.7892,-848.9315259,-848.8615119,5.035536,Gaussian,QC,"opt+freq: b3lyp/6-311G** em=gd3bj
energy: M062X/6-311G+(2d, p) em=gd3"
1685,a-c23+a-b1+a-b8,CCCCCCCCC(C(=O)[O-])C(=O)O,acetate,-731.5328989,0.235178,0.30084,578.2162480000001,-0.05465,0.11559,13.0184,-731.2977209,-731.2320589,4.630528,Gaussian,QC,"opt+freq: b3lyp/6-311G** em=gd3bj
energy: M062X/6-311G+(2d, p) em=gd3"
1686,a-c23+a-b1+a-b9,CCCCCCCCC(C(=O)[O-])C(=O)CF,acetate,-794.8289823,0.248543,0.317346,605.880856,-0.06601,0.10037,11.0342,-794.5804393,-794.5116363,4.525536,Gaussian,QC,"opt+freq: b3lyp/6-311G** em=gd3bj
energy: M062X/6-311G+(2d, p) em=gd3"
1687,a-c23+a-b1+a-b13,CCCCCCCCC(CCCCCC)C(=O)[O-],acetate,-778.7789001,0.379515,0.456623,679.004624,-0.04396,0.11147,10.971,-778.3993851,-778.3222771,4.227696,Gaussian,QC,"opt+freq: b3lyp/6-311G** em=gd3bj
energy: M062X/6-311G+(2d, p) em=gd3"
1688,a-c23+a-b1+a-b14,CCCCCCCCC(CCCC)C(=O)[O-],acetate,-700.1693217,0.328496,0.398722,618.4119360000001,-0.04171,0.1123,12.9125,-699.8408257,-699.7705996999999,4.189071999999999,Gaussian,QC,"opt+freq: b3lyp/6-311G** em=gd3bj
energy: M062X/6-311G+(2d, p) em=gd3"
1689,a-c23+a-b1+a-b15,CCCCCCCCC(CC)C(=O)[O-],acetate,-621.5572899,0.275756,0.340813,572.8900160000001,-0.03101,0.11207,15.6421,-621.2815339,-621.2164769,3.891776,Gaussian,QC,"opt+freq: b3lyp/6-311G** em=gd3bj
energy: M062X/6-311G+(2d, p) em=gd3"
1690,a-c23+a-b1+a-b16,CCCCCCCCC(C(=O)[O-])c1ccc(Cl)cc1C,acetate,-1272.8936276,0.310418,0.386974,674.147,-0.05861,0.0981,10.5617,-1272.5832096,-1272.5066536,4.262512,Gaussian,QC,"opt+freq: b3lyp/6-311G** em=gd3bj
energy: M062X/6-311G+(2d, p) em=gd3"
1691,a-c23+a-b1+a-b17,CCCCCCCCC(C(=O)[O-])S(=O)(=O)C(F)(F)F,acetate,-1428.6028755,0.229843,0.305019,661.996664,-0.08441,0.10983,9.9618,-1428.3730325,-1428.2978565,5.283328,Gaussian,QC,"opt+freq: b3lyp/6-311G** em=gd3bj
energy: M062X/6-311G+(2d, p) em=gd3"
1692,a-c23+a-b1+a-b18,CCCCCCCCC(C(=O)[O-])C(F)(F)F,acetate,-880.0257007,0.22449,0.29194,593.956456,-0.05416,0.11466,12.1976,-879.8012107000001,-879.7337607000001,4.591904,Gaussian,QC,"opt+freq: b3lyp/6-311G** em=gd3bj
energy: M062X/6-311G+(2d, p) em=gd3"
1693,a-c23+a-b1+a-b19,CCCCCCCCC(C(=O)[O-])c1ccccn1,acetate,-790.021283,0.285108,0.354888,614.478976,-0.05197,0.09263,10.1262,-789.736175,-789.6663950000001,3.93312,Gaussian,QC,"opt+freq: b3lyp/6-311G** em=gd3bj
energy: M062X/6-311G+(2d, p) em=gd3"
1694,a-c23+a-b1+a-b21,CCCCCCCCC(C(C)=O)C(=O)[O-],acetate,-695.5906484,0.255139,0.323096,598.429152,-0.05697,0.11567,12.895,-695.3355094,-695.2675524,4.695808,Gaussian,QC,"opt+freq: b3lyp/6-311G** em=gd3bj
energy: M062X/6-311G+(2d, p) em=gd3"
1695,a-c23+a-b1+a-b22,CCCCCCCCC(OC)C(=O)[O-],acetate,-657.4628802,0.253492,0.31747,563.383968,-0.03914,0.11975,12.6399,-657.2093881999999,-657.1454102,4.321808,Gaussian,QC,"opt+freq: b3lyp/6-311G** em=gd3bj
energy: M062X/6-311G+(2d, p) em=gd3"
1696,a-c23+a-b1+a-b23,CCCCCCCCC(CC(F)(F)F)C(=O)[O-],acetate,-919.3255877,0.250768,0.320857,617.1985760000001,-0.05138,0.11677,11.4123,-919.0748197,-919.0047307,4.57368,Gaussian,QC,"opt+freq: b3lyp/6-311G** em=gd3bj
energy: M062X/6-311G+(2d, p) em=gd3"
1697,a-c23+a-b1+a-b24,CCCCCCCCC(Cc1ccccc1)C(=O)[O-],acetate,-813.2790359,0.322461,0.395261,641.076664,-0.04608,0.10363,12.9602,-812.9565749000001,-812.8837749,4.072112,Gaussian,QC,"opt+freq: b3lyp/6-311G** em=gd3bj
energy: M062X/6-311G+(2d, p) em=gd3"
1698,a-c23+a-b1+a-b25,CCCCCCCCC(CCCCC)C(=O)[O-],acetate,-739.4740298,0.354009,0.427699,648.9091119999999,-0.04302,0.11172,11.8557,-739.1200208,-739.0463308000001,4.208927999999999,Gaussian,QC,"opt+freq: b3lyp/6-311G** em=gd3bj
energy: M062X/6-311G+(2d, p) em=gd3"
1699,a-c23+a-b1+a-b26,CCCCCCCCC(C(=O)[O-])c1ccccc1,acetate,-773.976925,0.296588,0.366312,613.98108,-0.04995,0.11188,10.9267,-773.680337,-773.6106130000001,4.401776,Gaussian,QC,"opt+freq: b3lyp/6-311G** em=gd3bj
energy: M062X/6-311G+(2d, p) em=gd3"
1700,a-c23+a-b1+a-b28,CCCCCCCCC(CC(=O)O)C(=O)[O-],acetate,-770.8354743,0.262354,0.329755,593.5338720000001,-0.05496,0.11874,11.6834,-770.5731203,-770.5057193,4.72464,Gaussian,QC,"opt+freq: b3lyp/6-311G** em=gd3bj
energy: M062X/6-311G+(2d, p) em=gd3"
1701,a-c23+a-b1+a-b30,CCCCCCCCC(C(=O)[O-])C1CCCCC1,acetate,-777.5887168,0.362533,0.434955,637.7462,-0.04133,0.11746,10.8965,-777.2261838000001,-777.1537618000001,4.319088,Gaussian,QC,"opt+freq: b3lyp/6-311G** em=gd3bj
energy: M062X/6-311G+(2d, p) em=gd3"
1702,a-c23+a-b1+a-b31,CCCCCCCCC(C(=O)[O-])c1cccc(C)c1C,acetate,-852.5873222,0.346311,0.423005,675.36036,-0.04705,0.11199,14.1079,-852.2410112,-852.1643172,4.325888,Gaussian,QC,"opt+freq: b3lyp/6-311G** em=gd3bj
energy: M062X/6-311G+(2d, p) em=gd3"
1703,a-c23+a-b1+a-b32,CCCCCCCCC(CC(F)(F)C(F)F)C(=O)[O-],acetate,-1057.8578647,0.267849,0.343096,662.62008,-0.04906,0.11894,10.7747,-1057.5900157,-1057.5147687,4.5696,Gaussian,QC,"opt+freq: b3lyp/6-311G** em=gd3bj
energy: M062X/6-311G+(2d, p) em=gd3"
1704,a-c23+a-b1+a-b33,CCCCCCCCC(C(=O)[O-])c1cccnc1,acetate,-790.0206259,0.285334,0.354963,613.156832,-0.0549,0.09365,12.1275,-789.7352919,-789.6656629,4.040559999999999,Gaussian,QC,"opt+freq: b3lyp/6-311G** em=gd3bj
energy: M062X/6-311G+(2d, p) em=gd3"
1705,a-c23+a-b2+a-b3,CC(F)(F)S(=O)(=O)C(NC(=N)N)C(=O)[O-],acetate,-1258.3854274,0.105919,0.167823,545.120808,-0.09242,0.11106,6.6998,-1258.2795084,-1258.2176044,5.534656,Gaussian,QC,"opt+freq: b3lyp/6-311G** em=gd3bj
energy: M062X/6-311G+(2d, p) em=gd3"
1706,a-c23+a-b2+a-b4,N=C(N)NC(CCCC(F)(F)C(F)(F)F)C(=O)[O-],acetate,-1125.4707307,0.153061,0.221666,604.131944,-0.06799,0.1293,5.9417,-1125.3176697,-1125.2490647,5.366288,Gaussian,QC,"opt+freq: b3lyp/6-311G** em=gd3bj
energy: M062X/6-311G+(2d, p) em=gd3"
1707,a-c23+a-b2+a-b5,N=C(N)NC(C(=O)[O-])C(=O)C(F)(F)F,acetate,-883.0706124,0.073225,0.13054,504.71592,-0.07883,0.09388,7.5909,-882.9973874,-882.9400724,4.697712,Gaussian,QC,"opt+freq: b3lyp/6-311G** em=gd3bj
energy: M062X/6-311G+(2d, p) em=gd3"
1708,a-c23+a-b2+a-b6,N=C(N)NC(C(=O)[O-])c1ccncc1,acetate,-679.758301,0.128425,0.182997,480.557504,-0.06996,0.10485,6.3001,-679.629876,-679.575304,4.754832,Gaussian,QC,"opt+freq: b3lyp/6-311G** em=gd3bj
energy: M062X/6-311G+(2d, p) em=gd3"
1709,a-c23+a-b2+a-b7,N=C(N)NC(C(=O)[O-])c1ccccc1O,acetate,-738.9277076,0.143216,0.200453,504.02556,-0.0506,0.10309,6.49,-738.7844915999999,-738.7272545999999,4.180368,Gaussian,QC,"opt+freq: b3lyp/6-311G** em=gd3bj
energy: M062X/6-311G+(2d, p) em=gd3"
1710,a-c23+a-b2+a-b8,N=C(N)NC(C(=O)[O-])C(=O)O,acetate,-621.2636836,0.077947,0.128797,447.784232,-0.06395,0.13382,7.4723,-621.1857366,-621.1348866000001,5.379344,Gaussian,QC,"opt+freq: b3lyp/6-311G** em=gd3bj
energy: M062X/6-311G+(2d, p) em=gd3"
1711,a-c23+a-b2+a-b9,N=C(N)NC(C(=O)[O-])C(=O)CF,acetate,-684.5576621,0.090691,0.144582,474.561832,-0.0656,0.12271,8.4135,-684.4669711,-684.4130801,5.122032,Gaussian,QC,"opt+freq: b3lyp/6-311G** em=gd3bj
energy: M062X/6-311G+(2d, p) em=gd3"
1712,a-c23+a-b2+a-b10,CCCCCCCCCCC(NC(=N)N)C(=O)[O-],acetate,-825.7355764,0.32568,0.40095,662.8292799999999,-0.05923,0.10218,15.8592,-825.4098964,-825.3346264,4.390352,Gaussian,QC,"opt+freq: b3lyp/6-311G** em=gd3bj
energy: M062X/6-311G+(2d, p) em=gd3"
1713,a-c23+a-b2+a-b11,CCCCC(CC)CC(NC(=N)N)C(=O)[O-],acetate,-747.1321359,0.275636,0.342804,591.483712,-0.05658,0.1247,11.3125,-746.8564999,-746.7893319,4.930816,Gaussian,QC,"opt+freq: b3lyp/6-311G** em=gd3bj
energy: M062X/6-311G+(2d, p) em=gd3"
1714,a-c23+a-b2+a-b13,CCCCCCC(NC(=N)N)C(=O)[O-],acetate,-668.5172393,0.222612,0.285,549.38012,-0.05775,0.12514,9.7005,-668.2946273,-668.2322393000001,4.974608,Gaussian,QC,"opt+freq: b3lyp/6-311G** em=gd3bj
energy: M062X/6-311G+(2d, p) em=gd3"
1715,a-c23+a-b2+a-b14,CCCCC(NC(=N)N)C(=O)[O-],acetate,-589.9078111,0.170779,0.227042,495.456728,-0.05521,0.13914,7.444,-589.7370321,-589.6807691,5.286320000000001,Gaussian,QC,"opt+freq: b3lyp/6-311G** em=gd3bj
energy: M062X/6-311G+(2d, p) em=gd3"
1716,a-c23+a-b2+a-b15,CCC(NC(=N)N)C(=O)[O-],acetate,-511.3008065,0.120594,0.169333,429.19472,-0.04972,0.15845,5.3866,-511.1802125,-511.1314735,5.662224,Gaussian,QC,"opt+freq: b3lyp/6-311G** em=gd3bj
energy: M062X/6-311G+(2d, p) em=gd3"
1717,a-c23+a-b2+a-b16,Cc1cc(Cl)ccc1C(NC(=N)N)C(=O)[O-],acetate,-1162.6282139,0.155172,0.215027,527.0794,-0.07668,0.08874,7.7888,-1162.4730419,-1162.4131869,4.499424,Gaussian,QC,"opt+freq: b3lyp/6-311G** em=gd3bj
energy: M062X/6-311G+(2d, p) em=gd3"
1718,a-c23+a-b2+a-b17,N=C(N)NC(C(=O)[O-])S(=O)(=O)C(F)(F)F,acetate,-1318.3279397,0.071389,0.132349,536.811384,-0.08967,0.12024,5.6739,-1318.2565507,-1318.1955907,5.709552,Gaussian,QC,"opt+freq: b3lyp/6-311G** em=gd3bj
energy: M062X/6-311G+(2d, p) em=gd3"
1719,a-c23+a-b2+a-b18,N=C(N)NC(C(=O)[O-])C(F)(F)F,acetate,-769.7546211,0.068059,0.119785,455.495344,-0.06161,0.13332,6.6644,-769.6865621000001,-769.6348361,5.302096,Gaussian,QC,"opt+freq: b3lyp/6-311G** em=gd3bj
energy: M062X/6-311G+(2d, p) em=gd3"
1720,a-c23+a-b2+a-b19,N=C(N)NC(C(=O)[O-])c1ccccn1,acetate,-679.7482828,0.127257,0.182432,485.871184,-0.05818,0.09994,7.4514,-679.6210258,-679.5658508,4.300864,Gaussian,QC,"opt+freq: b3lyp/6-311G** em=gd3bj
energy: M062X/6-311G+(2d, p) em=gd3"
1721,a-c23+a-b2+a-b21,CC(=O)C(NC(=N)N)C(=O)[O-],acetate,-585.3216906,0.100131,0.151144,449.219344,-0.07643,0.1082,4.8011,-585.2215596,-585.1705466,5.021936,Gaussian,QC,"opt+freq: b3lyp/6-311G** em=gd3bj
energy: M062X/6-311G+(2d, p) em=gd3"
1722,a-c23+a-b2+a-b22,COC(NC(=N)N)C(=O)[O-],acetate,-547.199127,0.097998,0.145955,422.31204,-0.06441,0.15655,5.0339,-547.101129,-547.053172,6.010111999999999,Gaussian,QC,"opt+freq: b3lyp/6-311G** em=gd3bj
energy: M062X/6-311G+(2d, p) em=gd3"
1723,a-c23+a-b2+a-b23,N=C(N)NC(CC(F)(F)F)C(=O)[O-],acetate,-809.064146,0.093946,0.148822,483.235264,-0.0608,0.13378,7.1343,-808.9702000000001,-808.915324,5.292576,Gaussian,QC,"opt+freq: b3lyp/6-311G** em=gd3bj
energy: M062X/6-311G+(2d, p) em=gd3"
1724,a-c23+a-b2+a-b24,N=C(N)NC(Cc1ccccc1)C(=O)[O-],acetate,-703.0194192,0.165243,0.223401,512.14252,-0.06094,0.1135,7.6151,-702.8541762,-702.7960182,4.744768000000001,Gaussian,QC,"opt+freq: b3lyp/6-311G** em=gd3bj
energy: M062X/6-311G+(2d, p) em=gd3"
1725,a-c23+a-b2+a-b25,CCCCCC(NC(=N)N)C(=O)[O-],acetate,-629.2127512,0.197079,0.256051,519.3055280000001,-0.05711,0.1343,8.26,-629.0156721999999,-628.9567002,5.206352,Gaussian,QC,"opt+freq: b3lyp/6-311G** em=gd3bj
energy: M062X/6-311G+(2d, p) em=gd3"
1726,a-c23+a-b2+a-b26,N=C(N)NC(C(=O)[O-])c1ccccc1,acetate,-663.7098405,0.139465,0.194258,482.503064,-0.06101,0.12023,6.3743,-663.5703755000001,-663.5155825,4.929728,Gaussian,QC,"opt+freq: b3lyp/6-311G** em=gd3bj
energy: M062X/6-311G+(2d, p) em=gd3"
1727,a-c23+a-b2+a-b27,CCCCCCCCCCCCC(NC(=N)N)C(=O)[O-],acetate,-904.3446026,0.377122,0.458911,720.237944,-0.05942,0.09305,19.5067,-903.9674806,-903.8856916000001,4.147183999999999,Gaussian,QC,"opt+freq: b3lyp/6-311G** em=gd3bj
energy: M062X/6-311G+(2d, p) em=gd3"
1728,a-c23+a-b2+a-b28,N=C(N)NC(CC(=O)O)C(=O)[O-],acetate,-660.5720134,0.104007,0.157817,473.8547360000001,-0.05679,0.13361,7.3635,-660.4680063999999,-660.4141963999999,5.17888,Gaussian,QC,"opt+freq: b3lyp/6-311G** em=gd3bj
energy: M062X/6-311G+(2d, p) em=gd3"
1729,a-c23+a-b2+a-b30,N=C(N)NC(C(=O)[O-])C1CCCCC1,acetate,-667.3257658,0.206269,0.263268,501.9335600000001,-0.05116,0.13741,7.586,-667.1194968,-667.0624978,5.129104,Gaussian,QC,"opt+freq: b3lyp/6-311G** em=gd3bj
energy: M062X/6-311G+(2d, p) em=gd3"
1730,a-c23+a-b2+a-b31,Cc1cccc(C(NC(=N)N)C(=O)[O-])c1C,acetate,-742.3272225,0.190788,0.251198,531.970496,-0.06113,0.10109,8.6915,-742.1364345,-742.0760244999999,4.412384,Gaussian,QC,"opt+freq: b3lyp/6-311G** em=gd3bj
energy: M062X/6-311G+(2d, p) em=gd3"
1731,a-c23+a-b2+a-b32,N=C(N)NC(CC(F)(F)C(F)F)C(=O)[O-],acetate,-947.5976315,0.110717,0.171043,531.234112,-0.05546,0.13476,10.508,-947.4869145,-947.4265885,5.173984,Gaussian,QC,"opt+freq: b3lyp/6-311G** em=gd3bj
energy: M062X/6-311G+(2d, p) em=gd3"
1732,a-c23+a-b2+a-b33,N=C(N)NC(C(=O)[O-])c1cccnc1,acetate,-679.7547021,0.128213,0.182897,481.544928,-0.0671,0.10382,7.6673,-679.6264891000001,-679.5718051,4.649024000000001,Gaussian,QC,"opt+freq: b3lyp/6-311G** em=gd3bj
energy: M062X/6-311G+(2d, p) em=gd3"
1733,a-c23+a-b2+a-b35,N=C(N)NC(C(=O)[O-])S(=O)(=O)C(F)(F)C(F)(F)F,acetate,-1556.1230895,0.079363,0.146938,595.0568480000001,-0.09106,0.11725,6.4091,-1556.0437265,-1555.9761515,5.666032,Gaussian,QC,"opt+freq: b3lyp/6-311G** em=gd3bj
energy: M062X/6-311G+(2d, p) em=gd3"
1734,a-c23+a-b2+a-b36,CCCCCCCCCC(NC(=N)N)C(=O)[O-],acetate,-786.4310273,0.299882,0.371956,634.6835120000001,-0.05904,0.10801,14.1264,-786.1311453,-786.0590713,4.54376,Gaussian,QC,"opt+freq: b3lyp/6-311G** em=gd3bj
energy: M062X/6-311G+(2d, p) em=gd3"
1735,a-c23+a-b2+a-b37,N=C(N)NC(C(=O)[O-])C(C(F)(F)F)C(F)(F)F,acetate,-1146.1113427,0.092209,0.156912,569.7729360000001,-0.06028,0.12721,6.5069,-1146.0191337,-1145.9544307,5.099728,Gaussian,QC,"opt+freq: b3lyp/6-311G** em=gd3bj
energy: M062X/6-311G+(2d, p) em=gd3"
1736,a-c23+a-b3+a-b5,CC(F)(F)S(=O)(=O)C(C(=O)[O-])C(=O)C(F)(F)F,acetate,-1504.6032314,0.06371,0.127567,562.325416,-0.11522,0.05878,3.7233,-1504.5395214,-1504.4756644,4.732799999999999,Gaussian,QC,"opt+freq: b3lyp/6-311G** em=gd3bj
energy: M062X/6-311G+(2d, p) em=gd3"
1737,a-c23+a-b3+a-b6,CC(F)(F)S(=O)(=O)C(C(=O)[O-])c1ccncc1,acetate,-1301.2858629,0.116822,0.180007,556.400872,-0.0864,0.07029,6.8731,-1301.1690409,-1301.1058559,4.261968,Gaussian,QC,"opt+freq: b3lyp/6-311G** em=gd3bj
energy: M062X/6-311G+(2d, p) em=gd3"
1738,a-c23+a-b3+a-b7,CC(F)(F)S(=O)(=O)C(C(=O)[O-])c1ccccc1O,acetate,-1360.4644461,0.130861,0.196573,578.655568,-0.07404,0.08823,8.9768,-1360.3335851,-1360.2678731,4.413743999999999,Gaussian,QC,"opt+freq: b3lyp/6-311G** em=gd3bj
energy: M062X/6-311G+(2d, p) em=gd3"
1739,a-c23+a-b3+a-b8,CC(F)(F)S(=O)(=O)C(C(=O)[O-])C(=O)O,acetate,-1242.8002826,0.068099,0.125712,507.3392880000001,-0.09843,0.11193,4.8909,-1242.7321836,-1242.6745706,5.721792,Gaussian,QC,"opt+freq: b3lyp/6-311G** em=gd3bj
energy: M062X/6-311G+(2d, p) em=gd3"
1740,a-c23+a-b3+a-b9,CC(F)(F)S(=O)(=O)C(C(=O)[O-])C(=O)CF,acetate,-1306.0957581,0.081178,0.141756,533.451632,-0.1033,0.08204,3.8116,-1306.0145801,-1305.9540021,5.041248,Gaussian,QC,"opt+freq: b3lyp/6-311G** em=gd3bj
energy: M062X/6-311G+(2d, p) em=gd3"
1741,a-c23+a-b3+a-b13,CCCCCCC(C(=O)[O-])S(=O)(=O)C(C)(F)F,acetate,-1290.0593037,0.211847,0.282331,620.67548,-0.08387,0.12408,6.3346,-1289.8474567,-1289.7769727,5.656239999999999,Gaussian,QC,"opt+freq: b3lyp/6-311G** em=gd3bj
energy: M062X/6-311G+(2d, p) em=gd3"
1742,a-c23+a-b3+a-b14,CCCCC(C(=O)[O-])S(=O)(=O)C(C)(F)F,acetate,-1211.4499813,0.160645,0.224387,561.312888,-0.08285,0.1371,4.7836,-1211.2893363,-1211.2255943,5.982639999999999,Gaussian,QC,"opt+freq: b3lyp/6-311G** em=gd3bj
energy: M062X/6-311G+(2d, p) em=gd3"
1743,a-c23+a-b3+a-b15,CCC(C(=O)[O-])S(=O)(=O)C(C)(F)F,acetate,-1132.8391136,0.108428,0.166311,509.711616,-0.07828,0.14308,5.1914,-1132.7306856,-1132.6728026,6.020992,Gaussian,QC,"opt+freq: b3lyp/6-311G** em=gd3bj
energy: M062X/6-311G+(2d, p) em=gd3"
1744,a-c23+a-b3+a-b16,Cc1cc(Cl)ccc1C(C(=O)[O-])S(=O)(=O)C(C)(F)F,acetate,-1784.1650801,0.143767,0.212053,601.32448,-0.09439,0.07157,6.0607,-1784.0213131,-1783.9530271,4.514112,Gaussian,QC,"opt+freq: b3lyp/6-311G** em=gd3bj
energy: M062X/6-311G+(2d, p) em=gd3"
1745,a-c23+a-b3+a-b17,CC(F)(F)S(=O)(=O)C(C(=O)[O-])S(=O)(=O)C(F)(F)F,acetate,-1939.8710562,0.055713,0.12929,647.921688,-0.11241,0.13894,7.5538,-1939.8153432,-1939.7417662,6.836720000000001,Gaussian,QC,"opt+freq: b3lyp/6-311G** em=gd3bj
energy: M062X/6-311G+(2d, p) em=gd3"
1746,a-c23+a-b3+a-b18,CC(F)(F)S(=O)(=O)C(C(=O)[O-])C(F)(F)F,acetate,-1391.2764807,0.055825,0.116176,531.447496,-0.0932,0.13334,5.6057,-1391.2206557,-1391.1603047,6.161887999999999,Gaussian,QC,"opt+freq: b3lyp/6-311G** em=gd3bj
energy: M062X/6-311G+(2d, p) em=gd3"
1747,a-c23+a-b3+a-b19,CC(F)(F)S(=O)(=O)C(C(=O)[O-])c1ccccn1,acetate,-1301.2847933,0.117603,0.179534,545.359296,-0.09095,0.08048,5.4088,-1301.1671903,-1301.1052593,4.662896,Gaussian,QC,"opt+freq: b3lyp/6-311G** em=gd3bj
energy: M062X/6-311G+(2d, p) em=gd3"
1748,a-c23+a-b3+a-b21,CC(=O)C(C(=O)[O-])S(=O)(=O)C(C)(F)F,acetate,-1206.8630379,0.089011,0.147922,518.765792,-0.09958,0.09537,5.1528,-1206.7740269,-1206.7151159,5.30264,Gaussian,QC,"opt+freq: b3lyp/6-311G** em=gd3bj
energy: M062X/6-311G+(2d, p) em=gd3"
1749,a-c23+a-b3+a-b22,COC(C(=O)[O-])S(=O)(=O)C(C)(F)F,acetate,-1168.73557,0.086361,0.142759,496.636616,-0.08466,0.14007,3.9161,-1168.649209,-1168.592811,6.112655999999999,Gaussian,QC,"opt+freq: b3lyp/6-311G** em=gd3bj
energy: M062X/6-311G+(2d, p) em=gd3"
1750,a-c23+a-b3+a-b23,CC(F)(F)S(=O)(=O)C(CC(F)(F)F)C(=O)[O-],acetate,-1430.5901963,0.084237,0.145711,541.334288,-0.08245,0.13668,7.3219,-1430.5059593,-1430.4444853,5.960336,Gaussian,QC,"opt+freq: b3lyp/6-311G** em=gd3bj
energy: M062X/6-311G+(2d, p) em=gd3"
1751,a-c23+a-b3+a-b24,CC(F)(F)S(=O)(=O)C(Cc1ccccc1)C(=O)[O-],acetate,-1324.558175,0.156518,0.220495,563.3797840000001,-0.09204,0.09961,5.7258,-1324.401657,-1324.33768,5.212879999999999,Gaussian,QC,"opt+freq: b3lyp/6-311G** em=gd3bj
energy: M062X/6-311G+(2d, p) em=gd3"
1752,a-c23+a-b3+a-b25,CCCCCC(C(=O)[O-])S(=O)(=O)C(C)(F)F,acetate,-1250.7547778,0.186384,0.253385,590.00676,-0.08351,0.132,5.4037,-1250.5683938,-1250.5013928,5.861872,Gaussian,QC,"opt+freq: b3lyp/6-311G** em=gd3bj
energy: M062X/6-311G+(2d, p) em=gd3"
1753,a-c23+a-b3+a-b26,CC(F)(F)S(=O)(=O)C(C(=O)[O-])c1ccccc1,acetate,-1285.2404437,0.128428,0.191361,554.187536,-0.07707,0.08725,8.4664,-1285.1120157,-1285.0490827,4.469504,Gaussian,QC,"opt+freq: b3lyp/6-311G** em=gd3bj
energy: M062X/6-311G+(2d, p) em=gd3"
1754,a-c23+a-b3+a-b28,CC(F)(F)S(=O)(=O)C(CC(=O)O)C(=O)[O-],acetate,-1282.1020021,0.094486,0.154685,530.108616,-0.08242,0.13211,6.3989,-1282.0075161,-1281.9473171,5.835216,Gaussian,QC,"opt+freq: b3lyp/6-311G** em=gd3bj
energy: M062X/6-311G+(2d, p) em=gd3"
1755,a-c23+a-b3+a-b30,CC(F)(F)S(=O)(=O)C(C(=O)[O-])C1CCCCC1,acetate,-1288.8552528,0.196417,0.260292,562.47604,-0.07609,0.13386,7.8913,-1288.6588358,-1288.5949608,5.710640000000001,Gaussian,QC,"opt+freq: b3lyp/6-311G** em=gd3bj
energy: M062X/6-311G+(2d, p) em=gd3"
1756,a-c23+a-b3+a-b31,Cc1cccc(C(C(=O)[O-])S(=O)(=O)C(C)(F)F)c1C,acetate,-1363.8595406,0.179919,0.248282,602.006472,-0.08891,0.0891,6.7595,-1363.6796216,-1363.6112586,4.841872,Gaussian,QC,"opt+freq: b3lyp/6-311G** em=gd3bj
energy: M062X/6-311G+(2d, p) em=gd3"
1757,a-c23+a-b3+a-b32,CC(F)(F)S(=O)(=O)C(CC(F)(F)C(F)F)C(=O)[O-],acetate,-1569.1114918,0.099135,0.167684,603.642416,-0.07798,0.12133,7.9963,-1569.0123568,-1568.9438078,5.421232,Gaussian,QC,"opt+freq: b3lyp/6-311G** em=gd3bj
energy: M062X/6-311G+(2d, p) em=gd3"
1758,a-c23+a-b3+a-b33,CC(F)(F)S(=O)(=O)C(C(=O)[O-])c1cccnc1,acetate,-1301.2853387,0.1169,0.179969,555.375792,-0.08408,0.07555,7.487,-1301.1684387,-1301.1053697,4.341936,Gaussian,QC,"opt+freq: b3lyp/6-311G** em=gd3bj
energy: M062X/6-311G+(2d, p) em=gd3"
1759,a-c23+a-b3+a-b36,CCCCCCCCCC(C(=O)[O-])S(=O)(=O)C(C)(F)F,acetate,-1407.973141,0.289135,0.369285,705.794776,-0.08465,0.10602,9.8226,-1407.684006,-1407.603856,5.186224,Gaussian,QC,"opt+freq: b3lyp/6-311G** em=gd3bj
energy: M062X/6-311G+(2d, p) em=gd3"
1760,a-c23+a-b3+a-b37,CC(F)(F)S(=O)(=O)C(C(=O)[O-])C(C(F)(F)F)C(F)(F)F,acetate,-1767.6418225,0.082959,0.153267,619.1274,-0.09278,0.13084,6.653,-1767.5588635,-1767.4885555,6.082464,Gaussian,QC,"opt+freq: b3lyp/6-311G** em=gd3bj
energy: M062X/6-311G+(2d, p) em=gd3"
1761,a-c23+a-b4+a-b5,O=C([O-])C(CCCC(F)(F)C(F)(F)F)C(=O)C(F)(F)F,acetate,-1371.6767932,0.110902,0.181684,623.298848,-0.07892,0.0849,11.0239,-1371.5658912,-1371.4951092,4.455904,Gaussian,QC,"opt+freq: b3lyp/6-311G** em=gd3bj
energy: M062X/6-311G+(2d, p) em=gd3"
1762,a-c23+a-b4+a-b6,O=C([O-])C(CCCC(F)(F)C(F)(F)F)c1ccncc1,acetate,-1168.3628903,0.164911,0.234007,608.454016,-0.06441,0.08571,11.295,-1168.1979793,-1168.1288833,4.083263999999999,Gaussian,QC,"opt+freq: b3lyp/6-311G** em=gd3bj
energy: M062X/6-311G+(2d, p) em=gd3"
1763,a-c23+a-b4+a-b8,O=C([O-])C(CCCC(F)(F)C(F)(F)F)C(=O)O,acetate,-1109.8746717,0.115547,0.179775,565.59312,-0.06605,0.14357,10.8003,-1109.7591247,-1109.6948967,5.701664,Gaussian,QC,"opt+freq: b3lyp/6-311G** em=gd3bj
energy: M062X/6-311G+(2d, p) em=gd3"
1764,a-c23+a-b4+a-b9,O=C([O-])C(CCCC(F)(F)C(F)(F)F)C(=O)CF,acetate,-1173.1713276,0.127589,0.195962,602.090152,-0.06844,0.09972,10.5914,-1173.0437386,-1172.9753656,4.573952,Gaussian,QC,"opt+freq: b3lyp/6-311G** em=gd3bj
energy: M062X/6-311G+(2d, p) em=gd3"
1765,a-c23+a-b4+a-b13,CCCCCCC(CCCC(F)(F)C(F)(F)F)C(=O)[O-],acetate,-1157.1183865,0.258481,0.335517,678.381208,-0.04899,0.11979,8.0359,-1156.8599055,-1156.7828695,4.590815999999999,Gaussian,QC,"opt+freq: b3lyp/6-311G** em=gd3bj
energy: M062X/6-311G+(2d, p) em=gd3"
1766,a-c23+a-b4+a-b14,CCCCC(CCCC(F)(F)C(F)(F)F)C(=O)[O-],acetate,-1078.5089037,0.207051,0.277562,620.922336,-0.04791,0.13467,7.6855,-1078.3018527,-1078.2313417,4.966176000000001,Gaussian,QC,"opt+freq: b3lyp/6-311G** em=gd3bj
energy: M062X/6-311G+(2d, p) em=gd3"
1767,a-c23+a-b4+a-b15,CCC(CCCC(F)(F)C(F)(F)F)C(=O)[O-],acetate,-999.8994098,0.155737,0.219599,562.3588880000001,-0.04597,0.14468,8.0287,-999.7436727999999,-999.6798107999999,5.18568,Gaussian,QC,"opt+freq: b3lyp/6-311G** em=gd3bj
energy: M062X/6-311G+(2d, p) em=gd3"
1768,a-c23+a-b4+a-b18,O=C([O-])C(CCCC(F)(F)C(F)(F)F)C(F)(F)F,acetate,-1258.3638708,0.103743,0.170697,589.592544,-0.06154,0.15437,11.9166,-1258.2601278,-1258.1931738,5.872751999999999,Gaussian,QC,"opt+freq: b3lyp/6-311G** em=gd3bj
energy: M062X/6-311G+(2d, p) em=gd3"
1769,a-c23+a-b4+a-b19,O=C([O-])C(CCCC(F)(F)C(F)(F)F)c1ccccn1,acetate,-1168.3595298,0.164042,0.233627,612.76772,-0.06533,0.08528,9.1696,-1168.1954878,-1168.1259028,4.096591999999999,Gaussian,QC,"opt+freq: b3lyp/6-311G** em=gd3bj
energy: M062X/6-311G+(2d, p) em=gd3"
1770,a-c23+a-b4+a-b21,CC(=O)C(CCCC(F)(F)C(F)(F)F)C(=O)[O-],acetate,-1073.9331556,0.13656,0.202007,576.3250800000001,-0.06856,0.12096,9.7641,-1073.7965956,-1073.7311486,5.154944,Gaussian,QC,"opt+freq: b3lyp/6-311G** em=gd3bj
energy: M062X/6-311G+(2d, p) em=gd3"
1771,a-c23+a-b4+a-b22,COC(CCCC(F)(F)C(F)(F)F)C(=O)[O-],acetate,-1035.8035583,0.132726,0.196317,559.978192,-0.05065,0.16108,9.6665,-1035.6708323,-1035.6072413,5.759056,Gaussian,QC,"opt+freq: b3lyp/6-311G** em=gd3bj
energy: M062X/6-311G+(2d, p) em=gd3"
1772,a-c23+a-b4+a-b23,O=C([O-])C(CCCC(F)(F)C(F)(F)F)CC(F)(F)F,acetate,-1297.6717967,0.130286,0.199862,612.68404,-0.06068,0.15876,9.4061,-1297.5415107,-1297.4719347,5.968768000000001,Gaussian,QC,"opt+freq: b3lyp/6-311G** em=gd3bj
energy: M062X/6-311G+(2d, p) em=gd3"
1773,a-c23+a-b4+a-b25,CCCCCC(CCCC(F)(F)C(F)(F)F)C(=O)[O-],acetate,-1117.8137644,0.23271,0.306538,650.122472,-0.04851,0.12793,7.5797,-1117.5810544,-1117.5072264,4.799168,Gaussian,QC,"opt+freq: b3lyp/6-311G** em=gd3bj
energy: M062X/6-311G+(2d, p) em=gd3"
1774,a-c23+a-b4+a-b26,O=C([O-])C(CCCC(F)(F)C(F)(F)F)c1ccccc1,acetate,-1152.3161845,0.17608,0.245263,609.219688,-0.05608,0.10102,12.2975,-1152.1401045,-1152.0709215,4.27312,Gaussian,QC,"opt+freq: b3lyp/6-311G** em=gd3bj
energy: M062X/6-311G+(2d, p) em=gd3"
1775,a-c23+a-b4+a-b28,O=C(O)CC(CCCC(F)(F)C(F)(F)F)C(=O)[O-],acetate,-1149.1782274,0.140614,0.208711,599.6634320000001,-0.06814,0.11555,5.7021,-1149.0376134,-1148.9695164,4.996368,Gaussian,QC,"opt+freq: b3lyp/6-311G** em=gd3bj
energy: M062X/6-311G+(2d, p) em=gd3"
1776,a-c23+a-b4+a-b30,O=C([O-])C(CCCC(F)(F)C(F)(F)F)C1CCCCC1,acetate,-1155.9281674,0.242923,0.314073,626.545632,-0.04727,0.13705,11.9768,-1155.6852444,-1155.6140944,5.013504,Gaussian,QC,"opt+freq: b3lyp/6-311G** em=gd3bj
energy: M062X/6-311G+(2d, p) em=gd3"
1777,a-c23+a-b5+a-b6,O=C([O-])C(C(=O)C(F)(F)F)c1ccncc1,acetate,-925.9866074,0.079121,0.142472,557.861088,-0.04883,0.10458,3.7523,-925.9074864,-925.8441354,4.172752,Gaussian,QC,"opt+freq: b3lyp/6-311G** em=gd3bj
energy: M062X/6-311G+(2d, p) em=gd3"
1778,a-c23+a-b5+a-b7,O=C([O-])C(C(=O)C(F)(F)F)c1ccccc1O,acetate,-985.1594512,0.092766,0.15882,581.668048,-0.02883,0.11866,4.922,-985.0666852,-985.0006312,4.011728,Gaussian,QC,"opt+freq: b3lyp/6-311G** em=gd3bj
energy: M062X/6-311G+(2d, p) em=gd3"
1779,a-c23+a-b5+a-b8,O=C([O-])C(C(=O)O)C(=O)C(F)(F)F,acetate,-867.4920648,0.030222,0.088356,511.916584,-0.0515,0.14033,3.2687,-867.4618428,-867.4037088,5.217776,Gaussian,QC,"opt+freq: b3lyp/6-311G** em=gd3bj
energy: M062X/6-311G+(2d, p) em=gd3"
1780,a-c23+a-b5+a-b9,O=C([O-])C(C(=O)CF)C(=O)C(F)(F)F,acetate,-930.7902463,0.043325,0.104676,540.263184,-0.05756,0.12121,3.1549,-930.7469213,-930.6855703,4.862544,Gaussian,QC,"opt+freq: b3lyp/6-311G** em=gd3bj
energy: M062X/6-311G+(2d, p) em=gd3"
1781,a-c23+a-b5+a-b10,CCCCCCCCCCC(C(=O)[O-])C(=O)C(F)(F)F,acetate,-1071.9481322,0.282538,0.360861,689.71148,-0.07354,0.09966,14.9279,-1071.6655942,-1071.5872712,4.71104,Gaussian,QC,"opt+freq: b3lyp/6-311G** em=gd3bj
energy: M062X/6-311G+(2d, p) em=gd3"
1782,a-c23+a-b5+a-b13,CCCCCCC(C(=O)[O-])C(=O)C(F)(F)F,acetate,-914.7297742,0.179633,0.244929,574.990384,-0.07255,0.10269,8.9038,-914.5501412,-914.4848452,4.766528,Gaussian,QC,"opt+freq: b3lyp/6-311G** em=gd3bj
energy: M062X/6-311G+(2d, p) em=gd3"
1783,a-c23+a-b5+a-b14,CCCCC(C(=O)[O-])C(=O)C(F)(F)F,acetate,-836.1204182,0.128287,0.186974,516.795128,-0.07141,0.10405,6.5313,-835.9921312,-835.9334442,4.772512,Gaussian,QC,"opt+freq: b3lyp/6-311G** em=gd3bj
energy: M062X/6-311G+(2d, p) em=gd3"
1784,a-c23+a-b5+a-b15,CCC(C(=O)[O-])C(=O)C(F)(F)F,acetate,-757.5108618,0.076653,0.128965,460.650032,-0.06841,0.10704,5.9392,-757.4342088000001,-757.3818968,4.77224,Gaussian,QC,"opt+freq: b3lyp/6-311G** em=gd3bj
energy: M062X/6-311G+(2d, p) em=gd3"
1785,a-c23+a-b5+a-b16,Cc1cc(Cl)ccc1C(C(=O)[O-])C(=O)C(F)(F)F,acetate,-1408.8405234,0.11123,0.174654,558.505424,-0.09068,0.07998,8.1801,-1408.7292934,-1408.6658694,4.641951999999999,Gaussian,QC,"opt+freq: b3lyp/6-311G** em=gd3bj
energy: M062X/6-311G+(2d, p) em=gd3"
1786,a-c23+a-b5+a-b17,O=C([O-])C(C(=O)C(F)(F)F)S(=O)(=O)C(F)(F)F,acetate,-1564.5635237,0.023402,0.092312,606.8180719999999,-0.09867,0.1119,5.3362,-1564.5401217,-1564.4712117,5.727504,Gaussian,QC,"opt+freq: b3lyp/6-311G** em=gd3bj
energy: M062X/6-311G+(2d, p) em=gd3"
1787,a-c23+a-b5+a-b18,O=C([O-])C(C(=O)C(F)(F)F)C(F)(F)F,acetate,-1015.9729359,0.016663,0.07874,546.652152,-0.05338,0.15543,3.7807,-1015.9562729,-1015.8941959,5.679632,Gaussian,QC,"opt+freq: b3lyp/6-311G** em=gd3bj
energy: M062X/6-311G+(2d, p) em=gd3"
1788,a-c23+a-b5+a-b19,O=C([O-])C(C(=O)C(F)(F)F)c1ccccn1,acetate,-925.9820703,0.079219,0.142126,553.953232,-0.04135,0.10857,2.3463,-925.9028513000001,-925.8399443000001,4.077824,Gaussian,QC,"opt+freq: b3lyp/6-311G** em=gd3bj
energy: M062X/6-311G+(2d, p) em=gd3"
1789,a-c23+a-b5+a-b21,CC(=O)C(C(=O)[O-])C(=O)C(F)(F)F,acetate,-831.5464279,0.050084,0.110801,534.677544,-0.05264,0.11965,2.5614,-831.4963439,-831.4356269,4.686288,Gaussian,QC,"opt+freq: b3lyp/6-311G** em=gd3bj
energy: M062X/6-311G+(2d, p) em=gd3"
1790,a-c23+a-b5+a-b22,COC(C(=O)[O-])C(=O)C(F)(F)F,acetate,-793.4045003,0.053199,0.105705,462.37384,-0.07122,0.10033,5.3679,-793.3513013,-793.2987953,4.666160000000001,Gaussian,QC,"opt+freq: b3lyp/6-311G** em=gd3bj
energy: M062X/6-311G+(2d, p) em=gd3"
1791,a-c23+a-b5+a-b23,O=C([O-])C(CC(F)(F)F)C(=O)C(F)(F)F,acetate,-1055.2712379,0.051705,0.10877,502.510952,-0.07802,0.0842,6.4938,-1055.2195329,-1055.1624679,4.412384,Gaussian,QC,"opt+freq: b3lyp/6-311G** em=gd3bj
energy: M062X/6-311G+(2d, p) em=gd3"
1792,a-c23+a-b5+a-b24,O=C([O-])C(Cc1ccccc1)C(=O)C(F)(F)F,acetate,-949.2286867,0.123395,0.183304,527.556376,-0.07645,0.08968,7.9657,-949.1052917000001,-949.0453827,4.518736,Gaussian,QC,"opt+freq: b3lyp/6-311G** em=gd3bj
energy: M062X/6-311G+(2d, p) em=gd3"
1793,a-c23+a-b5+a-b25,CCCCCC(C(=O)[O-])C(=O)C(F)(F)F,acetate,-875.4251673,0.154043,0.215954,545.191936,-0.07221,0.10324,7.6152,-875.2711243,-875.2092133,4.77224,Gaussian,QC,"opt+freq: b3lyp/6-311G** em=gd3bj
energy: M062X/6-311G+(2d, p) em=gd3"
1794,a-c23+a-b5+a-b26,O=C([O-])C(C(=O)C(F)(F)F)c1ccccc1,acetate,-909.9352418,0.090069,0.153494,558.5179760000001,-0.0331,0.11919,3.2632,-909.8451728,-909.7817478,4.142288,Gaussian,QC,"opt+freq: b3lyp/6-311G** em=gd3bj
energy: M062X/6-311G+(2d, p) em=gd3"
1795,a-c23+a-b5+a-b28,O=C(O)CC(C(=O)[O-])C(=O)C(F)(F)F,acetate,-906.8109341,0.062243,0.117165,483.636928,-0.11115,0.07078,4.9018,-906.7486911000001,-906.6937691,4.948496,Gaussian,QC,"opt+freq: b3lyp/6-311G** em=gd3bj
energy: M062X/6-311G+(2d, p) em=gd3"
1796,a-c23+a-b5+a-b30,O=C([O-])C(C(=O)C(F)(F)F)C1CCCCC1,acetate,-913.5389315,0.161872,0.222839,536.874144,-0.07423,0.09568,7.2366,-913.3770595,-913.3160925,4.621552,Gaussian,QC,"opt+freq: b3lyp/6-311G** em=gd3bj
energy: M062X/6-311G+(2d, p) em=gd3"
1797,a-c23+a-b5+a-b31,Cc1cccc(C(C(=O)[O-])C(=O)C(F)(F)F)c1C,acetate,-988.535141,0.147131,0.211237,564.509464,-0.07719,0.08501,8.8219,-988.38801,-988.323904,4.41184,Gaussian,QC,"opt+freq: b3lyp/6-311G** em=gd3bj
energy: M062X/6-311G+(2d, p) em=gd3"
1798,a-c23+a-b5+a-b32,O=C([O-])C(CC(F)(F)C(F)F)C(=O)C(F)(F)F,acetate,-1193.8031091,0.06885,0.130961,546.949216,-0.0752,0.08447,7.6267,-1193.7342591,-1193.6721481,4.343024,Gaussian,QC,"opt+freq: b3lyp/6-311G** em=gd3bj
energy: M062X/6-311G+(2d, p) em=gd3"
1799,a-c23+a-b5+a-b33,O=C([O-])C(C(=O)C(F)(F)F)c1cccnc1,acetate,-925.9793752,0.078812,0.142185,558.06192,-0.0402,0.10781,4.6873,-925.9005632000001,-925.8371902,4.025872,Gaussian,QC,"opt+freq: b3lyp/6-311G** em=gd3bj
energy: M062X/6-311G+(2d, p) em=gd3"
1800,a-c23+a-b5+a-b34,O=C([O-])C(C(=O)C(F)(F)F)C1CCCN1,acetate,-890.2670454,0.124724,0.183148,514.4813760000001,-0.07932,0.09321,7.0371,-890.1423214,-890.0838974000001,4.692816000000001,Gaussian,QC,"opt+freq: b3lyp/6-311G** em=gd3bj
energy: M062X/6-311G+(2d, p) em=gd3"
1801,a-c23+a-b5+a-b35,O=C([O-])C(C(=O)C(F)(F)F)S(=O)(=O)C(F)(F)C(F)(F)F,acetate,-1802.3590701,0.030545,0.106986,673.1344720000001,-0.10314,0.10219,5.0076,-1802.3285251,-1802.2520841,5.584976,Gaussian,QC,"opt+freq: b3lyp/6-311G** em=gd3bj
energy: M062X/6-311G+(2d, p) em=gd3"
1802,a-c23+a-b5+a-b36,CCCCCCCCCC(C(=O)[O-])C(=O)C(F)(F)F,acetate,-1032.6435789,0.256514,0.33181,663.055216,-0.07338,0.10182,13.1799,-1032.3870649,-1032.3117689,4.76544,Gaussian,QC,"opt+freq: b3lyp/6-311G** em=gd3bj
energy: M062X/6-311G+(2d, p) em=gd3"
1803,a-c23+a-b5+a-b37,O=C([O-])C(C(=O)C(F)(F)F)C(C(F)(F)F)C(F)(F)F,acetate,-1392.3439352,0.042904,0.115832,642.210528,-0.04836,0.15984,3.7192,-1392.3010312,-1392.2281032,5.66304,Gaussian,QC,"opt+freq: b3lyp/6-311G** em=gd3bj
energy: M062X/6-311G+(2d, p) em=gd3"
1804,a-c23+a-b6+a-b7,O=C([O-])C(c1ccncc1)c1ccccc1O,acetate,-781.8319724,0.153382,0.211936,515.6194240000001,-0.05977,0.09229,9.7825,-781.6785904000001,-781.6200364,4.136032,Gaussian,QC,"opt+freq: b3lyp/6-311G** em=gd3bj
energy: M062X/6-311G+(2d, p) em=gd3"
1805,a-c23+a-b6+a-b8,O=C([O-])C(C(=O)O)c1ccncc1,acetate,-664.1647209,0.088265,0.140669,461.470096,-0.07203,0.10413,4.8021,-664.0764559,-664.0240519,4.791551999999999,Gaussian,QC,"opt+freq: b3lyp/6-311G** em=gd3bj
energy: M062X/6-311G+(2d, p) em=gd3"
1806,a-c23+a-b6+a-b9,O=C([O-])C(C(=O)CF)c1ccncc1,acetate,-727.4673304,0.098132,0.156542,514.364224,-0.03323,0.12256,4.7635,-727.3691984000001,-727.3107884000001,4.237488,Gaussian,QC,"opt+freq: b3lyp/6-311G** em=gd3bj
energy: M062X/6-311G+(2d, p) em=gd3"
1807,a-c23+a-b6+a-b10,CCCCCCCCCCC(C(=O)[O-])c1ccncc1,acetate,-868.6340419,0.33745,0.4131,666.168112,-0.0592,0.09634,14.9281,-868.2965919000001,-868.2209419000001,4.230688,Gaussian,QC,"opt+freq: b3lyp/6-311G** em=gd3bj
energy: M062X/6-311G+(2d, p) em=gd3"
1808,a-c23+a-b6+a-b13,CCCCCCC(C(=O)[O-])c1ccncc1,acetate,-711.415619,0.234297,0.297153,553.509728,-0.05816,0.09715,8.8954,-711.181322,-711.118466,4.224432,Gaussian,QC,"opt+freq: b3lyp/6-311G** em=gd3bj
energy: M062X/6-311G+(2d, p) em=gd3"
1809,a-c23+a-b6+a-b14,CCCCC(C(=O)[O-])c1ccncc1,acetate,-632.8061996,0.182868,0.239191,495.979728,-0.05696,0.09811,6.7105,-632.6233316,-632.5670086,4.217904,Gaussian,QC,"opt+freq: b3lyp/6-311G** em=gd3bj
energy: M062X/6-311G+(2d, p) em=gd3"
1810,a-c23+a-b6+a-b15,CCC(C(=O)[O-])c1ccncc1,acetate,-554.1955066,0.13007,0.181125,449.587536,-0.05074,0.10083,6.5032,-554.0654366,-554.0143816000001,4.122704000000001,Gaussian,QC,"opt+freq: b3lyp/6-311G** em=gd3bj
energy: M062X/6-311G+(2d, p) em=gd3"
1811,a-c23+a-b6+a-b16,Cc1cc(Cl)ccc1C(C(=O)[O-])c1ccncc1,acetate,-1205.5242207,0.165154,0.227047,545.024576,-0.07239,0.08264,7.1147,-1205.3590667,-1205.2971737,4.216816,Gaussian,QC,"opt+freq: b3lyp/6-311G** em=gd3bj
energy: M062X/6-311G+(2d, p) em=gd3"
1812,a-c23+a-b6+a-b17,O=C([O-])C(c1ccncc1)S(=O)(=O)C(F)(F)F,acetate,-1361.2281979,0.083848,0.1449,537.6230800000001,-0.09416,0.06264,5.5259,-1361.1443499,-1361.0832979,4.264959999999999,Gaussian,QC,"opt+freq: b3lyp/6-311G** em=gd3bj
energy: M062X/6-311G+(2d, p) em=gd3"
1813,a-c23+a-b6+a-b18,O=C([O-])C(c1ccncc1)C(F)(F)F,acetate,-812.6532969,0.078931,0.131735,464.984656,-0.07203,0.09337,5.9518,-812.5743659,-812.5215618999999,4.49888,Gaussian,QC,"opt+freq: b3lyp/6-311G** em=gd3bj
energy: M062X/6-311G+(2d, p) em=gd3"
1814,a-c23+a-b6+a-b19,O=C([O-])C(c1ccncc1)c1ccccn1,acetate,-722.6510708,0.139443,0.195117,490.2685680000001,-0.0653,0.08165,7.8953,-722.5116277999999,-722.4559538,3.99704,Gaussian,QC,"opt+freq: b3lyp/6-311G** em=gd3bj
energy: M062X/6-311G+(2d, p) em=gd3"
1815,a-c23+a-b6+a-b21,CC(=O)C(C(=O)[O-])c1ccncc1,acetate,-628.2220246,0.110089,0.163044,466.323536,-0.07195,0.08822,6.2066,-628.1119356,-628.0589806,4.356624,Gaussian,QC,"opt+freq: b3lyp/6-311G** em=gd3bj
energy: M062X/6-311G+(2d, p) em=gd3"
1816,a-c23+a-b6+a-b22,COC(C(=O)[O-])c1ccncc1,acetate,-590.0941117,0.108574,0.157808,433.558632,-0.05682,0.09753,6.2854,-589.9855377,-589.9363036999999,4.198320000000001,Gaussian,QC,"opt+freq: b3lyp/6-311G** em=gd3bj
energy: M062X/6-311G+(2d, p) em=gd3"
1817,a-c23+a-b6+a-b23,O=C([O-])C(CC(F)(F)F)c1ccncc1,acetate,-851.9549078,0.105605,0.160907,486.988312,-0.06912,0.09731,6.5964,-851.8493028,-851.7940008,4.526896,Gaussian,QC,"opt+freq: b3lyp/6-311G** em=gd3bj
energy: M062X/6-311G+(2d, p) em=gd3"
1818,a-c23+a-b6+a-b24,O=C([O-])C(Cc1ccccc1)c1ccncc1,acetate,-745.914465,0.176895,0.23555,516.5148,-0.05994,0.09596,7.6293,-745.73757,-745.678915,4.24048,Gaussian,QC,"opt+freq: b3lyp/6-311G** em=gd3bj
energy: M062X/6-311G+(2d, p) em=gd3"
1819,a-c23+a-b6+a-b25,CCCCCC(C(=O)[O-])c1ccncc1,acetate,-672.110951,0.20846,0.268139,525.522952,-0.0577,0.09752,7.7421,-671.902491,-671.842812,4.221984,Gaussian,QC,"opt+freq: b3lyp/6-311G** em=gd3bj
energy: M062X/6-311G+(2d, p) em=gd3"
1820,a-c23+a-b6+a-b26,O=C([O-])C(c1ccccc1)c1ccncc1,acetate,-706.6070566,0.15078,0.206421,489.975688,-0.06474,0.09562,7.5691,-706.4562765999999,-706.4006356,4.361792,Gaussian,QC,"opt+freq: b3lyp/6-311G** em=gd3bj
energy: M062X/6-311G+(2d, p) em=gd3"
1821,a-c23+a-b6+a-b28,O=C(O)CC(C(=O)[O-])c1ccncc1,acetate,-703.4945663,0.115703,0.168777,467.37372,-0.099,0.07967,5.5021,-703.3788632999999,-703.3257893,4.859824,Gaussian,QC,"opt+freq: b3lyp/6-311G** em=gd3bj
energy: M062X/6-311G+(2d, p) em=gd3"
1822,a-c23+a-b6+a-b30,O=C([O-])C(c1ccncc1)C1CCCCC1,acetate,-710.2207876,0.218068,0.275482,505.582008,-0.05727,0.09592,7.7212,-710.0027196,-709.9453056,4.166767999999999,Gaussian,QC,"opt+freq: b3lyp/6-311G** em=gd3bj
energy: M062X/6-311G+(2d, p) em=gd3"
1823,a-c23+a-b6+a-b31,Cc1cccc(C(C(=O)[O-])c2ccncc2)c1C,acetate,-785.2214838,0.201597,0.26324,542.823792,-0.06427,0.08991,8.2485,-785.0198868,-784.9582438,4.193695999999999,Gaussian,QC,"opt+freq: b3lyp/6-311G** em=gd3bj
energy: M062X/6-311G+(2d, p) em=gd3"
1824,a-c23+a-b6+a-b32,O=C([O-])C(CC(F)(F)C(F)F)c1ccncc1,acetate,-990.4898982,0.122462,0.182991,533.0164960000001,-0.05898,0.094,7.5408,-990.3674361999999,-990.3069072,4.161056,Gaussian,QC,"opt+freq: b3lyp/6-311G** em=gd3bj
energy: M062X/6-311G+(2d, p) em=gd3"
1825,a-c23+a-b6+a-b33,O=C([O-])C(c1ccncc1)c1cccnc1,acetate,-722.651223,0.139668,0.195104,488.1640160000001,-0.06993,0.08388,5.7191,-722.5115549999999,-722.456119,4.183632,Gaussian,QC,"opt+freq: b3lyp/6-311G** em=gd3bj
energy: M062X/6-311G+(2d, p) em=gd3"
1826,a-c23+a-b6+a-b35,O=C([O-])C(c1ccncc1)S(=O)(=O)C(F)(F)C(F)(F)F,acetate,-1599.0215629,0.09201,0.159237,591.9941600000001,-0.10196,0.07559,6.2849,-1598.9295529,-1598.8623259,4.829359999999999,Gaussian,QC,"opt+freq: b3lyp/6-311G** em=gd3bj
energy: M062X/6-311G+(2d, p) em=gd3"
1827,a-c23+a-b6+a-b36,CCCCCCCCCC(C(=O)[O-])c1ccncc1,acetate,-829.3294737,0.311319,0.384072,640.662448,-0.05907,0.09646,13.1768,-829.0181547,-828.9454017,4.230416,Gaussian,QC,"opt+freq: b3lyp/6-311G** em=gd3bj
energy: M062X/6-311G+(2d, p) em=gd3"
1828,a-c23+a-b6+a-b37,O=C([O-])C(c1ccncc1)C(C(F)(F)F)C(F)(F)F,acetate,-1189.0211102,0.105229,0.168892,560.6141600000001,-0.07474,0.08381,7.376,-1188.9158812,-1188.8522182,4.31256,Gaussian,QC,"opt+freq: b3lyp/6-311G** em=gd3bj
energy: M062X/6-311G+(2d, p) em=gd3"
1829,a-c23+a-b7+a-b8,O=C([O-])C(C(=O)O)c1ccccc1O,acetate,-723.3410445,0.102555,0.157452,483.41936,-0.05536,0.11463,8.1074,-723.2384894999999,-723.1835924999999,4.623728,Gaussian,QC,"opt+freq: b3lyp/6-311G** em=gd3bj
energy: M062X/6-311G+(2d, p) em=gd3"
1830,a-c23+a-b7+a-b9,O=C([O-])C(C(=O)CF)c1ccccc1O,acetate,-786.6617537,0.111636,0.172341,534.564576,-0.02396,0.13016,4.2055,-786.5501177,-786.4894127,4.192064,Gaussian,QC,"opt+freq: b3lyp/6-311G** em=gd3bj
energy: M062X/6-311G+(2d, p) em=gd3"
1831,a-c23+a-b7+a-b13,CCCCCCC(C(=O)[O-])c1ccccc1O,acetate,-770.620672,0.249181,0.312633,558.7564639999999,-0.07077,0.1213,8.8385,-770.371491,-770.308039,5.224304,Gaussian,QC,"opt+freq: b3lyp/6-311G** em=gd3bj
energy: M062X/6-311G+(2d, p) em=gd3"
1832,a-c23+a-b7+a-b14,CCCCC(C(=O)[O-])c1ccccc1O,acetate,-691.9828664,0.196626,0.255828,521.3264,-0.04427,0.11178,9.6861,-691.7862404,-691.7270384000001,4.24456,Gaussian,QC,"opt+freq: b3lyp/6-311G** em=gd3bj
energy: M062X/6-311G+(2d, p) em=gd3"
1833,a-c23+a-b7+a-b15,CCC(C(=O)[O-])c1ccccc1O,acetate,-613.3710124,0.143552,0.197724,477.03876,-0.03723,0.11415,10.0454,-613.2274604,-613.1732884,4.117536,Gaussian,QC,"opt+freq: b3lyp/6-311G** em=gd3bj
energy: M062X/6-311G+(2d, p) em=gd3"
1834,a-c23+a-b7+a-b16,Cc1cc(Cl)ccc1C(C(=O)[O-])c1ccccc1O,acetate,-1264.7034207,0.178792,0.243636,571.015584,-0.06147,0.09607,9.6957,-1264.5246287,-1264.4597847,4.285088,Gaussian,QC,"opt+freq: b3lyp/6-311G** em=gd3bj
energy: M062X/6-311G+(2d, p) em=gd3"
1835,a-c23+a-b7+a-b17,O=C([O-])C(c1ccccc1O)S(=O)(=O)C(F)(F)F,acetate,-1420.4076578,0.097467,0.161504,563.906968,-0.08198,0.0812,8.7084,-1420.3101908,-1420.2461538,4.438496,Gaussian,QC,"opt+freq: b3lyp/6-311G** em=gd3bj
energy: M062X/6-311G+(2d, p) em=gd3"
1836,a-c23+a-b7+a-b18,O=C([O-])C(c1ccccc1O)C(F)(F)F,acetate,-871.8592231,0.094384,0.147698,469.48664,-0.08107,0.10966,6.372,-871.7648391,-871.7115251,5.187856,Gaussian,QC,"opt+freq: b3lyp/6-311G** em=gd3bj
energy: M062X/6-311G+(2d, p) em=gd3"
1837,a-c23+a-b7+a-b19,O=C([O-])C(c1ccccn1)c1ccccc1O,acetate,-781.8259675,0.152717,0.211542,518.008488,-0.05267,0.09616,10.0298,-781.6732505,-781.6144255,4.048176,Gaussian,QC,"opt+freq: b3lyp/6-311G** em=gd3bj
energy: M062X/6-311G+(2d, p) em=gd3"
1838,a-c23+a-b7+a-b21,CC(=O)C(C(=O)[O-])c1ccccc1O,acetate,-687.3997792,0.123693,0.179423,490.758096,-0.05648,0.10201,11.0625,-687.2760862,-687.2203562,4.310928000000001,Gaussian,QC,"opt+freq: b3lyp/6-311G** em=gd3bj
energy: M062X/6-311G+(2d, p) em=gd3"
1839,a-c23+a-b7+a-b22,COC(C(=O)[O-])c1ccccc1O,acetate,-649.2679697,0.121315,0.174171,465.444896,-0.04014,0.10899,10.735,-649.1466547,-649.0937987,4.056336,Gaussian,QC,"opt+freq: b3lyp/6-311G** em=gd3bj
energy: M062X/6-311G+(2d, p) em=gd3"
1840,a-c23+a-b7+a-b23,O=C([O-])C(CC(F)(F)F)c1ccccc1O,acetate,-911.1615025,0.120934,0.176404,488.46108,-0.07713,0.11794,6.4595,-911.0405685,-910.9850984999999,5.305904000000001,Gaussian,QC,"opt+freq: b3lyp/6-311G** em=gd3bj
energy: M062X/6-311G+(2d, p) em=gd3"
1841,a-c23+a-b7+a-b24,O=C([O-])C(Cc1ccccc1)c1ccccc1O,acetate,-805.0886747,0.192164,0.25219,528.594008,-0.06308,0.089,8.2205,-804.8965106999999,-804.8364846999999,4.136576,Gaussian,QC,"opt+freq: b3lyp/6-311G** em=gd3bj
energy: M062X/6-311G+(2d, p) em=gd3"
1842,a-c23+a-b7+a-b25,CCCCCC(C(=O)[O-])c1ccccc1O,acetate,-731.287835,0.222289,0.284786,550.350808,-0.04522,0.11112,10.1106,-731.0655459999999,-731.0030489999999,4.252448,Gaussian,QC,"opt+freq: b3lyp/6-311G** em=gd3bj
energy: M062X/6-311G+(2d, p) em=gd3"
1843,a-c23+a-b7+a-b26,O=C([O-])C(c1ccccc1)c1ccccc1O,acetate,-765.8123648,0.166255,0.22224,493.00072,-0.07528,0.10144,7.4855,-765.6461098,-765.5901247999999,4.806784,Gaussian,QC,"opt+freq: b3lyp/6-311G** em=gd3bj
energy: M062X/6-311G+(2d, p) em=gd3"
1844,a-c23+a-b7+a-b28,O=C(O)CC(C(=O)[O-])c1ccccc1O,acetate,-762.6929256,0.131949,0.186028,476.22288,-0.10051,0.1008,6.2648,-762.5609766,-762.5068976,5.475631999999999,Gaussian,QC,"opt+freq: b3lyp/6-311G** em=gd3bj
energy: M062X/6-311G+(2d, p) em=gd3"
1845,a-c23+a-b7+a-b30,O=C([O-])C(c1ccccc1O)C1CCCCC1,acetate,-769.4229788,0.233478,0.290841,505.138504,-0.07274,0.12115,7.4619,-769.1895008,-769.1321378,5.273808,Gaussian,QC,"opt+freq: b3lyp/6-311G** em=gd3bj
energy: M062X/6-311G+(2d, p) em=gd3"
1846,a-c23+a-b7+a-b31,Cc1cccc(C(C(=O)[O-])c2ccccc2O)c1C,acetate,-844.3968426,0.215713,0.27986,564.88184,-0.05434,0.10422,10.6922,-844.1811296,-844.1169826,4.312831999999999,Gaussian,QC,"opt+freq: b3lyp/6-311G** em=gd3bj
energy: M062X/6-311G+(2d, p) em=gd3"
1847,a-c23+a-b7+a-b32,O=C([O-])C(CC(F)(F)C(F)F)c1ccccc1O,acetate,-1049.6694486,0.136759,0.199574,553.149904,-0.04795,0.11169,10.0541,-1049.5326896,-1049.4698746,4.342208,Gaussian,QC,"opt+freq: b3lyp/6-311G** em=gd3bj
energy: M062X/6-311G+(2d, p) em=gd3"
1848,a-c23+a-b7+a-b33,O=C([O-])C(c1cccnc1)c1ccccc1O,acetate,-781.8579235,0.154469,0.210812,496.151272,-0.08087,0.08389,5.5919,-781.7034545,-781.6471114999999,4.481472,Gaussian,QC,"opt+freq: b3lyp/6-311G** em=gd3bj
energy: M062X/6-311G+(2d, p) em=gd3"
1849,a-c23+a-b7+a-b36,CCCCCCCCCC(C(=O)[O-])c1ccccc1O,acetate,-888.5366428,0.326169,0.399503,645.775296,-0.07325,0.10604,12.3962,-888.2104737999999,-888.1371398,4.876688,Gaussian,QC,"opt+freq: b3lyp/6-311G** em=gd3bj
energy: M062X/6-311G+(2d, p) em=gd3"
1850,a-c23+a-b7+a-b37,O=C([O-])C(c1ccccc1O)C(C(F)(F)F)C(F)(F)F,acetate,-1248.1951012,0.117526,0.185028,594.416696,-0.05897,0.10161,7.9764,-1248.0775752,-1248.0100732,4.367776,Gaussian,QC,"opt+freq: b3lyp/6-311G** em=gd3bj
energy: M062X/6-311G+(2d, p) em=gd3"
1851,a-c23+a-b8+a-b9,O=C([O-])C(C(=O)O)C(=O)CF,acetate,-668.9829844,0.047018,0.102447,488.101256,-0.04652,0.15686,1.512,-668.9359664,-668.8805374,5.531936,Gaussian,QC,"opt+freq: b3lyp/6-311G** em=gd3bj
energy: M062X/6-311G+(2d, p) em=gd3"
1852,a-c23+a-b8+a-b10,CCCCCCCCCCC(C(=O)[O-])C(=O)O,acetate,-810.1420328,0.286583,0.35881,636.03076,-0.05503,0.10311,16.6722,-809.8554498000001,-809.7832228000001,4.301408,Gaussian,QC,"opt+freq: b3lyp/6-311G** em=gd3bj
energy: M062X/6-311G+(2d, p) em=gd3"
1853,a-c23+a-b8+a-b11,CCCCC(CC)CC(C(=O)[O-])C(=O)O,acetate,-731.536788,0.236418,0.300611,565.27932,-0.06253,0.13691,8.1368,-731.30037,-731.236177,5.424768,Gaussian,QC,"opt+freq: b3lyp/6-311G** em=gd3bj
energy: M062X/6-311G+(2d, p) em=gd3"
1854,a-c23+a-b8+a-b13,CCCCCCC(C(=O)[O-])C(=O)O,acetate,-652.9235927,0.183732,0.242889,520.9372880000001,-0.05394,0.1306,10.0573,-652.7398607,-652.6807037,5.019487999999999,Gaussian,QC,"opt+freq: b3lyp/6-311G** em=gd3bj
energy: M062X/6-311G+(2d, p) em=gd3"
1855,a-c23+a-b8+a-b14,CCCCC(C(=O)[O-])C(=O)O,acetate,-574.3141276,0.132293,0.184951,463.700168,-0.05249,0.15065,7.2417,-574.1818346,-574.1291766,5.525408000000001,Gaussian,QC,"opt+freq: b3lyp/6-311G** em=gd3bj
energy: M062X/6-311G+(2d, p) em=gd3"
1856,a-c23+a-b8+a-b15,CCC(C(=O)[O-])C(=O)O,acetate,-495.7038443,0.080386,0.126954,410.078024,-0.04741,0.15771,6.0744,-495.6234583,-495.5768903,5.579263999999999,Gaussian,QC,"opt+freq: b3lyp/6-311G** em=gd3bj
energy: M062X/6-311G+(2d, p) em=gd3"
1857,a-c23+a-b8+a-b16,Cc1cc(Cl)ccc1C(C(=O)[O-])C(=O)O,acetate,-1147.0327501,0.114871,0.172858,510.63628,-0.06903,0.10065,7.5772,-1146.9178791,-1146.8598921,4.615296,Gaussian,QC,"opt+freq: b3lyp/6-311G** em=gd3bj
energy: M062X/6-311G+(2d, p) em=gd3"
1858,a-c23+a-b8+a-b17,O=C([O-])C(C(=O)O)S(=O)(=O)C(F)(F)F,acetate,-1302.7503177,0.02873,0.090179,541.1167200000001,-0.08207,0.1506,5.7578,-1302.7215877,-1302.6601387,6.328624,Gaussian,QC,"opt+freq: b3lyp/6-311G** em=gd3bj
energy: M062X/6-311G+(2d, p) em=gd3"
1859,a-c23+a-b8+a-b18,O=C([O-])C(C(=O)O)C(F)(F)F,acetate,-754.1615328,0.028586,0.077445,430.244904,-0.0716,0.14664,5.7007,-754.1329468,-754.0840878,5.936127999999999,Gaussian,QC,"opt+freq: b3lyp/6-311G** em=gd3bj
energy: M062X/6-311G+(2d, p) em=gd3"
1860,a-c23+a-b8+a-b19,O=C([O-])C(C(=O)O)c1ccccn1,acetate,-664.1613415,0.088561,0.140545,457.77144,-0.06479,0.1011,6.5009,-664.0727805,-664.0207965000001,4.512207999999999,Gaussian,QC,"opt+freq: b3lyp/6-311G** em=gd3bj
energy: M062X/6-311G+(2d, p) em=gd3"
1861,a-c23+a-b8+a-b20,O=C([O-])C(C(=O)O)S(=O)(=O)C(F)(F)C(F)(F)C(F)(F)F,acetate,-1778.3396896,0.043772,0.119494,666.799896,-0.08993,0.1252,7.1753,-1778.2959176,-1778.2201956,5.851535999999999,Gaussian,QC,"opt+freq: b3lyp/6-311G** em=gd3bj
energy: M062X/6-311G+(2d, p) em=gd3"
1862,a-c23+a-b8+a-b21,CC(=O)C(C(=O)[O-])C(=O)O,acetate,-569.7308618,0.059908,0.108881,431.249064,-0.07407,0.12997,5.3491,-569.6709538,-569.6219808,5.549888,Gaussian,QC,"opt+freq: b3lyp/6-311G** em=gd3bj
energy: M062X/6-311G+(2d, p) em=gd3"
1863,a-c23+a-b8+a-b22,COC(C(=O)[O-])C(=O)O,acetate,-531.6003174,0.058217,0.103737,400.852304,-0.04918,0.15243,5.8833,-531.5421004,-531.4965804,5.483792,Gaussian,QC,"opt+freq: b3lyp/6-311G** em=gd3bj
energy: M062X/6-311G+(2d, p) em=gd3"
1864,a-c23+a-b8+a-b23,O=C([O-])C(CC(F)(F)F)C(=O)O,acetate,-793.4668152,0.055474,0.106829,452.22764,-0.05958,0.14533,7.4385,-793.4113412,-793.3599862000001,5.573551999999999,Gaussian,QC,"opt+freq: b3lyp/6-311G** em=gd3bj
energy: M062X/6-311G+(2d, p) em=gd3"
1865,a-c23+a-b8+a-b24,O=C([O-])C(Cc1ccccc1)C(=O)O,acetate,-687.4228944,0.127312,0.18139,476.2061440000001,-0.05903,0.10694,8.969,-687.2955824000001,-687.2415044,4.514384,Gaussian,QC,"opt+freq: b3lyp/6-311G** em=gd3bj
energy: M062X/6-311G+(2d, p) em=gd3"
1866,a-c23+a-b8+a-b25,CCCCCC(C(=O)[O-])C(=O)O,acetate,-613.6189589,0.158146,0.21393,491.235072,-0.05341,0.13954,8.6206,-613.4608129000001,-613.4050289,5.24824,Gaussian,QC,"opt+freq: b3lyp/6-311G** em=gd3bj
energy: M062X/6-311G+(2d, p) em=gd3"
1867,a-c23+a-b8+a-b26,O=C([O-])C(C(=O)O)c1ccccc1,acetate,-648.1168596,0.09953,0.152023,462.256688,-0.0599,0.11867,6.222,-648.0173296,-647.9648366,4.857104,Gaussian,QC,"opt+freq: b3lyp/6-311G** em=gd3bj
energy: M062X/6-311G+(2d, p) em=gd3"
1868,a-c23+a-b8+a-b27,CCCCCCCCCCCCC(C(=O)[O-])C(=O)O,acetate,-888.7510916,0.337679,0.416741,696.213416,-0.05522,0.0936,20.3597,-888.4134126,-888.3343506,4.047904,Gaussian,QC,"opt+freq: b3lyp/6-311G** em=gd3bj
energy: M062X/6-311G+(2d, p) em=gd3"
1869,a-c23+a-b8+a-b28,O=C(O)CC(C(=O)[O-])C(=O)O,acetate,-645.0073983,0.066666,0.114991,425.55464,-0.09547,0.12991,4.5631,-644.9407322999999,-644.8924073,6.130336,Gaussian,QC,"opt+freq: b3lyp/6-311G** em=gd3bj
energy: M062X/6-311G+(2d, p) em=gd3"
1870,a-c23+a-b8+a-b30,O=C([O-])C(C(=O)O)C1CCCCC1,acetate,-651.7329512,0.167699,0.221167,470.842256,-0.0555,0.14773,7.3122,-651.5652522,-651.5117842,5.527856,Gaussian,QC,"opt+freq: b3lyp/6-311G** em=gd3bj
energy: M062X/6-311G+(2d, p) em=gd3"
1871,a-c23+a-b8+a-b31,Cc1cccc(C(C(=O)[O-])C(=O)O)c1C,acetate,-726.7316595,0.15138,0.209057,507.8999440000001,-0.0612,0.11043,9.2379,-726.5802795,-726.5226025,4.668336,Gaussian,QC,"opt+freq: b3lyp/6-311G** em=gd3bj
energy: M062X/6-311G+(2d, p) em=gd3"
1872,a-c23+a-b8+a-b32,O=C([O-])C(CC(F)(F)C(F)F)C(=O)O,acetate,-931.9985411,0.072869,0.129013,494.406544,-0.05705,0.14605,8.5401,-931.9256721,-931.8695281,5.52432,Gaussian,QC,"opt+freq: b3lyp/6-311G** em=gd3bj
energy: M062X/6-311G+(2d, p) em=gd3"
1873,a-c23+a-b8+a-b33,O=C([O-])C(C(=O)O)c1cccnc1,acetate,-664.1639797,0.088984,0.1408,456.290304,-0.0673,0.10026,5.4765,-664.0749957,-664.0231797,4.557632,Gaussian,QC,"opt+freq: b3lyp/6-311G** em=gd3bj
energy: M062X/6-311G+(2d, p) em=gd3"
1874,a-c23+a-b8+a-b34,O=C([O-])C(C(=O)O)C1CCCN1,acetate,-628.4599021,0.130238,0.181352,450.106352,-0.05913,0.14872,4.7047,-628.3296641000001,-628.2785501000001,5.653519999999999,Gaussian,QC,"opt+freq: b3lyp/6-311G** em=gd3bj
energy: M062X/6-311G+(2d, p) em=gd3"
1875,a-c23+a-b8+a-b35,O=C([O-])C(C(=O)O)S(=O)(=O)C(F)(F)C(F)(F)F,acetate,-1540.5466338,0.035517,0.104842,610.479072,-0.08785,0.13814,5.5395,-1540.5111168,-1540.4417918,6.146928000000001,Gaussian,QC,"opt+freq: b3lyp/6-311G** em=gd3bj
energy: M062X/6-311G+(2d, p) em=gd3"
1876,a-c23+a-b8+a-b36,CCCCCCCCCC(C(=O)[O-])C(=O)O,acetate,-770.8374774,0.26082,0.329814,607.567008,-0.05487,0.10895,14.8018,-770.5766574,-770.5076634,4.455904,Gaussian,QC,"opt+freq: b3lyp/6-311G** em=gd3bj
energy: M062X/6-311G+(2d, p) em=gd3"
1877,a-c23+a-b8+a-b37,O=C([O-])C(C(=O)O)C(C(F)(F)F)C(F)(F)F,acetate,-1130.5277774,0.053929,0.114463,533.0625200000001,-0.0739,0.1401,7.1253,-1130.4738484,-1130.4133144,5.820799999999999,Gaussian,QC,"opt+freq: b3lyp/6-311G** em=gd3bj
energy: M062X/6-311G+(2d, p) em=gd3"
1878,a-c23+a-b8+a-b38,O=C([O-])C(CC(F)(F)C(F)(F)C(F)(F)C(F)F)C(=O)O,acetate,-1407.5875755,0.088138,0.158249,617.3952240000001,-0.06256,0.12208,12.2716,-1407.4994375,-1407.4293265,5.022208,Gaussian,QC,"opt+freq: b3lyp/6-311G** em=gd3bj
energy: M062X/6-311G+(2d, p) em=gd3"
1879,a-c23+a-b9+a-b10,CCCCCCCCCCC(C(=O)[O-])C(=O)CF,acetate,-873.4380919,0.299785,0.375237,664.431752,-0.06637,0.10002,14.5768,-873.1383069,-873.0628549,4.525808,Gaussian,QC,"opt+freq: b3lyp/6-311G** em=gd3bj
energy: M062X/6-311G+(2d, p) em=gd3"
1880,a-c23+a-b9+a-b13,CCCCCCC(C(=O)[O-])C(=O)CF,acetate,-716.2196552,0.196932,0.259351,549.6562640000001,-0.06535,0.10093,8.1773,-716.0227232000001,-715.9603042,4.522816000000001,Gaussian,QC,"opt+freq: b3lyp/6-311G** em=gd3bj
energy: M062X/6-311G+(2d, p) em=gd3"
1881,a-c23+a-b9+a-b14,CCCCC(C(=O)[O-])C(=O)CF,acetate,-637.6102098,0.145575,0.201406,491.649288,-0.06414,0.10205,5.5645,-637.4646348,-637.4088038,4.520368,Gaussian,QC,"opt+freq: b3lyp/6-311G** em=gd3bj
energy: M062X/6-311G+(2d, p) em=gd3"
1882,a-c23+a-b9+a-b15,CCC(C(=O)[O-])C(=O)CF,acetate,-558.9987208,0.093732,0.143113,434.8431200000001,-0.05463,0.11763,5.6169,-558.9049888,-558.8556078,4.685472,Gaussian,QC,"opt+freq: b3lyp/6-311G** em=gd3bj
energy: M062X/6-311G+(2d, p) em=gd3"
1883,a-c23+a-b9+a-b16,Cc1cc(Cl)ccc1C(C(=O)[O-])C(=O)CF,acetate,-1210.3293365,0.127951,0.188838,536.171232,-0.07358,0.08545,8.4499,-1210.2013855,-1210.1404985,4.325616,Gaussian,QC,"opt+freq: b3lyp/6-311G** em=gd3bj
energy: M062X/6-311G+(2d, p) em=gd3"
1884,a-c23+a-b9+a-b17,O=C([O-])C(C(=O)CF)S(=O)(=O)C(F)(F)F,acetate,-1366.0494577,0.041963,0.106403,567.455,-0.08383,0.13494,5.6373,-1366.0074947,-1365.9430547,5.950544000000001,Gaussian,QC,"opt+freq: b3lyp/6-311G** em=gd3bj
energy: M062X/6-311G+(2d, p) em=gd3"
1885,a-c23+a-b9+a-b18,O=C([O-])C(C(=O)CF)C(F)(F)F,acetate,-817.45899,0.04128,0.093567,460.436648,-0.0805,0.10553,4.9431,-817.4177099999999,-817.365423,5.060016,Gaussian,QC,"opt+freq: b3lyp/6-311G** em=gd3bj
energy: M062X/6-311G+(2d, p) em=gd3"
1886,a-c23+a-b9+a-b19,O=C([O-])C(C(=O)CF)c1ccccn1,acetate,-727.449013,0.100325,0.156289,492.8208080000001,-0.06877,0.09487,6.4819,-727.348688,-727.292724,4.451008,Gaussian,QC,"opt+freq: b3lyp/6-311G** em=gd3bj
energy: M062X/6-311G+(2d, p) em=gd3"
1887,a-c23+a-b9+a-b21,CC(=O)C(C(=O)[O-])C(=O)CF,acetate,-633.0246307,0.073638,0.125134,453.470288,-0.07042,0.09162,5.614,-632.9509927,-632.8994967,4.407488,Gaussian,QC,"opt+freq: b3lyp/6-311G** em=gd3bj
energy: M062X/6-311G+(2d, p) em=gd3"
1888,a-c23+a-b9+a-b22,COC(C(=O)[O-])C(=O)CF,acetate,-594.8932708,0.070458,0.119741,433.9854,-0.05709,0.12054,5.2577,-594.8228128,-594.7735298,4.831536,Gaussian,QC,"opt+freq: b3lyp/6-311G** em=gd3bj
energy: M062X/6-311G+(2d, p) em=gd3"
1889,a-c23+a-b9+a-b23,O=C([O-])C(CC(F)(F)F)C(=O)CF,acetate,-856.7680531,0.068302,0.122937,481.105608,-0.07049,0.10729,5.8189,-856.6997511,-856.6451161,4.835616,Gaussian,QC,"opt+freq: b3lyp/6-311G** em=gd3bj
energy: M062X/6-311G+(2d, p) em=gd3"
1890,a-c23+a-b9+a-b24,O=C([O-])C(Cc1ccccc1)C(=O)CF,acetate,-750.7255673,0.140287,0.197606,504.7493920000001,-0.0676,0.09427,7.5295,-750.5852803,-750.5279613,4.402864,Gaussian,QC,"opt+freq: b3lyp/6-311G** em=gd3bj
energy: M062X/6-311G+(2d, p) em=gd3"
1891,a-c23+a-b9+a-b25,CCCCCC(C(=O)[O-])C(=O)CF,acetate,-676.9149905,0.171053,0.230347,522.138096,-0.06485,0.10139,6.8029,-676.7439375,-676.6846435,4.521728,Gaussian,QC,"opt+freq: b3lyp/6-311G** em=gd3bj
energy: M062X/6-311G+(2d, p) em=gd3"
1892,a-c23+a-b9+a-b26,O=C([O-])C(C(=O)CF)c1ccccc1,acetate,-711.4141897,0.113091,0.16822,485.461152,-0.07122,0.10807,5.4924,-711.3010986999999,-711.2459696999999,4.876688,Gaussian,QC,"opt+freq: b3lyp/6-311G** em=gd3bj
energy: M062X/6-311G+(2d, p) em=gd3"
1893,a-c23+a-b9+a-b27,CCCCCCCCCCCCC(C(=O)[O-])C(=O)CF,acetate,-952.047152,0.351161,0.433189,722.329944,-0.06655,0.09333,18.2024,-951.6959909999999,-951.613963,4.348736,Gaussian,QC,"opt+freq: b3lyp/6-311G** em=gd3bj
energy: M062X/6-311G+(2d, p) em=gd3"
1894,a-c23+a-b9+a-b28,O=C(O)CC(C(=O)[O-])C(=O)CF,acetate,-708.3017535,0.079824,0.131276,453.089544,-0.10006,0.0903,4.8878,-708.2219295,-708.1704775000001,5.177792,Gaussian,QC,"opt+freq: b3lyp/6-311G** em=gd3bj
energy: M062X/6-311G+(2d, p) em=gd3"
1895,a-c23+a-b9+a-b30,O=C([O-])C(C(=O)CF)C1CCCCC1,acetate,-715.029022,0.180547,0.237306,499.812272,-0.06619,0.11256,7.4391,-714.848475,-714.7917160000001,4.862,Gaussian,QC,"opt+freq: b3lyp/6-311G** em=gd3bj
energy: M062X/6-311G+(2d, p) em=gd3"
1896,a-c23+a-b9+a-b31,Cc1cccc(C(C(=O)[O-])C(=O)CF)c1C,acetate,-790.0241538,0.163542,0.225366,544.4262640000001,-0.06745,0.09708,8.292,-789.8606118,-789.7987878,4.475216000000001,Gaussian,QC,"opt+freq: b3lyp/6-311G** em=gd3bj
energy: M062X/6-311G+(2d, p) em=gd3"
1897,a-c23+a-b9+a-b32,O=C([O-])C(CC(F)(F)C(F)F)C(=O)CF,acetate,-995.3016059,0.085954,0.145126,521.062808,-0.06743,0.10947,6.9949,-995.2156519,-995.1564799,4.81168,Gaussian,QC,"opt+freq: b3lyp/6-311G** em=gd3bj
energy: M062X/6-311G+(2d, p) em=gd3"
1898,a-c23+a-b9+a-b34,O=C([O-])C(C(=O)CF)C1CCCN1,acetate,-691.7548093,0.142291,0.197459,485.80424,-0.06901,0.1076,6.1673,-691.6125183,-691.5573503,4.803792,Gaussian,QC,"opt+freq: b3lyp/6-311G** em=gd3bj
energy: M062X/6-311G+(2d, p) em=gd3"
1899,a-c23+a-b9+a-b35,O=C([O-])C(C(=O)CF)S(=O)(=O)C(F)(F)C(F)(F)F,acetate,-1603.8454933,0.049352,0.121053,631.394888,-0.08909,0.12203,5.1223,-1603.7961413,-1603.7244403,5.742464,Gaussian,QC,"opt+freq: b3lyp/6-311G** em=gd3bj
energy: M062X/6-311G+(2d, p) em=gd3"
1900,a-c23+a-b9+a-b36,CCCCCCCCCC(C(=O)[O-])C(=O)CF,acetate,-834.1335411,0.27406,0.346273,635.90524,-0.06623,0.10017,12.7457,-833.8594811,-833.7872681,4.526079999999999,Gaussian,QC,"opt+freq: b3lyp/6-311G** em=gd3bj
energy: M062X/6-311G+(2d, p) em=gd3"
1901,a-c23+a-b9+a-b37,O=C([O-])C(C(=O)CF)C(C(F)(F)F)C(F)(F)F,acetate,-1193.8237619,0.066788,0.130553,561.51372,-0.08588,0.09946,5.8248,-1193.7569739,-1193.6932089,5.041248,Gaussian,QC,"opt+freq: b3lyp/6-311G** em=gd3bj
energy: M062X/6-311G+(2d, p) em=gd3"
1902,a-c23+a-b10+a-b13,CCCCCCCCCCC(CCCCCC)C(=O)[O-],acetate,-857.3880497,0.431404,0.514629,732.8736240000001,-0.04429,0.10048,13.6425,-856.9566457,-856.8734207,3.937744,Gaussian,QC,"opt+freq: b3lyp/6-311G** em=gd3bj
energy: M062X/6-311G+(2d, p) em=gd3"
1903,a-c23+a-b10+a-b14,CCCCCCCCCCC(CCCC)C(=O)[O-],acetate,-778.778428,0.380206,0.45673,673.87504,-0.04206,0.10119,15.9716,-778.3982219999999,-778.321698,3.896399999999999,Gaussian,QC,"opt+freq: b3lyp/6-311G** em=gd3bj
energy: M062X/6-311G+(2d, p) em=gd3"
1904,a-c23+a-b10+a-b15,CCCCCCCCCCC(CC)C(=O)[O-],acetate,-700.1663982,0.327088,0.398767,631.206608,-0.03131,0.10075,19.0973,-699.8393102,-699.7676312,3.592032,Gaussian,QC,"opt+freq: b3lyp/6-311G** em=gd3bj
energy: M062X/6-311G+(2d, p) em=gd3"
1905,a-c23+a-b10+a-b18,CCCCCCCCCCC(C(=O)[O-])C(F)(F)F,acetate,-958.6347919,0.275503,0.34985,654.695584,-0.05455,0.10242,15.6381,-958.3592889,-958.2849419,4.269584,Gaussian,QC,"opt+freq: b3lyp/6-311G** em=gd3bj
energy: M062X/6-311G+(2d, p) em=gd3"
1906,a-c23+a-b10+a-b19,CCCCCCCCCCC(C(=O)[O-])c1ccccn1,acetate,-868.6304219,0.336735,0.41285,670.2726160000001,-0.05239,0.09229,13.0866,-868.2936869,-868.2175718999999,3.935296,Gaussian,QC,"opt+freq: b3lyp/6-311G** em=gd3bj
energy: M062X/6-311G+(2d, p) em=gd3"
1907,a-c23+a-b10+a-b21,CCCCCCCCCCC(C(C)=O)C(=O)[O-],acetate,-774.1998133,0.306925,0.381091,653.109848,-0.05735,0.10373,16.0634,-773.8928883,-773.8187223,4.381375999999999,Gaussian,QC,"opt+freq: b3lyp/6-311G** em=gd3bj
energy: M062X/6-311G+(2d, p) em=gd3"
1908,a-c23+a-b10+a-b22,CCCCCCCCCCC(OC)C(=O)[O-],acetate,-736.0720334,0.304767,0.375396,621.9516000000001,-0.03967,0.10711,15.601,-735.7672664,-735.6966374,3.992416,Gaussian,QC,"opt+freq: b3lyp/6-311G** em=gd3bj
energy: M062X/6-311G+(2d, p) em=gd3"
1909,a-c23+a-b10+a-b23,CCCCCCCCCCC(CC(F)(F)F)C(=O)[O-],acetate,-997.9347323,0.302223,0.37883,674.594688,-0.05194,0.105,13.7769,-997.6325092999999,-997.5559023,4.268768,Gaussian,QC,"opt+freq: b3lyp/6-311G** em=gd3bj
energy: M062X/6-311G+(2d, p) em=gd3"
1910,a-c23+a-b10+a-b25,CCCCCCCCCCC(CCCCC)C(=O)[O-],acetate,-818.0831672,0.405517,0.485672,705.844984,-0.04336,0.10071,14.7683,-817.6776502,-817.5974952,3.918704,Gaussian,QC,"opt+freq: b3lyp/6-311G** em=gd3bj
energy: M062X/6-311G+(2d, p) em=gd3"
1911,a-c23+a-b10+a-b26,CCCCCCCCCCC(C(=O)[O-])c1ccccc1,acetate,-852.5860818,0.348546,0.424328,667.335448,-0.05036,0.10311,14.0524,-852.2375357999999,-852.1617538,4.174384,Gaussian,QC,"opt+freq: b3lyp/6-311G** em=gd3bj
energy: M062X/6-311G+(2d, p) em=gd3"
1912,a-c23+a-b10+a-b28,CCCCCCCCCCC(CC(=O)O)C(=O)[O-],acetate,-849.4446615,0.313825,0.387729,650.791912,-0.05547,0.10647,14.5001,-849.1308365000001,-849.0569325,4.404768,Gaussian,QC,"opt+freq: b3lyp/6-311G** em=gd3bj
energy: M062X/6-311G+(2d, p) em=gd3"
1913,a-c23+a-b10+a-b30,CCCCCCCCCCC(C(=O)[O-])C1CCCCC1,acetate,-856.1978286,0.41356,0.492859,698.3096,-0.04174,0.10453,13.6874,-855.7842686,-855.7049696,3.978544,Gaussian,QC,"opt+freq: b3lyp/6-311G** em=gd3bj
energy: M062X/6-311G+(2d, p) em=gd3"
1914,a-c23+a-b10+a-b33,CCCCCCCCCCC(C(=O)[O-])c1cccnc1,acetate,-868.6324891,0.337452,0.413035,665.586536,-0.05668,0.09283,13.5491,-868.2950371000001,-868.2194541,4.066672,Gaussian,QC,"opt+freq: b3lyp/6-311G** em=gd3bj
energy: M062X/6-311G+(2d, p) em=gd3"
1915,a-c23+a-b11+a-b15,CCCCC(CC)CC(CC)C(=O)[O-],acetate,-621.5583084,0.275418,0.340377,572.0239280000001,-0.03231,0.12192,14.0502,-621.2828904,-621.2179314,4.195056,Gaussian,QC,"opt+freq: b3lyp/6-311G** em=gd3bj
energy: M062X/6-311G+(2d, p) em=gd3"
1916,a-c23+a-b11+a-b17,CCCCC(CC)CC(C(=O)[O-])S(=O)(=O)C(F)(F)F,acetate,-1428.6068865,0.230438,0.304675,653.7290800000001,-0.09112,0.12718,6.8269,-1428.3764485,-1428.3022115,5.93776,Gaussian,QC,"opt+freq: b3lyp/6-311G** em=gd3bj
energy: M062X/6-311G+(2d, p) em=gd3"
1917,a-c23+a-b11+a-b18,CCCCC(CC)CC(C(=O)[O-])C(F)(F)F,acetate,-880.0296672,0.226002,0.29154,577.124224,-0.06247,0.1359,7.68,-879.8036652,-879.7381271999999,5.395664,Gaussian,QC,"opt+freq: b3lyp/6-311G** em=gd3bj
energy: M062X/6-311G+(2d, p) em=gd3"
1918,a-c23+a-b11+a-b21,CCCCC(CC)CC(C(C)=O)C(=O)[O-],acetate,-695.5926873,0.256036,0.322654,586.63864,-0.05536,0.11834,12.2873,-695.3366513,-695.2700333,4.72464,Gaussian,QC,"opt+freq: b3lyp/6-311G** em=gd3bj
energy: M062X/6-311G+(2d, p) em=gd3"
1919,a-c23+a-b11+a-b22,CCCCC(CC)CC(OC)C(=O)[O-],acetate,-657.4621538,0.252178,0.316915,570.07,-0.03637,0.1275,12.8629,-657.2099758,-657.1452388,4.457264,Gaussian,QC,"opt+freq: b3lyp/6-311G** em=gd3bj
energy: M062X/6-311G+(2d, p) em=gd3"
1920,a-c23+a-b13+a-b14,CCCCCCC(CCCC)C(=O)[O-],acetate,-621.5601067,0.277084,0.340765,560.773152,-0.04114,0.12603,9.9602,-621.2830227000001,-621.2193417,4.547024,Gaussian,QC,"opt+freq: b3lyp/6-311G** em=gd3bj
energy: M062X/6-311G+(2d, p) em=gd3"
1921,a-c23+a-b13+a-b15,CCCCCCC(CC)C(=O)[O-],acetate,-542.9480821,0.224385,0.282875,515.062952,-0.03045,0.1262,12.1986,-542.7236971,-542.6652071,4.26088,Gaussian,QC,"opt+freq: b3lyp/6-311G** em=gd3bj
energy: M062X/6-311G+(2d, p) em=gd3"
1922,a-c23+a-b13+a-b16,CCCCCCC(C(=O)[O-])c1ccc(Cl)cc1C,acetate,-1194.2843081,0.258857,0.329015,617.813624,-0.05789,0.09864,9.0346,-1194.0254511,-1193.9552931,4.257616,Gaussian,QC,"opt+freq: b3lyp/6-311G** em=gd3bj
energy: M062X/6-311G+(2d, p) em=gd3"
1923,a-c23+a-b13+a-b17,CCCCCCC(C(=O)[O-])S(=O)(=O)C(F)(F)F,acetate,-1349.9936082,0.178262,0.247056,605.792992,-0.08388,0.122,7.6822,-1349.8153462,-1349.7465522,5.599936,Gaussian,QC,"opt+freq: b3lyp/6-311G** em=gd3bj
energy: M062X/6-311G+(2d, p) em=gd3"
1924,a-c23+a-b13+a-b18,CCCCCCC(C(=O)[O-])C(F)(F)F,acetate,-801.4163893,0.172772,0.233941,538.6523440000001,-0.05342,0.12924,9.4892,-801.2436173,-801.1824483,4.968351999999999,Gaussian,QC,"opt+freq: b3lyp/6-311G** em=gd3bj
energy: M062X/6-311G+(2d, p) em=gd3"
1925,a-c23+a-b13+a-b19,CCCCCCC(C(=O)[O-])c1ccccn1,acetate,-711.4119502,0.233821,0.296937,555.794192,-0.05127,0.09319,8.4372,-711.1781292,-711.1150132,3.929312,Gaussian,QC,"opt+freq: b3lyp/6-311G** em=gd3bj
energy: M062X/6-311G+(2d, p) em=gd3"
1926,a-c23+a-b13+a-b21,CCCCCCC(C(C)=O)C(=O)[O-],acetate,-616.9814907,0.203892,0.265131,539.2673920000001,-0.05608,0.12779,10.0325,-616.7775987,-616.7163597,5.001263999999999,Gaussian,QC,"opt+freq: b3lyp/6-311G** em=gd3bj
energy: M062X/6-311G+(2d, p) em=gd3"
1927,a-c23+a-b13+a-b22,CCCCCCC(OC)C(=O)[O-],acetate,-578.8536099,0.201916,0.259495,507.042224,-0.03822,0.13416,9.754,-578.6516939,-578.5941149,4.688736,Gaussian,QC,"opt+freq: b3lyp/6-311G** em=gd3bj
energy: M062X/6-311G+(2d, p) em=gd3"
1928,a-c23+a-b13+a-b23,CCCCCCC(CC(F)(F)F)C(=O)[O-],acetate,-840.7163873,0.199327,0.262888,559.7146,-0.05033,0.13005,9.398,-840.5170602999999,-840.4534993,4.906336,Gaussian,QC,"opt+freq: b3lyp/6-311G** em=gd3bj
energy: M062X/6-311G+(2d, p) em=gd3"
1929,a-c23+a-b13+a-b24,CCCCCCC(Cc1ccccc1)C(=O)[O-],acetate,-734.6698231,0.270824,0.337291,585.303944,-0.04559,0.10404,10.7704,-734.3989991000001,-734.3325321,4.069935999999999,Gaussian,QC,"opt+freq: b3lyp/6-311G** em=gd3bj
energy: M062X/6-311G+(2d, p) em=gd3"
1930,a-c23+a-b13+a-b25,CCCCCCC(CCCCC)C(=O)[O-],acetate,-660.8648574,0.302623,0.369732,590.9607120000001,-0.04247,0.1253,9.1339,-660.5622344,-660.4951254,4.563344,Gaussian,QC,"opt+freq: b3lyp/6-311G** em=gd3bj
energy: M062X/6-311G+(2d, p) em=gd3"
1931,a-c23+a-b13+a-b26,CCCCCCC(C(=O)[O-])c1ccccc1,acetate,-695.3676067,0.245385,0.308383,554.752376,-0.04922,0.1124,8.935,-695.1222217,-695.0592237,4.396063999999999,Gaussian,QC,"opt+freq: b3lyp/6-311G** em=gd3bj
energy: M062X/6-311G+(2d, p) em=gd3"
1932,a-c23+a-b13+a-b28,CCCCCCC(CC(=O)O)C(=O)[O-],acetate,-692.2261714,0.210935,0.271823,536.171232,-0.054,0.13148,9.1712,-692.0152364,-691.9543484,5.045056,Gaussian,QC,"opt+freq: b3lyp/6-311G** em=gd3bj
energy: M062X/6-311G+(2d, p) em=gd3"
1933,a-c23+a-b13+a-b30,CCCCCCC(C(=O)[O-])C1CCCCC1,acetate,-698.9763393,0.311992,0.376974,572.228944,-0.04507,0.13125,8.8198,-698.6643472999999,-698.5993652999999,4.795904,Gaussian,QC,"opt+freq: b3lyp/6-311G** em=gd3bj
energy: M062X/6-311G+(2d, p) em=gd3"
1934,a-c23+a-b13+a-b31,CCCCCCC(C(=O)[O-])c1cccc(C)c1C,acetate,-773.9811127,0.295273,0.365201,615.7885679999999,-0.05017,0.11574,8.7768,-773.6858397000001,-773.6159117000001,4.512752,Gaussian,QC,"opt+freq: b3lyp/6-311G** em=gd3bj
energy: M062X/6-311G+(2d, p) em=gd3"
1935,a-c23+a-b13+a-b32,CCCCCCC(CC(F)(F)C(F)F)C(=O)[O-],acetate,-979.248579,0.216402,0.285148,605.378776,-0.04812,0.13252,9.9013,-979.0321769999999,-978.9634309999999,4.913408,Gaussian,QC,"opt+freq: b3lyp/6-311G** em=gd3bj
energy: M062X/6-311G+(2d, p) em=gd3"
1936,a-c23+a-b13+a-b33,CCCCCCC(C(=O)[O-])c1cccnc1,acetate,-711.4140929,0.234282,0.297085,553.0453040000001,-0.0556,0.09361,8.0104,-711.1798109,-711.1170079,4.058512,Gaussian,QC,"opt+freq: b3lyp/6-311G** em=gd3bj
energy: M062X/6-311G+(2d, p) em=gd3"
1937,a-c23+a-b13+a-b35,CCCCCCC(C(=O)[O-])S(=O)(=O)C(F)(F)C(F)(F)F,acetate,-1587.7880805,0.185901,0.261587,666.4819120000001,-0.0861,0.11281,8.1308,-1587.6021795,-1587.5264935,5.410352,Gaussian,QC,"opt+freq: b3lyp/6-311G** em=gd3bj
energy: M062X/6-311G+(2d, p) em=gd3"
1938,a-c23+a-b13+a-b36,CCCCCCCCCC(CCCCCC)C(=O)[O-],acetate,-818.0834955,0.405492,0.485629,705.690176,-0.04415,0.10597,12.1561,-817.6780035,-817.5978665,4.083264,Gaussian,QC,"opt+freq: b3lyp/6-311G** em=gd3bj
energy: M062X/6-311G+(2d, p) em=gd3"
1939,a-c23+a-b13+a-b37,CCCCCCC(C(=O)[O-])C(C(F)(F)F)C(F)(F)F,acetate,-1177.783384,0.199813,0.270971,626.6125760000001,-0.06282,0.12916,8.4783,-1177.583571,-1177.512413,5.221856,Gaussian,QC,"opt+freq: b3lyp/6-311G** em=gd3bj
energy: M062X/6-311G+(2d, p) em=gd3"
1940,a-c23+a-b14+a-b15,CCCCC(CC)C(=O)[O-],acetate,-464.3384299,0.172923,0.224888,457.599896,-0.02924,0.14416,9.5069,-464.1655069,-464.1135419,4.71648,Gaussian,QC,"opt+freq: b3lyp/6-311G** em=gd3bj
energy: M062X/6-311G+(2d, p) em=gd3"
1941,a-c23+a-b14+a-b16,CCCCC(C(=O)[O-])c1ccc(Cl)cc1C,acetate,-1115.6718366,0.2066,0.270656,564.0826959999999,-0.05466,0.09699,7.9922,-1115.4652366,-1115.4011806,4.12488,Gaussian,QC,"opt+freq: b3lyp/6-311G** em=gd3bj
energy: M062X/6-311G+(2d, p) em=gd3"
1942,a-c23+a-b14+a-b17,CCCCC(C(=O)[O-])S(=O)(=O)C(F)(F)F,acetate,-1271.3842895,0.127003,0.189122,547.01616,-0.08278,0.13416,5.8133,-1271.2572865,-1271.1951675,5.900768,Gaussian,QC,"opt+freq: b3lyp/6-311G** em=gd3bj
energy: M062X/6-311G+(2d, p) em=gd3"
1943,a-c23+a-b14+a-b18,CCCCC(C(=O)[O-])C(F)(F)F,acetate,-722.8069524,0.121671,0.176023,478.620312,-0.05213,0.15025,7.0664,-722.6852814,-722.6309294,5.504736,Gaussian,QC,"opt+freq: b3lyp/6-311G** em=gd3bj
energy: M062X/6-311G+(2d, p) em=gd3"
1944,a-c23+a-b14+a-b19,CCCCC(C(=O)[O-])c1ccccn1,acetate,-632.8024239,0.182384,0.238971,498.2976640000001,-0.0499,0.09444,7.3817,-632.6200399,-632.5634529,3.926048,Gaussian,QC,"opt+freq: b3lyp/6-311G** em=gd3bj
energy: M062X/6-311G+(2d, p) em=gd3"
1945,a-c23+a-b14+a-b21,CCCCC(C(C)=O)C(=O)[O-],acetate,-538.3721491,0.152461,0.207155,481.628608,-0.05427,0.12968,7.8196,-538.2196881,-538.1649941000001,5.00344,Gaussian,QC,"opt+freq: b3lyp/6-311G** em=gd3bj
energy: M062X/6-311G+(2d, p) em=gd3"
1946,a-c23+a-b14+a-b22,CCCCC(OC)C(=O)[O-],acetate,-500.2440424,0.150502,0.201581,449.805104,-0.03608,0.15364,7.8629,-500.0935404,-500.0424614,5.160384,Gaussian,QC,"opt+freq: b3lyp/6-311G** em=gd3bj
energy: M062X/6-311G+(2d, p) em=gd3"
1947,a-c23+a-b14+a-b23,CCCCC(CC(F)(F)F)C(=O)[O-],acetate,-762.1068106,0.148008,0.204941,501.351984,-0.04799,0.14541,8.5113,-761.9588026,-761.9018696,5.26048,Gaussian,QC,"opt+freq: b3lyp/6-311G** em=gd3bj
energy: M062X/6-311G+(2d, p) em=gd3"
1948,a-c23+a-b14+a-b24,CCCCC(Cc1ccccc1)C(=O)[O-],acetate,-656.0602379,0.219478,0.279329,527.045928,-0.04455,0.10494,9.6752,-655.8407599,-655.7809089,4.066128,Gaussian,QC,"opt+freq: b3lyp/6-311G** em=gd3bj
energy: M062X/6-311G+(2d, p) em=gd3"
1949,a-c23+a-b14+a-b25,CCCCCC(CCCC)C(=O)[O-],acetate,-582.2554209,0.251335,0.311791,532.380528,-0.04063,0.13542,8.6653,-582.0040859,-581.9436299,4.78856,Gaussian,QC,"opt+freq: b3lyp/6-311G** em=gd3bj
energy: M062X/6-311G+(2d, p) em=gd3"
1950,a-c23+a-b14+a-b26,CCCCC(C(=O)[O-])c1ccccc1,acetate,-616.7581189,0.193953,0.25042,497.24748,-0.04793,0.11343,7.5325,-616.5641659,-616.5076989,4.388992,Gaussian,QC,"opt+freq: b3lyp/6-311G** em=gd3bj
energy: M062X/6-311G+(2d, p) em=gd3"
1951,a-c23+a-b14+a-b27,CCCCCCCCCCCCC(CCCC)C(=O)[O-],acetate,-857.3874458,0.431385,0.514673,733.43428,-0.04224,0.09198,19.6377,-856.9560608,-856.8727728,3.650784,Gaussian,QC,"opt+freq: b3lyp/6-311G** em=gd3bj
energy: M062X/6-311G+(2d, p) em=gd3"
1952,a-c23+a-b14+a-b28,CCCCC(CC(=O)O)C(=O)[O-],acetate,-613.6164345,0.159458,0.213891,479.331592,-0.0519,0.14511,7.5318,-613.4569765,-613.4025435,5.358671999999999,Gaussian,QC,"opt+freq: b3lyp/6-311G** em=gd3bj
energy: M062X/6-311G+(2d, p) em=gd3"
1953,a-c23+a-b14+a-b30,CCCCC(C(=O)[O-])C1CCCCC1,acetate,-620.3667933,0.260752,0.319075,513.594368,-0.04356,0.14532,7.7063,-620.1060413,-620.0477183,5.137536,Gaussian,QC,"opt+freq: b3lyp/6-311G** em=gd3bj
energy: M062X/6-311G+(2d, p) em=gd3"
1954,a-c23+a-b14+a-b31,CCCCC(C(=O)[O-])c1cccc(C)c1C,acetate,-695.3677447,0.245333,0.30721,544.886504,-0.05258,0.11559,6.9621,-695.1224117,-695.0605347,4.574223999999999,Gaussian,QC,"opt+freq: b3lyp/6-311G** em=gd3bj
energy: M062X/6-311G+(2d, p) em=gd3"
1955,a-c23+a-b14+a-b32,CCCCC(CC(F)(F)C(F)F)C(=O)[O-],acetate,-900.6388758,0.16499,0.227178,547.62284,-0.04586,0.14831,10.0091,-900.4738858000001,-900.4116978000001,5.281424,Gaussian,QC,"opt+freq: b3lyp/6-311G** em=gd3bj
energy: M062X/6-311G+(2d, p) em=gd3"
1956,a-c23+a-b14+a-b33,CCCCC(C(=O)[O-])c1cccnc1,acetate,-632.8046414,0.182847,0.239124,495.57388,-0.05438,0.09459,6.274,-632.6217944,-632.5655174000001,4.051984,Gaussian,QC,"opt+freq: b3lyp/6-311G** em=gd3bj
energy: M062X/6-311G+(2d, p) em=gd3"
1957,a-c23+a-b14+a-b34,CCCCC(C(=O)[O-])C1CCCN1,acetate,-597.0946122,0.222913,0.279244,496.0466720000001,-0.04679,0.14389,8.2809,-596.8716992000001,-596.8153682000001,5.186495999999999,Gaussian,QC,"opt+freq: b3lyp/6-311G** em=gd3bj
energy: M062X/6-311G+(2d, p) em=gd3"
1958,a-c23+a-b14+a-b35,CCCCC(C(=O)[O-])S(=O)(=O)C(F)(F)C(F)(F)F,acetate,-1509.1787372,0.134724,0.203645,606.914304,-0.08515,0.11417,7.2393,-1509.0440132,-1508.9750922,5.421504,Gaussian,QC,"opt+freq: b3lyp/6-311G** em=gd3bj
energy: M062X/6-311G+(2d, p) em=gd3"
1959,a-c23+a-b14+a-b36,CCCCCCCCCC(CCCC)C(=O)[O-],acetate,-739.4738461,0.354304,0.42773,646.591176,-0.04194,0.10682,14.2881,-739.1195421,-739.0461161,4.046272,Gaussian,QC,"opt+freq: b3lyp/6-311G** em=gd3bj
energy: M062X/6-311G+(2d, p) em=gd3"
1960,a-c23+a-b14+a-b37,CCCCC(C(=O)[O-])C(C(F)(F)F)C(F)(F)F,acetate,-1099.1738406,0.148577,0.213042,567.676752,-0.06151,0.14961,7.5167,-1099.0252636,-1098.9607986,5.742464,Gaussian,QC,"opt+freq: b3lyp/6-311G** em=gd3bj
energy: M062X/6-311G+(2d, p) em=gd3"
1961,a-c23+a-b15+a-b16,CCC(C(=O)[O-])c1ccc(Cl)cc1C,acetate,-1037.0655877,0.15619,0.21281,498.590544,-0.0553,0.10433,7.8711,-1036.9093977,-1036.8527777,4.341936,Gaussian,QC,"opt+freq: b3lyp/6-311G** em=gd3bj
energy: M062X/6-311G+(2d, p) em=gd3"
1962,a-c23+a-b15+a-b17,CCC(C(=O)[O-])S(=O)(=O)C(F)(F)F,acetate,-1192.7730918,0.074825,0.13103,494.94628,-0.07945,0.14107,5.6618,-1192.6982668,-1192.6420618,5.998144,Gaussian,QC,"opt+freq: b3lyp/6-311G** em=gd3bj
energy: M062X/6-311G+(2d, p) em=gd3"
1963,a-c23+a-b15+a-b18,CCC(C(=O)[O-])C(F)(F)F,acetate,-644.1954892,0.069383,0.117982,427.968808,-0.04649,0.17268,6.5099,-644.1261062,-644.0775072,5.961424,Gaussian,QC,"opt+freq: b3lyp/6-311G** em=gd3bj
energy: M062X/6-311G+(2d, p) em=gd3"
1964,a-c23+a-b15+a-b19,CCC(C(=O)[O-])c1ccccn1,acetate,-554.1911983,0.129719,0.18089,450.6168,-0.04343,0.09758,8.1115,-554.0614793,-554.0103083,3.835472,Gaussian,QC,"opt+freq: b3lyp/6-311G** em=gd3bj
energy: M062X/6-311G+(2d, p) em=gd3"
1965,a-c23+a-b15+a-b20,CCC(C(=O)[O-])S(=O)(=O)C(F)(F)C(F)(F)C(F)(F)F,acetate,-1668.3604505,0.090145,0.160218,617.064688,-0.08354,0.10303,9.6904,-1668.2703055,-1668.2002325,5.074704000000001,Gaussian,QC,"opt+freq: b3lyp/6-311G** em=gd3bj
energy: M062X/6-311G+(2d, p) em=gd3"
1966,a-c23+a-b15+a-b21,CCC(C(C)=O)C(=O)[O-],acetate,-459.7618031,0.10184,0.149118,416.320552,-0.04876,0.13337,6.5954,-459.6599631,-459.6126851,4.953936,Gaussian,QC,"opt+freq: b3lyp/6-311G** em=gd3bj
energy: M062X/6-311G+(2d, p) em=gd3"
1967,a-c23+a-b15+a-b22,CCC(OC)C(=O)[O-],acetate,-421.6345579,0.098854,0.143455,392.75208,-0.0308,0.17457,6.3658,-421.5357039,-421.4911029,5.586063999999999,Gaussian,QC,"opt+freq: b3lyp/6-311G** em=gd3bj
energy: M062X/6-311G+(2d, p) em=gd3"
1968,a-c23+a-b15+a-b23,CCC(CC(F)(F)F)C(=O)[O-],acetate,-683.4978911,0.096448,0.146806,443.449608,-0.04211,0.1617,8.1596,-683.4014430999999,-683.3510851,5.543632000000001,Gaussian,QC,"opt+freq: b3lyp/6-311G** em=gd3bj
energy: M062X/6-311G+(2d, p) em=gd3"
1969,a-c23+a-b15+a-b24,CCC(Cc1ccccc1)C(=O)[O-],acetate,-577.4505743,0.16804,0.221411,469.984536,-0.04244,0.1063,9.3916,-577.2825343,-577.2291633,4.045728,Gaussian,QC,"opt+freq: b3lyp/6-311G** em=gd3bj
energy: M062X/6-311G+(2d, p) em=gd3"
1970,a-c23+a-b15+a-b25,CCCCCC(CC)C(=O)[O-],acetate,-503.643383,0.1986,0.253884,486.8293200000001,-0.02993,0.1357,10.6092,-503.444783,-503.3894989999999,4.505136,Gaussian,QC,"opt+freq: b3lyp/6-311G** em=gd3bj
energy: M062X/6-311G+(2d, p) em=gd3"
1971,a-c23+a-b15+a-b26,CCC(C(=O)[O-])c1ccccc1,acetate,-538.1473204,0.141275,0.192366,449.909704,-0.04113,0.11573,8.027,-538.0060454000001,-537.9549544,4.266592,Gaussian,QC,"opt+freq: b3lyp/6-311G** em=gd3bj
energy: M062X/6-311G+(2d, p) em=gd3"
1972,a-c23+a-b15+a-b27,CCCCCCCCCCCCC(CC)C(=O)[O-],acetate,-778.7754728,0.378703,0.456746,687.251288,-0.03148,0.09155,23.0171,-778.3967698,-778.3187268,3.346416,Gaussian,QC,"opt+freq: b3lyp/6-311G** em=gd3bj
energy: M062X/6-311G+(2d, p) em=gd3"
1973,a-c23+a-b15+a-b28,CCC(CC(=O)O)C(=O)[O-],acetate,-535.0066473,0.107364,0.155813,426.64248,-0.04464,0.15458,6.873,-534.8992833000001,-534.8508343000001,5.418784,Gaussian,QC,"opt+freq: b3lyp/6-311G** em=gd3bj
energy: M062X/6-311G+(2d, p) em=gd3"
1974,a-c23+a-b15+a-b30,CCC(C(=O)[O-])C1CCCCC1,acetate,-541.7568597,0.207574,0.261018,470.6288720000001,-0.03313,0.14311,9.5981,-541.5492856999999,-541.4958416999999,4.793728,Gaussian,QC,"opt+freq: b3lyp/6-311G** em=gd3bj
energy: M062X/6-311G+(2d, p) em=gd3"
1975,a-c23+a-b15+a-b31,CCC(C(=O)[O-])c1cccc(C)c1C,acetate,-616.7617665,0.192473,0.249149,499.080072,-0.04661,0.11909,8.4334,-616.5692935000001,-616.5126175,4.50704,Gaussian,QC,"opt+freq: b3lyp/6-311G** em=gd3bj
energy: M062X/6-311G+(2d, p) em=gd3"
1976,a-c23+a-b15+a-b32,CCC(CC(F)(F)C(F)F)C(=O)[O-],acetate,-822.0295726,0.113245,0.169078,491.670208,-0.03962,0.15693,10.4962,-821.9163276,-821.8604946,5.34616,Gaussian,QC,"opt+freq: b3lyp/6-311G** em=gd3bj
energy: M062X/6-311G+(2d, p) em=gd3"
1977,a-c23+a-b15+a-b33,CCC(C(=O)[O-])c1cccnc1,acetate,-554.1925496,0.131406,0.180992,436.650608,-0.05272,0.09957,6.2002,-554.0611436,-554.0115576000001,4.142288,Gaussian,QC,"opt+freq: b3lyp/6-311G** em=gd3bj
energy: M062X/6-311G+(2d, p) em=gd3"
1978,a-c23+a-b15+a-b34,CCC(C(=O)[O-])C1CCCN1,acetate,-518.4813626,0.169381,0.221042,454.922136,-0.0354,0.14355,8.5274,-518.3119816,-518.2603206,4.86744,Gaussian,QC,"opt+freq: b3lyp/6-311G** em=gd3bj
energy: M062X/6-311G+(2d, p) em=gd3"
1979,a-c23+a-b15+a-b35,CCC(C(=O)[O-])S(=O)(=O)C(F)(F)C(F)(F)F,acetate,-1430.5677141,0.082623,0.145577,554.3674480000001,-0.08238,0.11826,7.7106,-1430.4850911,-1430.4221371,5.457407999999999,Gaussian,QC,"opt+freq: b3lyp/6-311G** em=gd3bj
energy: M062X/6-311G+(2d, p) em=gd3"
1980,a-c23+a-b15+a-b36,CCCCCCCCCC(CC)C(=O)[O-],acetate,-660.861853,0.301321,0.36978,602.8474560000001,-0.03118,0.10633,17.2609,-660.560532,-660.492073,3.740272,Gaussian,QC,"opt+freq: b3lyp/6-311G** em=gd3bj
energy: M062X/6-311G+(2d, p) em=gd3"
1981,a-c23+a-b15+a-b37,CCC(C(=O)[O-])C(C(F)(F)F)C(F)(F)F,acetate,-1020.5618029,0.096348,0.154987,516.3767280000001,-0.0566,0.1709,7.9618,-1020.4654549,-1020.4068159,6.188,Gaussian,QC,"opt+freq: b3lyp/6-311G** em=gd3bj
energy: M062X/6-311G+(2d, p) em=gd3"
1982,a-c23+a-b15+a-b38,CCC(CC(F)(F)C(F)(F)C(F)(F)C(F)F)C(=O)[O-],acetate,-1297.6167838,0.128749,0.198373,613.098256,-0.04419,0.11415,15.6148,-1297.4880348,-1297.4184108,4.306848,Gaussian,QC,"opt+freq: b3lyp/6-311G** em=gd3bj
energy: M062X/6-311G+(2d, p) em=gd3"
1983,a-c23+a-b16+a-b17,Cc1cc(Cl)ccc1C(C(=O)[O-])S(=O)(=O)C(F)(F)F,acetate,-1844.0996212,0.109401,0.17682,593.692864,-0.09353,0.06769,7.36,-1843.9902202,-1843.9228012,4.385184,Gaussian,QC,"opt+freq: b3lyp/6-311G** em=gd3bj
energy: M062X/6-311G+(2d, p) em=gd3"
1984,a-c23+a-b16+a-b18,Cc1cc(Cl)ccc1C(C(=O)[O-])C(F)(F)F,acetate,-1295.5240358,0.104167,0.163733,524.535528,-0.07017,0.09401,7.6024,-1295.4198688,-1295.3603028,4.465695999999999,Gaussian,QC,"opt+freq: b3lyp/6-311G** em=gd3bj
energy: M062X/6-311G+(2d, p) em=gd3"
1985,a-c23+a-b16+a-b19,Cc1cc(Cl)ccc1C(C(=O)[O-])c1ccccn1,acetate,-1205.5206381,0.16529,0.227093,544.237984,-0.0655,0.08042,8.8473,-1205.3553481,-1205.2935451,3.969024,Gaussian,QC,"opt+freq: b3lyp/6-311G** em=gd3bj
energy: M062X/6-311G+(2d, p) em=gd3"
1986,a-c23+a-b16+a-b21,CC(=O)C(C(=O)[O-])c1ccc(Cl)cc1C,acetate,-1111.092027,0.136486,0.195034,515.569216,-0.06954,0.08576,8.9482,-1110.955541,-1110.896993,4.224159999999999,Gaussian,QC,"opt+freq: b3lyp/6-311G** em=gd3bj
energy: M062X/6-311G+(2d, p) em=gd3"
1987,a-c23+a-b16+a-b22,COC(C(=O)[O-])c1ccc(Cl)cc1C,acetate,-1072.9612569,0.133004,0.189166,494.557168,-0.06066,0.10428,7.7718,-1072.8282529,-1072.7720909,4.486368,Gaussian,QC,"opt+freq: b3lyp/6-311G** em=gd3bj
energy: M062X/6-311G+(2d, p) em=gd3"
1988,a-c23+a-b16+a-b23,Cc1cc(Cl)ccc1C(CC(F)(F)F)C(=O)[O-],acetate,-1334.8257112,0.12966,0.192613,554.3590800000001,-0.06315,0.09594,8.9458,-1334.6960512,-1334.6330982,4.327248,Gaussian,QC,"opt+freq: b3lyp/6-311G** em=gd3bj
energy: M062X/6-311G+(2d, p) em=gd3"
1989,a-c23+a-b16+a-b24,Cc1cc(Cl)ccc1C(Cc1ccccc1)C(=O)[O-],acetate,-1228.7832612,0.201878,0.267297,576.0740400000001,-0.06043,0.09708,8.8205,-1228.5813832,-1228.5159642,4.284272,Gaussian,QC,"opt+freq: b3lyp/6-311G** em=gd3bj
energy: M062X/6-311G+(2d, p) em=gd3"
1990,a-c23+a-b16+a-b25,CCCCCC(C(=O)[O-])c1ccc(Cl)cc1C,acetate,-1154.9800986,0.23332,0.299907,586.3583120000001,-0.05785,0.10171,7.8513,-1154.7467786,-1154.6801916,4.340031999999999,Gaussian,QC,"opt+freq: b3lyp/6-311G** em=gd3bj
energy: M062X/6-311G+(2d, p) em=gd3"
1991,a-c23+a-b16+a-b26,Cc1cc(Cl)ccc1C(C(=O)[O-])c1ccccc1,acetate,-1189.47723,0.176187,0.238321,547.150048,-0.06479,0.09545,7.8448,-1189.301043,-1189.238909,4.358528,Gaussian,QC,"opt+freq: b3lyp/6-311G** em=gd3bj
energy: M062X/6-311G+(2d, p) em=gd3"
1992,a-c23+a-b16+a-b28,Cc1cc(Cl)ccc1C(CC(=O)O)C(=O)[O-],acetate,-1186.3358084,0.1414,0.201932,533.0416,-0.06186,0.09406,9.5865,-1186.1944084,-1186.1338764,4.241024,Gaussian,QC,"opt+freq: b3lyp/6-311G** em=gd3bj
energy: M062X/6-311G+(2d, p) em=gd3"
1993,a-c23+a-b16+a-b31,Cc1cc(Cl)ccc1C(C(=O)[O-])c1cccc(C)c1C,acetate,-1268.0891848,0.226871,0.294961,599.604856,-0.06551,0.09207,7.3472,-1267.8623138,-1267.7942238,4.286176,Gaussian,QC,"opt+freq: b3lyp/6-311G** em=gd3bj
energy: M062X/6-311G+(2d, p) em=gd3"
1994,a-c23+a-b16+a-b32,Cc1cc(Cl)ccc1C(CC(F)(F)C(F)F)C(=O)[O-],acetate,-1473.3583911,0.146122,0.214753,604.35788,-0.06074,0.09817,10.0583,-1473.2122691,-1473.1436381,4.322352,Gaussian,QC,"opt+freq: b3lyp/6-311G** em=gd3bj
energy: M062X/6-311G+(2d, p) em=gd3"
1995,a-c23+a-b16+a-b33,Cc1cc(Cl)ccc1C(C(=O)[O-])c1cccnc1,acetate,-1205.5200826,0.164975,0.226948,545.731672,-0.06923,0.08068,8.4199,-1205.3551076,-1205.2931346,4.077552,Gaussian,QC,"opt+freq: b3lyp/6-311G** em=gd3bj
energy: M062X/6-311G+(2d, p) em=gd3"
1996,a-c23+a-b17+a-b18,O=C([O-])C(C(F)(F)F)S(=O)(=O)C(F)(F)F,acetate,-1451.2176952,0.02208,0.081065,519.42268,-0.10244,0.13323,4.0406,-1451.1956152,-1451.1366302,6.410223999999999,Gaussian,QC,"opt+freq: b3lyp/6-311G** em=gd3bj
energy: M062X/6-311G+(2d, p) em=gd3"
1997,a-c23+a-b17+a-b19,O=C([O-])C(c1ccccn1)S(=O)(=O)C(F)(F)F,acetate,-1361.2214392,0.083471,0.144277,535.459952,-0.09009,0.07606,6.9698,-1361.1379682,-1361.0771622,4.51928,Gaussian,QC,"opt+freq: b3lyp/6-311G** em=gd3bj
energy: M062X/6-311G+(2d, p) em=gd3"
1998,a-c23+a-b17+a-b21,CC(=O)C(C(=O)[O-])S(=O)(=O)C(F)(F)F,acetate,-1266.7970834,0.054634,0.112585,510.314112,-0.09923,0.08999,5.0588,-1266.7424494,-1266.6844984,5.146784,Gaussian,QC,"opt+freq: b3lyp/6-311G** em=gd3bj
energy: M062X/6-311G+(2d, p) em=gd3"
1999,a-c23+a-b17+a-b22,COC(C(=O)[O-])S(=O)(=O)C(F)(F)F,acetate,-1228.6708357,0.052216,0.107497,486.800032,-0.08507,0.13393,4.3724,-1228.6186197,-1228.5633387,5.956799999999999,Gaussian,QC,"opt+freq: b3lyp/6-311G** em=gd3bj
energy: M062X/6-311G+(2d, p) em=gd3"
2000,a-c23+a-b17+a-b23,O=C([O-])C(CC(F)(F)F)S(=O)(=O)C(F)(F)F,acetate,-1490.5323409,0.050328,0.110573,530.5144640000001,-0.09269,0.13712,5.3875,-1490.4820129,-1490.4217679,6.250831999999999,Gaussian,QC,"opt+freq: b3lyp/6-311G** em=gd3bj
energy: M062X/6-311G+(2d, p) em=gd3"
2001,a-c23+a-b17+a-b24,O=C([O-])C(Cc1ccccc1)S(=O)(=O)C(F)(F)F,acetate,-1384.4939546,0.122695,0.185303,551.32568,-0.09085,0.09437,6.7926,-1384.3712596,-1384.3086516,5.037984,Gaussian,QC,"opt+freq: b3lyp/6-311G** em=gd3bj
energy: M062X/6-311G+(2d, p) em=gd3"
2002,a-c23+a-b17+a-b25,CCCCCC(C(=O)[O-])S(=O)(=O)C(F)(F)F,acetate,-1310.6890713,0.15262,0.218079,576.4213120000001,-0.08348,0.12963,6.6386,-1310.5364513,-1310.4709923,5.796592,Gaussian,QC,"opt+freq: b3lyp/6-311G** em=gd3bj
energy: M062X/6-311G+(2d, p) em=gd3"
2003,a-c23+a-b17+a-b26,O=C([O-])C(c1ccccc1)S(=O)(=O)C(F)(F)F,acetate,-1345.1834007,0.095067,0.156252,538.7987840000001,-0.08531,0.08082,7.482,-1345.0883337,-1345.0271487,4.518736,Gaussian,QC,"opt+freq: b3lyp/6-311G** em=gd3bj
energy: M062X/6-311G+(2d, p) em=gd3"
2004,a-c23+a-b17+a-b28,O=C(O)CC(C(=O)[O-])S(=O)(=O)C(F)(F)F,acetate,-1342.0681057,0.061111,0.119087,510.5400480000001,-0.12479,0.11954,5.0511,-1342.0069947,-1341.9490187,6.645776,Gaussian,QC,"opt+freq: b3lyp/6-311G** em=gd3bj
energy: M062X/6-311G+(2d, p) em=gd3"
2005,a-c23+a-b17+a-b30,O=C([O-])C(C1CCCCC1)S(=O)(=O)C(F)(F)F,acetate,-1348.798229,0.161858,0.225411,559.647656,-0.08133,0.13283,7.7921,-1348.636371,-1348.572818,5.825152,Gaussian,QC,"opt+freq: b3lyp/6-311G** em=gd3bj
energy: M062X/6-311G+(2d, p) em=gd3"
2006,a-c23+a-b17+a-b31,Cc1cccc(C(C(=O)[O-])S(=O)(=O)C(F)(F)F)c1C,acetate,-1423.7945731,0.145913,0.213102,591.663624,-0.0889,0.08351,7.8365,-1423.6486601,-1423.5814711,4.689552,Gaussian,QC,"opt+freq: b3lyp/6-311G** em=gd3bj
energy: M062X/6-311G+(2d, p) em=gd3"
2007,a-c23+a-b17+a-b32,O=C([O-])C(CC(F)(F)C(F)F)S(=O)(=O)C(F)(F)F,acetate,-1629.0650637,0.067825,0.13276,571.810544,-0.09095,0.13719,6.4923,-1628.9972387,-1628.9323037,6.205408,Gaussian,QC,"opt+freq: b3lyp/6-311G** em=gd3bj
energy: M062X/6-311G+(2d, p) em=gd3"
2008,a-c23+a-b17+a-b33,O=C([O-])C(c1cccnc1)S(=O)(=O)C(F)(F)F,acetate,-1361.2277196,0.083937,0.144876,536.627288,-0.09207,0.06824,6.3205,-1361.1437826,-1361.0828436,4.360432,Gaussian,QC,"opt+freq: b3lyp/6-311G** em=gd3bj
energy: M062X/6-311G+(2d, p) em=gd3"
2009,a-c23+a-b17+a-b36,CCCCCCCCCC(C(=O)[O-])S(=O)(=O)C(F)(F)F,acetate,-1467.9074072,0.255267,0.333982,693.1590960000001,-0.08462,0.10437,11.4083,-1467.6521402,-1467.5734252,5.140528,Gaussian,QC,"opt+freq: b3lyp/6-311G** em=gd3bj
energy: M062X/6-311G+(2d, p) em=gd3"
2010,a-c23+a-b17+a-b37,O=C([O-])C(C(C(F)(F)F)C(F)(F)F)S(=O)(=O)C(F)(F)F,acetate,-1827.5869157,0.050305,0.118473,600.2910320000001,-0.1073,0.12674,5.4974,-1827.5366107,-1827.4684427,6.365888,Gaussian,QC,"opt+freq: b3lyp/6-311G** em=gd3bj
energy: M062X/6-311G+(2d, p) em=gd3"
2011,a-c23+a-b18+a-b19,O=C([O-])C(c1ccccn1)C(F)(F)F,acetate,-812.6510909,0.078859,0.131615,464.57044,-0.06326,0.08914,8.0012,-812.5722319,-812.5194759,4.14528,Gaussian,QC,"opt+freq: b3lyp/6-311G** em=gd3bj
energy: M062X/6-311G+(2d, p) em=gd3"
2012,a-c23+a-b18+a-b21,CC(=O)C(C(=O)[O-])C(F)(F)F,acetate,-718.2217825,0.049499,0.099742,442.441264,-0.07248,0.11926,5.8061,-718.1722835,-718.1220405,5.215328,Gaussian,QC,"opt+freq: b3lyp/6-311G** em=gd3bj
energy: M062X/6-311G+(2d, p) em=gd3"
2013,a-c23+a-b18+a-b22,COC(C(=O)[O-])C(F)(F)F,acetate,-680.0912564,0.047746,0.094565,412.282992,-0.05005,0.19015,6.1464,-680.0435104000001,-679.9966914,6.533440000000001,Gaussian,QC,"opt+freq: b3lyp/6-311G** em=gd3bj
energy: M062X/6-311G+(2d, p) em=gd3"
2014,a-c23+a-b18+a-b23,O=C([O-])C(CC(F)(F)F)C(F)(F)F,acetate,-941.9577024,0.045021,0.097644,463.39892,-0.0602,0.1714,7.2016,-941.9126814,-941.8600584000001,6.29952,Gaussian,QC,"opt+freq: b3lyp/6-311G** em=gd3bj
energy: M062X/6-311G+(2d, p) em=gd3"
2015,a-c23+a-b18+a-b24,O=C([O-])C(Cc1ccccc1)C(F)(F)F,acetate,-835.912388,0.116686,0.172339,490.088656,-0.0614,0.10368,8.0626,-835.795702,-835.740049,4.490176,Gaussian,QC,"opt+freq: b3lyp/6-311G** em=gd3bj
energy: M062X/6-311G+(2d, p) em=gd3"
2016,a-c23+a-b18+a-b25,CCCCCC(C(=O)[O-])C(F)(F)F,acetate,-762.1117551,0.14713,0.204979,509.410368,-0.05285,0.13848,8.261,-761.9646251,-761.9067761,5.204175999999999,Gaussian,QC,"opt+freq: b3lyp/6-311G** em=gd3bj
energy: M062X/6-311G+(2d, p) em=gd3"
2017,a-c23+a-b18+a-b26,O=C([O-])C(c1ccccc1)C(F)(F)F,acetate,-796.60581,0.090005,0.143075,467.33188,-0.06024,0.10981,7.3968,-796.515805,-796.4627350000001,4.62536,Gaussian,QC,"opt+freq: b3lyp/6-311G** em=gd3bj
energy: M062X/6-311G+(2d, p) em=gd3"
2018,a-c23+a-b18+a-b27,CCCCCCCCCCCCC(C(=O)[O-])C(F)(F)F,acetate,-1037.2438444,0.326648,0.407788,714.518416,-0.05474,0.09308,19.1677,-1036.9171964,-1036.8360564,4.020704,Gaussian,QC,"opt+freq: b3lyp/6-311G** em=gd3bj
energy: M062X/6-311G+(2d, p) em=gd3"
2019,a-c23+a-b18+a-b28,O=C(O)CC(C(=O)[O-])C(F)(F)F,acetate,-793.4970703,0.056019,0.105651,437.056456,-0.09845,0.15445,4.4738,-793.4410513,-793.3914193,6.878880000000001,Gaussian,QC,"opt+freq: b3lyp/6-311G** em=gd3bj
energy: M062X/6-311G+(2d, p) em=gd3"
2020,a-c23+a-b18+a-b30,O=C([O-])C(C1CCCCC1)C(F)(F)F,acetate,-800.2221662,0.155737,0.212094,496.272608,-0.05031,0.13924,9.2447,-800.0664291999999,-800.0100722,5.15576,Gaussian,QC,"opt+freq: b3lyp/6-311G** em=gd3bj
energy: M062X/6-311G+(2d, p) em=gd3"
2021,a-c23+a-b18+a-b31,Cc1cccc(C(C(=O)[O-])C(F)(F)F)c1C,acetate,-875.2198395,0.140477,0.199969,523.87864,-0.06274,0.107,8.7017,-875.0793625,-875.0198705,4.616928,Gaussian,QC,"opt+freq: b3lyp/6-311G** em=gd3bj
energy: M062X/6-311G+(2d, p) em=gd3"
2022,a-c23+a-b18+a-b32,O=C([O-])C(CC(F)(F)C(F)F)C(F)(F)F,acetate,-1080.4904089,0.062699,0.119788,502.72852,-0.05819,0.15964,7.6059,-1080.4277099,-1080.3706209,5.924976,Gaussian,QC,"opt+freq: b3lyp/6-311G** em=gd3bj
energy: M062X/6-311G+(2d, p) em=gd3"
2023,a-c23+a-b18+a-b33,O=C([O-])C(c1cccnc1)C(F)(F)F,acetate,-812.6507107,0.079285,0.131739,461.909416,-0.06812,0.09113,6.1794,-812.5714257,-812.5189717,4.3316,Gaussian,QC,"opt+freq: b3lyp/6-311G** em=gd3bj
energy: M062X/6-311G+(2d, p) em=gd3"
2024,a-c23+a-b18+a-b34,O=C([O-])C(C1CCCN1)C(F)(F)F,acetate,-776.9506788,0.120164,0.172422,460.181424,-0.06333,0.15651,5.9341,-776.8305148,-776.7782568,5.979648,Gaussian,QC,"opt+freq: b3lyp/6-311G** em=gd3bj
energy: M062X/6-311G+(2d, p) em=gd3"
2025,a-c23+a-b18+a-b35,O=C([O-])C(C(F)(F)F)S(=O)(=O)C(F)(F)C(F)(F)F,acetate,-1689.0225342,0.023786,0.095119,628.1564720000001,-0.08957,0.14839,4.7128,-1688.9987482,-1688.9274152,6.472512,Gaussian,QC,"opt+freq: b3lyp/6-311G** em=gd3bj
energy: M062X/6-311G+(2d, p) em=gd3"
2026,a-c23+a-b18+a-b36,CCCCCCCCCC(C(=O)[O-])C(F)(F)F,acetate,-919.3302462,0.249922,0.320873,624.788352,-0.05439,0.10813,13.8819,-919.0803242000001,-919.0093732,4.420544,Gaussian,QC,"opt+freq: b3lyp/6-311G** em=gd3bj
energy: M062X/6-311G+(2d, p) em=gd3"
2027,a-c23+a-b18+a-b37,O=C([O-])C(C(C(F)(F)F)C(F)(F)F)C(F)(F)F,acetate,-1279.0167502,0.044851,0.105513,534.183832,-0.07708,0.18991,7.4583,-1278.9718992,-1278.9112372,7.262128,Gaussian,QC,"opt+freq: b3lyp/6-311G** em=gd3bj
energy: M062X/6-311G+(2d, p) em=gd3"
2028,a-c23+a-b19+a-b21,CC(=O)C(C(=O)[O-])c1ccccn1,acetate,-628.2175234,0.10982,0.162809,466.612232,-0.06585,0.08966,7.9693,-628.1077034,-628.0547144,4.229872,Gaussian,QC,"opt+freq: b3lyp/6-311G** em=gd3bj
energy: M062X/6-311G+(2d, p) em=gd3"
2029,a-c23+a-b19+a-b22,COC(C(=O)[O-])c1ccccn1,acetate,-590.084297,0.107491,0.157686,442.01868,-0.04236,0.08784,9.2092,-589.976806,-589.926611,3.54144,Gaussian,QC,"opt+freq: b3lyp/6-311G** em=gd3bj
energy: M062X/6-311G+(2d, p) em=gd3"
2030,a-c23+a-b19+a-b23,O=C([O-])C(CC(F)(F)F)c1ccccn1,acetate,-851.9559125,0.104777,0.160688,492.3522,-0.05534,0.09118,8.5325,-851.8511354999999,-851.7952244999999,3.985344,Gaussian,QC,"opt+freq: b3lyp/6-311G** em=gd3bj
energy: M062X/6-311G+(2d, p) em=gd3"
2031,a-c23+a-b19+a-b24,O=C([O-])C(Cc1ccccc1)c1ccccn1,acetate,-745.9123248,0.176472,0.235295,517.991752,-0.05386,0.09375,9.3977,-745.7358528,-745.6770298,4.014991999999999,Gaussian,QC,"opt+freq: b3lyp/6-311G** em=gd3bj
energy: M062X/6-311G+(2d, p) em=gd3"
2032,a-c23+a-b19+a-b25,CCCCCC(C(=O)[O-])c1ccccn1,acetate,-672.1072429,0.207855,0.267914,528.8701520000001,-0.05071,0.09364,7.8539,-671.8993879,-671.8393288999999,3.92632,Gaussian,QC,"opt+freq: b3lyp/6-311G** em=gd3bj
energy: M062X/6-311G+(2d, p) em=gd3"
2033,a-c23+a-b19+a-b26,O=C([O-])C(c1ccccc1)c1ccccn1,acetate,-706.6034961,0.150591,0.206394,491.406616,-0.05666,0.08881,8.8548,-706.4529051000001,-706.3971021,3.956783999999999,Gaussian,QC,"opt+freq: b3lyp/6-311G** em=gd3bj
energy: M062X/6-311G+(2d, p) em=gd3"
2034,a-c23+a-b19+a-b28,O=C(O)CC(C(=O)[O-])c1ccccn1,acetate,-703.4911584,0.116003,0.169152,468.02224,-0.09157,0.08263,8.3366,-703.3751554,-703.3220064,4.738239999999999,Gaussian,QC,"opt+freq: b3lyp/6-311G** em=gd3bj
energy: M062X/6-311G+(2d, p) em=gd3"
2035,a-c23+a-b19+a-b30,O=C([O-])C(c1ccccn1)C1CCCCC1,acetate,-710.2131106,0.21757,0.274825,504.184552,-0.0559,0.0991,8.3907,-709.9955406,-709.9382856000001,4.216,Gaussian,QC,"opt+freq: b3lyp/6-311G** em=gd3bj
energy: M062X/6-311G+(2d, p) em=gd3"
2036,a-c23+a-b19+a-b31,Cc1cccc(C(C(=O)[O-])c2ccccn2)c1C,acetate,-785.2161798,0.201328,0.262956,542.689904,-0.05843,0.0862,8.5992,-785.0148518,-784.9532237999999,3.933936,Gaussian,QC,"opt+freq: b3lyp/6-311G** em=gd3bj
energy: M062X/6-311G+(2d, p) em=gd3"
2037,a-c23+a-b19+a-b32,O=C([O-])C(CC(F)(F)C(F)F)c1ccccn1,acetate,-990.489218,0.122515,0.182821,531.0542,-0.05293,0.09244,8.6687,-990.366703,-990.3063970000001,3.954064,Gaussian,QC,"opt+freq: b3lyp/6-311G** em=gd3bj
energy: M062X/6-311G+(2d, p) em=gd3"
2038,a-c23+a-b19+a-b33,O=C([O-])C(c1cccnc1)c1ccccn1,acetate,-722.6470742,0.139151,0.19503,492.071872,-0.06146,0.0814,8.7438,-722.5079232,-722.4520442,3.885791999999999,Gaussian,QC,"opt+freq: b3lyp/6-311G** em=gd3bj
energy: M062X/6-311G+(2d, p) em=gd3"
2039,a-c23+a-b19+a-b35,O=C([O-])C(c1ccccn1)S(=O)(=O)C(F)(F)C(F)(F)F,acetate,-1599.0181878,0.09069,0.159239,603.638232,-0.08984,0.06526,8.5151,-1598.9274978,-1598.8589488,4.21872,Gaussian,QC,"opt+freq: b3lyp/6-311G** em=gd3bj
energy: M062X/6-311G+(2d, p) em=gd3"
2040,a-c23+a-b19+a-b36,CCCCCCCCCC(C(=O)[O-])c1ccccn1,acetate,-829.3258316,0.310538,0.383829,645.394552,-0.0522,0.09243,11.5502,-829.0152936000001,-828.9420026,3.933936,Gaussian,QC,"opt+freq: b3lyp/6-311G** em=gd3bj
energy: M062X/6-311G+(2d, p) em=gd3"
2041,a-c23+a-b19+a-b37,O=C([O-])C(c1ccccn1)C(C(F)(F)F)C(F)(F)F,acetate,-1189.0170824,0.104841,0.168655,561.940488,-0.06764,0.08398,7.7482,-1188.9122414,-1188.8484274,4.124064,Gaussian,QC,"opt+freq: b3lyp/6-311G** em=gd3bj
energy: M062X/6-311G+(2d, p) em=gd3"
2042,a-c23+a-b20+a-b21,CC(=O)C(C(=O)[O-])S(=O)(=O)C(F)(F)C(F)(F)C(F)(F)F,acetate,-1742.3826407,0.069462,0.141793,636.9428720000001,-0.10312,0.08238,8.3256,-1742.3131787,-1742.2408477,5.045599999999999,Gaussian,QC,"opt+freq: b3lyp/6-311G** em=gd3bj
energy: M062X/6-311G+(2d, p) em=gd3"
2043,a-c23+a-b20+a-b22,COC(C(=O)[O-])S(=O)(=O)C(F)(F)C(F)(F)C(F)(F)F,acetate,-1704.2568867,0.067563,0.136758,609.324288,-0.09363,0.10381,5.5337,-1704.1893237,-1704.1201287,5.370368,Gaussian,QC,"opt+freq: b3lyp/6-311G** em=gd3bj
energy: M062X/6-311G+(2d, p) em=gd3"
2044,a-c23+a-b21+a-b22,COC(C(C)=O)C(=O)[O-],acetate,-495.659952,0.078612,0.12559,413.688816,-0.05025,0.13006,4.1125,-495.58134,-495.534362,4.904432000000001,Gaussian,QC,"opt+freq: b3lyp/6-311G** em=gd3bj
energy: M062X/6-311G+(2d, p) em=gd3"
2045,a-c23+a-b21+a-b23,CC(=O)C(CC(F)(F)F)C(=O)[O-],acetate,-757.5271501,0.076689,0.129054,461.122824,-0.06056,0.11976,6.6616,-757.4504611,-757.3980961,4.904704,Gaussian,QC,"opt+freq: b3lyp/6-311G** em=gd3bj
energy: M062X/6-311G+(2d, p) em=gd3"
2046,a-c23+a-b21+a-b24,CC(=O)C(Cc1ccccc1)C(=O)[O-],acetate,-651.4840654,0.148748,0.203664,483.582536,-0.0588,0.09874,8.4728,-651.3353174,-651.2804014,4.285087999999999,Gaussian,QC,"opt+freq: b3lyp/6-311G** em=gd3bj
energy: M062X/6-311G+(2d, p) em=gd3"
2047,a-c23+a-b21+a-b25,CCCCCC(C(C)=O)C(=O)[O-],acetate,-577.6768757,0.178261,0.236174,509.98776,-0.05561,0.12845,8.576,-577.4986147,-577.4407017,5.006432,Gaussian,QC,"opt+freq: b3lyp/6-311G** em=gd3bj
energy: M062X/6-311G+(2d, p) em=gd3"
2048,a-c23+a-b21+a-b26,CC(=O)C(C(=O)[O-])c1ccccc1,acetate,-612.1751084,0.120793,0.174369,471.792024,-0.06219,0.1035,8.5317,-612.0543154,-612.0007394,4.506768,Gaussian,QC,"opt+freq: b3lyp/6-311G** em=gd3bj
energy: M062X/6-311G+(2d, p) em=gd3"
2049,a-c23+a-b21+a-b27,CCCCCCCCCCCCC(C(C)=O)C(=O)[O-],acetate,-852.8088519,0.358082,0.439057,713.062384,-0.05758,0.09421,19.7033,-852.4507699000001,-852.3697949,4.128688,Gaussian,QC,"opt+freq: b3lyp/6-311G** em=gd3bj
energy: M062X/6-311G+(2d, p) em=gd3"
2050,a-c23+a-b21+a-b28,CC(=O)C(CC(=O)O)C(=O)[O-],acetate,-609.0402643,0.087326,0.137881,445.185968,-0.06092,0.12098,4.3764,-608.9529383,-608.9023833,4.94768,Gaussian,QC,"opt+freq: b3lyp/6-311G** em=gd3bj
energy: M062X/6-311G+(2d, p) em=gd3"
2051,a-c23+a-b21+a-b30,CC(=O)C(C(=O)[O-])C1CCCCC1,acetate,-615.7891893,0.189028,0.243447,479.2102560000001,-0.05163,0.12177,8.8127,-615.6001613,-615.5457423,4.71648,Gaussian,QC,"opt+freq: b3lyp/6-311G** em=gd3bj
energy: M062X/6-311G+(2d, p) em=gd3"
2052,a-c23+a-b21+a-b31,CC(=O)C(C(=O)[O-])c1cccc(C)c1C,acetate,-690.7874538,0.170962,0.231209,530.535384,-0.0628,0.1175,7.5892,-690.6164918,-690.5562448,4.904159999999999,Gaussian,QC,"opt+freq: b3lyp/6-311G** em=gd3bj
energy: M062X/6-311G+(2d, p) em=gd3"
2053,a-c23+a-b21+a-b32,CC(=O)C(CC(F)(F)C(F)F)C(=O)[O-],acetate,-896.0582494,0.093173,0.150846,507.862288,-0.05857,0.12261,6.0899,-895.9650764,-895.9074034,4.928096,Gaussian,QC,"opt+freq: b3lyp/6-311G** em=gd3bj
energy: M062X/6-311G+(2d, p) em=gd3"
2054,a-c23+a-b21+a-b33,CC(=O)C(C(=O)[O-])c1cccnc1,acetate,-628.2196603,0.111115,0.16319,458.570584,-0.06707,0.08632,7.7755,-628.1085453,-628.0564703,4.172207999999999,Gaussian,QC,"opt+freq: b3lyp/6-311G** em=gd3bj
energy: M062X/6-311G+(2d, p) em=gd3"
2055,a-c23+a-b21+a-b34,CC(=O)C(C(=O)[O-])C1CCCN1,acetate,-592.5186681,0.152292,0.203775,453.361504,-0.06479,0.12549,6.4089,-592.3663761,-592.3148931000001,5.175616,Gaussian,QC,"opt+freq: b3lyp/6-311G** em=gd3bj
energy: M062X/6-311G+(2d, p) em=gd3"
2056,a-c23+a-b21+a-b35,CC(=O)C(C(=O)[O-])S(=O)(=O)C(F)(F)C(F)(F)F,acetate,-1504.5903102,0.062413,0.127149,570.061632,-0.10113,0.08656,6.4715,-1504.5278972,-1504.4631612,5.105168,Gaussian,QC,"opt+freq: b3lyp/6-311G** em=gd3bj
energy: M062X/6-311G+(2d, p) em=gd3"
2057,a-c23+a-b21+a-b36,CCCCCCCCCC(C(C)=O)C(=O)[O-],acetate,-734.8952457,0.281041,0.352097,625.7172,-0.0572,0.10979,14.3321,-734.6142047000001,-734.5431487000001,4.542128,Gaussian,QC,"opt+freq: b3lyp/6-311G** em=gd3bj
energy: M062X/6-311G+(2d, p) em=gd3"
2058,a-c23+a-b21+a-b37,CC(=O)C(C(=O)[O-])C(C(F)(F)F)C(F)(F)F,acetate,-1094.5892653,0.07547,0.136917,541.0957999999999,-0.07427,0.10711,7.4175,-1094.5137953,-1094.4523483,4.933535999999999,Gaussian,QC,"opt+freq: b3lyp/6-311G** em=gd3bj
energy: M062X/6-311G+(2d, p) em=gd3"
2059,a-c23+a-b21+a-b38,CC(=O)C(CC(F)(F)C(F)(F)C(F)(F)C(F)F)C(=O)[O-],acetate,-1371.6476917,0.10826,0.180144,633.0099120000001,-0.06863,0.12117,11.8361,-1371.5394317,-1371.4675477,5.16256,Gaussian,QC,"opt+freq: b3lyp/6-311G** em=gd3bj
energy: M062X/6-311G+(2d, p) em=gd3"
2060,a-c23+a-b22+a-b23,COC(CC(F)(F)F)C(=O)[O-],acetate,-719.3954277,0.073101,0.123585,444.558368,-0.04715,0.17763,7.0689,-719.3223267000001,-719.2718427,6.114016,Gaussian,QC,"opt+freq: b3lyp/6-311G** em=gd3bj
energy: M062X/6-311G+(2d, p) em=gd3"
2061,a-c23+a-b22+a-b24,COC(Cc1ccccc1)C(=O)[O-],acetate,-613.3519279,0.145334,0.198083,464.511864,-0.04731,0.10788,8.5813,-613.2065938999999,-613.1538449,4.221168,Gaussian,QC,"opt+freq: b3lyp/6-311G** em=gd3bj
energy: M062X/6-311G+(2d, p) em=gd3"
2062,a-c23+a-b22+a-b25,CCCCCC(OC)C(=O)[O-],acetate,-539.5490148,0.176381,0.230547,476.984368,-0.03757,0.14589,8.4412,-539.3726338,-539.3184678,4.990112,Gaussian,QC,"opt+freq: b3lyp/6-311G** em=gd3bj
energy: M062X/6-311G+(2d, p) em=gd3"
2063,a-c23+a-b22+a-b26,COC(C(=O)[O-])c1ccccc1,acetate,-574.0459612,0.119674,0.169096,435.207128,-0.04753,0.11461,8.1965,-573.9262871999999,-573.8768652,4.410208,Gaussian,QC,"opt+freq: b3lyp/6-311G** em=gd3bj
energy: M062X/6-311G+(2d, p) em=gd3"
2064,a-c23+a-b22+a-b27,CCCCCCCCCCCCC(OC)C(=O)[O-],acetate,-814.681111,0.356084,0.433357,680.46484,-0.03987,0.09678,19.2879,-814.325027,-814.247754,3.71688,Gaussian,QC,"opt+freq: b3lyp/6-311G** em=gd3bj
energy: M062X/6-311G+(2d, p) em=gd3"
2065,a-c23+a-b22+a-b28,COC(CC(=O)O)C(=O)[O-],acetate,-570.9057882,0.084268,0.132529,424.9898,-0.05015,0.15895,5.4343,-570.8215202,-570.7732592,5.68752,Gaussian,QC,"opt+freq: b3lyp/6-311G** em=gd3bj
energy: M062X/6-311G+(2d, p) em=gd3"
2066,a-c23+a-b22+a-b30,COC(C(=O)[O-])C1CCCCC1,acetate,-577.6575413,0.185518,0.23764,458.9848,-0.0411,0.14429,9.5693,-577.4720233,-577.4199013,5.042608,Gaussian,QC,"opt+freq: b3lyp/6-311G** em=gd3bj
energy: M062X/6-311G+(2d, p) em=gd3"
2067,a-c23+a-b22+a-b31,COC(C(=O)[O-])c1cccc(C)c1C,acetate,-652.6638321,0.169617,0.225626,493.20992,-0.04676,0.11957,7.7814,-652.4942151,-652.4382061,4.524176,Gaussian,QC,"opt+freq: b3lyp/6-311G** em=gd3bj
energy: M062X/6-311G+(2d, p) em=gd3"
2068,a-c23+a-b22+a-b32,COC(CC(F)(F)C(F)F)C(=O)[O-],acetate,-857.9321564,0.089283,0.145603,495.95044,-0.0414,0.1641,8.3878,-857.8428734,-857.7865534,5.5896,Gaussian,QC,"opt+freq: b3lyp/6-311G** em=gd3bj
energy: M062X/6-311G+(2d, p) em=gd3"
2069,a-c23+a-b22+a-b33,COC(C(=O)[O-])c1cccnc1,acetate,-590.0895885,0.108401,0.157741,434.483296,-0.05326,0.09555,8.37,-589.9811875,-589.9318475,4.047632,Gaussian,QC,"opt+freq: b3lyp/6-311G** em=gd3bj
energy: M062X/6-311G+(2d, p) em=gd3"
2070,a-c23+a-b22+a-b34,COC(C(=O)[O-])C1CCCN1,acetate,-554.3892146,0.14968,0.198288,428.035752,-0.04789,0.16028,6.0741,-554.2395346,-554.1909265999999,5.662224,Gaussian,QC,"opt+freq: b3lyp/6-311G** em=gd3bj
energy: M062X/6-311G+(2d, p) em=gd3"
2071,a-c23+a-b22+a-b35,COC(C(=O)[O-])S(=O)(=O)C(F)(F)C(F)(F)F,acetate,-1466.4636557,0.059719,0.122073,549.0872400000001,-0.08807,0.11265,5.0904,-1466.4039367,-1466.3415827,5.459584,Gaussian,QC,"opt+freq: b3lyp/6-311G** em=gd3bj
energy: M062X/6-311G+(2d, p) em=gd3"
2072,a-c23+a-b22+a-b36,CCCCCCCCCC(OC)C(=O)[O-],acetate,-696.7674735,0.27914,0.346424,592.500424,-0.03945,0.1136,13.9672,-696.4883335000001,-696.4210495000001,4.16296,Gaussian,QC,"opt+freq: b3lyp/6-311G** em=gd3bj
energy: M062X/6-311G+(2d, p) em=gd3"
2073,a-c23+a-b22+a-b37,COC(C(=O)[O-])C(C(F)(F)F)C(F)(F)F,acetate,-1056.460635,0.073186,0.131567,514.100632,-0.06177,0.18317,7.3786,-1056.387449,-1056.329068,6.662368,Gaussian,QC,"opt+freq: b3lyp/6-311G** em=gd3bj
energy: M062X/6-311G+(2d, p) em=gd3"
2074,a-c23+a-b22+a-b38,COC(CC(F)(F)C(F)(F)C(F)(F)C(F)F)C(=O)[O-],acetate,-1333.5214084,0.105525,0.174875,610.69664,-0.04634,0.12166,13.1506,-1333.4158834,-1333.3465334,4.5696,Gaussian,QC,"opt+freq: b3lyp/6-311G** em=gd3bj
energy: M062X/6-311G+(2d, p) em=gd3"
2075,a-c23+a-b23+a-b24,O=C([O-])C(Cc1ccccc1)CC(F)(F)F,acetate,-875.2255949,0.143101,0.201427,513.619472,-0.05965,0.10278,8.4765,-875.0824939,-875.0241679000001,4.418095999999999,Gaussian,QC,"opt+freq: b3lyp/6-311G** em=gd3bj
energy: M062X/6-311G+(2d, p) em=gd3"
2076,a-c23+a-b23+a-b25,CCCCCC(CC(F)(F)F)C(=O)[O-],acetate,-801.4118017,0.173681,0.233918,530.443336,-0.04967,0.14,8.6048,-801.2381207,-801.1778836999999,5.159024,Gaussian,QC,"opt+freq: b3lyp/6-311G** em=gd3bj
energy: M062X/6-311G+(2d, p) em=gd3"
2077,a-c23+a-b23+a-b26,O=C([O-])C(CC(F)(F)F)c1ccccc1,acetate,-835.9096038,0.115926,0.17208,494.4902240000001,-0.05357,0.11104,8.5142,-835.7936778000001,-835.7375238,4.477392,Gaussian,QC,"opt+freq: b3lyp/6-311G** em=gd3bj
energy: M062X/6-311G+(2d, p) em=gd3"
2078,a-c23+a-b23+a-b28,O=C(O)CC(CC(F)(F)F)C(=O)[O-],acetate,-832.8025186,0.081988,0.134921,466.1227040000001,-0.09514,0.15225,6.4687,-832.7205306,-832.6675976,6.729007999999999,Gaussian,QC,"opt+freq: b3lyp/6-311G** em=gd3bj
energy: M062X/6-311G+(2d, p) em=gd3"
2079,a-c23+a-b23+a-b30,O=C([O-])C(CC(F)(F)F)C1CCCCC1,acetate,-839.5223635,0.184353,0.241288,501.364536,-0.04885,0.14242,9.366,-839.3380105,-839.2810754999999,5.202544,Gaussian,QC,"opt+freq: b3lyp/6-311G** em=gd3bj
energy: M062X/6-311G+(2d, p) em=gd3"
2080,a-c23+a-b23+a-b31,Cc1cccc(C(CC(F)(F)F)C(=O)[O-])c1C,acetate,-914.5306732,0.165697,0.228887,556.446896,-0.05707,0.11095,8.4927,-914.3649762,-914.3017862,4.570144,Gaussian,QC,"opt+freq: b3lyp/6-311G** em=gd3bj
energy: M062X/6-311G+(2d, p) em=gd3"
2081,a-c23+a-b23+a-b32,O=C([O-])C(CC(F)(F)F)CC(F)(F)C(F)F,acetate,-1119.8030642,0.086981,0.149029,546.401112,-0.05716,0.1476,9.9371,-1119.7160832,-1119.6540352,5.569472,Gaussian,QC,"opt+freq: b3lyp/6-311G** em=gd3bj
energy: M062X/6-311G+(2d, p) em=gd3"
2082,a-c23+a-b23+a-b33,O=C([O-])C(CC(F)(F)F)c1cccnc1,acetate,-851.9564221,0.104962,0.160834,492.009112,-0.06122,0.09441,7.0465,-851.8514601,-851.7955881,4.233136,Gaussian,QC,"opt+freq: b3lyp/6-311G** em=gd3bj
energy: M062X/6-311G+(2d, p) em=gd3"
2083,a-c23+a-b23+a-b35,O=C([O-])C(CC(F)(F)F)S(=O)(=O)C(F)(F)C(F)(F)F,acetate,-1728.3276848,0.058521,0.125151,586.739056,-0.0946,0.11229,6.7447,-1728.2691638,-1728.2025338,5.627408,Gaussian,QC,"opt+freq: b3lyp/6-311G** em=gd3bj
energy: M062X/6-311G+(2d, p) em=gd3"
2084,a-c23+a-b23+a-b36,CCCCCCCCCC(CC(F)(F)F)C(=O)[O-],acetate,-958.6301818,0.276414,0.349854,646.7125120000001,-0.05168,0.11109,12.4299,-958.3537677999999,-958.2803277999999,4.427344,Gaussian,QC,"opt+freq: b3lyp/6-311G** em=gd3bj
energy: M062X/6-311G+(2d, p) em=gd3"
2085,a-c23+a-b23+a-b37,O=C([O-])C(CC(F)(F)F)C(C(F)(F)F)C(F)(F)F,acetate,-1318.3233368,0.071558,0.1348,556.907136,-0.06656,0.17599,7.8254,-1318.2517788,-1318.1885368,6.597359999999999,Gaussian,QC,"opt+freq: b3lyp/6-311G** em=gd3bj
energy: M062X/6-311G+(2d, p) em=gd3"
2086,a-c23+a-b24+a-b25,CCCCCC(Cc1ccccc1)C(=O)[O-],acetate,-695.3651172,0.245241,0.308317,555.44692,-0.04513,0.10443,9.9195,-695.1198762,-695.0568002,4.068032,Gaussian,QC,"opt+freq: b3lyp/6-311G** em=gd3bj
energy: M062X/6-311G+(2d, p) em=gd3"
2087,a-c23+a-b24+a-b26,O=C([O-])C(Cc1ccccc1)c1ccccc1,acetate,-729.8666877,0.187954,0.246738,517.652848,-0.05175,0.1051,8.9097,-729.6787337000001,-729.6199497,4.266319999999999,Gaussian,QC,"opt+freq: b3lyp/6-311G** em=gd3bj
energy: M062X/6-311G+(2d, p) em=gd3"
2088,a-c23+a-b24+a-b28,O=C(O)CC(Cc1ccccc1)C(=O)[O-],acetate,-726.7576982,0.154143,0.209575,488.12636,-0.09311,0.09211,8.5313,-726.6035552000001,-726.5481232000001,5.037984,Gaussian,QC,"opt+freq: b3lyp/6-311G** em=gd3bj
energy: M062X/6-311G+(2d, p) em=gd3"
2089,a-c23+a-b24+a-b30,O=C([O-])C(Cc1ccccc1)C1CCCCC1,acetate,-733.4793778,0.255542,0.315684,529.598168,-0.04989,0.10341,9.6636,-733.2238358,-733.1636937999999,4.169759999999999,Gaussian,QC,"opt+freq: b3lyp/6-311G** em=gd3bj
energy: M062X/6-311G+(2d, p) em=gd3"
2090,a-c23+a-b24+a-b31,Cc1cccc(C(Cc2ccccc2)C(=O)[O-])c1C,acetate,-808.4824599,0.239744,0.303656,562.8065760000001,-0.05025,0.10321,9.5346,-808.2427159,-808.1788038999999,4.174111999999999,Gaussian,QC,"opt+freq: b3lyp/6-311G** em=gd3bj
energy: M062X/6-311G+(2d, p) em=gd3"
2091,a-c23+a-b24+a-b32,O=C([O-])C(Cc1ccccc1)CC(F)(F)C(F)F,acetate,-1013.7589022,0.159514,0.223653,564.8023440000001,-0.05736,0.10541,9.6044,-1013.5993882,-1013.5352492,4.427344,Gaussian,QC,"opt+freq: b3lyp/6-311G** em=gd3bj
energy: M062X/6-311G+(2d, p) em=gd3"
2092,a-c23+a-b24+a-b33,O=C([O-])C(Cc1ccccc1)c1cccnc1,acetate,-745.9103943,0.17692,0.235386,514.8495680000001,-0.05681,0.0948,8.617,-745.7334743,-745.6750083000001,4.123792,Gaussian,QC,"opt+freq: b3lyp/6-311G** em=gd3bj
energy: M062X/6-311G+(2d, p) em=gd3"
2093,a-c23+a-b24+a-b34,O=C([O-])C(Cc1ccccc1)C1CCCN1,acetate,-710.2057475,0.217769,0.275607,509.31832,-0.05646,0.10367,8.6531,-709.9879785,-709.9301405,4.355536,Gaussian,QC,"opt+freq: b3lyp/6-311G** em=gd3bj
energy: M062X/6-311G+(2d, p) em=gd3"
2094,a-c23+a-b24+a-b36,CCCCCCCCCC(Cc1ccccc1)C(=O)[O-],acetate,-852.5844756,0.348636,0.424311,666.3856800000001,-0.05295,0.10364,10.9916,-852.2358396,-852.1601646,4.259248,Gaussian,QC,"opt+freq: b3lyp/6-311G** em=gd3bj
energy: M062X/6-311G+(2d, p) em=gd3"
2095,a-c23+a-b24+a-b37,O=C([O-])C(Cc1ccccc1)C(C(F)(F)F)C(F)(F)F,acetate,-1212.2789182,0.14315,0.209447,583.806072,-0.07102,0.0992,7.8092,-1212.1357682,-1212.0694712,4.629983999999999,Gaussian,QC,"opt+freq: b3lyp/6-311G** em=gd3bj
energy: M062X/6-311G+(2d, p) em=gd3"
2096,a-c23+a-b25+a-b26,CCCCCC(C(=O)[O-])c1ccccc1,acetate,-656.061028,0.219219,0.279296,529.033328,-0.04799,0.11506,8.3032,-655.841809,-655.7817319999999,4.43496,Gaussian,QC,"opt+freq: b3lyp/6-311G** em=gd3bj
energy: M062X/6-311G+(2d, p) em=gd3"
2097,a-c23+a-b25+a-b28,CCCCCC(CC(=O)O)C(=O)[O-],acetate,-652.9215944,0.18533,0.24286,506.611272,-0.05326,0.14084,8.0304,-652.7362644,-652.6787344,5.27952,Gaussian,QC,"opt+freq: b3lyp/6-311G** em=gd3bj
energy: M062X/6-311G+(2d, p) em=gd3"
2098,a-c23+a-b25+a-b30,CCCCCC(C(=O)[O-])C1CCCCC1,acetate,-659.6711541,0.286056,0.348063,546.028736,-0.04143,0.13801,9.7404,-659.3850980999999,-659.3230910999999,4.880768,Gaussian,QC,"opt+freq: b3lyp/6-311G** em=gd3bj
energy: M062X/6-311G+(2d, p) em=gd3"
2099,a-c23+a-b25+a-b31,CCCCCC(C(=O)[O-])c1cccc(C)c1C,acetate,-734.6731878,0.268861,0.336033,591.517184,-0.04604,0.11575,10.7259,-734.4043268,-734.3371548,4.400688,Gaussian,QC,"opt+freq: b3lyp/6-311G** em=gd3bj
energy: M062X/6-311G+(2d, p) em=gd3"
2100,a-c23+a-b25+a-b32,CCCCCC(CC(F)(F)C(F)F)C(=O)[O-],acetate,-939.943962,0.190915,0.256192,574.823024,-0.04744,0.14297,9.6734,-939.753047,-939.68777,5.179152,Gaussian,QC,"opt+freq: b3lyp/6-311G** em=gd3bj
energy: M062X/6-311G+(2d, p) em=gd3"
2101,a-c23+a-b25+a-b33,CCCCCC(C(=O)[O-])c1cccnc1,acetate,-672.1094134,0.20844,0.268073,525.125472,-0.05514,0.094,7.0459,-671.9009734,-671.8413404,4.056608,Gaussian,QC,"opt+freq: b3lyp/6-311G** em=gd3bj
energy: M062X/6-311G+(2d, p) em=gd3"
2102,a-c23+a-b25+a-b34,CCCCCC(C(=O)[O-])C1CCCN1,acetate,-636.3983398,0.246864,0.30799,538.275784,-0.04244,0.13815,8.6701,-636.1514758000001,-636.0903498,4.912048,Gaussian,QC,"opt+freq: b3lyp/6-311G** em=gd3bj
energy: M062X/6-311G+(2d, p) em=gd3"
2103,a-c23+a-b25+a-b35,CCCCCC(C(=O)[O-])S(=O)(=O)C(F)(F)C(F)(F)F,acetate,-1548.4835524,0.160395,0.232642,636.202304,-0.0858,0.11372,7.5759,-1548.3231574,-1548.2509104,5.426944,Gaussian,QC,"opt+freq: b3lyp/6-311G** em=gd3bj
energy: M062X/6-311G+(2d, p) em=gd3"
2104,a-c23+a-b25+a-b36,CCCCCCCCCC(CCCCC)C(=O)[O-],acetate,-778.778613,0.379527,0.456665,679.2807680000001,-0.04321,0.10621,13.1843,-778.3990859999999,-778.3219479999999,4.064223999999999,Gaussian,QC,"opt+freq: b3lyp/6-311G** em=gd3bj
energy: M062X/6-311G+(2d, p) em=gd3"
2105,a-c23+a-b25+a-b37,CCCCCC(C(=O)[O-])C(C(F)(F)F)C(F)(F)F,acetate,-1138.4787234,0.174238,0.242015,596.843416,-0.06236,0.13866,7.9557,-1138.3044854,-1138.2367084,5.467744,Gaussian,QC,"opt+freq: b3lyp/6-311G** em=gd3bj
energy: M062X/6-311G+(2d, p) em=gd3"
2106,a-c23+a-b26+a-b28,O=C(O)CC(C(=O)[O-])c1ccccc1,acetate,-687.4481635,0.126754,0.179932,468.285832,-0.09145,0.09821,7.8853,-687.3214095,-687.2682315,5.158752,Gaussian,QC,"opt+freq: b3lyp/6-311G** em=gd3bj
energy: M062X/6-311G+(2d, p) em=gd3"
2107,a-c23+a-b26+a-b30,O=C([O-])C(c1ccccc1)C1CCCCC1,acetate,-694.1650939,0.229132,0.286542,505.548536,-0.05229,0.1183,8.9827,-693.9359618999999,-693.8785518999999,4.640048,Gaussian,QC,"opt+freq: b3lyp/6-311G** em=gd3bj
energy: M062X/6-311G+(2d, p) em=gd3"
2108,a-c23+a-b26+a-b31,Cc1cccc(C(C(=O)[O-])c2ccccc2)c1C,acetate,-769.1738251,0.212809,0.274542,543.614568,-0.05741,0.10509,9.0956,-768.9610161,-768.8992831,4.42,Gaussian,QC,"opt+freq: b3lyp/6-311G** em=gd3bj
energy: M062X/6-311G+(2d, p) em=gd3"
2109,a-c23+a-b26+a-b32,O=C([O-])C(CC(F)(F)C(F)F)c1ccccc1,acetate,-974.4423569,0.133552,0.194221,534.250776,-0.05101,0.11156,8.5591,-974.3088049,-974.2481359000001,4.421904,Gaussian,QC,"opt+freq: b3lyp/6-311G** em=gd3bj
energy: M062X/6-311G+(2d, p) em=gd3"
2110,a-c23+a-b26+a-b33,O=C([O-])C(c1ccccc1)c1cccnc1,acetate,-706.6053458,0.150818,0.206405,489.498712,-0.06148,0.08995,7.2108,-706.4545278,-706.3989408,4.118896,Gaussian,QC,"opt+freq: b3lyp/6-311G** em=gd3bj
energy: M062X/6-311G+(2d, p) em=gd3"
2111,a-c23+a-b26+a-b34,O=C([O-])C(c1ccccc1)C1CCCN1,acetate,-670.900435,0.190839,0.246524,490.356432,-0.05456,0.11167,8.7626,-670.709596,-670.653911,4.521456,Gaussian,QC,"opt+freq: b3lyp/6-311G** em=gd3bj
energy: M062X/6-311G+(2d, p) em=gd3"
2112,a-c23+a-b26+a-b35,O=C([O-])C(c1ccccc1)S(=O)(=O)C(F)(F)C(F)(F)F,acetate,-1582.9752866,0.103069,0.170608,594.747232,-0.09105,0.09204,7.3755,-1582.8722176,-1582.8046786,4.980048,Gaussian,QC,"opt+freq: b3lyp/6-311G** em=gd3bj
energy: M062X/6-311G+(2d, p) em=gd3"
2113,a-c23+a-b26+a-b36,CCCCCCCCCC(C(=O)[O-])c1ccccc1,acetate,-813.2814965,0.322416,0.3953,641.817232,-0.05021,0.10887,12.4368,-812.9590805,-812.8861965,4.326976,Gaussian,QC,"opt+freq: b3lyp/6-311G** em=gd3bj
energy: M062X/6-311G+(2d, p) em=gd3"
2114,a-c23+a-b26+a-b37,O=C([O-])C(c1ccccc1)C(C(F)(F)F)C(F)(F)F,acetate,-1172.9747364,0.116422,0.180198,561.609952,-0.06534,0.10194,7.9372,-1172.8583144,-1172.7945384,4.550015999999999,Gaussian,QC,"opt+freq: b3lyp/6-311G** em=gd3bj
energy: M062X/6-311G+(2d, p) em=gd3"
2115,a-c23+a-b27+a-b28,CCCCCCCCCCCCC(CC(=O)O)C(=O)[O-],acetate,-928.0537303,0.3653,0.445696,707.970456,-0.05572,0.09636,17.983,-927.6884302999999,-927.6080343,4.136576,Gaussian,QC,"opt+freq: b3lyp/6-311G** em=gd3bj
energy: M062X/6-311G+(2d, p) em=gd3"
2116,a-c23+a-b28+a-b30,O=C(O)CC(C(=O)[O-])C1CCCCC1,acetate,-691.0636652,0.194853,0.249091,477.6161520000001,-0.08748,0.13563,8.7109,-690.8688122,-690.8145741999999,6.068592,Gaussian,QC,"opt+freq: b3lyp/6-311G** em=gd3bj
energy: M062X/6-311G+(2d, p) em=gd3"
2117,a-c23+a-b28+a-b31,Cc1cccc(C(CC(=O)O)C(=O)[O-])c1C,acetate,-766.0326882,0.178646,0.238205,524.468584,-0.05597,0.10884,9.0625,-765.8540422000001,-765.7944832000001,4.482832,Gaussian,QC,"opt+freq: b3lyp/6-311G** em=gd3bj
energy: M062X/6-311G+(2d, p) em=gd3"
2118,a-c23+a-b28+a-b32,O=C(O)CC(CC(F)(F)C(F)F)C(=O)[O-],acetate,-971.3081055,0.097646,0.157855,530.1964800000001,-0.05522,0.1266,9.514,-971.2104595,-971.1502505,4.945504,Gaussian,QC,"opt+freq: b3lyp/6-311G** em=gd3bj
energy: M062X/6-311G+(2d, p) em=gd3"
2119,a-c23+a-b28+a-b33,O=C(O)CC(C(=O)[O-])c1cccnc1,acetate,-703.4933357,0.115944,0.168755,465.0516000000001,-0.09839,0.07872,6.5751,-703.3773917,-703.3245807,4.817392,Gaussian,QC,"opt+freq: b3lyp/6-311G** em=gd3bj
energy: M062X/6-311G+(2d, p) em=gd3"
2120,a-c23+a-b28+a-b35,O=C(O)CC(C(=O)[O-])S(=O)(=O)C(F)(F)C(F)(F)F,acetate,-1579.8629117,0.068832,0.133693,571.166208,-0.12583,0.09678,7.6213,-1579.7940797,-1579.7292187,6.054991999999999,Gaussian,QC,"opt+freq: b3lyp/6-311G** em=gd3bj
energy: M062X/6-311G+(2d, p) em=gd3"
2121,a-c23+a-b28+a-b36,CCCCCCCCCC(CC(=O)O)C(=O)[O-],acetate,-810.1400904,0.288048,0.358747,622.575016,-0.05525,0.11286,12.9281,-809.8520424,-809.7813434,4.572592,Gaussian,QC,"opt+freq: b3lyp/6-311G** em=gd3bj
energy: M062X/6-311G+(2d, p) em=gd3"
2122,a-c23+a-b28+a-b37,O=C(O)CC(C(=O)[O-])C(C(F)(F)F)C(F)(F)F,acetate,-1169.8644234,0.082464,0.143373,536.3595120000001,-0.11082,0.1504,7.4759,-1169.7819594,-1169.7210504,7.105184,Gaussian,QC,"opt+freq: b3lyp/6-311G** em=gd3bj
energy: M062X/6-311G+(2d, p) em=gd3"
2123,a-c23+a-b30+a-b31,Cc1cccc(C(C(=O)[O-])C2CCCCC2)c1C,acetate,-772.7858995,0.279945,0.343553,560.128816,-0.04627,0.11303,9.6197,-772.5059545,-772.4423465,4.33296,Gaussian,QC,"opt+freq: b3lyp/6-311G** em=gd3bj
energy: M062X/6-311G+(2d, p) em=gd3"
2124,a-c23+a-b30+a-b32,O=C([O-])C(CC(F)(F)C(F)F)C1CCCCC1,acetate,-978.0542916,0.201798,0.263392,542.39284,-0.04953,0.14609,8.0236,-977.8524936,-977.7908996000001,5.320863999999999,Gaussian,QC,"opt+freq: b3lyp/6-311G** em=gd3bj
energy: M062X/6-311G+(2d, p) em=gd3"
2125,a-c23+a-b30+a-b33,O=C([O-])C(c1cccnc1)C1CCCCC1,acetate,-710.2218873,0.217038,0.275272,512.807776,-0.05123,0.09423,8.7064,-710.0048493,-709.9466153000001,3.956511999999999,Gaussian,QC,"opt+freq: b3lyp/6-311G** em=gd3bj
energy: M062X/6-311G+(2d, p) em=gd3"
2126,a-c23+a-b30+a-b34,O=C([O-])C(C1CCCCC1)C1CCCN1,acetate,-674.5076841,0.258273,0.315305,502.22644,-0.04901,0.13945,9.6065,-674.2494111,-674.1923791,5.126111999999999,Gaussian,QC,"opt+freq: b3lyp/6-311G** em=gd3bj
energy: M062X/6-311G+(2d, p) em=gd3"
2127,a-c23+a-b30+a-b35,O=C([O-])C(C1CCCCC1)S(=O)(=O)C(F)(F)C(F)(F)F,acetate,-1586.5927499,0.17054,0.239823,610.102512,-0.08865,0.11551,6.0382,-1586.4222099,-1586.3529269,5.553152,Gaussian,QC,"opt+freq: b3lyp/6-311G** em=gd3bj
energy: M062X/6-311G+(2d, p) em=gd3"
2128,a-c23+a-b30+a-b36,CCCCCCCCCC(C(=O)[O-])C1CCCCC1,acetate,-816.8903219,0.389182,0.463892,657.8963440000001,-0.04596,0.10939,12.1306,-816.5011399,-816.4264299,4.225519999999999,Gaussian,QC,"opt+freq: b3lyp/6-311G** em=gd3bj
energy: M062X/6-311G+(2d, p) em=gd3"
2129,a-c23+a-b30+a-b37,O=C([O-])C(C1CCCCC1)C(C(F)(F)F)C(F)(F)F,acetate,-1176.5893618,0.183915,0.249342,576.153536,-0.06184,0.14185,7.4427,-1176.4054468,-1176.3400198,5.540368,Gaussian,QC,"opt+freq: b3lyp/6-311G** em=gd3bj
energy: M062X/6-311G+(2d, p) em=gd3"
2130,a-c23+a-b31+a-b32,Cc1cccc(C(CC(F)(F)C(F)F)C(=O)[O-])c1C,acetate,-1053.0633757,0.18348,0.251372,597.855944,-0.05561,0.11392,10.3218,-1052.8798957,-1052.8120037,4.611216,Gaussian,QC,"opt+freq: b3lyp/6-311G** em=gd3bj
energy: M062X/6-311G+(2d, p) em=gd3"
2131,a-c23+a-b31+a-b33,Cc1cccc(C(C(=O)[O-])c2cccnc2)c1C,acetate,-785.2176573,0.201451,0.263111,542.9786,-0.0617,0.0884,10.0822,-785.0162063,-784.9545463000001,4.08272,Gaussian,QC,"opt+freq: b3lyp/6-311G** em=gd3bj
energy: M062X/6-311G+(2d, p) em=gd3"
2132,a-c23+a-b32+a-b33,O=C([O-])C(CC(F)(F)C(F)F)c1cccnc1,acetate,-990.4891983,0.122573,0.182992,532.049992,-0.05837,0.096,7.4823,-990.3666253,-990.3062063,4.198864,Gaussian,QC,"opt+freq: b3lyp/6-311G** em=gd3bj
energy: M062X/6-311G+(2d, p) em=gd3"
2133,a-c23+a-b32+a-b36,CCCCCCCCCC(CC(F)(F)C(F)F)C(=O)[O-],acetate,-1097.1624936,0.293447,0.372079,692.426896,-0.04934,0.11304,11.2989,-1096.8690466,-1096.7904146,4.416736,Gaussian,QC,"opt+freq: b3lyp/6-311G** em=gd3bj
energy: M062X/6-311G+(2d, p) em=gd3"
2134,a-c23+a-b32+a-b37,O=C([O-])C(CC(F)(F)C(F)F)C(C(F)(F)F)C(F)(F)F,acetate,-1456.8559511,0.087898,0.156964,608.1862400000001,-0.06626,0.1573,7.2485,-1456.7680531,-1456.6989871,6.080831999999999,Gaussian,QC,"opt+freq: b3lyp/6-311G** em=gd3bj
energy: M062X/6-311G+(2d, p) em=gd3"
2135,a-c23+a-b33+a-b35,O=C([O-])C(c1cccnc1)S(=O)(=O)C(F)(F)C(F)(F)F,acetate,-1599.0203695,0.091449,0.159427,598.609064,-0.09137,0.06449,8.6131,-1598.9289205,-1598.8609425,4.239392,Gaussian,QC,"opt+freq: b3lyp/6-311G** em=gd3bj
energy: M062X/6-311G+(2d, p) em=gd3"
2136,a-c23+a-b33+a-b36,CCCCCCCCCC(C(=O)[O-])c1cccnc1,acetate,-829.3252021,0.311118,0.383948,641.34444,-0.05514,0.09347,13.7228,-829.0140841,-828.9412540999999,4.042192,Gaussian,QC,"opt+freq: b3lyp/6-311G** em=gd3bj
energy: M062X/6-311G+(2d, p) em=gd3"
2137,a-c23+a-b33+a-b37,O=C([O-])C(c1cccnc1)C(C(F)(F)F)C(F)(F)F,acetate,-1189.0178167,0.105034,0.1688,561.5220879999999,-0.07091,0.0841,8.404,-1188.9127827,-1188.8490167,4.216271999999999,Gaussian,QC,"opt+freq: b3lyp/6-311G** em=gd3bj
energy: M062X/6-311G+(2d, p) em=gd3"
2138,a-c23+a-b34+a-b35,O=C([O-])C(C1CCCN1)S(=O)(=O)C(F)(F)C(F)(F)F,acetate,-1563.3179876,0.132195,0.200036,597.4040719999999,-0.08701,0.10838,6.9702,-1563.1857926,-1563.1179516,5.314608,Gaussian,QC,"opt+freq: b3lyp/6-311G** em=gd3bj
energy: M062X/6-311G+(2d, p) em=gd3"
2139,a-c23+a-b34+a-b37,O=C([O-])C(C1CCCN1)C(C(F)(F)F)C(F)(F)F,acetate,-1153.3032993,0.146186,0.209025,553.359104,-0.06459,0.14908,8.5863,-1153.1571133,-1153.0942743,5.811823999999999,Gaussian,QC,"opt+freq: b3lyp/6-311G** em=gd3bj
energy: M062X/6-311G+(2d, p) em=gd3"
2140,a-c24+a-b1,CCCCCCCCCC(N)C(=O)[O-],acetate,-637.6069122,0.266398,0.33088,567.8273760000001,-0.03483,0.11368,14.9255,-637.3405142,-637.2760322,4.039472,Gaussian,QC,"opt+freq: b3lyp/6-311G** em=gd3bj
energy: M062X/6-311G+(2d, p) em=gd3"
2141,a-c24+a-b2,N=C(N)NCC(N)C(=O)[O-],acetate,-527.3375049,0.110217,0.15923,431.604704,-0.03687,0.1241,11.1088,-527.2272879,-527.1782749,4.378384,Gaussian,QC,"opt+freq: b3lyp/6-311G** em=gd3bj
energy: M062X/6-311G+(2d, p) em=gd3"
2142,a-c24+a-b3,CC(F)(F)S(=O)(=O)CC(N)C(=O)[O-],acetate,-1148.8823561,0.09889,0.155584,499.247432,-0.06618,0.1277,11.7549,-1148.7834661,-1148.7267721,5.273536,Gaussian,QC,"opt+freq: b3lyp/6-311G** em=gd3bj
energy: M062X/6-311G+(2d, p) em=gd3"
2143,a-c24+a-b4,NC(CCCCC(F)(F)C(F)(F)F)C(=O)[O-],acetate,-1015.9532173,0.146263,0.209646,558.1497840000001,-0.05449,0.15555,10.4335,-1015.8069543,-1015.7435713,5.713088,Gaussian,QC,"opt+freq: b3lyp/6-311G** em=gd3bj
energy: M062X/6-311G+(2d, p) em=gd3"
2144,a-c24+a-b5,NC(CC(=O)C(F)(F)F)C(=O)[O-],acetate,-773.5519416,0.067916,0.118534,445.738256,-0.07759,0.14609,6.4388,-773.4840256,-773.4334076,6.084096,Gaussian,QC,"opt+freq: b3lyp/6-311G** em=gd3bj
energy: M062X/6-311G+(2d, p) em=gd3"
2145,a-c24+a-b6,NC(Cc1ccncc1)C(=O)[O-],acetate,-570.2435424,0.122191,0.171259,432.085864,-0.04511,0.08863,7.2401,-570.1213514,-570.0722834000001,3.637728,Gaussian,QC,"opt+freq: b3lyp/6-311G** em=gd3bj
energy: M062X/6-311G+(2d, p) em=gd3"
2146,a-c24+a-b7,NC(Cc1ccccc1O)C(=O)[O-],acetate,-629.4203182,0.135625,0.187857,459.955488,-0.03538,0.10366,10.8797,-629.2846932,-629.2324612,3.781888,Gaussian,QC,"opt+freq: b3lyp/6-311G** em=gd3bj
energy: M062X/6-311G+(2d, p) em=gd3"
2147,a-c24+a-b8,NC(CC(=O)O)C(=O)[O-],acetate,-511.7463479,0.070721,0.116952,407.107384,-0.0389,0.12934,7.8136,-511.6756269,-511.6293959,4.576128,Gaussian,QC,"opt+freq: b3lyp/6-311G** em=gd3bj
energy: M062X/6-311G+(2d, p) em=gd3"
2148,a-c24+a-b9,NC(CC(=O)CF)C(=O)[O-],acetate,-575.0439518,0.084984,0.133062,423.370592,-0.0507,0.09342,6.7191,-574.9589678,-574.9108898,3.920064,Gaussian,QC,"opt+freq: b3lyp/6-311G** em=gd3bj
energy: M062X/6-311G+(2d, p) em=gd3"
2149,a-c24+a-b10,CCCCCCCCCCCC(N)C(=O)[O-],acetate,-716.2160133,0.31773,0.388835,626.148152,-0.03518,0.1015,18.6257,-715.8982833,-715.8271783,3.717696000000001,Gaussian,QC,"opt+freq: b3lyp/6-311G** em=gd3bj
energy: M062X/6-311G+(2d, p) em=gd3"
2150,a-c24+a-b11,CCCCC(CC)CCC(N)C(=O)[O-],acetate,-637.6092443,0.267248,0.330414,556.24188,-0.04409,0.1332,10.6284,-637.3419963,-637.2788303,4.822288,Gaussian,QC,"opt+freq: b3lyp/6-311G** em=gd3bj
energy: M062X/6-311G+(2d, p) em=gd3"
2151,a-c24+a-b13,CCCCCCCC(N)C(=O)[O-],acetate,-558.9977034,0.214897,0.272904,510.812008,-0.03386,0.12631,11.9918,-558.7828064,-558.7247993999999,4.356624,Gaussian,QC,"opt+freq: b3lyp/6-311G** em=gd3bj
energy: M062X/6-311G+(2d, p) em=gd3"
2152,a-c24+a-b14,CCCCCC(N)C(=O)[O-],acetate,-480.388452,0.163572,0.214961,452.5372560000001,-0.03275,0.14684,8.659,-480.22488,-480.173491,4.884848,Gaussian,QC,"opt+freq: b3lyp/6-311G** em=gd3bj
energy: M062X/6-311G+(2d, p) em=gd3"
2153,a-c24+a-b15,CCCC(N)C(=O)[O-],acetate,-401.7782129,0.111619,0.156827,398.1076,-0.0268,0.16142,7.1338,-401.6665939,-401.6213859,5.119584,Gaussian,QC,"opt+freq: b3lyp/6-311G** em=gd3bj
energy: M062X/6-311G+(2d, p) em=gd3"
2154,a-c24+a-b16,Cc1cc(Cl)ccc1CC(N)C(=O)[O-],acetate,-1053.112814,0.145942,0.202872,501.322696,-0.05211,0.08922,11.0276,-1052.966872,-1052.909942,3.844176,Gaussian,QC,"opt+freq: b3lyp/6-311G** em=gd3bj
energy: M062X/6-311G+(2d, p) em=gd3"
2155,a-c24+a-b17,NC(CS(=O)(=O)C(F)(F)F)C(=O)[O-],acetate,-1208.8064934,0.064441,0.120169,490.74136,-0.06335,0.1272,10.3189,-1208.7420524,-1208.6863244,5.18296,Gaussian,QC,"opt+freq: b3lyp/6-311G** em=gd3bj
energy: M062X/6-311G+(2d, p) em=gd3"
2156,a-c24+a-b18,NC(CC(F)(F)F)C(=O)[O-],acetate,-660.2408008,0.060974,0.107978,413.918936,-0.03896,0.18125,7.2398,-660.1798268,-660.1328228,5.989712,Gaussian,QC,"opt+freq: b3lyp/6-311G** em=gd3bj
energy: M062X/6-311G+(2d, p) em=gd3"
2157,a-c24+a-b19,NC(Cc1ccccn1)C(=O)[O-],acetate,-570.2396423,0.122054,0.170888,430.0357040000001,-0.04625,0.08409,9.0969,-570.1175883,-570.0687543,3.545248,Gaussian,QC,"opt+freq: b3lyp/6-311G** em=gd3bj
energy: M062X/6-311G+(2d, p) em=gd3"
2158,a-c24+a-b20,NC(CS(=O)(=O)C(F)(F)C(F)(F)C(F)(F)F)C(=O)[O-],acetate,-1684.3942034,0.079773,0.149404,613.161016,-0.06586,0.08265,15.5981,-1684.3144304,-1684.2447994,4.039472,Gaussian,QC,"opt+freq: b3lyp/6-311G** em=gd3bj
energy: M062X/6-311G+(2d, p) em=gd3"
2159,a-c24+a-b21,CC(=O)CC(N)C(=O)[O-],acetate,-475.8083661,0.092289,0.138833,409.8604560000001,-0.04471,0.11635,6.564,-475.7160771,-475.6695331,4.380831999999999,Gaussian,QC,"opt+freq: b3lyp/6-311G** em=gd3bj
energy: M062X/6-311G+(2d, p) em=gd3"
2160,a-c24+a-b22,COCC(N)C(=O)[O-],acetate,-437.6795029,0.088921,0.133549,392.994752,-0.03316,0.17579,6.5889,-437.5905819,-437.5459539,5.68344,Gaussian,QC,"opt+freq: b3lyp/6-311G** em=gd3bj
energy: M062X/6-311G+(2d, p) em=gd3"
2161,a-c24+a-b23,NC(CCC(F)(F)F)C(=O)[O-],acetate,-699.5501499,0.085925,0.13686,448.533168,-0.04157,0.17246,8.3233,-699.4642249,-699.4132899,5.821616,Gaussian,QC,"opt+freq: b3lyp/6-311G** em=gd3bj
energy: M062X/6-311G+(2d, p) em=gd3"
2162,a-c24+a-b24,NC(CCc1ccccc1)C(=O)[O-],acetate,-593.499357,0.15832,0.211338,466.87164,-0.04755,0.10098,9.497,-593.341037,-593.2880190000001,4.040016,Gaussian,QC,"opt+freq: b3lyp/6-311G** em=gd3bj
energy: M062X/6-311G+(2d, p) em=gd3"
2163,a-c24+a-b25,CCCCCCC(N)C(=O)[O-],acetate,-519.6930701,0.189163,0.243928,482.256208,-0.03338,0.1349,10.2418,-519.5039071,-519.4491421,4.577215999999999,Gaussian,QC,"opt+freq: b3lyp/6-311G** em=gd3bj
energy: M062X/6-311G+(2d, p) em=gd3"
2164,a-c24+a-b26,NC(Cc1ccccc1)C(=O)[O-],acetate,-554.1944925,0.133335,0.182463,432.621416,-0.0429,0.10308,9.4807,-554.0611575,-554.0120295,3.970656,Gaussian,QC,"opt+freq: b3lyp/6-311G** em=gd3bj
energy: M062X/6-311G+(2d, p) em=gd3"
2165,a-c24+a-b27,CCCCCCCCCCCCCC(N)C(=O)[O-],acetate,-794.8250753,0.369303,0.446806,682.489896,-0.03537,0.09261,22.3109,-794.4557723,-794.3782692999999,3.481055999999999,Gaussian,QC,"opt+freq: b3lyp/6-311G** em=gd3bj
energy: M062X/6-311G+(2d, p) em=gd3"
2166,a-c24+a-b28,NC(CCC(=O)O)C(=O)[O-],acetate,-551.0729659,0.098765,0.145399,410.651232,-0.07853,0.14619,5.5085,-550.9742009,-550.9275669,6.112384,Gaussian,QC,"opt+freq: b3lyp/6-311G** em=gd3bj
energy: M062X/6-311G+(2d, p) em=gd3"
2167,a-c24+a-b30,NC(CC1CCCCC1)C(=O)[O-],acetate,-557.806424,0.199369,0.251154,456.018344,-0.0348,0.13757,10.333,-557.607055,-557.55527,4.688464,Gaussian,QC,"opt+freq: b3lyp/6-311G** em=gd3bj
energy: M062X/6-311G+(2d, p) em=gd3"
2168,a-c24+a-b31,Cc1cccc(CC(N)C(=O)[O-])c1C,acetate,-632.8090812,0.182369,0.238896,497.774664,-0.04478,0.10294,12.9131,-632.6267122,-632.5701852000001,4.017984,Gaussian,QC,"opt+freq: b3lyp/6-311G** em=gd3bj
energy: M062X/6-311G+(2d, p) em=gd3"
2169,a-c24+a-b32,NC(CCC(F)(F)C(F)F)C(=O)[O-],acetate,-838.0923565,0.103855,0.159216,487.502944,-0.05884,0.1593,6.6187,-837.9885015000001,-837.9331405,5.933408,Gaussian,QC,"opt+freq: b3lyp/6-311G** em=gd3bj
energy: M062X/6-311G+(2d, p) em=gd3"
2170,a-c24+a-b33,NC(Cc1cccnc1)C(=O)[O-],acetate,-570.2390333,0.121934,0.171129,433.207176,-0.04142,0.08606,9.0984,-570.1170993,-570.0679043,3.467455999999999,Gaussian,QC,"opt+freq: b3lyp/6-311G** em=gd3bj
energy: M062X/6-311G+(2d, p) em=gd3"
2171,a-c24+a-b34,NC(CC1CCCN1)C(=O)[O-],acetate,-534.5288324,0.161292,0.211156,439.102432,-0.03973,0.13765,9.3457,-534.3675404,-534.3176764000001,4.824736,Gaussian,QC,"opt+freq: b3lyp/6-311G** em=gd3bj
energy: M062X/6-311G+(2d, p) em=gd3"
2172,a-c24+a-b35,NC(CS(=O)(=O)C(F)(F)C(F)(F)F)C(=O)[O-],acetate,-1446.6016734,0.072112,0.134768,551.756632,-0.06501,0.09797,13.0068,-1446.5295614,-1446.4669054,4.433056000000001,Gaussian,QC,"opt+freq: b3lyp/6-311G** em=gd3bj
energy: M062X/6-311G+(2d, p) em=gd3"
2173,a-c24+a-b36,CCCCCCCCCCC(N)C(=O)[O-],acetate,-676.9114683,0.292,0.359848,597.4668320000001,-0.03504,0.10716,16.6838,-676.6194683,-676.5516203,3.86784,Gaussian,QC,"opt+freq: b3lyp/6-311G** em=gd3bj
energy: M062X/6-311G+(2d, p) em=gd3"
2174,a-c24+a-b37,NC(CC(C(F)(F)F)C(F)(F)F)C(=O)[O-],acetate,-1036.6077512,0.086672,0.144891,512.673888,-0.0572,0.1784,9.5376,-1036.5210792,-1036.4628602,6.40832,Gaussian,QC,"opt+freq: b3lyp/6-311G** em=gd3bj
energy: M062X/6-311G+(2d, p) em=gd3"
2175,a-c24+a-b38,NC(CCC(F)(F)C(F)(F)C(F)(F)C(F)F)C(=O)[O-],acetate,-1313.6730686,0.117551,0.188246,622.533176,-0.04811,0.10514,17.8716,-1313.5555176,-1313.4848226,4.1684,Gaussian,QC,"opt+freq: b3lyp/6-311G** em=gd3bj
energy: M062X/6-311G+(2d, p) em=gd3"
2176,a-c25+a-b1,CCCCCCCCc1ccc(S(=O)(=O)[O-])cc1,sulfonate,-1169.9572774,0.268023,0.339853,632.5329360000001,-0.07701,0.09354,21.0958,-1169.6892544,-1169.6174244,4.638959999999999,Gaussian,QC,"opt+freq: b3lyp/6-311G** em=gd3bj
energy: M062X/6-311G+(2d, p) em=gd3"
2177,a-c25+a-b2,N=C(N)Nc1ccc(S(=O)(=O)[O-])cc1,sulfonate,-1059.676803,0.111345,0.167935,498.331136,-0.07166,0.0863,17.5573,-1059.565458,-1059.508868,4.296512,Gaussian,QC,"opt+freq: b3lyp/6-311G** em=gd3bj
energy: M062X/6-311G+(2d, p) em=gd3"
2178,a-c25+a-b3,CC(F)(F)S(=O)(=O)c1ccc(S(=O)(=O)[O-])cc1,sulfonate,-1681.2245259,0.10043,0.165204,570.4047200000001,-0.09785,0.04255,15.2023,-1681.1240959,-1681.0593219,3.81888,Gaussian,QC,"opt+freq: b3lyp/6-311G** em=gd3bj
energy: M062X/6-311G+(2d, p) em=gd3"
2179,a-c25+a-b4,O=S(=O)([O-])c1ccc(CCCC(F)(F)C(F)(F)F)cc1,sulfonate,-1548.2965231,0.147698,0.218719,625.407584,-0.0817,0.09049,20.0428,-1548.1488251,-1548.0778041,4.683568,Gaussian,QC,"opt+freq: b3lyp/6-311G** em=gd3bj
energy: M062X/6-311G+(2d, p) em=gd3"
2180,a-c25+a-b5,O=C(c1ccc(S(=O)(=O)[O-])cc1)C(F)(F)F,sulfonate,-1305.9044135,0.068948,0.128341,523.012552,-0.09838,0.0081,12.1765,-1305.8354655,-1305.7760725,2.896256,Gaussian,QC,"opt+freq: b3lyp/6-311G** em=gd3bj
energy: M062X/6-311G+(2d, p) em=gd3"
2181,a-c25+a-b6,O=S(=O)([O-])c1ccc(-c2ccncc2)cc1,sulfonate,-1102.5897483,0.123662,0.180295,498.71188,-0.08796,0.03406,13.3507,-1102.4660863,-1102.4094533,3.318944,Gaussian,QC,"opt+freq: b3lyp/6-311G** em=gd3bj
energy: M062X/6-311G+(2d, p) em=gd3"
2182,a-c25+a-b7,O=S(=O)([O-])c1ccc(-c2ccccc2O)cc1,sulfonate,-1161.7773119,0.137976,0.197101,520.644408,-0.08719,0.05558,15.4463,-1161.6393359,-1161.5802109,3.883344,Gaussian,QC,"opt+freq: b3lyp/6-311G** em=gd3bj
energy: M062X/6-311G+(2d, p) em=gd3"
2183,a-c25+a-b8,O=C(O)c1ccc(S(=O)(=O)[O-])cc1,sulfonate,-1044.0981847,0.073902,0.126147,460.068456,-0.09386,0.04358,8.3964,-1044.0242827,-1043.9720377,3.738368,Gaussian,QC,"opt+freq: b3lyp/6-311G** em=gd3bj
energy: M062X/6-311G+(2d, p) em=gd3"
2184,a-c25+a-b9,O=C(CF)c1ccc(S(=O)(=O)[O-])cc1,sulfonate,-1107.3921908,0.086395,0.142531,494.327048,-0.09134,0.02409,11.6502,-1107.3057958,-1107.2496598,3.139696,Gaussian,QC,"opt+freq: b3lyp/6-311G** em=gd3bj
energy: M062X/6-311G+(2d, p) em=gd3"
2185,a-c25+a-b10,CCCCCCCCCCc1ccc(S(=O)(=O)[O-])cc1,sulfonate,-1248.5663135,0.319182,0.397783,692.163304,-0.07716,0.08713,24.5645,-1248.2471315,-1248.1685305,4.468687999999999,Gaussian,QC,"opt+freq: b3lyp/6-311G** em=gd3bj
energy: M062X/6-311G+(2d, p) em=gd3"
2186,a-c25+a-b11,CCCCC(CC)Cc1ccc(S(=O)(=O)[O-])cc1,sulfonate,-1169.9595862,0.269737,0.339239,612.03552,-0.08217,0.09413,16.5862,-1169.6898492,-1169.6203472,4.795360000000001,Gaussian,QC,"opt+freq: b3lyp/6-311G** em=gd3bj
energy: M062X/6-311G+(2d, p) em=gd3"
2187,a-c25+a-b13,CCCCCCc1ccc(S(=O)(=O)[O-])cc1,sulfonate,-1091.3481876,0.216565,0.28188,575.166112,-0.07678,0.09599,18.0451,-1091.1316226,-1091.0663076,4.699344,Gaussian,QC,"opt+freq: b3lyp/6-311G** em=gd3bj
energy: M062X/6-311G+(2d, p) em=gd3"
2188,a-c25+a-b14,CCCCc1ccc(S(=O)(=O)[O-])cc1,sulfonate,-1012.739115,0.164812,0.223887,520.2134560000001,-0.07635,0.09842,14.7178,-1012.574303,-1012.515228,4.753743999999999,Gaussian,QC,"opt+freq: b3lyp/6-311G** em=gd3bj
energy: M062X/6-311G+(2d, p) em=gd3"
2189,a-c25+a-b15,CCc1ccc(S(=O)(=O)[O-])cc1,sulfonate,-934.1291224,0.113086,0.165999,465.95116,-0.07524,0.1006,12.2016,-934.0160364000001,-933.9631234,4.782848,Gaussian,QC,"opt+freq: b3lyp/6-311G** em=gd3bj
energy: M062X/6-311G+(2d, p) em=gd3"
2190,a-c25+a-b16,Cc1cc(Cl)ccc1-c1ccc(S(=O)(=O)[O-])cc1,sulfonate,-1585.4578827,0.147768,0.211981,565.455048,-0.08565,0.04654,17.9473,-1585.3101147,-1585.2459017,3.595568,Gaussian,QC,"opt+freq: b3lyp/6-311G** em=gd3bj
energy: M062X/6-311G+(2d, p) em=gd3"
2191,a-c25+a-b17,O=S(=O)([O-])c1ccc(S(=O)(=O)C(F)(F)F)cc1,sulfonate,-1741.16143,0.066536,0.129997,558.840144,-0.10365,0.03289,12.3008,-1741.094894,-1741.031433,3.713888,Gaussian,QC,"opt+freq: b3lyp/6-311G** em=gd3bj
energy: M062X/6-311G+(2d, p) em=gd3"
2192,a-c25+a-b18,O=S(=O)([O-])c1ccc(C(F)(F)F)cc1,sulfonate,-1192.5870057,0.061243,0.116935,490.423376,-0.08945,0.07092,11.5155,-1192.5257627,-1192.4700707,4.362064,Gaussian,QC,"opt+freq: b3lyp/6-311G** em=gd3bj
energy: M062X/6-311G+(2d, p) em=gd3"
2193,a-c25+a-b19,O=S(=O)([O-])c1ccc(-c2ccccn2)cc1,sulfonate,-1102.5863594,0.122756,0.180094,504.916752,-0.08213,0.03697,16.9096,-1102.4636034,-1102.4062654,3.23952,Gaussian,QC,"opt+freq: b3lyp/6-311G** em=gd3bj
energy: M062X/6-311G+(2d, p) em=gd3"
2194,a-c25+a-b21,CC(=O)c1ccc(S(=O)(=O)[O-])cc1,sulfonate,-1008.1587148,0.094663,0.148488,473.988624,-0.08864,0.03703,10.5243,-1008.0640518,-1008.0102268,3.418224,Gaussian,QC,"opt+freq: b3lyp/6-311G** em=gd3bj
energy: M062X/6-311G+(2d, p) em=gd3"
2195,a-c25+a-b22,COc1ccc(S(=O)(=O)[O-])cc1,sulfonate,-970.0326374,0.091117,0.142692,454.1732,-0.07367,0.10406,12.5376,-969.9415204,-969.8899454,4.834256,Gaussian,QC,"opt+freq: b3lyp/6-311G** em=gd3bj
energy: M062X/6-311G+(2d, p) em=gd3"
2196,a-c25+a-b23,O=S(=O)([O-])c1ccc(CC(F)(F)F)cc1,sulfonate,-1231.8931437,0.087256,0.145859,516.058744,-0.08255,0.08601,14.7155,-1231.8058877,-1231.7472847,4.584832,Gaussian,QC,"opt+freq: b3lyp/6-311G** em=gd3bj
energy: M062X/6-311G+(2d, p) em=gd3"
2197,a-c25+a-b24,O=S(=O)([O-])c1ccc(Cc2ccccc2)cc1,sulfonate,-1125.8461458,0.158107,0.220307,547.72744,-0.07942,0.0596,17.395,-1125.6880388,-1125.6258388,3.781344,Gaussian,QC,"opt+freq: b3lyp/6-311G** em=gd3bj
energy: M062X/6-311G+(2d, p) em=gd3"
2198,a-c25+a-b25,CCCCCc1ccc(S(=O)(=O)[O-])cc1,sulfonate,-1052.0435816,0.190584,0.25289,548.6646559999999,-0.07659,0.09752,16.3081,-1051.8529976,-1051.7906916,4.735791999999999,Gaussian,QC,"opt+freq: b3lyp/6-311G** em=gd3bj
energy: M062X/6-311G+(2d, p) em=gd3"
2199,a-c25+a-b26,O=S(=O)([O-])c1ccc(-c2ccccc2)cc1,sulfonate,-1086.5450294,0.134758,0.191635,500.862456,-0.0816,0.05219,16.2698,-1086.4102714,-1086.3533944,3.639088000000001,Gaussian,QC,"opt+freq: b3lyp/6-311G** em=gd3bj
energy: M062X/6-311G+(2d, p) em=gd3"
2200,a-c25+a-b28,O=C(O)Cc1ccc(S(=O)(=O)[O-])cc1,sulfonate,-1083.4047246,0.096156,0.154778,516.22192,-0.09138,0.07443,9.6835,-1083.3085686,-1083.2499466,4.510032,Gaussian,QC,"opt+freq: b3lyp/6-311G** em=gd3bj
energy: M062X/6-311G+(2d, p) em=gd3"
2201,a-c25+a-b30,O=S(=O)([O-])c1ccc(C2CCCCC2)cc1,sulfonate,-1090.1553971,0.200526,0.260386,527.1254240000001,-0.07617,0.10188,18.2646,-1089.9548711,-1089.8950111,4.84296,Gaussian,QC,"opt+freq: b3lyp/6-311G** em=gd3bj
energy: M062X/6-311G+(2d, p) em=gd3"
2202,a-c25+a-b31,Cc1cccc(-c2ccc(S(=O)(=O)[O-])cc2)c1C,sulfonate,-1165.1584649,0.184144,0.248272,564.706112,-0.08067,0.0627,18.6667,-1164.9743209,-1164.9101929,3.899664,Gaussian,QC,"opt+freq: b3lyp/6-311G** em=gd3bj
energy: M062X/6-311G+(2d, p) em=gd3"
2203,a-c25+a-b32,O=S(=O)([O-])c1ccc(CC(F)(F)C(F)F)cc1,sulfonate,-1370.4283172,0.103922,0.168033,564.559672,-0.08033,0.08894,17.2554,-1370.3243952,-1370.2602842,4.604144,Gaussian,QC,"opt+freq: b3lyp/6-311G** em=gd3bj
energy: M062X/6-311G+(2d, p) em=gd3"
2204,a-c25+a-b33,O=S(=O)([O-])c1ccc(-c2cccnc2)cc1,sulfonate,-1102.5875641,0.123566,0.180206,498.77464,-0.08537,0.03986,14.9111,-1102.4639981,-1102.4073581,3.406256,Gaussian,QC,"opt+freq: b3lyp/6-311G** em=gd3bj
energy: M062X/6-311G+(2d, p) em=gd3"
2205,a-c25+a-b35,O=S(=O)([O-])c1ccc(S(=O)(=O)C(F)(F)C(F)(F)F)cc1,sulfonate,-1978.9554209,0.073396,0.144664,627.5832640000001,-0.10466,0.02728,15.7089,-1978.8820249,-1978.8107569,3.588768,Gaussian,QC,"opt+freq: b3lyp/6-311G** em=gd3bj
energy: M062X/6-311G+(2d, p) em=gd3"
2206,a-c25+a-b36,CCCCCCCCCc1ccc(S(=O)(=O)[O-])cc1,sulfonate,-1209.2617934,0.293614,0.368824,662.297912,-0.0771,0.09048,22.7287,-1208.9681794,-1208.8929694,4.558176,Gaussian,QC,"opt+freq: b3lyp/6-311G** em=gd3bj
energy: M062X/6-311G+(2d, p) em=gd3"
2207,a-c25+a-b37,O=S(=O)([O-])c1ccc(C(C(F)(F)F)C(F)(F)F)cc1,sulfonate,-1568.9492117,0.086852,0.154023,591.5004480000001,-0.08838,0.07645,16.8521,-1568.8623597,-1568.7951887,4.483376,Gaussian,QC,"opt+freq: b3lyp/6-311G** em=gd3bj
energy: M062X/6-311G+(2d, p) em=gd3"
2208,a-c26+a-b3,CC(F)(F)S(=O)(=O)c1nc(C#N)c(C#N)[n-]1,imide anion,-1235.8641835,0.057197,0.117629,532.167144,-0.12867,0.07433,9.011,-1235.8069865,-1235.7465545,5.5216,Gaussian,QC,"opt+freq: b3lyp/6-311G** em=gd3bj
energy: M062X/6-311G+(2d, p) em=gd3"
2209,a-c26+a-b5,N#Cc1nc(C(=O)C(F)(F)F)[n-]c1C#N,imide anion,-860.5527066,0.026465,0.080726,477.825352,-0.12146,0.04545,5.9703,-860.5262415999999,-860.4719805999999,4.539952,Gaussian,QC,"opt+freq: b3lyp/6-311G** em=gd3bj
energy: M062X/6-311G+(2d, p) em=gd3"
2210,a-c26+a-b7,N#Cc1nc(-c2ccccc2O)[n-]c1C#N,imide anion,-716.4143085,0.094262,0.149312,484.774976,-0.07933,0.08076,11.6002,-716.3200465,-716.2649964999999,4.354448000000001,Gaussian,QC,"opt+freq: b3lyp/6-311G** em=gd3bj
energy: M062X/6-311G+(2d, p) em=gd3"
2211,a-c26+a-b8,N#Cc1nc(C(=O)O)[n-]c1C#N,imide anion,-598.7462609,0.031496,0.078793,416.49628,-0.10612,0.08955,5.0991,-598.7147649000001,-598.6674679,5.322224,Gaussian,QC,"opt+freq: b3lyp/6-311G** em=gd3bj
energy: M062X/6-311G+(2d, p) em=gd3"
2212,a-c26+a-b17,N#Cc1nc(S(=O)(=O)C(F)(F)F)[n-]c1C#N,imide anion,-1295.8031109,0.023089,0.082477,522.962344,-0.13713,0.06725,6.4896,-1295.7800219,-1295.7206339,5.559136,Gaussian,QC,"opt+freq: b3lyp/6-311G** em=gd3bj
energy: M062X/6-311G+(2d, p) em=gd3"
2213,a-c26+a-b18,N#Cc1nc(C(F)(F)F)[n-]c1C#N,imide anion,-747.2327407,0.019048,0.069523,444.483056,-0.1093,0.088,5.6374,-747.2136927,-747.1632177,5.366559999999999,Gaussian,QC,"opt+freq: b3lyp/6-311G** em=gd3bj
energy: M062X/6-311G+(2d, p) em=gd3"
2214,a-c26+a-b19,N#Cc1nc(-c2ccccn2)[n-]c1C#N,imide anion,-657.2350712,0.080891,0.132541,454.834272,-0.08986,0.06882,10.1182,-657.1541802,-657.1025302,4.316096,Gaussian,QC,"opt+freq: b3lyp/6-311G** em=gd3bj
energy: M062X/6-311G+(2d, p) em=gd3"
2215,a-c26+a-b21,CC(=O)c1nc(C#N)c(C#N)[n-]1,imide anion,-562.8065718,0.051116,0.100885,438.261448,-0.10512,0.07843,4.5766,-562.7554558,-562.7056868000001,4.992559999999999,Gaussian,QC,"opt+freq: b3lyp/6-311G** em=gd3bj
energy: M062X/6-311G+(2d, p) em=gd3"
2216,a-c26+a-b23,N#Cc1nc(CC(F)(F)F)[n-]c1C#N,imide anion,-786.5435646,0.044808,0.098593,473.6288,-0.09551,0.09589,8.6506,-786.4987566,-786.4449715999999,5.20608,Gaussian,QC,"opt+freq: b3lyp/6-311G** em=gd3bj
energy: M062X/6-311G+(2d, p) em=gd3"
2217,a-c26+a-b26,N#Cc1nc(-c2ccccc2)[n-]c1C#N,imide anion,-641.1988136,0.092587,0.144288,455.277776,-0.0855,0.08093,9.4461,-641.1062266,-641.0545256,4.526896000000001,Gaussian,QC,"opt+freq: b3lyp/6-311G** em=gd3bj
energy: M062X/6-311G+(2d, p) em=gd3"
2218,a-c26+a-b28,N#Cc1nc(CC(=O)O)[n-]c1C#N,imide anion,-638.0514696,0.055556,0.107686,459.051744,-0.09021,0.09786,7.4732,-637.9959136,-637.9437836000001,5.115504,Gaussian,QC,"opt+freq: b3lyp/6-311G** em=gd3bj
energy: M062X/6-311G+(2d, p) em=gd3"
2219,a-c26+a-b33,N#Cc1nc(-c2cccnc2)[n-]c1C#N,imide anion,-657.2424016,0.081375,0.132914,453.846848,-0.09238,0.06868,8.2807,-657.1610266,-657.1094876,4.380832,Gaussian,QC,"opt+freq: b3lyp/6-311G** em=gd3bj
energy: M062X/6-311G+(2d, p) em=gd3"
2220,a-c26+a-b35,N#Cc1nc(S(=O)(=O)C(F)(F)C(F)(F)F)[n-]c1C#N,imide anion,-1533.5972904,0.030906,0.097111,582.99856,-0.13881,0.06565,9.4588,-1533.5663844,-1533.5001794,5.561311999999999,Gaussian,QC,"opt+freq: b3lyp/6-311G** em=gd3bj
energy: M062X/6-311G+(2d, p) em=gd3"
