id,Name,reactant_1,reactant_2,psmiles,SMILES,Energy_Hatree,es,reaction_type,Isotropic_Polarizability_au,HOMO_eV,LUMO_eV,Inner_energy_correction_Hatree,Thermal_correction_to_Enthalpy_Hatree,Thermal_correction_to_Gibbs_Free_Energy_Hatree,Entropy_Hatree,Dipole_Debye,Gibbs_Free_Energy_Hatree,Enthalpy_Hatree,HOMO_LUMO_Gap_eV,Software,Source,Theory_Level
1,OMG_polymer_189323,O=C(O)Cc1c2ccccc2c(CC(=O)O)c2ccccc12,Nc1ccc(Nc2ccc(N)cc2S(=O)(=O)O)cc1,*Nc1ccc(Nc2ccc(NC(=O)Cc3c4ccccc4c(CC(*)=O)c4ccccc34)cc2S(=O)(=O)O)cc1,Nc1ccc(Nc2ccc(NC(=O)Cc3c4ccccc4c(CC=O)c4ccccc34)cc2S(=O)(=O)O)cc1,0.0,0.952904,Polyamidation,0.0,0.0,0.0,0.53095992,0.00094421,0.436205,0.09569914,4.838042051,0.436205,0.53190413,0.0,ORCA,QC,"opt+freq: b3lyp/def2-TZVP em=gd3bj
energy: wB97M-V/ma-def2-TZVP"
2,OMG_polymer_169676,O=C(O)c1ccccc1C(=O)NC(C(=O)O)c1ccccc1,Nc1ccc(F)c(C(=O)O)c1N,*Nc1ccc(F)c(C(=O)O)c1NC(=O)c1ccccc1C(=O)NC(C(*)=O)c1ccccc1,Nc1ccc(F)c(C(=O)O)c1NC(=O)c1ccccc1C(=O)NC(C=O)c1ccccc1,-1527.685874461696,0.99591404,Polyamidation,293.10169,-8.2405,0.2541,0.405431,0.00094421,0.3239665,0.08240872,1.743608659,-1527.361907961696,-1527.279499251696,8.4946,ORCA,QC,"opt+freq: b3lyp/def2-TZVP em=gd3bj
energy: wB97M-V/ma-def2-TZVP"
3,OMG_polymer_105232,O=C(O)CC(CC(=O)O)c1ccncc1,NCC(N)C(=O)O,*NCC(NC(=O)CC(CC(*)=O)c1ccncc1)C(=O)O,NCC(NC(=O)CC(CC=O)c1ccncc1)C(=O)O,-970.840012995666,0.8917993,Polyamidation,181.5329,-9.882,0.119,0.31911731,0.00094421,0.25126876,0.06879276,1.596282295,-970.588744235666,-970.5199514756661,10.001,ORCA,QC,"opt+freq: b3lyp/def2-TZVP em=gd3bj
energy: wB97M-V/ma-def2-TZVP"
4,OMG_polymer_199732,COc1ccccc1C=NN(CC(=O)O)CC(=O)O,Nc1cc(Br)cc(C(=O)O)c1N,*Nc1cc(Br)cc(C(=O)O)c1NC(=O)CN(CC(*)=O)N=Cc1ccccc1OC,COc1ccccc1C=NN(CC=O)CC(=O)Nc1c(N)cc(Br)cc1C(=O)O,0.0,0.99114406,Polyamidation,0.0,0.0,0.0,0.0,0.0,0.0,0.0,0.0,0.0,0.0,0.0,ORCA,QC,"opt+freq: b3lyp/def2-TZVP em=gd3bj
energy: wB97M-V/ma-def2-TZVP"
5,OMG_polymer_175493,O=C(O)C1CCC(C(=O)O)N(Cc2ccccc2)C1,Nc1cc(C(=O)O)ccc1S(N)(=O)=O,*Nc1cc(C(=O)O)ccc1S(=O)(=O)NC(=O)C1CCC(C(*)=O)N(Cc2ccccc2)C1,Nc1cc(C(=O)O)ccc1S(=O)(=O)NC(=O)C1CCC(C=O)N(Cc2ccccc2)C1,-1827.977290479173,0.9984452,Polyamidation,301.61583,-8.8482,-0.2344,0.45512169,0.00094421,0.37202991,0.08403599,4.909436123,-1827.605260569173,-1827.521224579173,8.6138,ORCA,QC,"opt+freq: b3lyp/def2-TZVP em=gd3bj
energy: wB97M-V/ma-def2-TZVP"
6,OMG_polymer_187388,O=C(O)CCN(CCC(=O)O)c1ccccc1,CCc1c(N)cc(C(=O)O)cc1N,*Nc1cc(C(=O)O)cc(NC(=O)CCN(CCC(*)=O)c2ccccc2)c1CC,CCc1c(N)cc(C(=O)O)cc1NC(=O)CCN(CCC=O)c1ccccc1,-1280.500586400085,0.9994735,Polyamidation,292.59032,-8.0035,0.0994,0.46389332,0.00094421,0.38064653,0.084191,6.016186403,-1280.119939870085,-1280.035748870085,8.1029,ORCA,QC,"opt+freq: b3lyp/def2-TZVP em=gd3bj
energy: wB97M-V/ma-def2-TZVP"
7,OMG_polymer_45027,O=C(O)CCCCCCCSc1ccccc1C(=O)O,Nc1ccc2cc(S(=O)(=O)O)ccc2c1N,*Nc1ccc2cc(S(=O)(=O)O)ccc2c1NC(=O)CCCCCCCSc1ccccc1C(*)=O,Nc1ccc2cc(S(=O)(=O)O)ccc2c1NC(=O)CCCCCCCSc1ccccc1C=O,-2251.591263579715,0.9713746,Polyamidation,374.02025,-8.2715,-0.1639,0.53008475,0.00094421,0.43684529,0.09418366,8.664061321,-2251.154418289715,-2251.060234619715,8.1076,ORCA,QC,"opt+freq: b3lyp/def2-TZVP em=gd3bj
energy: wB97M-V/ma-def2-TZVP"
8,OMG_polymer_133170,COCC(=O)N(CC(=O)O)CC(=O)O,Nc1cc(C(=O)O)cc(N)c1Cl,*Nc1cc(C(=O)O)cc(NC(=O)CN(CC(*)=O)C(=O)COC)c1Cl,COCC(=O)N(CC=O)CC(=O)Nc1cc(C(=O)O)cc(N)c1Cl,-1619.03690201161,0.9994461,Polyamidation,228.76321,-8.5663,0.1436,0.32750625,0.00094421,0.25088671,0.07756374,7.695874228,-1618.78601530161,-1618.70845155161,8.7099,ORCA,QC,"opt+freq: b3lyp/def2-TZVP em=gd3bj
energy: wB97M-V/ma-def2-TZVP"
9,OMG_polymer_150893,O=C(O)CSc1cc(C(F)(F)F)cc(SCC(=O)O)n1,Nc1c(Br)ccc(CC(=O)O)c1N,*Nc1c(Br)ccc(CC(=O)O)c1NC(=O)CSc1cc(C(F)(F)F)cc(SCC(*)=O)n1,Nc1c(Br)ccc(CC(=O)O)c1NC(=O)CSc1cc(C(F)(F)F)cc(SCC=O)n1,-4830.236365094907,0.96395,Polyamidation,318.6765,-8.4042,0.0561,0.34864662,0.00094421,0.26004423,0.0895466,3.714907834,-4829.976320864907,-4829.886774264907,8.4603,ORCA,QC,"opt+freq: b3lyp/def2-TZVP em=gd3bj
energy: wB97M-V/ma-def2-TZVP"
10,OMG_polymer_105469,Cn1nc(C(=O)O)c(C(=O)O)n1,Nc1ccc(F)c(C(=O)O)c1N,*Nc1ccc(F)c(C(=O)O)c1NC(=O)c1nn(C)nc1C(*)=O,Cn1nc(C=O)c(C(=O)Nc2c(N)ccc(F)c2C(=O)O)n1,-1137.924142996076,0.99653685,Polyamidation,199.74114,-8.3931,-0.178,0.9889683399999999,0.00094421,0.18254683,0.06516014,4.178268412,-1137.741596166076,-1136.934230446076,8.2151,ORCA,QC,"opt+freq: b3lyp/def2-TZVP em=gd3bj
energy: wB97M-V/ma-def2-TZVP"
11,OMG_polymer_78837,NC(=S)c1cc(C(=O)O)cc(C(=O)O)c1,Nc1c(F)ccc(C(=O)O)c1N,*Nc1c(F)ccc(C(=O)O)c1NC(=O)c1cc(C(*)=O)cc(C(N)=S)c1,NC(=S)c1cc(C=O)cc(C(=O)Nc2c(C(=O)O)ccc(F)c2N)c1,-1580.263407315644,0.9862445,Polyamidation,258.13679,-8.7199,-0.6151,0.28794877,0.00094421,0.21511572,0.07377726,6.10242085,-1580.048291595644,-1579.974514335644,8.104800000000001,ORCA,QC,"opt+freq: b3lyp/def2-TZVP em=gd3bj
energy: wB97M-V/ma-def2-TZVP"
12,OMG_polymer_13378,O=C(NC(CSSCC(NC(=O)c1ccccc1)C(=O)O)C(=O)O)c1ccccc1,Nc1cc(N)c(Br)c(C(=O)O)c1,*Nc1cc(NC(=O)C(CSSCC(NC(=O)c2ccccc2)C(*)=O)NC(=O)c2ccccc2)c(Br)c(C(=O)O)c1,Nc1cc(NC(=O)C(CSSCC(C=O)NC(=O)c2ccccc2)NC(=O)c2ccccc2)c(Br)c(C(=O)O)c1,-5084.866028105346,0.6531269,Polyamidation,426.68781,-8.5478,-0.0033,0.52966645,0.00094421,0.42500349,0.10560718,8.778881684,-5084.441024615347,-5084.335417445346,8.544500000000001,ORCA,QC,"opt+freq: b3lyp/def2-TZVP em=gd3bj
energy: wB97M-V/ma-def2-TZVP"
13,OMG_polymer_196883,O=C(O)CC(NC(=O)c1ccccc1Cl)C(=O)O,COc1cc(N)c(N)cc1C(=O)O,*Nc1cc(OC)c(C(=O)O)cc1NC(=O)CC(NC(=O)c1ccccc1Cl)C(*)=O,COc1cc(N)c(NC(=O)CC(C=O)NC(=O)c2ccccc2Cl)cc1C(=O)O,-1810.796814315126,0.999049,Polyamidation,291.25686,-8.5255,-0.0331,0.38393282,0.00094421,0.3011457,0.08373133,7.432431129,-1810.495668615126,-1810.411937285126,8.4924,ORCA,QC,"opt+freq: b3lyp/def2-TZVP em=gd3bj
energy: wB97M-V/ma-def2-TZVP"
14,OMG_polymer_32346,O=C(O)c1ccccc1NN=Cc1ccc(C=NNc2ccccc2C(=O)O)cc1,NCC(N)C(=O)O,*NCC(NC(=O)c1ccccc1NN=Cc1ccc(C=NNc2ccccc2C(*)=O)cc1)C(=O)O,NCC(NC(=O)c1ccccc1NN=Cc1ccc(C=NNc2ccccc2C=O)cc1)C(=O)O,-1596.54879377379,0.8092383,Polyamidation,384.10162,-8.1175,-0.351,0.49632773,0.00094421,0.40561728,0.09165466,5.140619861,-1596.14317649379,-1596.05152183379,7.7665,ORCA,QC,"opt+freq: b3lyp/def2-TZVP em=gd3bj
energy: wB97M-V/ma-def2-TZVP"
15,OMG_polymer_161097,O=C(Nc1cccc(C(=O)O)c1C(=O)O)c1ccccc1Br,Nc1cc(Cl)c(S(N)(=O)=O)cc1C(=O)O,*Nc1cc(Cl)c(S(=O)(=O)NC(=O)c2cccc(NC(=O)c3ccccc3Br)c2C(*)=O)cc1C(=O)O,Nc1cc(Cl)c(S(=O)(=O)NC(=O)c2cccc(NC(=O)c3ccccc3Br)c2C=O)cc1C(=O)O,-4970.786132709385,0.9869795,Polyamidation,371.45132,-9.1135,-0.5899,0.37957258,0.00094421,0.28761204,0.09290476,5.317641662,-4970.498520669385,-4970.405615919385,8.5236,ORCA,QC,"opt+freq: b3lyp/def2-TZVP em=gd3bj
energy: wB97M-V/ma-def2-TZVP"
16,OMG_polymer_80393,Cc1ccoc1C(CC(=O)O)CC(=O)O,Nc1ccc(C(=O)O)cc1N,*Nc1ccc(C(=O)O)cc1NC(=O)CC(CC(*)=O)c1occc1C,Cc1ccoc1C(CC=O)CC(=O)Nc1cc(C(=O)O)ccc1N,-1144.362107309031,0.99738365,Polyamidation,231.63016,-8.3274,0.2425,1.0635302,0.00094421,0.28318665,0.07162748,2.636475367,-1144.078920659031,-1143.297632899031,8.5699,ORCA,QC,"opt+freq: b3lyp/def2-TZVP em=gd3bj
energy: wB97M-V/ma-def2-TZVP"
17,OMG_polymer_78443,O=C(O)c1[nH]c(=O)[nH]c1C(=O)O,Nc1c(C(=O)O)cc(Cl)c(F)c1N,*Nc1c(C(=O)O)cc(Cl)c(F)c1NC(=O)c1[nH]c(=O)[nH]c1C(*)=O,Nc1c(C(=O)O)cc(Cl)c(F)c1NC(=O)c1[nH]c(=O)[nH]c1C=O,-1617.462912008583,0.9841851,Polyamidation,214.92728,-8.9062,-0.7256,0.22771222,0.00094421,0.15903184,0.06962459,4.695491318,-1617.303880168583,-1617.234255578583,8.1806,ORCA,QC,"opt+freq: b3lyp/def2-TZVP em=gd3bj
energy: wB97M-V/ma-def2-TZVP"
18,OMG_polymer_108751,CC(Cl)C(=O)c1c(C(=O)O)cccc1C(=O)O,Nc1ccc(N)c(C(=O)O)c1,*Nc1ccc(NC(=O)c2cccc(C(*)=O)c2C(=O)C(C)Cl)c(C(=O)O)c1,CC(Cl)C(=O)c1c(C=O)cccc1C(=O)Nc1ccc(N)cc1C(=O)O,-1640.890036399274,0.9973477,Polyamidation,270.02756,-8.1436,-0.3895,0.32996512,0.00094421,0.25450187,0.07640746,7.777126602,-1640.635534529274,-1640.559127069274,7.754099999999999,ORCA,QC,"opt+freq: b3lyp/def2-TZVP em=gd3bj
energy: wB97M-V/ma-def2-TZVP"
19,OMG_polymer_193281,O=C(O)c1cccc(CSCc2cccc(C(=O)O)c2)c1,N#Cc1cc(N)c(C(=O)O)cc1N,*Nc1cc(C#N)c(NC(=O)c2cccc(CSCc3cccc(C(*)=O)c3)c2)cc1C(=O)O,N#Cc1cc(N)c(C(=O)O)cc1NC(=O)c1cccc(CSCc2cccc(C=O)c2)c1,-1789.460419078834,0.9948454,Polyamidation,333.08221,-8.1263,-0.5186,0.41538287,0.00094421,0.33171882,0.08460826,1.660603228,-1789.128700258834,-1789.044091998834,7.6077,ORCA,QC,"opt+freq: b3lyp/def2-TZVP em=gd3bj
energy: wB97M-V/ma-def2-TZVP"
20,OMG_polymer_43305,CC(C)(C)CC(=O)NN(CC(=O)O)CC(=O)O,Nc1cc(C(=O)O)cc(N)c1C(F)(F)F,*Nc1cc(C(=O)O)cc(NC(=O)CN(CC(*)=O)NC(=O)CC(C)(C)C)c1C(F)(F)F,CC(C)(C)CC(=O)NN(CC=O)CC(=O)Nc1cc(C(=O)O)cc(N)c1C(F)(F)F,-1594.594565678724,0.99603146,Polyamidation,265.43923,-8.7661,-0.2027,0.44399062,0.00094421,0.355534,0.08940084,6.88143599,-1594.239031678724,-1594.149630848724,8.5634,ORCA,QC,"opt+freq: b3lyp/def2-TZVP em=gd3bj
energy: wB97M-V/ma-def2-TZVP"
21,OMG_polymer_144892,O=C(O)c1cc(C(=O)O)cc(S(=O)(=O)Cl)c1,Nc1cc(F)cc(C(=O)O)c1N,*Nc1cc(F)cc(C(=O)O)c1NC(=O)c1cc(C(*)=O)cc(S(=O)(=O)Cl)c1,Nc1cc(F)cc(C(=O)O)c1NC(=O)c1cc(C=O)cc(S(=O)(=O)Cl)c1,-2096.860415296564,0.998242,Polyamidation,257.46428,-8.6309,-0.909,0.26611564,0.00094421,0.19210042,0.07495943,3.336686366,-2096.668314876564,-2096.593355446564,7.721900000000001,ORCA,QC,"opt+freq: b3lyp/def2-TZVP em=gd3bj
energy: wB97M-V/ma-def2-TZVP"
22,OMG_polymer_139786,O=C(O)CCC(NC(=O)Cc1ccccc1)C(=O)O,Nc1ccnc(N)c1C(=O)O,*Nc1ccnc(NC(=O)CCC(NC(=O)Cc2ccccc2)C(*)=O)c1C(=O)O,Nc1ccnc(NC(=O)CCC(C=O)NC(=O)Cc2ccccc2)c1C(=O)O,-1331.337287923177,0.99731654,Polyamidation,273.76352,-8.8272,0.1167,0.80686578,0.00094421,0.32306032,0.08082376,5.919366801,-1331.014227603177,-1330.529477933177,8.9439,ORCA,QC,"opt+freq: b3lyp/def2-TZVP em=gd3bj
energy: wB97M-V/ma-def2-TZVP"
23,OMG_polymer_157672,O=C(O)CNc1ncccc1C(=O)O,Nc1c(Br)ccc(C(=O)O)c1N,*Nc1c(Br)ccc(C(=O)O)c1NC(=O)CNc1ncccc1C(*)=O,Nc1c(Br)ccc(C(=O)O)c1NC(=O)CNc1ncccc1C=O,-3673.472516650425,0.9990508,Polyamidation,247.49851,-8.4623,-0.5367,0.2950552,0.00094421,0.22397003,0.07202939,2.976313275,-3673.248546620425,-3673.176517240425,7.925600000000001,ORCA,QC,"opt+freq: b3lyp/def2-TZVP em=gd3bj
energy: wB97M-V/ma-def2-TZVP"
24,OMG_polymer_108345,O=C(O)c1cccc(C(=O)O)c1C(=O)CCBr,Cc1c(N)ccc(N)c1C(=O)O,*Nc1ccc(NC(=O)c2cccc(C(*)=O)c2C(=O)CCBr)c(C(=O)O)c1C,Cc1c(N)ccc(NC(=O)c2cccc(C=O)c2C(=O)CCBr)c1C(=O)O,-3794.015132202961,0.99603146,Polyamidation,283.80156,-8.0554,-0.4145,0.35913442,0.00094421,0.28119036,0.07888827,4.467543616,-3793.733941842961,-3793.655053572961,7.6409,ORCA,QC,"opt+freq: b3lyp/def2-TZVP em=gd3bj
energy: wB97M-V/ma-def2-TZVP"
25,OMG_polymer_11586,CC(C)(C)CC(CC(=O)O)CC(=O)O,Nc1cc(Cl)c(C(=O)O)cc1N,*Nc1cc(Cl)c(C(=O)O)cc1NC(=O)CC(CC(*)=O)CC(C)(C)C,CC(C)(C)CC(CC=O)CC(=O)Nc1cc(C(=O)O)c(Cl)cc1N,0.0,0.9989034,Polyamidation,0.0,0.0,0.0,0.0,0.0,0.0,0.0,0.0,0.0,0.0,0.0,ORCA,QC,"opt+freq: b3lyp/def2-TZVP em=gd3bj
energy: wB97M-V/ma-def2-TZVP"
26,OMG_polymer_40591,O=C(O)c1cc(NC(=O)c2ccccc2C(=O)O)ccc1Cl,Nc1c(Cl)ccc(C(=O)O)c1N,*Nc1c(Cl)ccc(C(=O)O)c1NC(=O)c1cc(NC(=O)c2ccccc2C(*)=O)ccc1Cl,Nc1c(Cl)ccc(C(=O)O)c1NC(=O)c1cc(NC(=O)c2ccccc2C=O)ccc1Cl,-2308.304609319391,0.99889696,Polyamidation,342.85668,-8.3735,-0.3458,0.36642371,0.00094421,0.28179616,0.08557176,8.162666317,-2308.022813159391,-2307.937241399391,8.0277,ORCA,QC,"opt+freq: b3lyp/def2-TZVP em=gd3bj
energy: wB97M-V/ma-def2-TZVP"
27,OMG_polymer_167787,O=C(O)CN(CC(=O)O)C(=O)c1cccc(F)c1,N#Cc1c(N)cc(C(=O)O)cc1N,*Nc1cc(C(=O)O)cc(NC(=O)CN(CC(*)=O)C(=O)c2cccc(F)c2)c1C#N,N#Cc1c(N)cc(C(=O)O)cc1NC(=O)CN(CC=O)C(=O)c1cccc(F)c1,-1428.194346404819,0.9992372,Polyamidation,270.50292,-8.7885,-0.4671,0.34948774,0.00094421,0.26955904,0.08087291,0.990300919,-1427.924787364819,-1427.843914454819,8.3214,ORCA,QC,"opt+freq: b3lyp/def2-TZVP em=gd3bj
energy: wB97M-V/ma-def2-TZVP"
28,OMG_polymer_6702,O=C(O)CC1(C(=O)O)CCOCC1,Nc1ccc(C(=O)O)c(N)c1F,*Nc1ccc(C(=O)O)c(NC(=O)CC2(C(*)=O)CCOCC2)c1F,Nc1ccc(C(=O)O)c(NC(=O)CC2(C=O)CCOCC2)c1F,-1167.41968654752,0.9982692,Polyamidation,212.68228,-8.7374,0.1818,0.33621325,0.00094421,0.26736552,0.06979194,4.813217547,-1167.15232102752,-1167.08252908752,8.9192,ORCA,QC,"opt+freq: b3lyp/def2-TZVP em=gd3bj
energy: wB97M-V/ma-def2-TZVP"
29,OMG_polymer_92613,O=C(O)CCC(=O)Nc1cccc2c(NC(=O)CCC(=O)O)cccc12,Cc1ccc(N)c(C(=O)O)c1N,*Nc1ccc(C)c(NC(=O)CCC(=O)Nc2cccc3c(NC(=O)CCC(*)=O)cccc23)c1C(=O)O,Cc1ccc(N)c(C(=O)O)c1NC(=O)CCC(=O)Nc1cccc2c(NC(=O)CCC=O)cccc12,-1676.958572226844,0.9756467,Polyamidation,381.37072,-7.8266,0.2536,0.52501552,0.00094421,0.4273232,0.09863653,2.104093261,-1676.531249026844,-1676.432612496844,8.0802,ORCA,QC,"opt+freq: b3lyp/def2-TZVP em=gd3bj
energy: wB97M-V/ma-def2-TZVP"
30,OMG_polymer_8839,O=C(O)C1CCC(C(=O)O)S1,N#Cc1ccc(C(=O)O)c(N)c1N,*Nc1c(C(=O)O)ccc(C#N)c1NC(=O)C1CCC(C(*)=O)S1,N#Cc1ccc(C(=O)O)c(N)c1NC(=O)C1CCC(C=O)S1,-1404.756836067864,0.81334037,Polyamidation,210.92976,-9.0137,-0.7226,0.28137347,0.00094421,0.21409045,0.06822723,7.229670585,-1404.542745617864,-1404.474518387864,8.2911,ORCA,QC,"opt+freq: b3lyp/def2-TZVP em=gd3bj
energy: wB97M-V/ma-def2-TZVP"
31,OMG_polymer_131769,O=C(O)CN(CC(=O)O)N=Cc1ccccc1OCc1ccccc1,Nc1cccc2c(S(=O)(=O)O)ccc(N)c12,*Nc1cccc2c(S(=O)(=O)O)ccc(NC(=O)CN(CC(*)=O)N=Cc3ccccc3OCc3ccccc3)c12,Nc1cccc2c(S(=O)(=O)O)ccc(NC(=O)CN(CC=O)N=Cc3ccccc3OCc3ccccc3)c12,0.0,0.96565753,Polyamidation,0.0,0.0,0.0,0.54012566,0.00094421,0.44435127,0.0967186,10.138406877,0.44435127,0.54106987,0.0,ORCA,QC,"opt+freq: b3lyp/def2-TZVP em=gd3bj
energy: wB97M-V/ma-def2-TZVP"
32,OMG_polymer_168200,N#CCCCC(=O)N(CC(=O)O)CC(=O)O,COc1c(N)cc(C(=O)O)cc1N,*Nc1cc(C(=O)O)cc(NC(=O)CN(CC(*)=O)C(=O)CCCC#N)c1OC,COc1c(N)cc(C(=O)O)cc1NC(=O)CN(CC=O)C(=O)CCCC#N,-1330.32172891437,0.99916553,Polyamidation,250.92928,-8.5481,0.0328,0.39616926,0.00094421,0.31431828,0.0827952,7.982661019,-1330.00741063437,-1329.92461544437,8.5809,ORCA,QC,"opt+freq: b3lyp/def2-TZVP em=gd3bj
energy: wB97M-V/ma-def2-TZVP"
33,OMG_polymer_59281,O=C(O)Cc1ccc(COCc2ccc(CC(=O)O)cc2)cc1,Nc1cc(N)c(C(=O)O)cc1F,*Nc1cc(NC(=O)Cc2ccc(COCc3ccc(CC(*)=O)cc3)cc2)c(C(=O)O)cc1F,Nc1cc(NC(=O)Cc2ccc(COCc3ccc(CC=O)cc3)cc2)c(C(=O)O)cc1F,-1552.098278896668,0.9980122,Polyamidation,334.78348,-8.4009,0.2552,1.8721025,0.00094421,0.3804377,0.08897308,2.924627964,-1551.717841196668,-1550.225232186668,8.6561,ORCA,QC,"opt+freq: b3lyp/def2-TZVP em=gd3bj
energy: wB97M-V/ma-def2-TZVP"
34,OMG_polymer_27142,CN(CC(=O)O)c1ccccc1C(=O)O,N#Cc1cc(N)c(C(=O)O)cc1N,*Nc1cc(C#N)c(NC(=O)CN(C)c2ccccc2C(*)=O)cc1C(=O)O,CN(CC(=O)Nc1cc(C(=O)O)c(N)cc1C#N)c1ccccc1C=O,-1215.552125483255,0.9991912,Polyamidation,257.45528,-8.2729,-0.5275,0.34498138,0.00094421,0.27021387,0.07571172,5.258563581,-1215.281911613255,-1215.206199893255,7.7454,ORCA,QC,"opt+freq: b3lyp/def2-TZVP em=gd3bj
energy: wB97M-V/ma-def2-TZVP"
35,OMG_polymer_46664,O=C(O)C(=O)CSc1ccc(C(=O)O)cc1,Nc1ccc(C(=O)O)c(S(N)(=O)=O)c1,*Nc1ccc(C(=O)O)c(S(=O)(=O)NC(=O)C(=O)CSc2ccc(C(*)=O)cc2)c1,Nc1ccc(C(=O)O)c(S(=O)(=O)NC(=O)C(=O)CSc2ccc(C=O)cc2)c1,-2088.794686976293,0.997851,Polyamidation,276.48166,-8.9172,-0.1463,0.32367264,0.00094421,0.24229638,0.08232047,5.411825477,-2088.552390596293,-2088.470070126293,8.7709,ORCA,QC,"opt+freq: b3lyp/def2-TZVP em=gd3bj
energy: wB97M-V/ma-def2-TZVP"
36,OMG_polymer_17814,O=C(O)c1cc(Cl)c(Cl)cc1C(=O)O,Nc1ccc(C(=O)O)cc1S(N)(=O)=O,*Nc1ccc(C(=O)O)cc1S(=O)(=O)NC(=O)c1cc(Cl)c(Cl)cc1C(*)=O,Nc1ccc(C(=O)O)cc1S(=O)(=O)NC(=O)c1cc(Cl)c(Cl)cc1C=O,-2457.183825464651,0.9993575,Polyamidation,259.12406,-9.2692,-0.7632,0.2643761,0.00094421,0.1888867,0.0764336,7.739743902,-2456.994938764651,-2456.918505154651,8.506,ORCA,QC,"opt+freq: b3lyp/def2-TZVP em=gd3bj
energy: wB97M-V/ma-def2-TZVP"
37,OMG_polymer_129398,CCC(CC(=O)O)CC(=O)O,Cc1ccc(N)c(N)c1C(=O)O,*Nc1ccc(C)c(C(=O)O)c1NC(=O)CC(CC)CC(*)=O,CCC(CC=O)CC(=O)Nc1c(N)ccc(C)c1C(=O)O,-994.110538424836,0.99415165,Polyamidation,206.74569,-8.2882,0.2531,0.3588913,0.00094421,0.28874046,0.07109506,2.597656311,-993.821797964836,-993.7507029148361,8.5413,ORCA,QC,"opt+freq: b3lyp/def2-TZVP em=gd3bj
energy: wB97M-V/ma-def2-TZVP"
38,OMG_polymer_70342,O=C(O)c1cnc(C(=O)O)cn1,Nc1cc(F)c(S(N)(=O)=O)cc1C(=O)O,*Nc1cc(F)c(S(=O)(=O)NC(=O)c2cnc(C(*)=O)cn2)cc1C(=O)O,Nc1cc(F)c(S(=O)(=O)NC(=O)c2cnc(C=O)cn2)cc1C(=O)O,-1669.353863338492,0.9992606,Polyamidation,227.51459,-9.0831,-1.2975,0.24943929,0.00094421,0.17806032,0.07232318,5.165117408,-1669.175803018492,-1669.103479838492,7.7856,ORCA,QC,"opt+freq: b3lyp/def2-TZVP em=gd3bj
energy: wB97M-V/ma-def2-TZVP"
39,OMG_polymer_34746,O=C(O)c1cc(Cl)cc(C(=O)O)c1,N#Cc1ccc(N)c(N)c1C(=O)O,*Nc1ccc(C#N)c(C(=O)O)c1NC(=O)c1cc(Cl)cc(C(*)=O)c1,N#Cc1ccc(N)c(NC(=O)c2cc(Cl)cc(C=O)c2)c1C(=O)O,-1541.193703589103,0.9937405,Polyamidation,245.10206,-8.7485,-0.7714,0.25942536,0.00094421,0.19048872,0.06988084,7.154082336,-1541.003214869103,-1540.933334019103,7.9771,ORCA,QC,"opt+freq: b3lyp/def2-TZVP em=gd3bj
energy: wB97M-V/ma-def2-TZVP"
40,OMG_polymer_156759,O=C(O)CC(Br)C(=O)O,Nc1nc(N)c(C(=O)O)nc1Br,*Nc1nc(NC(=O)CC(Br)C(*)=O)c(C(=O)O)nc1Br,Nc1nc(NC(=O)CC(Br)C=O)c(C(=O)O)nc1Br,-6015.832385215617,0.99240065,Polyamidation,206.78996,-8.9529,-0.1751,0.19945035,0.00094421,0.13171434,0.06868022,2.885937688,-6015.700670875617,-6015.631990655617,8.7778,ORCA,QC,"opt+freq: b3lyp/def2-TZVP em=gd3bj
energy: wB97M-V/ma-def2-TZVP"
41,OMG_polymer_161853,O=C(O)c1cc(OCc2ccncc2)cc(C(=O)O)c1,Nc1ccc(S(=O)(=O)O)c(N)c1,*Nc1ccc(S(=O)(=O)O)c(NC(=O)c2cc(OCc3ccncc3)cc(C(*)=O)c2)c1,Nc1ccc(S(=O)(=O)O)c(NC(=O)c2cc(C=O)cc(OCc3ccncc3)c2)c1,-1786.263360022252,0.9987356,Polyamidation,303.57352,-8.8349,-0.3528,1.50876572,0.00094421,0.29728112,0.08060559,6.002772574,-1785.966078902252,-1784.753650092252,8.482099999999999,ORCA,QC,"opt+freq: b3lyp/def2-TZVP em=gd3bj
energy: wB97M-V/ma-def2-TZVP"
42,OMG_polymer_68424,Cc1sc(C)c(C(=O)O)c1C(=O)O,Cc1cc(N)c(N)c(C(=O)O)c1,*Nc1cc(C)cc(C(=O)O)c1NC(=O)c1c(C)sc(C)c1C(*)=O,Cc1cc(N)c(NC(=O)c2c(C)sc(C)c2C=O)c(C(=O)O)c1,-1428.029889379544,0.99731135,Polyamidation,248.36469,-8.1556,0.0814,1.28557679,0.00094421,0.2504356,0.0714305,2.88808343,-1427.779453779544,-1426.743368379544,8.237,ORCA,QC,"opt+freq: b3lyp/def2-TZVP em=gd3bj
energy: wB97M-V/ma-def2-TZVP"
43,OMG_polymer_132879,COC(=O)CCC(=O)NC(CC(=O)O)C(=O)O,Cc1cc(N)c(C(=O)O)c(N)c1,*Nc1cc(C)cc(NC(=O)CC(NC(=O)CCC(=O)OC)C(*)=O)c1C(=O)O,COC(=O)CCC(=O)NC(C=O)CC(=O)Nc1cc(C)cc(N)c1C(=O)O,-1351.468945644015,0.99793327,Polyamidation,248.87923,-8.3555,0.0581,0.40793505,0.00094421,0.32750326,0.08137601,9.778132414,-1351.141442384015,-1351.060066384015,8.413599999999999,ORCA,QC,"opt+freq: b3lyp/def2-TZVP em=gd3bj
energy: wB97M-V/ma-def2-TZVP"
44,OMG_polymer_194496,CN(CC(=O)O)C(=O)c1ccccc1C(=O)O,Nc1ccccc1CC(N)C(=O)O,*Nc1ccccc1CC(NC(=O)CN(C)C(=O)c1ccccc1C(*)=O)C(=O)O,CN(CC(=O)NC(Cc1ccccc1N)C(=O)O)C(=O)c1ccccc1C=O,-1315.26407666463,0.9991912,Polyamidation,271.10576,-8.3084,-0.3133,0.4169676,0.00094421,0.33689637,0.08101544,3.692124929,-1314.92718029463,-1314.84616485463,7.995100000000001,ORCA,QC,"opt+freq: b3lyp/def2-TZVP em=gd3bj
energy: wB97M-V/ma-def2-TZVP"
45,OMG_polymer_61609,Cc1cccc(CC(C)(C(=O)O)C(=O)O)c1,Nc1cc(S(=O)(=O)O)c(N)cc1S(=O)(=O)O,*Nc1cc(S(=O)(=O)O)c(NC(=O)C(C)(Cc2cccc(C)c2)C(*)=O)cc1S(=O)(=O)O,Cc1cccc(CC(C)(C=O)C(=O)Nc2cc(S(=O)(=O)O)c(N)cc2S(=O)(=O)O)c1,0.0,0.94102055,Polyamidation,0.0,0.0,0.0,0.8107747600000001,0.00094421,0.3219672,0.08389645,4.486497228,0.3219672,0.8117189700000002,0.0,ORCA,QC,"opt+freq: b3lyp/def2-TZVP em=gd3bj
energy: wB97M-V/ma-def2-TZVP"
46,OMG_polymer_49187,O=C(O)c1ccc(CSc2ccccc2C(=O)O)cc1,Nc1cc(Cl)c(N)c(C(=O)O)c1,*Nc1cc(Cl)c(NC(=O)c2ccc(CSc3ccccc3C(*)=O)cc2)c(C(=O)O)c1,Nc1cc(Cl)c(NC(=O)c2ccc(CSc3ccccc3C=O)cc2)c(C(=O)O)c1,-2117.474090433738,0.99918,Polyamidation,322.46495,-8.3945,-0.1116,0.37678923,0.00094421,0.29608182,0.08165161,6.173185723,-2117.178008613738,-2117.096356993738,8.282900000000001,ORCA,QC,"opt+freq: b3lyp/def2-TZVP em=gd3bj
energy: wB97M-V/ma-def2-TZVP"
47,OMG_polymer_16923,O=C(O)c1ccc(-c2ccc(C(=O)O)cc2)cc1,Nc1ccc(C(=O)O)cc1S(N)(=O)=O,*Nc1ccc(C(=O)O)cc1S(=O)(=O)NC(=O)c1ccc(-c2ccc(C(*)=O)cc2)cc1,Nc1ccc(C(=O)O)cc1S(=O)(=O)NC(=O)c1ccc(-c2ccc(C=O)cc2)cc1,-1769.04674492932,0.99959,Polyamidation,318.01059,-8.948,-0.7025,0.36649384,0.00094421,0.28671698,0.08072107,3.639551723,-1768.76002794932,-1768.67930687932,8.2455,ORCA,QC,"opt+freq: b3lyp/def2-TZVP em=gd3bj
energy: wB97M-V/ma-def2-TZVP"
48,OMG_polymer_201128,Cc1cccc(C=NN(CC(=O)O)CC(=O)O)c1,Nc1cc(Br)cc(C(=O)O)c1N,*Nc1cc(Br)cc(C(=O)O)c1NC(=O)CN(CC(*)=O)N=Cc1cccc(C)c1,Cc1cccc(C=NN(CC=O)CC(=O)Nc2c(N)cc(Br)cc2C(=O)O)c1,-3829.429883908173,0.98535615,Polyamidation,296.99184,-8.417,0.1551,0.38870979,0.00094421,0.30708772,0.08256627,4.896540324,-3829.122796188173,-3829.040229908173,8.572099999999999,ORCA,QC,"opt+freq: b3lyp/def2-TZVP em=gd3bj
energy: wB97M-V/ma-def2-TZVP"
49,OMG_polymer_137711,O=C(O)CN(CC(=O)O)c1ccc(Cl)cc1,Nc1cc(Br)c(N)c(C(=O)O)c1,*Nc1cc(Br)c(NC(=O)CN(CC(*)=O)c2ccc(Cl)cc2)c(C(=O)O)c1,Nc1cc(Br)c(NC(=O)CN(CC=O)c2ccc(Cl)cc2)c(C(=O)O)c1,-4156.295854032447,0.99971706,Polyamidation,276.01313,-8.0206,-0.1334,0.32719122,0.00094421,0.24961436,0.07852107,6.368023679,-4156.046239672447,-4155.967718602447,7.8872,ORCA,QC,"opt+freq: b3lyp/def2-TZVP em=gd3bj
energy: wB97M-V/ma-def2-TZVP"
50,OMG_polymer_34363,O=C(O)CC(C(=O)O)c1ccc(Cl)cc1Br,N#Cc1cc(N)c(C(=O)O)c(N)c1,*Nc1cc(C#N)cc(NC(=O)CC(C(*)=O)c2ccc(Cl)cc2Br)c1C(=O)O,N#Cc1cc(N)c(C(=O)O)c(NC(=O)CC(C=O)c2ccc(Cl)cc2Br)c1,-4193.229351443383,0.99825555,Polyamidation,267.94853,-8.9106,-0.7227,0.31014449,0.00094421,0.23357674,0.07751196,5.607574947,-4192.995774703383,-4192.918262743383,8.1879,ORCA,QC,"opt+freq: b3lyp/def2-TZVP em=gd3bj
energy: wB97M-V/ma-def2-TZVP"
51,OMG_polymer_38001,CCC(C(=O)O)C(CC)C(=O)O,Nc1cccc(CC(=O)O)c1N,*Nc1cccc(CC(=O)O)c1NC(=O)C(CC)C(CC)C(*)=O,CCC(C=O)C(CC)C(=O)Nc1c(N)cccc1CC(=O)O,-1033.416207922101,0.99174845,Polyamidation,215.05406,-8.3706,0.1572,0.38906853,0.00094421,0.31654511,0.07346764,3.967712074,-1033.099662812101,-1033.026195182101,8.5278,ORCA,QC,"opt+freq: b3lyp/def2-TZVP em=gd3bj
energy: wB97M-V/ma-def2-TZVP"
52,OMG_polymer_48909,O=C(O)c1cc(C(=O)O)cc(-n2cncn2)c1,COc1cc(N)c(C(=O)O)cc1N,*Nc1cc(OC)c(NC(=O)c2cc(C(*)=O)cc(-n3cncn3)c2)cc1C(=O)O,COc1cc(N)c(C(=O)O)cc1NC(=O)c1cc(C=O)cc(-n2cncn2)c1,-1344.964892693677,0.9964412,Polyamidation,287.64975,-7.9184,-0.4954,0.34595923,0.00094421,0.26903474,0.0778687,7.336969371,-1344.695857953677,-1344.617989253677,7.423,ORCA,QC,"opt+freq: b3lyp/def2-TZVP em=gd3bj
energy: wB97M-V/ma-def2-TZVP"
53,OMG_polymer_91897,CC(=O)c1c(C(=O)O)[nH]c(C(=O)O)c1C,Nc1cc(N)c(Cl)c(C(=O)O)c1,*Nc1cc(NC(=O)c2[nH]c(C(*)=O)c(C)c2C(C)=O)c(Cl)c(C(=O)O)c1,CC(=O)c1c(C(=O)Nc2cc(N)cc(C(=O)O)c2Cl)[nH]c(C=O)c1C,-1618.839106764229,0.99315614,Polyamidation,257.52647,-8.5643,-0.3639,0.310968,0.00094421,0.2354797,0.07643251,2.492287504,-1618.603627064229,-1618.527194554229,8.2004,ORCA,QC,"opt+freq: b3lyp/def2-TZVP em=gd3bj
energy: wB97M-V/ma-def2-TZVP"
54,OMG_polymer_115756,O=C(O)CC(Sc1ccc(Cl)cc1)C(=O)O,Nc1cc(Br)c(CC(=O)O)cc1N,*Nc1cc(Br)c(CC(=O)O)cc1NC(=O)CC(Sc1ccc(Cl)cc1)C(*)=O,Nc1cc(Br)c(CC(=O)O)cc1NC(=O)CC(C=O)Sc1ccc(Cl)cc1,-4538.449501086073,0.9980994,Polyamidation,296.97756,-8.4451,-0.0271,0.34184422,0.00094421,0.26007542,0.08271302,5.47089634,-4538.189425666073,-4538.106712656073,8.418,ORCA,QC,"opt+freq: b3lyp/def2-TZVP em=gd3bj
energy: wB97M-V/ma-def2-TZVP"
55,OMG_polymer_147882,O=C(O)Cc1c(F)cccc1C(=O)O,Nc1ccc(N)c(C(=O)O)c1Cl,*Nc1ccc(NC(=O)Cc2c(F)cccc2C(*)=O)c(C(=O)O)c1Cl,Nc1ccc(NC(=O)Cc2c(F)cccc2C=O)c(C(=O)O)c1Cl,-1587.49976272087,0.9995497,Polyamidation,231.72451,-8.1558,-0.5999,0.2813208,0.00094421,0.21120465,0.07106037,1.463346673,-1587.28855807087,-1587.21749771087,7.555899999999999,ORCA,QC,"opt+freq: b3lyp/def2-TZVP em=gd3bj
energy: wB97M-V/ma-def2-TZVP"
56,OMG_polymer_74877,O=C(O)C1CCC(C(=O)O)N1Cc1ccccc1,Nc1cc(C(=O)O)c(N)cc1F,*Nc1cc(C(=O)O)c(NC(=O)C2CCC(C(*)=O)N2Cc2ccccc2)cc1F,Nc1cc(C(=O)O)c(NC(=O)C2CCC(C=O)N2Cc2ccccc2)cc1F,-1339.280371201097,0.99112695,Polyamidation,273.51645,-7.9997,0.1709,0.40438397,0.00094421,0.3276253,0.07770288,3.875758183,-1338.952745901097,-1338.875043021097,8.1706,ORCA,QC,"opt+freq: b3lyp/def2-TZVP em=gd3bj
energy: wB97M-V/ma-def2-TZVP"
57,OMG_polymer_107321,NNc1c(C(=O)O)cccc1C(=O)O,Nc1ccc(C(F)(F)F)c(C(=O)O)c1N,*Nc1ccc(C(F)(F)F)c(C(=O)O)c1NC(=O)c1cccc(C(*)=O)c1NN,NNc1c(C=O)cccc1C(=O)Nc1c(N)ccc(C(F)(F)F)c1C(=O)O,-1437.143836447758,0.79386604,Polyamidation,239.85046,-8.8054,-0.2612,0.31156312,0.00094421,0.23583315,0.07667418,5.076625276,-1436.908003297758,-1436.831329117758,8.5442,ORCA,QC,"opt+freq: b3lyp/def2-TZVP em=gd3bj
energy: wB97M-V/ma-def2-TZVP"
58,OMG_polymer_33778,O=C(O)CC(C(=O)O)c1ccc(Br)cc1F,Nc1c(C(=O)O)cc(Cl)c(F)c1N,*Nc1c(C(=O)O)cc(Cl)c(F)c1NC(=O)CC(C(*)=O)c1ccc(Br)cc1F,Nc1c(C(=O)O)cc(Cl)c(F)c1NC(=O)CC(C=O)c1ccc(Br)cc1F,-4299.498792734715,0.9974491,Polyamidation,261.48366,-8.5987,0.0917,0.29499304,0.00094421,0.21678285,0.0791544,5.002592687,-4299.282009884715,-4299.202855484715,8.690399999999999,ORCA,QC,"opt+freq: b3lyp/def2-TZVP em=gd3bj
energy: wB97M-V/ma-def2-TZVP"
59,OMG_polymer_56870,COc1ccc(C(=O)O)c(CC(=O)O)c1,N#Cc1c(N)cc(C(=O)O)cc1N,*Nc1cc(C(=O)O)cc(NC(=O)c2ccc(OC)cc2CC(*)=O)c1C#N,COc1ccc(C(=O)Nc2cc(C(=O)O)cc(N)c2C#N)c(CC=O)c1,-1235.438690663989,0.99918956,Polyamidation,265.2363,-8.7106,-0.4674,0.33237986,0.00094421,0.25692044,0.07640363,4.717415873,-1235.181770223989,-1235.105366593989,8.2432,ORCA,QC,"opt+freq: b3lyp/def2-TZVP em=gd3bj
energy: wB97M-V/ma-def2-TZVP"
60,OMG_polymer_134528,CC(C)(C)CC(=O)N(CC(=O)O)CC(=O)O,Nc1cc(Cl)c(C(=O)O)cc1N,*Nc1cc(Cl)c(C(=O)O)cc1NC(=O)CN(CC(*)=O)C(=O)CC(C)(C)C,CC(C)(C)CC(=O)N(CC=O)CC(=O)Nc1cc(C(=O)O)c(Cl)cc1N,-1661.736632722266,0.99929583,Polyamidation,258.82834,-8.5562,0.1502,0.41068237,0.00094421,0.33086427,0.08076231,4.110593508,-1661.405768452266,-1661.325006142266,8.7064,ORCA,QC,"opt+freq: b3lyp/def2-TZVP em=gd3bj
energy: wB97M-V/ma-def2-TZVP"
61,OMG_polymer_20877,Cc1ccc(C(=O)O)c(C(=O)O)n1,NCC(N)C(=O)O,*NCC(NC(=O)c1ccc(C)nc1C(*)=O)C(=O)O,Cc1ccc(C(=O)NC(CN)C(=O)O)c(C=O)n1,-892.230383481505,0.9902727,Polyamidation,168.25878,-9.6278,-0.1321,0.25858528,0.00094421,0.19548118,0.06404832,7.604083187,-892.034902301505,-891.970853991505,9.495700000000001,ORCA,QC,"opt+freq: b3lyp/def2-TZVP em=gd3bj
energy: wB97M-V/ma-def2-TZVP"
62,OMG_polymer_100937,O=C(O)c1ccc(Cl)c(C(=O)O)c1,Nc1cc(S(=O)(=O)O)c(N)c(S(=O)(=O)O)c1,*Nc1cc(S(=O)(=O)O)c(NC(=O)c2ccc(Cl)c(C(*)=O)c2)c(S(=O)(=O)O)c1,Nc1cc(S(=O)(=O)O)c(NC(=O)c2ccc(Cl)c(C=O)c2)c(S(=O)(=O)O)c1,-2508.135929363048,0.9552774,Polyamidation,266.90325,-9.1373,-0.7869,0.27957732,0.00094421,0.20264537,0.07787616,3.536922297,-2507.933283993048,-2507.855407833048,8.3504,ORCA,QC,"opt+freq: b3lyp/def2-TZVP em=gd3bj
energy: wB97M-V/ma-def2-TZVP"
63,OMG_polymer_92209,Cc1cc(C)c(S(=O)(=O)N(CC(=O)O)CC(=O)O)c(C)c1,Nc1ccc(F)c(C(=O)O)c1N,*Nc1ccc(F)c(C(=O)O)c1NC(=O)CN(CC(*)=O)S(=O)(=O)c1c(C)cc(C)cc1C,Cc1cc(C)c(S(=O)(=O)N(CC=O)CC(=O)Nc2c(N)ccc(F)c2C(=O)O)c(C)c1,-1889.123001326168,0.9980882,Polyamidation,300.79706,-8.074,0.2413,1.3144306,0.00094421,0.35178457,0.08667294,2.617596646,-1888.771216756168,-1887.807626516168,8.3153,ORCA,QC,"opt+freq: b3lyp/def2-TZVP em=gd3bj
energy: wB97M-V/ma-def2-TZVP"
64,OMG_polymer_153552,CC(C)(C)OC(=O)NC(CC(=O)O)C(=O)O,Nc1cc(C(=O)O)cc(Br)c1N,*Nc1cc(C(=O)O)cc(Br)c1NC(=O)CC(NC(=O)OC(C)(C)C)C(*)=O,CC(C)(C)OC(=O)NC(C=O)CC(=O)Nc1c(N)cc(C(=O)O)cc1Br,-3811.517864301545,0.99832886,Polyamidation,261.50437,-8.3693,0.1015,0.3851477699999999,0.00094421,0.30189445,0.08419754,2.38528855,-3811.215969851545,-3811.131772321545,8.4708,ORCA,QC,"opt+freq: b3lyp/def2-TZVP em=gd3bj
energy: wB97M-V/ma-def2-TZVP"
65,OMG_polymer_133732,O=C(O)CN(CC(=O)O)C(=O)c1ccncc1,Nc1cc(N)c(C(=O)O)cc1F,*Nc1cc(NC(=O)CN(CC(*)=O)C(=O)c2ccncc2)c(C(=O)O)cc1F,Nc1cc(NC(=O)CN(CC=O)C(=O)c2ccncc2)c(C(=O)O)cc1F,-1351.972422196226,0.9989267,Polyamidation,246.78221,-8.6683,-0.0425,0.33756399,0.00094421,0.26171867,0.07678953,4.981657774,-1351.710703526226,-1351.633913996226,8.6258,ORCA,QC,"opt+freq: b3lyp/def2-TZVP em=gd3bj
energy: wB97M-V/ma-def2-TZVP"
66,OMG_polymer_157670,O=C(O)CNc1ncccc1C(=O)O,Nc1ccc(C(=O)O)c(Br)c1N,*Nc1ccc(C(=O)O)c(Br)c1NC(=O)CNc1ncccc1C(*)=O,Nc1ccc(C(=O)O)c(Br)c1NC(=O)CNc1ncccc1C=O,-3673.472497208739,0.9992387,Polyamidation,245.23854,-8.5679,-0.3947,0.29506201,0.00094421,0.22426729,0.07173893,3.988313051,-3673.248229918739,-3673.176490988739,8.1732,ORCA,QC,"opt+freq: b3lyp/def2-TZVP em=gd3bj
energy: wB97M-V/ma-def2-TZVP"
67,OMG_polymer_84318,O=C(O)c1ccccc1SC(C(=O)O)c1ccccc1,Cc1c(C(=O)O)ccc(N)c1N,*Nc1ccc(C(=O)O)c(C)c1NC(=O)c1ccccc1SC(C(*)=O)c1ccccc1,Cc1c(C(=O)O)ccc(N)c1NC(=O)c1ccccc1SC(C=O)c1ccccc1,-1697.174423745332,0.99855345,Polyamidation,314.05036,-8.2342,0.1486,0.41452684,0.00094421,0.33457356,0.0808975,4.510885411,-1696.839850185332,-1696.758952695332,8.3828,ORCA,QC,"opt+freq: b3lyp/def2-TZVP em=gd3bj
energy: wB97M-V/ma-def2-TZVP"
68,OMG_polymer_67540,O=C(O)C(C(=O)O)C1c2ccccc2Sc2ccccc21,Nc1cc(N)c(C(=O)O)cc1Cl,*Nc1cc(NC(=O)C(C(*)=O)C2c3ccccc3Sc3ccccc32)c(C(=O)O)cc1Cl,Nc1cc(NC(=O)C(C=O)C2c3ccccc3Sc3ccccc32)c(C(=O)O)cc1Cl,-2155.60646366492,0.9460759,Polyamidation,324.9932,-8.0348,0.2421,0.38376098,0.00094421,0.30438957,0.08031562,2.037747296,-2155.30207409492,-2155.22175847492,8.276900000000001,ORCA,QC,"opt+freq: b3lyp/def2-TZVP em=gd3bj
energy: wB97M-V/ma-def2-TZVP"
69,OMG_polymer_57235,O=C(O)C(F)(F)C(=O)O,Nc1cc(N)c(C(=O)O)cc1Br,*Nc1cc(NC(=O)C(F)(F)C(*)=O)c(C(=O)O)cc1Br,Nc1cc(NC(=O)C(F)(F)C=O)c(C(=O)O)cc1Br,-3569.542266616709,0.99877447,Polyamidation,179.57676,-8.736,-0.1125,0.1879472,0.00094421,0.12396818,0.06492323,2.509476858,-3569.418298436709,-3569.353375206709,8.6235,ORCA,QC,"opt+freq: b3lyp/def2-TZVP em=gd3bj
energy: wB97M-V/ma-def2-TZVP"
70,OMG_polymer_202897,COc1cccc(N(CC(=O)O)CC(=O)O)c1,Nc1cc(F)cc(C(=O)O)c1N,*Nc1cc(F)cc(C(=O)O)c1NC(=O)CN(CC(*)=O)c1cccc(OC)c1,COc1cccc(N(CC=O)CC(=O)Nc2c(N)cc(F)cc2C(=O)O)c1,-1337.08694445261,0.99961025,Polyamidation,259.13201,-7.9549,-0.1855,0.37238514,0.00094421,0.29565082,0.07767853,3.095616861,-1336.79129363261,-1336.71361510261,7.7694,ORCA,QC,"opt+freq: b3lyp/def2-TZVP em=gd3bj
energy: wB97M-V/ma-def2-TZVP"
71,OMG_polymer_75548,O=C(O)CCC(Br)C(=O)O,Cc1ccc(C(=O)O)c(N)c1N,*Nc1c(C(=O)O)ccc(C)c1NC(=O)CCC(Br)C(*)=O,Cc1ccc(C(=O)O)c(N)c1NC(=O)CCC(Br)C=O,-3488.92764824009,0.9985134,Polyamidation,211.52361,-8.3625,0.0203,0.29202035,0.00094421,0.22323379,0.06973076,2.534765924,-3488.70441445009,-3488.63468368009,8.382800000000001,ORCA,QC,"opt+freq: b3lyp/def2-TZVP em=gd3bj
energy: wB97M-V/ma-def2-TZVP"
72,OMG_polymer_45880,O=C(O)CSCc1ccccc1C(=O)O,Nc1cc(Cl)cc(N)c1CC(=O)O,*Nc1cc(Cl)cc(NC(=O)CSCc2ccccc2C(*)=O)c1CC(=O)O,Nc1cc(Cl)cc(NC(=O)CSCc2ccccc2C=O)c1CC(=O)O,-1965.042894891166,0.9996424,Polyamidation,283.06685,-8.3486,-0.5889,0.35127791,0.00094421,0.275689,0.07653312,6.367903089,-1964.767205891166,-1964.690672771166,7.7597,ORCA,QC,"opt+freq: b3lyp/def2-TZVP em=gd3bj
energy: wB97M-V/ma-def2-TZVP"
73,OMG_polymer_164627,O=C(O)CN(CC(=O)O)C(=O)C(Cl)(Cl)Cl,Nc1cc(N)c(C(=O)O)nc1Cl,*Nc1cc(NC(=O)CN(CC(*)=O)C(=O)C(Cl)(Cl)Cl)c(C(=O)O)nc1Cl,Nc1cc(NC(=O)CN(CC=O)C(=O)C(Cl)(Cl)Cl)c(C(=O)O)nc1Cl,-2899.331897996409,0.99792105,Polyamidation,250.40786,-8.7233,-0.0357,0.25422559,0.00094421,0.17705654,0.07811326,3.363204378,-2899.154841456409,-2899.076728196409,8.6876,ORCA,QC,"opt+freq: b3lyp/def2-TZVP em=gd3bj
energy: wB97M-V/ma-def2-TZVP"
74,OMG_polymer_29328,O=C(O)C(CSSCC(NC(=O)C(F)(F)F)C(=O)O)NC(=O)C(F)(F)F,Nc1ccc(C(=O)O)c(N)c1F,*Nc1ccc(C(=O)O)c(NC(=O)C(CSSCC(NC(=O)C(F)(F)F)C(*)=O)NC(=O)C(F)(F)F)c1F,Nc1ccc(C(=O)O)c(NC(=O)C(CSSCC(C=O)NC(=O)C(F)(F)F)NC(=O)C(F)(F)F)c1F,-2822.86351314779,0.7246267,Polyamidation,306.12713,-9.1189,-0.1772,0.3759754,0.00094421,0.27616231,0.1007573,13.99655272,-2822.58735083779,-2822.48659353779,8.9417,ORCA,QC,"opt+freq: b3lyp/def2-TZVP em=gd3bj
energy: wB97M-V/ma-def2-TZVP"
75,OMG_polymer_33698,COc1cccc(C(C)(C(=O)O)C(=O)O)c1,Nc1nc(N)c(C(=O)O)nc1Cl,*Nc1nc(NC(=O)C(C)(C(*)=O)c2cccc(OC)c2)c(C(=O)O)nc1Cl,COc1cccc(C(C)(C=O)C(=O)Nc2nc(N)c(Cl)nc2C(=O)O)c1,-1674.176971162884,0.9985104,Polyamidation,259.49023,-8.8128,0.0403,0.32790934,0.00094421,0.25111494,0.07773862,2.260227192,-1673.925856222884,-1673.848117612884,8.8531,ORCA,QC,"opt+freq: b3lyp/def2-TZVP em=gd3bj
energy: wB97M-V/ma-def2-TZVP"
76,OMG_polymer_42026,COC(=O)NN(CC(=O)O)CC(=O)O,Nc1ccnc(N)c1C(=O)O,*Nc1ccnc(NC(=O)CN(CC(*)=O)NC(=O)OC)c1C(=O)O,COC(=O)NN(CC=O)CC(=O)Nc1nccc(N)c1C(=O)O,-1191.542194982572,0.9980083,Polyamidation,204.78171,-8.5615,0.2143,0.31150412,0.00094421,0.23849431,0.07395402,4.568475291,-1191.303700672572,-1191.229746652572,8.7758,ORCA,QC,"opt+freq: b3lyp/def2-TZVP em=gd3bj
energy: wB97M-V/ma-def2-TZVP"
77,OMG_polymer_205932,O=C(O)COc1ccc(OCC(=O)O)c(Cl)c1,Nc1cc(C(=O)O)cc(N)c1C(F)F,*Nc1cc(C(=O)O)cc(NC(=O)COc2ccc(OCC(*)=O)c(Cl)c2)c1C(F)F,Nc1cc(C(=O)O)cc(NC(=O)COc2ccc(OCC=O)c(Cl)c2)c1C(F)F,-1915.8364776621,0.9995987,Polyamidation,263.92219,-8.3295,0.1428,0.34474892,0.00094421,0.264189,0.08150414,5.263438368,-1915.5722886621,-1915.4907845321,8.472299999999999,ORCA,QC,"opt+freq: b3lyp/def2-TZVP em=gd3bj
energy: wB97M-V/ma-def2-TZVP"
78,OMG_polymer_11204,O=C(O)CC(CC(=O)O)c1ccoc1,Nc1cc(Br)c(C(=O)O)cc1N,*Nc1cc(Br)c(C(=O)O)cc1NC(=O)CC(CC(*)=O)c1ccoc1,Nc1cc(Br)c(C(=O)O)cc1NC(=O)CC(CC=O)c1ccoc1,-3678.461493477162,0.9991912,Polyamidation,241.0086,-8.586,0.1011,0.31702304,0.00094421,0.24323857,0.07472868,4.709825126,-3678.218254907162,-3678.143526227162,8.687100000000001,ORCA,QC,"opt+freq: b3lyp/def2-TZVP em=gd3bj
energy: wB97M-V/ma-def2-TZVP"
79,OMG_polymer_25761,CCCCCCCCCCC(C(=O)O)C(=O)O,CCc1c(N)cc(C(=O)O)cc1N,*Nc1cc(C(=O)O)cc(NC(=O)C(CCCCCCCCCC)C(*)=O)c1CC,CCCCCCCCCCC(C=O)C(=O)Nc1cc(C(=O)O)cc(N)c1CC,-1269.246937402364,0.97917557,Polyamidation,287.04381,-8.2906,0.2217,0.5693913500000001,0.00094421,0.48156411,0.08877145,4.618841149,-1268.765373292364,-1268.676601842364,8.5123,ORCA,QC,"opt+freq: b3lyp/def2-TZVP em=gd3bj
energy: wB97M-V/ma-def2-TZVP"
80,OMG_polymer_174385,CCOC(=O)CC(=O)NC(CCC(=O)O)C(=O)O,Nc1cc(Cl)cc(N)c1C(=O)O,*Nc1cc(Cl)cc(NC(=O)CCC(NC(=O)CC(=O)OCC)C(*)=O)c1C(=O)O,CCOC(=O)CC(=O)NC(C=O)CCC(=O)Nc1cc(Cl)cc(N)c1C(=O)O,-1811.057563281308,0.99424744,Polyamidation,272.29643,-8.2158,0.1067,0.39958118,0.00094421,0.31500053,0.08552487,8.619630625,-1810.742562751308,-1810.657037891308,8.3225,ORCA,QC,"opt+freq: b3lyp/def2-TZVP em=gd3bj
energy: wB97M-V/ma-def2-TZVP"
81,OMG_polymer_198311,COc1ccc(C=NN(CC(=O)O)CC(=O)O)cc1,Nc1ccc(CC(N)C(=O)O)cc1,*Nc1ccc(CC(NC(=O)CN(CC(*)=O)N=Cc2ccc(OC)cc2)C(=O)O)cc1,COc1ccc(C=NN(CC=O)CC(=O)NC(Cc2ccc(N)cc2)C(=O)O)cc1,-1409.842454895883,0.9979771,Polyamidation,296.41455,-8.0465,0.2635,0.46288797,0.00094421,0.37887348,0.08495869,1.178849132,-1409.463581415883,-1409.378622715883,8.31,ORCA,QC,"opt+freq: b3lyp/def2-TZVP em=gd3bj
energy: wB97M-V/ma-def2-TZVP"
82,OMG_polymer_35672,CC(=O)Nc1ccc(S(=O)(=O)NC(CC(=O)O)C(=O)O)cc1,NOCC(N)C(=O)O,*NOCC(NC(=O)CC(NS(=O)(=O)c1ccc(NC(C)=O)cc1)C(*)=O)C(=O)O,CC(=O)Nc1ccc(S(=O)(=O)NC(C=O)CC(=O)NC(CON)C(=O)O)cc1,-1802.717361707691,0.8383161,Polyamidation,260.89611,-9.1645,-0.0602,0.39755215,0.00094421,0.30932086,0.0891755,7.710890397,-1802.408040847691,-1802.318865347691,9.1043,ORCA,QC,"opt+freq: b3lyp/def2-TZVP em=gd3bj
energy: wB97M-V/ma-def2-TZVP"
83,OMG_polymer_138640,CC(=O)SCC(CC(=O)O)C(=O)O,Nc1cc(F)c(N)c(C(=O)O)c1,*Nc1cc(F)c(NC(=O)CC(CSC(C)=O)C(*)=O)c(C(=O)O)c1,CC(=O)SCC(C=O)CC(=O)Nc1c(F)cc(N)cc1C(=O)O,-1526.312128671871,0.9938788,Polyamidation,224.61228,-8.2418,0.3,0.30700074,0.00094421,0.23242557,0.07551938,3.028136681,-1526.079703101871,-1526.004183721871,8.5418,ORCA,QC,"opt+freq: b3lyp/def2-TZVP em=gd3bj
energy: wB97M-V/ma-def2-TZVP"
84,OMG_polymer_28552,O=C(O)C(F)(F)C(F)(F)C(F)(F)C(F)(F)C(=O)O,Nc1cc(N)c(C(=O)O)cc1Cl,*Nc1cc(NC(=O)C(F)(F)C(F)(F)C(F)(F)C(F)(F)C(*)=O)c(C(=O)O)cc1Cl,Nc1cc(NC(=O)C(F)(F)C(F)(F)C(F)(F)C(F)(F)C=O)c(C(=O)O)cc1Cl,-2169.245980261826,0.8609109,Polyamidation,209.95116,-8.7374,-0.0384,0.69873272,0.00094421,0.15279085,0.08039266,1.707550253,-2169.093189411826,-2168.546303331826,8.699,ORCA,QC,"opt+freq: b3lyp/def2-TZVP em=gd3bj
energy: wB97M-V/ma-def2-TZVP"
85,OMG_polymer_158817,O=C(O)CSc1cccc(C(=O)O)c1,Nc1ccc(Br)c(N)c1C(=O)O,*Nc1ccc(Br)c(NC(=O)CSc2cccc(C(*)=O)c2)c1C(=O)O,Nc1ccc(Br)c(NC(=O)CSc2cccc(C=O)c2)c1C(=O)O,-4000.247217246041,0.9995883,Polyamidation,250.73867,-8.2702,-0.1018,0.29095076,0.00094421,0.22001609,0.07187889,2.84032586,-4000.027201156041,-3999.955322276041,8.1684,ORCA,QC,"opt+freq: b3lyp/def2-TZVP em=gd3bj
energy: wB97M-V/ma-def2-TZVP"
86,OMG_polymer_88290,O=C(O)c1cc(C(=O)O)cc(S(=O)(=O)F)c1,Nc1ccc(N)c(C(=O)O)c1Br,*Nc1ccc(NC(=O)c2cc(C(*)=O)cc(S(=O)(=O)F)c2)c(C(=O)O)c1Br,Nc1ccc(NC(=O)c2cc(C=O)cc(S(=O)(=O)F)c2)c(C(=O)O)c1Br,-4210.68444777356,0.9990283,Polyamidation,266.31577,-8.3327,-0.7862,0.26554558,0.00094421,0.1897853,0.07670449,5.715482935,-4210.49466247356,-4210.41795798356,7.546500000000001,ORCA,QC,"opt+freq: b3lyp/def2-TZVP em=gd3bj
energy: wB97M-V/ma-def2-TZVP"
87,OMG_polymer_156333,O=C(O)c1nc(C(F)(F)F)[nH]c1C(=O)O,Nc1cc(Cl)cc(N)c1C(=O)O,*Nc1cc(Cl)cc(NC(=O)c2nc(C(F)(F)F)[nH]c2C(*)=O)c1C(=O)O,Nc1cc(Cl)cc(NC(=O)c2nc(C(F)(F)F)[nH]c2C=O)c1C(=O)O,-1780.063707184458,0.99637836,Polyamidation,227.38256,-8.2431,-0.6231,0.23678989,0.00094421,0.16357526,0.07415884,4.794512404,-1779.900131924458,-1779.825973084458,7.62,ORCA,QC,"opt+freq: b3lyp/def2-TZVP em=gd3bj
energy: wB97M-V/ma-def2-TZVP"
88,OMG_polymer_53580,CCC(C)(C(=O)O)C(=O)O,NC(N)=Nc1ccc(C(=O)O)cc1,*NC(=Nc1ccc(C(=O)O)cc1)NC(=O)C(C)(CC)C(*)=O,CCC(C)(C=O)C(=O)NC(N)=Nc1ccc(C(=O)O)cc1,-1008.962982527544,0.99166006,Polyamidation,208.28743,-8.9062,-0.0954,0.32342335,0.00094421,0.25302794,0.07133963,5.899356162,-1008.709954587544,-1008.638614967544,8.8108,ORCA,QC,"opt+freq: b3lyp/def2-TZVP em=gd3bj
energy: wB97M-V/ma-def2-TZVP"
89,OMG_polymer_76899,O=C(O)C(C(=O)O)N(C(=O)OCc1ccccc1)c1ccccc1,Nc1ccc(C(=O)O)c(Br)c1N,*Nc1ccc(C(=O)O)c(Br)c1NC(=O)C(C(*)=O)N(C(=O)OCc1ccccc1)c1ccccc1,Nc1ccc(C(=O)O)c(Br)c1NC(=O)C(C=O)N(C(=O)OCc1ccccc1)c1ccccc1,0.0,0.99489516,Polyamidation,0.0,0.0,0.0,0.43934652,0.00094421,0.35223297,0.08805777,6.403570054,0.35223297,0.44029073,0.0,ORCA,QC,"opt+freq: b3lyp/def2-TZVP em=gd3bj
energy: wB97M-V/ma-def2-TZVP"
90,OMG_polymer_140479,O=C(O)c1oc(C(=O)O)c(Cl)c1Cl,Nc1c(Cl)ccc(C(=O)O)c1N,*Nc1c(Cl)ccc(C(=O)O)c1NC(=O)c1oc(C(*)=O)c(Cl)c1Cl,Nc1c(Cl)ccc(C(=O)O)c1NC(=O)c1oc(C=O)c(Cl)c1Cl,-2365.924072847715,0.99802387,Polyamidation,241.7227,-8.6693,-1.0308,0.21153649,0.00094421,0.14233286,0.07014784,1.494768655,-2365.781739987715,-2365.711592147715,7.6385,ORCA,QC,"opt+freq: b3lyp/def2-TZVP em=gd3bj
energy: wB97M-V/ma-def2-TZVP"
91,OMG_polymer_82805,CC(C)(C)c1ccc(C(=O)O)c(C(=O)O)c1,COc1c(N)cc(C(=O)O)cc1N,*Nc1cc(C(=O)O)cc(NC(=O)c2ccc(C(C)(C)C)cc2C(*)=O)c1OC,COc1c(N)cc(C(=O)O)cc1NC(=O)c1ccc(C(C)(C)C)cc1C=O,-1261.087715465175,0.99861956,Polyamidation,282.94827,-8.4967,-0.0374,0.42028214,0.00094421,0.34056808,0.08065827,7.375731804,-1260.747147385175,-1260.666489115175,8.4593,ORCA,QC,"opt+freq: b3lyp/def2-TZVP em=gd3bj
energy: wB97M-V/ma-def2-TZVP"
92,OMG_polymer_101489,CC(C)C(NC(=O)CCC(=O)O)C(=O)O,Nc1ccc(Nc2ccc(N)cc2S(=O)(=O)O)cc1,*Nc1ccc(Nc2ccc(NC(=O)CCC(=O)NC(C(*)=O)C(C)C)cc2S(=O)(=O)O)cc1,CC(C)C(C=O)NC(=O)CCC(=O)Nc1ccc(Nc2ccc(N)cc2)c(S(=O)(=O)O)c1,0.0,0.98739934,Polyamidation,0.0,0.0,0.0,0.0,0.0,0.0,0.0,0.0,0.0,0.0,0.0,ORCA,QC,"opt+freq: b3lyp/def2-TZVP em=gd3bj
energy: wB97M-V/ma-def2-TZVP"
93,OMG_polymer_198095,COc1cccc(C=NN(CC(=O)O)CC(=O)O)c1,Nc1ccc(-c2ccc(N)c(S(=O)(=O)O)c2)cc1S(=O)(=O)O,*Nc1ccc(-c2ccc(NC(=O)CN(CC(*)=O)N=Cc3cccc(OC)c3)c(S(=O)(=O)O)c2)cc1S(=O)(=O)O,COc1cccc(C=NN(CC=O)CC(=O)Nc2ccc(-c3ccc(N)c(S(=O)(=O)O)c3)cc2S(=O)(=O)O)c1,-2621.502468208114,0.9350951,Polyamidation,410.69251,-8.2537,-0.191,0.50980136,0.00094421,0.41005794,0.10068763,5.834112914,-2621.092410268114,-2620.991722638114,8.0627,ORCA,QC,"opt+freq: b3lyp/def2-TZVP em=gd3bj
energy: wB97M-V/ma-def2-TZVP"
94,OMG_polymer_102783,O=C(O)c1ccc(S(=O)(=O)NCCNS(=O)(=O)c2ccc(C(=O)O)cc2)cc1,Nc1c(C(=O)O)cc(Cl)c(F)c1N,*Nc1c(C(=O)O)cc(Cl)c(F)c1NC(=O)c1ccc(S(=O)(=O)NCCNS(=O)(=O)c2ccc(C(*)=O)cc2)cc1,Nc1c(C(=O)O)cc(Cl)c(F)c1NC(=O)c1ccc(S(=O)(=O)NCCNS(=O)(=O)c2ccc(C=O)cc2)cc1,-3065.894317886952,0.8557005,Polyamidation,396.59145,-8.4565,-0.5786,0.461893,0.00094421,0.36174082,0.1010964,5.130801066,-3065.532577066952,-3065.431480676952,7.8779,ORCA,QC,"opt+freq: b3lyp/def2-TZVP em=gd3bj
energy: wB97M-V/ma-def2-TZVP"
95,OMG_polymer_184815,O=C(O)c1ccc2[nH]c(C(=O)O)cc2c1,COc1cc(N)c(N)cc1C(=O)O,*Nc1cc(OC)c(C(=O)O)cc1NC(=O)c1ccc2[nH]c(C(*)=O)cc2c1,COc1cc(N)c(NC(=O)c2ccc3[nH]c(C=O)cc3c2)cc1C(=O)O,-1235.452632363778,0.99738365,Polyamidation,279.1813,-8.2358,-0.3809,0.33355621,0.00094421,0.26009252,0.0744079,5.556540971,-1235.192539843778,-1235.118131943778,7.854899999999999,ORCA,QC,"opt+freq: b3lyp/def2-TZVP em=gd3bj
energy: wB97M-V/ma-def2-TZVP"
96,OMG_polymer_201267,CCOc1ccc(C=NN(CC(=O)O)CC(=O)O)cc1,Nc1cc(F)cc(C(=O)O)c1N,*Nc1cc(F)cc(C(=O)O)c1NC(=O)CN(CC(*)=O)N=Cc1ccc(OCC)cc1,CCOc1ccc(C=NN(CC=O)CC(=O)Nc2c(N)cc(F)cc2C(=O)O)cc1,-1469.806296810269,0.98662347,Polyamidation,296.49823,-8.1032,0.2649,2.54683139,0.00094421,0.3412796,0.08363636,3.84114674,-1469.465017210269,-1467.258521210269,8.3681,ORCA,QC,"opt+freq: b3lyp/def2-TZVP em=gd3bj
energy: wB97M-V/ma-def2-TZVP"
97,OMG_polymer_43013,O=C(O)CN(CC(=O)O)NC(=O)Oc1ccccc1,Nc1cc(N)cc(C(=O)O)c1,*Nc1cc(NC(=O)CN(CC(*)=O)NC(=O)Oc2ccccc2)cc(C(=O)O)c1,Nc1cc(NC(=O)CN(CC=O)NC(=O)Oc2ccccc2)cc(C(=O)O)c1,-1367.224086982667,0.99918,Polyamidation,260.45069,-8.3374,-0.0053,0.37880939,0.00094421,0.29974696,0.08000665,3.152464413,-1366.924340022667,-1366.844333382667,8.3321,ORCA,QC,"opt+freq: b3lyp/def2-TZVP em=gd3bj
energy: wB97M-V/ma-def2-TZVP"
98,OMG_polymer_100404,CC(c1ccccc1)C(C(=O)O)C(=O)O,Nc1ccc(CC(=O)O)c(N)c1,*Nc1ccc(CC(=O)O)c(NC(=O)C(C(*)=O)C(C)c2ccccc2)c1,CC(c1ccccc1)C(C=O)C(=O)Nc1cc(N)ccc1CC(=O)O,-1146.55469617738,0.99764496,Polyamidation,245.62348,-8.1336,0.2464,0.3860519,0.00094421,0.31320301,0.07379311,4.579991065,-1146.24149316738,-1146.16770006738,8.379999999999999,ORCA,QC,"opt+freq: b3lyp/def2-TZVP em=gd3bj
energy: wB97M-V/ma-def2-TZVP"
99,OMG_polymer_145208,O=C(O)c1csc(C(=O)O)c1,Nc1cc(Br)cc(C(=O)O)c1N,*Nc1cc(Br)cc(C(=O)O)c1NC(=O)c1csc(C(*)=O)c1,Nc1cc(Br)cc(C(=O)O)c1NC(=O)c1csc(C=O)c1,-3883.52489305707,0.9989434,Polyamidation,237.84644,-8.4551,-0.3644,0.22528551,0.00094421,0.15955491,0.06667482,4.326518526,-3883.36533814707,-3883.29866333707,8.0907,ORCA,QC,"opt+freq: b3lyp/def2-TZVP em=gd3bj
energy: wB97M-V/ma-def2-TZVP"
100,OMG_polymer_96094,O=C(O)c1cccc(C(=O)O)c1Cl,Nc1ccc(SCC(N)C(=O)O)cc1,*Nc1ccc(SCC(NC(=O)c2cccc(C(*)=O)c2Cl)C(=O)O)cc1,Nc1ccc(SCC(NC(=O)c2cccc(C=O)c2Cl)C(=O)O)cc1,-1925.725953423061,0.9992446,Polyamidation,250.84968,-8.1422,-0.5173,0.32127778,0.00094421,0.24762646,0.07459553,3.116867893,-1925.478326963061,-1925.403731433061,7.624900000000001,ORCA,QC,"opt+freq: b3lyp/def2-TZVP em=gd3bj
energy: wB97M-V/ma-def2-TZVP"
101,OMG_polymer_31052,CCC(C(=O)O)S(=O)CC(=O)O,Nc1cc(Cl)cc(N)c1C(=O)O,*Nc1cc(Cl)cc(NC(=O)C(CC)S(=O)CC(*)=O)c1C(=O)O,CCC(C(=O)Nc1cc(Cl)cc(N)c1C(=O)O)S(=O)CC=O,-1848.500878136076,0.99832886,Polyamidation,233.24969,-8.6562,-0.2173,0.29899553,0.00094421,0.22490588,0.07503386,6.247413737,-1848.275972256076,-1848.200938396076,8.4389,ORCA,QC,"opt+freq: b3lyp/def2-TZVP em=gd3bj
energy: wB97M-V/ma-def2-TZVP"
102,OMG_polymer_149774,CC(C)(C)NC(CC(=O)O)C(=O)O,Nc1cc(C(=O)O)c(N)cc1Cl,*Nc1cc(C(=O)O)c(NC(=O)CC(NC(C)(C)C)C(*)=O)cc1Cl,CC(C)(C)NC(C=O)CC(=O)Nc1cc(Cl)c(N)cc1C(=O)O,-1509.071716346381,0.99884856,Polyamidation,235.90274,-8.0706,0.1179,0.36876017,0.00094421,0.29463353,0.07507085,1.336427718,-1508.777082816381,-1508.702011966381,8.188500000000001,ORCA,QC,"opt+freq: b3lyp/def2-TZVP em=gd3bj
energy: wB97M-V/ma-def2-TZVP"
103,OMG_polymer_158578,O=C(O)c1cccc(C(=O)O)c1NCc1cccc(Cl)c1,Nc1c(Cl)ccc(C(=O)O)c1N,*Nc1c(Cl)ccc(C(=O)O)c1NC(=O)c1cccc(C(*)=O)c1NCc1cccc(Cl)c1,Nc1c(Cl)ccc(C(=O)O)c1NC(=O)c1cccc(C=O)c1NCc1cccc(Cl)c1,-2234.243078183997,0.9980161,Polyamidation,340.73041,-8.4451,-0.413,0.38487632,0.00094421,0.30206556,0.08375497,3.134750903,-2233.941012623997,-2233.857257653997,8.0321,ORCA,QC,"opt+freq: b3lyp/def2-TZVP em=gd3bj
energy: wB97M-V/ma-def2-TZVP"
104,OMG_polymer_11646,O=C(O)CC(CC(=O)O)c1cccnc1Cl,Nc1ccc(N)c(C(=O)O)c1Br,*Nc1ccc(NC(=O)CC(CC(*)=O)c2cccnc2Cl)c(C(=O)O)c1Br,Nc1ccc(NC(=O)CC(CC=O)c2cccnc2Cl)c(C(=O)O)c1Br,-4156.309031995217,0.99879575,Polyamidation,265.61709,-8.0619,0.1119,0.32726904,0.00094421,0.25066386,0.0775494,2.6431722,-4156.058368135217,-4155.980818745217,8.1738,ORCA,QC,"opt+freq: b3lyp/def2-TZVP em=gd3bj
energy: wB97M-V/ma-def2-TZVP"
105,OMG_polymer_93924,O=C(O)CS(=O)(=O)CC(=O)O,Nc1c(Br)ccc(CC(=O)O)c1N,*Nc1c(Br)ccc(CC(=O)O)c1NC(=O)CS(=O)(=O)CC(*)=O,Nc1c(Br)ccc(CC(=O)O)c1NC(=O)CS(=O)(=O)CC=O,-3998.272064423373,0.99812144,Polyamidation,218.37106,-8.5235,0.0597,0.27596315,0.00094421,0.20592828,0.07097908,3.740140401,-3998.066136143373,-3997.995157063373,8.5832,ORCA,QC,"opt+freq: b3lyp/def2-TZVP em=gd3bj
energy: wB97M-V/ma-def2-TZVP"
106,OMG_polymer_129226,Cc1ccccc1C(=O)OC(C(=O)O)C(OC(=O)c1ccccc1C)C(=O)O,Cc1cc(N)cc(C(=O)O)c1N,*Nc1cc(C)c(NC(=O)C(OC(=O)c2ccccc2C)C(OC(=O)c2ccccc2C)C(*)=O)c(C(=O)O)c1,Cc1ccccc1C(=O)OC(C=O)C(OC(=O)c1ccccc1C)C(=O)Nc1c(C)cc(N)cc1C(=O)O,-1794.113887418054,0.83973396,Polyamidation,364.5925,-8.1361,0.1168,0.53434545,0.00094421,0.43648334,0.09880632,5.826781443,-1793.677404078054,-1793.578597758054,8.2529,ORCA,QC,"opt+freq: b3lyp/def2-TZVP em=gd3bj
energy: wB97M-V/ma-def2-TZVP"
107,OMG_polymer_69569,O=C(O)COc1ncccc1C(=O)O,Nc1ccc(N)c(CC(=O)O)c1Br,*Nc1ccc(NC(=O)COc2ncccc2C(*)=O)c(CC(=O)O)c1Br,Nc1ccc(NC(=O)COc2ncccc2C=O)c(CC(=O)O)c1Br,-3732.662848843862,0.99922514,Polyamidation,157.66759,-8.0755,-0.5062,0.31192806,0.00094421,0.2401765,0.07269577,1.466858498,-3732.422672343862,-3732.349976573862,7.5693,ORCA,QC,"opt+freq: b3lyp/def2-TZVP em=gd3bj
energy: wB97M-V/ma-def2-TZVP"
108,OMG_polymer_113808,CC(SCC(=O)O)(SCC(=O)O)c1ccccc1,N#Cc1c(N)cc(C(=O)O)cc1N,*Nc1cc(C(=O)O)cc(NC(=O)CSC(C)(SCC(*)=O)c2ccccc2)c1C#N,CC(SCC=O)(SCC(=O)Nc1cc(C(=O)O)cc(N)c1C#N)c1ccccc1,-2035.184153945196,0.99664307,Polyamidation,318.09558,-8.826,-0.5364,0.39104051,0.00094421,0.3063404,0.08564432,4.518701942,-2034.877813545196,-2034.792169225196,8.2896,ORCA,QC,"opt+freq: b3lyp/def2-TZVP em=gd3bj
energy: wB97M-V/ma-def2-TZVP"
109,OMG_polymer_44807,O=C(O)C(=O)CSc1ccccc1C(=O)O,Nc1cc(C(=O)O)c(N)cc1F,*Nc1cc(C(=O)O)c(NC(=O)C(=O)CSc2ccccc2C(*)=O)cc1F,Nc1cc(C(=O)O)c(NC(=O)C(=O)CSc2ccccc2C=O)cc1F,-1639.436136125941,0.9993081,Polyamidation,249.97857,-8.2769,-0.3813,0.3038399,0.00094421,0.23021152,0.0745726,4.907841435,-1639.205924605941,-1639.131352015941,7.8956,ORCA,QC,"opt+freq: b3lyp/def2-TZVP em=gd3bj
energy: wB97M-V/ma-def2-TZVP"
110,OMG_polymer_187003,O=C(O)CSc1ccc(SCC(=O)O)nn1,Nc1ccc(C(=O)O)c(N)n1,*Nc1ccc(C(=O)O)c(NC(=O)CSc2ccc(SCC(*)=O)nn2)n1,Nc1ccc(C(=O)O)c(NC(=O)CSc2ccc(SCC=O)nn2)n1,-1912.438995925297,0.9990073,Polyamidation,261.34504,-8.5601,0.0835,0.29491884,0.00094421,0.22017686,0.07568619,4.296734043,-1912.218819065297,-1912.143132875297,8.643600000000001,ORCA,QC,"opt+freq: b3lyp/def2-TZVP em=gd3bj
energy: wB97M-V/ma-def2-TZVP"
111,OMG_polymer_17312,O=C(O)C(C(=O)O)c1ccccc1,Nc1nc(N)c(C(=O)O)cc1Br,*Nc1nc(NC(=O)C(C(*)=O)c2ccccc2)c(C(=O)O)cc1Br,Nc1nc(NC(=O)C(C=O)c2ccccc2)c(C(=O)O)cc1Br,-3618.116252822567,0.99225944,Polyamidation,241.63513,-8.6808,0.1517,0.27617961,0.00094421,0.20479248,0.07233134,2.571640887,-3617.911460342567,-3617.839129002567,8.8325,ORCA,QC,"opt+freq: b3lyp/def2-TZVP em=gd3bj
energy: wB97M-V/ma-def2-TZVP"
112,OMG_polymer_103505,O=C(O)c1ccccc1C(=O)NCCNC(=O)c1ccccc1C(=O)O,Nc1cc(N)cc(CCC(=O)O)c1,*Nc1cc(CCC(=O)O)cc(NC(=O)c2ccccc2C(=O)NCCNC(=O)c2ccccc2C(*)=O)c1,Nc1cc(CCC(=O)O)cc(NC(=O)c2ccccc2C(=O)NCCNC(=O)c2ccccc2C=O)c1,-1715.067626321918,0.98677725,Polyamidation,366.54498,-7.7708,-0.3619,0.53308974,0.00094421,0.43820532,0.09582864,3.751325016,-1714.629421001918,-1714.533592371918,7.4089,ORCA,QC,"opt+freq: b3lyp/def2-TZVP em=gd3bj
energy: wB97M-V/ma-def2-TZVP"
113,OMG_polymer_79590,O=C(O)C(CCCc1ccsc1)C(=O)O,Nc1ccc(C(=O)O)c(N)c1Br,*Nc1ccc(C(=O)O)c(NC(=O)C(CCCc2ccsc2)C(*)=O)c1Br,Nc1ccc(C(=O)O)c(NC(=O)C(C=O)CCCc2ccsc2)c1Br,-4040.737800087102,0.99808073,Polyamidation,266.16238,-8.5778,0.2676,0.34350612,0.00094421,0.26738446,0.07706587,2.612909685,-4040.470415627102,-4040.393349757102,8.8454,ORCA,QC,"opt+freq: b3lyp/def2-TZVP em=gd3bj
energy: wB97M-V/ma-def2-TZVP"
114,OMG_polymer_132905,COC(=O)CCC(=O)NC(CC(=O)O)C(=O)O,Nc1cc(F)c(C(=O)O)cc1N,*Nc1cc(F)c(C(=O)O)cc1NC(=O)CC(NC(=O)CCC(=O)OC)C(*)=O,COC(=O)CCC(=O)NC(C=O)CC(=O)Nc1cc(C(=O)O)c(F)cc1N,-1411.414561586919,0.99010193,Polyamidation,235.2538,-8.4364,0.1597,0.37151604,0.00094421,0.290756,0.08170426,4.180714348,-1411.123805586919,-1411.042101336919,8.596100000000002,ORCA,QC,"opt+freq: b3lyp/def2-TZVP em=gd3bj
energy: wB97M-V/ma-def2-TZVP"
115,OMG_polymer_65492,COC(CC(=O)O)C(=O)O,Nc1cc(Br)cc(C(=O)O)c1N,*Nc1cc(Br)cc(C(=O)O)c1NC(=O)CC(OC)C(*)=O,COC(C=O)CC(=O)Nc1c(N)cc(Br)cc1C(=O)O,-3524.838457841863,0.9989183,Polyamidation,203.65099,-8.4102,-0.0433,0.26749403,0.00094421,0.20018691,0.06825133,1.888936288,-3524.638270931863,-3524.570019601863,8.3669,ORCA,QC,"opt+freq: b3lyp/def2-TZVP em=gd3bj
energy: wB97M-V/ma-def2-TZVP"
116,OMG_polymer_44839,O=C(O)C(=O)CSc1ccccc1C(=O)O,Nc1c(F)ccc(C(=O)O)c1N,*Nc1c(F)ccc(C(=O)O)c1NC(=O)C(=O)CSc1ccccc1C(*)=O,Nc1c(F)ccc(C(=O)O)c1NC(=O)C(=O)CSc1ccccc1C=O,-1639.433702232547,0.99865675,Polyamidation,258.24336,-8.3839,-0.4938,0.30384013,0.00094421,0.22992494,0.07485941,4.885491476,-1639.203777292547,-1639.128917892547,7.8901,ORCA,QC,"opt+freq: b3lyp/def2-TZVP em=gd3bj
energy: wB97M-V/ma-def2-TZVP"
117,OMG_polymer_71537,NC(CCC(=O)O)C(=O)O,Nc1ccc(C(F)(F)F)c(N)c1C(=O)O,*Nc1ccc(C(F)(F)F)c(NC(=O)CCC(N)C(*)=O)c1C(=O)O,Nc1ccc(C(F)(F)F)c(NC(=O)CCC(N)C=O)c1C(=O)O,-1268.686416194239,0.98531383,Polyamidation,197.60216,-8.6826,0.202,0.29728026,0.00094421,0.22495965,0.07326482,2.533071781,-1268.461456544239,-1268.388191724239,8.8846,ORCA,QC,"opt+freq: b3lyp/def2-TZVP em=gd3bj
energy: wB97M-V/ma-def2-TZVP"
118,OMG_polymer_161437,CCC(C)C(NC(C)C(=O)O)C(=O)O,Nc1ccc(Br)c(C(=O)O)c1N,*Nc1ccc(Br)c(C(=O)O)c1NC(=O)C(C)NC(C(*)=O)C(C)CC,CCC(C)C(C=O)NC(C)C(=O)Nc1c(N)ccc(Br)c1C(=O)O,-3662.189494142406,0.9539232,Polyamidation,250.37661,-8.2235,0.2894,0.39884086,0.00094421,0.3202443,0.07954077,1.553842721,-3661.869249842406,-3661.789709072406,8.5129,ORCA,QC,"opt+freq: b3lyp/def2-TZVP em=gd3bj
energy: wB97M-V/ma-def2-TZVP"
119,OMG_polymer_192879,CC(C)(NCCC(=O)O)C(=O)O,Nc1ccc(S(=O)(=O)O)cc1N,*Nc1ccc(S(=O)(=O)O)cc1NC(=O)CCNC(C)(C)C(*)=O,CC(C)(C=O)NCCC(=O)Nc1cc(S(=O)(=O)O)ccc1N,-1445.446016880293,0.9990978,Polyamidation,219.00563,-8.8381,-0.0909,1.04741158,0.00094421,0.27644774,0.07300589,8.402864821,-1445.169569140293,-1444.397661090293,8.747200000000001,ORCA,QC,"opt+freq: b3lyp/def2-TZVP em=gd3bj
energy: wB97M-V/ma-def2-TZVP"
120,OMG_polymer_96747,Cc1cc(C)cc(C(=O)N(CC(=O)O)CC(=O)O)c1,COc1cc(N)c(N)cc1C(=O)O,*Nc1cc(OC)c(C(=O)O)cc1NC(=O)CN(CC(*)=O)C(=O)c1cc(C)cc(C)c1,COc1cc(N)c(NC(=O)CN(CC=O)C(=O)c2cc(C)cc(C)c2)cc1C(=O)O,-1429.805537081662,0.99943405,Polyamidation,301.38404,-7.8834,0.0584,0.45036101,0.00094421,0.36259603,0.0887092,7.541216906,-1429.442941051662,-1429.354231861662,7.9418,ORCA,QC,"opt+freq: b3lyp/def2-TZVP em=gd3bj
energy: wB97M-V/ma-def2-TZVP"
121,OMG_polymer_140643,O=C(O)c1cn(Cc2ccccc2)cc1C(=O)O,CCc1c(N)cc(C(=O)O)cc1N,*Nc1cc(C(=O)O)cc(NC(=O)c2cn(Cc3ccccc3)cc2C(*)=O)c1CC,CCc1c(N)cc(C(=O)O)cc1NC(=O)c1cn(Cc2ccccc2)cc1C=O,-1316.232300521775,0.9982893,Polyamidation,301.1043,-8.264,-0.0648,0.42383809,0.00094421,0.34203363,0.08274867,11.194617331,-1315.890266891775,-1315.807518221775,8.1992,ORCA,QC,"opt+freq: b3lyp/def2-TZVP em=gd3bj
energy: wB97M-V/ma-def2-TZVP"
122,OMG_polymer_146275,O=C1CCC(C(=O)O)(C(=O)O)CC1,Nc1cc(C(=O)O)cnc1N,*Nc1cc(C(=O)O)cnc1NC(=O)C1(C(*)=O)CCC(=O)CC1,Nc1cc(C(=O)O)cnc1NC(=O)C1(C=O)CCC(=O)CC1,-1083.021377557737,0.993807,Polyamidation,202.99909,-8.69,0.1086,0.30742482,0.00094421,0.24061555,0.06775348,6.372800574,-1082.780762007737,-1082.713008527737,8.798599999999999,ORCA,QC,"opt+freq: b3lyp/def2-TZVP em=gd3bj
energy: wB97M-V/ma-def2-TZVP"
123,OMG_polymer_86676,O=C(O)c1ccc(C(=O)O)[nH]1,Nc1ccc(F)c(C(=O)O)c1N,*Nc1ccc(F)c(C(=O)O)c1NC(=O)c1ccc(C(*)=O)[nH]1,Nc1ccc(F)c(C(=O)O)c1NC(=O)c1ccc(C=O)[nH]1,-1066.546094472799,0.99805814,Polyamidation,202.48559,-8.3158,-0.325,0.24231605,0.00094421,0.18035374,0.06290652,2.227482645,-1066.365740732799,-1066.302834212799,7.990799999999999,ORCA,QC,"opt+freq: b3lyp/def2-TZVP em=gd3bj
energy: wB97M-V/ma-def2-TZVP"
124,OMG_polymer_147941,O=C(O)Cc1c(F)cccc1C(=O)O,NN=C(C(=O)O)c1ccccc1N,*NN=C(C(=O)O)c1ccccc1NC(=O)Cc1c(F)cccc1C(*)=O,NN=C(C(=O)O)c1ccccc1NC(=O)Cc1c(F)cccc1C=O,-1221.330535594476,0.99317604,Polyamidation,235.93398,-8.6057,-0.2619,0.31360252,0.00094421,0.24159188,0.07295485,5.901617713,-1221.088943714476,-1221.015988864476,8.3438,ORCA,QC,"opt+freq: b3lyp/def2-TZVP em=gd3bj
energy: wB97M-V/ma-def2-TZVP"
125,OMG_polymer_83454,O=C(O)C(C(=O)O)C12CC3CC(CC(C3)C1)C2,Nc1cc(S(=O)(=O)O)cnc1N,*Nc1cc(S(=O)(=O)O)cnc1NC(=O)C(C(*)=O)C12CC3CC(CC(C3)C1)C2,Nc1cc(S(=O)(=O)O)cnc1NC(=O)C(C=O)C12CC3CC(CC(C3)C1)C2,-1638.415950071631,0.87700355,Polyamidation,259.97765,-9.1286,-0.0493,0.43171171,0.00094421,0.35716569,0.07549023,4.940724736,-1638.058784381631,-1637.983294151631,9.0793,ORCA,QC,"opt+freq: b3lyp/def2-TZVP em=gd3bj
energy: wB97M-V/ma-def2-TZVP"
126,OMG_polymer_29596,O=C(O)c1cocc1C(=O)O,Nc1cnc(C(=O)O)cc1N,*Nc1cnc(C(=O)O)cc1NC(=O)c1cocc1C(*)=O,Nc1cnc(C(=O)O)cc1NC(=O)c1cocc1C=O,-1003.179144575343,0.9978719,Polyamidation,183.30765,-9.1383,-0.1639,0.22462138,0.00094421,0.16269689,0.06286871,6.739309649,-1003.016447685343,-1002.953578985343,8.9744,ORCA,QC,"opt+freq: b3lyp/def2-TZVP em=gd3bj
energy: wB97M-V/ma-def2-TZVP"
127,OMG_polymer_84069,O=C(O)c1cccc2cccc(C(=O)O)c12,Nc1ccc2c(S(=O)(=O)O)cccc2c1N,*Nc1ccc2c(S(=O)(=O)O)cccc2c1NC(=O)c1cccc2cccc(C(*)=O)c12,Nc1ccc2c(S(=O)(=O)O)cccc2c1NC(=O)c1cccc2cccc(C=O)c12,-1731.896179248768,0.9744105,Polyamidation,318.99524,-8.3505,-0.5734,0.36779717,0.00094421,0.29119198,0.0775494,7.912021576,-1731.604987268768,-1731.527437868768,7.7771,ORCA,QC,"opt+freq: b3lyp/def2-TZVP em=gd3bj
energy: wB97M-V/ma-def2-TZVP"
128,OMG_polymer_27859,O=C(O)C(Cc1cccc2ccccc12)C(=O)O,Cc1cc(N)c(C(=O)O)c(N)c1,*Nc1cc(C)cc(NC(=O)C(Cc2cccc3ccccc23)C(*)=O)c1C(=O)O,Cc1cc(N)c(C(=O)O)c(NC(=O)C(C=O)Cc2cccc3ccccc23)c1,-1260.904162695765,0.9995054,Polyamidation,283.80743,-8.0968,0.1373,0.405475,0.00094421,0.32972594,0.07669327,4.56193138,-1260.574436755765,-1260.497743485765,8.2341,ORCA,QC,"opt+freq: b3lyp/def2-TZVP em=gd3bj
energy: wB97M-V/ma-def2-TZVP"
129,OMG_polymer_164692,O=C(O)CN(CC(=O)O)C(=O)C(Cl)(Cl)Cl,Nc1cc(Br)cc(C(=O)O)c1N,*Nc1cc(Br)cc(C(=O)O)c1NC(=O)CN(CC(*)=O)C(=O)C(Cl)(Cl)Cl,Nc1cc(Br)cc(C(=O)O)c1NC(=O)CN(CC=O)C(=O)C(Cl)(Cl)Cl,-4997.102355866468,0.9992237,Polyamidation,258.25064,-8.6423,0.0004,0.26643779,0.00094421,0.18791219,0.07946981,3.566403617,-4996.914443676468,-4996.834973866468,8.642700000000001,ORCA,QC,"opt+freq: b3lyp/def2-TZVP em=gd3bj
energy: wB97M-V/ma-def2-TZVP"
130,OMG_polymer_79690,Nc1c(Br)c(C(=O)O)c(Br)c(C(=O)O)c1Br,Nc1cc(N)c(CC(=O)O)cc1Cl,*Nc1cc(NC(=O)c2c(Br)c(N)c(Br)c(C(*)=O)c2Br)c(CC(=O)O)cc1Cl,Nc1cc(NC(=O)c2c(Br)c(N)c(Br)c(C=O)c2Br)c(CC(=O)O)cc1Cl,-9263.852166476461,0.99266124,Polyamidation,315.44084,-8.3408,-0.4679,0.28041614,0.00094421,0.19728379,0.08407656,3.086595777,-9263.654882686462,-9263.570806126461,7.8729,ORCA,QC,"opt+freq: b3lyp/def2-TZVP em=gd3bj
energy: wB97M-V/ma-def2-TZVP"
131,OMG_polymer_69717,O=C(O)COc1cc(Cl)ccc1C(=O)O,Nc1cc(Br)c(C(=O)O)cc1N,*Nc1cc(Br)c(C(=O)O)cc1NC(=O)COc1cc(Cl)ccc1C(*)=O,Nc1cc(Br)c(C(=O)O)cc1NC(=O)COc1cc(Cl)ccc1C=O,-4136.877931797906,0.9996567,Polyamidation,270.75899,-8.7269,-0.5048,0.28548633,0.00094421,0.20964049,0.07679006,3.326132826,-4136.668291307906,-4136.591501257906,8.222100000000001,ORCA,QC,"opt+freq: b3lyp/def2-TZVP em=gd3bj
energy: wB97M-V/ma-def2-TZVP"
132,OMG_polymer_205415,CC(C)(C)OC(=O)NC(CCSSCCC(NC(=O)OC(C)(C)C)C(=O)O)C(=O)O,Nc1cc(C(=O)O)cc(N)c1F,*Nc1cc(C(=O)O)cc(NC(=O)C(CCSSCCC(NC(=O)OC(C)(C)C)C(*)=O)NC(=O)OC(C)(C)C)c1F,CC(C)(C)OC(=O)NC(C=O)CCSSCCC(NC(=O)OC(C)(C)C)C(=O)Nc1cc(C(=O)O)cc(N)c1F,-2692.173787620285,0.71133065,Polyamidation,405.26041,-8.7173,-0.0083,0.6655681499999999,0.00094421,0.54667936,0.119833,5.958198347,-2691.627108260285,-2691.507275260285,8.709,ORCA,QC,"opt+freq: b3lyp/def2-TZVP em=gd3bj
energy: wB97M-V/ma-def2-TZVP"
133,OMG_polymer_75142,NC(C(=O)O)C(OCc1ccccc1)C(=O)O,Nc1cc(F)cc(C(=O)O)c1N,*Nc1cc(F)cc(C(=O)O)c1NC(=O)C(N)C(OCc1ccccc1)C(*)=O,Nc1cc(F)cc(C(=O)O)c1NC(=O)C(N)C(C=O)OCc1ccccc1,-1337.099003613246,0.9367784,Polyamidation,255.82521,-8.5447,-0.1397,0.37303769,0.00094421,0.29544154,0.07854037,2.816907627,-1336.803562073246,-1336.725021713246,8.405000000000001,ORCA,QC,"opt+freq: b3lyp/def2-TZVP em=gd3bj
energy: wB97M-V/ma-def2-TZVP"
134,OMG_polymer_21091,Cc1ccc(C(=O)O)c(C(=O)O)c1,Nc1ccc(C(=O)O)c(N)n1,*Nc1ccc(C(=O)O)c(NC(=O)c2ccc(C)cc2C(*)=O)n1,Cc1ccc(C(=O)Nc2nc(N)ccc2C(=O)O)c(C=O)c1,-1044.709558693989,0.9989956,Polyamidation,226.19172,-8.6077,0.0335,0.8526813000000001,0.00094421,0.21630432,0.06821344,6.082150064,-1044.493254373989,-1043.855933183989,8.6412,ORCA,QC,"opt+freq: b3lyp/def2-TZVP em=gd3bj
energy: wB97M-V/ma-def2-TZVP"
135,OMG_polymer_136841,O=C(O)c1ncsc1C(=O)O,Nc1cc(N)c(C(=O)O)c(Cl)c1,*Nc1cc(Cl)c(C(=O)O)c(NC(=O)c2ncsc2C(*)=O)c1,Nc1cc(Cl)c(C(=O)O)c(NC(=O)c2ncsc2C=O)c1,-1785.760016436018,0.99743915,Polyamidation,223.74255,-8.6703,-0.8054,0.21334315,0.00094421,0.14833627,0.06595108,2.790445631,-1785.611680166018,-1785.545729076018,7.8649,ORCA,QC,"opt+freq: b3lyp/def2-TZVP em=gd3bj
energy: wB97M-V/ma-def2-TZVP"
136,OMG_polymer_179287,COc1ccc(S(=O)(=O)N(CC(=O)O)CC(=O)O)cc1,Nc1cc(CC(=O)O)c(N)cc1Cl,*Nc1cc(CC(=O)O)c(NC(=O)CN(CC(*)=O)S(=O)(=O)c2ccc(OC)cc2)cc1Cl,COc1ccc(S(=O)(=O)N(CC=O)CC(=O)Nc2cc(Cl)c(N)cc2CC(=O)O)cc1,-2285.385074542603,0.99939525,Polyamidation,304.50829,-8.2461,0.122,0.41529083,0.00094421,0.32685347,0.08938156,4.241535172,-2285.058221072603,-2284.968839502603,8.3681,ORCA,QC,"opt+freq: b3lyp/def2-TZVP em=gd3bj
energy: wB97M-V/ma-def2-TZVP"
137,OMG_polymer_114266,O=C(O)CCSc1ccccc1C(=O)O,Nc1cc(C(=O)O)c(N)cc1F,*Nc1cc(C(=O)O)c(NC(=O)CCSc2ccccc2C(*)=O)cc1F,Nc1cc(C(=O)O)c(NC(=O)CCSc2ccccc2C=O)cc1F,-1565.399159361007,0.9994253,Polyamidation,258.34354,-8.002,-0.5804,0.32258504,0.00094421,0.25059716,0.07293209,4.749873863,-1565.148562201007,-1565.075630111007,7.421600000000001,ORCA,QC,"opt+freq: b3lyp/def2-TZVP em=gd3bj
energy: wB97M-V/ma-def2-TZVP"
138,OMG_polymer_104918,Cc1cc(C(=O)O)c(C(=O)O)cc1C,Nc1ccc(CC(N)C(=O)O)cc1,*Nc1ccc(CC(NC(=O)c2cc(C)c(C)cc2C(*)=O)C(=O)O)cc1,Cc1cc(C=O)c(C(=O)NC(Cc2ccc(N)cc2)C(=O)O)cc1C,-1146.558053403664,0.9994307,Polyamidation,252.53325,-8.3909,0.0789,0.38541528,0.00094421,0.30974287,0.07661662,8.955383711,-1146.248310533664,-1146.171693913664,8.469800000000001,ORCA,QC,"opt+freq: b3lyp/def2-TZVP em=gd3bj
energy: wB97M-V/ma-def2-TZVP"
139,OMG_polymer_41500,O=C(O)CN(CC(=O)O)NS(=O)(=O)c1ccccc1,Nc1cc(C(=O)O)cc(N)c1C(F)F,*Nc1cc(C(=O)O)cc(NC(=O)CN(CC(*)=O)NS(=O)(=O)c2ccccc2)c1C(F)F,Nc1cc(C(=O)O)cc(NC(=O)CN(CC=O)NS(=O)(=O)c2ccccc2)c1C(F)F,-1965.123866177849,0.99538594,Polyamidation,279.75352,-8.5879,-0.0209,0.39198101,0.00094421,0.30676292,0.0861623,2.305059187,-1964.817103257849,-1964.730940957849,8.567,ORCA,QC,"opt+freq: b3lyp/def2-TZVP em=gd3bj
energy: wB97M-V/ma-def2-TZVP"
140,OMG_polymer_14958,O=C(O)Cc1cc(Br)cnc1C(=O)O,Cc1c(N)cc(C(=O)O)cc1N,*Nc1cc(C(=O)O)cc(NC(=O)Cc2cc(Br)cnc2C(*)=O)c1C,Cc1c(N)cc(C(=O)O)cc1NC(=O)Cc1cc(Br)cnc1C=O,-3657.406247203964,0.99968183,Polyamidation,251.46386,-8.4239,-0.8308,0.30556604,0.00094421,0.23191007,0.07460018,5.661772612,-3657.174337133964,-3657.099736953964,7.5931,ORCA,QC,"opt+freq: b3lyp/def2-TZVP em=gd3bj
energy: wB97M-V/ma-def2-TZVP"
141,OMG_polymer_23907,Cc1cc(C(=O)O)cc(C(=O)O)c1,Nc1cc(C(=O)O)cc(Br)c1N,*Nc1cc(C(=O)O)cc(Br)c1NC(=O)c1cc(C)cc(C(*)=O)c1,Cc1cc(C=O)cc(C(=O)Nc2c(N)cc(C(=O)O)cc2Br)c1,-3602.06673998266,0.99960333,Polyamidation,251.68851,-8.5976,-0.4082,0.86293351,0.00094421,0.21834306,0.06962195,1.657011292,-3601.84839692266,-3601.20286226266,8.1894,ORCA,QC,"opt+freq: b3lyp/def2-TZVP em=gd3bj
energy: wB97M-V/ma-def2-TZVP"
142,OMG_polymer_14109,CC(=O)NC(CSSCC(N)C(=O)O)C(=O)O,Nc1cc(C(=O)O)ccc1S(N)(=O)=O,*Nc1cc(C(=O)O)ccc1S(=O)(=O)NC(=O)C(N)CSSCC(NC(C)=O)C(*)=O,CC(=O)NC(C=O)CSSCC(N)C(=O)NS(=O)(=O)c1ccc(C(=O)O)cc1N,-2523.939879052404,0.5371628,Polyamidation,296.12328,-8.5683,-0.1473,1.98559605,0.00094421,0.30913711,0.08868417,2.649246063,-2523.630741942404,-2521.953338792404,8.421000000000001,ORCA,QC,"opt+freq: b3lyp/def2-TZVP em=gd3bj
energy: wB97M-V/ma-def2-TZVP"
143,OMG_polymer_83339,O=C(O)C(C(=O)O)C12CC3CC(CC(C3)C1)C2,Nc1ccc2cc(S(=O)(=O)O)ccc2c1N,*Nc1ccc2cc(S(=O)(=O)O)ccc2c1NC(=O)C(C(*)=O)C12CC3CC(CC(C3)C1)C2,Nc1ccc2cc(S(=O)(=O)O)ccc2c1NC(=O)C(C=O)C12CC3CC(CC(C3)C1)C2,-1776.01879379917,0.80915344,Polyamidation,319.71418,-8.0864,0.1214,0.49407025,0.00094421,0.41545808,0.07955638,8.54434837,-1775.60333571917,-1775.52377933917,8.207799999999999,ORCA,QC,"opt+freq: b3lyp/def2-TZVP em=gd3bj
energy: wB97M-V/ma-def2-TZVP"
144,OMG_polymer_74757,O=C(O)c1cc[nH]c1C(=O)O,Nc1c(Cl)ccc(C(=O)O)c1N,*Nc1c(Cl)ccc(C(=O)O)c1NC(=O)c1cc[nH]c1C(*)=O,Nc1c(Cl)ccc(C(=O)O)c1NC(=O)c1cc[nH]c1C=O,-1426.883756980994,0.9975561,Polyamidation,214.99083,-8.4458,-0.3491,0.24156601,0.00094421,0.17815112,0.06435909,4.718242262,-1426.705605860994,-1426.641246760994,8.0967,ORCA,QC,"opt+freq: b3lyp/def2-TZVP em=gd3bj
energy: wB97M-V/ma-def2-TZVP"
145,OMG_polymer_20502,Nc1cccc(C(=O)O)c1C(=O)O,Nc1ncnc(N)c1C(=O)O,*Nc1ncnc(NC(=O)c2cccc(N)c2C(*)=O)c1C(=O)O,Nc1cccc(C(=O)Nc2ncnc(N)c2C(=O)O)c1C=O,-1076.827869959169,0.9842911,Polyamidation,215.25194,-8.495,-0.191,0.26192671,0.00094421,0.19714649,0.06572444,6.287413284,-1076.630723469169,-1076.564999039169,8.303999999999998,ORCA,QC,"opt+freq: b3lyp/def2-TZVP em=gd3bj
energy: wB97M-V/ma-def2-TZVP"
146,OMG_polymer_66197,O=C(O)c1ccc(Cl)c2c(Cl)ccc(C(=O)O)c12,COc1ccc(N)c(C(=O)O)c1N,*Nc1ccc(OC)c(NC(=O)c2ccc(Cl)c3c(Cl)ccc(C(*)=O)c23)c1C(=O)O,COc1ccc(N)c(C(=O)O)c1NC(=O)c1ccc(Cl)c2c(Cl)ccc(C=O)c12,0.0,0.9890976,Polyamidation,0.0,0.0,0.0,0.33440439,0.00094421,0.25632852,0.07902008,4.54226051,0.25632852,0.3353486,0.0,ORCA,QC,"opt+freq: b3lyp/def2-TZVP em=gd3bj
energy: wB97M-V/ma-def2-TZVP"
147,OMG_polymer_86252,Cc1c(C(=O)O)sc2sc(C(=O)O)c(C)c12,Nc1ccc(C(N)C(=O)O)cc1,*Nc1ccc(C(NC(=O)c2sc3sc(C(*)=O)c(C)c3c2C)C(=O)O)cc1,Cc1c(C=O)sc2sc(C(=O)NC(C(=O)O)c3ccc(N)cc3)c(C)c12,-1902.423164313876,0.99164385,Polyamidation,289.26922,-8.3013,-0.1068,0.33816103,0.00094421,0.25980246,0.07930278,5.017328298,-1902.163361853876,-1902.084059073876,8.1945,ORCA,QC,"opt+freq: b3lyp/def2-TZVP em=gd3bj
energy: wB97M-V/ma-def2-TZVP"
148,OMG_polymer_34889,O=C(O)C(Cc1ccccc1Br)C(=O)O,Nc1ccc(C(F)(F)F)c(N)c1C(=O)O,*Nc1ccc(C(F)(F)F)c(NC(=O)C(Cc2ccccc2Br)C(*)=O)c1C(=O)O,Nc1ccc(C(F)(F)F)c(NC(=O)C(C=O)Cc2ccccc2Br)c1C(=O)O,-3978.494362860089,0.9984114,Polyamidation,263.87354,-8.7557,0.1012,0.3259359,0.00094421,0.24636834,0.08051177,3.457070812,-3978.247994520089,-3978.167482750089,8.8569,ORCA,QC,"opt+freq: b3lyp/def2-TZVP em=gd3bj
energy: wB97M-V/ma-def2-TZVP"
149,OMG_polymer_200544,O=C(O)CN(CC(=O)O)N=Cc1cccc(F)c1,N#Cc1ccc(C(=O)O)c(N)c1N,*Nc1c(C(=O)O)ccc(C#N)c1NC(=O)CN(CC(*)=O)N=Cc1cccc(F)c1,N#Cc1ccc(C(=O)O)c(N)c1NC(=O)CN(CC=O)N=Cc1cccc(F)c1,-1408.243724036801,0.9858957,Polyamidation,284.06286,-8.5966,-0.39,0.36092843,0.00094421,0.28106732,0.08080531,4.912468897,-1407.962656716801,-1407.881851396801,8.2066,ORCA,QC,"opt+freq: b3lyp/def2-TZVP em=gd3bj
energy: wB97M-V/ma-def2-TZVP"
150,OMG_polymer_44276,CC(CSCC(C)C(=O)O)C(=O)O,Nc1ccc(C(F)(F)F)c(N)c1C(=O)O,*Nc1ccc(C(F)(F)F)c(NC(=O)C(C)CSCC(C)C(*)=O)c1C(=O)O,CC(C=O)CSCC(C)C(=O)Nc1c(C(F)(F)F)ccc(N)c1C(=O)O,-1729.431317060284,0.9775644,Polyamidation,242.75455,-8.6018,0.2146,0.36989792,0.00094421,0.2892552,0.08158693,3.194956651,-1729.142061860284,-1729.060474930284,8.816400000000002,ORCA,QC,"opt+freq: b3lyp/def2-TZVP em=gd3bj
energy: wB97M-V/ma-def2-TZVP"
151,OMG_polymer_171388,O=C(O)c1ccccc1C(=O)Nc1c(F)cccc1C(=O)O,COc1cc(C(=O)O)c(N)cc1N,*Nc1cc(NC(=O)c2ccccc2C(=O)Nc2c(F)cccc2C(*)=O)c(OC)cc1C(=O)O,COc1cc(C(=O)O)c(N)cc1NC(=O)c1ccccc1C(=O)Nc1c(F)cccc1C=O,-1602.916438499972,0.9967397,Polyamidation,315.17206,-7.7285,-0.3174,0.41099488,0.00094421,0.32731743,0.08462166,2.879228246,-1602.589121069972,-1602.504499409972,7.4111,ORCA,QC,"opt+freq: b3lyp/def2-TZVP em=gd3bj
energy: wB97M-V/ma-def2-TZVP"
152,OMG_polymer_59324,O=C(O)Cc1ccc(COCc2ccc(CC(=O)O)cc2)cc1,Cc1cc(N)c(C(=O)O)c(N)c1,*Nc1cc(C)cc(NC(=O)Cc2ccc(COCc3ccc(CC(*)=O)cc3)cc2)c1C(=O)O,Cc1cc(N)c(C(=O)O)c(NC(=O)Cc2ccc(COCc3ccc(CC=O)cc3)cc2)c1,-1492.145048229115,0.9970765,Polyamidation,339.76539,-7.9122,0.1505,0.50615859,0.00094421,0.41661202,0.09049079,4.503219717,-1491.728436209115,-1491.637945429115,8.0627,ORCA,QC,"opt+freq: b3lyp/def2-TZVP em=gd3bj
energy: wB97M-V/ma-def2-TZVP"
153,OMG_polymer_141756,Nc1cc(C(=O)O)nc(C(=O)O)c1,Nc1ncnc(N)c1C(=O)O,*Nc1ncnc(NC(=O)c2cc(N)cc(C(*)=O)n2)c1C(=O)O,Nc1cc(C=O)nc(C(=O)Nc2ncnc(N)c2C(=O)O)c1,0.0,0.98657167,Polyamidation,0.0,0.0,0.0,0.0,0.0,0.0,0.0,0.0,0.0,0.0,0.0,ORCA,QC,"opt+freq: b3lyp/def2-TZVP em=gd3bj
energy: wB97M-V/ma-def2-TZVP"
154,OMG_polymer_185612,O=C(O)CCN(CCC(=O)O)S(=O)(=O)c1ccc(Cl)cc1,Nc1ccc(S(N)(=O)=O)cc1C(=O)O,*Nc1ccc(S(=O)(=O)NC(=O)CCN(CCC(*)=O)S(=O)(=O)c2ccc(Cl)cc2)cc1C(=O)O,Nc1ccc(S(=O)(=O)NC(=O)CCN(CCC=O)S(=O)(=O)c2ccc(Cl)cc2)cc1C(=O)O,-2758.827192706622,0.9887446,Polyamidation,308.37859,-9.1715,-0.3694,0.42446384,0.00094421,0.3346171,0.09079095,7.891334158,-2758.492575606622,-2758.401784656622,8.8021,ORCA,QC,"opt+freq: b3lyp/def2-TZVP em=gd3bj
energy: wB97M-V/ma-def2-TZVP"
155,OMG_polymer_42585,COc1ccc(S(=O)(=O)NN(CC(=O)O)CC(=O)O)cc1,Nc1cc(Cl)c(C(=O)O)cc1N,*Nc1cc(Cl)c(C(=O)O)cc1NC(=O)CN(CC(*)=O)NS(=O)(=O)c1ccc(OC)cc1,COc1ccc(S(=O)(=O)NN(CC=O)CC(=O)Nc2cc(C(=O)O)c(Cl)cc2N)cc1,-2301.406423430646,0.9982522,Polyamidation,293.26843,-8.6115,0.1138,0.40299336,0.00094421,0.31709007,0.0868475,3.260748409,-2301.089333360646,-2301.002485860646,8.725299999999999,ORCA,QC,"opt+freq: b3lyp/def2-TZVP em=gd3bj
energy: wB97M-V/ma-def2-TZVP"
156,OMG_polymer_43650,CCS(=O)(=O)NN(CC(=O)O)CC(=O)O,Nc1cc(C(F)(F)F)cc(N)c1C(=O)O,*Nc1cc(C(F)(F)F)cc(NC(=O)CN(CC(*)=O)NS(=O)(=O)CC)c1C(=O)O,CCS(=O)(=O)NN(CC=O)CC(=O)Nc1cc(C(F)(F)F)cc(N)c1C(=O)O,-1911.974810062336,0.99140584,Polyamidation,236.94793,-8.762,-0.092,0.35731335,0.00094421,0.27482757,0.08343,4.657921457,-1911.699982492336,-1911.616552502336,8.67,ORCA,QC,"opt+freq: b3lyp/def2-TZVP em=gd3bj
energy: wB97M-V/ma-def2-TZVP"
157,OMG_polymer_159427,O=C(O)CC(=O)NC(C(=O)O)c1ccccc1,Nc1cc(C(=O)O)c(N)cc1Br,*Nc1cc(C(=O)O)c(NC(=O)CC(=O)NC(C(*)=O)c2ccccc2)cc1Br,Nc1cc(C(=O)O)c(NC(=O)CC(=O)NC(C=O)c2ccccc2)cc1Br,-3810.090572677404,0.99842995,Polyamidation,283.71518,-8.2414,-0.2564,0.34802144,0.00094421,0.2697719,0.07919374,7.894544122,-3809.820800777404,-3809.741607027404,7.985,ORCA,QC,"opt+freq: b3lyp/def2-TZVP em=gd3bj
energy: wB97M-V/ma-def2-TZVP"
158,OMG_polymer_187613,COc1nc(Oc2ccc(C(=O)O)cc2)nc(Oc2ccc(C(=O)O)cc2)n1,Nc1cc(Br)cc(N)c1C(=O)O,*Nc1cc(Br)cc(NC(=O)c2ccc(Oc3nc(OC)nc(Oc4ccc(C(*)=O)cc4)n3)cc2)c1C(=O)O,COc1nc(Oc2ccc(C=O)cc2)nc(Oc2ccc(C(=O)Nc3cc(Br)cc(N)c3C(=O)O)cc2)n1,0.0,0.9454246,Polyamidation,0.0,0.0,0.0,0.0,0.0,0.0,0.0,0.0,0.0,0.0,0.0,ORCA,QC,"opt+freq: b3lyp/def2-TZVP em=gd3bj
energy: wB97M-V/ma-def2-TZVP"
159,OMG_polymer_69328,O=C(O)C1CC2=C(CC1C(=O)O)CN(C(=O)OCc1ccccc1)C2,Nc1ccc(C(N)C(=O)O)cc1,*Nc1ccc(C(NC(=O)C2CC3=C(CC2C(*)=O)CN(C(=O)OCc2ccccc2)C3)C(=O)O)cc1,Nc1ccc(C(NC(=O)C2CC3=C(CC2C=O)CN(C(=O)OCc2ccccc2)C3)C(=O)O)cc1,-1622.75562652761,0.63397694,Polyamidation,339.29737,-8.5659,0.0549,0.53140525,0.00094421,0.43881978,0.09352968,7.283663335,-1622.31680674761,-1622.22327706761,8.6208,ORCA,QC,"opt+freq: b3lyp/def2-TZVP em=gd3bj
energy: wB97M-V/ma-def2-TZVP"
160,OMG_polymer_168059,CCOC(=O)C1(C(=O)N(CC(=O)O)CC(=O)O)CCCCC1,CC(N)C(N)C(=O)O,*NC(C)C(NC(=O)CN(CC(*)=O)C(=O)C1(C(=O)OCC)CCCCC1)C(=O)O,CCOC(=O)C1(C(=O)N(CC=O)CC(=O)NC(C(=O)O)C(C)N)CCCCC1,-1394.323565598557,0.8904611,Polyamidation,250.8396,-9.4473,0.3256,0.50864587,0.00094421,0.4229057,0.08668439,2.852667675,-1393.900659898557,-1393.813975518557,9.7729,ORCA,QC,"opt+freq: b3lyp/def2-TZVP em=gd3bj
energy: wB97M-V/ma-def2-TZVP"
161,OMG_polymer_161758,O=C(O)c1cc(OCc2ccncc2)cc(C(=O)O)c1,Cc1cc(N)cc(N)c1C(=O)O,*Nc1cc(C)c(C(=O)O)c(NC(=O)c2cc(OCc3ccncc3)cc(C(*)=O)c2)c1,Cc1cc(N)cc(NC(=O)c2cc(C=O)cc(OCc3ccncc3)c2)c1C(=O)O,-1390.274999747669,0.9982003,Polyamidation,313.03288,-8.3316,-0.3022,0.40552932,0.00094421,0.32524863,0.0812249,4.982443265,-1389.949751117669,-1389.868526217669,8.029399999999999,ORCA,QC,"opt+freq: b3lyp/def2-TZVP em=gd3bj
energy: wB97M-V/ma-def2-TZVP"
162,OMG_polymer_127876,NNS(=O)(=O)c1cc(C(=O)O)cc(C(=O)O)c1,N#Cc1cc(N)c(C(=O)O)cc1N,*Nc1cc(C#N)c(NC(=O)c2cc(C(*)=O)cc(S(=O)(=O)NN)c2)cc1C(=O)O,N#Cc1cc(N)c(C(=O)O)cc1NC(=O)c1cc(C=O)cc(S(=O)(=O)NN)c1,-1740.947494045459,0.9401061,Polyamidation,280.57375,-8.4606,-0.7858,0.31783161,0.00094421,0.23884467,0.07993114,8.244867827,-1740.708649375459,-1740.628718225459,7.674799999999999,ORCA,QC,"opt+freq: b3lyp/def2-TZVP em=gd3bj
energy: wB97M-V/ma-def2-TZVP"
163,OMG_polymer_171514,O=C(O)c1ccccc1C(=O)Nc1c(Cl)cccc1C(=O)O,Nc1cc(Cl)c(N)c(C(=O)O)c1,*Nc1cc(Cl)c(NC(=O)c2ccccc2C(=O)Nc2c(Cl)cccc2C(*)=O)c(C(=O)O)c1,Nc1cc(Cl)c(NC(=O)c2ccccc2C(=O)Nc2c(Cl)cccc2C=O)c(C(=O)O)c1,-2308.303274492695,0.9966234,Polyamidation,327.58048,-8.3864,0.0049,0.36573474,0.00094421,0.28103832,0.08564063,2.264749368,-2308.022236172695,-2307.936595542695,8.3913,ORCA,QC,"opt+freq: b3lyp/def2-TZVP em=gd3bj
energy: wB97M-V/ma-def2-TZVP"
164,OMG_polymer_159153,NS(=O)(=O)c1cc(C(=O)O)cc(C(=O)O)c1,Nc1cc(F)c(S(N)(=O)=O)cc1C(=O)O,*Nc1cc(F)c(S(=O)(=O)NC(=O)c2cc(C(*)=O)cc(S(N)(=O)=O)c2)cc1C(=O)O,Nc1cc(F)c(S(=O)(=O)NC(=O)c2cc(C=O)cc(S(N)(=O)=O)c2)cc1C(=O)O,-2241.276908839675,0.98524296,Polyamidation,269.424,-9.0808,-0.7445,0.30520098,0.00094421,0.22265747,0.08348772,7.13805319,-2241.054251369675,-2240.970763649675,8.3363,ORCA,QC,"opt+freq: b3lyp/def2-TZVP em=gd3bj
energy: wB97M-V/ma-def2-TZVP"
165,OMG_polymer_91572,O=C(O)c1cc(C(=O)O)cc(N2C(=O)c3ccccc3C2=O)c1,Nc1nccc(C(=O)O)c1N,*Nc1nccc(C(=O)O)c1NC(=O)c1cc(C(*)=O)cc(N2C(=O)c3ccccc3C2=O)c1,Nc1nccc(C(=O)O)c1NC(=O)c1cc(C=O)cc(N2C(=O)c3ccccc3C2=O)c1,-1517.341914761285,0.9935743,Polyamidation,313.10583,-8.6489,-0.8061,0.35932553,0.00094421,0.27903621,0.08123352,7.852875327,-1517.062878551285,-1516.981645021285,7.8428,ORCA,QC,"opt+freq: b3lyp/def2-TZVP em=gd3bj
energy: wB97M-V/ma-def2-TZVP"
166,OMG_polymer_22395,CC(C)(C(=O)O)C(=O)O,Nc1ccc2c(S(=O)(=O)O)cccc2c1N,*Nc1ccc2c(S(=O)(=O)O)cccc2c1NC(=O)C(C)(C)C(*)=O,CC(C)(C=O)C(=O)Nc1c(N)ccc2c(S(=O)(=O)O)cccc12,-1465.128060191487,0.9946878,Polyamidation,235.64439,-8.3348,-0.3446,0.3213313,0.00094421,0.25130233,0.07097318,3.517050514,-1464.876757861487,-1464.805784681487,7.9902,ORCA,QC,"opt+freq: b3lyp/def2-TZVP em=gd3bj
energy: wB97M-V/ma-def2-TZVP"
167,OMG_polymer_8083,O=C(O)C1=C(C(=O)O)CSC1,Cc1ccc(N)c(N)c1C(=O)O,*Nc1ccc(C)c(C(=O)O)c1NC(=O)C1=C(C(*)=O)CSC1,Cc1ccc(N)c(NC(=O)C2=C(C=O)CSC2)c1C(=O)O,-1350.588498335184,0.9584794,Polyamidation,221.08335,-8.3789,-0.534,0.28646477,0.00094421,0.2197734,0.06763559,4.511491015,-1350.368724935184,-1350.301089355184,7.8449,ORCA,QC,"opt+freq: b3lyp/def2-TZVP em=gd3bj
energy: wB97M-V/ma-def2-TZVP"
168,OMG_polymer_108554,O=C(O)c1cc(C(=O)O)cc(C(=O)CCBr)c1,Nc1ccc(C(F)(F)F)c(C(=O)O)c1N,*Nc1ccc(C(F)(F)F)c(C(=O)O)c1NC(=O)c1cc(C(*)=O)cc(C(=O)CCBr)c1,Nc1ccc(C(F)(F)F)c(C(=O)O)c1NC(=O)c1cc(C=O)cc(C(=O)CCBr)c1,-4091.849477888947,0.9791158,Polyamidation,290.37263,-8.7755,-0.7672,0.33810672,0.00094421,0.25446799,0.08458294,1.569266311,-4091.595009898947,-4091.510426958947,8.008299999999998,ORCA,QC,"opt+freq: b3lyp/def2-TZVP em=gd3bj
energy: wB97M-V/ma-def2-TZVP"
169,OMG_polymer_12060,O=C(O)CN(CC(=O)O)C(=O)c1cccc(Br)c1,Nc1cc(S(=O)(=O)O)c(N)cc1S(=O)(=O)O,*Nc1cc(S(=O)(=O)O)c(NC(=O)CN(CC(*)=O)C(=O)c2cccc(Br)c2)cc1S(=O)(=O)O,Nc1cc(S(=O)(=O)O)c(NC(=O)CN(CC=O)C(=O)c2cccc(Br)c2)cc1S(=O)(=O)O,-4869.289388258987,0.9352283,Polyamidation,317.74964,-8.664,-0.129,0.36872978,0.00094421,0.28114093,0.08853307,3.209391281,-4869.008247328987,-4868.919714268987,8.535,ORCA,QC,"opt+freq: b3lyp/def2-TZVP em=gd3bj
energy: wB97M-V/ma-def2-TZVP"
170,OMG_polymer_96959,O=C(O)CN(CC(=O)O)C(=O)CC(=O)C(F)(F)F,NCCCCC(N)C(=O)O,*NCCCCC(NC(=O)CN(CC(*)=O)C(=O)CC(=O)C(F)(F)F)C(=O)O,NCCCCC(NC(=O)CN(CC=O)C(=O)CC(=O)C(F)(F)F)C(=O)O,-1460.845730931886,0.95513123,Polyamidation,206.14564,-9.2648,0.0353,1.1528212,0.00094421,0.30202345,0.08250511,4.36610493,-1460.543707481886,-1459.691965521886,9.300099999999999,ORCA,QC,"opt+freq: b3lyp/def2-TZVP em=gd3bj
energy: wB97M-V/ma-def2-TZVP"
171,OMG_polymer_20814,Cc1ccc(C(=O)O)c(C(=O)O)n1,Nc1ccc(F)c(C(=O)O)c1N,*Nc1ccc(F)c(C(=O)O)c1NC(=O)c1ccc(C)nc1C(*)=O,Cc1ccc(C(=O)Nc2c(N)ccc(F)c2C(=O)O)c(C=O)n1,-1143.940544780254,0.99867237,Polyamidation,216.87477,-8.7033,-0.3214,0.27646078,0.00094421,0.20752713,0.06987787,8.181522894,-1143.733017650254,-1143.663139790254,8.3819,ORCA,QC,"opt+freq: b3lyp/def2-TZVP em=gd3bj
energy: wB97M-V/ma-def2-TZVP"
172,OMG_polymer_99932,O=C(O)c1ccc(CNCc2ccc(C(=O)O)cc2)cc1,Nc1ccc(S(=O)(=O)O)c(N)c1,*Nc1ccc(S(=O)(=O)O)c(NC(=O)c2ccc(CNCc3ccc(C(*)=O)cc3)cc2)c1,Nc1ccc(S(=O)(=O)O)c(NC(=O)c2ccc(CNCc3ccc(C=O)cc3)cc2)c1,-1789.63817951722,0.996503,Polyamidation,335.20521,-8.7608,0.0543,0.43253575,0.00094421,0.3474389,0.08604106,5.816961495,-1789.29074061722,-1789.20469955722,8.8151,ORCA,QC,"opt+freq: b3lyp/def2-TZVP em=gd3bj
energy: wB97M-V/ma-def2-TZVP"
173,OMG_polymer_201977,CCOC(=O)Nc1cc(C(=O)O)cc(C(=O)O)c1,NC(N)=NCCC(=O)O,*NC(=NCCC(=O)O)NC(=O)c1cc(NC(=O)OCC)cc(C(*)=O)c1,CCOC(=O)Nc1cc(C=O)cc(C(=O)NC(N)=NCCC(=O)O)c1,-1252.933391847142,0.99529076,Polyamidation,241.30351,-9.1454,-0.3028,0.3603237,0.00094421,0.28003085,0.08123706,3.474731916,-1252.653360997142,-1252.572123937142,8.842600000000001,ORCA,QC,"opt+freq: b3lyp/def2-TZVP em=gd3bj
energy: wB97M-V/ma-def2-TZVP"
174,OMG_polymer_107716,CCC(=O)c1c(C(=O)O)cccc1C(=O)O,Nc1cc(Cl)c(CC(=O)O)cc1N,*Nc1cc(Cl)c(CC(=O)O)cc1NC(=O)c1cccc(C(*)=O)c1C(=O)CC,CCC(=O)c1c(C=O)cccc1C(=O)Nc1cc(CC(=O)O)c(Cl)cc1N,-1680.191047905349,0.99750805,Polyamidation,271.91113,-8.5879,-0.3658,0.3587419,0.00094421,0.27980258,0.07988354,8.004053323,-1679.911245325349,-1679.831361795349,8.2221,ORCA,QC,"opt+freq: b3lyp/def2-TZVP em=gd3bj
energy: wB97M-V/ma-def2-TZVP"
175,OMG_polymer_10791,O=C(O)CC(CC(=O)O)c1cc(Br)co1,Cc1c(N)cc(S(=O)(=O)O)cc1N,*Nc1cc(S(=O)(=O)O)cc(NC(=O)CC(CC(*)=O)c2cc(Br)co2)c1C,Cc1c(N)cc(S(=O)(=O)O)cc1NC(=O)CC(CC=O)c1cc(Br)co1,-4153.064957403914,0.99921143,Polyamidation,255.32426,-8.6408,-0.1458,0.34777313,0.00094421,0.26879076,0.07992658,9.015445248,-4152.796166643914,-4152.716240063914,8.495000000000001,ORCA,QC,"opt+freq: b3lyp/def2-TZVP em=gd3bj
energy: wB97M-V/ma-def2-TZVP"
176,OMG_polymer_149084,O=C(O)CCN(CCC(=O)O)C(=O)OCc1ccccc1,Nc1c(Br)ccc(C(=O)O)c1N,*Nc1c(Br)ccc(C(=O)O)c1NC(=O)CCN(CCC(*)=O)C(=O)OCc1ccccc1,Nc1c(Br)ccc(C(=O)O)c1NC(=O)CCN(CCC=O)C(=O)OCc1ccccc1,-4003.24327041886,0.998487,Polyamidation,301.53487,-8.7767,-0.0338,0.44321719,0.00094421,0.35538326,0.08877814,4.417552685,-4002.88788715886,-4002.79910901886,8.7429,ORCA,QC,"opt+freq: b3lyp/def2-TZVP em=gd3bj
energy: wB97M-V/ma-def2-TZVP"
177,OMG_polymer_30375,O=C(O)c1cc(C(F)(F)F)c(C(=O)O)cc1C(F)(F)F,Nc1c(C(=O)O)cc(Cl)c(F)c1N,*Nc1c(C(=O)O)cc(Cl)c(F)c1NC(=O)c1cc(C(F)(F)F)c(C(*)=O)cc1C(F)(F)F,Nc1c(C(=O)O)cc(Cl)c(F)c1NC(=O)c1cc(C(F)(F)F)c(C=O)cc1C(F)(F)F,-2222.459948005532,0.9700703,Polyamidation,256.33311,-8.6174,-1.1954,0.26831724,0.00094421,0.18595732,0.08330413,2.56945583,-2222.273990685532,-2222.190686555532,7.422,ORCA,QC,"opt+freq: b3lyp/def2-TZVP em=gd3bj
energy: wB97M-V/ma-def2-TZVP"
178,OMG_polymer_190896,O=C(O)C1CCC(C(=O)O)N1C(=O)OCc1ccccc1,Nc1cc(S(=O)(=O)O)c(N)cc1S(=O)(=O)O,*Nc1cc(S(=O)(=O)O)c(NC(=O)C2CCC(C(*)=O)N2C(=O)OCc2ccccc2)cc1S(=O)(=O)O,Nc1cc(S(=O)(=O)O)c(NC(=O)C2CCC(C=O)N2C(=O)OCc2ccccc2)cc1S(=O)(=O)O,0.0,0.7132818,Polyamidation,0.0,0.0,0.0,0.45079363,0.00094421,0.359282,0.09245584,7.822105896,0.359282,0.45173784,0.0,ORCA,QC,"opt+freq: b3lyp/def2-TZVP em=gd3bj
energy: wB97M-V/ma-def2-TZVP"
179,OMG_polymer_20378,O=C(O)c1cccc(F)c1C(=O)O,Nc1ccc(Br)c(C(=O)O)c1N,*Nc1ccc(Br)c(C(=O)O)c1NC(=O)c1cccc(F)c1C(*)=O,Nc1ccc(Br)c(C(=O)O)c1NC(=O)c1cccc(F)c1C=O,-3662.008808553084,0.9992749,Polyamidation,233.77043,-8.4841,-0.2682,0.25134256,0.00094421,0.18340602,0.06888075,4.509373685,-3661.825402533084,-3661.756521783084,8.2159,ORCA,QC,"opt+freq: b3lyp/def2-TZVP em=gd3bj
energy: wB97M-V/ma-def2-TZVP"
180,OMG_polymer_127160,O=C(O)CCC(=O)Nc1ccccc1CC(=O)O,Nc1ccnc(N)c1C(=O)O,*Nc1ccnc(NC(=O)CCC(=O)Nc2ccccc2CC(*)=O)c1C(=O)O,Nc1ccnc(NC(=O)CCC(=O)Nc2ccccc2CC=O)c1C(=O)O,-1292.041695896552,0.9997336,Polyamidation,248.89087,-8.5028,0.1944,0.37466668,0.00094421,0.299332,0.07627889,4.499745389,-1291.742363896552,-1291.666085006552,8.6972,ORCA,QC,"opt+freq: b3lyp/def2-TZVP em=gd3bj
energy: wB97M-V/ma-def2-TZVP"
181,OMG_polymer_58031,O=C(O)C1(C(=O)O)CC=CC1,Cc1c(C(=O)O)ccc(N)c1N,*Nc1ccc(C(=O)O)c(C)c1NC(=O)C1(C(*)=O)CC=CC1,Cc1c(C(=O)O)ccc(N)c1NC(=O)C1(C=O)CC=CC1,-991.705701177662,0.9953725,Polyamidation,205.92816,-8.3343,0.29,0.3130669,0.00094421,0.24782693,0.06618419,4.345952028,-991.4578742476621,-991.3916900676621,8.6243,ORCA,QC,"opt+freq: b3lyp/def2-TZVP em=gd3bj
energy: wB97M-V/ma-def2-TZVP"
182,OMG_polymer_21971,CC(C)(CC(=O)O)CC(=O)O,Nc1ccc(S(=O)(=O)O)cc1N,*Nc1ccc(S(=O)(=O)O)cc1NC(=O)CC(C)(C)CC(*)=O,CC(C)(CC=O)CC(=O)Nc1cc(S(=O)(=O)O)ccc1N,-1390.100151830206,0.999445,Polyamidation,207.79617,-8.9657,-0.1452,0.33124084,0.00094421,0.26080366,0.0713814,8.620889631,-1389.839348170206,-1389.767966780206,8.8205,ORCA,QC,"opt+freq: b3lyp/def2-TZVP em=gd3bj
energy: wB97M-V/ma-def2-TZVP"
183,OMG_polymer_57803,O=C(O)C(F)C(=O)O,Nc1ccc(N)c(S(=O)(=O)O)c1,*Nc1ccc(NC(=O)C(F)C(*)=O)c(S(=O)(=O)O)c1,Nc1ccc(NC(=O)C(F)C=O)c(S(=O)(=O)O)c1,-1332.134408394857,0.9983865,Polyamidation,163.27186,-8.4758,0.0966,0.20558191,0.00094421,0.14427957,0.06224655,5.381942775,-1331.990128824857,-1331.927882274857,8.5724,ORCA,QC,"opt+freq: b3lyp/def2-TZVP em=gd3bj
energy: wB97M-V/ma-def2-TZVP"
184,OMG_polymer_67470,Cc1ccc(NC(CC(=O)O)C(=O)O)cc1,N#Cc1ccc(N)c(N)c1C(=O)O,*Nc1ccc(C#N)c(C(=O)O)c1NC(=O)CC(Nc1ccc(C)cc1)C(*)=O,Cc1ccc(NC(C=O)CC(=O)Nc2c(N)ccc(C#N)c2C(=O)O)cc1,-1254.866969654559,0.9967524,Polyamidation,277.04418,-8.199,-0.0414,0.37438621,0.00094421,0.29665124,0.07867917,5.651535509,-1254.570318414559,-1254.491639234559,8.1576,ORCA,QC,"opt+freq: b3lyp/def2-TZVP em=gd3bj
energy: wB97M-V/ma-def2-TZVP"
185,OMG_polymer_110808,Cc1ccc(F)c(C(CC(=O)O)CC(=O)O)c1,COc1cc(N)c(C(=O)O)cc1N,*Nc1cc(OC)c(NC(=O)CC(CC(*)=O)c2cc(C)ccc2F)cc1C(=O)O,COc1cc(N)c(C(=O)O)cc1NC(=O)CC(CC=O)c1cc(C)ccc1F,-1360.363411703635,0.99917525,Polyamidation,270.86876,-7.5568,0.0005,0.41341542,0.00094421,0.33201941,0.08234022,9.590139452,-1360.031392293635,-1359.949052073635,7.5573,ORCA,QC,"opt+freq: b3lyp/def2-TZVP em=gd3bj
energy: wB97M-V/ma-def2-TZVP"
186,OMG_polymer_193010,O=C(O)CC(CC(=O)O)NC(=O)OCc1ccccc1,Nc1cccc(N)c1C(=O)O,*Nc1cccc(NC(=O)CC(CC(*)=O)NC(=O)OCc2ccccc2)c1C(=O)O,Nc1cccc(NC(=O)CC(CC=O)NC(=O)OCc2ccccc2)c1C(=O)O,-1390.530187094432,0.99695444,Polyamidation,283.40412,-8.1482,0.2006,0.4222328,0.00094421,0.3398229,0.08335411,3.733994067,-1390.190364194432,-1390.107010084432,8.348799999999999,ORCA,QC,"opt+freq: b3lyp/def2-TZVP em=gd3bj
energy: wB97M-V/ma-def2-TZVP"
187,OMG_polymer_169529,CC(C)C(NC(=O)c1ccccc1C(=O)O)C(=O)O,N=C(NN)N(N)CC(=O)O,*NNC(=N)N(CC(=O)O)NC(=O)c1ccccc1C(=O)NC(C(*)=O)C(C)C,CC(C)C(C=O)NC(=O)c1ccccc1C(=O)NN(CC(=O)O)C(=N)NN,-1327.634842697704,0.92453456,Polyamidation,252.45089,-8.9431,-0.091,0.42029326,0.00094421,0.33788599,0.08335148,6.656176919,-1327.296956707704,-1327.213605227704,8.8521,ORCA,QC,"opt+freq: b3lyp/def2-TZVP em=gd3bj
energy: wB97M-V/ma-def2-TZVP"
188,OMG_polymer_99874,O=C(O)c1ccc(CNCc2ccc(C(=O)O)cc2)cc1,Cc1cc(N)c(C(=O)O)c(N)c1,*Nc1cc(C)cc(NC(=O)c2ccc(CNCc3ccc(C(*)=O)cc3)cc2)c1C(=O)O,Cc1cc(N)c(C(=O)O)c(NC(=O)c2ccc(CNCc3ccc(C=O)cc3)cc2)c1,-1393.655300491336,0.997537,Polyamidation,340.74733,-7.9635,0.0387,2.74939064,0.00094421,0.37584141,0.08304927,3.180459365,-1393.279459081336,-1390.904965641336,8.0022,ORCA,QC,"opt+freq: b3lyp/def2-TZVP em=gd3bj
energy: wB97M-V/ma-def2-TZVP"
189,OMG_polymer_193563,O=C(O)C1=C(C(=O)O)CC(F)(F)C1,Nc1cc(Cl)cc(N)c1CC(=O)O,*Nc1cc(Cl)cc(NC(=O)C2=C(C(*)=O)CC(F)(F)C2)c1CC(=O)O,Nc1cc(Cl)cc(NC(=O)C2=C(C=O)CC(F)(F)C2)c1CC(=O)O,-1649.864574213737,0.9614615,Polyamidation,228.92941,-8.7498,-0.6323,0.29132407,0.00094421,0.21955596,0.07271232,8.78728093,-1649.645018253737,-1649.572305933737,8.1175,ORCA,QC,"opt+freq: b3lyp/def2-TZVP em=gd3bj
energy: wB97M-V/ma-def2-TZVP"
190,OMG_polymer_144021,O=C(O)COc1cccc(C(=O)O)c1,Nc1cc(Cl)c(S(N)(=O)=O)cc1C(=O)O,*Nc1cc(Cl)c(S(=O)(=O)NC(=O)COc2cccc(C(*)=O)c2)cc1C(=O)O,Nc1cc(Cl)c(S(=O)(=O)NC(=O)COc2cccc(C=O)c2)cc1C(=O)O,-2112.114482691817,0.9996699,Polyamidation,254.27703,-9.1269,-0.2325,0.30730125,0.00094421,0.23020281,0.07804266,4.466596218,-2111.884279881817,-2111.806237231817,8.8944,ORCA,QC,"opt+freq: b3lyp/def2-TZVP em=gd3bj
energy: wB97M-V/ma-def2-TZVP"
191,OMG_polymer_101300,O=C(O)c1ccc(OC(=O)c2ccc(C(=O)Oc3ccc(C(=O)O)cc3)cc2)cc1,Nc1cc(C(=O)O)cc(N)c1F,*Nc1cc(C(=O)O)cc(NC(=O)c2ccc(OC(=O)c3ccc(C(=O)Oc4ccc(C(*)=O)cc4)cc3)cc2)c1F,Nc1cc(C(=O)O)cc(NC(=O)c2ccc(OC(=O)c3ccc(C(=O)Oc4ccc(C=O)cc4)cc3)cc2)c1F,-1927.906428429648,0.9546897,Polyamidation,413.51155,-8.573,-0.7576,0.4648606,0.00094421,0.36700923,0.09879558,4.935727296,-1927.539419199648,-1927.440623619648,7.8154,ORCA,QC,"opt+freq: b3lyp/def2-TZVP em=gd3bj
energy: wB97M-V/ma-def2-TZVP"
192,OMG_polymer_196951,O=C(O)CC(NC(=O)c1ccccc1Cl)C(=O)O,Cc1c(C(=O)O)ccc(N)c1N,*Nc1ccc(C(=O)O)c(C)c1NC(=O)CC(NC(=O)c1ccccc1Cl)C(*)=O,Cc1c(C(=O)O)ccc(N)c1NC(=O)CC(C=O)NC(=O)c1ccccc1Cl,-1735.58089407287,0.9989975,Polyamidation,276.37401,-8.2716,0.0627,0.37797709,0.00094421,0.29795775,0.08096355,2.399038957,-1735.28293632287,-1735.20197277287,8.334299999999999,ORCA,QC,"opt+freq: b3lyp/def2-TZVP em=gd3bj
energy: wB97M-V/ma-def2-TZVP"
193,OMG_polymer_92191,CC(C)(C)C(=O)Nc1cc(C(=O)O)cc(C(=O)O)c1,Nc1ccc2c(S(=O)(=O)O)cccc2c1N,*Nc1ccc2c(S(=O)(=O)O)cccc2c1NC(=O)c1cc(NC(=O)C(C)(C)C)cc(C(*)=O)c1,CC(C)(C)C(=O)Nc1cc(C=O)cc(C(=O)Nc2c(N)ccc3c(S(=O)(=O)O)cccc23)c1,0.0,0.9723885,Polyamidation,0.0,0.0,0.0,0.46618411,0.00094421,0.3815071,0.08562123,7.781890316,0.3815071,0.46712832,0.0,ORCA,QC,"opt+freq: b3lyp/def2-TZVP em=gd3bj
energy: wB97M-V/ma-def2-TZVP"
194,OMG_polymer_46324,COc1cccc(C(=O)O)c1CSCC(=O)O,Nc1nccc(C(=O)O)c1N,*Nc1nccc(C(=O)O)c1NC(=O)c1cccc(OC)c1CSCC(*)=O,COc1cccc(C(=O)Nc2c(C(=O)O)ccnc2N)c1CSCC=O,-1596.719565678328,0.99896574,Polyamidation,263.02191,-8.3493,-0.1168,0.35232516,0.00094421,0.27645034,0.07681903,5.542703521,-1596.443115338328,-1596.366296308328,8.2325,ORCA,QC,"opt+freq: b3lyp/def2-TZVP em=gd3bj
energy: wB97M-V/ma-def2-TZVP"
195,OMG_polymer_174091,CCOC(=O)CCC(=O)NC(CC(=O)O)C(=O)O,N#Cc1ccc(C(=O)O)c(N)c1N,*Nc1c(C(=O)O)ccc(C#N)c1NC(=O)CC(NC(=O)CCC(=O)OCC)C(*)=O,CCOC(=O)CCC(=O)NC(C=O)CC(=O)Nc1c(C#N)ccc(C(=O)O)c1N,-1443.701137304976,0.94964606,Polyamidation,260.87085,-9.1836,-0.8784,0.40829714,0.00094421,0.3232178,0.08602356,3.374813323,-1443.377919504976,-1443.291895954976,8.305200000000001,ORCA,QC,"opt+freq: b3lyp/def2-TZVP em=gd3bj
energy: wB97M-V/ma-def2-TZVP"
196,OMG_polymer_113862,Cc1ccc(C(C)(SCC(=O)O)SCC(=O)O)cc1,Nc1ccc(N)c(C(=O)O)c1Br,*Nc1ccc(NC(=O)CSC(C)(SCC(*)=O)c2ccc(C)cc2)c(C(=O)O)c1Br,Cc1ccc(C(C)(SCC=O)SCC(=O)Nc2ccc(N)c(Br)c2C(=O)O)cc1,-4555.63506794222,0.9932615,Polyamidation,333.16137,-8.1253,0.1281,0.41091532,0.00094421,0.32306294,0.08879659,6.376407041,-4555.31200500222,-4555.223208412221,8.2534,ORCA,QC,"opt+freq: b3lyp/def2-TZVP em=gd3bj
energy: wB97M-V/ma-def2-TZVP"
197,OMG_polymer_187748,CC(C)Oc1ccc(C(=O)O)c(C(=O)O)c1,Nc1cc(C(=O)O)cc(N)c1Br,*Nc1cc(C(=O)O)cc(NC(=O)c2ccc(OC(C)C)cc2C(*)=O)c1Br,CC(C)Oc1ccc(C(=O)Nc2cc(C(=O)O)cc(N)c2Br)c(C=O)c1,-3755.902542994834,0.9994461,Polyamidation,283.08412,-8.5106,-0.2465,0.35236768,0.00094421,0.27430032,0.07901158,4.246999047,-3755.628242674834,-3755.549231104834,8.264100000000001,ORCA,QC,"opt+freq: b3lyp/def2-TZVP em=gd3bj
energy: wB97M-V/ma-def2-TZVP"
198,OMG_polymer_99880,O=C(O)c1ccc(CNCc2ccc(C(=O)O)cc2)cc1,Nc1ccc(C(=O)O)c(Br)c1N,*Nc1ccc(C(=O)O)c(Br)c1NC(=O)c1ccc(CNCc2ccc(C(*)=O)cc2)cc1,Nc1ccc(C(=O)O)c(Br)c1NC(=O)c1ccc(CNCc2ccc(C=O)cc2)cc1,-3927.756957762806,0.99942183,Polyamidation,-0.03647,-8.4887,-0.0472,0.4219579,0.00094421,0.33661256,0.08628956,2.009640628,-3927.420345202806,-3927.334055652806,8.4415,ORCA,QC,"opt+freq: b3lyp/def2-TZVP em=gd3bj
energy: wB97M-V/ma-def2-TZVP"
199,OMG_polymer_97237,COC(=O)CCCC(=O)N(CC(=O)O)CC(=O)O,N=C(NN)N(N)CC(=O)O,*NNC(=N)N(CC(=O)O)NC(=O)CN(CC(*)=O)C(=O)CCCC(=O)OC,COC(=O)CCCC(=O)N(CC=O)CC(=O)NN(CC(=O)O)C(=N)NN,-1363.797835012783,0.8078968,Polyamidation,222.55664,-9.6714,0.2042,0.41230131,0.00094421,0.327601,0.08564452,3.230650175,-1363.470234012783,-1363.384589492783,9.8756,ORCA,QC,"opt+freq: b3lyp/def2-TZVP em=gd3bj
energy: wB97M-V/ma-def2-TZVP"
200,OMG_polymer_30134,O=C(CC(=O)Nc1ccc(C(=O)O)cc1)Nc1ccc(C(=O)O)cc1,Nc1ccc(C(F)(F)F)c(N)c1C(=O)O,*Nc1ccc(C(F)(F)F)c(NC(=O)c2ccc(NC(=O)CC(=O)Nc3ccc(C(*)=O)cc3)cc2)c1C(=O)O,Nc1ccc(C(F)(F)F)c(NC(=O)c2ccc(NC(=O)CC(=O)Nc3ccc(C=O)cc3)cc2)c1C(=O)O,-1934.289783502416,0.96369463,Polyamidation,373.28824,-8.6693,-0.1113,0.45099269,0.00094421,0.35573172,0.09620519,5.90295015,-1933.934051782416,-1933.837846602416,8.558,ORCA,QC,"opt+freq: b3lyp/def2-TZVP em=gd3bj
energy: wB97M-V/ma-def2-TZVP"
201,OMG_polymer_68986,O=C(O)c1cc(C(=O)O)sn1,Nc1nc(N)c(C(=O)O)cc1Cl,*Nc1nc(NC(=O)c2cc(C(*)=O)sn2)c(C(=O)O)cc1Cl,Nc1nc(NC(=O)c2cc(C=O)sn2)c(C(=O)O)cc1Cl,-1801.813939686073,0.9974788,Polyamidation,218.83835,-8.6728,-0.7068,0.20128166,0.00094421,0.13544457,0.06678129,2.367686911,-1801.678495116073,-1801.611713816073,7.966,ORCA,QC,"opt+freq: b3lyp/def2-TZVP em=gd3bj
energy: wB97M-V/ma-def2-TZVP"
202,OMG_polymer_201683,CN(CC(=O)O)C(=O)CCC(=O)O,Nc1ccc(C(F)(F)F)c(N)c1C(=O)O,*Nc1ccc(C(F)(F)F)c(NC(=O)CN(C)C(=O)CCC(*)=O)c1C(=O)O,CN(CC(=O)Nc1c(C(F)(F)F)ccc(N)c1C(=O)O)C(=O)CCC=O,-1421.355979341586,0.9985758,Polyamidation,220.90775,-8.6579,0.1488,0.33807026,0.00094421,0.26094031,0.07807416,4.159008681,-1421.095039031586,-1421.016964871586,8.8067,ORCA,QC,"opt+freq: b3lyp/def2-TZVP em=gd3bj
energy: wB97M-V/ma-def2-TZVP"
203,OMG_polymer_68205,CC(C)(C)c1ccc(CC(Cc2ccc(C(C)(C)C)cc2)(C(=O)O)C(=O)O)cc1,Nc1cc(C(=O)O)cc(N)c1C(F)F,*Nc1cc(C(=O)O)cc(NC(=O)C(Cc2ccc(C(C)(C)C)cc2)(Cc2ccc(C(C)(C)C)cc2)C(*)=O)c1C(F)F,CC(C)(C)c1ccc(CC(C=O)(Cc2ccc(C(C)(C)C)cc2)C(=O)Nc2cc(C(=O)O)cc(N)c2C(F)F)cc1,-1890.590962628467,0.89440966,Polyamidation,412.09467,-8.6696,-0.1051,0.6933154699999999,0.00094421,0.58600314,0.10825654,2.593019257,-1890.004959488467,-1889.896702948467,8.5645,ORCA,QC,"opt+freq: b3lyp/def2-TZVP em=gd3bj
energy: wB97M-V/ma-def2-TZVP"
204,OMG_polymer_63274,O=C(O)c1ccc(S)c(C(=O)O)c1,N#Cc1cc(N)c(C(=O)O)cc1N,*Nc1cc(C#N)c(NC(=O)c2ccc(S)c(C(*)=O)c2)cc1C(=O)O,N#Cc1cc(N)c(C(=O)O)cc1NC(=O)c1ccc(S)c(C=O)c1,-1479.782899931775,0.9964412,Polyamidation,260.14956,-8.6678,-0.5047,0.26830177,0.00094421,0.19787364,0.07137234,6.584758068,-1479.585026291775,-1479.513653951775,8.1631,ORCA,QC,"opt+freq: b3lyp/def2-TZVP em=gd3bj
energy: wB97M-V/ma-def2-TZVP"
205,OMG_polymer_54141,O=C(O)C(Cc1ccc(Br)cc1)C(=O)O,Nc1ccc(C(F)(F)F)c(C(=O)O)c1N,*Nc1ccc(C(F)(F)F)c(C(=O)O)c1NC(=O)C(Cc1ccc(Br)cc1)C(*)=O,Nc1ccc(C(F)(F)F)c(C(=O)O)c1NC(=O)C(C=O)Cc1ccc(Br)cc1,-3978.489715135996,0.9925322,Polyamidation,264.15248,-8.8212,-0.0386,0.32626515,0.00094421,0.24714466,0.08006471,1.946370321,-3978.242570475996,-3978.162505775996,8.782599999999999,ORCA,QC,"opt+freq: b3lyp/def2-TZVP em=gd3bj
energy: wB97M-V/ma-def2-TZVP"
206,OMG_polymer_7511,O=C(O)C1(C(=O)O)CCOCC1,Nc1cc(F)cc(C(=O)O)c1N,*Nc1cc(F)cc(C(=O)O)c1NC(=O)C1(C(*)=O)CCOCC1,Nc1cc(F)cc(C(=O)O)c1NC(=O)C1(C=O)CCOCC1,-1128.111356912457,0.99737346,Polyamidation,197.01756,-8.6118,-0.0042,0.30651229,0.00094421,0.24077157,0.06668493,2.771499673,-1127.870585342457,-1127.803900412457,8.6076,ORCA,QC,"opt+freq: b3lyp/def2-TZVP em=gd3bj
energy: wB97M-V/ma-def2-TZVP"
207,OMG_polymer_45030,O=C(O)CCCCCCCSc1ccccc1C(=O)O,Nc1ccc2c(S(=O)(=O)O)cc(S(=O)(=O)O)cc2c1N,*Nc1ccc2c(S(=O)(=O)O)cc(S(=O)(=O)O)cc2c1NC(=O)CCCCCCCSc1ccccc1C(*)=O,Nc1ccc2c(S(=O)(=O)O)cc(S(=O)(=O)O)cc2c1NC(=O)CCCCCCCSc1ccccc1C=O,0.0,0.8281411,Polyamidation,0.0,0.0,0.0,0.0,0.0,0.0,0.0,0.0,0.0,0.0,0.0,ORCA,QC,"opt+freq: b3lyp/def2-TZVP em=gd3bj
energy: wB97M-V/ma-def2-TZVP"
208,OMG_polymer_192398,O=C(O)CCCC(CCCC(=O)O)NC(=O)OCc1ccccc1,NC(N)=Nc1ccc(C(=O)O)cc1,*NC(=Nc1ccc(C(=O)O)cc1)NC(=O)CCCC(CCCC(*)=O)NC(=O)OCc1ccccc1,NC(=Nc1ccc(C(=O)O)cc1)NC(=O)CCCC(CCCC=O)NC(=O)OCc1ccccc1,-1641.203504545983,0.8463556,Polyamidation,117.60656,-8.7016,-0.1136,0.5656046499999999,0.00094421,0.46570832,0.10084053,7.11331206,-1640.737796225983,-1640.636955685983,8.588,ORCA,QC,"opt+freq: b3lyp/def2-TZVP em=gd3bj
energy: wB97M-V/ma-def2-TZVP"
209,OMG_polymer_27149,CN(CC(=O)O)c1ccccc1C(=O)O,Nc1nc(N)c(C(=O)O)cc1Br,*Nc1nc(NC(=O)CN(C)c2ccccc2C(*)=O)c(C(=O)O)cc1Br,CN(CC(=O)Nc1nc(N)c(Br)cc1C(=O)O)c1ccccc1C=O,-3712.775667857185,0.99929726,Polyamidation,269.65386,-8.5578,0.1403,0.3239392,0.00094421,0.2492888,0.07559462,4.251717613,-3712.526379057185,-3712.450784447185,8.6981,ORCA,QC,"opt+freq: b3lyp/def2-TZVP em=gd3bj
energy: wB97M-V/ma-def2-TZVP"
210,OMG_polymer_159167,NS(=O)(=O)c1cc(C(=O)O)cc(C(=O)O)c1,Nc1cc(N)cc(C(=O)O)c1,*Nc1cc(NC(=O)c2cc(C(*)=O)cc(S(N)(=O)=O)c2)cc(C(=O)O)c1,Nc1cc(NC(=O)c2cc(C=O)cc(S(N)(=O)=O)c2)cc(C(=O)O)c1,-1593.358074094176,0.99876726,Polyamidation,251.19763,-8.4426,-0.6912,0.29895774,0.00094421,0.22498967,0.07491229,2.67221164,-1593.133084424176,-1593.058172144176,7.7514,ORCA,QC,"opt+freq: b3lyp/def2-TZVP em=gd3bj
energy: wB97M-V/ma-def2-TZVP"
211,OMG_polymer_191075,O=C(Nc1ccc(C(=O)O)c(C(=O)O)c1)OCc1ccccc1,Nc1ncnc(N)c1C(=O)O,*Nc1ncnc(NC(=O)c2ccc(NC(=O)OCc3ccccc3)cc2C(*)=O)c1C(=O)O,Nc1ncnc(NC(=O)c2ccc(NC(=O)OCc3ccccc3)cc2C=O)c1C(=O)O,-1535.78329964803,0.99415743,Polyamidation,318.04872,-9.0765,-0.3571,0.39489294,0.00094421,0.31064288,0.08519427,7.898252206,-1535.47265676803,-1535.38746249803,8.7194,ORCA,QC,"opt+freq: b3lyp/def2-TZVP em=gd3bj
energy: wB97M-V/ma-def2-TZVP"
212,OMG_polymer_191294,CC(C)(C)OC(=O)Nc1ccc(C(=O)O)c(C(=O)O)c1,Nc1ccc(C(N)C(=O)O)cc1,*Nc1ccc(C(NC(=O)c2ccc(NC(=O)OC(C)(C)C)cc2C(*)=O)C(=O)O)cc1,CC(C)(C)OC(=O)Nc1ccc(C(=O)NC(C(=O)O)c2ccc(N)cc2)c(C=O)c1,-1429.836098874219,0.99696034,Polyamidation,303.68293,-8.5131,-0.0365,0.45003588,0.00094421,0.36323687,0.08774322,7.009544994,-1429.472862004219,-1429.385118784219,8.4766,ORCA,QC,"opt+freq: b3lyp/def2-TZVP em=gd3bj
energy: wB97M-V/ma-def2-TZVP"
213,OMG_polymer_193704,O=C(O)c1cc(SC(F)(F)F)cc(C(=O)O)c1,COc1ccc(N)c(N)c1C(=O)O,*Nc1ccc(OC)c(C(=O)O)c1NC(=O)c1cc(SC(F)(F)F)cc(C(*)=O)c1,COc1ccc(N)c(NC(=O)c2cc(C=O)cc(SC(F)(F)F)c2)c1C(=O)O,-1839.166671189086,0.9974788,Polyamidation,265.51709,-8.1233,-0.4708,0.31251699,0.00094421,0.23184805,0.08161315,3.668940085,-1838.934823139086,-1838.853209989086,7.652500000000001,ORCA,QC,"opt+freq: b3lyp/def2-TZVP em=gd3bj
energy: wB97M-V/ma-def2-TZVP"
214,OMG_polymer_159046,O=C(Nc1cc(C(=O)O)cc(C(=O)O)c1)OCc1ccccc1,Nc1ccc(C(F)(F)F)c(C(=O)O)c1N,*Nc1ccc(C(F)(F)F)c(C(=O)O)c1NC(=O)c1cc(NC(=O)OCc2ccccc2)cc(C(*)=O)c1,Nc1ccc(C(F)(F)F)c(C(=O)O)c1NC(=O)c1cc(C=O)cc(NC(=O)OCc2ccccc2)c1,-1840.798858387457,0.95737755,Polyamidation,338.86559,-8.7705,-0.3282,0.42681293,0.00094421,0.33554497,0.09221218,3.540792521,-1840.463313417457,-1840.371101247457,8.4423,ORCA,QC,"opt+freq: b3lyp/def2-TZVP em=gd3bj
energy: wB97M-V/ma-def2-TZVP"
215,OMG_polymer_182425,O=C(O)CC(COc1ccccc1)CC(=O)O,Nc1nc(N)c(C(=O)O)nc1Cl,*Nc1nc(NC(=O)CC(COc2ccccc2)CC(*)=O)c(C(=O)O)nc1Cl,Nc1nc(NC(=O)CC(CC=O)COc2ccccc2)c(C(=O)O)nc1Cl,-1713.482237080992,0.9975986,Polyamidation,269.87622,-8.7565,0.0072,0.35832003,0.00094421,0.2789516,0.08031264,3.891488282,-1713.203285480992,-1713.122972840992,8.7637,ORCA,QC,"opt+freq: b3lyp/def2-TZVP em=gd3bj
energy: wB97M-V/ma-def2-TZVP"
216,OMG_polymer_193724,O=C(O)c1cc(SC(F)(F)F)cc(C(=O)O)c1,Nc1ccc(C(F)(F)F)c(N)c1C(=O)O,*Nc1ccc(C(F)(F)F)c(NC(=O)c2cc(SC(F)(F)F)cc(C(*)=O)c2)c1C(=O)O,Nc1ccc(C(F)(F)F)c(NC(=O)c2cc(C=O)cc(SC(F)(F)F)c2)c1C(=O)O,-2061.778663331312,0.92653674,Polyamidation,261.21806,-8.8519,-0.4944,0.28581736,0.00094421,0.20409466,0.08266691,4.66148632,-2061.574568671312,-2061.491901761312,8.3575,ORCA,QC,"opt+freq: b3lyp/def2-TZVP em=gd3bj
energy: wB97M-V/ma-def2-TZVP"
217,OMG_polymer_55414,O=C1CC(C(=O)O)C(C(=O)O)C1,Nc1cc(N)c(Br)c(C(=O)O)c1,*Nc1cc(NC(=O)C2CC(=O)CC2C(*)=O)c(Br)c(C(=O)O)c1,Nc1cc(NC(=O)C2CC(=O)CC2C=O)c(Br)c(C(=O)O)c1,-3601.074272109644,0.99603146,Polyamidation,220.53993,-8.4492,0.1922,0.28003936,0.00094421,0.21017588,0.07080769,3.276160337,-3600.864096229644,-3600.793288539644,8.641399999999999,ORCA,QC,"opt+freq: b3lyp/def2-TZVP em=gd3bj
energy: wB97M-V/ma-def2-TZVP"
218,OMG_polymer_78651,O=C(O)CC(C(=O)O)c1ccsc1,Cc1c(N)cc(S(=O)(=O)O)cc1N,*Nc1cc(S(=O)(=O)O)cc(NC(=O)CC(C(*)=O)c2ccsc2)c1C,Cc1c(N)cc(S(=O)(=O)O)cc1NC(=O)CC(C=O)c1ccsc1,-1863.302145839542,0.9990656,Polyamidation,244.84253,-8.5777,-0.0131,0.32377706,0.00094421,0.24896064,0.07576063,8.450486099,-1863.053185199542,-1862.977424569542,8.5646,ORCA,QC,"opt+freq: b3lyp/def2-TZVP em=gd3bj
energy: wB97M-V/ma-def2-TZVP"
219,OMG_polymer_85841,O=C(O)C(F)(F)OC(F)(F)C(F)(F)OC(F)(F)C(=O)O,Cc1ccc(N)c(N)c1C(=O)O,*Nc1ccc(C)c(C(=O)O)c1NC(=O)C(F)(F)OC(F)(F)C(F)(F)OC(F)(F)C(*)=O,Cc1ccc(N)c(NC(=O)C(F)(F)OC(F)(F)C(F)(F)OC(F)(F)C=O)c1C(=O)O,-1899.448089204668,0.84554434,Polyamidation,209.61473,-8.5203,-0.0776,0.28108502,0.00094421,0.19643666,0.08559258,3.345409104,-1899.251652544668,-1899.166059974668,8.4427,ORCA,QC,"opt+freq: b3lyp/def2-TZVP em=gd3bj
energy: wB97M-V/ma-def2-TZVP"
220,OMG_polymer_197535,O=C(O)CN(CC(=O)O)N=Cc1c(F)cccc1Cl,NCc1ccccc1CC(N)C(=O)O,*NCc1ccccc1CC(NC(=O)CN(CC(*)=O)N=Cc1c(F)cccc1Cl)C(=O)O,NCc1ccccc1CC(NC(=O)CN(CC=O)N=Cc1c(F)cccc1Cl)C(=O)O,-1893.486469989817,0.98784107,Polyamidation,293.25486,-8.4921,-0.0765,0.44253345,0.00094421,0.35786198,0.08561568,8.946296059,-1893.128608009817,-1893.042992329817,8.415600000000001,ORCA,QC,"opt+freq: b3lyp/def2-TZVP em=gd3bj
energy: wB97M-V/ma-def2-TZVP"
221,OMG_polymer_196641,O=C(O)CC(NC(=O)Cc1ccccc1)C(=O)O,COc1ccc(N)c(N)c1C(=O)O,*Nc1ccc(OC)c(C(=O)O)c1NC(=O)CC(NC(=O)Cc1ccccc1)C(*)=O,COc1ccc(N)c(NC(=O)CC(C=O)NC(=O)Cc2ccccc2)c1C(=O)O,-1390.505044125097,0.99882823,Polyamidation,275.69131,-7.9983,0.2345,0.4213507,0.00094421,0.33927887,0.08301605,4.255196415,-1390.165765255097,-1390.082749215097,8.232800000000001,ORCA,QC,"opt+freq: b3lyp/def2-TZVP em=gd3bj
energy: wB97M-V/ma-def2-TZVP"
222,OMG_polymer_90431,O=C(O)CSc1ccc(Oc2ccc(SCC(=O)O)cc2)cc1,Nc1ccc(-c2ccc(N)cc2S(=O)(=O)O)c(S(=O)(=O)O)c1,*Nc1ccc(-c2ccc(NC(=O)CSc3ccc(Oc4ccc(SCC(*)=O)cc4)cc3)cc2S(=O)(=O)O)c(S(=O)(=O)O)c1,Nc1ccc(-c2ccc(NC(=O)CSc3ccc(Oc4ccc(SCC=O)cc4)cc3)cc2S(=O)(=O)O)c(S(=O)(=O)O)c1,0.0,0.79806876,Polyamidation,0.0,0.0,0.0,0.52840845,0.00094421,0.42256213,0.10679054,7.774435363,0.42256213,0.52935266,0.0,ORCA,QC,"opt+freq: b3lyp/def2-TZVP em=gd3bj
energy: wB97M-V/ma-def2-TZVP"
223,OMG_polymer_171583,O=C(O)c1ccccc1C(=O)Nc1c(Cl)cccc1C(=O)O,Cc1ccc(N)c(C(=O)O)c1N,*Nc1ccc(C)c(NC(=O)c2ccccc2C(=O)Nc2c(Cl)cccc2C(*)=O)c1C(=O)O,Cc1ccc(N)c(C(=O)O)c1NC(=O)c1ccccc1C(=O)Nc1c(Cl)cccc1C=O,-1888.019104670514,0.9955662,Polyamidation,329.03191,-8.3616,0.0362,0.40395675,0.00094421,0.32079625,0.08410471,8.470020222,-1887.698308420514,-1887.614203710514,8.397799999999998,ORCA,QC,"opt+freq: b3lyp/def2-TZVP em=gd3bj
energy: wB97M-V/ma-def2-TZVP"
224,OMG_polymer_14532,CC(C(=O)O)C(C)C(=O)O,Nc1ccc(C(=O)O)cc1N,*Nc1ccc(C(=O)O)cc1NC(=O)C(C)C(C)C(*)=O,CC(C=O)C(C)C(=O)Nc1cc(C(=O)O)ccc1N,-915.506081889472,0.9983991,Polyamidation,188.02343,-8.1936,0.0521,0.29991112,0.00094421,0.23537665,0.06547867,5.853286733,-915.2707052394719,-915.205226559472,8.2457,ORCA,QC,"opt+freq: b3lyp/def2-TZVP em=gd3bj
energy: wB97M-V/ma-def2-TZVP"
225,OMG_polymer_180489,O=C(O)c1ccc(NC(=O)c2ccc(C(=O)Nc3ccc(C(=O)O)cc3)cc2)cc1,Nc1ccc2c(S(=O)(=O)O)cccc2c1N,*Nc1ccc2c(S(=O)(=O)O)cccc2c1NC(=O)c1ccc(NC(=O)c2ccc(C(=O)Nc3ccc(C(*)=O)cc3)cc2)cc1,Nc1ccc2c(S(=O)(=O)O)cccc2c1NC(=O)c1ccc(NC(=O)c2ccc(C(=O)Nc3ccc(C=O)cc3)cc2)cc1,-2377.821135868042,0.8628435,Polyamidation,501.60745,-8.1762,-0.7205,0.55008131,0.00094421,0.44597356,0.10505195,7.290910705,-2377.375162308042,-2377.270110348042,7.455699999999999,ORCA,QC,"opt+freq: b3lyp/def2-TZVP em=gd3bj
energy: wB97M-V/ma-def2-TZVP"
226,OMG_polymer_48923,O=C(O)c1cc(C(=O)O)cc(-n2cncn2)c1,Cc1c(N)cc(S(=O)(=O)O)cc1N,*Nc1cc(S(=O)(=O)O)cc(NC(=O)c2cc(C(*)=O)cc(-n3cncn3)c2)c1C,Cc1c(N)cc(S(=O)(=O)O)cc1NC(=O)c1cc(C=O)cc(-n2cncn2)c1,-1705.01620423385,0.99701905,Polyamidation,286.31699,-8.848,-0.7324,0.34165534,0.00094421,0.26292912,0.07967043,8.536052796,-1704.75327511385,-1704.67360468385,8.1156,ORCA,QC,"opt+freq: b3lyp/def2-TZVP em=gd3bj
energy: wB97M-V/ma-def2-TZVP"
227,OMG_polymer_135896,CC(C)(CSCC(=O)O)C(=O)O,Nc1cc(Cl)c(C(=O)O)cc1N,*Nc1cc(Cl)c(C(=O)O)cc1NC(=O)CSCC(C)(C)C(*)=O,CC(C)(C=O)CSCC(=O)Nc1cc(C(=O)O)c(Cl)cc1N,-1812.593955422708,0.9984145,Polyamidation,234.71668,-8.4962,0.1357,0.32398408,0.00094421,0.25152828,0.07340001,5.917444421,-1812.342427142708,-1812.269027132708,8.6319,ORCA,QC,"opt+freq: b3lyp/def2-TZVP em=gd3bj
energy: wB97M-V/ma-def2-TZVP"
228,OMG_polymer_51477,O=C(O)c1cccc(C(=O)O)n1,Cc1c(N)ccc(C(=O)O)c1N,*Nc1ccc(C(=O)O)c(NC(=O)c2cccc(C(*)=O)n2)c1C,Cc1c(N)ccc(C(=O)O)c1NC(=O)c1cccc(C=O)n1,-1044.696945143687,0.9989617,Polyamidation,220.73144,-8.3217,-0.2556,0.28444739,0.00094421,0.21947932,0.06591228,3.447444149,-1044.477465823687,-1044.411553543687,8.0661,ORCA,QC,"opt+freq: b3lyp/def2-TZVP em=gd3bj
energy: wB97M-V/ma-def2-TZVP"
229,OMG_polymer_160394,CC(C)CC(NS(=O)(=O)c1ccc(C(=O)O)cc1)C(=O)O,Nc1cnc(C(=O)O)cc1N,*Nc1cnc(C(=O)O)cc1NC(=O)c1ccc(S(=O)(=O)NC(CC(C)C)C(*)=O)cc1,CC(C)CC(C=O)NS(=O)(=O)c1ccc(C(=O)Nc2cc(C(=O)O)ncc2N)cc1,-1805.914529090272,0.996108,Polyamidation,302.87914,-9.0444,-0.4967,0.43514546,0.00094421,0.34769319,0.08839648,4.328155816,-1805.566835900272,-1805.478439420272,8.547699999999999,ORCA,QC,"opt+freq: b3lyp/def2-TZVP em=gd3bj
energy: wB97M-V/ma-def2-TZVP"
230,OMG_polymer_65657,NC(CC(Cl)C(=O)O)C(=O)O,N#Cc1c(N)cc(C(=O)O)cc1N,*Nc1cc(C(=O)O)cc(NC(=O)C(Cl)CC(N)C(*)=O)c1C#N,N#Cc1c(N)cc(C(=O)O)cc1NC(=O)C(Cl)CC(N)C=O,-1483.415698774583,0.9673332,Polyamidation,211.76316,-8.6443,-0.2815,0.28128155,0.00094421,0.21144151,0.07078425,6.264799119,-1483.204257264583,-1483.133473014583,8.3628,ORCA,QC,"opt+freq: b3lyp/def2-TZVP em=gd3bj
energy: wB97M-V/ma-def2-TZVP"
231,OMG_polymer_21736,O=C(O)c1ccccc1SSc1ccccc1C(=O)O,NCC(N)C(=O)O,*NCC(NC(=O)c1ccccc1SSc1ccccc1C(*)=O)C(=O)O,NCC(NC(=O)c1ccccc1SSc1ccccc1C=O)C(=O)O,-1864.307286875859,0.99801993,Polyamidation,271.63144,-8.7604,-0.1901,0.33300379,0.00094421,0.25659525,0.07735276,5.618237346,-1864.050691625859,-1863.973338875859,8.570300000000001,ORCA,QC,"opt+freq: b3lyp/def2-TZVP em=gd3bj
energy: wB97M-V/ma-def2-TZVP"
232,OMG_polymer_160231,CCS(=O)(=O)NC(CC(=O)O)C(=O)O,NN=C(C(=O)O)c1ccccc1N,*NN=C(C(=O)O)c1ccccc1NC(=O)CC(NS(=O)(=O)CC)C(*)=O,CCS(=O)(=O)NC(C=O)CC(=O)Nc1ccccc1C(=NN)C(=O)O,-1612.946689289825,0.9517288,Polyamidation,234.55788,-8.9416,0.1533,0.35587304,0.00094421,0.27802643,0.07879083,4.750556372,-1612.668662859825,-1612.589872039825,9.094899999999999,ORCA,QC,"opt+freq: b3lyp/def2-TZVP em=gd3bj
energy: wB97M-V/ma-def2-TZVP"
233,OMG_polymer_201595,CCOC(=O)NC(CC(=O)O)C(=O)O,Cc1ccc(N)c(N)c1C(=O)O,*Nc1ccc(C)c(C(=O)O)c1NC(=O)CC(NC(=O)OCC)C(*)=O,CCOC(=O)NC(C=O)CC(=O)Nc1c(N)ccc(C)c1C(=O)O,-1198.797152971361,0.99688244,Polyamidation,219.86321,-8.1405,0.3538,0.36601594,0.00094421,0.29226251,0.07469763,1.104150707,-1198.504890461361,-1198.430192821361,8.494299999999999,ORCA,QC,"opt+freq: b3lyp/def2-TZVP em=gd3bj
energy: wB97M-V/ma-def2-TZVP"
234,OMG_polymer_103895,O=C(O)CCC(NC(=O)c1ccccc1Br)C(=O)O,NCC(CN)C(=O)O,*NCC(CNC(=O)CCC(NC(=O)c1ccccc1Br)C(*)=O)C(=O)O,NCC(CNC(=O)CCC(C=O)NC(=O)c1ccccc1Br)C(=O)O,-3736.254925344703,0.9806364,Polyamidation,244.89083,-9.1809,0.2687,0.38313831,0.00094421,0.30532091,0.07876162,3.847331694,-3735.949604434703,-3735.870842824703,9.4496,ORCA,QC,"opt+freq: b3lyp/def2-TZVP em=gd3bj
energy: wB97M-V/ma-def2-TZVP"
235,OMG_polymer_92184,CC(C)(C)C(=O)Nc1cc(C(=O)O)cc(C(=O)O)c1,Nc1ccc(C(=O)O)c(N)n1,*Nc1ccc(C(=O)O)c(NC(=O)c2cc(NC(=O)C(C)(C)C)cc(C(*)=O)c2)n1,CC(C)(C)C(=O)Nc1cc(C=O)cc(C(=O)Nc2nc(N)ccc2C(=O)O)c1,-1331.349768326126,0.99567693,Polyamidation,290.37569,-8.673,-0.2201,0.4027307,0.00094421,0.32091977,0.08275514,7.023893194,-1331.028848556126,-1330.946093416126,8.4529,ORCA,QC,"opt+freq: b3lyp/def2-TZVP em=gd3bj
energy: wB97M-V/ma-def2-TZVP"
236,OMG_polymer_192331,O=C(O)CCCC(CCCC(=O)O)NC(=O)OCc1ccccc1,N=C(NN)N(N)CC(=O)O,*NNC(=N)N(CC(=O)O)NC(=O)CCCC(CCCC(*)=O)NC(=O)OCc1ccccc1,N=C(NN)N(CC(=O)O)NC(=O)CCCC(CCCC=O)NC(=O)OCc1ccccc1,-1560.116176260063,0.77961564,Polyamidation,295.32214,-9.4537,0.2095,0.54755408,0.00094421,0.45447815,0.09402014,5.193120776,-1559.661698110063,-1559.567677970063,9.6632,ORCA,QC,"opt+freq: b3lyp/def2-TZVP em=gd3bj
energy: wB97M-V/ma-def2-TZVP"
237,OMG_polymer_187561,CC(=O)c1cc(C(=O)O)c(C(C)=O)cc1C(=O)O,Nc1cc(C(=O)O)cc(Br)c1N,*Nc1cc(C(=O)O)cc(Br)c1NC(=O)c1cc(C(C)=O)c(C(*)=O)cc1C(C)=O,CC(=O)c1cc(C(=O)Nc2c(N)cc(C(=O)O)cc2Br)c(C(C)=O)cc1C=O,-3868.063210450026,0.9976949,Polyamidation,291.57583,-8.8836,-0.9377,0.33983276,0.00094421,0.25832844,0.08244853,4.478176449,-3867.804882010026,-3867.722433480026,7.9459,ORCA,QC,"opt+freq: b3lyp/def2-TZVP em=gd3bj
energy: wB97M-V/ma-def2-TZVP"
238,OMG_polymer_150471,O=C(O)CCN(CCC(=O)O)S(=O)(=O)c1ccc(F)cc1,Nc1cc(C(=O)O)cc(N)c1Cl,*Nc1cc(C(=O)O)cc(NC(=O)CCN(CCC(*)=O)S(=O)(=O)c2ccc(F)cc2)c1Cl,Nc1cc(C(=O)O)cc(NC(=O)CCN(CCC=O)S(=O)(=O)c2ccc(F)cc2)c1Cl,-2309.425307111957,0.9987056,Polyamidation,298.98954,-8.6777,0.0388,0.40282067,0.00094421,0.31469332,0.08907156,9.307787284,-2309.110613791957,-2309.021542231957,8.7165,ORCA,QC,"opt+freq: b3lyp/def2-TZVP em=gd3bj
energy: wB97M-V/ma-def2-TZVP"
239,OMG_polymer_171322,Cc1cccc(C(=O)O)c1NC(=O)c1ccccc1C(=O)O,Cc1c(N)cc(N)c(C)c1C(=O)O,*Nc1cc(NC(=O)c2cccc(C)c2NC(=O)c2ccccc2C(*)=O)c(C)c(C(=O)O)c1C,Cc1cccc(C(=O)Nc2cc(N)c(C)c(C(=O)O)c2C)c1NC(=O)c1ccccc1C=O,-1507.030950010224,0.9906871,Polyamidation,341.84,-7.6472,-0.1284,0.47108495,0.00094421,0.38350294,0.08852623,6.69629519,-1506.647447070224,-1506.558920850224,7.5188,ORCA,QC,"opt+freq: b3lyp/def2-TZVP em=gd3bj
energy: wB97M-V/ma-def2-TZVP"
240,OMG_polymer_206619,CCOC(=O)c1ccc(C(=O)O)c(C(=O)O)c1,Cc1cc(N)cc(N)c1C(=O)O,*Nc1cc(C)c(C(=O)O)c(NC(=O)c2ccc(C(=O)OCC)cc2C(*)=O)c1,CCOC(=O)c1ccc(C(=O)Nc2cc(N)cc(C)c2C(=O)O)c(C=O)c1,-1295.85858757928,0.9979007,Polyamidation,278.40613,-8.5053,-0.4128,0.37351855,0.00094421,0.29508877,0.07937399,2.823534626,-1295.56349880928,-1295.48412481928,8.0925,ORCA,QC,"opt+freq: b3lyp/def2-TZVP em=gd3bj
energy: wB97M-V/ma-def2-TZVP"
241,OMG_polymer_179843,O=C(O)C(c1ccccc1)C(C(=O)O)c1ccccc1,Cc1cc(N)c(N)cc1C(=O)O,*Nc1cc(C)c(C(=O)O)cc1NC(=O)C(c1ccccc1)C(C(*)=O)c1ccccc1,Cc1cc(N)c(NC(=O)C(c2ccccc2)C(C=O)c2ccccc2)cc1C(=O)O,-1338.307760979113,0.9974541,Polyamidation,309.27221,-8.1525,0.1908,0.44130004,0.00094421,0.36027612,0.08196813,6.14346788,-1337.947484859113,-1337.865516729113,8.3433,ORCA,QC,"opt+freq: b3lyp/def2-TZVP em=gd3bj
energy: wB97M-V/ma-def2-TZVP"
242,OMG_polymer_144281,O=C(O)c1nccc(Cl)c1C(=O)O,Nc1cc(N)c(CC(=O)O)cc1Br,*Nc1cc(NC(=O)c2nccc(Cl)c2C(*)=O)c(CC(=O)O)cc1Br,Nc1cc(NC(=O)c2nccc(Cl)c2C=O)c(CC(=O)O)cc1Br,-4077.707023091042,0.9982993,Polyamidation,259.21871,-8.2759,-0.4092,0.26804882,0.00094421,0.19567189,0.07332114,3.443721142,-4077.511351201042,-4077.438030061042,7.8667,ORCA,QC,"opt+freq: b3lyp/def2-TZVP em=gd3bj
energy: wB97M-V/ma-def2-TZVP"
243,OMG_polymer_164114,O=C(O)CN(CC(=O)O)C(=O)COCc1ccccc1,Nc1ccc(C(=O)O)c(S(N)(=O)=O)c1,*Nc1ccc(C(=O)O)c(S(=O)(=O)NC(=O)CN(CC(*)=O)C(=O)COCc2ccccc2)c1,Nc1ccc(C(=O)O)c(S(=O)(=O)NC(=O)CN(CC=O)C(=O)COCc2ccccc2)c1,-1939.123555527884,0.99858415,Polyamidation,302.9903,-8.5961,-0.0143,0.43475567,0.00094421,0.34548001,0.09021987,10.340557157,-1938.778075517884,-1938.687855647884,8.5818,ORCA,QC,"opt+freq: b3lyp/def2-TZVP em=gd3bj
energy: wB97M-V/ma-def2-TZVP"
244,OMG_polymer_150851,Cc1ccc(S(=O)(=O)N(CCC(=O)O)CCC(=O)O)cc1C,Nc1ccc(C(=O)O)cc1N,*Nc1ccc(C(=O)O)cc1NC(=O)CCN(CCC(*)=O)S(=O)(=O)c1ccc(C)c(C)c1,Cc1ccc(S(=O)(=O)N(CCC=O)CCC(=O)Nc2cc(C(=O)O)ccc2N)cc1C,-1829.18663361141,0.9989936,Polyamidation,300.3764,-8.3256,0.1663,0.47789504,0.00094421,0.39060235,0.0882369,1.976176871,-1828.79603126141,-1828.70779436141,8.4919,ORCA,QC,"opt+freq: b3lyp/def2-TZVP em=gd3bj
energy: wB97M-V/ma-def2-TZVP"
245,OMG_polymer_130092,O=C(O)Nc1cccc(Cl)c1C(=O)O,COc1ccc(N)c(C(=O)O)c1N,*Nc1ccc(OC)c(NC(=O)Nc2cccc(Cl)c2C(*)=O)c1C(=O)O,COc1ccc(N)c(C(=O)O)c1NC(=O)Nc1cccc(Cl)c1C=O,-1618.819163933245,0.99970406,Polyamidation,258.78819,-7.9421,-0.1336,0.31159789,0.00094421,0.23789155,0.07465056,4.898187314,-1618.581272383245,-1618.506621833245,7.8085,ORCA,QC,"opt+freq: b3lyp/def2-TZVP em=gd3bj
energy: wB97M-V/ma-def2-TZVP"
246,OMG_polymer_129094,O=C(O)C1=c2cc3ccccc3cc2=C(C(=O)O)C(=O)C1=O,Nc1c(C(=O)O)cc(Cl)c(Br)c1N,*Nc1c(C(=O)O)cc(Cl)c(Br)c1NC(=O)C1=c2cc3ccccc3cc2=C(C(*)=O)C(=O)C1=O,Nc1c(C(=O)O)cc(Cl)c(Br)c1NC(=O)C1=c2cc3ccccc3cc2=C(C=O)C(=O)C1=O,0.0,0.64097303,Polyamidation,0.0,0.0,0.0,0.33401145,0.00094421,0.24770965,0.08724601,1.386374786,0.24770965,0.33495566,0.0,ORCA,QC,"opt+freq: b3lyp/def2-TZVP em=gd3bj
energy: wB97M-V/ma-def2-TZVP"
247,OMG_polymer_189924,O=C(O)CCC(=O)c1ccc(C(=O)O)cc1,Cc1ccc(N)c(N)c1C(=O)O,*Nc1ccc(C)c(C(=O)O)c1NC(=O)CCC(=O)c1ccc(C(*)=O)cc1,Cc1ccc(N)c(NC(=O)CCC(=O)c2ccc(C=O)cc2)c1C(=O)O,-1220.598853130295,0.99887305,Polyamidation,255.89943,-8.4069,-0.6607,0.3674445,0.00094421,0.29262068,0.07576803,5.69723483,-1220.306232450295,-1220.230464420295,7.7462,ORCA,QC,"opt+freq: b3lyp/def2-TZVP em=gd3bj
energy: wB97M-V/ma-def2-TZVP"
248,OMG_polymer_191452,CC(C)(C)OC(=O)Nc1ccc(C(=O)O)cc1C(=O)O,COc1c(N)cc(C(=O)O)cc1N,*Nc1cc(C(=O)O)cc(NC(=O)c2ccc(NC(=O)OC(C)(C)C)c(C(*)=O)c2)c1OC,COc1c(N)cc(C(=O)O)cc1NC(=O)c1ccc(NC(=O)OC(C)(C)C)c(C=O)c1,-1505.068348209115,0.99398476,Polyamidation,320.78747,-8.3629,-0.2697,0.45560317,0.00094421,0.36619245,0.09035494,8.916650127,-1504.702155759115,-1504.611800829115,8.0932,ORCA,QC,"opt+freq: b3lyp/def2-TZVP em=gd3bj
energy: wB97M-V/ma-def2-TZVP"
249,OMG_polymer_176599,O=C(O)c1ccc(-c2ccc(-c3ccc(-c4ccc(-c5ccc(-c6ccc(C(=O)O)cc6)cc5)cc4)cc3)cc2)cc1,Nc1ccc(N)c(C(=O)O)c1F,*Nc1ccc(NC(=O)c2ccc(-c3ccc(-c4ccc(-c5ccc(-c6ccc(-c7ccc(C(*)=O)cc7)cc6)cc5)cc4)cc3)cc2)c(C(=O)O)c1F,Nc1ccc(NC(=O)c2ccc(-c3ccc(-c4ccc(-c5ccc(-c6ccc(-c7ccc(C=O)cc7)cc6)cc5)cc4)cc3)cc2)c(C(=O)O)c1F,-2243.86188294651,0.719827,Polyamidation,670.34805,-7.9435,-0.3547,2.06217627,0.00094421,0.57599318,0.11170294,5.932381224,-2243.28588976651,-2241.79876246651,7.5888,ORCA,QC,"opt+freq: b3lyp/def2-TZVP em=gd3bj
energy: wB97M-V/ma-def2-TZVP"
250,OMG_polymer_149543,O=C(O)c1cc(Br)sc1C(=O)O,N=C(NN)N(N)CC(=O)O,*NNC(=N)N(CC(=O)O)NC(=O)c1cc(Br)sc1C(*)=O,N=C(NN)N(CC(=O)O)NC(=O)c1cc(Br)sc1C=O,-3895.875146257371,0.90777314,Polyamidation,204.6695,-9.4826,-0.6997,0.22953951,0.00094421,0.16076384,0.06971988,7.053554283,-3895.714382417371,-3895.644662537371,8.7829,ORCA,QC,"opt+freq: b3lyp/def2-TZVP em=gd3bj
energy: wB97M-V/ma-def2-TZVP"
251,OMG_polymer_99963,O=C(O)Cc1ccc(C(=O)O)cc1,Nc1cc(N)c(Br)c(C(=O)O)c1,*Nc1cc(NC(=O)Cc2ccc(C(*)=O)cc2)c(Br)c(C(=O)O)c1,Nc1cc(NC(=O)Cc2ccc(C=O)cc2)c(Br)c(C(=O)O)c1,-3602.056986948469,0.9996499,Polyamidation,241.94997,-8.3311,-0.2437,0.28799265,0.00094421,0.21788866,0.0710482,2.43599124,-3601.839098288469,-3601.768050088469,8.087399999999999,ORCA,QC,"opt+freq: b3lyp/def2-TZVP em=gd3bj
energy: wB97M-V/ma-def2-TZVP"
252,OMG_polymer_75044,O=C(O)C1CNCC(C(=O)O)C1,Nc1ccc(C(F)(F)F)c(C(=O)O)c1N,*Nc1ccc(C(F)(F)F)c(C(=O)O)c1NC(=O)C1CNCC(C(*)=O)C1,Nc1ccc(C(F)(F)F)c(C(=O)O)c1NC(=O)C1CNCC(C=O)C1,-1346.093454599629,0.8890481,Polyamidation,211.74146,-8.5226,-0.0227,0.33453839,0.00094421,0.2628446,0.072638,5.493296765,-1345.830609999629,-1345.757971999629,8.4999,ORCA,QC,"opt+freq: b3lyp/def2-TZVP em=gd3bj
energy: wB97M-V/ma-def2-TZVP"
253,OMG_polymer_179002,CC(=O)Nc1ccc(S(=O)(=O)Nc2cc(C(=O)O)cc(C(=O)O)c2)cc1,Nc1nccc(C(=O)O)c1N,*Nc1nccc(C(=O)O)c1NC(=O)c1cc(NS(=O)(=O)c2ccc(NC(C)=O)cc2)cc(C(*)=O)c1,CC(=O)Nc1ccc(S(=O)(=O)Nc2cc(C=O)cc(C(=O)Nc3c(C(=O)O)ccnc3N)c2)cc1,-2048.489683742782,0.9689738,Polyamidation,364.06205,-8.4469,-0.3348,2.58602715,0.00094421,0.34065339,0.09158066,8.959142386,-2048.149030352782,-2045.902712382782,8.1121,ORCA,QC,"opt+freq: b3lyp/def2-TZVP em=gd3bj
energy: wB97M-V/ma-def2-TZVP"
254,OMG_polymer_198817,COc1ccc(C=NN(CC(=O)O)CC(=O)O)cc1OC,Nc1c(Br)ccc(C(=O)O)c1N,*Nc1c(Br)ccc(C(=O)O)c1NC(=O)CN(CC(*)=O)N=Cc1ccc(OC)c(OC)c1,COc1ccc(C=NN(CC=O)CC(=O)Nc2c(C(=O)O)ccc(Br)c2N)cc1OC,-4019.183405476673,0.9899573,Polyamidation,330.8156,-8.0431,0.1543,0.42938907,0.00094421,0.34074253,0.08959075,3.771173178,-4018.842662946673,-4018.753072196673,8.1974,ORCA,QC,"opt+freq: b3lyp/def2-TZVP em=gd3bj
energy: wB97M-V/ma-def2-TZVP"
255,OMG_polymer_83752,Cn1ncc(C(=O)O)c1C(=O)O,Nc1cccc(N)c1C(=O)O,*Nc1cccc(NC(=O)c2cnn(C)c2C(*)=O)c1C(=O)O,Cn1ncc(C(=O)Nc2cccc(N)c2C(=O)O)c1C=O,-1022.624425744004,0.99824536,Polyamidation,211.75491,-8.1885,-0.2638,0.80026661,0.00094421,0.20312467,0.06415354,6.160102566,-1022.421301074004,-1021.823214924004,7.9247,ORCA,QC,"opt+freq: b3lyp/def2-TZVP em=gd3bj
energy: wB97M-V/ma-def2-TZVP"
256,OMG_polymer_186947,O=C(O)CSc1ccc(SCC(=O)O)nn1,Nc1ccc(Oc2cc(Oc3ccc(N)cc3)cc(C(=O)O)c2)cc1,*Nc1ccc(Oc2cc(Oc3ccc(NC(=O)CSc4ccc(SCC(*)=O)nn4)cc3)cc(C(=O)O)c2)cc1,Nc1ccc(Oc2cc(Oc3ccc(NC(=O)CSc4ccc(SCC=O)nn4)cc3)cc(C(=O)O)c2)cc1,-2508.947959759179,0.9640008,Polyamidation,407.6966,-8.1414,-0.2783,0.48803992,0.00094421,0.38971121,0.09927292,6.801877051,-2508.558248549179,-2508.458975629179,7.863100000000001,ORCA,QC,"opt+freq: b3lyp/def2-TZVP em=gd3bj
energy: wB97M-V/ma-def2-TZVP"
257,OMG_polymer_154542,O=C(O)Cc1cc(F)ccc1C(=O)O,Nc1ccc(N)c(C(=O)O)c1F,*Nc1ccc(NC(=O)Cc2cc(F)ccc2C(*)=O)c(C(=O)O)c1F,Nc1ccc(NC(=O)Cc2cc(F)ccc2C=O)c(C(=O)O)c1F,-1227.172676611409,0.99957615,Polyamidation,223.19867,-8.2067,-0.1416,0.28283231,0.00094421,0.21356776,0.07020876,5.610721999,-1226.959108851409,-1226.888900091409,8.0651,ORCA,QC,"opt+freq: b3lyp/def2-TZVP em=gd3bj
energy: wB97M-V/ma-def2-TZVP"
258,OMG_polymer_128640,O=C(O)c1c(Cl)cc(Cl)c(Cl)c1C(=O)O,Nc1nc(N)c(C(=O)O)cc1Cl,*Nc1nc(NC(=O)c2c(Cl)cc(Cl)c(Cl)c2C(*)=O)c(C(=O)O)cc1Cl,Nc1nc(NC(=O)c2c(Cl)cc(Cl)c(Cl)c2C=O)c(C(=O)O)cc1Cl,-2843.783998526694,0.9974039,Polyamidation,270.49645,-8.829,-0.5199,0.22151033,0.00094421,0.14609091,0.07636364,5.316149343,-2843.637907616694,-2843.561543986694,8.3091,ORCA,QC,"opt+freq: b3lyp/def2-TZVP em=gd3bj
energy: wB97M-V/ma-def2-TZVP"
259,OMG_polymer_177141,O=C(O)c1ccc(-c2ccc(C(=O)O)o2)o1,Nc1cccc(C(=O)O)c1N,*Nc1cccc(C(=O)O)c1NC(=O)c1ccc(-c2ccc(C(*)=O)o2)o1,Nc1cccc(C(=O)O)c1NC(=O)c1ccc(-c2ccc(C=O)o2)o1,-1216.004389454834,0.99880517,Polyamidation,268.06446,-8.1367,-0.5689,0.29079867,0.00094421,0.22219603,0.06954685,3.793890651,-1215.782193424834,-1215.712646574834,7.567799999999999,ORCA,QC,"opt+freq: b3lyp/def2-TZVP em=gd3bj
energy: wB97M-V/ma-def2-TZVP"
260,OMG_polymer_164298,CC(=O)CC(=O)N(CC(=O)O)CC(=O)O,Nc1ccc(-c2ccc(N)c(S(=O)(=O)O)c2)cc1S(=O)(=O)O,*Nc1ccc(-c2ccc(NC(=O)CN(CC(*)=O)C(=O)CC(C)=O)c(S(=O)(=O)O)c2)cc1S(=O)(=O)O,CC(=O)CC(=O)N(CC=O)CC(=O)Nc1ccc(-c2ccc(N)c(S(=O)(=O)O)c2)cc1S(=O)(=O)O,-2487.828602897482,0.93899685,Polyamidation,345.66376,-8.6728,-0.1382,0.4482951,0.00094421,0.35190583,0.09733348,8.412840422,-2487.476697067482,-2487.379363587482,8.534600000000001,ORCA,QC,"opt+freq: b3lyp/def2-TZVP em=gd3bj
energy: wB97M-V/ma-def2-TZVP"
261,OMG_polymer_190831,O=C(O)C1CCC(C(=O)O)N1C(=O)OCc1ccccc1,Nc1cccc2c(S(=O)(=O)O)ccc(N)c12,*Nc1cccc2c(S(=O)(=O)O)ccc(NC(=O)C3CCC(C(*)=O)N3C(=O)OCc3ccccc3)c12,Nc1cccc2c(S(=O)(=O)O)ccc(NC(=O)C3CCC(C=O)N3C(=O)OCc3ccccc3)c12,0.0,0.8444611,Polyamidation,0.0,0.0,0.0,0.48129705,0.00094421,0.39385128,0.08838997,7.227842916,0.39385128,0.48224126,0.0,ORCA,QC,"opt+freq: b3lyp/def2-TZVP em=gd3bj
energy: wB97M-V/ma-def2-TZVP"
262,OMG_polymer_82384,O=C(O)CN(CC(=O)O)c1ccccc1,Nc1ccc(N)c(C(=O)O)c1Cl,*Nc1ccc(NC(=O)CN(CC(*)=O)c2ccccc2)c(C(=O)O)c1Cl,Nc1ccc(NC(=O)CN(CC=O)c2ccccc2)c(C(=O)O)c1Cl,-1582.878620712061,0.99950826,Polyamidation,251.09683,-8.0611,0.3093,0.33623949,0.00094421,0.26416847,0.07301522,1.33220486,-1582.614452242061,-1582.541437012061,8.3704,ORCA,QC,"opt+freq: b3lyp/def2-TZVP em=gd3bj
energy: wB97M-V/ma-def2-TZVP"
263,OMG_polymer_148050,O=C(O)C(Cc1ccc(Br)cc1F)C(=O)O,Nc1ccc(C(F)(F)F)c(C(=O)O)c1N,*Nc1ccc(C(F)(F)F)c(C(=O)O)c1NC(=O)C(Cc1ccc(Br)cc1F)C(*)=O,Nc1ccc(C(F)(F)F)c(C(=O)O)c1NC(=O)C(C=O)Cc1ccc(Br)cc1F,-4077.761695989347,0.9943909,Polyamidation,259.7026,-8.79,0.0433,0.31908058,0.00094421,0.23854248,0.08148231,2.134431208,-4077.523153509347,-4077.441671199347,8.8333,ORCA,QC,"opt+freq: b3lyp/def2-TZVP em=gd3bj
energy: wB97M-V/ma-def2-TZVP"
264,OMG_polymer_78011,Cc1ccccc1C(CC(=O)O)CC(=O)O,Nc1ccc(N)c(S(=O)(=O)O)c1,*Nc1ccc(NC(=O)CC(CC(*)=O)c2ccccc2C)c(S(=O)(=O)O)c1,Cc1ccccc1C(CC=O)CC(=O)Nc1ccc(N)cc1S(=O)(=O)O,-1581.849464382051,0.9994746,Polyamidation,257.48197,-8.1853,0.2444,0.38782627,0.00094421,0.31245141,0.07631907,3.814979208,-1581.537012972051,-1581.460693902051,8.4297,ORCA,QC,"opt+freq: b3lyp/def2-TZVP em=gd3bj
energy: wB97M-V/ma-def2-TZVP"
265,OMG_polymer_199161,O=C(O)CN(CC(=O)O)N=Cc1ccccc1Cl,Nc1nccc(C(=O)O)c1N,*Nc1nccc(C(=O)O)c1NC(=O)CN(CC(*)=O)N=Cc1ccccc1Cl,Nc1nccc(C(=O)O)c1NC(=O)CN(CC=O)N=Cc1ccccc1Cl,-1692.35692965271,0.98555213,Polyamidation,262.46562,-8.4769,-0.2317,0.34734916,0.00094421,0.27104705,0.07724633,3.611931898,-1692.08588260271,-1692.00863628271,8.2452,ORCA,QC,"opt+freq: b3lyp/def2-TZVP em=gd3bj
energy: wB97M-V/ma-def2-TZVP"
266,OMG_polymer_14951,O=C(O)Cc1cc(Br)cnc1C(=O)O,Nc1cc(N)c(S(=O)(=O)O)cc1S(=O)(=O)O,*Nc1cc(NC(=O)Cc2cc(Br)cnc2C(*)=O)c(S(=O)(=O)O)cc1S(=O)(=O)O,Nc1cc(NC(=O)Cc2cc(Br)cnc2C=O)c(S(=O)(=O)O)cc1S(=O)(=O)O,-4677.320168379284,0.9931694,Polyamidation,278.74706,-9.1011,-1.079,0.29747593,0.00094421,0.21913703,0.0792831,7.712331021,-4677.101031349284,-4677.021748239285,8.0221,ORCA,QC,"opt+freq: b3lyp/def2-TZVP em=gd3bj
energy: wB97M-V/ma-def2-TZVP"
267,OMG_polymer_95623,O=C(O)CS(=O)(=O)c1ccccc1C(=O)O,COc1ccc(N)c(C(=O)O)c1N,*Nc1ccc(OC)c(NC(=O)CS(=O)(=O)c2ccccc2C(*)=O)c1C(=O)O,COc1ccc(N)c(C(=O)O)c1NC(=O)CS(=O)(=O)c1ccccc1C=O,-1691.818031089156,0.99961853,Polyamidation,250.85139,-7.904,-0.3754,0.34540748,0.00094421,0.27019357,0.07615813,4.935577694,-1691.547837519156,-1691.471679399156,7.5286,ORCA,QC,"opt+freq: b3lyp/def2-TZVP em=gd3bj
energy: wB97M-V/ma-def2-TZVP"
268,OMG_polymer_103714,O=C(O)CSc1cccc(SCC(=O)O)c1,Nc1cc(Br)cc(N)c1C(=O)O,*Nc1cc(Br)cc(NC(=O)CSc2cccc(SCC(*)=O)c2)c1C(=O)O,Nc1cc(Br)cc(NC(=O)CSc2cccc(SCC=O)c2)c1C(=O)O,-4437.74124439365,0.9996911,Polyamidation,285.20396,-8.6276,-0.1695,0.32351015,0.00094421,0.2459224,0.07853196,5.316726289,-4437.49532199365,-4437.41679003365,8.4581,ORCA,QC,"opt+freq: b3lyp/def2-TZVP em=gd3bj
energy: wB97M-V/ma-def2-TZVP"
269,OMG_polymer_76422,O=C(NCCCC(C(=O)O)C(=O)O)OCc1ccccc1,NCCCCC(N)C(=O)O,*NCCCCC(NC(=O)C(CCCNC(=O)OCc1ccccc1)C(*)=O)C(=O)O,NCCCCC(NC(=O)C(C=O)CCCNC(=O)OCc1ccccc1)C(=O)O,-1395.293880763391,0.8733904,Polyamidation,267.88523,-9.1643,0.2118,1.55050878,0.00094421,0.42969635,0.08743115,4.147386056,-1394.864184413391,-1393.742427773391,9.376100000000001,ORCA,QC,"opt+freq: b3lyp/def2-TZVP em=gd3bj
energy: wB97M-V/ma-def2-TZVP"
270,OMG_polymer_51352,NC(=O)CN(CC(=O)O)CC(=O)O,Nc1cc(C(=O)O)cc(Br)c1N,*Nc1cc(C(=O)O)cc(Br)c1NC(=O)CN(CC(*)=O)CC(N)=O,NC(=O)CN(CC=O)CC(=O)Nc1c(N)cc(C(=O)O)cc1Br,-3673.690056423967,0.997783,Polyamidation,229.24549,-8.4393,0.1538,0.31083621,0.00094421,0.23753237,0.07424806,3.932039386,-3673.452524053967,-3673.378276003967,8.5931,ORCA,QC,"opt+freq: b3lyp/def2-TZVP em=gd3bj
energy: wB97M-V/ma-def2-TZVP"
271,OMG_polymer_34524,Cc1cc(C(=O)O)sc1C(=O)O,Nc1cc(C(=O)O)cc(Br)c1N,*Nc1cc(C(=O)O)cc(Br)c1NC(=O)c1cc(C)c(C(*)=O)s1,Cc1cc(C(=O)Nc2c(N)cc(C(=O)O)cc2Br)sc1C=O,-3922.832126758085,0.9993563,Polyamidation,251.32003,-8.576,-0.8754,0.25441934,0.00094421,0.18407845,0.0712851,4.529403378,-3922.648048308085,-3922.576763208085,7.700600000000001,ORCA,QC,"opt+freq: b3lyp/def2-TZVP em=gd3bj
energy: wB97M-V/ma-def2-TZVP"
272,OMG_polymer_100652,O=C(O)c1cc(Cl)cc(C(=O)O)n1,Nc1ccc(N)c(C(=O)O)c1Cl,*Nc1ccc(NC(=O)c2cc(Cl)cc(C(*)=O)n2)c(C(=O)O)c1Cl,Nc1ccc(NC(=O)c2cc(Cl)cc(C=O)n2)c(C(=O)O)c1Cl,-1924.578143915353,0.99866986,Polyamidation,241.34755,-8.026,-0.6132,0.23820493,0.00094421,0.16941996,0.06972918,1.082029885,-1924.408723955353,-1924.338994775353,7.4128,ORCA,QC,"opt+freq: b3lyp/def2-TZVP em=gd3bj
energy: wB97M-V/ma-def2-TZVP"
273,OMG_polymer_68124,CC(C)(C)c1ccc(CC(Cc2ccc(C(C)(C)C)cc2)(C(=O)O)C(=O)O)cc1,Nc1cc(Br)c(C(=O)O)cc1N,*Nc1cc(Br)c(C(=O)O)cc1NC(=O)C(Cc1ccc(C(C)(C)C)cc1)(Cc1ccc(C(C)(C)C)cc1)C(*)=O,CC(C)(C)c1ccc(CC(C=O)(Cc2ccc(C(C)(C)C)cc2)C(=O)Nc2cc(C(=O)O)c(Br)cc2N)cc1,-4226.16332837588,0.9150814,Polyamidation,417.7068,-8.4074,0.0832,0.66861989,0.00094421,0.5648561,0.104708,5.250167858,-4225.59847227588,-4225.49376427588,8.4906,ORCA,QC,"opt+freq: b3lyp/def2-TZVP em=gd3bj
energy: wB97M-V/ma-def2-TZVP"
274,OMG_polymer_91768,O=C(O)C12CCCC(C(=O)O)(CCC1)C2,Nc1ccc2cc(S(=O)(=O)O)ccc2c1N,*Nc1ccc2cc(S(=O)(=O)O)ccc2c1NC(=O)C12CCCC(C(*)=O)(CCC1)C2,Nc1ccc2cc(S(=O)(=O)O)ccc2c1NC(=O)C12CCCC(C=O)(CCC1)C2,-1698.585461842229,0.74279505,Polyamidation,302.74601,-8.2196,-0.0437,0.45652934,0.00094421,0.37838188,0.07909168,4.420930403,-1698.207079962229,-1698.127988292229,8.1759,ORCA,QC,"opt+freq: b3lyp/def2-TZVP em=gd3bj
energy: wB97M-V/ma-def2-TZVP"
275,OMG_polymer_31329,CC(C(=O)O)S(=O)C(C)C(=O)O,Nc1ccc(Nc2ccc(N)cc2S(=O)(=O)O)cc1,*Nc1ccc(Nc2ccc(NC(=O)C(C)S(=O)C(C)C(*)=O)cc2S(=O)(=O)O)cc1,CC(C=O)S(=O)C(C)C(=O)Nc1ccc(Nc2ccc(N)cc2)c(S(=O)(=O)O)c1,-2110.606044676577,0.99447733,Polyamidation,307.06182,-7.9025,0.1808,0.41235499,0.00094421,0.32681132,0.08648789,6.218185986,-2110.279233356577,-2110.192745476577,8.0833,ORCA,QC,"opt+freq: b3lyp/def2-TZVP em=gd3bj
energy: wB97M-V/ma-def2-TZVP"
276,OMG_polymer_189493,O=C(O)C(CCc1ccccn1)C(=O)O,Nc1cc(N)c(Cl)c(C(=O)O)c1,*Nc1cc(NC(=O)C(CCc2ccccn2)C(*)=O)c(Cl)c(C(=O)O)c1,Nc1cc(NC(=O)C(C=O)CCc2ccccn2)c(Cl)c(C(=O)O)c1,-1582.890164463529,0.99832886,Polyamidation,255.84823,-8.3741,0.2522,0.33624308,0.00094421,0.26067223,0.07651506,3.768654737,-1582.629492233529,-1582.552977173529,8.6263,ORCA,QC,"opt+freq: b3lyp/def2-TZVP em=gd3bj
energy: wB97M-V/ma-def2-TZVP"
277,OMG_polymer_31314,CC(C(=O)O)S(=O)C(C)C(=O)O,Nc1cc(N)cc(CCC(=O)O)c1,*Nc1cc(CCC(=O)O)cc(NC(=O)C(C)S(=O)C(C)C(*)=O)c1,CC(C=O)S(=O)C(C)C(=O)Nc1cc(N)cc(CCC(=O)O)c1,-1467.511597073859,0.9933717,Polyamidation,239.01298,-8.0747,-0.1108,0.36713046,0.00094421,0.28998621,0.07808846,2.39021282,-1467.221610863859,-1467.143522403859,7.9639,ORCA,QC,"opt+freq: b3lyp/def2-TZVP em=gd3bj
energy: wB97M-V/ma-def2-TZVP"
278,OMG_polymer_99418,CC(N)(CC(=O)O)C(=O)O,COc1ccc(C(=O)O)c(N)c1N,*Nc1c(C(=O)O)ccc(OC)c1NC(=O)CC(C)(N)C(*)=O,COc1ccc(C(=O)O)c(N)c1NC(=O)CC(C)(N)C=O,-1046.099204045915,0.9965301,Polyamidation,203.37408,-8.0369,0.0514,0.32379427,0.00094421,0.25579698,0.0689415,7.065325415,-1045.843407065915,-1045.774465565915,8.088299999999998,ORCA,QC,"opt+freq: b3lyp/def2-TZVP em=gd3bj
energy: wB97M-V/ma-def2-TZVP"
279,OMG_polymer_198439,CCc1ccc(C=NN(CC(=O)O)CC(=O)O)cc1,Nc1cc(N)c(Br)c(CC(=O)O)c1,*Nc1cc(CC(=O)O)c(Br)c(NC(=O)CN(CC(*)=O)N=Cc2ccc(CC)cc2)c1,CCc1ccc(C=NN(CC=O)CC(=O)Nc2cc(N)cc(CC(=O)O)c2Br)cc1,-3908.045726234813,0.9961903,Polyamidation,323.29684,-8.0628,0.022,0.4477781199999999,0.00094421,0.35996608,0.08875625,5.360677834,-3907.685760154813,-3907.597003904813,8.0848,ORCA,QC,"opt+freq: b3lyp/def2-TZVP em=gd3bj
energy: wB97M-V/ma-def2-TZVP"
280,OMG_polymer_145466,CC(C)(SC(=S)SC(C)(C)C(=O)O)C(=O)O,Nc1cc(N)c(CC(=O)O)cc1Cl,*Nc1cc(NC(=O)C(C)(C)SC(=S)SC(C)(C)C(*)=O)c(CC(=O)O)cc1Cl,CC(C)(C=O)SC(=S)SC(C)(C)C(=O)Nc1cc(N)c(Cl)cc1CC(=O)O,-2725.678877435246,0.93798214,Polyamidation,310.27777,-8.3942,-0.3191,0.39463434,0.00094421,0.30820163,0.08737692,3.637981487,-2725.370675805246,-2725.283298885246,8.075099999999999,ORCA,QC,"opt+freq: b3lyp/def2-TZVP em=gd3bj
energy: wB97M-V/ma-def2-TZVP"
281,OMG_polymer_143835,O=C(O)c1cc(Br)cnc1C(=O)O,Nc1cc(C(=O)O)cc(N)c1Cl,*Nc1cc(C(=O)O)cc(NC(=O)c2cc(Br)cnc2C(*)=O)c1Cl,Nc1cc(C(=O)O)cc(NC(=O)c2cc(Br)cnc2C=O)c1Cl,-4038.391436319561,0.99927634,Polyamidation,246.03531,-8.8171,-0.5262,0.2380789,0.00094421,0.1677234,0.07129971,9.092312079,-4038.223712919561,-4038.152413209561,8.2909,ORCA,QC,"opt+freq: b3lyp/def2-TZVP em=gd3bj
energy: wB97M-V/ma-def2-TZVP"
282,OMG_polymer_200707,Cc1ccccc1C=NN(CC(=O)O)CC(=O)O,Nc1cccc(CC(=O)O)c1N,*Nc1cccc(CC(=O)O)c1NC(=O)CN(CC(*)=O)N=Cc1ccccc1C,Cc1ccccc1C=NN(CC=O)CC(=O)Nc1c(N)cccc1CC(=O)O,-1295.323237490005,0.9919145,Polyamidation,280.94979,-8.0607,0.2676,0.42753912,0.00094421,0.34966612,0.07881721,2.20371555,-1294.973571370005,-1294.894754160005,8.3283,ORCA,QC,"opt+freq: b3lyp/def2-TZVP em=gd3bj
energy: wB97M-V/ma-def2-TZVP"
283,OMG_polymer_56936,O=C(O)C(C(=O)O)c1ccc(Cl)cc1,Nc1c(Br)ccc(CC(=O)O)c1N,*Nc1c(Br)ccc(CC(=O)O)c1NC(=O)C(C(*)=O)c1ccc(Cl)cc1,Nc1c(Br)ccc(CC(=O)O)c1NC(=O)C(C=O)c1ccc(Cl)cc1,-4100.963192790031,0.99793327,Polyamidation,266.69067,-8.5598,0.0515,0.31017389,0.00094421,0.23538165,0.07573645,1.519123336,-4100.727811140031,-4100.652074690031,8.6113,ORCA,QC,"opt+freq: b3lyp/def2-TZVP em=gd3bj
energy: wB97M-V/ma-def2-TZVP"
284,OMG_polymer_154371,O=C(O)Cc1ccc(Br)cc1C(=O)O,Nc1cc(Br)c(C(=O)O)cc1N,*Nc1cc(Br)c(C(=O)O)cc1NC(=O)Cc1ccc(Br)cc1C(*)=O,Nc1cc(Br)c(C(=O)O)cc1NC(=O)Cc1ccc(Br)cc1C=O,-6175.469140493695,0.9996692,Polyamidation,266.58209,-8.6911,-0.6995,0.27958634,0.00094421,0.20485757,0.07567299,6.582701524,-6175.264282923695,-6175.188609943695,7.9916,ORCA,QC,"opt+freq: b3lyp/def2-TZVP em=gd3bj
energy: wB97M-V/ma-def2-TZVP"
285,OMG_polymer_91991,CC(=O)c1c(C(=O)O)[nH]c(C(=O)O)c1C,Nc1c(F)ccc(C(=O)O)c1N,*Nc1c(F)ccc(C(=O)O)c1NC(=O)c1[nH]c(C(*)=O)c(C)c1C(C)=O,CC(=O)c1c(C(=O)Nc2c(C(=O)O)ccc(F)c2N)[nH]c(C=O)c1C,-1258.516374371414,0.99650973,Polyamidation,243.19661,-8.7792,-0.5073,0.3125045,0.00094421,0.23980354,0.07364517,7.747329897,-1258.276570831414,-1258.202925661414,8.271899999999999,ORCA,QC,"opt+freq: b3lyp/def2-TZVP em=gd3bj
energy: wB97M-V/ma-def2-TZVP"
286,OMG_polymer_28034,CCCCCCC(C(=O)O)C(=O)O,N#Cc1ccc(C(=O)O)c(N)c1N,*Nc1c(C(=O)O)ccc(C#N)c1NC(=O)C(CCCCCC)C(*)=O,CCCCCCC(C=O)C(=O)Nc1c(C#N)ccc(C(=O)O)c1N,-1125.676879558726,0.9648386,Polyamidation,240.0854,-8.8037,-0.4445,0.38979117,0.00094421,0.31261681,0.07811857,4.785454543,-1125.364262748726,-1125.286144178726,8.3592,ORCA,QC,"opt+freq: b3lyp/def2-TZVP em=gd3bj
energy: wB97M-V/ma-def2-TZVP"
287,OMG_polymer_161056,O=C(Nc1cccc(C(=O)O)c1C(=O)O)c1ccccc1Br,Nc1nc(N)nc(C(=O)O)n1,*Nc1nc(NC(=O)c2cccc(NC(=O)c3ccccc3Br)c2C(*)=O)nc(C(=O)O)n1,Nc1nc(NC(=O)c2cccc(NC(=O)c3ccccc3Br)c2C=O)nc(C(=O)O)n1,0.0,0.9922219,Polyamidation,0.0,0.0,0.0,0.0,0.0,0.0,0.0,0.0,0.0,0.0,0.0,ORCA,QC,"opt+freq: b3lyp/def2-TZVP em=gd3bj
energy: wB97M-V/ma-def2-TZVP"
288,OMG_polymer_86578,COc1ccc(CC(C(=O)O)C(=O)O)cc1OC,NNC(=O)c1cc(C(=O)NN)cc(S(=O)(=O)O)c1,*NNC(=O)c1cc(C(=O)NNC(=O)C(Cc2ccc(OC)c(OC)c2)C(*)=O)cc(S(=O)(=O)O)c1,COc1ccc(CC(C=O)C(=O)NNC(=O)c2cc(C(=O)NN)cc(S(=O)(=O)O)c2)cc1OC,-2069.670952024601,0.93015754,Polyamidation,320.04579,-8.3796,-0.5277,0.45855609,0.00094421,0.36156104,0.09793926,5.600926343,-2069.309390984601,-2069.211451724601,7.8519,ORCA,QC,"opt+freq: b3lyp/def2-TZVP em=gd3bj
energy: wB97M-V/ma-def2-TZVP"
289,OMG_polymer_10380,O=C(O)CC(CC(=O)O)c1cccnc1Br,CCc1c(N)cc(C(=O)O)cc1N,*Nc1cc(C(=O)O)cc(NC(=O)CC(CC(*)=O)c2cccnc2Br)c1CC,CCc1c(N)cc(C(=O)O)cc1NC(=O)CC(CC=O)c1cccnc1Br,-3775.324820914358,0.99829596,Polyamidation,279.76556,-8.3802,0.0513,0.3953739,0.00094421,0.31445263,0.08186547,5.599986075,-3775.010368284358,-3774.928502804358,8.4315,ORCA,QC,"opt+freq: b3lyp/def2-TZVP em=gd3bj
energy: wB97M-V/ma-def2-TZVP"
290,OMG_polymer_181916,O=C(O)c1c(Cl)c(Cl)c(C(=O)O)c(Cl)c1Cl,Nc1cc(Cl)c(CC(=O)O)cc1N,*Nc1cc(Cl)c(CC(=O)O)cc1NC(=O)c1c(Cl)c(Cl)c(C(*)=O)c(Cl)c1Cl,Nc1cc(Cl)c(CC(=O)O)cc1NC(=O)c1c(Cl)c(Cl)c(C=O)c(Cl)c1Cl,-3326.61111312084,0.99757034,Polyamidation,295.32855,-8.5781,-0.7192,0.25457308,0.00094421,0.17353125,0.08198604,4.223086692,-3326.43758187084,-3326.35559583084,7.858899999999999,ORCA,QC,"opt+freq: b3lyp/def2-TZVP em=gd3bj
energy: wB97M-V/ma-def2-TZVP"
291,OMG_polymer_199116,O=C(O)CN(CC(=O)O)N=Cc1ccccc1Cl,Nc1cc(Br)cc(C(=O)O)c1N,*Nc1cc(Br)cc(C(=O)O)c1NC(=O)CN(CC(*)=O)N=Cc1ccccc1Cl,Nc1cc(Br)cc(C(=O)O)c1NC(=O)CN(CC=O)N=Cc1ccccc1Cl,-4249.724987116699,0.9863631,Polyamidation,294.98841,-8.0629,0.1504,0.35068626,0.00094421,0.27061064,0.08101983,4.724574307,-4249.454376476699,-4249.373356646699,8.2133,ORCA,QC,"opt+freq: b3lyp/def2-TZVP em=gd3bj
energy: wB97M-V/ma-def2-TZVP"
292,OMG_polymer_42427,CCOC(=O)NN(CC(=O)O)CC(=O)O,Nc1cc(Cl)c(S(N)(=O)=O)cc1C(=O)O,*Nc1cc(Cl)c(S(=O)(=O)NC(=O)CN(CC(*)=O)NC(=O)OCC)cc1C(=O)O,CCOC(=O)NN(CC=O)CC(=O)NS(=O)(=O)c1cc(C(=O)O)c(N)cc1Cl,-2223.037360318602,0.99695444,Polyamidation,254.40753,-8.9691,-0.035,0.35851395,0.00094421,0.27483647,0.08462169,4.082384089,-2222.762523848602,-2222.677902158602,8.934099999999999,ORCA,QC,"opt+freq: b3lyp/def2-TZVP em=gd3bj
energy: wB97M-V/ma-def2-TZVP"
293,OMG_polymer_150788,Cc1ccc(S(=O)(=O)N(CCC(=O)O)CCC(=O)O)cc1C,N=C(N)SCCCC(N)C(=O)O,*NC(=N)SCCCC(NC(=O)CCN(CCC(*)=O)S(=O)(=O)c1ccc(C)c(C)c1)C(=O)O,Cc1ccc(S(=O)(=O)N(CCC=O)CCC(=O)NC(CCCSC(=N)N)C(=O)O)cc1C,-2247.013298262187,0.6987408,Polyamidation,308.69168,-9.1904,0.1644,0.53853493,0.00094421,0.44478126,0.09469789,4.894765813,-2246.568517002187,-2246.473819122187,9.354800000000001,ORCA,QC,"opt+freq: b3lyp/def2-TZVP em=gd3bj
energy: wB97M-V/ma-def2-TZVP"
294,OMG_polymer_199147,O=C(O)CN(CC(=O)O)N=Cc1ccccc1Cl,Nc1cc(F)c(C(=O)O)cc1N,*Nc1cc(F)c(C(=O)O)cc1NC(=O)CN(CC(*)=O)N=Cc1ccccc1Cl,Nc1cc(F)c(C(=O)O)cc1NC(=O)CN(CC=O)N=Cc1ccccc1Cl,-1775.566214159801,0.98387814,Polyamidation,279.59924,-8.4627,-0.163,0.35234512,0.00094421,0.27226691,0.08102241,6.818039008,-1775.293947249801,-1775.212924829801,8.2997,ORCA,QC,"opt+freq: b3lyp/def2-TZVP em=gd3bj
energy: wB97M-V/ma-def2-TZVP"
295,OMG_polymer_101153,O=C(O)C12CC3CC(CC(C(=O)O)(C1)C3=O)C2=O,Nc1cc(Cl)c(CC(=O)O)cc1N,*Nc1cc(Cl)c(CC(=O)O)cc1NC(=O)C12CC3CC(CC(C(*)=O)(C1)C3=O)C2=O,Nc1cc(Cl)c(CC(=O)O)cc1NC(=O)C12CC3CC(CC(C=O)(C1)C3=O)C2=O,-1794.766855989671,0.61404693,Polyamidation,275.42566,-8.2442,0.0369,0.3970568,0.00094421,0.31916004,0.07884097,6.659373969,-1794.447695949671,-1794.368854979671,8.281099999999999,ORCA,QC,"opt+freq: b3lyp/def2-TZVP em=gd3bj
energy: wB97M-V/ma-def2-TZVP"
296,OMG_polymer_194336,O=C(O)CS(=O)(=O)c1ccc(-c2ccc(S(=O)(=O)CC(=O)O)cc2)cc1,N#Cc1ccc(N)c(N)c1C(=O)O,*Nc1ccc(C#N)c(C(=O)O)c1NC(=O)CS(=O)(=O)c1ccc(-c2ccc(S(=O)(=O)CC(*)=O)cc2)cc1,N#Cc1ccc(N)c(NC(=O)CS(=O)(=O)c2ccc(-c3ccc(S(=O)(=O)CC=O)cc3)cc2)c1C(=O)O,-2488.555896056271,0.8800292,Polyamidation,369.25364,-8.9235,-0.7541,0.43979564,0.00094421,0.34598597,0.09475389,3.786712381,-2488.209910086271,-2488.115156206271,8.169400000000001,ORCA,QC,"opt+freq: b3lyp/def2-TZVP em=gd3bj
energy: wB97M-V/ma-def2-TZVP"
297,OMG_polymer_162768,COc1ccc(C(C)(CC(=O)O)CC(=O)O)cc1,Nc1nccc(C(=O)O)c1N,*Nc1nccc(C(=O)O)c1NC(=O)CC(C)(CC(*)=O)c1ccc(OC)cc1,COc1ccc(C(C)(CC=O)CC(=O)Nc2c(C(=O)O)ccnc2N)cc1,-1277.14309246161,0.99938214,Polyamidation,257.59952,-8.2324,-0.2397,0.40906393,0.00094421,0.33269615,0.07731199,4.661587868,-1276.81039631161,-1276.73308432161,7.9927,ORCA,QC,"opt+freq: b3lyp/def2-TZVP em=gd3bj
energy: wB97M-V/ma-def2-TZVP"
298,OMG_polymer_150234,O=C(O)CC(NCC(F)(F)F)C(=O)O,Nc1nc(N)nc(CC(=O)O)n1,*Nc1nc(CC(=O)O)nc(NC(=O)CC(NCC(F)(F)F)C(*)=O)n1,Nc1nc(CC(=O)O)nc(NC(=O)CC(C=O)NCC(F)(F)F)n1,-1356.177351968411,0.99528164,Polyamidation,193.44254,-9.7218,0.0951,0.29151438,0.00094421,0.21503566,0.07742293,2.803894967,-1355.962316308411,-1355.884893378411,9.8169,ORCA,QC,"opt+freq: b3lyp/def2-TZVP em=gd3bj
energy: wB97M-V/ma-def2-TZVP"
299,OMG_polymer_8165,O=C(O)C1CSCC(C(=O)O)N1,Nc1c(Br)ccc(CC(=O)O)c1N,*Nc1c(Br)ccc(CC(=O)O)c1NC(=O)C1CSCC(C(*)=O)N1,Nc1c(Br)ccc(CC(=O)O)c1NC(=O)C1CSCC(C=O)N1,-3980.570539650433,0.9688562,Polyamidation,235.1901,-8.7045,0.0863,0.32015953,0.00094421,0.24772756,0.07337618,1.393952056,-3980.322812090433,-3980.249435910433,8.790799999999999,ORCA,QC,"opt+freq: b3lyp/def2-TZVP em=gd3bj
energy: wB97M-V/ma-def2-TZVP"
300,OMG_polymer_148088,O=C(O)C(Cc1ccc(Br)cc1F)C(=O)O,Nc1ccc2c(S(=O)(=O)O)cccc2c1N,*Nc1ccc2c(S(=O)(=O)O)cccc2c1NC(=O)C(Cc1ccc(Br)cc1F)C(*)=O,Nc1ccc2c(S(=O)(=O)O)cccc2c1NC(=O)C(C=O)Cc1ccc(Br)cc1F,-4329.561702117822,0.99746895,Polyamidation,306.84151,-8.3147,-1.8024,0.36248355,0.00094421,0.28053177,0.082896,3.543224066,-4329.281170347822,-4329.198274357822,6.5123,ORCA,QC,"opt+freq: b3lyp/def2-TZVP em=gd3bj
energy: wB97M-V/ma-def2-TZVP"
301,OMG_polymer_53593,CCC(C)(C(=O)O)C(=O)O,Nc1ccc(N)c(C(=O)O)c1Cl,*Nc1ccc(NC(=O)C(C)(CC)C(*)=O)c(C(=O)O)c1Cl,CCC(C)(C=O)C(=O)Nc1ccc(N)c(Cl)c1C(=O)O,-1375.096066229799,0.9984542,Polyamidation,203.54485,-8.2077,-0.0017,0.29140343,0.00094421,0.22440475,0.06794289,4.5221427,-1374.871661479799,-1374.803718589799,8.206000000000001,ORCA,QC,"opt+freq: b3lyp/def2-TZVP em=gd3bj
energy: wB97M-V/ma-def2-TZVP"
302,OMG_polymer_12805,O=C(O)C12CC3CC(C1)CC(C(=O)O)(C3)C2,Nc1ccc(S(=O)(=O)O)c(N)c1,*Nc1ccc(S(=O)(=O)O)c(NC(=O)C23CC4CC(CC(C(*)=O)(C4)C2)C3)c1,Nc1ccc(S(=O)(=O)O)c(NC(=O)C23CC4CC(CC(C=O)(C4)C2)C3)c1,-1583.077166597315,0.9051757,Polyamidation,255.07137,-8.6604,0.1925,0.41391564,0.00094421,0.34180875,0.0730511,3.691943064,-1582.735357847315,-1582.662306747315,8.8529,ORCA,QC,"opt+freq: b3lyp/def2-TZVP em=gd3bj
energy: wB97M-V/ma-def2-TZVP"
303,OMG_polymer_129892,O=C(O)Nc1ccc(Br)c(Cl)c1C(=O)O,Nc1cc(Cl)c(CC(=O)O)cc1N,*Nc1cc(Cl)c(CC(=O)O)cc1NC(=O)Nc1ccc(Br)c(Cl)c1C(*)=O,Nc1cc(Cl)c(CC(=O)O)cc1NC(=O)Nc1ccc(Br)c(Cl)c1C=O,-4576.628240894728,0.99918324,Polyamidation,296.07711,-8.3243,-0.7596,0.29015182,0.00094421,0.21220868,0.07888734,4.123986401,-4576.416032214728,-4576.337144864729,7.564699999999999,ORCA,QC,"opt+freq: b3lyp/def2-TZVP em=gd3bj
energy: wB97M-V/ma-def2-TZVP"
304,OMG_polymer_187212,Cc1cc(CCC(=O)O)c(C)cc1CCC(=O)O,Cc1cc(N)cc(N)c1C(=O)O,*Nc1cc(C)c(C(=O)O)c(NC(=O)CCc2cc(C)c(CCC(*)=O)cc2C)c1,Cc1cc(CCC(=O)Nc2cc(N)cc(C)c2C(=O)O)c(C)cc1CCC=O,0.0,0.9992387,Polyamidation,0.0,0.0,0.0,0.0,0.0,0.0,0.0,0.0,0.0,0.0,0.0,ORCA,QC,"opt+freq: b3lyp/def2-TZVP em=gd3bj
energy: wB97M-V/ma-def2-TZVP"
305,OMG_polymer_75438,CC(CC(=O)C(=O)O)C(=O)O,Nc1cccc(CC(=O)O)c1N,*Nc1cccc(CC(=O)O)c1NC(=O)C(=O)CC(C)C(*)=O,CC(C=O)CC(=O)C(=O)Nc1c(N)cccc1CC(=O)O,-1028.852048162822,0.9986646,Polyamidation,199.68793,-8.4414,-0.2819,0.3119412,0.00094421,0.24381097,0.06907444,2.203870466,-1028.608237192822,-1028.539162752822,8.1595,ORCA,QC,"opt+freq: b3lyp/def2-TZVP em=gd3bj
energy: wB97M-V/ma-def2-TZVP"
306,OMG_polymer_28570,O=C(O)C(F)(F)C(F)(F)C(F)(F)C(F)(F)C(=O)O,Nc1cc(F)c(S(N)(=O)=O)cc1C(=O)O,*Nc1cc(F)c(S(=O)(=O)NC(=O)C(F)(F)C(F)(F)C(F)(F)C(F)(F)C(*)=O)cc1C(=O)O,Nc1cc(F)c(S(=O)(=O)NC(=O)C(F)(F)C(F)(F)C(F)(F)C(F)(F)C=O)cc1C(=O)O,-2357.557221379891,0.790409,Polyamidation,216.0947,-9.2667,-0.0307,0.24764376,0.00094421,0.16182613,0.08676185,5.523527885,-2357.395395249891,-2357.308633409891,9.236,ORCA,QC,"opt+freq: b3lyp/def2-TZVP em=gd3bj
energy: wB97M-V/ma-def2-TZVP"
307,OMG_polymer_64292,O=C(O)C(CCCc1ccccc1)(CCCc1ccccc1)C(=O)O,Nc1cccc2c(S(=O)(=O)O)ccc(N)c12,*Nc1cccc2c(S(=O)(=O)O)ccc(NC(=O)C(CCCc3ccccc3)(CCCc3ccccc3)C(*)=O)c12,Nc1cccc2c(S(=O)(=O)O)ccc(NC(=O)C(C=O)(CCCc3ccccc3)CCCc3ccccc3)c12,0.0,0.8749855,Polyamidation,0.0,0.0,0.0,0.61369688,0.00094421,0.51750189,0.0971392,4.813191614,0.51750189,0.61464109,0.0,ORCA,QC,"opt+freq: b3lyp/def2-TZVP em=gd3bj
energy: wB97M-V/ma-def2-TZVP"
308,OMG_polymer_128816,O=C(O)C(CC(F)(F)F)C(=O)O,Nc1cc(CC(=O)O)cc(N)c1Br,*Nc1cc(CC(=O)O)cc(NC(=O)C(CC(F)(F)F)C(*)=O)c1Br,Nc1cc(CC(=O)O)cc(NC(=O)C(C=O)CC(F)(F)F)c1Br,-3786.754268084844,0.99888617,Polyamidation,209.44307,-8.4518,0.1831,0.27052961,0.00094421,0.19621659,0.07525723,1.173962111,-3786.558051494844,-3786.482794264844,8.6349,ORCA,QC,"opt+freq: b3lyp/def2-TZVP em=gd3bj
energy: wB97M-V/ma-def2-TZVP"
309,OMG_polymer_147797,O=C(O)Cc1c(F)cccc1C(=O)O,Nc1ccnc(N)c1C(=O)O,*Nc1ccnc(NC(=O)Cc2c(F)cccc2C(*)=O)c1C(=O)O,Nc1ccnc(NC(=O)Cc2c(F)cccc2C=O)c1C(=O)O,-1143.965171863113,0.9994746,Polyamidation,212.31638,-8.9063,-0.509,0.27770575,0.00094421,0.21081519,0.06783478,5.099775575,-1143.754356673113,-1143.686521903113,8.3973,ORCA,QC,"opt+freq: b3lyp/def2-TZVP em=gd3bj
energy: wB97M-V/ma-def2-TZVP"
310,OMG_polymer_158619,O=C(O)c1cccc(C(=O)O)c1NCc1cccc(Cl)c1,Nc1ccccc1CC(N)C(=O)O,*Nc1ccccc1CC(NC(=O)c1cccc(C(*)=O)c1NCc1cccc(Cl)c1)C(=O)O,Nc1ccccc1CC(NC(=O)c1cccc(C=O)c1NCc1cccc(Cl)c1)C(=O)O,0.0,0.99176437,Polyamidation,0.0,0.0,0.0,3.61905745,0.00094421,0.36832257,0.08426018,4.02694215,0.36832257,3.62000166,0.0,ORCA,QC,"opt+freq: b3lyp/def2-TZVP em=gd3bj
energy: wB97M-V/ma-def2-TZVP"
311,OMG_polymer_61423,CC(Cc1ccc(Cl)cc1)(C(=O)O)C(=O)O,Nc1cc(C(=O)O)cc(N)c1C(F)F,*Nc1cc(C(=O)O)cc(NC(=O)C(C)(Cc2ccc(Cl)cc2)C(*)=O)c1C(F)F,CC(C=O)(Cc1ccc(Cl)cc1)C(=O)Nc1cc(C(=O)O)cc(N)c1C(F)F,-1804.696513214476,0.9992778,Polyamidation,257.8409,-8.6409,0.0023,0.3637927,0.00094421,0.28501644,0.07972047,2.27618396,-1804.411496774476,-1804.331776304476,8.6432,ORCA,QC,"opt+freq: b3lyp/def2-TZVP em=gd3bj
energy: wB97M-V/ma-def2-TZVP"
312,OMG_polymer_32853,CCCC(C)(C(=O)O)C(=O)O,Nc1ccc(C(=O)O)cc1N,*Nc1ccc(C(=O)O)cc1NC(=O)C(C)(CCC)C(*)=O,CCCC(C)(C=O)C(=O)Nc1cc(C(=O)O)ccc1N,-954.812748546232,0.9987696,Polyamidation,199.33135,-8.2512,0.2491,0.3296983,0.00094421,0.26192338,0.06871913,4.718930748,-954.550825166232,-954.482106036232,8.500300000000001,ORCA,QC,"opt+freq: b3lyp/def2-TZVP em=gd3bj
energy: wB97M-V/ma-def2-TZVP"
313,OMG_polymer_12404,O=C(O)c1ccc(C(=O)O)c(F)c1F,Nc1nc(N)c(C(=O)O)cc1Cl,*Nc1nc(NC(=O)c2ccc(C(*)=O)c(F)c2F)c(C(=O)O)cc1Cl,Nc1nc(NC(=O)c2ccc(C=O)c(F)c2F)c(C(=O)O)cc1Cl,-1663.522781227936,0.9988213,Polyamidation,232.25159,-8.7783,-0.5747,0.23232816,0.00094421,0.16222797,0.0710444,7.178748792,-1663.360553257936,-1663.289508857936,8.2036,ORCA,QC,"opt+freq: b3lyp/def2-TZVP em=gd3bj
energy: wB97M-V/ma-def2-TZVP"
314,OMG_polymer_20531,Nc1cccc(C(=O)O)c1C(=O)O,Nc1ccc(N)c(CC(=O)O)c1Br,*Nc1ccc(NC(=O)c2cccc(N)c2C(*)=O)c(CC(=O)O)c1Br,Nc1ccc(NC(=O)c2cccc(N)c2C=O)c(CC(=O)O)c1Br,-3657.428704233986,0.9962126,Polyamidation,257.20284,-8.1473,0.0192,0.30653593,0.00094421,0.23444898,0.07303115,3.519780655,-3657.194255253986,-3657.121224093986,8.1665,ORCA,QC,"opt+freq: b3lyp/def2-TZVP em=gd3bj
energy: wB97M-V/ma-def2-TZVP"
315,OMG_polymer_50463,O=C(O)c1ncccc1-c1cccnc1C(=O)O,COc1ccc(N)c(C(=O)O)c1N,*Nc1ccc(OC)c(NC(=O)c2ncccc2-c2cccnc2C(*)=O)c1C(=O)O,COc1ccc(N)c(C(=O)O)c1NC(=O)c1ncccc1-c1cccnc1C=O,-1366.997491085945,0.9988373,Polyamidation,282.52483,-7.9876,-0.2886,0.36309431,0.00094421,0.28488685,0.07915167,2.983779698,-1366.712604235945,-1366.633452565945,7.699,ORCA,QC,"opt+freq: b3lyp/def2-TZVP em=gd3bj
energy: wB97M-V/ma-def2-TZVP"
316,OMG_polymer_104483,O=C(O)CC1(CC(=O)O)OCCO1,Nc1cc(C(=O)O)cc(N)n1,*Nc1cc(C(=O)O)cc(NC(=O)CC2(CC(*)=O)OCCO2)n1,Nc1cc(C(=O)O)cc(NC(=O)CC2(CC=O)OCCO2)n1,-1120.138016472906,0.9983321,Polyamidation,201.23341,-8.1272,0.2727,0.30652524,0.00094421,0.23805188,0.06941757,5.234182132,-1119.899964592906,-1119.830547022906,8.3999,ORCA,QC,"opt+freq: b3lyp/def2-TZVP em=gd3bj
energy: wB97M-V/ma-def2-TZVP"
317,OMG_polymer_175882,CCCCCCCCCCCCC(C(=O)O)C(=O)O,Nc1cc(N)c(C(=O)O)cc1F,*Nc1cc(NC(=O)C(CCCCCCCCCCCC)C(*)=O)c(C(=O)O)cc1F,CCCCCCCCCCCCC(C=O)C(=O)Nc1cc(N)c(F)cc1C(=O)O,-1368.518948582456,0.94332147,Polyamidation,291.29909,-8.6381,0.1974,0.5620143,0.00094421,0.47270828,0.09025023,1.848434522,-1368.046240302456,-1367.955990072456,8.8355,ORCA,QC,"opt+freq: b3lyp/def2-TZVP em=gd3bj
energy: wB97M-V/ma-def2-TZVP"
318,OMG_polymer_162267,COc1ccc(CC(C(=O)O)C(=O)O)c(OC)c1,COc1ccc(N)c(C(=O)O)c1N,*Nc1ccc(OC)c(NC(=O)C(Cc2ccc(OC)cc2OC)C(*)=O)c1C(=O)O,COc1ccc(CC(C=O)C(=O)Nc2c(OC)ccc(N)c2C(=O)O)c(OC)c1,-1411.531713486085,0.9997352,Polyamidation,282.27248,-7.7864,0.3486,0.43138449,0.00094421,0.34776804,0.08456066,2.381964925,-1411.183945446085,-1411.099384786085,8.135,ORCA,QC,"opt+freq: b3lyp/def2-TZVP em=gd3bj
energy: wB97M-V/ma-def2-TZVP"
319,OMG_polymer_131904,O=C(O)CN(CC(=O)O)N=Cc1cccc(Cl)c1Cl,Cc1c(N)ccc(C(=O)O)c1N,*Nc1ccc(C(=O)O)c(NC(=O)CN(CC(*)=O)N=Cc2cccc(Cl)c2Cl)c1C,Cc1c(N)ccc(C(=O)O)c1NC(=O)CN(CC=O)N=Cc1cccc(Cl)c1Cl,-2175.20731993257,0.99816847,Polyamidation,290.89912,-8.4341,-0.0292,0.38076479,0.00094421,0.29960141,0.08210759,6.872539604,-2174.90771852257,-2174.82561093257,8.404900000000001,ORCA,QC,"opt+freq: b3lyp/def2-TZVP em=gd3bj
energy: wB97M-V/ma-def2-TZVP"
320,OMG_polymer_101441,CC(C)C(NC(=O)CCC(=O)O)C(=O)O,Nc1cc(C(=O)O)c(N)c(C(F)(F)F)c1,*Nc1cc(C(=O)O)c(NC(=O)CCC(=O)NC(C(*)=O)C(C)C)c(C(F)(F)F)c1,CC(C)C(C=O)NC(=O)CCC(=O)Nc1c(C(=O)O)cc(N)cc1C(F)(F)F,-1499.964504590538,0.9862709,Polyamidation,246.68291,-8.5056,0.1683,0.39764883,0.00094421,0.31283586,0.08575719,6.421189965,-1499.651668730538,-1499.565911550538,8.6739,ORCA,QC,"opt+freq: b3lyp/def2-TZVP em=gd3bj
energy: wB97M-V/ma-def2-TZVP"
321,OMG_polymer_62746,Cc1[nH]nc(C(=O)O)c1C(=O)O,Nc1c(Br)ccc(CC(=O)O)c1N,*Nc1c(Br)ccc(CC(=O)O)c1NC(=O)c1n[nH]c(C)c1C(*)=O,Cc1[nH]nc(C(=O)Nc2c(CC(=O)O)ccc(Br)c2N)c1C=O,-3635.34983823309,0.99789256,Polyamidation,233.06495,-8.1375,-0.1546,0.28806919,0.00094421,0.21615068,0.07286272,8.863864612,-3635.13368755309,-3635.06082483309,7.982899999999999,ORCA,QC,"opt+freq: b3lyp/def2-TZVP em=gd3bj
energy: wB97M-V/ma-def2-TZVP"
322,OMG_polymer_57879,O=C(O)CCC(NC(=O)CCl)C(=O)O,Nc1ccc(Oc2cc(Oc3ccc(N)cc3)cc(C(=O)O)c2)cc1,*Nc1ccc(Oc2cc(Oc3ccc(NC(=O)CCC(NC(=O)CCl)C(*)=O)cc3)cc(C(=O)O)c2)cc1,Nc1ccc(Oc2cc(Oc3ccc(NC(=O)CCC(C=O)NC(=O)CCl)cc3)cc(C(=O)O)c2)cc1,-2156.388309583826,0.97788346,Polyamidation,372.10726,-8.2602,0.0744,0.50286513,0.00094421,0.40467155,0.0991378,2.592811682,-2155.983638033826,-2155.884500243826,8.3346,ORCA,QC,"opt+freq: b3lyp/def2-TZVP em=gd3bj
energy: wB97M-V/ma-def2-TZVP"
323,OMG_polymer_21391,O=C(O)CNc1ccccc1C(=O)O,Nc1cc(C(=O)O)c(N)cc1Br,*Nc1cc(C(=O)O)c(NC(=O)CNc2ccccc2C(*)=O)cc1Br,Nc1cc(C(=O)O)c(NC(=O)CNc2ccccc2C=O)cc1Br,-3657.416075750748,0.9993575,Polyamidation,255.37269,-8.1792,-0.2545,0.3066235,0.00094421,0.23425311,0.07331461,1.17592296,-3657.181822640748,-3657.108508040748,7.9247,ORCA,QC,"opt+freq: b3lyp/def2-TZVP em=gd3bj
energy: wB97M-V/ma-def2-TZVP"
324,OMG_polymer_61003,CC(CCc1ccccc1)(C(=O)O)C(=O)O,Nc1ccc(N)c(C(=O)O)c1,*Nc1ccc(NC(=O)C(C)(CCc2ccccc2)C(*)=O)c(C(=O)O)c1,CC(C=O)(CCc1ccccc1)C(=O)Nc1ccc(N)cc1C(=O)O,-1146.550362861533,0.99879575,Polyamidation,261.96956,-8.0716,-0.0334,0.38571131,0.00094421,0.31145911,0.07519642,6.706927613,-1146.238903751533,-1146.163707341533,8.0382,ORCA,QC,"opt+freq: b3lyp/def2-TZVP em=gd3bj
energy: wB97M-V/ma-def2-TZVP"
325,OMG_polymer_200383,COc1cccc(C=NN(CC(=O)O)CC(=O)O)c1OC,Nc1cc(C(=O)O)ccc1S(N)(=O)=O,*Nc1cc(C(=O)O)ccc1S(=O)(=O)NC(=O)CN(CC(*)=O)N=Cc1cccc(OC)c1OC,COc1cccc(C=NN(CC=O)CC(=O)NS(=O)(=O)c2ccc(C(=O)O)cc2N)c1OC,0.0,0.9903943,Polyamidation,0.0,0.0,0.0,0.0,0.0,0.0,0.0,0.0,0.0,0.0,0.0,ORCA,QC,"opt+freq: b3lyp/def2-TZVP em=gd3bj
energy: wB97M-V/ma-def2-TZVP"
326,OMG_polymer_197923,CC(C)c1ccc(C=NN(CC(=O)O)CC(=O)O)cc1,Nc1cc(S(=O)(=O)O)c(N)cc1S(=O)(=O)O,*Nc1cc(S(=O)(=O)O)c(NC(=O)CN(CC(*)=O)N=Cc2ccc(C(C)C)cc2)cc1S(=O)(=O)O,CC(C)c1ccc(C=NN(CC=O)CC(=O)Nc2cc(S(=O)(=O)O)c(N)cc2S(=O)(=O)O)cc1,0.0,0.8733798,Polyamidation,0.0,0.0,0.0,0.0,0.0,0.0,0.0,0.0,0.0,0.0,0.0,ORCA,QC,"opt+freq: b3lyp/def2-TZVP em=gd3bj
energy: wB97M-V/ma-def2-TZVP"
327,OMG_polymer_80116,CCOC(OCC)C(CC(=O)O)CC(=O)O,Nc1nc(N)c(C(=O)O)cc1Cl,*Nc1nc(NC(=O)CC(CC(*)=O)C(OCC)OCC)c(C(=O)O)cc1Cl,CCOC(OCC)C(CC=O)CC(=O)Nc1nc(N)c(Cl)cc1C(=O)O,-1698.84891444372,0.9880504,Polyamidation,256.39398,-8.5478,0.223,0.40976736,0.00094421,0.32595665,0.08475493,2.4688294,-1698.52295779372,-1698.43820287372,8.770800000000001,ORCA,QC,"opt+freq: b3lyp/def2-TZVP em=gd3bj
energy: wB97M-V/ma-def2-TZVP"
328,OMG_polymer_206285,CC(C)(C)OC(=O)N1C(C(=O)O)CCCC1C(=O)O,Cc1cc(N)c(N)cc1C(=O)O,*Nc1cc(C)c(C(=O)O)cc1NC(=O)C1CCCC(C(*)=O)N1C(=O)OC(C)(C)C,Cc1cc(N)c(NC(=O)C2CCCC(C=O)N2C(=O)OC(C)(C)C)cc1C(=O)O,-1394.123852056229,0.9720058,Polyamidation,281.11947,-8.0401,0.171,0.49070043,0.00094421,0.40726234,0.0843823,5.708593932,-1393.716589716229,-1393.632207416229,8.2111,ORCA,QC,"opt+freq: b3lyp/def2-TZVP em=gd3bj
energy: wB97M-V/ma-def2-TZVP"
329,OMG_polymer_35513,CC(C)(C)c1ccc(CC(C(=O)O)C(=O)O)cc1,Nc1cc(N)cc(CCC(=O)O)c1,*Nc1cc(CCC(=O)O)cc(NC(=O)C(Cc2ccc(C(C)(C)C)cc2)C(*)=O)c1,CC(C)(C)c1ccc(CC(C=O)C(=O)Nc2cc(N)cc(CCC(=O)O)c2)cc1,-1303.773435200339,0.9995461,Polyamidation,301.59372,-7.9714,0.2846,0.5038462,0.00094421,0.41794629,0.08684413,2.082430027,-1303.355488910339,-1303.268644790339,8.256,ORCA,QC,"opt+freq: b3lyp/def2-TZVP em=gd3bj
energy: wB97M-V/ma-def2-TZVP"
330,OMG_polymer_115850,O=C(O)c1cccc(Sc2cccc(C(=O)O)c2)c1,Nc1ccc(N)c(CC(=O)O)c1Br,*Nc1ccc(NC(=O)c2cccc(Sc3cccc(C(*)=O)c3)c2)c(CC(=O)O)c1Br,Nc1ccc(NC(=O)c2cccc(Sc3cccc(C=O)c3)c2)c(CC(=O)O)c1Br,0.0,0.9981505,Polyamidation,0.0,0.0,0.0,0.0,0.0,0.0,0.0,0.0,0.0,0.0,0.0,ORCA,QC,"opt+freq: b3lyp/def2-TZVP em=gd3bj
energy: wB97M-V/ma-def2-TZVP"
331,OMG_polymer_165738,COc1cccc(C(=O)N(CC(=O)O)CC(=O)O)c1,NCc1ccccc1CC(N)C(=O)O,*NCc1ccccc1CC(NC(=O)CN(CC(*)=O)C(=O)c1cccc(OC)c1)C(=O)O,COc1cccc(C(=O)N(CC=O)CC(=O)NC(Cc2ccccc2CN)C(=O)O)c1,-1469.089377140099,0.98975134,Polyamidation,298.78902,-8.9781,0.1403,0.48174628,0.00094421,0.39363874,0.08905176,6.311436771,-1468.695738400099,-1468.606686650099,9.1184,ORCA,QC,"opt+freq: b3lyp/def2-TZVP em=gd3bj
energy: wB97M-V/ma-def2-TZVP"
332,OMG_polymer_12221,O=C(O)CN(CC(=O)O)C(=O)c1ccc(Br)cc1,Nc1nc(N)c(C(=O)O)nc1Br,*Nc1nc(NC(=O)CN(CC(*)=O)C(=O)c2ccc(Br)cc2)c(C(=O)O)nc1Br,Nc1nc(NC(=O)CN(CC=O)C(=O)c2ccc(Br)cc2)c(C(=O)O)nc1Br,-6415.598770112751,0.99827933,Polyamidation,296.82755,-8.5621,-0.0644,0.31413248,0.00094421,0.23179149,0.08328519,6.611532533,-6415.36697862275,-6415.283693422751,8.4977,ORCA,QC,"opt+freq: b3lyp/def2-TZVP em=gd3bj
energy: wB97M-V/ma-def2-TZVP"
333,OMG_polymer_148621,O=C(O)CSCc1ccc(C(=O)O)cc1,Cc1cc(N)c(C(=O)O)c(N)c1,*Nc1cc(C)cc(NC(=O)CSCc2ccc(C(*)=O)cc2)c1C(=O)O,Cc1cc(N)c(C(=O)O)c(NC(=O)CSCc2ccc(C=O)cc2)c1,-1505.44031149476,0.99959475,Polyamidation,276.21672,-8.1746,-0.0981,0.71599696,0.00094421,0.28212386,0.07634136,5.326489584,-1505.15818763476,-1504.72337032476,8.0765,ORCA,QC,"opt+freq: b3lyp/def2-TZVP em=gd3bj
energy: wB97M-V/ma-def2-TZVP"
334,OMG_polymer_60494,CN1CC(C(=O)O)C(C(=O)O)C1,Nc1c(C(=O)O)ccc(C(F)(F)F)c1N,*Nc1c(C(=O)O)ccc(C(F)(F)F)c1NC(=O)C1CN(C)CC1C(*)=O,CN1CC(C=O)C(C(=O)Nc2c(C(F)(F)F)ccc(C(=O)O)c2N)C1,-1346.088215603795,0.98686606,Polyamidation,219.08264,-8.5383,-0.0868,0.33402142,0.00094421,0.26109088,0.07387475,4.772786806,-1345.827124723795,-1345.753249973795,8.4515,ORCA,QC,"opt+freq: b3lyp/def2-TZVP em=gd3bj
energy: wB97M-V/ma-def2-TZVP"
335,OMG_polymer_166814,O=C(O)CN(CC(=O)O)C(=O)CCCCl,NCc1ccccc1CC(N)C(=O)O,*NCc1ccccc1CC(NC(=O)CN(CC(*)=O)C(=O)CCCCl)C(=O)O,NCc1ccccc1CC(NC(=O)CN(CC=O)C(=O)CCCCl)C(=O)O,-1701.02689182381,0.98989886,Polyamidation,255.95423,-9.0673,0.0671,0.44282402,0.00094421,0.35931871,0.08444953,5.23941775,-1700.66757311381,-1700.58312359381,9.1344,ORCA,QC,"opt+freq: b3lyp/def2-TZVP em=gd3bj
energy: wB97M-V/ma-def2-TZVP"
336,OMG_polymer_14054,CC(C)CCC(F)(C(=O)O)C(=O)O,Nc1ccc(C(=O)O)cc1N,*Nc1ccc(C(=O)O)cc1NC(=O)C(F)(CCC(C)C)C(*)=O,CC(C)CCC(F)(C=O)C(=O)Nc1cc(C(=O)O)ccc1N,-1093.378892109471,0.99916553,Polyamidation,212.15057,-8.4412,0.1242,0.35208935,0.00094421,0.27990543,0.07312813,5.43464247,-1093.098986679471,-1093.025858549471,8.5654,ORCA,QC,"opt+freq: b3lyp/def2-TZVP em=gd3bj
energy: wB97M-V/ma-def2-TZVP"
337,OMG_polymer_93538,O=C(O)c1cccc(C(=O)c2cccc(C(=O)O)c2)c1,Nc1cc(C(F)(F)F)cc(N)c1C(=O)O,*Nc1cc(C(F)(F)F)cc(NC(=O)c2cccc(C(=O)c3cccc(C(*)=O)c3)c2)c1C(=O)O,Nc1cc(C(F)(F)F)cc(NC(=O)c2cccc(C(=O)c3cccc(C=O)c3)c2)c1C(=O)O,-1670.873370777876,0.9622497,Polyamidation,321.55047,-8.5627,-0.5498,0.37269185,0.00094421,0.28776871,0.08586736,7.767677888,-1670.585602067876,-1670.499734717876,8.0129,ORCA,QC,"opt+freq: b3lyp/def2-TZVP em=gd3bj
energy: wB97M-V/ma-def2-TZVP"
338,OMG_polymer_150290,Cc1nc(Cl)c(C(=O)O)cc1C(=O)O,Nc1cc(Cl)c(CC(=O)O)cc1N,*Nc1cc(Cl)c(CC(=O)O)cc1NC(=O)c1cc(C(*)=O)c(C)nc1Cl,Cc1nc(Cl)c(C(=O)Nc2cc(CC(=O)O)c(Cl)cc2N)cc1C=O,-2003.1944819882,0.99835473,Polyamidation,264.086,-8.4253,-0.7066,1.18074142,0.00094421,0.22332816,0.07310169,6.975560542,-2002.9711538282,-2002.0127963582,7.7187,ORCA,QC,"opt+freq: b3lyp/def2-TZVP em=gd3bj
energy: wB97M-V/ma-def2-TZVP"
339,OMG_polymer_200860,O=C(O)CN(CC(=O)O)N=Cc1ccco1,Nc1nc(N)c(C(=O)O)cc1Br,*Nc1nc(NC(=O)CN(CC(*)=O)N=Cc2ccco2)c(C(=O)O)cc1Br,Nc1nc(NC(=O)CN(CC=O)N=Cc2ccco2)c(C(=O)O)cc1Br,-3803.99451752319,0.97702265,Polyamidation,277.72966,-7.9646,0.1649,0.31596555,0.00094421,0.23840954,0.07850022,2.549397662,-3803.75610798319,-3803.67760776319,8.1295,ORCA,QC,"opt+freq: b3lyp/def2-TZVP em=gd3bj
energy: wB97M-V/ma-def2-TZVP"
340,OMG_polymer_68044,O=C(O)C(Cc1ccc(Br)c(F)c1)C(=O)O,Nc1cc(Cl)cc(N)c1C(=O)O,*Nc1cc(Cl)cc(NC(=O)C(Cc2ccc(Br)c(F)c2)C(*)=O)c1C(=O)O,Nc1cc(Cl)cc(NC(=O)C(C=O)Cc2ccc(Br)c(F)c2)c1C(=O)O,-4200.230977919261,0.9997192,Polyamidation,267.36443,-8.478,-0.0879,0.3023461,0.00094421,0.22457137,0.07871894,2.478279868,-4200.006406549261,-4199.927687609261,8.3901,ORCA,QC,"opt+freq: b3lyp/def2-TZVP em=gd3bj
energy: wB97M-V/ma-def2-TZVP"
341,OMG_polymer_41050,CC(=O)NN(CC(=O)O)CC(=O)O,Nc1cc(F)c(C(=O)O)cc1N,*Nc1cc(F)c(C(=O)O)cc1NC(=O)CN(CC(*)=O)NC(C)=O,CC(=O)NN(CC=O)CC(=O)Nc1cc(C(=O)O)c(F)cc1N,-1199.499706513009,0.9989434,Polyamidation,210.26403,-8.5735,-0.0708,0.31057183,0.00094421,0.23770678,0.07380926,5.50958024,-1199.261999733009,-1199.188190473009,8.502699999999999,ORCA,QC,"opt+freq: b3lyp/def2-TZVP em=gd3bj
energy: wB97M-V/ma-def2-TZVP"
342,OMG_polymer_173820,O=C(O)COCC(=O)Nc1ccccc1CC(=O)O,Cc1ccc(N)c(N)c1C(=O)O,*Nc1ccc(C)c(C(=O)O)c1NC(=O)COCC(=O)Nc1ccccc1CC(*)=O,Cc1ccc(N)c(NC(=O)COCC(=O)Nc2ccccc2CC=O)c1C(=O)O,-1390.500844159255,0.99895155,Polyamidation,278.13407,-8.4144,0.1217,0.42110104,0.00094421,0.33922943,0.08281582,6.031919259,-1390.161614729255,-1390.078798909255,8.536100000000001,ORCA,QC,"opt+freq: b3lyp/def2-TZVP em=gd3bj
energy: wB97M-V/ma-def2-TZVP"
343,OMG_polymer_54937,O=C(O)C(C(=O)O)C1C=CCCC1,Nc1c(C(=O)O)cc(Cl)c(Br)c1N,*Nc1c(C(=O)O)cc(Cl)c(Br)c1NC(=O)C(C(*)=O)C1C=CCCC1,Nc1c(C(=O)O)cc(Cl)c(Br)c1NC(=O)C(C=O)C1C=CCCC1,-4064.033578881659,0.9801103,Polyamidation,256.09086,-8.3498,0.0092,0.32732853,0.00094421,0.25408255,0.0741902,2.799476061,-4063.779496331659,-4063.705306141659,8.359,ORCA,QC,"opt+freq: b3lyp/def2-TZVP em=gd3bj
energy: wB97M-V/ma-def2-TZVP"
344,OMG_polymer_60713,O=C(O)c1cccc2c1oc1c(C(=O)O)cccc12,Cc1cc(N)c(N)cc1C(=O)O,*Nc1cc(C)c(C(=O)O)cc1NC(=O)c1cccc2c1oc1c(C(*)=O)cccc12,Cc1cc(N)c(NC(=O)c2cccc3c2oc2c(C=O)cccc23)cc1C(=O)O,-1333.739776155994,0.98213416,Polyamidation,304.54636,-8.3198,-0.2776,0.36436783,0.00094421,0.28826126,0.07705078,8.331378031,-1333.451514895994,-1333.374464115994,8.042200000000001,ORCA,QC,"opt+freq: b3lyp/def2-TZVP em=gd3bj
energy: wB97M-V/ma-def2-TZVP"
345,OMG_polymer_54117,O=C(O)C(Cc1ccc(Br)cc1)C(=O)O,Cc1ccc(N)c(N)c1C(=O)O,*Nc1ccc(C)c(C(=O)O)c1NC(=O)C(Cc1ccc(Br)cc1)C(*)=O,Cc1ccc(N)c(NC(=O)C(C=O)Cc2ccc(Br)cc2)c1C(=O)O,-3680.662455820018,0.9989267,Polyamidation,268.14746,-8.144,0.2571,0.34764463,0.00094421,0.27250233,0.07608651,1.780096617,-3680.389953490018,-3680.313866980018,8.4011,ORCA,QC,"opt+freq: b3lyp/def2-TZVP em=gd3bj
energy: wB97M-V/ma-def2-TZVP"
346,OMG_polymer_179840,O=C(O)C(c1ccccc1)C(C(=O)O)c1ccccc1,Nc1cc(C(=O)O)c(N)cc1Br,*Nc1cc(C(=O)O)c(NC(=O)C(c2ccccc2)C(C(*)=O)c2ccccc2)cc1Br,Nc1cc(C(=O)O)c(NC(=O)C(c2ccccc2)C(C=O)c2ccccc2)cc1Br,-3872.40977945401,0.9962346,Polyamidation,324.24511,-8.1462,0.0396,0.40329084,0.00094421,0.32133073,0.08290432,5.623914237,-3872.08844872401,-3872.00554440401,8.1858,ORCA,QC,"opt+freq: b3lyp/def2-TZVP em=gd3bj
energy: wB97M-V/ma-def2-TZVP"
347,OMG_polymer_167285,O=C(O)CN(CC(=O)O)C(=O)CCc1ccccc1,Cc1ccc(N)c(C(=O)O)c1N,*Nc1ccc(C)c(NC(=O)CN(CC(*)=O)C(=O)CCc2ccccc2)c1C(=O)O,Cc1ccc(N)c(C(=O)O)c1NC(=O)CN(CC=O)C(=O)CCc1ccccc1,-1354.575595655679,0.9992649,Polyamidation,287.99745,-8.3042,0.0615,0.44533908,0.00094421,0.36236852,0.08391477,7.547148531,-1354.213227135679,-1354.129312365679,8.3657,ORCA,QC,"opt+freq: b3lyp/def2-TZVP em=gd3bj
energy: wB97M-V/ma-def2-TZVP"
348,OMG_polymer_82085,O=C(O)CSc1cccc2cccc(C(=O)O)c12,Nc1c(F)ccc(C(=O)O)c1N,*Nc1c(F)ccc(C(=O)O)c1NC(=O)CSc1cccc2cccc(C(*)=O)c12,Nc1c(F)ccc(C(=O)O)c1NC(=O)CSc1cccc2cccc(C=O)c12,-1679.731278716905,0.9988167,Polyamidation,273.37798,-8.3711,-0.437,0.34226734,0.00094421,0.26864154,0.07457001,3.483970491,-1679.462637176905,-1679.388067166905,7.9341,ORCA,QC,"opt+freq: b3lyp/def2-TZVP em=gd3bj
energy: wB97M-V/ma-def2-TZVP"
349,OMG_polymer_22856,O=C(CCC(=O)Oc1ccccc1C(=O)O)Oc1ccccc1C(=O)O,Nc1c(Br)ccc(CC(=O)O)c1N,*Nc1c(Br)ccc(CC(=O)O)c1NC(=O)c1ccccc1OC(=O)CCC(=O)Oc1ccccc1C(*)=O,Nc1c(Br)ccc(CC(=O)O)c1NC(=O)c1ccccc1OC(=O)CCC(=O)Oc1ccccc1C=O,-4288.936506797218,0.97516644,Polyamidation,371.47599,-8.2077,-0.4127,1.86629733,0.00094421,0.37455026,0.0928987,4.185123487,-4288.561956537217,-4287.069265257218,7.795000000000001,ORCA,QC,"opt+freq: b3lyp/def2-TZVP em=gd3bj
energy: wB97M-V/ma-def2-TZVP"
350,OMG_polymer_20119,O=C(O)c1ccccc1Nc1ccccc1C(=O)O,Nc1nc(N)c(C(=O)O)nc1Cl,*Nc1nc(NC(=O)c2ccccc2Nc2ccccc2C(*)=O)c(C(=O)O)nc1Cl,Nc1nc(NC(=O)c2ccccc2Nc2ccccc2C=O)c(C(=O)O)nc1Cl,-1767.459182333975,0.9988305,Polyamidation,301.33878,-8.3153,-0.2501,0.33822856,0.00094421,0.26168366,0.07748912,3.606129939,-1767.197498673975,-1767.120009563975,8.0652,ORCA,QC,"opt+freq: b3lyp/def2-TZVP em=gd3bj
energy: wB97M-V/ma-def2-TZVP"
351,OMG_polymer_62741,Cc1[nH]nc(C(=O)O)c1C(=O)O,Nc1cc(Br)cc(N)c1C(=O)O,*Nc1cc(Br)cc(NC(=O)c2n[nH]c(C)c2C(*)=O)c1C(=O)O,Cc1[nH]nc(C(=O)Nc2cc(Br)cc(N)c2C(=O)O)c1C=O,-3596.058012305875,0.9986749,Polyamidation,233.17048,-8.3283,-0.0425,0.25824659,0.00094421,0.1889982,0.0701926,7.731601273,-3595.869014105875,-3595.798821505875,8.2858,ORCA,QC,"opt+freq: b3lyp/def2-TZVP em=gd3bj
energy: wB97M-V/ma-def2-TZVP"
352,OMG_polymer_137143,O=C(O)C1SC(=S)SC1C(=O)O,Nc1c(Br)ccc(CC(=O)O)c1N,*Nc1c(Br)ccc(CC(=O)O)c1NC(=O)C1SC(=S)SC1C(*)=O,Nc1c(Br)ccc(CC(=O)O)c1NC(=O)C1SC(=S)SC1C=O,-4681.093961436466,0.85223025,Polyamidation,266.77759,-8.643,-0.6011,0.25489962,0.00094421,0.18317961,0.07266423,1.947517506,-4680.910781826467,-4680.838117606466,8.0419,ORCA,QC,"opt+freq: b3lyp/def2-TZVP em=gd3bj
energy: wB97M-V/ma-def2-TZVP"
353,OMG_polymer_89993,O=C(O)c1cccc(NC(=O)c2ccccc2C(=O)O)c1,Nc1nc(N)c(C(=O)O)cc1Cl,*Nc1nc(NC(=O)c2cccc(NC(=O)c3ccccc3C(*)=O)c2)c(C(=O)O)cc1Cl,Nc1nc(NC(=O)c2cccc(NC(=O)c3ccccc3C=O)c2)c(C(=O)O)cc1Cl,-1864.784564061912,0.998912,Polyamidation,323.72942,-8.332,-0.434,0.36312839,0.00094421,0.28294496,0.08112764,5.665005143,-1864.501619101912,-1864.420491461912,7.898000000000001,ORCA,QC,"opt+freq: b3lyp/def2-TZVP em=gd3bj
energy: wB97M-V/ma-def2-TZVP"
354,OMG_polymer_108035,CC(Br)C(=O)c1c(C(=O)O)cccc1C(=O)O,Cc1cc(N)cc(N)c1C(=O)O,*Nc1cc(C)c(C(=O)O)c(NC(=O)c2cccc(C(*)=O)c2C(=O)C(C)Br)c1,Cc1cc(N)cc(NC(=O)c2cccc(C=O)c2C(=O)C(C)Br)c1C(=O)O,-3794.020311356808,0.99876,Polyamidation,291.59748,-8.5734,-0.398,0.35891698,0.00094421,0.27961031,0.08025089,7.341238935,-3793.740701046808,-3793.660450166808,8.1754,ORCA,QC,"opt+freq: b3lyp/def2-TZVP em=gd3bj
energy: wB97M-V/ma-def2-TZVP"
355,OMG_polymer_64081,O=Cc1ccc(C(=O)O)c(C(=O)O)c1,Nc1cc(N)c(C(=O)O)nc1Cl,*Nc1cc(NC(=O)c2ccc(C=O)cc2C(*)=O)c(C(=O)O)nc1Cl,Nc1cc(NC(=O)c2ccc(C=O)cc2C=O)c(C(=O)O)nc1Cl,-1578.335088953809,0.9834387,Polyamidation,248.33799,-8.9059,-0.8903,0.7731020999999999,0.00094421,0.18785716,0.07011809,3.954246716,-1578.147231793809,-1577.561042643809,8.015600000000001,ORCA,QC,"opt+freq: b3lyp/def2-TZVP em=gd3bj
energy: wB97M-V/ma-def2-TZVP"
356,OMG_polymer_129344,Cc1ccccc1C(=O)OC(C(=O)O)C(OC(=O)c1ccccc1C)C(=O)O,Cc1c(N)cc(N)c(C)c1C(=O)O,*Nc1cc(NC(=O)C(OC(=O)c2ccccc2C)C(OC(=O)c2ccccc2C)C(*)=O)c(C)c(C(=O)O)c1C,Cc1ccccc1C(=O)OC(C=O)C(OC(=O)c1ccccc1C)C(=O)Nc1cc(N)c(C)c(C(=O)O)c1C,-1833.419511019098,0.79402584,Polyamidation,380.93826,-7.8835,0.1117,0.56400666,0.00094421,0.46315253,0.10179834,4.799205333,-1832.956358489098,-1832.854560149098,7.9952,ORCA,QC,"opt+freq: b3lyp/def2-TZVP em=gd3bj
energy: wB97M-V/ma-def2-TZVP"
357,OMG_polymer_105823,CCNC(=S)Nc1cc(C(=O)O)cc(C(=O)O)c1,Nc1cc(C(=O)O)cc(N)n1,*Nc1cc(C(=O)O)cc(NC(=O)c2cc(NC(=S)NCC)cc(C(*)=O)c2)n1,CCNC(=S)Nc1cc(C=O)cc(C(=O)Nc2cc(C(=O)O)cc(N)n2)c1,-1631.027068954678,0.9922219,Polyamidation,297.72806,-8.3354,-0.2496,0.36052673,0.00094421,0.28020888,0.08126205,5.36980198,-1630.746860074678,-1630.665598014678,8.0858,ORCA,QC,"opt+freq: b3lyp/def2-TZVP em=gd3bj
energy: wB97M-V/ma-def2-TZVP"
358,OMG_polymer_152040,O=C(O)CCC(NC(=O)OCC1c2ccccc2-c2ccccc21)C(=O)O,Cc1cc(CC(=O)O)c(N)cc1N,*Nc1cc(NC(=O)CCC(NC(=O)OCC2c3ccccc3-c3ccccc32)C(*)=O)c(C)cc1CC(=O)O,Cc1cc(CC(=O)O)c(N)cc1NC(=O)CCC(C=O)NC(=O)OCC1c2ccccc2-c2ccccc21,-1738.310135704161,0.842418,Polyamidation,393.97027,-8.0683,0.1349,0.57401761,0.00094421,0.47515287,0.09980896,0.837279553,-1737.834982834161,-1737.735173884161,8.2032,ORCA,QC,"opt+freq: b3lyp/def2-TZVP em=gd3bj
energy: wB97M-V/ma-def2-TZVP"
359,OMG_polymer_194318,O=C(O)CS(=O)(=O)c1ccc(-c2ccc(S(=O)(=O)CC(=O)O)cc2)cc1,Nc1cc(C(=O)O)cc(N)c1C(F)F,*Nc1cc(C(=O)O)cc(NC(=O)CS(=O)(=O)c2ccc(-c3ccc(S(=O)(=O)CC(*)=O)cc3)cc2)c1C(F)F,Nc1cc(C(=O)O)cc(NC(=O)CS(=O)(=O)c2ccc(-c3ccc(S(=O)(=O)CC=O)cc3)cc2)c1C(F)F,-2634.141159423157,0.9033262,Polyamidation,373.01923,-8.6598,-0.7403,0.45536221,0.00094421,0.35624068,0.10006574,4.370771623,-2633.784918743157,-2633.684853003157,7.919500000000001,ORCA,QC,"opt+freq: b3lyp/def2-TZVP em=gd3bj
energy: wB97M-V/ma-def2-TZVP"
360,OMG_polymer_141017,CC(C)(C)OC(=O)NC(C(=O)O)C(=O)O,COc1cc(N)c(N)cc1C(=O)O,*Nc1cc(OC)c(C(=O)O)cc1NC(=O)C(NC(=O)OC(C)(C)C)C(*)=O,COc1cc(N)c(NC(=O)C(C=O)NC(=O)OC(C)(C)C)cc1C(=O)O,-1313.319602764877,0.99731654,Polyamidation,247.11403,-8.4598,0.0589,0.39967901,0.00094421,0.3196523,0.08097092,5.698893459,-1312.999950464877,-1312.918979544877,8.518699999999999,ORCA,QC,"opt+freq: b3lyp/def2-TZVP em=gd3bj
energy: wB97M-V/ma-def2-TZVP"
361,OMG_polymer_72024,O=C(O)c1cc(C(=O)O)[nH]n1,COc1cc(C(=O)O)c(N)cc1N,*Nc1cc(NC(=O)c2cc(C(*)=O)[nH]n2)c(OC)cc1C(=O)O,COc1cc(C(=O)O)c(N)cc1NC(=O)c1cc(C=O)[nH]n1,-1097.85431943864,0.9987281,Polyamidation,218.8792,-7.8043,-0.3511,0.27277492,0.00094421,0.20583684,0.0678823,4.709514959,-1097.64848259864,-1097.58060030864,7.4532,ORCA,QC,"opt+freq: b3lyp/def2-TZVP em=gd3bj
energy: wB97M-V/ma-def2-TZVP"
362,OMG_polymer_146776,COc1ccc(N(CC(=O)O)CC(=O)O)cc1,Nc1c(F)ccc(C(=O)O)c1N,*Nc1c(F)ccc(C(=O)O)c1NC(=O)CN(CC(*)=O)c1ccc(OC)cc1,COc1ccc(N(CC=O)CC(=O)Nc2c(C(=O)O)ccc(F)c2N)cc1,-1337.080494142259,0.99960643,Polyamidation,255.16492,-8.1955,0.1895,0.37200049,0.00094421,0.29476817,0.07817654,3.557128706,-1336.785725972259,-1336.707549442259,8.385,ORCA,QC,"opt+freq: b3lyp/def2-TZVP em=gd3bj
energy: wB97M-V/ma-def2-TZVP"
363,OMG_polymer_83402,O=C(O)C(C(=O)O)C12CC3CC(CC(C3)C1)C2,Nc1ccc2c(S(=O)(=O)O)cc(S(=O)(=O)O)cc2c1N,*Nc1ccc2c(S(=O)(=O)O)cc(S(=O)(=O)O)cc2c1NC(=O)C(C(*)=O)C12CC3CC(CC(C3)C1)C2,Nc1ccc2c(S(=O)(=O)O)cc(S(=O)(=O)O)cc2c1NC(=O)C(C=O)C12CC3CC(CC(C3)C1)C2,-2399.915835410023,0.7348813,Polyamidation,346.08486,-8.5969,-0.8723,0.51304945,0.00094421,0.42499932,0.08899434,3.407152149,-2399.490836090023,-2399.401841750023,7.7246,ORCA,QC,"opt+freq: b3lyp/def2-TZVP em=gd3bj
energy: wB97M-V/ma-def2-TZVP"
364,OMG_polymer_66000,O=C(O)CC(C(=O)O)c1cccs1,Nc1cc(N)c(F)c(C(=O)O)c1,*Nc1cc(NC(=O)CC(C(*)=O)c2cccs2)c(F)c(C(=O)O)c1,Nc1cc(NC(=O)CC(C=O)c2cccs2)c(F)c(C(=O)O)c1,-1487.966772010894,0.9987381,Polyamidation,224.83619,-8.2906,0.2755,0.28538702,0.00094421,0.2146112,0.07172002,3.791954391,-1487.752160810894,-1487.680440780894,8.566099999999999,ORCA,QC,"opt+freq: b3lyp/def2-TZVP em=gd3bj
energy: wB97M-V/ma-def2-TZVP"
365,OMG_polymer_56976,O=C(O)C(C(=O)O)c1ccc(Cl)cc1,Nc1ccc(Oc2cc(Oc3ccc(N)cc3)cc(C(=O)O)c2)cc1,*Nc1ccc(Oc2cc(Oc3ccc(NC(=O)C(C(*)=O)c4ccc(Cl)cc4)cc3)cc(C(=O)O)c2)cc1,Nc1ccc(Oc2cc(Oc3ccc(NC(=O)C(C=O)c4ccc(Cl)cc4)cc3)cc(C(=O)O)c2)cc1,-2100.78800323629,0.97578543,Polyamidation,391.4773,-8.2843,0.0591,0.46863286,0.00094421,0.37355994,0.09601713,5.50005296,-2100.41444329629,-2100.31842616629,8.3434,ORCA,QC,"opt+freq: b3lyp/def2-TZVP em=gd3bj
energy: wB97M-V/ma-def2-TZVP"
366,OMG_polymer_22917,O=C(CCC(=O)Oc1ccccc1C(=O)O)Oc1ccccc1C(=O)O,Nc1cc(C(=O)O)c(N)cc1Cl,*Nc1cc(C(=O)O)c(NC(=O)c2ccccc2OC(=O)CCC(=O)Oc2ccccc2C(*)=O)cc1Cl,Nc1cc(C(=O)O)c(NC(=O)c2ccccc2OC(=O)CCC(=O)Oc2ccccc2C=O)cc1Cl,-2135.800921158395,0.9957188,Polyamidation,357.89481,-8.0688,-0.0452,0.43633343,0.00094421,0.34471586,0.09256178,1.937980761,-2135.456205298395,-2135.363643518395,8.0236,ORCA,QC,"opt+freq: b3lyp/def2-TZVP em=gd3bj
energy: wB97M-V/ma-def2-TZVP"
367,OMG_polymer_40456,CCCCCCCCCCCCCC(C(=O)O)C(=O)O,Nc1cc(C(=O)O)ccc1S(N)(=O)=O,*Nc1cc(C(=O)O)ccc1S(=O)(=O)NC(=O)C(CCCCCCCCCCCCC)C(*)=O,CCCCCCCCCCCCCC(C=O)C(=O)NS(=O)(=O)c1ccc(C(=O)O)cc1N,-1857.204460929896,0.9377118,Polyamidation,324.91135,-9.1629,-0.4825,0.6122878599999999,0.00094421,0.51529972,0.09793235,5.935193367,-1856.689161209896,-1856.591228859896,8.6804,ORCA,QC,"opt+freq: b3lyp/def2-TZVP em=gd3bj
energy: wB97M-V/ma-def2-TZVP"
368,OMG_polymer_53739,O=C(O)C(C(=O)O)c1ncccn1,Nc1cc(C(=O)O)c(N)cc1Br,*Nc1cc(C(=O)O)c(NC(=O)C(C(*)=O)c2ncccn2)cc1Br,Nc1cc(C(=O)O)c(NC(=O)C(C=O)c2ncccn2)cc1Br,-3634.162584978654,0.9861914,Polyamidation,235.60572,-8.1831,-0.0988,0.26401418,0.00094421,0.19433141,0.07062698,7.092403478,-3633.968253568654,-3633.897626588654,8.084299999999999,ORCA,QC,"opt+freq: b3lyp/def2-TZVP em=gd3bj
energy: wB97M-V/ma-def2-TZVP"
369,OMG_polymer_102584,O=CNC(CC(=O)O)C(=O)O,Nc1nc(N)c(C(=O)O)cc1Br,*Nc1nc(NC(=O)CC(NC=O)C(*)=O)c(C(=O)O)cc1Br,Nc1nc(NC(=O)CC(C=O)NC=O)c(C(=O)O)cc1Br,-3595.104455877845,0.8369547,Polyamidation,207.66276,-8.522,0.2543,0.25071171,0.00094421,0.18203493,0.06962099,1.852759527,-3594.922420947845,-3594.852799957845,8.7763,ORCA,QC,"opt+freq: b3lyp/def2-TZVP em=gd3bj
energy: wB97M-V/ma-def2-TZVP"
370,OMG_polymer_69607,O=C(O)COc1ncccc1C(=O)O,Nc1cccc2c(S(=O)(=O)O)ccc(N)c12,*Nc1cccc2c(S(=O)(=O)O)ccc(NC(=O)COc3ncccc3C(*)=O)c12,Nc1cccc2c(S(=O)(=O)O)ccc(NC(=O)COc3ncccc3C=O)c12,-1708.851522948235,0.99320906,Polyamidation,287.47289,-8.0853,-0.7198,0.34234962,0.00094421,0.26677635,0.07651748,13.154207867,-1708.584746598235,-1708.508229118235,7.3655,ORCA,QC,"opt+freq: b3lyp/def2-TZVP em=gd3bj
energy: wB97M-V/ma-def2-TZVP"
371,OMG_polymer_80292,Cc1ccoc1C(CC(=O)O)CC(=O)O,Nc1ccc(Cl)c(N)c1C(=O)O,*Nc1ccc(Cl)c(NC(=O)CC(CC(*)=O)c2occc2C)c1C(=O)O,Cc1ccoc1C(CC=O)CC(=O)Nc1c(Cl)ccc(N)c1C(=O)O,-1603.951316429673,0.9975032,Polyamidation,247.43736,-8.3817,-0.0442,0.69129894,0.00094421,0.27114211,0.07498134,6.513243482,-1603.680174319673,-1603.259073279673,8.3375,ORCA,QC,"opt+freq: b3lyp/def2-TZVP em=gd3bj
energy: wB97M-V/ma-def2-TZVP"
372,OMG_polymer_90755,CC1CCC(C(=O)O)C(C(=O)O)C1,Nc1cc(Cl)c(N)c(C(=O)O)c1,*Nc1cc(Cl)c(NC(=O)C2CCC(C)CC2C(*)=O)c(C(=O)O)c1,CC1CCC(C(=O)Nc2c(Cl)cc(N)cc2C(=O)O)C(C=O)C1,-1491.824536155972,0.96295285,Polyamidation,231.10247,-8.2989,0.1499,0.35837023,0.00094421,0.28747857,0.07183587,3.281276846,-1491.537057585972,-1491.465221715972,8.4488,ORCA,QC,"opt+freq: b3lyp/def2-TZVP em=gd3bj
energy: wB97M-V/ma-def2-TZVP"
373,OMG_polymer_72525,O=C(OC(C(=O)O)C(OC(=O)c1ccccc1)C(=O)O)c1ccccc1,Nc1ccc(C(=O)O)c(Br)c1N,*Nc1ccc(C(=O)O)c(Br)c1NC(=O)C(OC(=O)c1ccccc1)C(OC(=O)c1ccccc1)C(*)=O,Nc1ccc(C(=O)O)c(Br)c1NC(=O)C(OC(=O)c1ccccc1)C(C=O)OC(=O)c1ccccc1,-4249.614252143433,0.8709047,Polyamidation,361.98271,-8.6628,0.037,0.43797345,0.00094421,0.34474834,0.09416932,2.390257164,-4249.269503803434,-4249.175334483433,8.699800000000002,ORCA,QC,"opt+freq: b3lyp/def2-TZVP em=gd3bj
energy: wB97M-V/ma-def2-TZVP"
374,OMG_polymer_11804,CC1(C)OCC(C(CC(=O)O)CC(=O)O)O1,Nc1cc(N)c(Br)c(CC(=O)O)c1,*Nc1cc(CC(=O)O)c(Br)c(NC(=O)CC(CC(*)=O)C2COC(C)(C)O2)c1,CC1(C)OCC(C(CC=O)CC(=O)Nc2cc(N)cc(CC(=O)O)c2Br)O1,-3834.72774764796,0.9742149,Polyamidation,270.8464,-8.3126,0.2028,0.42767159,0.00094421,0.34312734,0.08548846,4.647495305,-3834.38462030796,-3834.29913184796,8.5154,ORCA,QC,"opt+freq: b3lyp/def2-TZVP em=gd3bj
energy: wB97M-V/ma-def2-TZVP"
375,OMG_polymer_155122,COc1cccc(C(=O)O)c1C(=O)O,COc1cc(N)cc(N)c1C(=O)O,*Nc1cc(NC(=O)c2cccc(OC)c2C(*)=O)c(C(=O)O)c(OC)c1,COc1cccc(C(=O)Nc2cc(N)cc(OC)c2C(=O)O)c1C=O,-1218.391564302083,0.99928755,Polyamidation,257.93427,-8.459,0.1613,0.33735552,0.00094421,0.26314948,0.07515025,5.358268082,-1218.128414822083,-1218.053264572083,8.6203,ORCA,QC,"opt+freq: b3lyp/def2-TZVP em=gd3bj
energy: wB97M-V/ma-def2-TZVP"
376,OMG_polymer_133082,O=C(O)CN(CC(=O)O)C(=O)OCc1ccccc1,Nc1cc(S(=O)(=O)O)c(N)cc1S(=O)(=O)O,*Nc1cc(S(=O)(=O)O)c(NC(=O)CN(CC(*)=O)C(=O)OCc2ccccc2)cc1S(=O)(=O)O,Nc1cc(S(=O)(=O)O)c(NC(=O)CN(CC=O)C(=O)OCc2ccccc2)cc1S(=O)(=O)O,-2410.432301502118,0.9269842,Polyamidation,290.96118,-8.956,-0.2805,0.41365806,0.00094421,0.32727388,0.08732839,3.692304383,-2410.105027622118,-2410.017699232118,8.6755,ORCA,QC,"opt+freq: b3lyp/def2-TZVP em=gd3bj
energy: wB97M-V/ma-def2-TZVP"
377,OMG_polymer_92315,Cc1cc(C)c(S(=O)(=O)N(CC(=O)O)CC(=O)O)c(C)c1,Nc1cc(Cl)c(C(=O)O)cc1N,*Nc1cc(Cl)c(C(=O)O)cc1NC(=O)CN(CC(*)=O)S(=O)(=O)c1c(C)cc(C)cc1C,Cc1cc(C)c(S(=O)(=O)N(CC=O)CC(=O)Nc2cc(C(=O)O)c(Cl)cc2N)c(C)c1,-2249.456624828616,0.998662,Polyamidation,315.02869,-8.6098,0.142,0.43798256,0.00094421,0.34789501,0.09103176,4.79375742,-2249.108729818616,-2249.017698058616,8.7518,ORCA,QC,"opt+freq: b3lyp/def2-TZVP em=gd3bj
energy: wB97M-V/ma-def2-TZVP"
378,OMG_polymer_161296,O=C(O)CCCc1ccccc1CCCC(=O)O,Nc1cc(Br)c(C(=O)O)cc1N,*Nc1cc(Br)c(C(=O)O)cc1NC(=O)CCCc1ccccc1CCCC(*)=O,Nc1cc(Br)c(C(=O)O)cc1NC(=O)CCCc1ccccc1CCCC=O,-3798.581220621554,0.9993135,Polyamidation,286.43996,-8.3315,0.0536,0.43755585,0.00094421,0.35591553,0.08258452,6.560716528,-3798.225305091554,-3798.142720561554,8.3851,ORCA,QC,"opt+freq: b3lyp/def2-TZVP em=gd3bj
energy: wB97M-V/ma-def2-TZVP"
379,OMG_polymer_47086,O=C(O)CCSCc1ccccc1CC(=O)O,Cc1c(C(=O)O)ccc(N)c1N,*Nc1ccc(C(=O)O)c(C)c1NC(=O)CCSCc1ccccc1CC(*)=O,Cc1c(C(=O)O)ccc(N)c1NC(=O)CCSCc1ccccc1CC=O,-1584.044643658445,0.99900913,Polyamidation,291.74838,-8.4786,0.1541,1.6703397,0.00094421,0.33855609,0.07998019,3.544199466,-1583.706087568445,-1582.373359748445,8.6327,ORCA,QC,"opt+freq: b3lyp/def2-TZVP em=gd3bj
energy: wB97M-V/ma-def2-TZVP"
380,OMG_polymer_131140,COc1cc(C=NN(CC(=O)O)CC(=O)O)ccc1OCc1ccccc1,Nc1ccc(C(N)C(=O)O)cc1,*Nc1ccc(C(NC(=O)CN(CC(*)=O)N=Cc2ccc(OCc3ccccc3)c(OC)c2)C(=O)O)cc1,COc1cc(C=NN(CC=O)CC(=O)NC(C(=O)O)c2ccc(N)cc2)ccc1OCc1ccccc1,-1716.107684320999,0.9749527,Polyamidation,374.22967,-7.6934,0.2608,0.55269702,0.00094421,0.4540506,0.09959064,3.671056301,-1715.653633720999,-1715.554043090999,7.954199999999999,ORCA,QC,"opt+freq: b3lyp/def2-TZVP em=gd3bj
energy: wB97M-V/ma-def2-TZVP"
381,OMG_polymer_82351,O=C(O)CN(CC(=O)O)c1ccccc1,NCc1ccccc1CC(N)C(=O)O,*NCc1ccccc1CC(NC(=O)CN(CC(*)=O)c1ccccc1)C(=O)O,NCc1ccccc1CC(NC(=O)CN(CC=O)c1ccccc1)C(=O)O,-1241.181519485449,0.9974039,Polyamidation,266.5606,-7.852,0.078,0.43392119,0.00094421,0.35391517,0.08095023,2.515857796,-1240.827604315449,-1240.746654085449,7.930000000000001,ORCA,QC,"opt+freq: b3lyp/def2-TZVP em=gd3bj
energy: wB97M-V/ma-def2-TZVP"
382,OMG_polymer_151737,CC(C)(C)C(=O)OC(C(=O)O)C(OC(=O)C(C)(C)C)C(=O)O,Nc1ccc(S(N)(=O)=O)cc1C(=O)O,*Nc1ccc(S(=O)(=O)NC(=O)C(OC(=O)C(C)(C)C)C(OC(=O)C(C)(C)C)C(*)=O)cc1C(=O)O,CC(C)(C)C(=O)OC(C=O)C(OC(=O)C(C)(C)C)C(=O)NS(=O)(=O)c1ccc(N)c(C(=O)O)c1,-2077.208271523423,0.81938803,Polyamidation,316.14794,-8.9625,0.0257,0.52413069,0.00094421,0.42357631,0.10149859,6.793770175,-2076.784695213423,-2076.683196623423,8.9882,ORCA,QC,"opt+freq: b3lyp/def2-TZVP em=gd3bj
energy: wB97M-V/ma-def2-TZVP"
383,OMG_polymer_111488,CC(C)(F)C(CC(=O)O)CC(=O)O,Nc1nc(N)c(C(=O)O)nc1Br,*Nc1nc(NC(=O)CC(CC(*)=O)C(C)(C)F)c(C(=O)O)nc1Br,CC(C)(F)C(CC=O)CC(=O)Nc1nc(N)c(Br)nc1C(=O)O,-3698.921168897305,0.9820483,Polyamidation,232.25099,-8.8243,-0.0868,0.31878411,0.00094421,0.24382295,0.07590537,1.840130377,-3698.677345947305,-3698.601440577305,8.737499999999999,ORCA,QC,"opt+freq: b3lyp/def2-TZVP em=gd3bj
energy: wB97M-V/ma-def2-TZVP"
384,OMG_polymer_192636,Nc1cc(C(=O)O)sc1C(=O)O,Nc1cc(N)c(C(=O)O)nc1Cl,*Nc1cc(NC(=O)c2cc(N)c(C(*)=O)s2)c(C(=O)O)nc1Cl,Nc1cc(NC(=O)c2cc(N)c(C=O)s2)c(C(=O)O)nc1Cl,-1841.117455899805,0.9931029,Polyamidation,242.29689,-8.6488,-0.8186,0.23096651,0.00094421,0.162042,0.06986873,7.962196221,-1840.955413899805,-1840.885545179805,7.8302,ORCA,QC,"opt+freq: b3lyp/def2-TZVP em=gd3bj
energy: wB97M-V/ma-def2-TZVP"
385,OMG_polymer_59462,COc1cccc(C(C(=O)O)C(=O)O)c1,Nc1nc(N)nc(C(=O)O)n1,*Nc1nc(NC(=O)C(C(*)=O)c2cccc(OC)c2)nc(C(=O)O)n1,COc1cccc(C(C=O)C(=O)Nc2nc(N)nc(C(=O)O)n2)c1,-1191.346241651607,0.9955142,Polyamidation,217.73614,-8.6848,0.0023,0.29576314,0.00094421,0.22412788,0.07257947,6.415525097,-1191.122113771607,-1191.049534301607,8.6871,ORCA,QC,"opt+freq: b3lyp/def2-TZVP em=gd3bj
energy: wB97M-V/ma-def2-TZVP"
386,OMG_polymer_66530,O=C(O)CS(=O)c1ccccc1C(=O)O,Cc1c(N)cc(N)c(C)c1C(=O)O,*Nc1cc(NC(=O)CS(=O)c2ccccc2C(*)=O)c(C)c(C(=O)O)c1C,Cc1c(N)cc(NC(=O)CS(=O)c2ccccc2C=O)c(C)c1C(=O)O,-1580.645383387553,0.99956864,Polyamidation,255.76876,-8.1122,-0.2553,0.36308955,0.00094421,0.28625601,0.07777775,3.605758266,-1580.359127377553,-1580.281349627553,7.8569,ORCA,QC,"opt+freq: b3lyp/def2-TZVP em=gd3bj
energy: wB97M-V/ma-def2-TZVP"
387,OMG_polymer_22328,CC(C)(C(=O)O)C(=O)O,Nc1ccc(C(=O)O)c(N)c1F,*Nc1ccc(C(=O)O)c(NC(=O)C(C)(C)C(*)=O)c1F,CC(C)(C=O)C(=O)Nc1c(C(=O)O)ccc(N)c1F,-975.462516391117,0.99919754,Polyamidation,177.17248,-8.7122,0.151,0.26244335,0.00094421,0.19907808,0.06430949,3.699854733,-975.2634383111169,-975.199128831117,8.863199999999999,ORCA,QC,"opt+freq: b3lyp/def2-TZVP em=gd3bj
energy: wB97M-V/ma-def2-TZVP"
388,OMG_polymer_202717,O=C(O)CC(NC(=O)Oc1ccccc1)C(=O)O,N#Cc1ccc(C(=O)O)c(N)c1N,*Nc1c(C(=O)O)ccc(C#N)c1NC(=O)CC(NC(=O)Oc1ccccc1)C(*)=O,N#Cc1ccc(C(=O)O)c(N)c1NC(=O)CC(C=O)NC(=O)Oc1ccccc1,-1404.181059376167,0.9906509,Polyamidation,260.1228,-8.7709,-0.6135,0.36284613,0.00094421,0.28492818,0.07886216,4.670800286,-1403.896131196167,-1403.817269036167,8.157399999999999,ORCA,QC,"opt+freq: b3lyp/def2-TZVP em=gd3bj
energy: wB97M-V/ma-def2-TZVP"
389,OMG_polymer_194242,O=C(O)CS(=O)(=O)c1ccc(-c2ccc(S(=O)(=O)CC(=O)O)cc2)cc1,Nc1cc(N)c(Br)c(C(=O)O)c1,*Nc1cc(NC(=O)CS(=O)(=O)c2ccc(-c3ccc(S(=O)(=O)CC(*)=O)cc3)cc2)c(Br)c(C(=O)O)c1,Nc1cc(NC(=O)CS(=O)(=O)c2ccc(-c3ccc(S(=O)(=O)CC=O)cc3)cc2)c(Br)c(C(=O)O)c1,-4969.708164966702,0.9605651,Polyamidation,379.46406,-8.5167,-0.7147,0.43033439,0.00094421,0.33350533,0.09777327,3.112380907,-4969.374659636702,-4969.276886366702,7.802,ORCA,QC,"opt+freq: b3lyp/def2-TZVP em=gd3bj
energy: wB97M-V/ma-def2-TZVP"
390,OMG_polymer_65753,CN1C(C(=O)O)CC(C(=O)O)N1C,Nc1cc(Cl)cc(N)c1CC(=O)O,*Nc1cc(Cl)cc(NC(=O)C2CC(C(*)=O)N(C)N2C)c1CC(=O)O,CN1C(C=O)CC(C(=O)Nc2cc(Cl)cc(N)c2CC(=O)O)N1C,-1563.19247903183,0.93315727,Polyamidation,237.94307,-8.4136,0.0628,0.36448914,0.00094421,0.29081389,0.07461947,5.872692912,-1562.90166514183,-1562.82704568183,8.4764,ORCA,QC,"opt+freq: b3lyp/def2-TZVP em=gd3bj
energy: wB97M-V/ma-def2-TZVP"
391,OMG_polymer_105127,O=C(O)c1cc(C(=O)O)c(Br)o1,N#Cc1c(N)cc(C(=O)O)cc1N,*Nc1cc(C(=O)O)cc(NC(=O)c2cc(C(*)=O)c(Br)o2)c1C#N,N#Cc1c(N)cc(C(=O)O)cc1NC(=O)c1cc(C=O)c(Br)o1,-3652.812470837449,0.9982692,Polyamidation,229.48176,-8.9631,-0.7176,0.22745203,0.00094421,0.15738246,0.07101378,3.549806684,-3652.655088377449,-3652.584074597449,8.2455,ORCA,QC,"opt+freq: b3lyp/def2-TZVP em=gd3bj
energy: wB97M-V/ma-def2-TZVP"
392,OMG_polymer_68188,CC(C)(C)c1ccc(CC(Cc2ccc(C(C)(C)C)cc2)(C(=O)O)C(=O)O)cc1,Cc1cc(N)c(C(=O)O)c(N)c1,*Nc1cc(C)cc(NC(=O)C(Cc2ccc(C(C)(C)C)cc2)(Cc2ccc(C(C)(C)C)cc2)C(*)=O)c1C(=O)O,Cc1cc(N)c(C(=O)O)c(NC(=O)C(C=O)(Cc2ccc(C(C)(C)C)cc2)Cc2ccc(C(C)(C)C)cc2)c1,0.0,0.9371389,Polyamidation,0.0,0.0,0.0,4.935668799999998,0.00094421,0.60310791,0.10320801,7.263594016,0.60310791,4.936613009999999,0.0,ORCA,QC,"opt+freq: b3lyp/def2-TZVP em=gd3bj
energy: wB97M-V/ma-def2-TZVP"
393,OMG_polymer_168851,CN(C)CC(=O)N(CC(=O)O)CC(=O)O,Nc1cc(F)cc(N)c1C(=O)O,*Nc1cc(F)cc(NC(=O)CN(CC(*)=O)C(=O)CN(C)C)c1C(=O)O,CN(C)CC(=O)N(CC=O)CC(=O)Nc1cc(F)cc(N)c1C(=O)O,-1278.136771118105,0.9993068,Polyamidation,231.37563,-8.3835,0.2757,0.37040989,0.00094421,0.29313493,0.07821917,3.929862114,-1277.843636188105,-1277.765417018105,8.6592,ORCA,QC,"opt+freq: b3lyp/def2-TZVP em=gd3bj
energy: wB97M-V/ma-def2-TZVP"
394,OMG_polymer_63941,COc1cc(C(=O)O)nc(C(=O)O)c1,Nc1cc(N)c(Br)c(C(=O)O)c1,*Nc1cc(NC(=O)c2cc(OC)cc(C(*)=O)n2)c(Br)c(C(=O)O)c1,COc1cc(C=O)nc(C(=O)Nc2cc(N)cc(C(=O)O)c2Br)c1,-3693.337233158461,0.9992693,Polyamidation,250.37499,-8.12,-0.2893,0.28139867,0.00094421,0.20920317,0.07313972,6.606671377,-3693.128029988461,-3693.054890278461,7.830699999999999,ORCA,QC,"opt+freq: b3lyp/def2-TZVP em=gd3bj
energy: wB97M-V/ma-def2-TZVP"
395,OMG_polymer_164834,O=C(O)CN(CC(=O)O)C(=O)c1ccc(F)cc1,Nc1nc(N)nc(C(=O)O)n1,*Nc1nc(NC(=O)CN(CC(*)=O)C(=O)c2ccc(F)cc2)nc(C(=O)O)n1,Nc1nc(NC(=O)CN(CC=O)C(=O)c2ccc(F)cc2)nc(C(=O)O)n1,-1384.109265385911,0.99852777,Polyamidation,233.26406,-9.5759,0.1011,0.31347836,0.00094421,0.23670874,0.07771383,5.183445038,-1383.872556645911,-1383.794842815911,9.677000000000001,ORCA,QC,"opt+freq: b3lyp/def2-TZVP em=gd3bj
energy: wB97M-V/ma-def2-TZVP"
396,OMG_polymer_51052,O=C(O)c1ccc(Sc2ccc(C(=O)O)cc2)cc1,Nc1c(Cl)ccc(C(=O)O)c1N,*Nc1c(Cl)ccc(C(=O)O)c1NC(=O)c1ccc(Sc2ccc(C(*)=O)cc2)cc1,Nc1c(Cl)ccc(C(=O)O)c1NC(=O)c1ccc(Sc2ccc(C=O)cc2)cc1,-2078.170719699248,0.99911517,Polyamidation,338.35872,-8.4777,-0.3988,0.34741175,0.00094421,0.26845524,0.07990072,4.079423351,-2077.902264459248,-2077.822363739248,8.0789,ORCA,QC,"opt+freq: b3lyp/def2-TZVP em=gd3bj
energy: wB97M-V/ma-def2-TZVP"
397,OMG_polymer_201436,O=C(O)CN(CC(=O)O)N=Cc1ccc(Cl)cc1,Nc1nc(N)c(C(=O)O)nc1Cl,*Nc1nc(NC(=O)CN(CC(*)=O)N=Cc2ccc(Cl)cc2)c(C(=O)O)nc1Cl,Nc1nc(NC(=O)CN(CC=O)N=Cc2ccc(Cl)cc2)c(C(=O)O)nc1Cl,-2168.016433964294,0.985663,Polyamidation,299.76494,-8.2558,-0.0751,0.326614,0.00094421,0.24582884,0.08172938,3.540910649,-2167.770605124294,-2167.688875754294,8.1807,ORCA,QC,"opt+freq: b3lyp/def2-TZVP em=gd3bj
energy: wB97M-V/ma-def2-TZVP"
398,OMG_polymer_62936,Cc1c(C(=O)O)ncnc1C(=O)O,NCC(N)C(=O)O,*NCC(NC(=O)c1ncnc(C(*)=O)c1C)C(=O)O,Cc1c(C=O)ncnc1C(=O)NC(CN)C(=O)O,-908.284047912151,0.97796774,Polyamidation,161.44712,-9.7559,-0.6719,0.24699544,0.00094421,0.18470479,0.06323487,5.451301856,-908.099343122151,-908.0361082621511,9.084,ORCA,QC,"opt+freq: b3lyp/def2-TZVP em=gd3bj
energy: wB97M-V/ma-def2-TZVP"
399,OMG_polymer_12477,O=C(O)c1ccc(C(=O)O)c(F)c1F,COc1ccc(N)c(N)c1C(=O)O,*Nc1ccc(OC)c(C(=O)O)c1NC(=O)c1ccc(C(*)=O)c(F)c1F,COc1ccc(N)c(NC(=O)c2ccc(C=O)c(F)c2F)c1C(=O)O,-1302.383904231029,0.99635005,Polyamidation,235.59869,-8.0395,-0.6174,0.28796512,0.00094421,0.21664436,0.07226498,5.82968762,-1302.167259871029,-1302.094994901029,7.4221,ORCA,QC,"opt+freq: b3lyp/def2-TZVP em=gd3bj
energy: wB97M-V/ma-def2-TZVP"
400,OMG_polymer_55237,Cc1cc(C(CC(=O)O)CC(=O)O)ccc1Br,Nc1ccc(S(=O)(=O)O)cc1N,*Nc1ccc(S(=O)(=O)O)cc1NC(=O)CC(CC(*)=O)c1ccc(Br)c(C)c1,Cc1cc(C(CC=O)CC(=O)Nc2cc(S(=O)(=O)O)ccc2N)ccc1Br,-4155.270303623632,0.99910825,Polyamidation,281.60649,-8.6898,0.0284,0.37852047,0.00094421,0.29698752,0.08247716,8.914859339,-4154.973316103632,-4154.890838943632,8.7182,ORCA,QC,"opt+freq: b3lyp/def2-TZVP em=gd3bj
energy: wB97M-V/ma-def2-TZVP"
401,OMG_polymer_48471,O=C(O)COCc1cc(Br)ccc1C(=O)O,N#Cc1cc(N)c(C(=O)O)c(N)c1,*Nc1cc(C#N)cc(NC(=O)COCc2cc(Br)ccc2C(*)=O)c1C(=O)O,N#Cc1cc(N)c(C(=O)O)c(NC(=O)COCc2cc(Br)ccc2C=O)c1,-3808.855570546134,0.9995745,Polyamidation,284.83352,-8.485,-0.9046,0.32440651,0.00094421,0.2476853,0.07766541,7.915598015,-3808.607885246134,-3808.530219826134,7.580399999999999,ORCA,QC,"opt+freq: b3lyp/def2-TZVP em=gd3bj
energy: wB97M-V/ma-def2-TZVP"
402,OMG_polymer_65143,Cc1ccc(C(=O)NC(CCC(=O)O)C(=O)O)cc1,Nc1cc(C(=O)O)cc(N)c1Br,*Nc1cc(C(=O)O)cc(NC(=O)CCC(NC(=O)c2ccc(C)cc2)C(*)=O)c1Br,Cc1ccc(C(=O)NC(C=O)CCC(=O)Nc2cc(C(=O)O)cc(N)c2Br)cc1,-3888.711252180934,0.99820733,Polyamidation,305.55584,-8.5736,0.1397,2.43598076,0.00094421,0.32287916,0.08456474,5.185922125,-3888.388373020934,-3886.274327210934,8.7133,ORCA,QC,"opt+freq: b3lyp/def2-TZVP em=gd3bj
energy: wB97M-V/ma-def2-TZVP"
403,OMG_polymer_22714,CC(C)(C)OC(=O)N(CC(=O)O)CC(=O)O,Cc1c(N)cc(C(=O)O)cc1N,*Nc1cc(C(=O)O)cc(NC(=O)CN(CC(*)=O)C(=O)OC(C)(C)C)c1C,Cc1c(N)cc(C(=O)O)cc1NC(=O)CN(CC=O)C(=O)OC(C)(C)C,-1277.391217963809,0.9993424,Polyamidation,249.54286,-8.5242,-0.0556,0.42332892,0.00094421,0.34132443,0.0829487,8.923164102,-1277.049893533809,-1276.966944833809,8.4686,ORCA,QC,"opt+freq: b3lyp/def2-TZVP em=gd3bj
energy: wB97M-V/ma-def2-TZVP"
404,OMG_polymer_100085,O=C(O)Cc1ccc(C(=O)O)cc1,Nc1ccc(N)c(C(=O)O)c1,*Nc1ccc(NC(=O)Cc2ccc(C(*)=O)cc2)c(C(=O)O)c1,Nc1ccc(NC(=O)Cc2ccc(C=O)cc2)c(C(=O)O)c1,-1028.641739274488,0.99966335,Polyamidation,223.85946,-7.9834,-0.3191,0.29692705,0.00094421,0.23102599,0.06684527,2.804522492,-1028.410713284488,-1028.343868014488,7.6643,ORCA,QC,"opt+freq: b3lyp/def2-TZVP em=gd3bj
energy: wB97M-V/ma-def2-TZVP"
405,OMG_polymer_129235,Cc1ccccc1C(=O)OC(C(=O)O)C(OC(=O)c1ccccc1C)C(=O)O,Nc1cc(Br)cc(N)c1C(=O)O,*Nc1cc(Br)cc(NC(=O)C(OC(=O)c2ccccc2C)C(OC(=O)c2ccccc2C)C(*)=O)c1C(=O)O,Cc1ccccc1C(=O)OC(C=O)C(OC(=O)c1ccccc1C)C(=O)Nc1cc(Br)cc(N)c1C(=O)O,-4328.240370501195,0.8829194,Polyamidation,382.51393,-8.5046,-0.0275,0.49631907,0.00094421,0.39647856,0.10078473,5.864778596,-4327.843891941195,-4327.743107221195,8.4771,ORCA,QC,"opt+freq: b3lyp/def2-TZVP em=gd3bj
energy: wB97M-V/ma-def2-TZVP"
406,OMG_polymer_108123,CC(Br)C(=O)c1c(C(=O)O)cccc1C(=O)O,Nc1ccc(C(=O)O)c(N)n1,*Nc1ccc(C(=O)O)c(NC(=O)c2cccc(C(*)=O)c2C(=O)C(C)Br)n1,CC(Br)C(=O)c1c(C=O)cccc1C(=O)Nc1nc(N)ccc1C(=O)O,-3770.770495870659,0.99910825,Polyamidation,270.43855,-8.709,-0.5457,0.31732214,0.00094421,0.24042696,0.07783939,5.875627928,-3770.530068910659,-3770.452229520659,8.1633,ORCA,QC,"opt+freq: b3lyp/def2-TZVP em=gd3bj
energy: wB97M-V/ma-def2-TZVP"
407,OMG_polymer_91463,O=C(O)c1cc(C(=O)O)cc(N2C(=O)c3ccccc3C2=O)c1,Cc1cc(N)c(N)cc1C(=O)O,*Nc1cc(C)c(C(=O)O)cc1NC(=O)c1cc(C(*)=O)cc(N2C(=O)c3ccccc3C2=O)c1,Cc1cc(N)c(NC(=O)c2cc(C=O)cc(N3C(=O)c4ccccc4C3=O)c2)cc1C(=O)O,-1540.595206215484,0.9921003,Polyamidation,340.67591,-8.3504,-0.7286,0.40078168,0.00094421,0.31614952,0.08557637,6.317558454,-1540.279056695484,-1540.193480325484,7.6218,ORCA,QC,"opt+freq: b3lyp/def2-TZVP em=gd3bj
energy: wB97M-V/ma-def2-TZVP"
408,OMG_polymer_166875,O=C(O)CN(CC(=O)O)C(=O)CCCCl,Nc1cccc(CC(=O)O)c1N,*Nc1cccc(CC(=O)O)c1NC(=O)CN(CC(*)=O)C(=O)CCCCl,Nc1cccc(CC(=O)O)c1NC(=O)CN(CC=O)C(=O)CCCCl,-1622.432313681019,0.99835795,Polyamidation,244.22903,-8.5766,0.1218,0.3830776,0.00094421,0.30616525,0.07785656,4.028698288,-1622.126148431019,-1622.048291871019,8.6984,ORCA,QC,"opt+freq: b3lyp/def2-TZVP em=gd3bj
energy: wB97M-V/ma-def2-TZVP"
409,OMG_polymer_101342,O=C(O)c1ccc(OC(=O)c2ccc(C(=O)Oc3ccc(C(=O)O)cc3)cc2)cc1,Cc1ccc(N)c(N)c1C(=O)O,*Nc1ccc(C)c(C(=O)O)c1NC(=O)c1ccc(OC(=O)c2ccc(C(=O)Oc3ccc(C(*)=O)cc3)cc2)cc1,Cc1ccc(N)c(NC(=O)c2ccc(OC(=O)c3ccc(C(=O)Oc4ccc(C=O)cc4)cc3)cc2)c1C(=O)O,-1867.946387543906,0.9150909,Polyamidation,426.38836,-8.0659,-0.6861,0.50165466,0.00094421,0.4040166,0.09858227,4.977206679,-1867.542370943906,-1867.443788673906,7.379799999999999,ORCA,QC,"opt+freq: b3lyp/def2-TZVP em=gd3bj
energy: wB97M-V/ma-def2-TZVP"
410,OMG_polymer_70934,O=C(O)C(=O)O,Nc1cc(N)c(C(=O)O)c(Cl)c1,*Nc1cc(Cl)c(C(=O)O)c(NC(=O)C(*)=O)c1,Nc1cc(Cl)c(C(=O)O)c(NC(=O)C=O)c1,-1217.868942026966,0.9755304,Polyamidation,160.31575,-8.8972,-0.4291,0.1728734,0.00094421,0.11690258,0.05691504,5.026818901,-1217.752039446966,-1217.695124416966,8.4681,ORCA,QC,"opt+freq: b3lyp/def2-TZVP em=gd3bj
energy: wB97M-V/ma-def2-TZVP"
411,OMG_polymer_47506,CC(SCC(=O)c1ccc(C(=O)O)cc1)C(=O)O,Nc1c(Br)ccc(CC(=O)O)c1N,*Nc1c(Br)ccc(CC(=O)O)c1NC(=O)c1ccc(C(=O)CSC(C)C(*)=O)cc1,CC(C=O)SCC(=O)c1ccc(C(=O)Nc2c(CC(=O)O)ccc(Br)c2N)cc1,-4231.507304213283,0.99801993,Polyamidation,320.3449,-8.3188,-0.4122,0.39126414,0.00094421,0.30557244,0.08663592,2.981487641,-4231.201731773283,-4231.115095863282,7.906599999999999,ORCA,QC,"opt+freq: b3lyp/def2-TZVP em=gd3bj
energy: wB97M-V/ma-def2-TZVP"
412,OMG_polymer_188017,O=C(O)c1ccc(S(=O)(=O)N2CCN(S(=O)(=O)c3ccc(C(=O)O)cc3)CC2)cc1,Nc1nc(N)nc(CC(=O)O)n1,*Nc1nc(CC(=O)O)nc(NC(=O)c2ccc(S(=O)(=O)N3CCN(S(=O)(=O)c4ccc(C(*)=O)cc4)CC3)cc2)n1,Nc1nc(CC(=O)O)nc(NC(=O)c2ccc(S(=O)(=O)N3CCN(S(=O)(=O)c4ccc(C=O)cc4)CC3)cc2)n1,-2671.928750672815,0.82892156,Polyamidation,395.46924,-9.3721,-0.6327,0.50801134,0.00094421,0.40567342,0.10328213,4.742721121,-2671.523077252815,-2671.419795122815,8.7394,ORCA,QC,"opt+freq: b3lyp/def2-TZVP em=gd3bj
energy: wB97M-V/ma-def2-TZVP"
413,OMG_polymer_44588,O=C(O)COCCSc1ccccc1C(=O)O,Nc1nc(N)nc(CC(=O)O)n1,*Nc1nc(CC(=O)O)nc(NC(=O)COCCSc2ccccc2C(*)=O)n1,Nc1nc(CC(=O)O)nc(NC(=O)COCCSc2ccccc2C=O)n1,-1668.151678983702,0.9984542,Polyamidation,268.27516,-8.8427,-0.1924,0.35897317,0.00094421,0.2768261,0.08309128,6.530651235,-1667.874852883702,-1667.791761603702,8.650300000000001,ORCA,QC,"opt+freq: b3lyp/def2-TZVP em=gd3bj
energy: wB97M-V/ma-def2-TZVP"
414,OMG_polymer_30151,O=C(CC(=O)Nc1ccc(C(=O)O)cc1)Nc1ccc(C(=O)O)cc1,Nc1ccc(SCC(N)C(=O)O)cc1,*Nc1ccc(SCC(NC(=O)c2ccc(NC(=O)CC(=O)Nc3ccc(C(*)=O)cc3)cc2)C(=O)O)cc1,Nc1ccc(SCC(NC(=O)c2ccc(NC(=O)CC(=O)Nc3ccc(C=O)cc3)cc2)C(=O)O)cc1,-2073.940713593371,0.9594022,Polyamidation,402.46612,-8.2722,0.0253,0.5050949499999999,0.00094421,0.40581179,0.10022738,7.336217315,-2073.534901803371,-2073.434674433371,8.2975,ORCA,QC,"opt+freq: b3lyp/def2-TZVP em=gd3bj
energy: wB97M-V/ma-def2-TZVP"
415,OMG_polymer_185035,O=C(O)C1C2CCC(C2)C1C(=O)O,Nc1cc(Br)c(CC(=O)O)cc1N,*Nc1cc(Br)c(CC(=O)O)cc1NC(=O)C1C2CCC(C2)C1C(*)=O,Nc1cc(Br)c(CC(=O)O)cc1NC(=O)C1C2CCC(C2)C1C=O,-3643.747856684401,0.90632194,Polyamidation,247.62498,-8.3844,0.069,0.36627492,0.00094421,0.29402048,0.07319865,3.930670707,-3643.453836204401,-3643.380637554401,8.4534,ORCA,QC,"opt+freq: b3lyp/def2-TZVP em=gd3bj
energy: wB97M-V/ma-def2-TZVP"
416,OMG_polymer_166581,O=C(O)C(=O)N1CCC(C(=O)O)CC1,Nc1ccc(C(=O)O)c(Br)c1N,*Nc1ccc(C(=O)O)c(Br)c1NC(=O)C(=O)N1CCC(C(*)=O)CC1,Nc1ccc(C(=O)O)c(Br)c1NC(=O)C(=O)N1CCC(C=O)CC1,-3695.748848979525,0.99950445,Polyamidation,237.9294,-8.7455,0.2438,0.32948054,0.00094421,0.25575371,0.07467104,3.535953303,-3695.493095269525,-3695.418424229525,8.9893,ORCA,QC,"opt+freq: b3lyp/def2-TZVP em=gd3bj
energy: wB97M-V/ma-def2-TZVP"
417,OMG_polymer_43317,CC(C)(C)CC(=O)NN(CC(=O)O)CC(=O)O,NNC(=O)c1cc(C(=O)NN)cc(S(=O)(=O)O)c1,*NNC(=O)c1cc(C(=O)NNC(=O)CN(CC(*)=O)NC(=O)CC(C)(C)C)cc(S(=O)(=O)O)c1,CC(C)(C)CC(=O)NN(CC=O)CC(=O)NNC(=O)c1cc(C(=O)NN)cc(S(=O)(=O)O)c1,0.0,0.8767742,Polyamidation,0.0,0.0,0.0,0.0,0.0,0.0,0.0,0.0,0.0,0.0,0.0,ORCA,QC,"opt+freq: b3lyp/def2-TZVP em=gd3bj
energy: wB97M-V/ma-def2-TZVP"
418,OMG_polymer_136480,O=C(O)Cc1ccc(-c2ccc(CC(=O)O)cc2)cc1,NOCC(N)C(=O)O,*NOCC(NC(=O)Cc1ccc(-c2ccc(CC(*)=O)cc2)cc1)C(=O)O,NOCC(NC(=O)Cc1ccc(-c2ccc(CC=O)cc2)cc1)C(=O)O,-1221.728968142807,0.9980276,Polyamidation,265.1776,-8.712,0.2434,0.3916464,0.00094421,0.31391238,0.07867823,2.370431858,-1221.415055762807,-1221.336377532807,8.9554,ORCA,QC,"opt+freq: b3lyp/def2-TZVP em=gd3bj
energy: wB97M-V/ma-def2-TZVP"
419,OMG_polymer_56587,CC(NCC(=O)O)C(=O)O,Nc1c(C(=O)O)ccc(C(F)(F)F)c1N,*Nc1c(C(=O)O)ccc(C(F)(F)F)c1NC(=O)CNC(C)C(*)=O,CC(C=O)NCC(=O)Nc1c(C(F)(F)F)ccc(C(=O)O)c1N,-1268.684891279493,0.99766326,Polyamidation,198.08593,-8.4501,0.0106,0.29738889,0.00094421,0.22732009,0.07101301,3.860319383,-1268.457571189493,-1268.386558179493,8.460700000000001,ORCA,QC,"opt+freq: b3lyp/def2-TZVP em=gd3bj
energy: wB97M-V/ma-def2-TZVP"
420,OMG_polymer_205644,O=C(O)CCSCC(NC(=O)OCC1c2ccccc2-c2ccccc21)C(=O)O,N#Cc1cc(N)c(C(=O)O)c(N)c1,*Nc1cc(C#N)cc(NC(=O)CCSCC(NC(=O)OCC2c3ccccc3-c3ccccc32)C(*)=O)c1C(=O)O,N#Cc1cc(N)c(C(=O)O)c(NC(=O)CCSCC(C=O)NC(=O)OCC2c3ccccc3-c3ccccc32)c1,0.0,0.73777264,Polyamidation,0.0,0.0,0.0,0.5480344199999999,0.00094421,0.44895849,0.10002015,5.15184318,0.44895849,0.5489786299999999,0.0,ORCA,QC,"opt+freq: b3lyp/def2-TZVP em=gd3bj
energy: wB97M-V/ma-def2-TZVP"
421,OMG_polymer_42537,COc1ccc(S(=O)(=O)NN(CC(=O)O)CC(=O)O)cc1,NNC(=O)c1cc(C(=O)NN)cc(S(=O)(=O)O)c1,*NNC(=O)c1cc(C(=O)NNC(=O)CN(CC(*)=O)NS(=O)(=O)c2ccc(OC)cc2)cc(S(=O)(=O)O)c1,COc1ccc(S(=O)(=O)NN(CC=O)CC(=O)NNC(=O)c2cc(C(=O)NN)cc(S(=O)(=O)O)c2)cc1,-2614.491406221447,0.85939103,Polyamidation,341.21779,-9.4787,-0.4828,0.47299364,0.00094421,0.37253358,0.10140427,4.360771756,-2614.118872641447,-2614.017468371447,8.9959,ORCA,QC,"opt+freq: b3lyp/def2-TZVP em=gd3bj
energy: wB97M-V/ma-def2-TZVP"
422,OMG_polymer_138815,O=C(O)c1cccc2ccc3cccc(C(=O)O)c3c12,Nc1cc(C(=O)O)cc(N)c1Cl,*Nc1cc(C(=O)O)cc(NC(=O)c2cccc3ccc4cccc(C(*)=O)c4c23)c1Cl,Nc1cc(C(=O)O)cc(NC(=O)c2cccc3ccc4cccc(C=O)c4c23)c1Cl,-1756.195723900885,0.9896618,Polyamidation,323.53153,-8.3893,-0.1509,0.35752826,0.00094421,0.28207303,0.07639944,7.079279019,-1755.913650870885,-1755.837251430885,8.2384,ORCA,QC,"opt+freq: b3lyp/def2-TZVP em=gd3bj
energy: wB97M-V/ma-def2-TZVP"
423,OMG_polymer_132194,O=C(O)CN(CC(=O)O)N=Cc1ccc(Br)cc1,Nc1cc(Br)cc(N)c1C(=O)O,*Nc1cc(Br)cc(NC(=O)CN(CC(*)=O)N=Cc2ccc(Br)cc2)c1C(=O)O,Nc1cc(Br)cc(NC(=O)CN(CC=O)N=Cc2ccc(Br)cc2)c1C(=O)O,-6363.550522999286,0.9982109,Polyamidation,318.30926,-8.1849,-0.3574,1.74934783,0.00094421,0.26965878,0.08075524,6.068190726,-6363.280864219286,-6361.800230959286,7.827500000000001,ORCA,QC,"opt+freq: b3lyp/def2-TZVP em=gd3bj
energy: wB97M-V/ma-def2-TZVP"
424,OMG_polymer_14332,O=C(O)c1ccc(C(=O)C(=O)c2ccc(C(=O)O)cc2)cc1,Nc1cc(C(=O)O)cc(N)c1C(F)(F)F,*Nc1cc(C(=O)O)cc(NC(=O)c2ccc(C(=O)C(=O)c3ccc(C(*)=O)cc3)cc2)c1C(F)(F)F,Nc1cc(C(=O)O)cc(NC(=O)c2ccc(C(=O)C(=O)c3ccc(C=O)cc3)cc2)c1C(F)(F)F,-1784.202486684669,0.9622497,Polyamidation,339.80684,-8.7069,-1.163,0.38402858,0.00094421,0.29448032,0.09049247,4.413034244,-1783.908006364669,-1783.817513894669,7.543899999999999,ORCA,QC,"opt+freq: b3lyp/def2-TZVP em=gd3bj
energy: wB97M-V/ma-def2-TZVP"
425,OMG_polymer_169894,CCCCC(NC(=O)c1ccccc1C(=O)O)C(=O)O,Nc1ccc2c(S(=O)(=O)O)cc(S(=O)(=O)O)cc2c1N,*Nc1ccc2c(S(=O)(=O)O)cc(S(=O)(=O)O)cc2c1NC(=O)c1ccccc1C(=O)NC(CCCC)C(*)=O,CCCCC(C=O)NC(=O)c1ccccc1C(=O)Nc1c(N)ccc2c(S(=O)(=O)O)cc(S(=O)(=O)O)cc12,0.0,0.7736014,Polyamidation,0.0,0.0,0.0,0.51533175,0.00094421,0.41542203,0.10085393,5.961234871,0.41542203,0.51627596,0.0,ORCA,QC,"opt+freq: b3lyp/def2-TZVP em=gd3bj
energy: wB97M-V/ma-def2-TZVP"
426,OMG_polymer_101361,O=C(O)c1ccc(OC(=O)c2ccc(C(=O)Oc3ccc(C(=O)O)cc3)cc2)cc1,Nc1cc(C(=O)O)cc(N)c1C(F)F,*Nc1cc(C(=O)O)cc(NC(=O)c2ccc(OC(=O)c3ccc(C(=O)Oc4ccc(C(*)=O)cc4)cc3)cc2)c1C(F)F,Nc1cc(C(=O)O)cc(NC(=O)c2ccc(OC(=O)c3ccc(C(=O)Oc4ccc(C=O)cc4)cc3)cc2)c1C(F)F,-2066.483401644183,0.9072198,Polyamidation,427.10989,-8.5004,-0.7691,0.48798509,0.00094421,0.38520475,0.10372456,5.783965559,-2066.098196894183,-2065.994472344183,7.731300000000001,ORCA,QC,"opt+freq: b3lyp/def2-TZVP em=gd3bj
energy: wB97M-V/ma-def2-TZVP"
427,OMG_polymer_14614,O=C(O)C(Br)C(Br)C(=O)O,CCOc1c(N)cc(C(=O)O)cc1N,*Nc1cc(C(=O)O)cc(NC(=O)C(Br)C(Br)C(*)=O)c1OCC,CCOc1c(N)cc(C(=O)O)cc1NC(=O)C(Br)C(Br)C=O,-6137.571533093403,0.99609274,Polyamidation,237.71804,-8.5432,-0.1979,0.28879974,0.00094421,0.21388438,0.07585957,2.992022636,-6137.357648713402,-6137.281789143402,8.3453,ORCA,QC,"opt+freq: b3lyp/def2-TZVP em=gd3bj
energy: wB97M-V/ma-def2-TZVP"
428,OMG_polymer_33483,Cc1cccc(C(C)(C(=O)O)C(=O)O)c1,Cc1cc(N)c(N)c(C(=O)O)c1,*Nc1cc(C)cc(C(=O)O)c1NC(=O)C(C)(C(*)=O)c1cccc(C)c1,Cc1cccc(C(C)(C=O)C(=O)Nc2c(N)cc(C)cc2C(=O)O)c1,-1146.558348013954,0.99887305,Polyamidation,255.61855,-7.9912,0.2009,0.38434018,0.00094421,0.30921174,0.07607266,3.644146249,-1146.249136273954,-1146.173063623954,8.1921,ORCA,QC,"opt+freq: b3lyp/def2-TZVP em=gd3bj
energy: wB97M-V/ma-def2-TZVP"
429,OMG_polymer_127222,O=C(O)CCC(=O)Nc1ccccc1CC(=O)O,Nc1nc(N)c(C(=O)O)nc1Cl,*Nc1nc(NC(=O)CCC(=O)Nc2ccccc2CC(*)=O)c(C(=O)O)nc1Cl,Nc1nc(NC(=O)CCC(=O)Nc2ccccc2CC=O)c(C(=O)O)nc1Cl,-1767.703891026296,0.9996125,Polyamidation,259.14459,-8.5958,-0.0679,0.35468718,0.00094421,0.27758535,0.07804605,3.845527958,-1767.426305676296,-1767.348259636296,8.5279,ORCA,QC,"opt+freq: b3lyp/def2-TZVP em=gd3bj
energy: wB97M-V/ma-def2-TZVP"
430,OMG_polymer_154178,O=C(O)c1ccc(C=Nc2ccc(N=Cc3ccc(C(=O)O)cc3)cc2)cc1,Nc1cc(C(=O)O)cnc1N,*Nc1cc(C(=O)O)cnc1NC(=O)c1ccc(C=Nc2ccc(N=Cc3ccc(C(*)=O)cc3)cc2)cc1,Nc1cc(C(=O)O)cnc1NC(=O)c1ccc(C=Nc2ccc(N=Cc3ccc(C=O)cc3)cc2)cc1,-1654.371946014889,0.9223076,Polyamidation,414.80376,-8.1452,-0.6692,0.47346383,0.00094421,0.38150062,0.09290742,2.747738564,-1653.990445394889,-1653.897537974889,7.476000000000001,ORCA,QC,"opt+freq: b3lyp/def2-TZVP em=gd3bj
energy: wB97M-V/ma-def2-TZVP"
431,OMG_polymer_88098,O=C(O)c1cc(C(=O)O)ncn1,Nc1ccc(C(=O)O)c(N)n1,*Nc1ccc(C(=O)O)c(NC(=O)c2cc(C(*)=O)ncn2)n1,Nc1ccc(C(=O)O)c(NC(=O)c2cc(C=O)ncn2)n1,-1037.497263589341,0.9972584,Polyamidation,201.79916,-8.6445,-1.0278,0.2309915,0.00094421,0.1672469,0.06468881,4.614888208,-1037.330016689341,-1037.265327879341,7.616700000000001,ORCA,QC,"opt+freq: b3lyp/def2-TZVP em=gd3bj
energy: wB97M-V/ma-def2-TZVP"
432,OMG_polymer_111058,N#Cc1ccccc1C(CC(=O)O)C(=O)O,Nc1ccc(C(=O)O)cc1N,*Nc1ccc(C(=O)O)cc1NC(=O)CC(C(*)=O)c1ccccc1C#N,N#Cc1ccccc1C(C=O)CC(=O)Nc1cc(C(=O)O)ccc1N,-1160.21201882655,0.9977349,Polyamidation,232.41496,-8.7092,-0.2745,0.32702932,0.00094421,0.25584692,0.07212661,8.694035417,-1159.95617190655,-1159.88404529655,8.4347,ORCA,QC,"opt+freq: b3lyp/def2-TZVP em=gd3bj
energy: wB97M-V/ma-def2-TZVP"
433,OMG_polymer_145812,O=C(O)CNc1ccc(NCC(=O)O)cc1,Nc1nc(N)c(C(=O)O)cc1Br,*Nc1nc(NC(=O)CNc2ccc(NCC(*)=O)cc2)c(C(=O)O)cc1Br,Nc1nc(NC(=O)CNc2ccc(NCC=O)cc2)c(C(=O)O)cc1Br,-3768.132081483582,0.9992022,Polyamidation,277.44549,-7.3499,0.1547,0.34195685,0.00094421,0.26333248,0.07956858,5.204941034,-3767.868749003582,-3767.789180423582,7.5046,ORCA,QC,"opt+freq: b3lyp/def2-TZVP em=gd3bj
energy: wB97M-V/ma-def2-TZVP"
434,OMG_polymer_53269,O=C(O)C1CC(C(=O)O)c2ccccc21,Nc1ccc(C(=O)O)c(S(N)(=O)=O)c1,*Nc1ccc(C(=O)O)c(S(=O)(=O)NC(=O)C2CC(C(*)=O)c3ccccc32)c1,Nc1ccc(C(=O)O)c(S(=O)(=O)NC(=O)C2CC(C=O)c3ccccc32)c1,-1654.706184009335,0.99040353,Polyamidation,255.30947,-8.9094,-0.0008,0.34702703,0.00094421,0.27198251,0.07598874,4.578636193,-1654.434201499335,-1654.358212769335,8.9086,ORCA,QC,"opt+freq: b3lyp/def2-TZVP em=gd3bj
energy: wB97M-V/ma-def2-TZVP"
435,OMG_polymer_145846,O=C(O)c1c2ccccc2c(C(=O)O)c2ccccc12,Nc1ccnc(N)c1C(=O)O,*Nc1ccnc(NC(=O)c2c3ccccc3c(C(*)=O)c3ccccc23)c1C(=O)O,Nc1ccnc(NC(=O)c2c3ccccc3c(C=O)c3ccccc23)c1C(=O)O,0.0,0.9627432,Polyamidation,0.0,0.0,0.0,0.3541049,0.00094421,0.27990428,0.07514483,5.499853569,0.27990428,0.35504911,0.0,ORCA,QC,"opt+freq: b3lyp/def2-TZVP em=gd3bj
energy: wB97M-V/ma-def2-TZVP"
436,OMG_polymer_59844,O=C(O)c1cc(F)c(C(=O)O)cc1F,Nc1cc(C(=O)O)c(N)cc1F,*Nc1cc(C(=O)O)c(NC(=O)c2cc(F)c(C(*)=O)cc2F)cc1F,Nc1cc(C(=O)O)c(NC(=O)c2cc(F)c(C=O)cc2F)cc1F,-1287.135223322021,0.99601597,Polyamidation,221.79909,-8.3262,-0.7001,0.24538703,0.00094421,0.17710566,0.06922558,7.493299018,-1286.958117662021,-1286.888892082021,7.6261,ORCA,QC,"opt+freq: b3lyp/def2-TZVP em=gd3bj
energy: wB97M-V/ma-def2-TZVP"
437,OMG_polymer_76310,O=C(O)C1CN(C(=O)OCc2ccccc2)CC1C(=O)O,N#Cc1c(N)cc(C(=O)O)cc1N,*Nc1cc(C(=O)O)cc(NC(=O)C2CN(C(=O)OCc3ccccc3)CC2C(*)=O)c1C#N,N#Cc1c(N)cc(C(=O)O)cc1NC(=O)C1CN(C(=O)OCc2ccccc2)CC1C=O,-1520.900482294455,0.8841144,Polyamidation,311.3789,-8.6843,-0.3458,2.14434733,0.00094421,0.34309562,0.08666557,1.445489498,-1520.557386674455,-1518.755190754455,8.3385,ORCA,QC,"opt+freq: b3lyp/def2-TZVP em=gd3bj
energy: wB97M-V/ma-def2-TZVP"
438,OMG_polymer_17673,O=C(O)CN(CC(=O)O)C(=O)OCC1c2ccccc2-c2ccccc21,Nc1cc(N)c(Br)c(C(=O)O)c1,*Nc1cc(NC(=O)CN(CC(*)=O)C(=O)OCC2c3ccccc3-c3ccccc32)c(Br)c(C(=O)O)c1,Nc1cc(NC(=O)CN(CC=O)C(=O)OCC2c3ccccc3-c3ccccc32)c(Br)c(C(=O)O)c1,-4193.7965412596,0.9060314,Polyamidation,374.80325,-8.3107,0.1672,0.4752766,0.00094421,0.38110554,0.09511528,2.58490941,-4193.4154357196,-4193.3203204496,8.4779,ORCA,QC,"opt+freq: b3lyp/def2-TZVP em=gd3bj
energy: wB97M-V/ma-def2-TZVP"
439,OMG_polymer_202673,O=C(O)CC(NC(=O)Oc1ccccc1)C(=O)O,NCCCC(N)C(=O)O,*NCCCC(NC(=O)CC(NC(=O)Oc1ccccc1)C(*)=O)C(=O)O,NCCCC(NC(=O)CC(C=O)NC(=O)Oc1ccccc1)C(=O)O,-1238.073121884098,0.96295285,Polyamidation,227.06127,-9.378,0.3082,0.39666861,0.00094421,0.31883217,0.07878066,1.397373609,-1237.754289714098,-1237.675509064098,9.6862,ORCA,QC,"opt+freq: b3lyp/def2-TZVP em=gd3bj
energy: wB97M-V/ma-def2-TZVP"
440,OMG_polymer_61161,CC(Cc1ccc(F)cc1)(C(=O)O)C(=O)O,Nc1ccc(S(=O)(=O)O)cc1N,*Nc1ccc(S(=O)(=O)O)cc1NC(=O)C(C)(Cc1ccc(F)cc1)C(*)=O,CC(C=O)(Cc1ccc(F)cc1)C(=O)Nc1cc(S(=O)(=O)O)ccc1N,-1641.806777519473,0.99935883,Polyamidation,253.25918,-8.6251,-0.012,0.35038631,0.00094421,0.27370417,0.07762636,7.187091535,-1641.533073349473,-1641.455446999473,8.6131,ORCA,QC,"opt+freq: b3lyp/def2-TZVP em=gd3bj
energy: wB97M-V/ma-def2-TZVP"
441,OMG_polymer_53344,O=C(O)CNc1cc(Cl)ccc1C(=O)O,Nc1cc(N)c(C(=O)O)cc1Cl,*Nc1cc(NC(=O)CNc2cc(Cl)ccc2C(*)=O)c(C(=O)O)cc1Cl,Nc1cc(NC(=O)CNc2cc(Cl)ccc2C=O)c(C(=O)O)cc1Cl,-2003.216328512004,0.9995827,Polyamidation,263.92963,-8.4622,-0.3529,0.8965056699999999,0.00094421,0.22626847,0.07280051,2.381192386,-2002.990060042004,-2002.318878632004,8.1093,ORCA,QC,"opt+freq: b3lyp/def2-TZVP em=gd3bj
energy: wB97M-V/ma-def2-TZVP"
442,OMG_polymer_47384,CC(SCc1ccccc1C(=O)O)C(=O)O,Nc1cc(C(=O)O)ccc1S(N)(=O)=O,*Nc1cc(C(=O)O)ccc1S(=O)(=O)NC(=O)c1ccccc1CSC(C)C(*)=O,CC(C=O)SCc1ccccc1C(=O)NS(=O)(=O)c1ccc(C(=O)O)cc1N,-2054.096851323585,0.996852,Polyamidation,275.39826,-8.45,-0.0625,0.37229335,0.00094421,0.29237779,0.08085977,8.280364834,-2053.804473533585,-2053.723613763585,8.3875,ORCA,QC,"opt+freq: b3lyp/def2-TZVP em=gd3bj
energy: wB97M-V/ma-def2-TZVP"
443,OMG_polymer_79449,O=C(O)CC(CC(=O)O)c1ccccc1Cl,Nc1c(C(=O)O)ccc(C(F)(F)F)c1N,*Nc1c(C(=O)O)ccc(C(F)(F)F)c1NC(=O)CC(CC(*)=O)c1ccccc1Cl,Nc1c(C(=O)O)ccc(C(F)(F)F)c1NC(=O)CC(CC=O)c1ccccc1Cl,-1903.988269057274,0.9979412,Polyamidation,268.57662,-8.494,-0.1601,0.35644152,0.00094421,0.2767103,0.08067543,3.565541069,-1903.711558757274,-1903.630883327274,8.3339,ORCA,QC,"opt+freq: b3lyp/def2-TZVP em=gd3bj
energy: wB97M-V/ma-def2-TZVP"
444,OMG_polymer_76359,O=C(NCCCC(C(=O)O)C(=O)O)OCc1ccccc1,Nc1cncc(C(=O)O)c1N,*Nc1cncc(C(=O)O)c1NC(=O)C(CCCNC(=O)OCc1ccccc1)C(*)=O,Nc1cncc(C(=O)O)c1NC(=O)C(C=O)CCCNC(=O)OCc1ccccc1,-1445.881458029496,0.9943691,Polyamidation,278.39126,-8.8181,-0.1217,0.44144283,0.00094421,0.35851818,0.08386886,3.236218284,-1445.522939849496,-1445.439070989496,8.696399999999999,ORCA,QC,"opt+freq: b3lyp/def2-TZVP em=gd3bj
energy: wB97M-V/ma-def2-TZVP"
445,OMG_polymer_12647,O=C(O)CC(NC(=O)c1ccc(Br)cc1)C(=O)O,CCOc1c(N)cc(C(=O)O)cc1N,*Nc1cc(C(=O)O)cc(NC(=O)CC(NC(=O)c2ccc(Br)cc2)C(*)=O)c1OCC,CCOc1c(N)cc(C(=O)O)cc1NC(=O)CC(C=O)NC(=O)c1ccc(Br)cc1,0.0,0.9988463,Polyamidation,0.0,0.0,0.0,0.41334645,0.00094421,0.32932015,0.0849705,4.984473289,0.32932015,0.41429066,0.0,ORCA,QC,"opt+freq: b3lyp/def2-TZVP em=gd3bj
energy: wB97M-V/ma-def2-TZVP"
446,OMG_polymer_13888,CC(C)CC(F)(C(=O)O)C(=O)O,Nc1cccc(N)c1C(=O)O,*Nc1cccc(NC(=O)C(F)(CC(C)C)C(*)=O)c1C(=O)O,CC(C)CC(F)(C=O)C(=O)Nc1cccc(N)c1C(=O)O,-1054.071623410306,0.9989975,Polyamidation,202.90357,-8.3829,-0.051,0.3220428299999999,0.00094421,0.25329405,0.06969299,8.937124289,-1053.818329360306,-1053.748636370306,8.3319,ORCA,QC,"opt+freq: b3lyp/def2-TZVP em=gd3bj
energy: wB97M-V/ma-def2-TZVP"
447,OMG_polymer_66563,O=C(O)C12c3ccccc3C(C(=O)O)(c3ccccc31)c1ccccc12,Nc1ccc(Oc2cc(Oc3ccc(N)cc3)cc(C(=O)O)c2)cc1,*Nc1ccc(Oc2cc(Oc3ccc(NC(=O)C45c6ccccc6C(C(*)=O)(c6ccccc64)c4ccccc45)cc3)cc(C(=O)O)c2)cc1,Nc1ccc(Oc2cc(Oc3ccc(NC(=O)C45c6ccccc6C(C=O)(c6ccccc64)c4ccccc45)cc3)cc(C(=O)O)c2)cc1,0.0,0.5080559,Polyamidation,0.0,0.0,0.0,0.6318772,0.00094421,0.52487181,0.1079496,4.258067685,0.52487181,0.63282141,0.0,ORCA,QC,"opt+freq: b3lyp/def2-TZVP em=gd3bj
energy: wB97M-V/ma-def2-TZVP"
448,OMG_polymer_18264,O=C(O)c1ccc(C(=O)O)cc1,Nc1cc(F)c(S(N)(=O)=O)cc1C(=O)O,*Nc1cc(F)c(S(=O)(=O)NC(=O)c2ccc(C(*)=O)cc2)cc1C(=O)O,Nc1cc(F)c(S(=O)(=O)NC(=O)c2ccc(C=O)cc2)cc1C(=O)O,-1637.260906942549,0.99957615,Polyamidation,237.9332,-9.0405,-0.7558,0.27351186,0.00094421,0.2015668,0.07288927,5.887084504,-1637.059340142549,-1636.986450872549,8.284699999999999,ORCA,QC,"opt+freq: b3lyp/def2-TZVP em=gd3bj
energy: wB97M-V/ma-def2-TZVP"
449,OMG_polymer_153293,O=C(O)c1ccccc1N=Cc1ccc(C=Nc2ccccc2C(=O)O)cc1,Nc1cc(N)c(C(=O)O)cc1Br,*Nc1cc(NC(=O)c2ccccc2N=Cc2ccc(C=Nc3ccccc3C(*)=O)cc2)c(C(=O)O)cc1Br,Nc1cc(NC(=O)c2ccccc2N=Cc2ccc(C=Nc3ccccc3C=O)cc2)c(C(=O)O)cc1Br,0.0,0.95443547,Polyamidation,0.0,0.0,0.0,0.0,0.0,0.0,0.0,0.0,0.0,0.0,0.0,ORCA,QC,"opt+freq: b3lyp/def2-TZVP em=gd3bj
energy: wB97M-V/ma-def2-TZVP"
450,OMG_polymer_138046,O=C(O)c1ccnc(OCCOc2cc(C(=O)O)ccn2)c1,Cc1c(N)ccc(N)c1C(=O)O,*Nc1ccc(NC(=O)c2ccnc(OCCOc3cc(C(*)=O)ccn3)c2)c(C(=O)O)c1C,Cc1c(N)ccc(NC(=O)c2ccnc(OCCOc3cc(C=O)ccn3)c2)c1C(=O)O,-1520.855785719775,0.99489516,Polyamidation,322.53149,-8.0306,-0.4525,0.42901599,0.00094421,0.34312064,0.08683956,4.357017801,-1520.512665079775,-1520.425825519775,7.5781,ORCA,QC,"opt+freq: b3lyp/def2-TZVP em=gd3bj
energy: wB97M-V/ma-def2-TZVP"
451,OMG_polymer_21866,O=C(O)C(F)(F)C(F)(F)C(=O)O,Nc1ccc(C(F)(F)F)c(C(=O)O)c1N,*Nc1ccc(C(F)(F)F)c(C(=O)O)c1NC(=O)C(F)(F)C(F)(F)C(*)=O,Nc1ccc(C(F)(F)F)c(C(=O)O)c1NC(=O)C(F)(F)C(F)(F)C=O,-1571.091500742118,0.98244,Polyamidation,177.53344,-9.0906,-0.1824,0.21988364,0.00094421,0.14799396,0.07283389,2.182802723,-1570.943506782118,-1570.870672892118,8.9082,ORCA,QC,"opt+freq: b3lyp/def2-TZVP em=gd3bj
energy: wB97M-V/ma-def2-TZVP"
452,OMG_polymer_49361,O=C(O)c1ccc(CSc2ccc(C(=O)O)cc2)cc1,Nc1cc(Cl)c(CC(=O)O)cc1N,*Nc1cc(Cl)c(CC(=O)O)cc1NC(=O)c1ccc(CSc2ccc(C(*)=O)cc2)cc1,Nc1cc(Cl)c(CC(=O)O)cc1NC(=O)c1ccc(CSc2ccc(C=O)cc2)cc1,-2156.780019460605,0.9988531,Polyamidation,343.68879,-8.3341,-0.298,0.40663688,0.00094421,0.32057981,0.08700129,8.679561875,-2156.459439650605,-2156.372438370605,8.0361,ORCA,QC,"opt+freq: b3lyp/def2-TZVP em=gd3bj
energy: wB97M-V/ma-def2-TZVP"
453,OMG_polymer_47715,O=C(O)CCc1ccc(SCC(=O)O)cc1,N#Cc1c(N)cc(C(=O)O)cc1N,*Nc1cc(C(=O)O)cc(NC(=O)CCc2ccc(SCC(*)=O)cc2)c1C#N,N#Cc1c(N)cc(C(=O)O)cc1NC(=O)CCc1ccc(SCC=O)cc1,-1597.700909039286,0.99933976,Polyamidation,278.55503,-8.6971,-0.3893,0.35927282,0.00094421,0.27927868,0.08093836,2.124132515,-1597.421630359286,-1597.340692009286,8.3078,ORCA,QC,"opt+freq: b3lyp/def2-TZVP em=gd3bj
energy: wB97M-V/ma-def2-TZVP"
454,OMG_polymer_183589,O=C(O)CCC(NS(=O)(=O)c1ccccc1)C(=O)O,Nc1ccc(C(F)(F)F)c(C(=O)O)c1N,*Nc1ccc(C(F)(F)F)c(C(=O)O)c1NC(=O)CCC(NS(=O)(=O)c1ccccc1)C(*)=O,Nc1ccc(C(F)(F)F)c(C(=O)O)c1NC(=O)CCC(C=O)NS(=O)(=O)c1ccccc1,-2048.402201436026,0.9107143,Polyamidation,284.62556,-8.6472,0.068,0.39737898,0.00094421,0.31252931,0.08579387,6.241880889,-2048.089672126026,-2048.003878246026,8.7152,ORCA,QC,"opt+freq: b3lyp/def2-TZVP em=gd3bj
energy: wB97M-V/ma-def2-TZVP"
455,OMG_polymer_55542,O=C(O)c1ccccc1NS(=O)(=O)c1ccc(-c2ccc(S(=O)(=O)Nc3ccccc3C(=O)O)cc2)cc1,Nc1c(C(=O)O)cc(Cl)c(Br)c1N,*Nc1c(C(=O)O)cc(Cl)c(Br)c1NC(=O)c1ccccc1NS(=O)(=O)c1ccc(-c2ccc(S(=O)(=O)Nc3ccccc3C(*)=O)cc2)cc1,Nc1c(C(=O)O)cc(Cl)c(Br)c1NC(=O)c1ccccc1NS(=O)(=O)c1ccc(-c2ccc(S(=O)(=O)Nc3ccccc3C=O)cc2)cc1,-5923.538274228654,0.8715637,Polyamidation,533.50589,-8.4906,-0.3273,3.41884978,0.00094421,0.45686969,0.11387754,1.597408877,-5923.081404538654,-5920.118480238654,8.163300000000001,ORCA,QC,"opt+freq: b3lyp/def2-TZVP em=gd3bj
energy: wB97M-V/ma-def2-TZVP"
456,OMG_polymer_191129,O=C(Nc1ccc(C(=O)O)c(C(=O)O)c1)OCc1ccccc1,Nc1cc(C(=O)O)cc(N)c1C(F)(F)F,*Nc1cc(C(=O)O)cc(NC(=O)c2ccc(NC(=O)OCc3ccccc3)cc2C(*)=O)c1C(F)(F)F,Nc1cc(C(=O)O)cc(NC(=O)c2ccc(NC(=O)OCc3ccccc3)cc2C=O)c1C(F)(F)F,-1840.787746659986,0.98065484,Polyamidation,343.35074,-8.6943,-0.2834,0.42693308,0.00094421,0.3343329,0.0935444,8.228435068,-1840.453413759986,-1840.359869369986,8.4109,ORCA,QC,"opt+freq: b3lyp/def2-TZVP em=gd3bj
energy: wB97M-V/ma-def2-TZVP"
457,OMG_polymer_85664,O=C(O)C(F)(F)OC(F)(F)C(F)(F)OC(F)(F)C(F)(F)OC(F)(F)C(=O)O,Nc1cc(N)c(CC(=O)O)cc1Br,*Nc1cc(NC(=O)C(F)(F)OC(F)(F)C(F)(F)OC(F)(F)C(F)(F)OC(F)(F)C(*)=O)c(CC(=O)O)cc1Br,Nc1cc(NC(=O)C(F)(F)OC(F)(F)C(F)(F)OC(F)(F)C(F)(F)OC(F)(F)C=O)c(CC(=O)O)cc1Br,-5023.809408693209,0.64074826,Polyamidation,266.3668,-8.4192,-0.0786,0.30862182,0.00094421,0.20751139,0.10205464,0.789763128,-5023.601897303209,-5023.499842663209,8.3406,ORCA,QC,"opt+freq: b3lyp/def2-TZVP em=gd3bj
energy: wB97M-V/ma-def2-TZVP"
458,OMG_polymer_175100,O=C(O)c1cnc(C(=O)O)[nH]1,Cc1cc(N)c(N)c(C(=O)O)c1,*Nc1cc(C)cc(C(=O)O)c1NC(=O)c1cnc(C(*)=O)[nH]1,Cc1cc(N)c(NC(=O)c2cnc(C=O)[nH]2)c(C(=O)O)c1,-1022.655002090567,0.9972584,Polyamidation,215.56836,-8.2669,-0.422,0.53343546,0.00094421,0.20396654,0.06322248,5.474846189,-1022.451035550567,-1022.120622420567,7.8449,ORCA,QC,"opt+freq: b3lyp/def2-TZVP em=gd3bj
energy: wB97M-V/ma-def2-TZVP"
459,OMG_polymer_145358,O=C(O)CC(CC(=O)O)c1ccc(OCc2ccccc2)cc1,Nc1ccc2c(S(=O)(=O)O)cc(S(=O)(=O)O)cc2c1N,*Nc1ccc2c(S(=O)(=O)O)cc(S(=O)(=O)O)cc2c1NC(=O)CC(CC(*)=O)c1ccc(OCc2ccccc2)cc1,Nc1ccc2c(S(=O)(=O)O)cc(S(=O)(=O)O)cc2c1NC(=O)CC(CC=O)c1ccc(OCc2ccccc2)cc1,0.0,0.8015089,Polyamidation,0.0,0.0,0.0,0.54841773,0.00094421,0.4479347,0.10142724,6.975501428,0.4479347,0.54936194,0.0,ORCA,QC,"opt+freq: b3lyp/def2-TZVP em=gd3bj
energy: wB97M-V/ma-def2-TZVP"
460,OMG_polymer_114663,COc1c(C(=O)O)sc(C(=O)O)c1OC,N=C(NN)N(N)CC(=O)O,*NNC(=N)N(CC(=O)O)NC(=O)c1sc(C(*)=O)c(OC)c1OC,COc1c(C=O)sc(C(=O)NN(CC(=O)O)C(=N)NN)c1OC,-1551.515979421756,0.90479785,Polyamidation,220.36442,-9.1706,-0.5355,0.30872823,0.00094421,0.23224214,0.07743031,5.734807136,-1551.283737281756,-1551.206306981756,8.6351,ORCA,QC,"opt+freq: b3lyp/def2-TZVP em=gd3bj
energy: wB97M-V/ma-def2-TZVP"
461,OMG_polymer_93174,Cc1ccc(C)n1-c1cc(C(=O)O)cc(C(=O)O)c1,Nc1ccc(N)c(C(=O)O)c1F,*Nc1ccc(NC(=O)c2cc(C(*)=O)cc(-n3c(C)ccc3C)c2)c(C(=O)O)c1F,Cc1ccc(C)n1-c1cc(C=O)cc(C(=O)Nc2ccc(N)c(F)c2C(=O)O)c1,-1376.197287785194,0.99567693,Polyamidation,302.28426,-7.924,-0.2891,0.38525799,0.00094421,0.30502562,0.08117658,3.201136138,-1375.892262165194,-1375.811085585194,7.6349,ORCA,QC,"opt+freq: b3lyp/def2-TZVP em=gd3bj
energy: wB97M-V/ma-def2-TZVP"
462,OMG_polymer_68465,Cc1sc(C)c(C(=O)O)c1C(=O)O,Nc1cc(F)c(S(N)(=O)=O)cc1C(=O)O,*Nc1cc(F)c(S(=O)(=O)NC(=O)c2c(C)sc(C)c2C(*)=O)cc1C(=O)O,Cc1sc(C)c(C(=O)NS(=O)(=O)c2cc(C(=O)O)c(N)cc2F)c1C=O,-2036.638959723128,0.99700147,Polyamidation,252.76642,-8.9604,-0.027,0.29869862,0.00094421,0.22043187,0.07921096,2.985612271,-2036.418527853128,-2036.339316893128,8.9334,ORCA,QC,"opt+freq: b3lyp/def2-TZVP em=gd3bj
energy: wB97M-V/ma-def2-TZVP"
463,OMG_polymer_102652,Nc1cc(C(=O)O)c(Cl)cc1C(=O)O,COc1cc(N)cc(N)c1C(=O)O,*Nc1cc(NC(=O)c2cc(N)c(C(*)=O)cc2Cl)c(C(=O)O)c(OC)c1,COc1cc(N)cc(NC(=O)c2cc(N)c(C=O)cc2Cl)c1C(=O)O,-1618.838167417593,0.9975466,Polyamidation,266.9595,-8.2129,-0.141,0.31208152,0.00094421,0.23823237,0.07479337,6.862083586,-1618.599935047593,-1618.525141687593,8.0719,ORCA,QC,"opt+freq: b3lyp/def2-TZVP em=gd3bj
energy: wB97M-V/ma-def2-TZVP"
464,OMG_polymer_98371,NC(=O)c1nc(C(N)=O)c(C(=O)O)cc1C(=O)O,Nc1cc(Br)c(N)c(C(=O)O)c1,*Nc1cc(Br)c(NC(=O)c2cc(C(*)=O)c(C(N)=O)nc2C(N)=O)c(C(=O)O)c1,NC(=O)c1nc(C(N)=O)c(C(=O)Nc2c(Br)cc(N)cc2C(=O)O)cc1C=O,-3916.27160484758,0.96413624,Polyamidation,275.09639,-8.37,-0.7147,0.30627494,0.00094421,0.22601718,0.08120197,8.192508522,-3916.04558766758,-3915.96438569758,7.6553,ORCA,QC,"opt+freq: b3lyp/def2-TZVP em=gd3bj
energy: wB97M-V/ma-def2-TZVP"
465,OMG_polymer_161187,O=C(O)CCCc1ccc(CCCC(=O)O)cc1,COc1cc(N)c(C(=O)O)cc1N,*Nc1cc(OC)c(NC(=O)CCCc2ccc(CCCC(*)=O)cc2)cc1C(=O)O,COc1cc(N)c(C(=O)O)cc1NC(=O)CCCc1ccc(CCCC=O)cc1,-1339.701335747708,0.99936634,Polyamidation,308.79902,-7.6951,0.0681,0.48104417,0.00094421,0.39475516,0.08723323,9.317468069,-1339.306580587708,-1339.219347367708,7.7632,ORCA,QC,"opt+freq: b3lyp/def2-TZVP em=gd3bj
energy: wB97M-V/ma-def2-TZVP"
466,OMG_polymer_175859,CCCCCCCCCCCCC(C(=O)O)C(=O)O,Cc1cc(N)cc(C(=O)O)c1N,*Nc1cc(C)c(NC(=O)C(CCCCCCCCCCCC)C(*)=O)c(C(=O)O)c1,CCCCCCCCCCCCC(C=O)C(=O)Nc1c(C)cc(N)cc1C(=O)O,-1308.548844132261,0.96691406,Polyamidation,309.50427,-8.1476,0.1709,0.59820496,0.00094421,0.50673766,0.09241151,5.271177679,-1308.042106472261,-1307.949694962261,8.3185,ORCA,QC,"opt+freq: b3lyp/def2-TZVP em=gd3bj
energy: wB97M-V/ma-def2-TZVP"
467,OMG_polymer_23700,O=C(O)C1(C(=O)O)Cc2ccccc2C1,Nc1ccc(N)c(C(=O)O)c1F,*Nc1ccc(NC(=O)C2(C(*)=O)Cc3ccccc3C2)c(C(=O)O)c1F,Nc1ccc(NC(=O)C2(C=O)Cc3ccccc3C2)c(C(=O)O)c1F,-1205.313370596278,0.9795506,Polyamidation,244.3264,-8.2492,0.0494,0.32568809,0.00094421,0.25574582,0.07088648,3.159678455,-1205.057624776278,-1204.986738296278,8.2986,ORCA,QC,"opt+freq: b3lyp/def2-TZVP em=gd3bj
energy: wB97M-V/ma-def2-TZVP"
468,OMG_polymer_178787,O=C(O)c1cc(NS(=O)(=O)c2ccccc2)cc(C(=O)O)c1,Nc1cc(C(=O)O)cc(N)c1Cl,*Nc1cc(C(=O)O)cc(NC(=O)c2cc(NS(=O)(=O)c3ccccc3)cc(C(*)=O)c2)c1Cl,Nc1cc(C(=O)O)cc(NC(=O)c2cc(C=O)cc(NS(=O)(=O)c3ccccc3)c2)c1Cl,-2284.003551889362,0.99029154,Polyamidation,328.96052,-8.6767,-0.5883,0.37646013,0.00094421,0.29102833,0.08637601,6.523618287,-2283.712523559362,-2283.626147549362,8.0884,ORCA,QC,"opt+freq: b3lyp/def2-TZVP em=gd3bj
energy: wB97M-V/ma-def2-TZVP"
469,OMG_polymer_44949,O=C(O)CC(=O)CSc1ccccc1C(=O)O,Nc1cc(F)cc(C(=O)O)c1N,*Nc1cc(F)cc(C(=O)O)c1NC(=O)CC(=O)CSc1ccccc1C(*)=O,Nc1cc(F)cc(C(=O)O)c1NC(=O)CC(=O)CSc1ccccc1C=O,-1678.745639503759,0.9986142,Polyamidation,257.98077,-8.3275,-0.3635,0.33353798,0.00094421,0.25818307,0.07629912,7.69738952,-1678.487456433759,-1678.411157313759,7.964,ORCA,QC,"opt+freq: b3lyp/def2-TZVP em=gd3bj
energy: wB97M-V/ma-def2-TZVP"
470,OMG_polymer_172174,O=C(O)c1cc(NC(=O)C(Cl)Cl)cc(C(=O)O)c1,COc1c(N)cc(C(=O)O)cc1N,*Nc1cc(C(=O)O)cc(NC(=O)c2cc(NC(=O)C(Cl)Cl)cc(C(*)=O)c2)c1OC,COc1c(N)cc(C(=O)O)cc1NC(=O)c1cc(C=O)cc(NC(=O)C(Cl)Cl)c1,-2231.087481123012,0.99508506,Polyamidation,299.39954,-8.4604,-0.3739,0.34542528,0.00094421,0.26088904,0.08548045,8.806137193,-2230.826592083012,-2230.741111633012,8.0865,ORCA,QC,"opt+freq: b3lyp/def2-TZVP em=gd3bj
energy: wB97M-V/ma-def2-TZVP"
471,OMG_polymer_48579,O=C(O)c1ccc(F)c(Br)c1C(=O)O,Nc1cc(N)c(Br)c(C(=O)O)c1,*Nc1cc(NC(=O)c2ccc(F)c(Br)c2C(*)=O)c(Br)c(C(=O)O)c1,Nc1cc(NC(=O)c2ccc(F)c(Br)c2C=O)c(Br)c(C(=O)O)c1,-6235.421144649818,0.99908006,Polyamidation,259.14004,-8.5387,-0.2437,0.24216464,0.00094421,0.16918136,0.0739275,4.054009024,-6235.251963289818,-6235.178035799819,8.295,ORCA,QC,"opt+freq: b3lyp/def2-TZVP em=gd3bj
energy: wB97M-V/ma-def2-TZVP"
472,OMG_polymer_68544,Cc1sc(C)c(C(=O)O)c1C(=O)O,Nc1ccc(C(=O)O)cc1N,*Nc1ccc(C(=O)O)cc1NC(=O)c1c(C)sc(C)c1C(*)=O,Cc1sc(C)c(C(=O)Nc2cc(C(=O)O)ccc2N)c1C=O,-1388.718574454,0.9988463,Polyamidation,233.03404,-8.5302,-0.019,0.29242612,0.00094421,0.22204002,0.07133032,5.827333401,-1388.496534434,-1388.425204124,8.5112,ORCA,QC,"opt+freq: b3lyp/def2-TZVP em=gd3bj
energy: wB97M-V/ma-def2-TZVP"
473,OMG_polymer_66694,NCCCC(C(=O)O)C(=O)O,Nc1cc(S(=O)(=O)O)c(N)c(S(=O)(=O)O)c1,*Nc1cc(S(=O)(=O)O)c(NC(=O)C(CCCN)C(*)=O)c(S(=O)(=O)O)c1,NCCCC(C=O)C(=O)Nc1c(S(=O)(=O)O)cc(N)cc1S(=O)(=O)O,-2030.061001738206,0.8333076,Polyamidation,232.22196,-9.1301,-0.3087,0.34006448,0.00094421,0.26363736,0.07737134,2.452089572,-2029.797364378206,-2029.719993048206,8.8214,ORCA,QC,"opt+freq: b3lyp/def2-TZVP em=gd3bj
energy: wB97M-V/ma-def2-TZVP"
474,OMG_polymer_75233,O=C(O)CCC(=O)NC(C(=O)O)c1ccccc1,Nc1ncnc(N)c1C(=O)O,*Nc1ncnc(NC(=O)CCC(=O)NC(C(*)=O)c2ccccc2)c1C(=O)O,Nc1ncnc(NC(=O)CCC(=O)NC(C=O)c2ccccc2)c1C(=O)O,-1308.107974589693,0.9954704,Polyamidation,247.1437,-9.4039,0.1409,0.3634147,0.00094421,0.2894634,0.0748955,2.240379282,-1307.818511189693,-1307.743615679693,9.5448,ORCA,QC,"opt+freq: b3lyp/def2-TZVP em=gd3bj
energy: wB97M-V/ma-def2-TZVP"
475,OMG_polymer_81447,O=C(O)CC(C(=O)O)c1ncccn1,Nc1cc(C(=O)O)cc(N)c1Cl,*Nc1cc(C(=O)O)cc(NC(=O)CC(C(*)=O)c2ncccn2)c1Cl,Nc1cc(C(=O)O)cc(NC(=O)CC(C=O)c2ncccn2)c1Cl,-1559.645600646098,0.9976265,Polyamidation,237.14062,-8.378,0.1223,0.29428503,0.00094421,0.22252962,0.07269962,7.997689544,-1559.423071026098,-1559.350371406098,8.5003,ORCA,QC,"opt+freq: b3lyp/def2-TZVP em=gd3bj
energy: wB97M-V/ma-def2-TZVP"
476,OMG_polymer_90338,O=C(O)CSc1ccc(Oc2ccc(SCC(=O)O)cc2)cc1,Cc1c(N)ccc(C(=O)O)c1N,*Nc1ccc(C(=O)O)c(NC(=O)CSc2ccc(Oc3ccc(SCC(*)=O)cc3)cc2)c1C,Cc1c(N)ccc(C(=O)O)c1NC(=O)CSc1ccc(Oc2ccc(SCC=O)cc2)cc1,-2209.900640923434,0.99862766,Polyamidation,367.70939,-8.4642,0.1723,0.45146085,0.00094421,0.3597946,0.09261046,3.563216651,-2209.540846323434,-2209.448235863434,8.6365,ORCA,QC,"opt+freq: b3lyp/def2-TZVP em=gd3bj
energy: wB97M-V/ma-def2-TZVP"
477,OMG_polymer_46236,COc1cccc(C(=O)O)c1CSCC(=O)O,Nc1cc(N)c(Br)c(CC(=O)O)c1,*Nc1cc(CC(=O)O)c(Br)c(NC(=O)c2cccc(OC)c2CSCC(*)=O)c1,COc1cccc(C(=O)Nc2cc(N)cc(CC(=O)O)c2Br)c1CSCC=O,-4193.383337561608,0.9994797,Polyamidation,309.06741,-8.3159,0.1903,0.38562037,0.00094421,0.30111377,0.08545082,4.744964712,-4193.082223791608,-4192.996772981608,8.5062,ORCA,QC,"opt+freq: b3lyp/def2-TZVP em=gd3bj
energy: wB97M-V/ma-def2-TZVP"
478,OMG_polymer_174745,O=C(O)Cc1ccccc1Oc1ccccc1CC(=O)O,Nc1ccc(C(F)(F)F)c(C(=O)O)c1N,*Nc1ccc(C(F)(F)F)c(C(=O)O)c1NC(=O)Cc1ccccc1Oc1ccccc1CC(*)=O,Nc1ccc(C(F)(F)F)c(C(=O)O)c1NC(=O)Cc1ccccc1Oc1ccccc1CC=O,-1711.359406091635,0.9970708,Polyamidation,309.93338,-8.6904,0.2046,0.42498915,0.00094421,0.33873061,0.08720275,1.147523261,-1711.020675481635,-1710.933472731635,8.895,ORCA,QC,"opt+freq: b3lyp/def2-TZVP em=gd3bj
energy: wB97M-V/ma-def2-TZVP"
479,OMG_polymer_14191,CC(C)(C)OC(=O)N1CC(CC(=O)O)C(CC(=O)O)C1,Nc1nc(N)nc(C(=O)O)n1,*Nc1nc(NC(=O)CC2CN(C(=O)OC(C)(C)C)CC2CC(*)=O)nc(C(=O)O)n1,CC(C)(C)OC(=O)N1CC(CC=O)C(CC(=O)Nc2nc(N)nc(C(=O)O)n2)C1,-1442.291096401481,0.7649355,Polyamidation,264.91178,-9.2623,-0.0749,0.45511527,0.00094421,0.36748469,0.08857479,8.725463797,-1441.923611711481,-1441.835036921481,9.1874,ORCA,QC,"opt+freq: b3lyp/def2-TZVP em=gd3bj
energy: wB97M-V/ma-def2-TZVP"
480,OMG_polymer_136848,O=C(O)c1ncsc1C(=O)O,Nc1cc(F)c(N)c(C(=O)O)c1,*Nc1cc(F)c(NC(=O)c2ncsc2C(*)=O)c(C(=O)O)c1,Nc1cc(F)c(NC(=O)c2ncsc2C=O)c(C(=O)O)c1,-1425.423475480447,0.9977216,Polyamidation,204.76662,-8.4208,-0.699,0.21429381,0.00094421,0.15018776,0.06505026,4.29681818,-1425.273287720447,-1425.208237460447,7.7218,ORCA,QC,"opt+freq: b3lyp/def2-TZVP em=gd3bj
energy: wB97M-V/ma-def2-TZVP"
481,OMG_polymer_132013,O=C(O)CN(CC(=O)O)N=Cc1ccc(Cl)cc1Cl,Nc1ncnc(N)c1C(=O)O,*Nc1ncnc(NC(=O)CN(CC(*)=O)N=Cc2ccc(Cl)cc2Cl)c1C(=O)O,Nc1ncnc(NC(=O)CN(CC=O)N=Cc2ccc(Cl)cc2Cl)c1C(=O)O,-2168.023360346779,0.99509466,Polyamidation,287.07155,-8.6282,-0.4558,0.32774911,0.00094421,0.24861837,0.08007495,5.893625988,-2167.774741976779,-2167.694667026779,8.1724,ORCA,QC,"opt+freq: b3lyp/def2-TZVP em=gd3bj
energy: wB97M-V/ma-def2-TZVP"
482,OMG_polymer_189077,O=C(O)CCNS(=O)(=O)c1ccc(C(=O)O)cc1,Nc1cc(N)c(CC(=O)O)cc1Br,*Nc1cc(NC(=O)CCNS(=O)(=O)c2ccc(C(*)=O)cc2)c(CC(=O)O)cc1Br,Nc1cc(NC(=O)CCNS(=O)(=O)c2ccc(C=O)cc2)c(CC(=O)O)cc1Br,-4284.706904827072,0.9989309,Polyamidation,294.51429,-8.2645,-0.9546,0.38098216,0.00094421,0.30005175,0.08187462,3.899831908,-4284.406853077072,-4284.324978457073,7.3099,ORCA,QC,"opt+freq: b3lyp/def2-TZVP em=gd3bj
energy: wB97M-V/ma-def2-TZVP"
483,OMG_polymer_95487,O=C(O)c1ccc(C(=O)c2ccccc2C(=O)O)cc1,Nc1cc(F)cc(N)c1C(=O)O,*Nc1cc(F)cc(NC(=O)c2ccc(C(=O)c3ccccc3C(*)=O)cc2)c1C(=O)O,Nc1cc(F)cc(NC(=O)c2ccc(C(=O)c3ccccc3C=O)cc2)c1C(=O)O,-1433.005296801739,0.99826247,Polyamidation,309.37782,-8.4656,-0.7627,0.35722695,0.00094421,0.27852013,0.07965103,3.285699134,-1432.726776671739,-1432.647125641739,7.702900000000001,ORCA,QC,"opt+freq: b3lyp/def2-TZVP em=gd3bj
energy: wB97M-V/ma-def2-TZVP"
484,OMG_polymer_106917,O=C(O)C(Cc1cccs1)C(=O)O,Cc1cc(N)cc(C(=O)O)c1N,*Nc1cc(C)c(NC(=O)C(Cc2cccs2)C(*)=O)c(C(=O)O)c1,Cc1cc(N)cc(C(=O)O)c1NC(=O)C(C=O)Cc1cccs1,-1428.012716118804,0.9988508,Polyamidation,232.04426,-8.2009,0.1645,0.3218029099999999,0.00094421,0.25062225,0.07212487,5.898022449,-1427.762093868804,-1427.689968998804,8.365400000000001,ORCA,QC,"opt+freq: b3lyp/def2-TZVP em=gd3bj
energy: wB97M-V/ma-def2-TZVP"
485,OMG_polymer_92748,O=C(O)c1nonc1C(=O)O,Nc1cccc2c(S(=O)(=O)O)ccc(N)c12,*Nc1cccc2c(S(=O)(=O)O)ccc(NC(=O)c3nonc3C(*)=O)c12,Nc1cccc2c(S(=O)(=O)O)ccc(NC(=O)c3nonc3C=O)c12,-1608.095690290262,0.9747011,Polyamidation,241.60175,-8.5869,-0.7453,0.26307952,0.00094421,0.19311579,0.07090795,3.17752357,-1607.902574500262,-1607.831666560262,7.8416,ORCA,QC,"opt+freq: b3lyp/def2-TZVP em=gd3bj
energy: wB97M-V/ma-def2-TZVP"
486,OMG_polymer_191667,O=C(Nc1c(C(=O)O)cccc1C(=O)O)OCc1ccccc1,Nc1nc(N)c(C(=O)O)cc1Br,*Nc1nc(NC(=O)c2cccc(C(*)=O)c2NC(=O)OCc2ccccc2)c(C(=O)O)cc1Br,Nc1nc(NC(=O)c2cccc(C=O)c2NC(=O)OCc2ccccc2)c(C(=O)O)cc1Br,-4093.156011901384,0.9959378,Polyamidation,337.84091,-8.5556,0.0097,0.3979847,0.00094421,0.31205393,0.08687498,3.52973441,-4092.843957971384,-4092.757082991384,8.5653,ORCA,QC,"opt+freq: b3lyp/def2-TZVP em=gd3bj
energy: wB97M-V/ma-def2-TZVP"
487,OMG_polymer_146575,O=C(O)c1cccc(Br)c1C(=O)O,Nc1cc(N)cc(C(=O)O)c1,*Nc1cc(NC(=O)c2cccc(Br)c2C(*)=O)cc(C(=O)O)c1,Nc1cc(NC(=O)c2cccc(Br)c2C=O)cc(C(=O)O)c1,-3562.744585302482,0.9991943,Polyamidation,237.1526,-8.4623,-0.1835,0.25834978,0.00094421,0.19093063,0.06836336,4.766271897,-3562.553654672482,-3562.485291312482,8.2788,ORCA,QC,"opt+freq: b3lyp/def2-TZVP em=gd3bj
energy: wB97M-V/ma-def2-TZVP"
488,OMG_polymer_180627,CC1=C(C)CC(C(=O)O)C(C(=O)O)C1,Nc1cc(S(=O)(=O)O)c(N)cc1S(=O)(=O)O,*Nc1cc(S(=O)(=O)O)c(NC(=O)C2CC(C)=C(C)CC2C(*)=O)cc1S(=O)(=O)O,CC1=C(C)CC(C(=O)Nc2cc(S(=O)(=O)O)c(N)cc2S(=O)(=O)O)C(C=O)C1,-2129.520676575051,0.7102767,Polyamidation,271.23168,-8.631,-0.3547,0.39329964,0.00094421,0.30942547,0.08481838,6.284232327,-2129.211251105051,-2129.126432725051,8.2763,ORCA,QC,"opt+freq: b3lyp/def2-TZVP em=gd3bj
energy: wB97M-V/ma-def2-TZVP"
489,OMG_polymer_84635,O=C(O)c1ccc2ccc3ccc(C(=O)O)nc3c2n1,Nc1cc(Cl)cc(N)c1C(=O)O,*Nc1cc(Cl)cc(NC(=O)c2ccc3ccc4ccc(C(*)=O)nc4c3n2)c1C(=O)O,Nc1cc(Cl)cc(NC(=O)c2ccc3ccc4ccc(C=O)nc4c3n2)c1C(=O)O,-1788.341708053276,0.97275317,Polyamidation,327.78484,-7.8512,-1.2293,0.33347935,0.00094421,0.25886621,0.07555735,10.264868489,-1788.082841843276,-1788.007284493276,6.6219,ORCA,QC,"opt+freq: b3lyp/def2-TZVP em=gd3bj
energy: wB97M-V/ma-def2-TZVP"
490,OMG_polymer_59690,O=C(O)c1ccc(-c2ccc(-c3ccc(-c4ccc(C(=O)O)cc4)cc3)cc2)cc1,Nc1cc(C(=O)O)c(N)cc1F,*Nc1cc(C(=O)O)c(NC(=O)c2ccc(-c3ccc(-c4ccc(-c5ccc(C(*)=O)cc5)cc4)cc3)cc2)cc1F,Nc1cc(C(=O)O)c(NC(=O)c2ccc(-c3ccc(-c4ccc(-c5ccc(C=O)cc5)cc4)cc3)cc2)cc1F,-1781.766832100988,0.9511422,Polyamidation,488.90738,-8.0464,-0.3925,0.5167436599999999,0.00094421,0.422883,0.09480487,6.553848405,-1781.343949100988,-1781.249144230988,7.6539,ORCA,QC,"opt+freq: b3lyp/def2-TZVP em=gd3bj
energy: wB97M-V/ma-def2-TZVP"
491,OMG_polymer_81653,CSc1ccccc1C(CC(=O)O)C(=O)O,N#Cc1ccc(N)c(N)c1C(=O)O,*Nc1ccc(C#N)c(C(=O)O)c1NC(=O)CC(C(*)=O)c1ccccc1SC,CSc1ccccc1C(C=O)CC(=O)Nc1c(N)ccc(C#N)c1C(=O)O,-1597.687272315023,0.9853984,Polyamidation,280.3148,-8.5959,0.0363,0.35901023,0.00094421,0.28031634,0.0796381,11.554674452,-1597.406955975023,-1597.327317875023,8.632200000000001,ORCA,QC,"opt+freq: b3lyp/def2-TZVP em=gd3bj
energy: wB97M-V/ma-def2-TZVP"
492,OMG_polymer_72417,O=C(O)c1ccnc(C(=O)O)c1,NC(N)=NCCC(=O)O,*NC(=NCCC(=O)O)NC(=O)c1ccnc(C(*)=O)c1,NC(=NCCC(=O)O)NC(=O)c1ccnc(C=O)c1,-946.394340717473,0.9510968,Polyamidation,175.2463,-9.6875,-0.5031,0.25299144,0.00094421,0.18892489,0.06501076,5.605988118,-946.2054158274731,-946.1404050674731,9.1844,ORCA,QC,"opt+freq: b3lyp/def2-TZVP em=gd3bj
energy: wB97M-V/ma-def2-TZVP"
493,OMG_polymer_145778,O=C(O)CNc1ccc(NCC(=O)O)cc1,COc1ccc(N)c(C(=O)O)c1N,*Nc1ccc(OC)c(NC(=O)CNc2ccc(NCC(*)=O)cc2)c1C(=O)O,COc1ccc(N)c(C(=O)O)c1NC(=O)CNc1ccc(NCC=O)cc1,-1293.168192523505,0.99964297,Polyamidation,262.89284,-7.409,0.2371,0.39761145,0.00094421,0.3187108,0.07984486,5.243329331,-1292.849481723505,-1292.769636863505,7.6461,ORCA,QC,"opt+freq: b3lyp/def2-TZVP em=gd3bj
energy: wB97M-V/ma-def2-TZVP"
494,OMG_polymer_107809,CCC(=O)c1c(C(=O)O)cccc1C(=O)O,Nc1cc(S(=O)(=O)O)c(N)c(S(=O)(=O)O)c1,*Nc1cc(S(=O)(=O)O)c(NC(=O)c2cccc(C(*)=O)c2C(=O)CC)c(S(=O)(=O)O)c1,CCC(=O)c1c(C=O)cccc1C(=O)Nc1c(S(=O)(=O)O)cc(N)cc1S(=O)(=O)O,-2240.474244778928,0.9177829,Polyamidation,286.82405,-9.1774,-0.3112,0.35840812,0.00094421,0.27358769,0.08576465,11.792008544,-2240.200657088928,-2240.114892448928,8.866200000000001,ORCA,QC,"opt+freq: b3lyp/def2-TZVP em=gd3bj
energy: wB97M-V/ma-def2-TZVP"
495,OMG_polymer_205338,CC(C)(C)OC(=O)NC(CCSCC(NC(=O)OC(C)(C)C)C(=O)O)C(=O)O,N#Cc1ccc(N)c(N)c1C(=O)O,*Nc1ccc(C#N)c(C(=O)O)c1NC(=O)C(CSCCC(NC(=O)OC(C)(C)C)C(*)=O)NC(=O)OC(C)(C)C,CC(C)(C)OC(=O)NC(C=O)CCSCC(NC(=O)OC(C)(C)C)C(=O)Nc1c(N)ccc(C#N)c1C(=O)O,-2247.662325251973,0.7475238,Polyamidation,375.14583,-8.692,-0.2209,0.6407705699999999,0.00094421,0.53099659,0.11071819,2.605054095,-2247.131328661973,-2247.020610471973,8.4711,ORCA,QC,"opt+freq: b3lyp/def2-TZVP em=gd3bj
energy: wB97M-V/ma-def2-TZVP"
496,OMG_polymer_178957,CC(=O)Nc1ccc(S(=O)(=O)Nc2cc(C(=O)O)cc(C(=O)O)c2)cc1,Nc1cc(Br)cc(C(=O)O)c1N,*Nc1cc(Br)cc(C(=O)O)c1NC(=O)c1cc(NS(=O)(=O)c2ccc(NC(C)=O)cc2)cc(C(*)=O)c1,CC(=O)Nc1ccc(S(=O)(=O)Nc2cc(C=O)cc(C(=O)Nc3c(N)cc(Br)cc3C(=O)O)c2)cc1,-4605.875582462894,0.9537728,Polyamidation,373.16063,-8.4323,-0.3179,0.43585004,0.00094421,0.34361764,0.09317661,7.933854884,-4605.531964822894,-4605.438788212894,8.1144,ORCA,QC,"opt+freq: b3lyp/def2-TZVP em=gd3bj
energy: wB97M-V/ma-def2-TZVP"
497,OMG_polymer_184001,O=C(O)c1ccc(CNCc2ccc(C(=O)O)o2)o1,COc1c(N)cc(C(=O)O)cc1N,*Nc1cc(C(=O)O)cc(NC(=O)c2ccc(CNCc3ccc(C(*)=O)o3)o2)c1OC,COc1c(N)cc(C(=O)O)cc1NC(=O)c1ccc(CNCc2ccc(C=O)o2)o1,-1464.487651067065,0.9961004,Polyamidation,293.26548,-8.2946,-0.1234,0.40398812,0.00094421,0.32104174,0.08389059,8.297961968,-1464.166609327065,-1464.082718737065,8.1712,ORCA,QC,"opt+freq: b3lyp/def2-TZVP em=gd3bj
energy: wB97M-V/ma-def2-TZVP"
498,OMG_polymer_183266,O=C(O)CC(F)(F)CC(=O)O,Nc1cc(N)c(CC(=O)O)cc1Cl,*Nc1cc(NC(=O)CC(F)(F)CC(*)=O)c(CC(=O)O)cc1Cl,Nc1cc(NC(=O)CC(F)(F)CC=O)c(CC(=O)O)cc1Cl,-1573.65530791897,0.9989287,Polyamidation,203.12364,-8.3652,0.1028,0.27781332,0.00094421,0.20651621,0.07224132,2.329920898,-1573.44879170897,-1573.37655038897,8.468,ORCA,QC,"opt+freq: b3lyp/def2-TZVP em=gd3bj
energy: wB97M-V/ma-def2-TZVP"
499,OMG_polymer_99231,O=C(O)c1ccc(F)cc1C(=O)O,Nc1cc(N)c(C(=O)O)cc1Br,*Nc1cc(NC(=O)c2ccc(F)cc2C(*)=O)c(C(=O)O)cc1Br,Nc1cc(NC(=O)c2ccc(F)cc2C=O)c(C(=O)O)cc1Br,-3662.033175531349,0.9991573,Polyamidation,242.11883,-8.6588,-0.2962,0.25159688,0.00094421,0.18293081,0.06961028,4.775224801,-3661.850244721349,-3661.780634441349,8.362599999999999,ORCA,QC,"opt+freq: b3lyp/def2-TZVP em=gd3bj
energy: wB97M-V/ma-def2-TZVP"
500,OMG_polymer_9555,Cc1ccc(C(CC(=O)O)CC(=O)O)c(C)c1,Nc1cccc2c(S(=O)(=O)O)ccc(N)c12,*Nc1cccc2c(S(=O)(=O)O)ccc(NC(=O)CC(CC(*)=O)c3ccc(C)cc3C)c12,Cc1ccc(C(CC=O)CC(=O)Nc2ccc(S(=O)(=O)O)c3cccc(N)c23)c(C)c1,0.0,0.9979966,Polyamidation,0.0,0.0,0.0,0.46704169,0.00094421,0.38278416,0.08520174,6.217023206,0.38278416,0.4679859,0.0,ORCA,QC,"opt+freq: b3lyp/def2-TZVP em=gd3bj
energy: wB97M-V/ma-def2-TZVP"
501,OMG_polymer_134096,CCC(=O)N(CC(=O)O)CC(=O)O,Nc1nc(N)c(C(=O)O)cc1Br,*Nc1nc(NC(=O)CN(CC(*)=O)C(=O)CC)c(C(=O)O)cc1Br,CCC(=O)N(CC=O)CC(=O)Nc1nc(N)c(Br)cc1C(=O)O,-3673.697834704596,0.9964134,Polyamidation,230.17532,-8.6824,0.13,0.30977334,0.00094421,0.23434531,0.07637224,4.175286809,-3673.463489394596,-3673.387117154596,8.8124,ORCA,QC,"opt+freq: b3lyp/def2-TZVP em=gd3bj
energy: wB97M-V/ma-def2-TZVP"
502,OMG_polymer_131353,O=C(O)CN(CC(=O)O)N=Cc1ccc(OCc2ccccc2)cc1,N#Cc1cc(C(=O)O)c(N)cc1N,*Nc1cc(NC(=O)CN(CC(*)=O)N=Cc2ccc(OCc3ccccc3)cc2)c(C#N)cc1C(=O)O,N#Cc1cc(C(=O)O)c(N)cc1NC(=O)CN(CC=O)N=Cc1ccc(OCc2ccccc2)cc1,-1654.568300784659,0.9564718,Polyamidation,352.27855,-8.5138,0.0314,0.48909234,0.00094421,0.39813449,0.09190207,5.728823114,-1654.170166294659,-1654.078264234659,8.5452,ORCA,QC,"opt+freq: b3lyp/def2-TZVP em=gd3bj
energy: wB97M-V/ma-def2-TZVP"
503,OMG_polymer_21798,O=C(O)C(F)(F)C(F)(F)C(=O)O,Nc1ccc(F)c(C(=O)O)c1N,*Nc1ccc(F)c(C(=O)O)c1NC(=O)C(F)(F)C(F)(F)C(*)=O,Nc1ccc(F)c(C(=O)O)c1NC(=O)C(F)(F)C(F)(F)C=O,-1333.218700289437,0.9975656,Polyamidation,163.17704,-8.8166,-0.1226,0.20434959,0.00094421,0.13747172,0.06782209,3.268514996,-1333.081228569437,-1333.013406489437,8.693999999999999,ORCA,QC,"opt+freq: b3lyp/def2-TZVP em=gd3bj
energy: wB97M-V/ma-def2-TZVP"
504,OMG_polymer_39435,O=C(O)c1cc(F)ccc1-c1ccc(F)cc1C(=O)O,Cc1c(N)cc(C(=O)O)cc1N,*Nc1cc(C(=O)O)cc(NC(=O)c2cc(F)ccc2-c2ccc(F)cc2C(*)=O)c1C,Cc1c(N)cc(C(=O)O)cc1NC(=O)c1cc(F)ccc1-c1ccc(F)cc1C=O,-1458.227545843303,0.9975466,Polyamidation,287.62139,-8.3591,-0.5629,0.36748049,0.00094421,0.28798232,0.08044239,8.099976785,-1457.939563523303,-1457.859121143303,7.7962,ORCA,QC,"opt+freq: b3lyp/def2-TZVP em=gd3bj
energy: wB97M-V/ma-def2-TZVP"
505,OMG_polymer_97840,Cc1cc(C)c(C(=O)O)cc1C(=O)O,Cc1ccc(N)c(C(=O)O)c1N,*Nc1ccc(C)c(NC(=O)c2cc(C(*)=O)c(C)cc2C)c1C(=O)O,Cc1cc(C)c(C(=O)Nc2c(C)ccc(N)c2C(=O)O)cc1C=O,-1107.256250255817,0.9986853,Polyamidation,251.38266,-7.9512,-0.1374,0.35479642,0.00094421,0.28259841,0.07314222,3.749192961,-1106.973651845817,-1106.900509625817,7.8138,ORCA,QC,"opt+freq: b3lyp/def2-TZVP em=gd3bj
energy: wB97M-V/ma-def2-TZVP"
506,OMG_polymer_185896,O=C(O)c1sc(C(=O)O)c2c1OCCO2,Nc1cc(N)c(C(=O)O)cc1F,*Nc1cc(NC(=O)c2sc(C(*)=O)c3c2OCCO3)c(C(=O)O)cc1F,Nc1cc(NC(=O)c2sc(C=O)c3c2OCCO3)c(C(=O)O)cc1F,-1637.246814051711,0.9982039,Polyamidation,253.06565,-8.4674,-0.3954,0.27469098,0.00094421,0.20368834,0.07194686,4.001035366,-1637.043125711711,-1636.971178861711,8.072,ORCA,QC,"opt+freq: b3lyp/def2-TZVP em=gd3bj
energy: wB97M-V/ma-def2-TZVP"
507,OMG_polymer_32416,O=C(O)c1ccccc1NN=Cc1ccc(C=NNc2ccccc2C(=O)O)cc1,Nc1ccc(S(=O)(=O)O)c(N)c1,*Nc1ccc(S(=O)(=O)O)c(NC(=O)c2ccccc2NN=Cc2ccc(C=NNc3ccccc3C(*)=O)cc2)c1,Nc1ccc(S(=O)(=O)O)c(NC(=O)c2ccccc2NN=Cc2ccc(C=NNc3ccccc3C=O)cc2)c1,-2184.300523018371,0.8168816,Polyamidation,465.06475,-7.6987,-0.2644,0.52333065,0.00094421,0.42514651,0.09912836,6.760172382,-2183.875376508371,-2183.776248158371,7.434299999999999,ORCA,QC,"opt+freq: b3lyp/def2-TZVP em=gd3bj
energy: wB97M-V/ma-def2-TZVP"
508,OMG_polymer_106042,Cc1c(C(=O)O)cccc1C(=O)O,Nc1cccc(N)c1C(=O)O,*Nc1cccc(NC(=O)c2cccc(C(*)=O)c2C)c1C(=O)O,Cc1c(C=O)cccc1C(=O)Nc1cccc(N)c1C(=O)O,-1028.640985933652,0.99944717,Polyamidation,229.26994,-8.1725,-0.1847,0.29672522,0.00094421,0.22996371,0.06770572,4.583932432,-1028.411022223652,-1028.343316503652,7.987799999999999,ORCA,QC,"opt+freq: b3lyp/def2-TZVP em=gd3bj
energy: wB97M-V/ma-def2-TZVP"
509,OMG_polymer_94163,Cc1oc(C)c(C(=O)O)c1C(=O)O,Nc1cnc(C(=O)O)cc1N,*Nc1cnc(C(=O)O)cc1NC(=O)c1c(C)oc(C)c1C(*)=O,Cc1oc(C)c(C(=O)Nc2cc(C(=O)O)ncc2N)c1C=O,-1081.809224678491,0.9979888,Polyamidation,210.20968,-9.0081,-0.1029,0.28311562,0.00094421,0.21418101,0.06987882,7.932052913,-1081.595043668491,-1081.525164848491,8.9052,ORCA,QC,"opt+freq: b3lyp/def2-TZVP em=gd3bj
energy: wB97M-V/ma-def2-TZVP"
510,OMG_polymer_136374,O=C(O)Cc1ccc(-c2ccc(CC(=O)O)cc2)cc1,Cc1cc(N)c(N)c(C(=O)O)c1,*Nc1cc(C)cc(C(=O)O)c1NC(=O)Cc1ccc(-c2ccc(CC(*)=O)cc2)cc1,Cc1cc(N)c(NC(=O)Cc2ccc(-c3ccc(CC=O)cc3)cc2)c(C(=O)O)c1,0.0,0.9993475,Polyamidation,0.0,0.0,0.0,0.0,0.0,0.0,0.0,0.0,0.0,0.0,0.0,ORCA,QC,"opt+freq: b3lyp/def2-TZVP em=gd3bj
energy: wB97M-V/ma-def2-TZVP"
511,OMG_polymer_178774,O=C(O)c1cc(NS(=O)(=O)c2ccccc2)cc(C(=O)O)c1,Nc1cc(C(=O)O)cc(N)c1C(F)(F)F,*Nc1cc(C(=O)O)cc(NC(=O)c2cc(NS(=O)(=O)c3ccccc3)cc(C(*)=O)c2)c1C(F)(F)F,Nc1cc(C(=O)O)cc(NC(=O)c2cc(C=O)cc(NS(=O)(=O)c3ccccc3)c2)c1C(F)(F)F,-2161.529884127366,0.9509604,Polyamidation,329.6387,-8.755,-0.5212,0.39289763,0.00094421,0.30314234,0.09069949,7.387680623,-2161.226741787366,-2161.136042287366,8.2338,ORCA,QC,"opt+freq: b3lyp/def2-TZVP em=gd3bj
energy: wB97M-V/ma-def2-TZVP"
512,OMG_polymer_156825,O=C(O)CC(S)C(=O)O,Nc1cc(N)cc(CCC(=O)O)c1,*Nc1cc(CCC(=O)O)cc(NC(=O)CC(S)C(*)=O)c1,Nc1cc(CCC(=O)O)cc(NC(=O)CC(S)C=O)c1,-1313.686725937412,0.8171736,Polyamidation,209.50872,-8.1931,0.0522,0.30135025,0.00094421,0.23170731,0.07058715,5.828345004,-1313.455018627412,-1313.384431477412,8.245299999999999,ORCA,QC,"opt+freq: b3lyp/def2-TZVP em=gd3bj
energy: wB97M-V/ma-def2-TZVP"
513,OMG_polymer_109000,O=C(O)c1cccc(C(=O)O)c1C(=O)CCCl,Nc1ccc(C(=O)O)c(Br)c1N,*Nc1ccc(C(=O)O)c(Br)c1NC(=O)c1cccc(C(*)=O)c1C(=O)CCCl,Nc1ccc(C(=O)O)c(Br)c1NC(=O)c1cccc(C=O)c1C(=O)CCCl,-4214.306664197177,0.99789655,Polyamidation,288.28987,-8.8124,-0.6614,0.64322793,0.00094421,0.2413434,0.08121761,5.676435635,-4214.065320797177,-4213.662492057178,8.151,ORCA,QC,"opt+freq: b3lyp/def2-TZVP em=gd3bj
energy: wB97M-V/ma-def2-TZVP"
514,OMG_polymer_20209,O=C(O)c1ccc(C(=O)O)c2ccccc12,Nc1ccc(F)c(C(=O)O)c1N,*Nc1ccc(F)c(C(=O)O)c1NC(=O)c1ccc(C(*)=O)c2ccccc12,Nc1ccc(F)c(C(=O)O)c1NC(=O)c1ccc(C=O)c2ccccc12,-1242.09238452264,0.99720997,Polyamidation,251.62824,-8.3433,-1.2923,0.30605294,0.00094421,0.23452422,0.07247293,2.990729682,-1241.85786030264,-1241.78538737264,7.050999999999999,ORCA,QC,"opt+freq: b3lyp/def2-TZVP em=gd3bj
energy: wB97M-V/ma-def2-TZVP"
515,OMG_polymer_192904,O=C(O)CC(CC(=O)O)NC(=O)OCc1ccccc1,Nc1ccc(Br)c(N)c1C(=O)O,*Nc1ccc(Br)c(NC(=O)CC(CC(*)=O)NC(=O)OCc2ccccc2)c1C(=O)O,Nc1ccc(Br)c(NC(=O)CC(CC=O)NC(=O)OCc2ccccc2)c1C(=O)O,0.0,0.99675864,Polyamidation,0.0,0.0,0.0,0.0,0.0,0.0,0.0,0.0,0.0,0.0,0.0,ORCA,QC,"opt+freq: b3lyp/def2-TZVP em=gd3bj
energy: wB97M-V/ma-def2-TZVP"
516,OMG_polymer_40770,COc1ccc(C(=O)NN(CC(=O)O)CC(=O)O)cc1,N#Cc1c(N)cc(C(=O)O)cc1N,*Nc1cc(C(=O)O)cc(NC(=O)CN(CC(*)=O)NC(=O)c2ccc(OC)cc2)c1C#N,COc1ccc(C(=O)NN(CC=O)CC(=O)Nc2cc(C(=O)O)cc(N)c2C#N)cc1,-1498.787724120363,0.9994,Polyamidation,288.23944,-8.4533,-0.1607,0.40930732,0.00094421,0.32529877,0.08495276,4.667045175,-1498.462425350363,-1498.377472590363,8.2926,ORCA,QC,"opt+freq: b3lyp/def2-TZVP em=gd3bj
energy: wB97M-V/ma-def2-TZVP"
517,OMG_polymer_92382,CCOc1ccc(N(CC(=O)O)CC(=O)O)cc1,Nc1ccc(C(=O)O)cc1S(N)(=O)=O,*Nc1ccc(C(=O)O)cc1S(=O)(=O)NC(=O)CN(CC(*)=O)c1ccc(OCC)cc1,CCOc1ccc(N(CC=O)CC(=O)NS(=O)(=O)c2cc(C(=O)O)ccc2N)cc1,-1825.785407792418,0.9997131,Polyamidation,283.41245,-7.8822,0.2669,0.42293092,0.00094421,0.33904579,0.08482934,3.171826612,-1825.446362002418,-1825.361532662418,8.1491,ORCA,QC,"opt+freq: b3lyp/def2-TZVP em=gd3bj
energy: wB97M-V/ma-def2-TZVP"
518,OMG_polymer_91667,O=C(O)c1cc(Oc2c(F)c(F)c(F)c(F)c2F)cc(C(=O)O)c1,COc1c(N)cc(C(=O)O)cc1N,*Nc1cc(C(=O)O)cc(NC(=O)c2cc(Oc3c(F)c(F)c(F)c(F)c3F)cc(C(*)=O)c2)c1OC,COc1c(N)cc(C(=O)O)cc1NC(=O)c1cc(C=O)cc(Oc2c(F)c(F)c(F)c(F)c2F)c1,-1906.44535428609,0.9451974,Polyamidation,311.70153,-8.5823,-0.5939,0.7123650300000001,0.00094421,0.26735762,0.08928974,4.833823801,-1906.17799666609,-1905.73204504609,7.9884,ORCA,QC,"opt+freq: b3lyp/def2-TZVP em=gd3bj
energy: wB97M-V/ma-def2-TZVP"
519,OMG_polymer_111127,N#Cc1ccccc1C(CC(=O)O)CC(=O)O,Nc1ccc(CC(N)C(=O)O)cc1,*Nc1ccc(CC(NC(=O)CC(CC(*)=O)c2ccccc2C#N)C(=O)O)cc1,N#Cc1ccccc1C(CC=O)CC(=O)NC(Cc1ccc(N)cc1)C(=O)O,-1278.116439936879,0.99803144,Polyamidation,275.08894,-8.4542,0.0408,0.41625263,0.00094421,0.3354908,0.08170604,4.399067841,-1277.780949136879,-1277.699243096879,8.495000000000001,ORCA,QC,"opt+freq: b3lyp/def2-TZVP em=gd3bj
energy: wB97M-V/ma-def2-TZVP"
520,OMG_polymer_60657,O=C(O)CC(OC(=O)c1ccccc1)C(=O)O,N#Cc1cc(N)c(C(=O)O)cc1N,*Nc1cc(C#N)c(NC(=O)CC(OC(=O)c2ccccc2)C(*)=O)cc1C(=O)O,N#Cc1cc(N)c(C(=O)O)cc1NC(=O)CC(C=O)OC(=O)c1ccccc1,-1348.806405098427,0.9936241,Polyamidation,271.29822,-8.3907,-0.5766,0.3441668,0.00094421,0.26500836,0.08010265,7.908512637,-1348.541396738427,-1348.461294088427,7.814100000000001,ORCA,QC,"opt+freq: b3lyp/def2-TZVP em=gd3bj
energy: wB97M-V/ma-def2-TZVP"
521,OMG_polymer_7018,O=C(O)C(C(=O)O)C1CCOC1,Nc1cc(Cl)cc(N)c1C(=O)O,*Nc1cc(Cl)cc(NC(=O)C(C(*)=O)C2CCOC2)c1C(=O)O,Nc1cc(Cl)cc(NC(=O)C(C=O)C2CCOC2)c1C(=O)O,-1488.441776473698,0.996682,Polyamidation,216.69031,-8.4789,0.0821,0.30544043,0.00094421,0.23702599,0.06935865,4.158993025,-1488.204750483698,-1488.135391833698,8.561,ORCA,QC,"opt+freq: b3lyp/def2-TZVP em=gd3bj
energy: wB97M-V/ma-def2-TZVP"
522,OMG_polymer_147274,CC1=CCC(C(=O)O)C(C(=O)O)C1,Nc1ccc(S(=O)(=O)O)cc1N,*Nc1ccc(S(=O)(=O)O)cc1NC(=O)C1CC=C(C)CC1C(*)=O,CC1=CCC(C(=O)Nc2cc(S(=O)(=O)O)ccc2N)C(C=O)C1,-1466.304833804269,0.9811669,Polyamidation,224.62122,-8.8346,-0.1503,0.34450821,0.00094421,0.27287133,0.0725811,9.43608259,-1466.031962474269,-1465.959381384269,8.6843,ORCA,QC,"opt+freq: b3lyp/def2-TZVP em=gd3bj
energy: wB97M-V/ma-def2-TZVP"
523,OMG_polymer_173548,O=C(O)COCC(=O)Nc1ccccc1C(=O)O,Nc1cc(CC(=O)O)c(N)cc1Cl,*Nc1cc(CC(=O)O)c(NC(=O)COCC(=O)Nc2ccccc2C(*)=O)cc1Cl,Nc1cc(CC(=O)O)c(NC(=O)COCC(=O)Nc2ccccc2C=O)cc1Cl,-1810.806270495748,0.9993845,Polyamidation,0.46575,-8.1405,0.0813,0.38471761,0.00094421,0.30501163,0.08065019,4.295572681,-1810.501258865748,-1810.420608675748,8.2218,ORCA,QC,"opt+freq: b3lyp/def2-TZVP em=gd3bj
energy: wB97M-V/ma-def2-TZVP"
524,OMG_polymer_140799,O=C(O)c1ccc(C(=O)O)c(Cl)c1,Nc1cc(F)c(C(=O)O)cc1N,*Nc1cc(F)c(C(=O)O)cc1NC(=O)c1ccc(C(*)=O)c(Cl)c1,Nc1cc(F)c(C(=O)O)cc1NC(=O)c1ccc(C=O)c(Cl)c1,-1548.200326932918,0.9990452,Polyamidation,232.88323,-8.7022,-0.9139,0.25196846,0.00094421,0.18462958,0.06828309,2.416492803,-1548.015697352918,-1547.947414262918,7.7883,ORCA,QC,"opt+freq: b3lyp/def2-TZVP em=gd3bj
energy: wB97M-V/ma-def2-TZVP"
525,OMG_polymer_10081,O=C(O)CC(CC(=O)O)c1ccc[nH]1,Nc1cc(C(F)(F)F)cc(N)c1C(=O)O,*Nc1cc(C(F)(F)F)cc(NC(=O)CC(CC(*)=O)c2ccc[nH]2)c1C(=O)O,Nc1cc(C(F)(F)F)cc(NC(=O)CC(CC=O)c2ccc[nH]2)c1C(=O)O,-1422.322298946853,0.9933717,Polyamidation,243.15258,-8.2858,-0.4781,0.34614784,0.00094421,0.26689945,0.08019261,8.564351581,-1422.055399496853,-1421.975206896853,7.8077,ORCA,QC,"opt+freq: b3lyp/def2-TZVP em=gd3bj
energy: wB97M-V/ma-def2-TZVP"
526,OMG_polymer_183134,COc1ccc(C(SCC(=O)O)SCC(=O)O)cc1,Nc1cc(N)c(S(=O)(=O)O)cc1S(=O)(=O)O,*Nc1cc(NC(=O)CSC(SCC(*)=O)c2ccc(OC)cc2)c(S(=O)(=O)O)cc1S(=O)(=O)O,COc1ccc(C(SCC=O)SCC(=O)Nc2cc(N)c(S(=O)(=O)O)cc2S(=O)(=O)O)cc1,0.0,0.91061497,Polyamidation,0.0,0.0,0.0,0.41791196,0.00094421,0.32382311,0.09503307,4.495748714,0.32382311,0.41885617,0.0,ORCA,QC,"opt+freq: b3lyp/def2-TZVP em=gd3bj
energy: wB97M-V/ma-def2-TZVP"
527,OMG_polymer_109373,CC(=O)C(Cl)c1c(C(=O)O)cccc1C(=O)O,Nc1c(C(=O)O)cc(Cl)c(F)c1N,*Nc1c(C(=O)O)cc(Cl)c(F)c1NC(=O)c1cccc(C(*)=O)c1C(Cl)C(C)=O,CC(=O)C(Cl)c1c(C=O)cccc1C(=O)Nc1c(N)c(C(=O)O)cc(Cl)c1F,-2199.754340850513,0.9901592,Polyamidation,269.52643,-8.9892,-0.4581,0.31378406,0.00094421,0.23373918,0.0809891,9.18107955,-2199.520601670513,-2199.439612580513,8.5311,ORCA,QC,"opt+freq: b3lyp/def2-TZVP em=gd3bj
energy: wB97M-V/ma-def2-TZVP"
528,OMG_polymer_202278,O=C(O)CC(NC(=O)C(Cl)Cl)C(=O)O,Cc1c(N)cc(N)c(C)c1C(=O)O,*Nc1cc(NC(=O)CC(NC(=O)C(Cl)Cl)C(*)=O)c(C)c(C(=O)O)c1C,Cc1c(N)cc(NC(=O)CC(C=O)NC(=O)C(Cl)Cl)c(C)c1C(=O)O,-2042.720097287458,0.99744415,Polyamidation,245.67808,-8.0267,0.2063,0.34330221,0.00094421,0.26382212,0.0804243,1.970093729,-2042.456275167458,-2042.375850867458,8.233,ORCA,QC,"opt+freq: b3lyp/def2-TZVP em=gd3bj
energy: wB97M-V/ma-def2-TZVP"
529,OMG_polymer_189242,O=C(O)Cc1c2ccccc2c(CC(=O)O)c2ccccc12,Nc1ccc(S(N)(=O)=O)cc1C(=O)O,*Nc1ccc(S(=O)(=O)NC(=O)Cc2c3ccccc3c(CC(*)=O)c3ccccc23)cc1C(=O)O,Nc1ccc(S(=O)(=O)NC(=O)Cc2c3ccccc3c(CC=O)c3ccccc23)cc1C(=O)O,0.0,0.97439826,Polyamidation,0.0,0.0,0.0,0.43928362,0.00094421,0.35558229,0.08464555,6.285556857,0.35558229,0.44022783,0.0,ORCA,QC,"opt+freq: b3lyp/def2-TZVP em=gd3bj
energy: wB97M-V/ma-def2-TZVP"
530,OMG_polymer_9627,Cc1ccc(C(CC(=O)O)CC(=O)O)c(C)c1,Nc1ccc(C(=O)O)cc1N,*Nc1ccc(C(=O)O)cc1NC(=O)CC(CC(*)=O)c1ccc(C)cc1C,Cc1ccc(C(CC=O)CC(=O)Nc2cc(C(=O)O)ccc2N)c(C)c1,-1185.863020933426,0.9986142,Polyamidation,257.53432,-8.4549,0.0431,1.24373873,0.00094421,0.33798336,0.07723195,4.426970186,-1185.525037573426,-1184.618337993426,8.498000000000001,ORCA,QC,"opt+freq: b3lyp/def2-TZVP em=gd3bj
energy: wB97M-V/ma-def2-TZVP"
531,OMG_polymer_108458,O=C(O)c1cc(C(=O)O)cc(C(=O)CCBr)c1,Nc1cc(N)c(C(=O)O)nc1Cl,*Nc1cc(NC(=O)c2cc(C(*)=O)cc(C(=O)CCBr)c2)c(C(=O)O)nc1Cl,Nc1cc(NC(=O)c2cc(C=O)cc(C(=O)CCBr)c2)c(C(=O)O)nc1Cl,-4230.365395529592,0.99796116,Polyamidation,294.7387,-8.8871,-0.7956,0.9274318899999999,0.00094421,0.22904615,0.0803705,3.391488319,-4230.136349379593,-4229.437019429593,8.0915,ORCA,QC,"opt+freq: b3lyp/def2-TZVP em=gd3bj
energy: wB97M-V/ma-def2-TZVP"
532,OMG_polymer_202668,O=C(O)CC(NC(=O)Oc1ccccc1)C(=O)O,Nc1cc(C(=O)O)cc(N)c1Cl,*Nc1cc(C(=O)O)cc(NC(=O)CC(NC(=O)Oc2ccccc2)C(*)=O)c1Cl,Nc1cc(C(=O)O)cc(NC(=O)CC(C=O)NC(=O)Oc2ccccc2)c1Cl,-1771.519227840528,0.9985104,Polyamidation,260.52844,-8.5498,0.0456,0.35380763,0.00094421,0.27496837,0.07978346,7.046413199,-1771.244259470528,-1771.164476000528,8.5954,ORCA,QC,"opt+freq: b3lyp/def2-TZVP em=gd3bj
energy: wB97M-V/ma-def2-TZVP"
533,OMG_polymer_59416,COc1cccc(C(C(=O)O)C(=O)O)c1,Nc1cc(Br)c(N)c(C(=O)O)c1,*Nc1cc(Br)c(NC(=O)C(C(*)=O)c2cccc(OC)c2)c(C(=O)O)c1,COc1cccc(C(C=O)C(=O)Nc2c(Br)cc(N)cc2C(=O)O)c1,-3716.577619991043,0.9995435,Polyamidation,253.70322,-8.5242,0.162,0.32272184,0.00094421,0.24782178,0.07584427,6.228788062,-3716.329798211043,-3716.253953941043,8.686200000000001,ORCA,QC,"opt+freq: b3lyp/def2-TZVP em=gd3bj
energy: wB97M-V/ma-def2-TZVP"
534,OMG_polymer_11111,O=C(O)CC(CC(=O)O)c1ncccc1Br,Cc1ccc(N)c(N)c1C(=O)O,*Nc1ccc(C)c(C(=O)O)c1NC(=O)CC(CC(*)=O)c1ncccc1Br,Cc1ccc(N)c(NC(=O)CC(CC=O)c2ncccc2Br)c1C(=O)O,-3736.028881432258,0.9971439,Polyamidation,263.6318,-7.9967,0.258,0.36511648,0.00094421,0.28887055,0.07719014,3.601605077,-3735.740010882258,-3735.662820742258,8.2547,ORCA,QC,"opt+freq: b3lyp/def2-TZVP em=gd3bj
energy: wB97M-V/ma-def2-TZVP"
535,OMG_polymer_27079,CN(CC(=O)O)c1ccccc1C(=O)O,Cc1c(N)ccc(C(=O)O)c1N,*Nc1ccc(C(=O)O)c(NC(=O)CN(C)c2ccccc2C(*)=O)c1C,Cc1c(N)ccc(C(=O)O)c1NC(=O)CN(C)c1ccccc1C=O,-1162.595263763774,0.99944717,Polyamidation,261.24946,-8.2693,0.1797,0.37385377,0.00094421,0.30001896,0.07477901,6.039912061,-1162.295244803774,-1162.220465783774,8.449,ORCA,QC,"opt+freq: b3lyp/def2-TZVP em=gd3bj
energy: wB97M-V/ma-def2-TZVP"
536,OMG_polymer_92316,Cc1cc(C)c(S(=O)(=O)N(CC(=O)O)CC(=O)O)c(C)c1,N#Cc1c(N)ccc(N)c1C(=O)O,*Nc1ccc(NC(=O)CN(CC(*)=O)S(=O)(=O)c2c(C)cc(C)cc2C)c(C(=O)O)c1C#N,Cc1cc(C)c(S(=O)(=O)N(CC=O)CC(=O)Nc2ccc(N)c(C#N)c2C(=O)O)c(C)c1,-1882.118554272925,0.98765194,Polyamidation,319.04021,-8.169,-0.2777,1.33755419,0.00094421,0.35743857,0.08873503,3.948988904,-1881.761115702925,-1880.780055872925,7.8913,ORCA,QC,"opt+freq: b3lyp/def2-TZVP em=gd3bj
energy: wB97M-V/ma-def2-TZVP"
537,OMG_polymer_156006,O=C(O)CC(Cc1ccccc1)C(=O)O,Nc1ccc2c(S(=O)(=O)O)cc(S(=O)(=O)O)cc2c1N,*Nc1ccc2c(S(=O)(=O)O)cc(S(=O)(=O)O)cc2c1NC(=O)CC(Cc1ccccc1)C(*)=O,Nc1ccc2c(S(=O)(=O)O)cc(S(=O)(=O)O)cc2c1NC(=O)CC(C=O)Cc1ccccc1,0.0,0.9183705,Polyamidation,0.0,0.0,0.0,0.42729675,0.00094421,0.33995389,0.08828707,1.251482335,0.33995389,0.42824096,0.0,ORCA,QC,"opt+freq: b3lyp/def2-TZVP em=gd3bj
energy: wB97M-V/ma-def2-TZVP"
538,OMG_polymer_108830,CC(Cl)C(=O)c1cc(C(=O)O)cc(C(=O)O)c1,Nc1cc(N)cc(C(=O)O)c1,*Nc1cc(NC(=O)c2cc(C(*)=O)cc(C(=O)C(C)Cl)c2)cc(C(=O)O)c1,CC(Cl)C(=O)c1cc(C=O)cc(C(=O)Nc2cc(N)cc(C(=O)O)c2)c1,-1640.895036623003,0.9987453,Polyamidation,271.04567,-8.4249,-0.8558,0.32973875,0.00094421,0.25315103,0.07753194,7.027058062,-1640.641885593003,-1640.564353663003,7.569099999999999,ORCA,QC,"opt+freq: b3lyp/def2-TZVP em=gd3bj
energy: wB97M-V/ma-def2-TZVP"
539,OMG_polymer_193744,O=C(O)c1cc(SC(F)(F)F)cc(C(=O)O)c1,Nc1cc(C(=O)O)cc(Br)c1N,*Nc1cc(C(=O)O)cc(Br)c1NC(=O)c1cc(SC(F)(F)F)cc(C(*)=O)c1,Nc1cc(C(=O)O)cc(Br)c1NC(=O)c1cc(C=O)cc(SC(F)(F)F)c1,-4298.068046476377,0.9994461,Polyamidation,275.22985,-8.7507,-0.763,0.26938432,0.00094421,0.19120784,0.07912069,2.431912546,-4297.876838636377,-4297.797717946377,7.9877,ORCA,QC,"opt+freq: b3lyp/def2-TZVP em=gd3bj
energy: wB97M-V/ma-def2-TZVP"
540,OMG_polymer_89748,O=C(O)CSC1(SCC(=O)O)CCCCC1,Nc1ccc(Br)c(N)c1C(=O)O,*Nc1ccc(Br)c(NC(=O)CSC2(SCC(*)=O)CCCCC2)c1C(=O)O,Nc1ccc(Br)c(NC(=O)CSC2(SCC=O)CCCCC2)c1C(=O)O,-4441.321114443977,0.9929061,Polyamidation,295.78437,-8.4496,-0.0135,0.39366817,0.00094421,0.3122193,0.08239309,7.353766267,-4441.008895143977,-4440.926502063978,8.4361,ORCA,QC,"opt+freq: b3lyp/def2-TZVP em=gd3bj
energy: wB97M-V/ma-def2-TZVP"
541,OMG_polymer_10563,O=C(O)CC(CC(=O)O)c1ccncc1Br,Nc1nc(N)c(C(=O)O)nc1Br,*Nc1nc(NC(=O)CC(CC(*)=O)c2ccncc2Br)c(C(=O)O)nc1Br,Nc1nc(NC(=O)CC(CC=O)c2ccncc2Br)c(C(=O)O)nc1Br,-6302.243193319446,0.9925103,Polyamidation,272.71027,-8.9514,-0.276,0.30295137,0.00094421,0.22451477,0.07938081,4.510376775,-6302.018678549446,-6301.939297739445,8.6754,ORCA,QC,"opt+freq: b3lyp/def2-TZVP em=gd3bj
energy: wB97M-V/ma-def2-TZVP"
542,OMG_polymer_171790,O=C(O)c1cc(Br)ccc1NC(=O)c1cc(Cl)c(Cl)cc1C(=O)O,Nc1nc(N)nc(CC(=O)O)n1,*Nc1nc(CC(=O)O)nc(NC(=O)c2cc(Br)ccc2NC(=O)c2cc(Cl)c(Cl)cc2C(*)=O)n1,Nc1nc(CC(=O)O)nc(NC(=O)c2cc(Br)ccc2NC(=O)c2cc(Cl)c(Cl)cc2C=O)n1,-4969.230821961248,0.9622497,Polyamidation,365.9401,-9.0443,-0.6854,0.35169747,0.00094421,0.26091342,0.09172826,7.969763696,-4968.969908541248,-4968.878180281248,8.3589,ORCA,QC,"opt+freq: b3lyp/def2-TZVP em=gd3bj
energy: wB97M-V/ma-def2-TZVP"
543,OMG_polymer_154008,CC(C)(C)OC(=O)NC(C)(CC(=O)O)C(=O)O,N#Cc1cc(N)c(C(=O)O)cc1N,*Nc1cc(C#N)c(NC(=O)CC(C)(NC(=O)OC(C)(C)C)C(*)=O)cc1C(=O)O,CC(C=O)(CC(=O)Nc1cc(C(=O)O)c(N)cc1C#N)NC(=O)OC(C)(C)C,-1369.672240695314,0.96562505,Polyamidation,271.1928,-8.2219,-0.4131,0.42371563,0.00094421,0.3399535,0.08470634,3.47306218,-1369.332287195314,-1369.247580855314,7.8088,ORCA,QC,"opt+freq: b3lyp/def2-TZVP em=gd3bj
energy: wB97M-V/ma-def2-TZVP"
544,OMG_polymer_59391,O=C(O)Cc1ccc(COCc2ccc(CC(=O)O)cc2)cc1,Cc1c(N)cc(C(=O)O)cc1N,*Nc1cc(C(=O)O)cc(NC(=O)Cc2ccc(COCc3ccc(CC(*)=O)cc3)cc2)c1C,Cc1c(N)cc(C(=O)O)cc1NC(=O)Cc1ccc(COCc2ccc(CC=O)cc2)cc1,0.0,0.99909604,Polyamidation,0.0,0.0,0.0,0.0,0.0,0.0,0.0,0.0,0.0,0.0,0.0,ORCA,QC,"opt+freq: b3lyp/def2-TZVP em=gd3bj
energy: wB97M-V/ma-def2-TZVP"
545,OMG_polymer_129405,CCC(CC(=O)O)CC(=O)O,Nc1c(Br)ccc(C(=O)O)c1N,*Nc1c(Br)ccc(C(=O)O)c1NC(=O)CC(CC)CC(*)=O,CCC(CC=O)CC(=O)Nc1c(C(=O)O)ccc(Br)c1N,-3528.225486549722,0.9982003,Polyamidation,221.86522,-8.5838,-0.0855,0.32203221,0.00094421,0.25137866,0.07159776,4.012197917,-3527.974107889722,-3527.902510129722,8.4983,ORCA,QC,"opt+freq: b3lyp/def2-TZVP em=gd3bj
energy: wB97M-V/ma-def2-TZVP"
546,OMG_polymer_174755,O=C(O)Cc1ccccc1Oc1ccccc1CC(=O)O,N#Cc1cc(N)c(C(=O)O)c(N)c1,*Nc1cc(C#N)cc(NC(=O)Cc2ccccc2Oc2ccccc2CC(*)=O)c1C(=O)O,N#Cc1cc(N)c(C(=O)O)c(NC(=O)Cc2ccccc2Oc2ccccc2CC=O)c1,-1466.498395303976,0.99909604,Polyamidation,319.78951,-8.5741,-0.2186,0.41747756,0.00094421,0.33668226,0.08173951,9.107799323,-1466.161713043976,-1466.079973533976,8.3555,ORCA,QC,"opt+freq: b3lyp/def2-TZVP em=gd3bj
energy: wB97M-V/ma-def2-TZVP"
547,OMG_polymer_187681,COc1nc(Oc2ccc(C(=O)O)cc2)nc(Oc2ccc(C(=O)O)cc2)n1,Nc1ccc(C(=O)O)c(N)c1Br,*Nc1ccc(C(=O)O)c(NC(=O)c2ccc(Oc3nc(OC)nc(Oc4ccc(C(*)=O)cc4)n3)cc2)c1Br,COc1nc(Oc2ccc(C=O)cc2)nc(Oc2ccc(C(=O)Nc3c(C(=O)O)ccc(N)c3Br)cc2)n1,-4338.051898724957,0.95649225,Polyamidation,389.99328,-8.5773,-0.1466,0.43880629,0.00094421,0.34198589,0.0977646,4.343191993,-4337.709912834957,-4337.612148224957,8.4307,ORCA,QC,"opt+freq: b3lyp/def2-TZVP em=gd3bj
energy: wB97M-V/ma-def2-TZVP"
548,OMG_polymer_23776,O=C(O)C1(C(=O)O)Cc2ccccc2C1,N#Cc1c(N)cc(C(=O)O)cc1N,*Nc1cc(C(=O)O)cc(NC(=O)C2(C(*)=O)Cc3ccccc3C2)c1C#N,N#Cc1c(N)cc(C(=O)O)cc1NC(=O)C1(C=O)Cc2ccccc2C1,-1198.322926592194,0.8795871,Polyamidation,256.22169,-8.7859,-0.3737,0.3330761699999999,0.00094421,0.26050657,0.0735138,2.31894905,-1198.062420022194,-1197.988906212194,8.4122,ORCA,QC,"opt+freq: b3lyp/def2-TZVP em=gd3bj
energy: wB97M-V/ma-def2-TZVP"
549,OMG_polymer_28582,O=C(O)C(F)(F)C(F)(F)C(F)(F)C(F)(F)C(=O)O,Cc1c(C(=O)O)ccc(N)c1N,*Nc1ccc(C(=O)O)c(C)c1NC(=O)C(F)(F)C(F)(F)C(F)(F)C(F)(F)C(*)=O,Cc1c(C(=O)O)ccc(N)c1NC(=O)C(F)(F)C(F)(F)C(F)(F)C(F)(F)C=O,-1748.946844459951,0.8475502,Polyamidation,204.45235,-8.7277,-0.1404,0.27110961,0.00094421,0.19086061,0.08119321,3.852412258,-1748.755983849951,-1748.674790639951,8.5873,ORCA,QC,"opt+freq: b3lyp/def2-TZVP em=gd3bj
energy: wB97M-V/ma-def2-TZVP"
550,OMG_polymer_167354,O=C(O)CN(CC(=O)O)C(=O)CCc1ccccc1,Cc1c(N)cc(C(=O)O)cc1N,*Nc1cc(C(=O)O)cc(NC(=O)CN(CC(*)=O)C(=O)CCc2ccccc2)c1C,Cc1c(N)cc(C(=O)O)cc1NC(=O)CN(CC=O)C(=O)CCc1ccccc1,-1354.586827696533,0.999529,Polyamidation,276.395,-8.3171,0.1832,0.44655945,0.00094421,0.36517928,0.08232438,5.514746456,-1354.221648416533,-1354.139324036533,8.5003,ORCA,QC,"opt+freq: b3lyp/def2-TZVP em=gd3bj
energy: wB97M-V/ma-def2-TZVP"
551,OMG_polymer_112954,O=C(O)CC(C(=O)O)c1cccc(Br)c1,Nc1cc(Br)c(N)c(C(=O)O)c1,*Nc1cc(Br)c(NC(=O)CC(C(*)=O)c2cccc(Br)c2)c(C(=O)O)c1,Nc1cc(Br)c(NC(=O)CC(C=O)c2cccc(Br)c2)c(C(=O)O)c1,-6214.777085305233,0.99933714,Polyamidation,259.95483,-8.6796,-0.0952,0.30903782,0.00094421,0.23401733,0.0759647,7.240822831,-6214.543067975233,-6214.467103275233,8.5844,ORCA,QC,"opt+freq: b3lyp/def2-TZVP em=gd3bj
energy: wB97M-V/ma-def2-TZVP"
552,OMG_polymer_126275,O=C(O)Cc1sccc1C(=O)O,Nc1nc(N)c(C(=O)O)cc1Cl,*Nc1nc(NC(=O)Cc2sccc2C(*)=O)c(C(=O)O)cc1Cl,Nc1nc(NC(=O)Cc2sccc2C=O)c(C(=O)O)cc1Cl,-1825.073106152014,0.99911517,Polyamidation,227.04636,-8.6038,-0.1872,0.24284647,0.00094421,0.17467868,0.069112,3.365759579,-1824.898427472014,-1824.829315472014,8.416599999999999,ORCA,QC,"opt+freq: b3lyp/def2-TZVP em=gd3bj
energy: wB97M-V/ma-def2-TZVP"
553,OMG_polymer_46890,CC(CSc1ncccc1C(=O)O)C(=O)O,Nc1ccc(Cl)c(N)c1C(=O)O,*Nc1ccc(Cl)c(NC(=O)c2cccnc2SCC(C)C(*)=O)c1C(=O)O,CC(C=O)CSc1ncccc1C(=O)Nc1c(Cl)ccc(N)c1C(=O)O,-1981.076992069459,0.9992706,Polyamidation,266.56696,-8.3796,0.1501,0.33802082,0.00094421,0.2613551,0.07760994,1.546471859,-1980.815636969459,-1980.738027039459,8.5297,ORCA,QC,"opt+freq: b3lyp/def2-TZVP em=gd3bj
energy: wB97M-V/ma-def2-TZVP"
554,OMG_polymer_98231,O=C(O)CCSc1sc(=S)sc1SCCC(=O)O,Cc1cc(N)c(N)c(C(=O)O)c1,*Nc1cc(C)cc(C(=O)O)c1NC(=O)CCSc1sc(=S)sc1SCCC(*)=O,Cc1cc(N)c(NC(=O)CCSc2sc(=S)sc2SCCC=O)c(C(=O)O)c1,-3060.074164286676,0.9808576,Polyamidation,332.5562,-8.0133,-0.4637,0.36381896,0.00094421,0.27855535,0.08620782,2.244189593,-3059.795608936676,-3059.709401116676,7.549599999999999,ORCA,QC,"opt+freq: b3lyp/def2-TZVP em=gd3bj
energy: wB97M-V/ma-def2-TZVP"
555,OMG_polymer_95381,O=C(O)c1cccc(C(=O)O)c1Br,Nc1ccc(N)c(C(=O)O)c1,*Nc1ccc(NC(=O)c2cccc(C(*)=O)c2Br)c(C(=O)O)c1,Nc1ccc(NC(=O)c2cccc(C=O)c2Br)c(C(=O)O)c1,-3562.74536095814,0.9993081,Polyamidation,236.08901,-8.0582,-0.417,0.25858702,0.00094421,0.19133834,0.0681929,3.041923063,-3562.55402261814,-3562.48582972814,7.6412,ORCA,QC,"opt+freq: b3lyp/def2-TZVP em=gd3bj
energy: wB97M-V/ma-def2-TZVP"
556,OMG_polymer_34853,O=C(O)C(Cc1ccccc1Br)C(=O)O,NCC(N)C(=O)O,*NCC(NC(=O)C(Cc1ccccc1Br)C(*)=O)C(=O)O,NCC(NC(=O)C(C=O)Cc1ccccc1Br)C(=O)O,-3488.909508536234,0.9962999,Polyamidation,196.30984,-9.5303,0.1488,0.29262402,0.00094421,0.22483404,0.06873419,3.546052544,-3488.684674496234,-3488.615940306234,9.6791,ORCA,QC,"opt+freq: b3lyp/def2-TZVP em=gd3bj
energy: wB97M-V/ma-def2-TZVP"
557,OMG_polymer_167538,O=C(O)CN(CC(=O)O)C(=O)Cc1ccccc1,Nc1cc(N)c(C(=O)O)cc1Br,*Nc1cc(NC(=O)CN(CC(*)=O)C(=O)Cc2ccccc2)c(C(=O)O)cc1Br,Nc1cc(NC(=O)CN(CC=O)C(=O)Cc2ccccc2)c(C(=O)O)cc1Br,-3849.398649267474,0.9992175,Polyamidation,283.24612,-8.4997,0.2332,0.37775905,0.00094421,0.29752269,0.08118057,2.149730399,-3849.101126577474,-3849.019946007474,8.7329,ORCA,QC,"opt+freq: b3lyp/def2-TZVP em=gd3bj
energy: wB97M-V/ma-def2-TZVP"
558,OMG_polymer_136014,O=C(O)CC(CC(=O)O)c1ccsc1,Nc1cc(Cl)c(S(N)(=O)=O)cc1C(=O)O,*Nc1cc(Cl)c(S(=O)(=O)NC(=O)CC(CC(*)=O)c2ccsc2)cc1C(=O)O,Nc1cc(Cl)c(S(=O)(=O)NC(=O)CC(CC=O)c2ccsc2)cc1C(=O)O,-2436.277965531584,0.99648935,Polyamidation,256.41542,-9.0626,-0.1337,0.32842065,0.00094421,0.25114408,0.07822078,3.616036631,-2436.026821451584,-2435.948600671584,8.9289,ORCA,QC,"opt+freq: b3lyp/def2-TZVP em=gd3bj
energy: wB97M-V/ma-def2-TZVP"
559,OMG_polymer_136622,O=C(O)c1ccc2c3c(ccc(C(=O)O)c13)CC2,Nc1ccc(C(=O)O)c(S(N)(=O)=O)c1,*Nc1ccc(C(=O)O)c(S(=O)(=O)NC(=O)c2ccc3c4c(ccc(C(*)=O)c24)CC3)c1,Nc1ccc(C(=O)O)c(S(=O)(=O)NC(=O)c2ccc3c4c(ccc(C=O)c24)CC3)c1,-1769.036049591239,0.86493915,Polyamidation,303.01215,-8.5644,-0.3394,0.36668971,0.00094421,0.28873696,0.07889695,8.73769893,-1768.747312631239,-1768.668415671239,8.225,ORCA,QC,"opt+freq: b3lyp/def2-TZVP em=gd3bj
energy: wB97M-V/ma-def2-TZVP"
560,OMG_polymer_68132,CC(C)(C)c1ccc(CC(Cc2ccc(C(C)(C)C)cc2)(C(=O)O)C(=O)O)cc1,Nc1c(Br)ccc(CC(=O)O)c1N,*Nc1c(Br)ccc(CC(=O)O)c1NC(=O)C(Cc1ccc(C(C)(C)C)cc1)(Cc1ccc(C(C)(C)C)cc1)C(*)=O,CC(C)(C)c1ccc(CC(C=O)(Cc2ccc(C(C)(C)C)cc2)C(=O)Nc2c(CC(=O)O)ccc(Br)c2N)cc1,0.0,0.8843892,Polyamidation,0.0,0.0,0.0,0.0,0.0,0.0,0.0,0.0,0.0,0.0,0.0,ORCA,QC,"opt+freq: b3lyp/def2-TZVP em=gd3bj
energy: wB97M-V/ma-def2-TZVP"
561,OMG_polymer_72373,O=C(O)c1ccnc(C(=O)O)c1,Nc1ccc(N)c(C(=O)O)c1Cl,*Nc1ccc(NC(=O)c2ccnc(C(*)=O)c2)c(C(=O)O)c1Cl,Nc1ccc(NC(=O)c2ccnc(C=O)c2)c(C(=O)O)c1Cl,-1464.966642722687,0.9987257,Polyamidation,224.591,-8.3503,-0.677,0.24663266,0.00094421,0.18065991,0.06691696,6.088839375,-1464.785982812687,-1464.719065852687,7.673300000000001,ORCA,QC,"opt+freq: b3lyp/def2-TZVP em=gd3bj
energy: wB97M-V/ma-def2-TZVP"
562,OMG_polymer_50355,Cc1c[nH]c(C(=O)O)c1C(=O)O,Nc1nc(N)c(C(=O)O)nc1Br,*Nc1nc(NC(=O)c2[nH]cc(C)c2C(*)=O)c(C(=O)O)nc1Br,Cc1c[nH]c(C(=O)Nc2nc(N)c(Br)nc2C(=O)O)c1C=O,-3612.116531919813,0.99389064,Polyamidation,237.05917,-8.8314,-0.3824,0.24583908,0.00094421,0.17703956,0.06974373,5.217779435,-3611.939492359813,-3611.869748629813,8.449,ORCA,QC,"opt+freq: b3lyp/def2-TZVP em=gd3bj
energy: wB97M-V/ma-def2-TZVP"
563,OMG_polymer_114834,O=C(O)c1cccc(Cl)c1C(=O)O,Nc1cc(CC(=O)O)cc(N)c1Br,*Nc1cc(CC(=O)O)cc(NC(=O)c2cccc(Cl)c2C(*)=O)c1Br,Nc1cc(CC(=O)O)cc(NC(=O)c2cccc(Cl)c2C=O)c1Br,-4061.649604838082,0.9995703,Polyamidation,260.26735,-8.5501,-0.171,0.28002326,0.00094421,0.20642862,0.07453886,6.075676814,-4061.443176218082,-4061.368637368082,8.379100000000001,ORCA,QC,"opt+freq: b3lyp/def2-TZVP em=gd3bj
energy: wB97M-V/ma-def2-TZVP"
564,OMG_polymer_34141,O=C(O)CC(C(=O)O)c1cc(F)cc(F)c1,Cc1cc(CC(=O)O)c(N)cc1N,*Nc1cc(NC(=O)CC(C(*)=O)c2cc(F)cc(F)c2)c(C)cc1CC(=O)O,Cc1cc(CC(=O)O)c(N)cc1NC(=O)CC(C=O)c1cc(F)cc(F)c1,-1345.097977473248,0.99896574,Polyamidation,249.08198,-7.9047,0.2442,0.37145776,0.00094421,0.29417548,0.0782265,2.553102714,-1344.803801993248,-1344.725575503248,8.1489,ORCA,QC,"opt+freq: b3lyp/def2-TZVP em=gd3bj
energy: wB97M-V/ma-def2-TZVP"
565,OMG_polymer_154109,O=C(O)c1ccc(C=Nc2ccc(N=Cc3ccc(C(=O)O)cc3)cc2)cc1,Nc1cc(C(=O)O)c(N)cc1F,*Nc1cc(C(=O)O)c(NC(=O)c2ccc(C=Nc3ccc(N=Cc4ccc(C(*)=O)cc4)cc3)cc2)cc1F,Nc1cc(C(=O)O)c(NC(=O)c2ccc(C=Nc3ccc(N=Cc4ccc(C=O)cc4)cc3)cc2)cc1F,-1737.597465293993,0.93010986,Polyamidation,429.23963,-8.0025,-0.5846,0.47848938,0.00094421,0.3856219,0.09381169,7.568696885,-1737.211843393993,-1737.118031703993,7.417899999999999,ORCA,QC,"opt+freq: b3lyp/def2-TZVP em=gd3bj
energy: wB97M-V/ma-def2-TZVP"
566,OMG_polymer_96847,Cc1cc(C)cc(C(=O)N(CC(=O)O)CC(=O)O)c1,N#Cc1c(N)cc(C(=O)O)cc1N,*Nc1cc(C(=O)O)cc(NC(=O)CN(CC(*)=O)C(=O)c2cc(C)cc(C)c2)c1C#N,Cc1cc(C)cc(C(=O)N(CC=O)CC(=O)Nc2cc(C(=O)O)cc(N)c2C#N)c1,-1407.545789626158,0.99916553,Polyamidation,296.76134,-8.4366,-0.1129,0.41519373,0.00094421,0.32955474,0.0865832,4.990482139,-1407.216234886158,-1407.129651686158,8.3237,ORCA,QC,"opt+freq: b3lyp/def2-TZVP em=gd3bj
energy: wB97M-V/ma-def2-TZVP"
567,OMG_polymer_28341,O=C(O)c1cc(Br)cc(C(=O)O)c1,Nc1ccc(C(=O)O)cc1S(N)(=O)=O,*Nc1ccc(C(=O)O)cc1S(=O)(=O)NC(=O)c1cc(Br)cc(C(*)=O)c1,Nc1ccc(C(=O)O)cc1S(=O)(=O)NC(=O)c1cc(Br)cc(C=O)c1,-4111.410181582543,0.99919754,Polyamidation,255.17638,-9.0156,-0.7039,0.27217814,0.00094421,0.19819762,0.07492473,6.082072863,-4111.211983962543,-4111.137059232544,8.311699999999998,ORCA,QC,"opt+freq: b3lyp/def2-TZVP em=gd3bj
energy: wB97M-V/ma-def2-TZVP"
568,OMG_polymer_22237,O=C(O)C(F)(F)C(F)(F)C(F)(F)C(F)(F)C(F)(F)C(F)(F)C(F)(F)C(F)(F)C(=O)O,Nc1cc(C(=O)O)cc(N)c1F,*Nc1cc(C(=O)O)cc(NC(=O)C(F)(F)C(F)(F)C(F)(F)C(F)(F)C(F)(F)C(F)(F)C(F)(F)C(F)(F)C(*)=O)c1F,Nc1cc(C(=O)O)cc(NC(=O)C(F)(F)C(F)(F)C(F)(F)C(F)(F)C(F)(F)C(F)(F)C(F)(F)C(F)(F)C=O)c1F,-2760.267029027079,0.57320064,Polyamidation,243.87097,-8.9322,-0.2274,0.29407969,0.00094421,0.19245805,0.10256585,4.398988334,-2760.074570977079,-2759.972005127079,8.7048,ORCA,QC,"opt+freq: b3lyp/def2-TZVP em=gd3bj
energy: wB97M-V/ma-def2-TZVP"
569,OMG_polymer_43163,CC(=O)Nc1ccc(S(=O)(=O)NN(CC(=O)O)CC(=O)O)cc1,Nc1cccc2c(S(=O)(=O)O)ccc(N)c12,*Nc1cccc2c(S(=O)(=O)O)ccc(NC(=O)CN(CC(*)=O)NS(=O)(=O)c3ccc(NC(C)=O)cc3)c12,CC(=O)Nc1ccc(S(=O)(=O)NN(CC=O)CC(=O)Nc2ccc(S(=O)(=O)O)c3cccc(N)c23)cc1,0.0,0.9140225,Polyamidation,0.0,0.0,0.0,0.48756636,0.00094421,0.39460521,0.09390536,3.625481807,0.39460521,0.48851057,0.0,ORCA,QC,"opt+freq: b3lyp/def2-TZVP em=gd3bj
energy: wB97M-V/ma-def2-TZVP"
570,OMG_polymer_192062,CC(C)(C)OC(=O)N(CCC(=O)O)C(C)(C)C(=O)O,Cc1c(N)ccc(N)c1C(=O)O,*Nc1ccc(NC(=O)CCN(C(=O)OC(C)(C)C)C(C)(C)C(*)=O)c(C(=O)O)c1C,Cc1c(N)ccc(NC(=O)CCN(C(=O)OC(C)(C)C)C(C)(C)C=O)c1C(=O)O,-1395.301872035749,0.9807473,Polyamidation,279.113,-7.8361,0.1776,0.51195064,0.00094421,0.42456835,0.0883265,4.776820415,-1394.877303685749,-1394.788977185749,8.0137,ORCA,QC,"opt+freq: b3lyp/def2-TZVP em=gd3bj
energy: wB97M-V/ma-def2-TZVP"
571,OMG_polymer_8610,O=C(O)C1CS(=O)(=O)CC1C(=O)O,Cc1ccc(N)c(N)c1C(=O)O,*Nc1ccc(C)c(C(=O)O)c1NC(=O)C1CS(=O)(=O)CC1C(*)=O,Cc1ccc(N)c(NC(=O)C2CS(=O)(=O)CC2C=O)c1C(=O)O,-1502.273977059089,0.9704086,Polyamidation,218.26528,-8.3895,0.1881,0.32155715,0.00094421,0.25205671,0.07044465,4.974787116,-1502.021920349089,-1501.951475699089,8.5776,ORCA,QC,"opt+freq: b3lyp/def2-TZVP em=gd3bj
energy: wB97M-V/ma-def2-TZVP"
572,OMG_polymer_79802,Nc1c(Br)c(C(=O)O)c(Br)c(C(=O)O)c1Br,Nc1cccc(C(=O)O)c1N,*Nc1cccc(C(=O)O)c1NC(=O)c1c(Br)c(N)c(Br)c(C(*)=O)c1Br,Nc1cccc(C(=O)O)c1NC(=O)c1c(Br)c(N)c(Br)c(C=O)c1Br,-8764.947628378937,0.99095356,Polyamidation,287.74834,-8.3375,-0.3284,0.25904525,0.00094421,0.18287512,0.07711434,3.638292717,-8764.764753258938,-8764.687638918936,8.0091,ORCA,QC,"opt+freq: b3lyp/def2-TZVP em=gd3bj
energy: wB97M-V/ma-def2-TZVP"
573,OMG_polymer_21721,O=C(O)c1ccccc1SSc1ccccc1C(=O)O,Cc1c(N)ccc(C(=O)O)c1N,*Nc1ccc(C(=O)O)c(NC(=O)c2ccccc2SSc2ccccc2C(*)=O)c1C,Cc1c(N)ccc(C(=O)O)c1NC(=O)c1ccccc1SSc1ccccc1C=O,-2056.072811754119,0.9973322,Polyamidation,329.084,-8.384,0.0517,0.3879031,0.00094421,0.30649846,0.08234885,5.695449692,-2055.766313294119,-2055.683964444119,8.4357,ORCA,QC,"opt+freq: b3lyp/def2-TZVP em=gd3bj
energy: wB97M-V/ma-def2-TZVP"
574,OMG_polymer_101991,Cc1scc(C(=O)O)c1-c1c(C(=O)O)csc1C,N#Cc1cc(C(=O)O)c(N)cc1N,*Nc1cc(NC(=O)c2csc(C)c2-c2c(C(*)=O)csc2C)c(C#N)cc1C(=O)O,Cc1scc(C=O)c1-c1c(C(=O)Nc2cc(N)c(C(=O)O)cc2C#N)csc1C,-2032.816075948951,0.97856975,Polyamidation,318.87788,-8.5094,0.1373,0.34462127,0.00094421,0.26214215,0.08342333,7.827076572,-2032.553933798951,-2032.470510468951,8.6467,ORCA,QC,"opt+freq: b3lyp/def2-TZVP em=gd3bj
energy: wB97M-V/ma-def2-TZVP"
575,OMG_polymer_91056,O=C(O)c1ccccc1C(=O)N1CCN(C(=O)c2ccccc2C(=O)O)CC1,Nc1ccc2cc(S(=O)(=O)O)ccc2c1N,*Nc1ccc2cc(S(=O)(=O)O)ccc2c1NC(=O)c1ccccc1C(=O)N1CCN(C(=O)c2ccccc2C(*)=O)CC1,Nc1ccc2cc(S(=O)(=O)O)ccc2c1NC(=O)c1ccccc1C(=O)N1CCN(C(=O)c2ccccc2C=O)CC1,0.0,0.9543293,Polyamidation,0.0,0.0,0.0,0.0,0.0,0.0,0.0,0.0,0.0,0.0,0.0,ORCA,QC,"opt+freq: b3lyp/def2-TZVP em=gd3bj
energy: wB97M-V/ma-def2-TZVP"
576,OMG_polymer_81557,CSc1ccccc1C(CC(=O)O)C(=O)O,Nc1cc(Br)cc(N)c1C(=O)O,*Nc1cc(Br)cc(NC(=O)CC(C(*)=O)c2ccccc2SC)c1C(=O)O,CSc1ccccc1C(C=O)CC(=O)Nc1cc(Br)cc(N)c1C(=O)O,-4078.851643628051,0.9989956,Polyamidation,281.63335,-8.7674,-0.1749,0.34984484,0.00094421,0.27181783,0.07897122,4.385745141,-4078.579825798051,-4078.500854578051,8.592500000000001,ORCA,QC,"opt+freq: b3lyp/def2-TZVP em=gd3bj
energy: wB97M-V/ma-def2-TZVP"
577,OMG_polymer_85755,O=C(O)C(F)(F)OC(F)(F)C(F)(F)OC(F)(F)C(F)(F)OC(F)(F)C(=O)O,Nc1nc(N)c(C(=O)O)nc1Br,*Nc1nc(NC(=O)C(F)(F)OC(F)(F)C(F)(F)OC(F)(F)C(F)(F)OC(F)(F)C(*)=O)c(C(=O)O)nc1Br,Nc1nc(NC(=O)C(F)(F)OC(F)(F)C(F)(F)OC(F)(F)C(F)(F)OC(F)(F)C=O)c(C(=O)O)nc1Br,-5016.615588202593,0.6217706,Polyamidation,246.86279,-8.9532,-0.1957,0.25419543,0.00094421,0.15679418,0.09834546,3.89655283,-5016.458794022593,-5016.360448562593,8.7575,ORCA,QC,"opt+freq: b3lyp/def2-TZVP em=gd3bj
energy: wB97M-V/ma-def2-TZVP"
578,OMG_polymer_41489,O=C(O)CN(CC(=O)O)NS(=O)(=O)c1ccccc1,Nc1ccc(C(=O)O)c(Br)c1N,*Nc1ccc(C(=O)O)c(Br)c1NC(=O)CN(CC(*)=O)NS(=O)(=O)c1ccccc1,Nc1ccc(C(=O)O)c(Br)c1NC(=O)CN(CC=O)NS(=O)(=O)c1ccccc1,-4300.692610605014,0.9993625,Polyamidation,288.80781,-8.6453,0.0114,0.36739926,0.00094421,0.28575608,0.08258739,8.260946336,-4300.406854525014,-4300.324267135014,8.6567,ORCA,QC,"opt+freq: b3lyp/def2-TZVP em=gd3bj
energy: wB97M-V/ma-def2-TZVP"
579,OMG_polymer_115266,O=C(O)c1ccc(C(=O)O)c(F)c1,Nc1cncc(C(=O)O)c1N,*Nc1cncc(C(=O)O)c1NC(=O)c1ccc(C(*)=O)c(F)c1,Nc1cncc(C(=O)O)c1NC(=O)c1ccc(C=O)c(F)c1,-1104.65494959529,0.998884,Polyamidation,212.32359,-8.6639,-0.908,0.24850442,0.00094421,0.18492604,0.06452258,1.647625937,-1104.47002355529,-1104.40550096529,7.7559,ORCA,QC,"opt+freq: b3lyp/def2-TZVP em=gd3bj
energy: wB97M-V/ma-def2-TZVP"
580,OMG_polymer_40412,CCCCCCCCCCCCCC(C(=O)O)C(=O)O,Cc1c(N)cc(S(=O)(=O)O)cc1N,*Nc1cc(S(=O)(=O)O)cc(NC(=O)C(CCCCCCCCCCCCC)C(*)=O)c1C,CCCCCCCCCCCCCC(C=O)C(=O)Nc1cc(S(=O)(=O)O)cc(N)c1C,0.0,0.9670699,Polyamidation,0.0,0.0,0.0,0.0,0.0,0.0,0.0,0.0,0.0,0.0,0.0,ORCA,QC,"opt+freq: b3lyp/def2-TZVP em=gd3bj
energy: wB97M-V/ma-def2-TZVP"
581,OMG_polymer_7775,O=C(O)CC1(CC(=O)O)CCOCC1,N#Cc1cc(N)c(C(=O)O)c(N)c1,*Nc1cc(C#N)cc(NC(=O)CC2(CC(*)=O)CCOCC2)c1C(=O)O,N#Cc1cc(N)c(C(=O)O)c(NC(=O)CC2(CC=O)CCOCC2)c1,-1199.717023035613,0.9964064,Polyamidation,243.58696,-8.548,-0.532,0.37349708,0.00094421,0.30059189,0.07384939,9.887745484,-1199.416431145613,-1199.342581745613,8.016,ORCA,QC,"opt+freq: b3lyp/def2-TZVP em=gd3bj
energy: wB97M-V/ma-def2-TZVP"
582,OMG_polymer_31386,CC(C)(C(=O)O)N1CC(C(=O)O)CC1=O,COc1cc(N)cc(N)c1C(=O)O,*Nc1cc(NC(=O)C(C)(C)N2CC(C(*)=O)CC2=O)c(C(=O)O)c(OC)c1,COc1cc(N)cc(NC(=O)C(C)(C)N2CC(C=O)CC2=O)c1C(=O)O,-1276.185628006418,0.99922514,Polyamidation,252.35266,-8.4726,0.1548,0.40196492,0.00094421,0.3246919,0.07821723,5.140591215,-1275.860936106418,-1275.782718876418,8.6274,ORCA,QC,"opt+freq: b3lyp/def2-TZVP em=gd3bj
energy: wB97M-V/ma-def2-TZVP"
583,OMG_polymer_110763,Cc1ccc(F)c(C(CC(=O)O)CC(=O)O)c1,Nc1c(C(=O)O)cc(Cl)c(F)c1N,*Nc1c(C(=O)O)cc(Cl)c(F)c1NC(=O)CC(CC(*)=O)c1cc(C)ccc1F,Cc1ccc(F)c(C(CC=O)CC(=O)Nc2c(N)c(C(=O)O)cc(Cl)c2F)c1,-1804.690563115568,0.9907589,Polyamidation,272.21392,-8.4879,0.0733,0.36319754,0.00094421,0.28154516,0.08259658,4.252479031,-1804.409017955568,-1804.326421365568,8.5612,ORCA,QC,"opt+freq: b3lyp/def2-TZVP em=gd3bj
energy: wB97M-V/ma-def2-TZVP"
584,OMG_polymer_10760,O=C(O)CC(CC(=O)O)c1cc(Br)co1,Nc1cc(N)c(Br)c(CC(=O)O)c1,*Nc1cc(CC(=O)O)c(Br)c(NC(=O)CC(CC(*)=O)c2cc(Br)co2)c1,Nc1cc(CC(=O)O)c(Br)c(NC(=O)CC(CC=O)c2cc(Br)co2)c1,-6291.189379464045,0.999134,Polyamidation,270.39448,-8.3336,0.1119,0.33773529,0.00094421,0.2563425,0.082337,2.493394685,-6290.933036964045,-6290.850699964045,8.445500000000001,ORCA,QC,"opt+freq: b3lyp/def2-TZVP em=gd3bj
energy: wB97M-V/ma-def2-TZVP"
585,OMG_polymer_43152,CC(=O)Nc1ccc(S(=O)(=O)NN(CC(=O)O)CC(=O)O)cc1,NCc1ccccc1CC(N)C(=O)O,*NCc1ccccc1CC(NC(=O)CN(CC(*)=O)NS(=O)(=O)c1ccc(NC(C)=O)cc1)C(=O)O,CC(=O)Nc1ccc(S(=O)(=O)NN(CC=O)CC(=O)NC(Cc2ccccc2CN)C(=O)O)cc1,-2053.220146951229,0.90386844,Polyamidation,332.61502,-8.9267,-0.0102,0.5250620500000001,0.00094421,0.4290164,0.09698987,5.830745265,-2052.791130551229,-2052.694140691229,8.916500000000001,ORCA,QC,"opt+freq: b3lyp/def2-TZVP em=gd3bj
energy: wB97M-V/ma-def2-TZVP"
586,OMG_polymer_148566,O=C(O)CSCc1ccc(C(=O)O)cc1,Nc1cc(Br)c(C(=O)O)cc1N,*Nc1cc(Br)c(C(=O)O)cc1NC(=O)CSCc1ccc(C(*)=O)cc1,Nc1cc(Br)c(C(=O)O)cc1NC(=O)CSCc1ccc(C=O)cc1,-4039.55705676476,0.9995566,Polyamidation,262.83223,-8.4392,-0.0543,0.32079342,0.00094421,0.24665833,0.07507931,5.276032711,-4039.31039843476,-4039.23531913476,8.3849,ORCA,QC,"opt+freq: b3lyp/def2-TZVP em=gd3bj
energy: wB97M-V/ma-def2-TZVP"
587,OMG_polymer_42166,COC(=O)NN(CC(=O)O)CC(=O)O,NN=C(C(=O)O)c1ccccc1N,*NN=C(C(=O)O)c1ccccc1NC(=O)CN(CC(*)=O)NC(=O)OC,COC(=O)NN(CC=O)CC(=O)Nc1ccccc1C(=NN)C(=O)O,-1268.91201248494,0.98625773,Polyamidation,226.14241,-8.5159,0.1022,0.34768995,0.00094421,0.27155875,0.0770754,5.925650791,-1268.64045373494,-1268.56337832494,8.6181,ORCA,QC,"opt+freq: b3lyp/def2-TZVP em=gd3bj
energy: wB97M-V/ma-def2-TZVP"
588,OMG_polymer_30517,O=C(O)C1COC2C(C(=O)O)COC12,Nc1cc(N)c(C(=O)O)c(Cl)c1,*Nc1cc(Cl)c(C(=O)O)c(NC(=O)C2COC3C(C(*)=O)COC23)c1,Nc1cc(Cl)c(C(=O)O)c(NC(=O)C2COC3C(C=O)COC23)c1,-1601.783533224214,0.8021684,Polyamidation,231.84204,-8.7826,0.1651,0.31783502,0.00094421,0.2467409,0.07203834,4.378825149,-1601.536792324214,-1601.464753994214,8.947700000000001,ORCA,QC,"opt+freq: b3lyp/def2-TZVP em=gd3bj
energy: wB97M-V/ma-def2-TZVP"
589,OMG_polymer_176782,O=NN(CCN(CC(=O)O)N=O)CC(=O)O,Nc1c(F)ccc(C(=O)O)c1N,*Nc1c(F)ccc(C(=O)O)c1NC(=O)CN(CCN(CC(*)=O)N=O)N=O,Nc1c(F)ccc(C(=O)O)c1NC(=O)CN(CCN(CC=O)N=O)N=O,-1384.14389182552,0.85214514,Polyamidation,227.70132,-8.638,0.0084,0.32787553,0.00094421,0.2517859,0.07703384,5.407279431,-1383.89210592552,-1383.81507208552,8.6464,ORCA,QC,"opt+freq: b3lyp/def2-TZVP em=gd3bj
energy: wB97M-V/ma-def2-TZVP"
590,OMG_polymer_138109,O=C(O)c1ccnc(OCCOc2cc(C(=O)O)ccn2)c1,N#Cc1cc(N)c(C(=O)O)cc1N,*Nc1cc(C#N)c(NC(=O)c2ccnc(OCCOc3cc(C(*)=O)ccn3)c2)cc1C(=O)O,N#Cc1cc(N)c(C(=O)O)cc1NC(=O)c1ccnc(OCCOc2cc(C=O)ccn2)c1,0.0,0.9865328,Polyamidation,0.0,0.0,0.0,0.0,0.0,0.0,0.0,0.0,0.0,0.0,0.0,ORCA,QC,"opt+freq: b3lyp/def2-TZVP em=gd3bj
energy: wB97M-V/ma-def2-TZVP"
591,OMG_polymer_82539,Cc1ccc(N(CC(=O)O)CC(=O)O)cc1,Nc1cc(Cl)cc(N)c1CC(=O)O,*Nc1cc(Cl)cc(NC(=O)CN(CC(*)=O)c2ccc(C)cc2)c1CC(=O)O,Cc1ccc(N(CC=O)CC(=O)Nc2cc(Cl)cc(N)c2CC(=O)O)cc1,-1661.502684718128,0.999652,Polyamidation,271.91963,-8.0546,0.0606,0.39489083,0.00094421,0.31662507,0.07920998,7.893652141,-1661.186059648128,-1661.106849678128,8.115200000000002,ORCA,QC,"opt+freq: b3lyp/def2-TZVP em=gd3bj
energy: wB97M-V/ma-def2-TZVP"
592,OMG_polymer_6973,O=C(O)C(C(=O)O)C1CCOC1,Cc1cc(N)cc(N)c1C(=O)O,*Nc1cc(C)c(C(=O)O)c(NC(=O)C(C(*)=O)C2CCOC2)c1,Cc1cc(N)cc(NC(=O)C(C=O)C2CCOC2)c1C(=O)O,-1068.146963609771,0.9907946,Polyamidation,217.42249,-8.5691,0.1534,0.34329748,0.00094421,0.27388641,0.07035528,5.832789522,-1067.873077199771,-1067.802721919771,8.7225,ORCA,QC,"opt+freq: b3lyp/def2-TZVP em=gd3bj
energy: wB97M-V/ma-def2-TZVP"
593,OMG_polymer_176632,O=C(O)c1ccc(-c2ccc(-c3ccc(-c4ccc(-c5ccc(-c6ccc(C(=O)O)cc6)cc5)cc4)cc3)cc2)cc1,N=C(N)SCCCC(N)C(=O)O,*NC(=N)SCCCC(NC(=O)c1ccc(-c2ccc(-c3ccc(-c4ccc(-c5ccc(-c6ccc(C(*)=O)cc6)cc5)cc4)cc3)cc2)cc1)C(=O)O,N=C(N)SCCCC(NC(=O)c1ccc(-c2ccc(-c3ccc(-c4ccc(-c5ccc(-c6ccc(C=O)cc6)cc5)cc4)cc3)cc2)cc1)C(=O)O,-2562.412257427537,0.65379035,Polyamidation,674.73335,-8.0823,-0.3603,0.7551834500000001,0.00094421,0.63277808,0.12334958,3.716842113,-2561.779479347537,-2561.656129767537,7.722,ORCA,QC,"opt+freq: b3lyp/def2-TZVP em=gd3bj
energy: wB97M-V/ma-def2-TZVP"
594,OMG_polymer_144962,O=C(O)c1cc(C(=O)O)cc(S(=O)(=O)Cl)c1,Nc1ccccc1CC(N)C(=O)O,*Nc1ccccc1CC(NC(=O)c1cc(C(*)=O)cc(S(=O)(=O)Cl)c1)C(=O)O,Nc1ccccc1CC(NC(=O)c1cc(C=O)cc(S(=O)(=O)Cl)c1)C(=O)O,0.0,0.9989267,Polyamidation,0.0,0.0,0.0,0.0,0.0,0.0,0.0,0.0,0.0,0.0,0.0,ORCA,QC,"opt+freq: b3lyp/def2-TZVP em=gd3bj
energy: wB97M-V/ma-def2-TZVP"
595,OMG_polymer_134357,CC(C)C(=O)N(CC(=O)O)CC(=O)O,Nc1ccc(C(=O)O)c(Br)c1N,*Nc1ccc(C(=O)O)c(Br)c1NC(=O)CN(CC(*)=O)C(=O)C(C)C,CC(C)C(=O)N(CC=O)CC(=O)Nc1c(N)ccc(C(=O)O)c1Br,-3696.937252187554,0.9992986,Polyamidation,242.74704,-8.5918,0.201,0.35073613,0.00094421,0.27356678,0.07811357,2.114418896,-3696.663685407554,-3696.585571847554,8.7928,ORCA,QC,"opt+freq: b3lyp/def2-TZVP em=gd3bj
energy: wB97M-V/ma-def2-TZVP"
596,OMG_polymer_95937,O=C(O)CCCNC(=O)c1ccccc1C(=O)O,Nc1cc(Cl)c(C(=O)O)cc1N,*Nc1cc(Cl)c(C(=O)O)cc1NC(=O)CCCNC(=O)c1ccccc1C(*)=O,Nc1cc(Cl)c(C(=O)O)cc1NC(=O)CCCNC(=O)c1ccccc1C=O,-1735.580397048696,0.9983223,Polyamidation,261.17033,-8.8542,-0.3285,0.37937531,0.00094421,0.30199218,0.07832734,10.505301207,-1735.278404868696,-1735.200077528696,8.5257,ORCA,QC,"opt+freq: b3lyp/def2-TZVP em=gd3bj
energy: wB97M-V/ma-def2-TZVP"
597,OMG_polymer_157246,O=C(O)CC(C(=O)O)c1ccccc1Br,Nc1cc(C(F)(F)F)cc(N)c1C(=O)O,*Nc1cc(C(F)(F)F)cc(NC(=O)CC(C(*)=O)c2ccccc2Br)c1C(=O)O,Nc1cc(C(F)(F)F)cc(NC(=O)CC(C=O)c2ccccc2Br)c1C(=O)O,-3978.494114433703,0.99318933,Polyamidation,270.27758,-8.4964,-0.1814,0.32629256,0.00094421,0.2445808,0.08265596,6.538516469,-3978.249533633703,-3978.166877663703,8.315,ORCA,QC,"opt+freq: b3lyp/def2-TZVP em=gd3bj
energy: wB97M-V/ma-def2-TZVP"
598,OMG_polymer_88093,O=C(O)c1cc(C(=O)O)ncn1,Cc1c(N)cc(N)c(C)c1C(=O)O,*Nc1cc(NC(=O)c2cc(C(*)=O)ncn2)c(C)c(C(=O)O)c1C,Cc1c(N)cc(NC(=O)c2cc(C=O)ncn2)c(C)c1C(=O)O,-1100.049167353221,0.9987453,Polyamidation,230.54546,-8.0541,-1.02,0.30194373,0.00094421,0.23227726,0.07061068,3.048101753,-1099.816890093221,-1099.746279413221,7.0341,ORCA,QC,"opt+freq: b3lyp/def2-TZVP em=gd3bj
energy: wB97M-V/ma-def2-TZVP"
599,OMG_polymer_25733,CCCCCCCCCCC(C(=O)O)C(=O)O,Nc1cc(N)cc(C(=O)O)c1,*Nc1cc(NC(=O)C(CCCCCCCCCC)C(*)=O)cc(C(=O)O)c1,CCCCCCCCCCC(C=O)C(=O)Nc1cc(N)cc(C(=O)O)c1,-1190.627123314136,0.9647889,Polyamidation,271.84446,-8.3861,0.1792,0.50908471,0.00094421,0.42317093,0.086858,3.680754957,-1190.203952384136,-1190.117094394136,8.5653,ORCA,QC,"opt+freq: b3lyp/def2-TZVP em=gd3bj
energy: wB97M-V/ma-def2-TZVP"
600,OMG_polymer_135518,Cc1ccc(CN(CC(=O)O)CC(=O)O)cc1,Cc1ccc(N)c(C(=O)O)c1N,*Nc1ccc(C)c(NC(=O)CN(CC(*)=O)Cc2ccc(C)cc2)c1C(=O)O,Cc1ccc(CN(CC=O)CC(=O)Nc2c(C)ccc(N)c2C(=O)O)cc1,-1241.191026564594,0.9996352,Polyamidation,277.94338,-8.3158,0.1312,3.44642907,0.00094421,0.35272922,0.07901773,6.671436769,-1240.838297344594,-1237.743653284594,8.447,ORCA,QC,"opt+freq: b3lyp/def2-TZVP em=gd3bj
energy: wB97M-V/ma-def2-TZVP"
601,OMG_polymer_174502,CCCCC(NC(=O)CCCC(=O)O)C(=O)O,Nc1cccc(CC(=O)O)c1N,*Nc1cccc(CC(=O)O)c1NC(=O)CCCC(=O)NC(CCCC)C(*)=O,CCCCC(C=O)NC(=O)CCCC(=O)Nc1c(N)cccc1CC(=O)O,-1280.765903983006,0.9907946,Polyamidation,264.8543,-8.4264,0.039,0.48040572,0.00094421,0.39822636,0.08312356,7.055476368,-1280.367677623006,-1280.284554053006,8.465399999999999,ORCA,QC,"opt+freq: b3lyp/def2-TZVP em=gd3bj
energy: wB97M-V/ma-def2-TZVP"
602,OMG_polymer_134685,O=C(O)CN(CC(=O)O)C(=O)C1CCCCC1,N#Cc1cc(N)c(C(=O)O)c(N)c1,*Nc1cc(C#N)cc(NC(=O)CN(CC(*)=O)C(=O)C2CCCCC2)c1C(=O)O,N#Cc1cc(N)c(C(=O)O)c(NC(=O)CN(CC=O)C(=O)C2CCCCC2)c1,-1332.511937294832,0.9959693,Polyamidation,264.83066,-9.1962,-1.0329,0.42807838,0.00094421,0.34796642,0.08105617,8.824199935,-1332.163970874832,-1332.082914704832,8.1633,ORCA,QC,"opt+freq: b3lyp/def2-TZVP em=gd3bj
energy: wB97M-V/ma-def2-TZVP"
603,OMG_polymer_158366,O=C(O)c1oc(C(=O)O)c(Cl)c(=O)c1Cl,Nc1cc(N)c(C(=O)O)cc1Cl,*Nc1cc(NC(=O)c2oc(C(*)=O)c(Cl)c(=O)c2Cl)c(C(=O)O)cc1Cl,Nc1cc(NC(=O)c2oc(C=O)c(Cl)c(=O)c2Cl)c(C(=O)O)cc1Cl,-2479.271984788296,0.99719363,Polyamidation,259.53152,-8.7015,-1.2025,0.22283891,0.00094421,0.14932219,0.07446093,3.971938563,-2479.122662598296,-2479.048201668296,7.499,ORCA,QC,"opt+freq: b3lyp/def2-TZVP em=gd3bj
energy: wB97M-V/ma-def2-TZVP"
604,OMG_polymer_155989,O=C(O)CC(Cc1ccccc1)C(=O)O,Nc1cc(C(=O)O)cc(N)n1,*Nc1cc(C(=O)O)cc(NC(=O)CC(Cc2ccccc2)C(*)=O)n1,Nc1cc(C(=O)O)cc(NC(=O)CC(C=O)Cc2ccccc2)n1,-1123.306604123356,0.99923575,Polyamidation,226.86683,-8.3672,0.1113,0.34415838,0.00094421,0.27373525,0.07136735,3.165489617,-1123.032868873356,-1122.961501533356,8.4785,ORCA,QC,"opt+freq: b3lyp/def2-TZVP em=gd3bj
energy: wB97M-V/ma-def2-TZVP"
605,OMG_polymer_64294,O=C(O)C(CCCc1ccccc1)(CCCc1ccccc1)C(=O)O,Nc1ccc(Oc2cc(Oc3ccc(N)cc3)cc(C(=O)O)c2)cc1,*Nc1ccc(Oc2cc(Oc3ccc(NC(=O)C(CCCc4ccccc4)(CCCc4ccccc4)C(*)=O)cc3)cc(C(=O)O)c2)cc1,Nc1ccc(Oc2cc(Oc3ccc(NC(=O)C(C=O)(CCCc4ccccc4)CCCc4ccccc4)cc3)cc(C(=O)O)c2)cc1,-2108.075437698447,0.8593026,Polyamidation,507.03714,-7.9866,0.1337,0.74188709,0.00094421,0.62715604,0.11567527,4.874866852,-2107.448281658447,-2107.332606398447,8.1203,ORCA,QC,"opt+freq: b3lyp/def2-TZVP em=gd3bj
energy: wB97M-V/ma-def2-TZVP"
606,OMG_polymer_164415,Cc1ccc(C(=O)N(CC(=O)O)CC(=O)O)cc1,Nc1cc(Cl)c(S(N)(=O)=O)cc1C(=O)O,*Nc1cc(Cl)c(S(=O)(=O)NC(=O)CN(CC(*)=O)C(=O)c2ccc(C)cc2)cc1C(=O)O,Cc1ccc(C(=O)N(CC=O)CC(=O)NS(=O)(=O)c2cc(C(=O)O)c(N)cc2Cl)cc1,-2284.222422521943,0.9902822,Polyamidation,293.88538,-8.7015,0.0178,0.39099099,0.00094421,0.30435713,0.08757807,10.018419193,-2283.918065391943,-2283.830487321943,8.719299999999999,ORCA,QC,"opt+freq: b3lyp/def2-TZVP em=gd3bj
energy: wB97M-V/ma-def2-TZVP"
607,OMG_polymer_145524,CC(C)(SC(=S)SC(C)(C)C(=O)O)C(=O)O,Nc1nc(N)c(C(=O)O)cc1Br,*Nc1nc(NC(=O)C(C)(C)SC(=S)SC(C)(C)C(*)=O)c(C(=O)O)cc1Br,CC(C)(C=O)SC(=S)SC(C)(C)C(=O)Nc1nc(N)c(Br)cc1C(=O)O,-4816.256167091934,0.9280998,Polyamidation,320.16504,-8.6941,-0.3816,0.35235399,0.00094421,0.26615391,0.0871443,6.0595185,-4815.990013181934,-4815.902868891934,8.3125,ORCA,QC,"opt+freq: b3lyp/def2-TZVP em=gd3bj
energy: wB97M-V/ma-def2-TZVP"
608,OMG_polymer_50462,O=C(O)c1ncccc1-c1cccnc1C(=O)O,COc1ccc(N)c(N)c1C(=O)O,*Nc1ccc(OC)c(C(=O)O)c1NC(=O)c1ncccc1-c1cccnc1C(*)=O,COc1ccc(N)c(NC(=O)c2ncccc2-c2cccnc2C=O)c1C(=O)O,-1367.004517832101,0.9981067,Polyamidation,290.25368,-7.7287,-0.1491,0.36343982,0.00094421,0.2863416,0.07804244,4.824086695,-1366.718176232101,-1366.640133802101,7.5796,ORCA,QC,"opt+freq: b3lyp/def2-TZVP em=gd3bj
energy: wB97M-V/ma-def2-TZVP"
609,OMG_polymer_63694,Nc1c(C(=O)O)ccnc1C(=O)O,Nc1ccc2c(S(=O)(=O)O)cccc2c1N,*Nc1ccc2c(S(=O)(=O)O)cccc2c1NC(=O)c1ccnc(C(*)=O)c1N,Nc1ccc2c(S(=O)(=O)O)cccc2c1NC(=O)c1ccnc(C=O)c1N,-1649.669513446021,0.9463493,Polyamidation,284.24645,-8.4123,-0.7056,0.32461153,0.00094421,0.25113498,0.07442077,2.411655688,-1649.418378466021,-1649.343957706021,7.7067,ORCA,QC,"opt+freq: b3lyp/def2-TZVP em=gd3bj
energy: wB97M-V/ma-def2-TZVP"
610,OMG_polymer_164312,Cc1ccc(C(=O)N(CC(=O)O)CC(=O)O)cc1,Nc1ccc(C(=O)O)cc1S(N)(=O)=O,*Nc1ccc(C(=O)O)cc1S(=O)(=O)NC(=O)CN(CC(*)=O)C(=O)c1ccc(C)cc1,Cc1ccc(C(=O)N(CC=O)CC(=O)NS(=O)(=O)c2cc(C(=O)O)ccc2N)cc1,-1824.623914443587,0.99941504,Polyamidation,283.65308,-9.0004,0.0257,0.39926587,0.00094421,0.31480869,0.0854014,6.85045809,-1824.309105753587,-1824.223704363587,9.026100000000001,ORCA,QC,"opt+freq: b3lyp/def2-TZVP em=gd3bj
energy: wB97M-V/ma-def2-TZVP"
611,OMG_polymer_175057,O=C(O)C1OCCOC1C(=O)O,Nc1cc(N)cc(CCC(=O)O)c1,*Nc1cc(CCC(=O)O)cc(NC(=O)C2OCCOC2C(*)=O)c1,Nc1cc(CCC(=O)O)cc(NC(=O)C2OCCOC2C=O)c1,-1143.365817028278,0.99776566,Polyamidation,215.94995,-8.126,0.1717,0.34873596,0.00094421,0.27759003,0.07209015,3.243425736,-1143.088226998278,-1143.016136858278,8.297699999999999,ORCA,QC,"opt+freq: b3lyp/def2-TZVP em=gd3bj
energy: wB97M-V/ma-def2-TZVP"
612,OMG_polymer_158416,O=C(O)c1oc(C(=O)O)c(Cl)c(=O)c1Cl,COc1ccc(N)c(N)c1C(=O)O,*Nc1ccc(OC)c(C(=O)O)c1NC(=O)c1oc(C(*)=O)c(Cl)c(=O)c1Cl,COc1ccc(N)c(NC(=O)c2oc(C=O)c(Cl)c(=O)c2Cl)c1C(=O)O,-2134.185737862308,0.9914308,Polyamidation,259.59764,-8.0741,-1.1957,0.26612787,0.00094421,0.19099367,0.07607841,5.643714779,-2133.994744192308,-2133.918665782308,6.878399999999999,ORCA,QC,"opt+freq: b3lyp/def2-TZVP em=gd3bj
energy: wB97M-V/ma-def2-TZVP"
613,OMG_polymer_59598,O=C(O)C1CCCC(C(=O)O)C1,Nc1ccc(C(=O)O)c(Br)c1N,*Nc1ccc(C(=O)O)c(Br)c1NC(=O)C1CCCC(C(*)=O)C1,Nc1ccc(C(=O)O)c(Br)c1NC(=O)C1CCCC(C=O)C1,-3566.341600858297,0.998319,Polyamidation,230.77488,-8.5925,0.2002,0.32976928,0.00094421,0.26065856,0.07005493,2.132748271,-3566.080942298297,-3566.010887368297,8.7927,ORCA,QC,"opt+freq: b3lyp/def2-TZVP em=gd3bj
energy: wB97M-V/ma-def2-TZVP"
614,OMG_polymer_56398,O=C(O)C(C(=O)O)C1C2CC3CC(C2)CC1C3,Nc1ccc(-c2ccc(N)cc2S(=O)(=O)O)c(S(=O)(=O)O)c1,*Nc1ccc(-c2ccc(NC(=O)C(C(*)=O)C3C4CC5CC(C4)CC3C5)cc2S(=O)(=O)O)c(S(=O)(=O)O)c1,Nc1ccc(-c2ccc(NC(=O)C(C=O)C3C4CC5CC(C4)CC3C5)cc2S(=O)(=O)O)c(S(=O)(=O)O)c1,0.0,0.61022115,Polyamidation,0.0,0.0,0.0,0.54901853,0.00094421,0.45640063,0.09356211,8.165736982,0.45640063,0.54996274,0.0,ORCA,QC,"opt+freq: b3lyp/def2-TZVP em=gd3bj
energy: wB97M-V/ma-def2-TZVP"
615,OMG_polymer_203844,O=C(O)c1c(F)cccc1SSc1cccc(F)c1C(=O)O,Nc1nccc(C(=O)O)c1N,*Nc1nccc(C(=O)O)c1NC(=O)c1c(F)cccc1SSc1cccc(F)c1C(*)=O,Nc1nccc(C(=O)O)c1NC(=O)c1c(F)cccc1SSc1cccc(F)c1C=O,-2231.347993276468,0.9969957,Polyamidation,303.72859,-8.5014,-0.6035,0.33201861,0.00094421,0.25115129,0.08181154,1.973281642,-2231.096841986468,-2231.015030456468,7.8979,ORCA,QC,"opt+freq: b3lyp/def2-TZVP em=gd3bj
energy: wB97M-V/ma-def2-TZVP"
616,OMG_polymer_134817,CC(C)CC(=O)N(CC(=O)O)CC(=O)O,Nc1c(F)ccc(C(=O)O)c1N,*Nc1c(F)ccc(C(=O)O)c1NC(=O)CN(CC(*)=O)C(=O)CC(C)C,CC(C)CC(=O)N(CC=O)CC(=O)Nc1c(C(=O)O)ccc(F)c1N,-1262.102428742562,0.99908364,Polyamidation,229.52343,-8.4266,0.1684,0.38253642,0.00094421,0.3057902,0.07769042,3.247754721,-1261.796638542562,-1261.718948112562,8.595,ORCA,QC,"opt+freq: b3lyp/def2-TZVP em=gd3bj
energy: wB97M-V/ma-def2-TZVP"
617,OMG_polymer_166368,O=C(O)CN(CC(=O)O)C(=O)CBr,N#Cc1cc(N)c(C(=O)O)cc1N,*Nc1cc(C#N)c(NC(=O)CN(CC(*)=O)C(=O)CBr)cc1C(=O)O,N#Cc1cc(N)c(C(=O)O)cc1NC(=O)CN(CC=O)C(=O)CBr,-3710.593595741562,0.9972045,Polyamidation,232.14445,-9.1332,-0.9106,0.29228146,0.00094421,0.21743867,0.075787,9.468027511,-3710.376157071562,-3710.300370071562,8.2226,ORCA,QC,"opt+freq: b3lyp/def2-TZVP em=gd3bj
energy: wB97M-V/ma-def2-TZVP"
618,OMG_polymer_139370,O=C(O)CCCCOC(=O)c1ccccc1C(=O)O,Cc1cc(N)c(N)c(C(=O)O)c1,*Nc1cc(C)cc(C(=O)O)c1NC(=O)CCCCOC(=O)c1ccccc1C(*)=O,Cc1cc(N)c(NC(=O)CCCCOC(=O)c2ccccc2C=O)c(C(=O)O)c1,-1374.465455624632,0.9973425,Polyamidation,286.70236,-7.9511,-0.1145,0.4337649,0.00094421,0.35105649,0.08365261,3.658685399,-1374.114399134632,-1374.030746514632,7.836600000000001,ORCA,QC,"opt+freq: b3lyp/def2-TZVP em=gd3bj
energy: wB97M-V/ma-def2-TZVP"
619,OMG_polymer_25735,CCCCCCCCCCC(C(=O)O)C(=O)O,Nc1nc(N)c(C(=O)O)nc1Cl,*Nc1nc(NC(=O)C(CCCCCCCCCC)C(*)=O)c(C(=O)O)nc1Cl,CCCCCCCCCCC(C=O)C(=O)Nc1nc(N)c(Cl)nc1C(=O)O,-1682.334241667746,0.876337,Polyamidation,284.6785,-8.7571,0.0667,0.47636566,0.00094421,0.38800178,0.08930808,4.153478421,-1681.946239887746,-1681.856931797746,8.8238,ORCA,QC,"opt+freq: b3lyp/def2-TZVP em=gd3bj
energy: wB97M-V/ma-def2-TZVP"
620,OMG_polymer_54580,COc1ccc(F)c(CC(C(=O)O)C(=O)O)c1,Cc1cc(N)c(C(=O)O)c(N)c1,*Nc1cc(C)cc(NC(=O)C(Cc2cc(OC)ccc2F)C(*)=O)c1C(=O)O,COc1ccc(F)c(CC(C=O)C(=O)Nc2cc(C)cc(N)c2C(=O)O)c1,-1321.062053492141,0.9996587,Polyamidation,253.05048,-8.3511,0.1267,1.15114017,0.00094421,0.30764947,0.076371,7.626017863,-1320.754404022141,-1319.909969112141,8.4778,ORCA,QC,"opt+freq: b3lyp/def2-TZVP em=gd3bj
energy: wB97M-V/ma-def2-TZVP"
621,OMG_polymer_92736,O=C(O)c1nonc1C(=O)O,Nc1ccc(CC(N)C(=O)O)cc1,*Nc1ccc(CC(NC(=O)c2nonc2C(*)=O)C(=O)O)cc1,Nc1ccc(CC(NC(=O)c2nonc2C=O)C(=O)O)cc1,-1097.784566672766,0.9984022,Polyamidation,190.8421,-8.3079,-0.6103,0.27125652,0.00094421,0.20574419,0.06645654,2.403145921,-1097.578822482766,-1097.512365942766,7.6976,ORCA,QC,"opt+freq: b3lyp/def2-TZVP em=gd3bj
energy: wB97M-V/ma-def2-TZVP"
622,OMG_polymer_50547,O=C(O)c1ccc(Nc2ccc(C(=O)O)cc2)cc1,Cc1cc(N)c(N)c(C(=O)O)c1,*Nc1cc(C)cc(C(=O)O)c1NC(=O)c1ccc(Nc2ccc(C(*)=O)cc2)cc1,Cc1cc(N)c(NC(=O)c2ccc(Nc3ccc(C=O)cc3)cc2)c(C(=O)O)c1,-1315.053348498394,0.99923277,Polyamidation,333.38508,-8.0716,-0.1696,0.40023098,0.00094421,0.3204531,0.08072208,4.573522102,-1314.732895398394,-1314.652173308394,7.902,ORCA,QC,"opt+freq: b3lyp/def2-TZVP em=gd3bj
energy: wB97M-V/ma-def2-TZVP"
623,OMG_polymer_158220,O=C(O)CNCc1ccc(C(=O)O)cc1,Nc1cc(N)c(C(=O)O)cc1Cl,*Nc1cc(NC(=O)CNCc2ccc(C(*)=O)cc2)c(C(=O)O)cc1Cl,Nc1cc(NC(=O)CNCc2ccc(C=O)cc2)c(C(=O)O)cc1Cl,-1582.906039023122,0.9995939,Polyamidation,265.63479,-8.5557,0.1363,0.33686905,0.00094421,0.26266858,0.07514469,5.370481079,-1582.643370443122,-1582.568225763122,8.692,ORCA,QC,"opt+freq: b3lyp/def2-TZVP em=gd3bj
energy: wB97M-V/ma-def2-TZVP"
624,OMG_polymer_73053,O=C(O)c1ccc2cc(C(=O)O)ccc2c1,Nc1ccc(C(F)(F)F)c(N)c1C(=O)O,*Nc1ccc(C(F)(F)F)c(NC(=O)c2ccc3cc(C(*)=O)ccc3c2)c1C(=O)O,Nc1ccc(C(F)(F)F)c(NC(=O)c2ccc3cc(C=O)ccc3c2)c1C(=O)O,-1480.113656765307,0.9941744,Polyamidation,287.85582,-8.6488,-0.7435,0.32455074,0.00094421,0.24925857,0.07623638,3.63515148,-1479.864398195307,-1479.788161815307,7.9053,ORCA,QC,"opt+freq: b3lyp/def2-TZVP em=gd3bj
energy: wB97M-V/ma-def2-TZVP"
625,OMG_polymer_193369,O=C(O)c1ccc(CSCc2ccc(C(=O)O)cc2)cc1,Cc1c(N)ccc(N)c1C(=O)O,*Nc1ccc(NC(=O)c2ccc(CSCc3ccc(C(*)=O)cc3)cc2)c(C(=O)O)c1C,Cc1c(N)ccc(NC(=O)c2ccc(CSCc3ccc(C=O)cc3)cc2)c1C(=O)O,-1736.482841401081,0.99818975,Polyamidation,363.96322,-7.853,-0.0799,0.44439441,0.00094421,0.35817632,0.08716231,7.86588737,-1736.124665081081,-1736.037502781081,7.773099999999999,ORCA,QC,"opt+freq: b3lyp/def2-TZVP em=gd3bj
energy: wB97M-V/ma-def2-TZVP"
626,OMG_polymer_94290,Cc1oc(C)c(C(=O)O)c1C(=O)O,Nc1nc(N)c(C(=O)O)nc1Br,*Nc1nc(NC(=O)c2c(C)oc(C)c2C(*)=O)c(C(=O)O)nc1Br,Cc1oc(C)c(C(=O)Nc2nc(N)c(Br)nc2C(=O)O)c1C=O,-3671.287384035305,0.99248135,Polyamidation,237.05322,-8.8696,-0.0793,0.26173748,0.00094421,0.18880533,0.07387636,3.643747447,-3671.098578705305,-3671.024702345305,8.7903,ORCA,QC,"opt+freq: b3lyp/def2-TZVP em=gd3bj
energy: wB97M-V/ma-def2-TZVP"
627,OMG_polymer_155048,O=C(O)CCOc1ccc(OCCC(=O)O)cc1,Nc1nc(N)nc(CC(=O)O)n1,*Nc1nc(CC(=O)O)nc(NC(=O)CCOc2ccc(OCCC(*)=O)cc2)n1,Nc1nc(CC(=O)O)nc(NC(=O)CCOc2ccc(OCCC=O)cc2)n1,-1384.516953726184,0.9993869,Polyamidation,256.24468,-8.2727,0.3205,0.39118755,0.00094421,0.31234353,0.07978823,3.416403506,-1384.204610196184,-1384.124821966184,8.5932,ORCA,QC,"opt+freq: b3lyp/def2-TZVP em=gd3bj
energy: wB97M-V/ma-def2-TZVP"
628,OMG_polymer_144570,O=C(O)CSc1nc2ccccc2nc1SCC(=O)O,Cc1cc(N)c(N)c(C(=O)O)c1,*Nc1cc(C)cc(C(=O)O)c1NC(=O)CSc1nc2ccccc2nc1SCC(*)=O,Cc1cc(N)c(NC(=O)CSc2nc3ccccc3nc2SCC=O)c(C(=O)O)c1,-2089.378964374663,0.99723166,Polyamidation,324.9624,-8.1585,-0.5041,0.77101526,0.00094421,0.30484202,0.08113759,2.817477239,-2089.074122354663,-2088.607004904663,7.6544,ORCA,QC,"opt+freq: b3lyp/def2-TZVP em=gd3bj
energy: wB97M-V/ma-def2-TZVP"
629,OMG_polymer_191308,CC(C)(C)OC(=O)Nc1ccc(C(=O)O)c(C(=O)O)c1,Nc1nc(N)c(C(=O)O)nc1Cl,*Nc1nc(NC(=O)c2ccc(NC(=O)OC(C)(C)C)cc2C(*)=O)c(C(=O)O)nc1Cl,CC(C)(C)OC(=O)Nc1ccc(C(=O)Nc2nc(N)c(Cl)nc2C(=O)O)c(C=O)c1,-1882.250131566133,0.98507166,Polyamidation,312.86714,-8.8075,-0.2338,0.38793698,0.00094421,0.30193426,0.08694693,4.924275746,-1881.948197306133,-1881.861250376133,8.573699999999999,ORCA,QC,"opt+freq: b3lyp/def2-TZVP em=gd3bj
energy: wB97M-V/ma-def2-TZVP"
630,OMG_polymer_68113,CC(C)(C)c1ccc(CC(Cc2ccc(C(C)(C)C)cc2)(C(=O)O)C(=O)O)cc1,N=C(NN)N(N)CC(=O)O,*NNC(=N)N(CC(=O)O)NC(=O)C(Cc1ccc(C(C)(C)C)cc1)(Cc1ccc(C(C)(C)C)cc1)C(*)=O,CC(C)(C)c1ccc(CC(C=O)(Cc2ccc(C(C)(C)C)cc2)C(=O)NN(CC(=O)O)C(=N)NN)cc1,-1665.10030577408,0.7240418,Polyamidation,379.38278,-8.9467,0.1792,0.68182494,0.00094421,0.57816195,0.1046072,2.813681555,-1664.52214382408,-1664.41753662408,9.1259,ORCA,QC,"opt+freq: b3lyp/def2-TZVP em=gd3bj
energy: wB97M-V/ma-def2-TZVP"
631,OMG_polymer_134618,O=C(O)CN(CC(=O)O)C(=O)C1CCCCC1,Cc1cc(N)cc(N)c1C(=O)O,*Nc1cc(C)c(C(=O)O)c(NC(=O)CN(CC(*)=O)C(=O)C2CCCCC2)c1,Cc1cc(N)cc(NC(=O)CN(CC=O)C(=O)C2CCCCC2)c1C(=O)O,-1279.552323890982,0.99888617,Polyamidation,269.095,-8.4018,0.0526,0.45697771,0.00094421,0.37726845,0.08065347,4.540531204,-1279.175055440982,-1279.094401970982,8.4544,ORCA,QC,"opt+freq: b3lyp/def2-TZVP em=gd3bj
energy: wB97M-V/ma-def2-TZVP"
632,OMG_polymer_70046,O=C(O)COc1ccc(F)c(C(=O)O)c1,Nc1cc(C(=O)O)cc(N)n1,*Nc1cc(C(=O)O)cc(NC(=O)COc2ccc(F)c(C(*)=O)c2)n1,Nc1cc(C(=O)O)cc(NC(=O)COc2ccc(F)c(C=O)c2)n1,-1219.177793693791,0.9996929,Polyamidation,227.82218,-8.6546,-0.1072,0.28227748,0.00094421,0.21096298,0.07225872,6.691578756,-1218.966830713791,-1218.894572003791,8.5474,ORCA,QC,"opt+freq: b3lyp/def2-TZVP em=gd3bj
energy: wB97M-V/ma-def2-TZVP"
633,OMG_polymer_56851,COc1ccc(C(=O)O)c(CC(=O)O)c1,Nc1cc(Cl)cc(N)c1CC(=O)O,*Nc1cc(Cl)cc(NC(=O)c2ccc(OC)cc2CC(*)=O)c1CC(=O)O,COc1ccc(C(=O)Nc2cc(Cl)cc(N)c2CC(=O)O)c(CC=O)c1,-1642.078052813731,0.99966395,Polyamidation,269.80383,-8.5203,0.0544,0.3537603499999999,0.00094421,0.27709271,0.07761186,6.781651714,-1641.800960103731,-1641.723348253731,8.5747,ORCA,QC,"opt+freq: b3lyp/def2-TZVP em=gd3bj
energy: wB97M-V/ma-def2-TZVP"
634,OMG_polymer_68021,O=C(O)C(Cc1ccc(Br)c(F)c1)C(=O)O,NCCCCC(N)C(=O)O,*NCCCCC(NC(=O)C(Cc1ccc(Br)c(F)c1)C(*)=O)C(=O)O,NCCCCC(NC(=O)C(C=O)Cc1ccc(Br)c(F)c1)C(=O)O,-3706.085046231311,0.99596137,Polyamidation,241.88345,-9.3599,0.1641,0.37444566,0.00094421,0.29400438,0.0813855,2.175588374,-3705.791041851311,-3705.709656361311,9.524,ORCA,QC,"opt+freq: b3lyp/def2-TZVP em=gd3bj
energy: wB97M-V/ma-def2-TZVP"
635,OMG_polymer_10585,Cc1cccnc1C(CC(=O)O)CC(=O)O,Nc1cc(C(=O)O)cc(N)c1Br,*Nc1cc(C(=O)O)cc(NC(=O)CC(CC(*)=O)c2ncccc2C)c1Br,Cc1cccnc1C(CC=O)CC(=O)Nc1cc(C(=O)O)cc(N)c1Br,-3736.02920535415,0.99861693,Polyamidation,272.44516,-8.3576,0.1618,0.36504734,0.00094421,0.2859954,0.07999615,5.632144257,-3735.74320995415,-3735.66321380415,8.5194,ORCA,QC,"opt+freq: b3lyp/def2-TZVP em=gd3bj
energy: wB97M-V/ma-def2-TZVP"
636,OMG_polymer_130150,O=C(O)Nc1cccc(Cl)c1C(=O)O,Nc1ccc(-c2ccc(N)c(S(=O)(=O)O)c2)cc1S(=O)(=O)O,*Nc1ccc(-c2ccc(NC(=O)Nc3cccc(Cl)c3C(*)=O)c(S(=O)(=O)O)c2)cc1S(=O)(=O)O,Nc1ccc(-c2ccc(NC(=O)Nc3cccc(Cl)c3C=O)c(S(=O)(=O)O)c2)cc1S(=O)(=O)O,-2794.551003977009,0.9637459,Polyamidation,365.92414,-8.6337,-0.3393,0.38404577,0.00094421,0.29435134,0.09063865,9.478486278,-2794.256652637009,-2794.166013997009,8.2944,ORCA,QC,"opt+freq: b3lyp/def2-TZVP em=gd3bj
energy: wB97M-V/ma-def2-TZVP"
637,OMG_polymer_170609,COc1ccc(C(=O)O)c(NC(=O)c2ccccc2C(=O)O)c1,Nc1cc(F)c(N)c(C(=O)O)c1,*Nc1cc(F)c(NC(=O)c2ccc(OC)cc2NC(=O)c2ccccc2C(*)=O)c(C(=O)O)c1,COc1ccc(C(=O)Nc2c(F)cc(N)cc2C(=O)O)c(NC(=O)c2ccccc2C=O)c1,-1602.91551942241,0.9923934,Polyamidation,337.60419,-8.3037,-0.1365,0.41086964,0.00094421,0.32549568,0.08631817,9.522138926,-1602.59002374241,-1602.50370557241,8.1672,ORCA,QC,"opt+freq: b3lyp/def2-TZVP em=gd3bj
energy: wB97M-V/ma-def2-TZVP"
638,OMG_polymer_173913,CCC(NC(=O)C1CCC(C(=O)O)CC1)C(=O)O,Cc1cc(N)c(N)c(C(=O)O)c1,*Nc1cc(C)cc(C(=O)O)c1NC(=O)C1CCC(C(=O)NC(CC)C(*)=O)CC1,CCC(C=O)NC(=O)C1CCC(C(=O)Nc2c(N)cc(C)cc2C(=O)O)CC1,-1318.88601590084,0.9920002,Polyamidation,281.06678,-8.002,0.2651,0.48709337,0.00094421,0.40325118,0.0847864,2.129074017,-1318.48276472084,-1318.39797832084,8.267100000000001,ORCA,QC,"opt+freq: b3lyp/def2-TZVP em=gd3bj
energy: wB97M-V/ma-def2-TZVP"
639,OMG_polymer_54376,COC(=O)C(CC(=O)O)C(CC(=O)O)C(=O)OC,Nc1cc(N)c(CC(=O)O)cc1Br,*Nc1cc(NC(=O)CC(C(=O)OC)C(CC(*)=O)C(=O)OC)c(CC(=O)O)cc1Br,COC(=O)C(CC=O)C(CC(=O)Nc1cc(N)c(Br)cc1CC(=O)O)C(=O)OC,0.0,0.9142046,Polyamidation,0.0,0.0,0.0,0.0,0.0,0.0,0.0,0.0,0.0,0.0,0.0,ORCA,QC,"opt+freq: b3lyp/def2-TZVP em=gd3bj
energy: wB97M-V/ma-def2-TZVP"
640,OMG_polymer_110234,CSCCC(CC(=O)O)CC(=O)O,Cc1cc(C(=O)O)c(N)cc1N,*Nc1cc(NC(=O)CC(CCSC)CC(*)=O)c(C)cc1C(=O)O,CSCCC(CC=O)CC(=O)Nc1cc(N)c(C(=O)O)cc1C,-1431.605786782509,0.99779594,Polyamidation,251.79256,-8.0231,0.1999,0.39206595,0.00094421,0.3133911,0.07961906,3.808773968,-1431.292395682509,-1431.212776622509,8.222999999999999,ORCA,QC,"opt+freq: b3lyp/def2-TZVP em=gd3bj
energy: wB97M-V/ma-def2-TZVP"
641,OMG_polymer_59209,COc1cc(C(=O)O)c(C)c(C(=O)O)c1,N#Cc1ccc(N)c(N)c1C(=O)O,*Nc1ccc(C#N)c(C(=O)O)c1NC(=O)c1cc(OC)cc(C(*)=O)c1C,COc1cc(C=O)c(C)c(C(=O)Nc2c(N)ccc(C#N)c2C(=O)O)c1,-1235.432591364843,0.99494946,Polyamidation,263.68954,-8.7164,-0.3274,0.33234583,0.00094421,0.2579418,0.07534824,2.245216811,-1235.174649564843,-1235.099301324843,8.389,ORCA,QC,"opt+freq: b3lyp/def2-TZVP em=gd3bj
energy: wB97M-V/ma-def2-TZVP"
642,OMG_polymer_101540,Cc1ccc(S(=O)(=O)Nc2cc(C(=O)O)cc(C(=O)O)c2)cc1,Nc1ccc(N)c(C(=O)O)c1F,*Nc1ccc(NC(=O)c2cc(NS(=O)(=O)c3ccc(C)cc3)cc(C(*)=O)c2)c(C(=O)O)c1F,Cc1ccc(S(=O)(=O)Nc2cc(C=O)cc(C(=O)Nc3ccc(N)c(F)c3C(=O)O)c2)cc1,-1962.975402125363,0.9774355,Polyamidation,334.68892,-8.2315,-0.4602,0.40682526,0.00094421,0.31797686,0.08979262,9.459553426,-1962.657425265363,-1962.567632655363,7.7713,ORCA,QC,"opt+freq: b3lyp/def2-TZVP em=gd3bj
energy: wB97M-V/ma-def2-TZVP"
643,OMG_polymer_50067,O=C(O)CCCCSc1ccccc1C(=O)O,Nc1ccc(S(=O)(=O)O)c(N)c1,*Nc1ccc(S(=O)(=O)O)c(NC(=O)CCCCSc2ccccc2C(*)=O)c1,Nc1ccc(S(=O)(=O)O)c(NC(=O)CCCCSc2ccccc2C=O)c1,-1980.038818926926,0.9975751,Polyamidation,285.73387,-8.6533,-0.3474,0.39121026,0.00094421,0.31253972,0.07961476,4.3281125,-1979.726279206926,-1979.646664456926,8.3059,ORCA,QC,"opt+freq: b3lyp/def2-TZVP em=gd3bj
energy: wB97M-V/ma-def2-TZVP"
644,OMG_polymer_169784,O=C(O)c1ccccc1C(=O)NC(C(=O)O)c1ccccc1,N#Cc1ccc(C(=O)O)c(N)c1N,*Nc1c(C(=O)O)ccc(C#N)c1NC(=O)c1ccccc1C(=O)NC(C(*)=O)c1ccccc1,N#Cc1ccc(C(=O)O)c(N)c1NC(=O)c1ccccc1C(=O)NC(C=O)c1ccccc1,-1520.682512672843,0.9939672,Polyamidation,327.531,-8.4804,-0.3765,0.41262083,0.00094421,0.32720539,0.08635964,2.286998,-1520.355307282843,-1520.268947632843,8.1039,ORCA,QC,"opt+freq: b3lyp/def2-TZVP em=gd3bj
energy: wB97M-V/ma-def2-TZVP"
645,OMG_polymer_12575,O=C(O)CC(NC(=O)c1ccc(Br)cc1)C(=O)O,Nc1cc(N)c(CC(=O)O)cc1Br,*Nc1cc(NC(=O)CC(NC(=O)c2ccc(Br)cc2)C(*)=O)c(CC(=O)O)cc1Br,Nc1cc(NC(=O)CC(C=O)NC(=O)c2ccc(Br)cc2)c(CC(=O)O)cc1Br,-6422.819756728266,0.99867237,Polyamidation,313.72088,-8.3891,0.0489,0.36953436,0.00094421,0.28334423,0.08713434,5.575041744,-6422.536412498266,-6422.449278158266,8.437999999999999,ORCA,QC,"opt+freq: b3lyp/def2-TZVP em=gd3bj
energy: wB97M-V/ma-def2-TZVP"
646,OMG_polymer_21498,O=C(O)CNc1ccccc1C(=O)O,Nc1cc(C(=O)O)cc(Br)c1N,*Nc1cc(C(=O)O)cc(Br)c1NC(=O)CNc1ccccc1C(*)=O,Nc1cc(C(=O)O)cc(Br)c1NC(=O)CNc1ccccc1C=O,-3657.414164702368,0.99954,Polyamidation,250.24339,-8.6361,-0.4147,0.30650406,0.00094421,0.2345755,0.07287278,3.589645626,-3657.179589202368,-3657.106716432368,8.221400000000001,ORCA,QC,"opt+freq: b3lyp/def2-TZVP em=gd3bj
energy: wB97M-V/ma-def2-TZVP"
647,OMG_polymer_81542,CSc1ccccc1C(CC(=O)O)C(=O)O,Nc1cc(N)c(C(=O)O)nc1Cl,*Nc1cc(NC(=O)CC(C(*)=O)c2ccccc2SC)c(C(=O)O)nc1Cl,CSc1ccccc1C(C=O)CC(=O)Nc1cc(N)c(Cl)nc1C(=O)O,-1981.092870172866,0.9989454,Polyamidation,277.8151,-8.6816,0.0509,1.01275519,0.00094421,0.25982747,0.07802086,3.983204207,-1980.833042702866,-1980.079170772866,8.7325,ORCA,QC,"opt+freq: b3lyp/def2-TZVP em=gd3bj
energy: wB97M-V/ma-def2-TZVP"
648,OMG_polymer_159799,O=C(O)CS(=O)(=O)CC(NC(=O)OCc1ccccc1)C(=O)O,NC(N)=Nc1ccc(C(=O)O)cc1,*NC(=Nc1ccc(C(=O)O)cc1)NC(=O)CS(=O)(=O)CC(NC(=O)OCc1ccccc1)C(*)=O,NC(=Nc1ccc(C(=O)O)cc1)NC(=O)CS(=O)(=O)CC(C=O)NC(=O)OCc1ccccc1,-2032.633930221607,0.7918613,Polyamidation,319.10033,-9.1279,-0.3732,0.45977209,0.00094421,0.36692426,0.09379205,7.718099489,-2032.267005961607,-2032.173213921607,8.7547,ORCA,QC,"opt+freq: b3lyp/def2-TZVP em=gd3bj
energy: wB97M-V/ma-def2-TZVP"
649,OMG_polymer_190892,O=C(O)C1CCC(C(=O)O)N1C(=O)OCc1ccccc1,Nc1cc(C(=O)O)cc(Br)c1N,*Nc1cc(C(=O)O)cc(Br)c1NC(=O)C1CCC(C(*)=O)N1C(=O)OCc1ccccc1,Nc1cc(C(=O)O)cc(Br)c1NC(=O)C1CCC(C=O)N1C(=O)OCc1ccccc1,-4002.060335378095,0.98331094,Polyamidation,310.28316,-8.7205,0.0338,0.4208663,0.00094421,0.33538291,0.0864276,4.913497879,-4001.724952468095,-4001.638524868095,8.754299999999999,ORCA,QC,"opt+freq: b3lyp/def2-TZVP em=gd3bj
energy: wB97M-V/ma-def2-TZVP"
650,OMG_polymer_143755,N#Cc1cc(C(=O)O)cc(C(=O)O)c1,Nc1ccc(C(=O)O)cc1N,*Nc1ccc(C(=O)O)cc1NC(=O)c1cc(C#N)cc(C(*)=O)c1,N#Cc1cc(C=O)cc(C(=O)Nc2cc(C(=O)O)ccc2N)c1,-1081.597795666482,0.99837387,Polyamidation,221.34255,-8.9089,-0.6565,0.26738963,0.00094421,0.20020537,0.06812848,5.080446574,-1081.397590296482,-1081.329461826482,8.2524,ORCA,QC,"opt+freq: b3lyp/def2-TZVP em=gd3bj
energy: wB97M-V/ma-def2-TZVP"
651,OMG_polymer_199858,CC(C)(C)c1ccc(C=NN(CC(=O)O)CC(=O)O)cc1,Cc1c(N)ccc(N)c1C(=O)O,*Nc1ccc(NC(=O)CN(CC(*)=O)N=Cc2ccc(C(C)(C)C)cc2)c(C(=O)O)c1C,Cc1c(N)ccc(NC(=O)CN(CC=O)N=Cc2ccc(C(C)(C)C)cc2)c1C(=O)O,-1413.222193582561,0.9955662,Polyamidation,336.68137,-7.9671,0.2115,2.05634618,0.00094421,0.42603612,0.08851187,3.342653785,-1412.796157462561,-1411.164903192561,8.1786,ORCA,QC,"opt+freq: b3lyp/def2-TZVP em=gd3bj
energy: wB97M-V/ma-def2-TZVP"
652,OMG_polymer_81921,O=C(O)CC(CC(=O)O)c1c(F)cccc1F,Cc1c(C(=O)O)ccc(N)c1N,*Nc1ccc(C(=O)O)c(C)c1NC(=O)CC(CC(*)=O)c1c(F)cccc1F,Cc1c(C(=O)O)ccc(N)c1NC(=O)CC(CC=O)c1c(F)cccc1F,-1345.094719690936,0.9990872,Polyamidation,249.5513,-8.412,0.2687,0.37174458,0.00094421,0.29462777,0.07806101,2.397685524,-1344.800091920936,-1344.722030900936,8.680700000000002,ORCA,QC,"opt+freq: b3lyp/def2-TZVP em=gd3bj
energy: wB97M-V/ma-def2-TZVP"
653,OMG_polymer_135783,CC(NC(C)C(=O)O)C(=O)O,Nc1c(C(=O)O)cc(Cl)c(F)c1N,*Nc1c(C(=O)O)cc(Cl)c(F)c1NC(=O)C(C)NC(C)C(*)=O,CC(C=O)NC(C)C(=O)Nc1c(N)c(C(=O)O)cc(Cl)c1F,-1529.724286614158,0.9974837,Polyamidation,210.6157,-8.4863,0.1275,0.30242595,0.00094421,0.22999663,0.07337353,5.230809163,-1529.494289984158,-1529.420916454158,8.6138,ORCA,QC,"opt+freq: b3lyp/def2-TZVP em=gd3bj
energy: wB97M-V/ma-def2-TZVP"
654,OMG_polymer_168488,CCOC(=O)CCCC(=O)N(CC(=O)O)CC(=O)O,COc1cc(N)cc(N)c1C(=O)O,*Nc1cc(NC(=O)CN(CC(*)=O)C(=O)CCCC(=O)OCC)c(C(=O)O)c(OC)c1,CCOC(=O)CCCC(=O)N(CC=O)CC(=O)Nc1cc(N)cc(OC)c1C(=O)O,-1505.28642399508,0.99694854,Polyamidation,283.97369,-8.3552,0.1545,0.47254512,0.00094421,0.3844473,0.08904203,7.317204485,-1504.90197669508,-1504.81293466508,8.5097,ORCA,QC,"opt+freq: b3lyp/def2-TZVP em=gd3bj
energy: wB97M-V/ma-def2-TZVP"
655,OMG_polymer_64582,O=C(O)C(CCCc1ccccc1)C(=O)O,COc1cc(N)c(C(=O)O)cc1N,*Nc1cc(OC)c(NC(=O)C(CCCc2ccccc2)C(*)=O)cc1C(=O)O,COc1cc(N)c(C(=O)O)cc1NC(=O)C(C=O)CCCc1ccccc1,-1261.090380096884,0.9994937,Polyamidation,277.99796,-7.7165,0.1942,1.26324691,0.00094421,0.34259114,0.07876525,4.153757816,-1260.747788956884,-1259.826188976884,7.9107,ORCA,QC,"opt+freq: b3lyp/def2-TZVP em=gd3bj
energy: wB97M-V/ma-def2-TZVP"
656,OMG_polymer_149314,O=C(O)CCC(C(=O)O)N(Cc1ccccc1)Cc1ccccc1,Nc1c(Br)ccc(C(=O)O)c1N,*Nc1c(Br)ccc(C(=O)O)c1NC(=O)CCC(C(*)=O)N(Cc1ccccc1)Cc1ccccc1,Nc1c(Br)ccc(C(=O)O)c1NC(=O)CCC(C=O)N(Cc1ccccc1)Cc1ccccc1,0.0,0.9955576,Polyamidation,0.0,0.0,0.0,0.51099521,0.00094421,0.42116111,0.09077831,6.102148411,0.42116111,0.51193942,0.0,ORCA,QC,"opt+freq: b3lyp/def2-TZVP em=gd3bj
energy: wB97M-V/ma-def2-TZVP"
657,OMG_polymer_165458,N#CCC(=O)N(CC(=O)O)CC(=O)O,Cc1cc(N)c(C(=O)O)c(N)c1,*Nc1cc(C)cc(NC(=O)CN(CC(*)=O)C(=O)CC#N)c1C(=O)O,Cc1cc(N)c(C(=O)O)c(NC(=O)CN(CC=O)C(=O)CC#N)c1,-1176.486436223164,0.998662,Polyamidation,223.04616,-8.2682,0.2678,0.33031068,0.00094421,0.25667072,0.07458417,2.063491527,-1176.229765503164,-1176.155181333164,8.536,ORCA,QC,"opt+freq: b3lyp/def2-TZVP em=gd3bj
energy: wB97M-V/ma-def2-TZVP"
658,OMG_polymer_20047,O=C(O)c1ccccc1Nc1ccccc1C(=O)O,Nc1ccnc(N)c1C(=O)O,*Nc1ccnc(NC(=O)c2ccccc2Nc2ccccc2C(*)=O)c1C(=O)O,Nc1ccnc(NC(=O)c2ccccc2Nc2ccccc2C=O)c1C(=O)O,-1291.803311749032,0.99896777,Polyamidation,303.9782,-7.8004,-0.0386,0.35888142,0.00094421,0.28423013,0.07559551,9.069921052,-1291.519081619032,-1291.443486119032,7.7618,ORCA,QC,"opt+freq: b3lyp/def2-TZVP em=gd3bj
energy: wB97M-V/ma-def2-TZVP"
659,OMG_polymer_46059,O=C(O)CSCc1ccc(CC(=O)O)cc1,Cc1c(N)c(C)c(S(=O)(=O)O)c(C)c1N,*Nc1c(C)c(NC(=O)CSCc2ccc(CC(*)=O)cc2)c(C)c(S(=O)(=O)O)c1C,Cc1c(N)c(C)c(S(=O)(=O)O)c(C)c1NC(=O)CSCc1ccc(CC=O)cc1,0.0,0.99415165,Polyamidation,0.0,0.0,0.0,0.44884674,0.00094421,0.36363896,0.08615199,4.60600275,0.36363896,0.44979095,0.0,ORCA,QC,"opt+freq: b3lyp/def2-TZVP em=gd3bj
energy: wB97M-V/ma-def2-TZVP"
660,OMG_polymer_133868,O=C(O)CN(CC(=O)O)C(=O)C1CCCC1,Nc1cc(Br)c(C(=O)O)cc1N,*Nc1cc(Br)c(C(=O)O)cc1NC(=O)CN(CC(*)=O)C(=O)C1CCCC1,Nc1cc(Br)c(C(=O)O)cc1NC(=O)CN(CC=O)C(=O)C1CCCC1,-3774.355482746576,0.9991491,Polyamidation,265.90071,-8.3217,0.124,0.38968973,0.00094421,0.30920568,0.08142825,7.003340124,-3774.046277066576,-3773.964848806576,8.4457,ORCA,QC,"opt+freq: b3lyp/def2-TZVP em=gd3bj
energy: wB97M-V/ma-def2-TZVP"
661,OMG_polymer_45507,O=C(O)CSCc1c(Cl)cccc1C(=O)O,Nc1cnc(C(=O)O)cc1N,*Nc1cnc(C(=O)O)cc1NC(=O)CSCc1c(Cl)cccc1C(*)=O,Nc1cnc(C(=O)O)cc1NC(=O)CSCc1c(Cl)cccc1C=O,0.0,0.99911004,Polyamidation,0.0,0.0,0.0,0.0,0.0,0.0,0.0,0.0,0.0,0.0,0.0,ORCA,QC,"opt+freq: b3lyp/def2-TZVP em=gd3bj
energy: wB97M-V/ma-def2-TZVP"
662,OMG_polymer_27048,CN(CC(=O)O)c1ccccc1C(=O)O,Cc1cc(N)cc(C(=O)O)c1N,*Nc1cc(C)c(NC(=O)CN(C)c2ccccc2C(*)=O)c(C(=O)O)c1,Cc1cc(N)cc(C(=O)O)c1NC(=O)CN(C)c1ccccc1C=O,-1162.591939222002,0.9995159,Polyamidation,251.64949,-8.1973,0.0737,0.37412832,0.00094421,0.30195178,0.07312075,3.713189311,-1162.289987442002,-1162.216866692002,8.271,ORCA,QC,"opt+freq: b3lyp/def2-TZVP em=gd3bj
energy: wB97M-V/ma-def2-TZVP"
663,OMG_polymer_40789,COc1ccc(C(=O)NN(CC(=O)O)CC(=O)O)cc1,Nc1nc(N)c(C(=O)O)nc1Br,*Nc1nc(NC(=O)CN(CC(*)=O)NC(=O)c2ccc(OC)cc2)c(C(=O)O)nc1Br,COc1ccc(C(=O)NN(CC=O)CC(=O)Nc2nc(N)c(Br)nc2C(=O)O)cc1,-4012.044788213942,0.9971551,Polyamidation,305.79164,-8.7395,-0.135,0.37573235,0.00094421,0.28913022,0.08754634,6.014745455,-4011.755657993942,-4011.668111653942,8.6045,ORCA,QC,"opt+freq: b3lyp/def2-TZVP em=gd3bj
energy: wB97M-V/ma-def2-TZVP"
664,OMG_polymer_163077,COc1cccc(C(C)(CC(=O)O)CC(=O)O)c1,Nc1cccc(CC(=O)O)c1N,*Nc1cccc(CC(=O)O)c1NC(=O)CC(C)(CC(*)=O)c1cccc(OC)c1,COc1cccc(C(C)(CC=O)CC(=O)Nc2c(N)cccc2CC(=O)O)c1,-1300.384760285518,0.9994407,Polyamidation,282.44068,-8.226,0.2317,0.45085885,0.00094421,0.37035908,0.08144398,3.652359615,-1300.014401205518,-1299.932957225518,8.4577,ORCA,QC,"opt+freq: b3lyp/def2-TZVP em=gd3bj
energy: wB97M-V/ma-def2-TZVP"
665,OMG_polymer_113679,COc1cc(C(SCC(=O)O)SCC(=O)O)cc(OC)c1OC,Nc1cc(C(=O)O)cnc1N,*Nc1cc(C(=O)O)cnc1NC(=O)CSC(SCC(*)=O)c1cc(OC)c(OC)c(OC)c1,COc1cc(C(SCC=O)SCC(=O)Nc2ncc(C(=O)O)cc2N)cc(OC)c1OC,-2263.264256480731,0.9925249,Polyamidation,333.19423,-8.3422,0.0765,0.45495328,0.00094421,0.36102786,0.09486964,3.964193231,-2262.903228620731,-2262.808358990731,8.4187,ORCA,QC,"opt+freq: b3lyp/def2-TZVP em=gd3bj
energy: wB97M-V/ma-def2-TZVP"
666,OMG_polymer_149461,O=C(O)C(CCc1ccccc1Br)C(=O)O,Cc1ccc(N)c(C(=O)O)c1N,*Nc1ccc(C)c(NC(=O)C(CCc2ccccc2Br)C(*)=O)c1C(=O)O,Cc1ccc(N)c(C(=O)O)c1NC(=O)C(C=O)CCc1ccccc1Br,-3719.974863955405,0.9993487,Polyamidation,276.69593,-8.0799,0.2642,0.37691629,0.00094421,0.29909095,0.07876955,2.861237143,-3719.675773005405,-3719.597003455405,8.344100000000001,ORCA,QC,"opt+freq: b3lyp/def2-TZVP em=gd3bj
energy: wB97M-V/ma-def2-TZVP"
667,OMG_polymer_63876,O=C(O)C1CC(C(=O)O)CN(C(=O)OCc2ccccc2)C1,N#Cc1cc(C(=O)O)c(N)cc1N,*Nc1cc(NC(=O)C2CC(C(*)=O)CN(C(=O)OCc3ccccc3)C2)c(C#N)cc1C(=O)O,N#Cc1cc(C(=O)O)c(N)cc1NC(=O)C1CC(C=O)CN(C(=O)OCc2ccccc2)C1,-1560.218148440507,0.81857365,Polyamidation,319.37545,-8.5644,0.084,0.46039272,0.00094421,0.3733969,0.08794004,5.302415228,-1559.844751540507,-1559.756811510507,8.648399999999999,ORCA,QC,"opt+freq: b3lyp/def2-TZVP em=gd3bj
energy: wB97M-V/ma-def2-TZVP"
668,OMG_polymer_27090,CN(CC(=O)O)c1ccccc1C(=O)O,Nc1cc(F)c(S(N)(=O)=O)cc1C(=O)O,*Nc1cc(F)c(S(=O)(=O)NC(=O)CN(C)c2ccccc2C(*)=O)cc1C(=O)O,CN(CC(=O)NS(=O)(=O)c1cc(C(=O)O)c(N)cc1F)c1ccccc1C=O,-1771.205237203681,0.9992834,Polyamidation,263.709,-8.9275,-0.02,0.35067052,0.00094421,0.27108675,0.08052798,5.558853994,-1770.934150453681,-1770.853622473681,8.9075,ORCA,QC,"opt+freq: b3lyp/def2-TZVP em=gd3bj
energy: wB97M-V/ma-def2-TZVP"
669,OMG_polymer_20037,O=C(O)CC(=O)O,Nc1ccc2c(S(=O)(=O)O)cccc2c1N,*Nc1ccc2c(S(=O)(=O)O)cccc2c1NC(=O)CC(*)=O,Nc1ccc2c(S(=O)(=O)O)cccc2c1NC(=O)CC=O,-1386.513026661705,0.98888505,Polyamidation,212.33134,-8.4129,-0.4238,0.52358752,0.00094421,0.19778361,0.06447312,3.315620239,-1386.315243051705,-1385.988494931705,7.989100000000001,ORCA,QC,"opt+freq: b3lyp/def2-TZVP em=gd3bj
energy: wB97M-V/ma-def2-TZVP"
670,OMG_polymer_205193,CC(C)(C)OC(=O)NC(CSCC(=O)O)C(=O)O,Nc1cc(S(=O)(=O)O)c(N)c(S(=O)(=O)O)c1,*Nc1cc(S(=O)(=O)O)c(NC(=O)CSCC(NC(=O)OC(C)(C)C)C(*)=O)c(S(=O)(=O)O)c1,CC(C)(C)OC(=O)NC(C=O)CSCC(=O)Nc1c(S(=O)(=O)O)cc(N)cc1S(=O)(=O)O,-2734.779955835263,0.8225101,Polyamidation,303.24087,-9.1467,-0.0174,0.44693132,0.00094421,0.35300859,0.09486695,2.070983625,-2734.426947245263,-2734.332080305263,9.129299999999999,ORCA,QC,"opt+freq: b3lyp/def2-TZVP em=gd3bj
energy: wB97M-V/ma-def2-TZVP"
671,OMG_polymer_134394,CC(C)C(=O)N(CC(=O)O)CC(=O)O,Nc1cc(C(=O)O)cnc1N,*Nc1cc(C(=O)O)cnc1NC(=O)CN(CC(*)=O)C(=O)C(C)C,CC(C)C(=O)N(CC=O)CC(=O)Nc1ncc(C(=O)O)cc1N,-1139.568677010211,0.9977393,Polyamidation,218.14079,-8.8789,-0.057,0.34727083,0.00094421,0.27261161,0.07560342,6.617390589,-1139.296065400211,-1139.220461970211,8.8219,ORCA,QC,"opt+freq: b3lyp/def2-TZVP em=gd3bj
energy: wB97M-V/ma-def2-TZVP"
672,OMG_polymer_127985,O=C(O)c1ccccc1C(=O)OCCOCCOC(=O)c1ccccc1C(=O)O,Nc1nc(N)c(C(=O)O)nc1Cl,*Nc1nc(NC(=O)c2ccccc2C(=O)OCCOCCOC(=O)c2ccccc2C(*)=O)c(C(=O)O)nc1Cl,Nc1nc(NC(=O)c2ccccc2C(=O)OCCOCCOC(=O)c2ccccc2C=O)c(C(=O)O)nc1Cl,-2321.752243383156,0.88533133,Polyamidation,362.20827,-8.8335,-0.1264,0.48061752,0.00094421,0.38356587,0.09799586,5.518338405,-2321.368677513156,-2321.270681653156,8.7071,ORCA,QC,"opt+freq: b3lyp/def2-TZVP em=gd3bj
energy: wB97M-V/ma-def2-TZVP"
673,OMG_polymer_89792,O=C(O)CSC1(SCC(=O)O)CCCCC1,Nc1c(F)ccc(C(=O)O)c1N,*Nc1c(F)ccc(C(=O)O)c1NC(=O)CSC1(SCC(*)=O)CCCCC1,Nc1c(F)ccc(C(=O)O)c1NC(=O)CSC1(SCC=O)CCCCC1,-1967.173464658932,0.9894907,Polyamidation,272.6657,-8.093,0.1647,0.39513208,0.00094421,0.31639547,0.07968083,8.746007187,-1966.857069188932,-1966.777388368932,8.2577,ORCA,QC,"opt+freq: b3lyp/def2-TZVP em=gd3bj
energy: wB97M-V/ma-def2-TZVP"
674,OMG_polymer_135335,O=C(O)CN(CC(=O)O)Cc1ccc(Cl)cc1,Nc1cc(C(=O)O)c(N)c(C(F)(F)F)c1,*Nc1cc(C(=O)O)c(NC(=O)CN(CC(*)=O)Cc2ccc(Cl)cc2)c(C(F)(F)F)c1,Nc1cc(C(=O)O)c(NC(=O)CN(CC=O)Cc2ccc(Cl)cc2)c(C(F)(F)F)c1,-1959.314765572454,0.9976859,Polyamidation,274.28821,-8.7112,0.1213,0.3735306,0.00094421,0.29163731,0.0828375,2.260387796,-1959.023128262454,-1958.940290762454,8.8325,ORCA,QC,"opt+freq: b3lyp/def2-TZVP em=gd3bj
energy: wB97M-V/ma-def2-TZVP"
675,OMG_polymer_178977,CC(=O)Nc1ccc(S(=O)(=O)Nc2cc(C(=O)O)cc(C(=O)O)c2)cc1,Nc1c(F)ccc(C(=O)O)c1N,*Nc1c(F)ccc(C(=O)O)c1NC(=O)c1cc(NS(=O)(=O)c2ccc(NC(C)=O)cc2)cc(C(*)=O)c1,CC(=O)Nc1ccc(S(=O)(=O)Nc2cc(C=O)cc(C(=O)Nc3c(C(=O)O)ccc(F)c3N)c2)cc1,-2131.719125761243,0.9447403,Polyamidation,342.91236,-8.7709,-0.4847,0.43677932,0.00094421,0.34600252,0.09172102,6.57022,-2131.373123241243,-2131.281402231243,8.2862,ORCA,QC,"opt+freq: b3lyp/def2-TZVP em=gd3bj
energy: wB97M-V/ma-def2-TZVP"
676,OMG_polymer_146250,O=C1CCC(C(=O)O)(C(=O)O)CC1,CCc1c(N)cc(C(=O)O)cc1N,*Nc1cc(C(=O)O)cc(NC(=O)C2(C(*)=O)CCC(=O)CC2)c1CC,CCc1c(N)cc(C(=O)O)cc1NC(=O)C1(C=O)CCC(=O)CC1,-1145.581553537763,0.99415743,Polyamidation,232.87166,-8.3922,0.138,0.37899236,0.00094421,0.30591249,0.07402408,6.210787373,-1145.275641047763,-1145.201616967763,8.5302,ORCA,QC,"opt+freq: b3lyp/def2-TZVP em=gd3bj
energy: wB97M-V/ma-def2-TZVP"
677,OMG_polymer_60787,O=C(O)c1cccc2c1oc1c(C(=O)O)cccc12,Nc1cc(Br)c(CC(=O)O)cc1N,*Nc1cc(Br)c(CC(=O)O)cc1NC(=O)c1cccc2c1oc1c(C(*)=O)cccc12,Nc1cc(Br)c(CC(=O)O)cc1NC(=O)c1cccc2c1oc1c(C=O)cccc12,-3907.155559686007,0.9955662,Polyamidation,328.72972,-8.2974,-0.3207,0.35624919,0.00094421,0.27678672,0.08040668,9.32771459,-3906.878772966007,-3906.798366286007,7.976699999999999,ORCA,QC,"opt+freq: b3lyp/def2-TZVP em=gd3bj
energy: wB97M-V/ma-def2-TZVP"
678,OMG_polymer_129630,O=C(O)CC(S)(S)C(=O)O,Cc1c(N)ccc(C(=O)O)c1N,*Nc1ccc(C(=O)O)c(NC(=O)CC(S)(S)C(*)=O)c1C,Cc1c(N)ccc(C(=O)O)c1NC(=O)CC(S)(S)C=O,-1672.578397098891,0.7403152,Polyamidation,218.78198,-8.5029,0.2129,0.27210082,0.00094421,0.20462183,0.0684232,4.833353458,-1672.373775268891,-1672.305352068891,8.7158,ORCA,QC,"opt+freq: b3lyp/def2-TZVP em=gd3bj
energy: wB97M-V/ma-def2-TZVP"
679,OMG_polymer_21844,O=C(O)C(F)(F)C(F)(F)C(=O)O,Nc1cccc2c(S(=O)(=O)O)ccc(N)c12,*Nc1cccc2c(S(=O)(=O)O)ccc(NC(=O)C(F)(F)C(F)(F)C(*)=O)c12,Nc1cccc2c(S(=O)(=O)O)ccc(NC(=O)C(F)(F)C(F)(F)C=O)c12,-1822.881118816074,0.99595356,Polyamidation,226.34619,-8.5222,-0.4561,0.26307409,0.00094421,0.18953888,0.07447942,3.789546095,-1822.691579936074,-1822.617100516074,8.0661,ORCA,QC,"opt+freq: b3lyp/def2-TZVP em=gd3bj
energy: wB97M-V/ma-def2-TZVP"
680,OMG_polymer_170814,O=C(O)c1ccc(NC(=O)c2ccccc2C(=O)O)cc1Cl,Nc1cc(Br)c(CC(=O)O)cc1N,*Nc1cc(Br)c(CC(=O)O)cc1NC(=O)c1ccc(NC(=O)c2ccccc2C(*)=O)cc1Cl,Nc1cc(Br)c(CC(=O)O)cc1NC(=O)c1ccc(NC(=O)c2ccccc2C=O)cc1Cl,-4461.425177572755,0.99839276,Polyamidation,366.03712,-8.4214,-0.4096,0.39575565,0.00094421,0.30580094,0.09089892,5.418645088,-4461.119376632755,-4461.028477712755,8.011800000000001,ORCA,QC,"opt+freq: b3lyp/def2-TZVP em=gd3bj
energy: wB97M-V/ma-def2-TZVP"
681,OMG_polymer_103802,O=C(O)CSc1cccc(SCC(=O)O)c1,Nc1cc(C(=O)O)cnc1N,*Nc1cc(C(=O)O)cnc1NC(=O)CSc1cccc(SCC(*)=O)c1,Nc1cc(C(=O)O)cnc1NC(=O)CSc1cccc(SCC=O)c1,-1880.352310703037,0.99939287,Polyamidation,284.03312,-8.7039,0.1057,0.31931824,0.00094421,0.24095751,0.07930494,4.784914733,-1880.111353193037,-1880.032048253037,8.809600000000001,ORCA,QC,"opt+freq: b3lyp/def2-TZVP em=gd3bj
energy: wB97M-V/ma-def2-TZVP"
682,OMG_polymer_111496,CC(C)(F)C(CC(=O)O)CC(=O)O,Nc1cc(N)c(S(=O)(=O)O)cc1S(=O)(=O)O,*Nc1cc(NC(=O)CC(CC(*)=O)C(C)(C)F)c(S(=O)(=O)O)cc1S(=O)(=O)O,CC(C)(F)C(CC=O)CC(=O)Nc1cc(N)c(S(=O)(=O)O)cc1S(=O)(=O)O,-2152.608045841828,0.9217107,Polyamidation,251.76638,-9.233,-0.065,0.37397884,0.00094421,0.29341735,0.08150571,11.210794992,-2152.314628491828,-2152.233122791828,9.168000000000001,ORCA,QC,"opt+freq: b3lyp/def2-TZVP em=gd3bj
energy: wB97M-V/ma-def2-TZVP"
683,OMG_polymer_164446,Cc1ccc(C(=O)N(CC(=O)O)CC(=O)O)cc1,Nc1cc(N)c(C(=O)O)cn1,*Nc1cc(NC(=O)CN(CC(*)=O)C(=O)c2ccc(C)cc2)c(C(=O)O)cn1,Cc1ccc(C(=O)N(CC=O)CC(=O)Nc2cc(N)ncc2C(=O)O)cc1,0.0,0.9995345,Polyamidation,0.0,0.0,0.0,0.0,0.0,0.0,0.0,0.0,0.0,0.0,0.0,ORCA,QC,"opt+freq: b3lyp/def2-TZVP em=gd3bj
energy: wB97M-V/ma-def2-TZVP"
684,OMG_polymer_184737,O=C(O)c1ccccc1C(=O)NCCCCCCNC(=O)c1ccccc1C(=O)O,Nc1c(Br)ccc(C(=O)O)c1N,*Nc1c(Br)ccc(C(=O)O)c1NC(=O)c1ccccc1C(=O)NCCCCCCNC(=O)c1ccccc1C(*)=O,Nc1c(Br)ccc(C(=O)O)c1NC(=O)c1ccccc1C(=O)NCCCCCCNC(=O)c1ccccc1C=O,-4367.088610985368,0.93903875,Polyamidation,424.14779,-7.9974,-0.0028,0.58367711,0.00094421,0.47689537,0.10772594,8.207232655,-4366.611715615368,-4366.503989665368,7.9946,ORCA,QC,"opt+freq: b3lyp/def2-TZVP em=gd3bj
energy: wB97M-V/ma-def2-TZVP"
685,OMG_polymer_106582,O=C(O)Cc1ccc(F)cc1C(=O)O,Nc1ccc(S(=O)(=O)O)c(N)c1,*Nc1ccc(S(=O)(=O)O)c(NC(=O)Cc2ccc(F)cc2C(*)=O)c1,Nc1ccc(S(=O)(=O)O)c(NC(=O)Cc2ccc(F)cc2C=O)c1,-1563.204547469907,0.99966073,Polyamidation,227.48785,-8.7821,-0.5881,0.29124228,0.00094421,0.22128183,0.07090466,5.872318366,-1562.983265639907,-1562.912360979907,8.193999999999999,ORCA,QC,"opt+freq: b3lyp/def2-TZVP em=gd3bj
energy: wB97M-V/ma-def2-TZVP"
686,OMG_polymer_74963,O=C(O)C1CCC(C(=O)O)N1Cc1ccccc1,Cc1c(N)c(C)c(S(=O)(=O)O)c(C)c1N,*Nc1c(C)c(NC(=O)C2CCC(C(*)=O)N2Cc2ccccc2)c(C)c(S(=O)(=O)O)c1C,Cc1c(N)c(C)c(S(=O)(=O)O)c(C)c1NC(=O)C1CCC(C=O)N1Cc1ccccc1,-1793.203990796085,0.92879725,Polyamidation,316.75608,-8.173,0.0452,0.50098857,0.00094421,0.4136304,0.08830239,5.847111649,-1792.790360396085,-1792.702058016085,8.2182,ORCA,QC,"opt+freq: b3lyp/def2-TZVP em=gd3bj
energy: wB97M-V/ma-def2-TZVP"
687,OMG_polymer_49762,CC(SCCC(=O)O)C(=O)O,Nc1c(C(=O)O)cc(Cl)c(F)c1N,*Nc1c(C(=O)O)cc(Cl)c(F)c1NC(=O)CCSC(C)C(*)=O,CC(C=O)SCCC(=O)Nc1c(N)c(C(=O)O)cc(Cl)c1F,-1872.54967727398,0.99630713,Polyamidation,228.38575,-8.5954,0.0902,0.28804778,0.00094421,0.21460787,0.07438412,2.024781285,-1872.33506940398,-1872.26068528398,8.685599999999999,ORCA,QC,"opt+freq: b3lyp/def2-TZVP em=gd3bj
energy: wB97M-V/ma-def2-TZVP"
688,OMG_polymer_199177,O=C(O)CN(CC(=O)O)N=Cc1ccccc1Cl,Nc1ccc(N)c(S(=O)(=O)O)c1,*Nc1ccc(NC(=O)CN(CC(*)=O)N=Cc2ccccc2Cl)c(S(=O)(=O)O)c1,Nc1ccc(NC(=O)CN(CC=O)N=Cc2ccccc2Cl)c(S(=O)(=O)O)c1,-2111.606160846829,0.9978677,Polyamidation,283.72594,-8.244,0.1319,0.36120368,0.00094421,0.2828912,0.07925669,4.724154956,-2111.323269646829,-2111.244012956829,8.3759,ORCA,QC,"opt+freq: b3lyp/def2-TZVP em=gd3bj
energy: wB97M-V/ma-def2-TZVP"
689,OMG_polymer_11406,O=C(O)CC(CC(=O)O)c1cccc(Br)n1,NC(N)=Nc1ccc(C(=O)O)cc1,*NC(=Nc1ccc(C(=O)O)cc1)NC(=O)CC(CC(*)=O)c1cccc(Br)n1,NC(=Nc1ccc(C(=O)O)cc1)NC(=O)CC(CC=O)c1cccc(Br)n1,-3790.18216789084,0.97850823,Polyamidation,280.89039,-8.9997,-0.1269,0.71782064,0.00094421,0.28015501,0.07922645,5.2466717,-3789.90201288084,-3789.46340304084,8.872800000000002,ORCA,QC,"opt+freq: b3lyp/def2-TZVP em=gd3bj
energy: wB97M-V/ma-def2-TZVP"
690,OMG_polymer_44279,CC(CSCC(C)C(=O)O)C(=O)O,Nc1ccc2c(S(=O)(=O)O)cccc2c1N,*Nc1ccc2c(S(=O)(=O)O)cccc2c1NC(=O)C(C)CSCC(C)C(*)=O,CC(C=O)CSCC(C)C(=O)Nc1c(N)ccc2c(S(=O)(=O)O)cccc12,-1981.226306003972,0.98782945,Polyamidation,292.76282,-7.8238,0.0188,0.41320803,0.00094421,0.33121372,0.08293853,10.094949194,-1980.895092283972,-1980.812153763972,7.8426,ORCA,QC,"opt+freq: b3lyp/def2-TZVP em=gd3bj
energy: wB97M-V/ma-def2-TZVP"
691,OMG_polymer_165961,COc1cc(OC)cc(C(=O)N(CC(=O)O)CC(=O)O)c1,Nc1nc(N)c(C(=O)O)cc1Br,*Nc1nc(NC(=O)CN(CC(*)=O)C(=O)c2cc(OC)cc(OC)c2)c(C(=O)O)cc1Br,COc1cc(OC)cc(C(=O)N(CC=O)CC(=O)Nc2nc(N)c(Br)cc2C(=O)O)c1,-4055.207492606834,0.99800056,Polyamidation,315.27125,-8.5143,0.1782,0.40576596,0.00094421,0.31547274,0.09123744,2.002469124,-4054.892019866834,-4054.800782436834,8.6925,ORCA,QC,"opt+freq: b3lyp/def2-TZVP em=gd3bj
energy: wB97M-V/ma-def2-TZVP"
692,OMG_polymer_57656,CCC(CC(=O)O)C(=O)O,Cc1c(C(=O)O)ccc(N)c1N,*Nc1ccc(C(=O)O)c(C)c1NC(=O)CC(CC)C(*)=O,CCC(C=O)CC(=O)Nc1c(N)ccc(C(=O)O)c1C,-954.811400544449,0.9988373,Polyamidation,199.18025,-8.2617,0.165,0.32985957,0.00094421,0.26267598,0.0681278,6.24906979,-954.548724564449,-954.480596764449,8.426699999999999,ORCA,QC,"opt+freq: b3lyp/def2-TZVP em=gd3bj
energy: wB97M-V/ma-def2-TZVP"
693,OMG_polymer_86478,O=C(O)c1cnncc1C(=O)O,N#Cc1ccc(N)c(N)c1C(=O)O,*Nc1ccc(C#N)c(C(=O)O)c1NC(=O)c1cnncc1C(*)=O,N#Cc1ccc(N)c(NC(=O)c2cnncc2C=O)c1C(=O)O,-1113.651074898548,0.98065484,Polyamidation,220.36934,-9.0374,-1.1764,0.2432701,0.00094421,0.17762292,0.06659139,3.966041357,-1113.473451978548,-1113.406860588548,7.861,ORCA,QC,"opt+freq: b3lyp/def2-TZVP em=gd3bj
energy: wB97M-V/ma-def2-TZVP"
694,OMG_polymer_108251,CC(Br)C(=O)c1cc(C(=O)O)cc(C(=O)O)c1,Nc1ccc(C(=O)O)c(S(N)(=O)=O)c1,*Nc1ccc(C(=O)O)c(S(=O)(=O)NC(=O)c2cc(C(*)=O)cc(C(=O)C(C)Br)c2)c1,CC(Br)C(=O)c1cc(C=O)cc(C(=O)NS(=O)(=O)c2cc(N)ccc2C(=O)O)c1,-4303.347550357997,0.9959299,Polyamidation,297.6698,-8.9826,-0.946,0.34266707,0.00094421,0.25783677,0.0857745,5.123937254,-4303.089713587997,-4303.003939077997,8.0366,ORCA,QC,"opt+freq: b3lyp/def2-TZVP em=gd3bj
energy: wB97M-V/ma-def2-TZVP"
695,OMG_polymer_197404,N#CCC(=O)NC(CC(=O)O)C(=O)O,Nc1cc(Br)cc(C(=O)O)c1N,*Nc1cc(Br)cc(C(=O)O)c1NC(=O)CC(NC(=O)CC#N)C(*)=O,N#CCC(=O)NC(C=O)CC(=O)Nc1c(N)cc(Br)cc1C(=O)O,-3710.61543743564,0.9951609,Polyamidation,229.32399,-8.6484,0.0514,0.29293729,0.00094421,0.21979969,0.07408182,5.849988094,-3710.39563774564,-3710.32155593564,8.6998,ORCA,QC,"opt+freq: b3lyp/def2-TZVP em=gd3bj
energy: wB97M-V/ma-def2-TZVP"
696,OMG_polymer_95368,O=C(O)c1cccc(C(=O)O)c1Br,Nc1nc(N)c(C(=O)O)nc1Br,*Nc1nc(NC(=O)c2cccc(C(*)=O)c2Br)c(C(=O)O)nc1Br,Nc1nc(NC(=O)c2cccc(C=O)c2Br)c(C(=O)O)nc1Br,-6168.278769400728,0.9980994,Polyamidation,253.57672,-8.8701,-0.3793,0.22535017,0.00094421,0.15441093,0.07188345,3.352135446,-6168.124358470728,-6168.052475020729,8.4908,ORCA,QC,"opt+freq: b3lyp/def2-TZVP em=gd3bj
energy: wB97M-V/ma-def2-TZVP"
697,OMG_polymer_114801,COc1c(C(=O)O)sc(C(=O)O)c1OC,Cc1c(N)cc(C(=O)O)cc1N,*Nc1cc(C(=O)O)cc(NC(=O)c2sc(C(*)=O)c(OC)c2OC)c1C,COc1c(C=O)sc(C(=O)Nc2cc(C(=O)O)cc(N)c2C)c1OC,-1578.455219196802,0.9972904,Polyamidation,263.59114,-8.3072,-0.4755,0.33334509,0.00094421,0.25553255,0.07875675,4.540864226,-1578.199686646802,-1578.120929896802,7.8317,ORCA,QC,"opt+freq: b3lyp/def2-TZVP em=gd3bj
energy: wB97M-V/ma-def2-TZVP"
698,OMG_polymer_161686,O=C(O)c1cc(F)c(Br)cc1C(=O)O,Nc1cc(S(=O)(=O)O)c(N)cc1S(=O)(=O)O,*Nc1cc(S(=O)(=O)O)c(NC(=O)c2cc(F)c(Br)cc2C(*)=O)cc1S(=O)(=O)O,Nc1cc(S(=O)(=O)O)c(NC(=O)c2cc(F)c(Br)cc2C=O)cc1S(=O)(=O)O,-4721.210951683423,0.9753314,Polyamidation,275.33815,-9.1631,-0.4564,0.27233923,0.00094421,0.19189448,0.08138896,6.045270288,-4721.019057203423,-4720.937668243423,8.7067,ORCA,QC,"opt+freq: b3lyp/def2-TZVP em=gd3bj
energy: wB97M-V/ma-def2-TZVP"
699,OMG_polymer_34982,O=C(O)C(Cc1ccsc1)C(=O)O,COc1cc(N)c(C(=O)O)cc1N,*Nc1cc(OC)c(NC(=O)C(Cc2ccsc2)C(*)=O)cc1C(=O)O,COc1cc(N)c(C(=O)O)cc1NC(=O)C(C=O)Cc1ccsc1,-1503.240364180769,0.99930406,Polyamidation,241.05242,-7.9086,-0.0028,0.32788833,0.00094421,0.25480385,0.0740287,9.118772944,-1502.985560330769,-1502.911531640769,7.9058,ORCA,QC,"opt+freq: b3lyp/def2-TZVP em=gd3bj
energy: wB97M-V/ma-def2-TZVP"
700,OMG_polymer_151103,Cc1ccc(S(=O)(=O)NC(CSCC(=O)O)C(=O)O)cc1,Nc1cc(F)cc(N)c1C(=O)O,*Nc1cc(F)cc(NC(=O)CSCC(NS(=O)(=O)c2ccc(C)cc2)C(*)=O)c1C(=O)O,Cc1ccc(S(=O)(=O)NC(C=O)CSCC(=O)Nc2cc(F)cc(N)c2C(=O)O)cc1,-2248.046784292085,0.96497095,Polyamidation,311.57132,-8.5579,0.1395,0.41286984,0.00094421,0.3260092,0.08780485,4.912277291,-2247.720775092085,-2247.632970242085,8.6974,ORCA,QC,"opt+freq: b3lyp/def2-TZVP em=gd3bj
energy: wB97M-V/ma-def2-TZVP"
701,OMG_polymer_159830,O=C(O)CS(=O)(=O)CC(NC(=O)OCc1ccccc1)C(=O)O,Nc1ccc(C(=O)O)c(S(N)(=O)=O)c1,*Nc1ccc(C(=O)O)c(S(=O)(=O)NC(=O)CS(=O)(=O)CC(NC(=O)OCc2ccccc2)C(*)=O)c1,Nc1ccc(C(=O)O)c(S(=O)(=O)NC(=O)CS(=O)(=O)CC(C=O)NC(=O)OCc2ccccc2)c1,-2487.830068516543,0.9054478,Polyamidation,319.904,-8.7274,0.1291,0.44906973,0.00094421,0.35566484,0.0943491,5.553479098,-2487.474403676543,-2487.380054576543,8.856499999999999,ORCA,QC,"opt+freq: b3lyp/def2-TZVP em=gd3bj
energy: wB97M-V/ma-def2-TZVP"
702,OMG_polymer_13762,CC12CC3(C)CC(C(=O)O)(C1)CC(C(=O)O)(C2)C3,NN=C(C(=O)O)c1ccccc1N,*NN=C(C(=O)O)c1ccccc1NC(=O)C12CC3(C)CC(C)(CC(C(*)=O)(C3)C1)C2,CC12CC3(C)CC(C=O)(C1)CC(C(=O)Nc1ccccc1C(=NN)C(=O)O)(C2)C3,-1319.824034221266,0.617282,Polyamidation,284.2048,-8.7053,0.1822,0.49402557,0.00094421,0.416581,0.07838879,2.654096663,-1319.407453221266,-1319.329064441266,8.8875,ORCA,QC,"opt+freq: b3lyp/def2-TZVP em=gd3bj
energy: wB97M-V/ma-def2-TZVP"
703,OMG_polymer_152740,O=C(O)c1ccc(C=Nc2ccc(C(=O)O)cc2)cc1,Cc1cc(CC(=O)O)c(N)cc1N,*Nc1cc(NC(=O)c2ccc(C=Nc3ccc(C(*)=O)cc3)cc2)c(C)cc1CC(=O)O,Cc1cc(CC(=O)O)c(N)cc1NC(=O)c1ccc(C=Nc2ccc(C=O)cc2)cc1,-1392.454079498442,0.9888958,Polyamidation,366.01666,-7.9186,-0.784,0.4357398,0.00094421,0.35279364,0.08389037,3.136379554,-1392.101285858442,-1392.017395488442,7.1346,ORCA,QC,"opt+freq: b3lyp/def2-TZVP em=gd3bj
energy: wB97M-V/ma-def2-TZVP"
704,OMG_polymer_151777,CC(C)(C)C(=O)OC(C(=O)O)C(OC(=O)C(C)(C)C)C(=O)O,Nc1c(F)ccc(C(=O)O)c1N,*Nc1c(F)ccc(C(=O)O)c1NC(=O)C(OC(=O)C(C)(C)C)C(OC(=O)C(C)(C)C)C(*)=O,CC(C)(C)C(=O)OC(C=O)C(OC(=O)C(C)(C)C)C(=O)Nc1c(C(=O)O)ccc(F)c1N,0.0,0.7783125,Polyamidation,0.0,0.0,0.0,0.0,0.0,0.0,0.0,0.0,0.0,0.0,0.0,ORCA,QC,"opt+freq: b3lyp/def2-TZVP em=gd3bj
energy: wB97M-V/ma-def2-TZVP"
705,OMG_polymer_204639,O=C(O)c1ccccc1COc1ccccc1C(=O)O,Nc1cc(F)c(N)c(C(=O)O)c1,*Nc1cc(F)c(NC(=O)c2ccccc2COc2ccccc2C(*)=O)c(C(=O)O)c1,Nc1cc(F)c(NC(=O)c2ccccc2COc2ccccc2C=O)c(C(=O)O)c1,-1434.176911458987,0.9989225,Polyamidation,293.60902,-8.3506,0.0079,0.38060747,0.00094421,0.30171002,0.07984167,6.589083441,-1433.875201438987,-1433.795359778987,8.3585,ORCA,QC,"opt+freq: b3lyp/def2-TZVP em=gd3bj
energy: wB97M-V/ma-def2-TZVP"
706,OMG_polymer_184621,O=C(O)CCCc1cccc(CCCC(=O)O)c1,N#Cc1cc(C(=O)O)c(N)cc1N,*Nc1cc(NC(=O)CCCc2cccc(CCCC(*)=O)c2)c(C#N)cc1C(=O)O,N#Cc1cc(C(=O)O)c(N)cc1NC(=O)CCCc1cccc(CCCC=O)c1,-1317.458949312846,0.9975561,Polyamidation,288.521,-8.2896,0.2052,0.44698409,0.00094421,0.36683073,0.08109758,4.272670732,-1317.092118582846,-1317.011021012846,8.4948,ORCA,QC,"opt+freq: b3lyp/def2-TZVP em=gd3bj
energy: wB97M-V/ma-def2-TZVP"
707,OMG_polymer_189148,O=C(O)CCNS(=O)(=O)c1ccc(C(=O)O)cc1,N#Cc1cc(N)c(C(=O)O)c(N)c1,*Nc1cc(C#N)cc(NC(=O)CCNS(=O)(=O)c2ccc(C(*)=O)cc2)c1C(=O)O,N#Cc1cc(N)c(C(=O)O)c(NC(=O)CCNS(=O)(=O)c2ccc(C=O)cc2)c1,-1764.221305910168,0.99456775,Polyamidation,291.83663,-8.8035,-0.7298,0.35917678,0.00094421,0.27539861,0.08472238,11.344871763,-1763.945907300168,-1763.861184920168,8.073699999999999,ORCA,QC,"opt+freq: b3lyp/def2-TZVP em=gd3bj
energy: wB97M-V/ma-def2-TZVP"
708,OMG_polymer_16438,O=C(O)c1ccc(Br)c(C(=O)O)c1,Nc1cc(F)cc(C(=O)O)c1N,*Nc1cc(F)cc(C(=O)O)c1NC(=O)c1ccc(Br)c(C(*)=O)c1,Nc1cc(F)cc(C(=O)O)c1NC(=O)c1ccc(Br)c(C=O)c1,-3662.024732505135,0.9993563,Polyamidation,239.17384,-8.4341,-0.4801,0.25157773,0.00094421,0.18386135,0.06866059,1.795720127,-3661.840871155135,-3661.772210565135,7.954000000000001,ORCA,QC,"opt+freq: b3lyp/def2-TZVP em=gd3bj
energy: wB97M-V/ma-def2-TZVP"
709,OMG_polymer_184258,CC(C)(C)C(CC(=O)O)CC(=O)O,Nc1cc(Br)cc(N)c1C(=O)O,*Nc1cc(Br)cc(NC(=O)CC(CC(*)=O)C(C)(C)C)c1C(=O)O,CC(C)(C)C(CC=O)CC(=O)Nc1cc(Br)cc(N)c1C(=O)O,-3606.838840107726,0.9989225,Polyamidation,250.10172,-8.2522,0.0245,0.3796208,0.00094421,0.3034588,0.07710621,6.005118144,-3606.535381307726,-3606.458275097726,8.2767,ORCA,QC,"opt+freq: b3lyp/def2-TZVP em=gd3bj
energy: wB97M-V/ma-def2-TZVP"
710,OMG_polymer_47595,CC(SCC(=O)c1ccc(C(=O)O)cc1)C(=O)O,Nc1nc(N)nc(CC(=O)O)n1,*Nc1nc(CC(=O)O)nc(NC(=O)c2ccc(C(=O)CSC(C)C(*)=O)cc2)n1,CC(C=O)SCC(=O)c1ccc(C(=O)Nc2nc(N)nc(CC(=O)O)n2)cc1,-1706.276753820081,0.9927039,Polyamidation,285.47066,-8.9896,-0.5589,0.36368763,0.00094421,0.27910659,0.08552525,5.514101199,-1705.997647230081,-1705.912121980081,8.4307,ORCA,QC,"opt+freq: b3lyp/def2-TZVP em=gd3bj
energy: wB97M-V/ma-def2-TZVP"
711,OMG_polymer_201803,COc1ccc(C(=O)O)c(NC(=O)CCC(=O)O)c1,N#Cc1cc(C(=O)O)c(N)cc1N,*Nc1cc(NC(=O)c2ccc(OC)cc2NC(=O)CCC(*)=O)c(C#N)cc1C(=O)O,COc1ccc(C(=O)Nc2cc(N)c(C(=O)O)cc2C#N)c(NC(=O)CCC=O)c1,-1443.477229923666,0.9980122,Polyamidation,297.8592,-8.4904,0.0445,0.39253178,0.00094421,0.30958927,0.08388673,7.272447146,-1443.167640653666,-1443.083753933666,8.534899999999999,ORCA,QC,"opt+freq: b3lyp/def2-TZVP em=gd3bj
energy: wB97M-V/ma-def2-TZVP"
712,OMG_polymer_92921,O=C(O)CN(CC(=O)O)S(=O)(=O)c1ccccc1,Nc1ccc(C(=O)O)c(Br)c1N,*Nc1ccc(C(=O)O)c(Br)c1NC(=O)CN(CC(*)=O)S(=O)(=O)c1ccccc1,Nc1ccc(C(=O)O)c(Br)c1NC(=O)CN(CC=O)S(=O)(=O)c1ccccc1,-4245.356262096191,0.999572,Polyamidation,285.59539,-8.6179,0.0049,0.34991276,0.00094421,0.26911244,0.08174454,6.498006308,-4245.087149656191,-4245.005405126191,8.6228,ORCA,QC,"opt+freq: b3lyp/def2-TZVP em=gd3bj
energy: wB97M-V/ma-def2-TZVP"
713,OMG_polymer_140731,O=C(O)c1ccc(C(=O)O)c(Cl)c1,Nc1ccc(C(=O)O)c(N)c1F,*Nc1ccc(C(=O)O)c(NC(=O)c2ccc(C(*)=O)c(Cl)c2)c1F,Nc1ccc(C(=O)O)c(NC(=O)c2ccc(C=O)c(Cl)c2)c1F,-1548.196165982235,0.9986356,Polyamidation,231.1918,-8.7623,-0.7061,0.25164371,0.00094421,0.18375439,0.06883353,4.281130312,-1548.012411592235,-1547.943578062235,8.0562,ORCA,QC,"opt+freq: b3lyp/def2-TZVP em=gd3bj
energy: wB97M-V/ma-def2-TZVP"
714,OMG_polymer_59804,O=C(O)c1cc(F)c(C(=O)O)cc1F,Nc1cc(Br)c(C(=O)O)cc1N,*Nc1cc(Br)c(C(=O)O)cc1NC(=O)c1cc(F)c(C(*)=O)cc1F,Nc1cc(Br)c(C(=O)O)cc1NC(=O)c1cc(F)c(C=O)cc1F,-3761.272913214093,0.9993487,Polyamidation,240.38565,-8.8317,-0.8639,0.24386836,0.00094421,0.1720792,0.07273336,5.572588605,-3761.100834014093,-3761.028100644093,7.9678,ORCA,QC,"opt+freq: b3lyp/def2-TZVP em=gd3bj
energy: wB97M-V/ma-def2-TZVP"
715,OMG_polymer_107268,NNc1c(C(=O)O)cccc1C(=O)O,Cc1cc(C(=O)O)c(N)cc1N,*Nc1cc(NC(=O)c2cccc(C(*)=O)c2NN)c(C)cc1C(=O)O,Cc1cc(C(=O)O)c(N)cc1NC(=O)c1cccc(C=O)c1NN,-1139.330644893341,0.82439125,Polyamidation,252.3717,-8.0826,-0.4763,0.33391308,0.00094421,0.2631597,0.0716976,2.235102238,-1139.067485193341,-1138.995787603341,7.606299999999999,ORCA,QC,"opt+freq: b3lyp/def2-TZVP em=gd3bj
energy: wB97M-V/ma-def2-TZVP"
716,OMG_polymer_127998,O=C(O)c1ccccc1C(=O)OCCOCCOC(=O)c1ccccc1C(=O)O,Nc1ccc(C(=O)O)c(Br)c1N,*Nc1ccc(C(=O)O)c(Br)c1NC(=O)c1ccccc1C(=O)OCCOCCOC(=O)c1ccccc1C(*)=O,Nc1ccc(C(=O)O)c(Br)c1NC(=O)c1ccccc1C(=O)OCCOCCOC(=O)c1ccccc1C=O,0.0,0.94157356,Polyamidation,0.0,0.0,0.0,0.5042250699999999,0.00094421,0.40473526,0.10043402,5.720488719,0.40473526,0.5051692799999999,0.0,ORCA,QC,"opt+freq: b3lyp/def2-TZVP em=gd3bj
energy: wB97M-V/ma-def2-TZVP"
717,OMG_polymer_113307,COc1ccc(Sc2ccc(OC)cc2C(=O)O)c(C(=O)O)c1,Nc1ccc(Oc2cc(Oc3ccc(N)cc3)cc(C(=O)O)c2)cc1,*Nc1ccc(Oc2cc(Oc3ccc(NC(=O)c4cc(OC)ccc4Sc4ccc(OC)cc4C(*)=O)cc3)cc(C(=O)O)c2)cc1,COc1ccc(Sc2ccc(OC)cc2C(=O)Nc2ccc(Oc3cc(Oc4ccc(N)cc4)cc(C(=O)O)c3)cc2)c(C=O)c1,-2460.19754283578,0.92271763,Polyamidation,487.05791,-8.004,-0.2082,0.6063515199999999,0.00094421,0.49820251,0.10909323,5.337858227,-2459.69934032578,-2459.59024710578,7.7958,ORCA,QC,"opt+freq: b3lyp/def2-TZVP em=gd3bj
energy: wB97M-V/ma-def2-TZVP"
718,OMG_polymer_81797,O=C(O)CC(CC(=O)O)c1ncccn1,N#Cc1c(N)ccc(N)c1C(=O)O,*Nc1ccc(NC(=O)CC(CC(*)=O)c2ncccn2)c(C(=O)O)c1C#N,N#Cc1c(N)ccc(NC(=O)CC(CC=O)c2ncccn2)c1C(=O)O,-1231.617617848471,0.9965771,Polyamidation,241.8988,-8.3293,-0.3487,0.33277799,0.00094421,0.25872402,0.07499819,3.170266817,-1231.358893828471,-1231.283895648471,7.9806,ORCA,QC,"opt+freq: b3lyp/def2-TZVP em=gd3bj
energy: wB97M-V/ma-def2-TZVP"
719,OMG_polymer_146848,O=C(O)c1ccc(F)c(C(=O)O)c1,COc1cc(N)c(N)cc1C(=O)O,*Nc1cc(OC)c(C(=O)O)cc1NC(=O)c1ccc(F)c(C(*)=O)c1,COc1cc(N)c(NC(=O)c2ccc(F)c(C=O)c2)cc1C(=O)O,-1203.128801601781,0.99885976,Polyamidation,238.12104,-8.3217,-0.4116,0.29525659,0.00094421,0.22530482,0.07089598,5.039681067,-1202.903496781781,-1202.832600801781,7.9101,ORCA,QC,"opt+freq: b3lyp/def2-TZVP em=gd3bj
energy: wB97M-V/ma-def2-TZVP"
720,OMG_polymer_197598,O=C(O)CN(CC(=O)O)N=Cc1c(F)cccc1Cl,N#Cc1cc(C(=O)O)c(N)cc1N,*Nc1cc(NC(=O)CN(CC(*)=O)N=Cc2c(F)cccc2Cl)c(C#N)cc1C(=O)O,N#Cc1cc(C(=O)O)c(N)cc1NC(=O)CN(CC=O)N=Cc1c(F)cccc1Cl,-1867.854223718363,0.98704207,Polyamidation,294.61858,-8.5848,0.1475,0.35271559,0.00094421,0.27076021,0.0828996,1.217845245,-1867.583463508363,-1867.500563918363,8.7323,ORCA,QC,"opt+freq: b3lyp/def2-TZVP em=gd3bj
energy: wB97M-V/ma-def2-TZVP"
721,OMG_polymer_19146,O=C(O)C(C(=O)O)c1ccsc1,Nc1ccc(N)c(C(=O)O)c1F,*Nc1ccc(NC(=O)C(C(*)=O)c2ccsc2)c(C(=O)O)c1F,Nc1ccc(NC(=O)C(C=O)c2ccsc2)c(C(=O)O)c1F,-1448.662763573833,0.9969957,Polyamidation,211.93062,-8.202,0.2266,0.25549208,0.00094421,0.18898211,0.06745418,1.618948063,-1448.473781463833,-1448.406327283833,8.4286,ORCA,QC,"opt+freq: b3lyp/def2-TZVP em=gd3bj
energy: wB97M-V/ma-def2-TZVP"
722,OMG_polymer_38041,O=C(O)C1Cc2ccccc2CC1C(=O)O,Nc1cc(C(=O)O)c(N)cc1Br,*Nc1cc(C(=O)O)c(NC(=O)C2Cc3ccccc3CC2C(*)=O)cc1Br,Nc1cc(C(=O)O)c(NC(=O)C2Cc3ccccc3CC2C=O)cc1Br,-3718.784238071018,0.99790895,Polyamidation,280.93935,-8.2367,-0.0974,0.35531514,0.00094421,0.27989707,0.07636228,5.569960525,-3718.504341001018,-3718.427978721018,8.1393,ORCA,QC,"opt+freq: b3lyp/def2-TZVP em=gd3bj
energy: wB97M-V/ma-def2-TZVP"
723,OMG_polymer_156999,O=C(NC(CSSCC(NC(=O)OCC1c2ccccc2-c2ccccc21)C(=O)O)C(=O)O)OCC1c2ccccc2-c2ccccc21,Nc1ccc(C(=O)O)cc1N,*Nc1ccc(C(=O)O)cc1NC(=O)C(CSSCC(NC(=O)OCC1c2ccccc2-c2ccccc21)C(*)=O)NC(=O)OCC1c2ccccc2-c2ccccc21,Nc1ccc(C(=O)O)cc1NC(=O)C(CSSCC(C=O)NC(=O)OCC1c2ccccc2-c2ccccc21)NC(=O)OCC1c2ccccc2-c2ccccc21,0.0,0.5004883,Polyamidation,0.0,0.0,0.0,0.0,0.0,0.0,0.0,0.0,0.0,0.0,0.0,ORCA,QC,"opt+freq: b3lyp/def2-TZVP em=gd3bj
energy: wB97M-V/ma-def2-TZVP"
724,OMG_polymer_146586,O=C(O)c1cccc(Br)c1C(=O)O,Cc1c(C(=O)O)ccc(N)c1N,*Nc1ccc(C(=O)O)c(C)c1NC(=O)c1cccc(Br)c1C(*)=O,Cc1c(C(=O)O)ccc(N)c1NC(=O)c1cccc(Br)c1C=O,-3602.05164280029,0.99920374,Polyamidation,248.23758,-8.569,-0.2229,0.28808451,0.00094421,0.21840701,0.07062171,4.932602044,-3601.83323579029,-3601.76261408029,8.346100000000002,ORCA,QC,"opt+freq: b3lyp/def2-TZVP em=gd3bj
energy: wB97M-V/ma-def2-TZVP"
725,OMG_polymer_185417,COc1cc(C(=O)O)c(OC)cc1C(=O)O,Cc1cc(N)cc(C(=O)O)c1N,*Nc1cc(C)c(NC(=O)c2cc(OC)c(C(*)=O)cc2OC)c(C(=O)O)c1,COc1cc(C(=O)Nc2c(C)cc(N)cc2C(=O)O)c(OC)cc1C=O,-1257.702950123188,0.9990283,Polyamidation,266.67891,-8.12,-0.3953,0.36667109,0.00094421,0.28991032,0.07770498,2.77855283,-1257.413039803188,-1257.335334823188,7.724699999999999,ORCA,QC,"opt+freq: b3lyp/def2-TZVP em=gd3bj
energy: wB97M-V/ma-def2-TZVP"
726,OMG_polymer_94070,O=C(O)CSC(SCC(=O)O)c1ccc(Cl)cc1,Nc1cc(F)c(S(N)(=O)=O)cc1C(=O)O,*Nc1cc(F)c(S(=O)(=O)NC(=O)CSC(SCC(*)=O)c2ccc(Cl)cc2)cc1C(=O)O,Nc1cc(F)c(S(=O)(=O)NC(=O)CSC(SCC=O)c2ccc(Cl)cc2)cc1C(=O)O,-3011.139150905649,0.9646725,Polyamidation,312.53337,-9.0895,0.0193,0.35992659,0.00094421,0.2720317,0.08883911,8.251526811,-3010.867119205649,-3010.778280105649,9.108799999999999,ORCA,QC,"opt+freq: b3lyp/def2-TZVP em=gd3bj
energy: wB97M-V/ma-def2-TZVP"
727,OMG_polymer_149423,O=C(O)C(CCc1ccccc1Br)C(=O)O,Cc1c(N)ccc(C(=O)O)c1N,*Nc1ccc(C(=O)O)c(NC(=O)C(CCc2ccccc2Br)C(*)=O)c1C,Cc1c(N)ccc(C(=O)O)c1NC(=O)C(C=O)CCc1ccccc1Br,-3719.972619627564,0.99929726,Polyamidation,275.02465,-8.5041,0.1931,0.37753337,0.00094421,0.29998466,0.07849293,3.311801371,-3719.672634967564,-3719.594142047564,8.697199999999999,ORCA,QC,"opt+freq: b3lyp/def2-TZVP em=gd3bj
energy: wB97M-V/ma-def2-TZVP"
728,OMG_polymer_69939,O=C(O)COc1cc(Br)ccc1C(=O)O,CCOc1c(N)cc(C(=O)O)cc1N,*Nc1cc(C(=O)O)cc(NC(=O)COc2cc(Br)ccc2C(*)=O)c1OCC,CCOc1c(N)cc(C(=O)O)cc1NC(=O)COc1cc(Br)ccc1C=O,-3831.119279031993,0.9997483,Polyamidation,275.79837,-8.5098,-0.189,0.35814218,0.00094421,0.27832754,0.08075886,4.621362002,-3830.840951491993,-3830.760192641993,8.3208,ORCA,QC,"opt+freq: b3lyp/def2-TZVP em=gd3bj
energy: wB97M-V/ma-def2-TZVP"
729,OMG_polymer_130640,O=C(O)c1cc2cc3ccccc3cc2cc1C(=O)O,Nc1cc(CC(=O)O)cc(N)c1Br,*Nc1cc(CC(=O)O)cc(NC(=O)c2cc3cc4ccccc4cc3cc2C(*)=O)c1Br,Nc1cc(CC(=O)O)cc(NC(=O)c2cc3cc4ccccc4cc3cc2C=O)c1Br,-3909.335650298767,0.99572706,Polyamidation,368.39925,-8.0387,-0.7905,0.38710978,0.00094421,0.30571683,0.08233717,7.689823798,-3909.029933468767,-3908.947596308767,7.248200000000001,ORCA,QC,"opt+freq: b3lyp/def2-TZVP em=gd3bj
energy: wB97M-V/ma-def2-TZVP"
730,OMG_polymer_166889,O=C(O)CN(CC(=O)O)C(=O)CCCCl,Nc1ccc(C(=O)O)c(N)n1,*Nc1ccc(C(=O)O)c(NC(=O)CN(CC(*)=O)C(=O)CCCCl)n1,Nc1ccc(C(=O)O)c(NC(=O)CN(CC=O)C(=O)CCCCl)n1,-1599.190442188114,0.9987331,Polyamidation,223.52973,-8.6016,0.248,0.34082239,0.00094421,0.26539988,0.07636673,2.928474194,-1598.925042308114,-1598.848675588114,8.849599999999999,ORCA,QC,"opt+freq: b3lyp/def2-TZVP em=gd3bj
energy: wB97M-V/ma-def2-TZVP"
731,OMG_polymer_100316,CC(c1ccccc1)C(C(=O)O)C(=O)O,COc1cc(N)c(C(=O)O)cc1N,*Nc1cc(OC)c(NC(=O)C(C(*)=O)C(C)c2ccccc2)cc1C(=O)O,COc1cc(N)c(C(=O)O)cc1NC(=O)C(C=O)C(C)c1ccccc1,-1221.788763716659,0.99853635,Polyamidation,255.84439,-7.5773,0.2087,0.39171561,0.00094421,0.31666567,0.07599415,4.400879813,-1221.472098046659,-1221.396103896659,7.786,ORCA,QC,"opt+freq: b3lyp/def2-TZVP em=gd3bj
energy: wB97M-V/ma-def2-TZVP"
732,OMG_polymer_198230,O=C(O)CN(CC(=O)O)N=Cc1ccncc1,Nc1cc(C(=O)O)cnc1N,*Nc1cc(C(=O)O)cnc1NC(=O)CN(CC(*)=O)N=Cc1ccncc1,Nc1cc(C(=O)O)cnc1NC(=O)CN(CC=O)N=Cc1ccncc1,-1248.800415004413,0.9706043,Polyamidation,252.58544,-8.653,-0.0279,0.34390856,0.00094421,0.26872026,0.07613252,4.812062281,-1248.531694744413,-1248.455562234413,8.6251,ORCA,QC,"opt+freq: b3lyp/def2-TZVP em=gd3bj
energy: wB97M-V/ma-def2-TZVP"
733,OMG_polymer_12787,O=C(O)C12CC3CC(C1)CC(C(=O)O)(C3)C2,N#Cc1cc(N)c(C(=O)O)cc1N,*Nc1cc(C#N)c(NC(=O)C23CC4CC(CC(C(*)=O)(C4)C2)C3)cc1C(=O)O,N#Cc1cc(N)c(C(=O)O)cc1NC(=O)C12CC3CC(CC(C=O)(C3)C1)C2,-1240.048619871742,0.8286899,Polyamidation,266.10845,-8.2238,-0.5261,0.4125595,0.00094421,0.33942307,0.07408064,3.564395331,-1239.709196801742,-1239.635116161742,7.697700000000001,ORCA,QC,"opt+freq: b3lyp/def2-TZVP em=gd3bj
energy: wB97M-V/ma-def2-TZVP"
734,OMG_polymer_99380,CC(N)(CC(=O)O)C(=O)O,Nc1ccc(Br)c(C(=O)O)c1N,*Nc1ccc(Br)c(C(=O)O)c1NC(=O)CC(C)(N)C(*)=O,CC(N)(C=O)CC(=O)Nc1c(N)ccc(Br)c1C(=O)O,-3504.977505958439,0.99545276,Polyamidation,205.58931,-8.3486,0.1821,0.27973263,0.00094421,0.21254251,0.06813433,2.123318692,-3504.764963448439,-3504.696829118439,8.5307,ORCA,QC,"opt+freq: b3lyp/def2-TZVP em=gd3bj
energy: wB97M-V/ma-def2-TZVP"
735,OMG_polymer_49523,O=C(O)c1cc(C(=O)O)c(Br)cn1,COc1cc(N)c(C(=O)O)cc1N,*Nc1cc(OC)c(NC(=O)c2cc(C(*)=O)c(Br)cn2)cc1C(=O)O,COc1cc(N)c(C(=O)O)cc1NC(=O)c1cc(C=O)c(Br)cn1,-3693.331998687933,0.9994012,Polyamidation,256.23898,-7.7553,-0.9044,0.8437164499999998,0.00094421,0.20872185,0.07276139,5.389657352,-3693.123276837933,-3692.487338027933,6.8509,ORCA,QC,"opt+freq: b3lyp/def2-TZVP em=gd3bj
energy: wB97M-V/ma-def2-TZVP"
736,OMG_polymer_112313,Cc1cc(SCC(=O)O)nc(SCC(=O)O)n1,Nc1ccc(Oc2cc(Oc3ccc(N)cc3)cc(C(=O)O)c2)cc1,*Nc1ccc(Oc2cc(Oc3ccc(NC(=O)CSc4cc(C)nc(SCC(*)=O)n4)cc3)cc(C(=O)O)c2)cc1,Cc1cc(SCC(=O)Nc2ccc(Oc3cc(Oc4ccc(N)cc4)cc(C(=O)O)c3)cc2)nc(SCC=O)n1,-2548.299836047606,0.93105614,Polyamidation,414.69735,-7.5541,-0.4191,0.5176105200000001,0.00094421,0.41802366,0.10053107,11.096052119,-2547.881812387606,-2547.781281317606,7.135,ORCA,QC,"opt+freq: b3lyp/def2-TZVP em=gd3bj
energy: wB97M-V/ma-def2-TZVP"
737,OMG_polymer_157294,O=C(O)CC(C(=O)O)c1ccccc1Br,NN=C(C(=O)O)c1ccccc1N,*NN=C(C(=O)O)c1ccccc1NC(=O)CC(C(*)=O)c1ccccc1Br,NN=C(C(=O)O)c1ccccc1NC(=O)CC(C=O)c1ccccc1Br,-3734.789861536333,0.9589625,Polyamidation,260.10876,-8.4768,0.0643,0.34178706,0.00094421,0.26786463,0.07486664,3.331962592,-3734.521996906333,-3734.447130266333,8.5411,ORCA,QC,"opt+freq: b3lyp/def2-TZVP em=gd3bj
energy: wB97M-V/ma-def2-TZVP"
738,OMG_polymer_67386,Cc1ccc(NC(CC(=O)O)C(=O)O)cc1,Nc1cc(N)c(CC(=O)O)cc1Cl,*Nc1cc(NC(=O)CC(Nc2ccc(C)cc2)C(*)=O)c(CC(=O)O)cc1Cl,Cc1ccc(NC(C=O)CC(=O)Nc2cc(N)c(Cl)cc2CC(=O)O)cc1,-1661.51799972895,0.99952996,Polyamidation,266.01829,-7.8285,0.0852,0.39580046,0.00094421,0.31768319,0.07906147,3.936534342,-1661.20031653895,-1661.12125505895,7.9137,ORCA,QC,"opt+freq: b3lyp/def2-TZVP em=gd3bj
energy: wB97M-V/ma-def2-TZVP"
739,OMG_polymer_26583,O=C(O)c1ccccc1C(=O)Nc1ccccc1NC(=O)c1ccccc1C(=O)O,Nc1nc(N)c(C(=O)O)nc1Cl,*Nc1nc(NC(=O)c2ccccc2C(=O)Nc2ccccc2NC(=O)c2ccccc2C(*)=O)c(C(=O)O)nc1Cl,Nc1nc(NC(=O)c2ccccc2C(=O)Nc2ccccc2NC(=O)c2ccccc2C=O)c(C(=O)O)nc1Cl,-2280.604168297272,0.9171358,Polyamidation,399.96315,-8.3263,-0.3754,0.46603945,0.00094421,0.37040744,0.09657622,11.505168742,-2280.233760857272,-2280.137184637272,7.9509,ORCA,QC,"opt+freq: b3lyp/def2-TZVP em=gd3bj
energy: wB97M-V/ma-def2-TZVP"
740,OMG_polymer_63772,O=C(O)C1CC(C(=O)O)CN(C(=O)OCc2ccccc2)C1,Cc1cc(N)cc(C(=O)O)c1N,*Nc1cc(C)c(NC(=O)C2CC(C(*)=O)CN(C(=O)OCc3ccccc3)C2)c(C(=O)O)c1,Cc1cc(N)cc(C(=O)O)c1NC(=O)C1CC(C=O)CN(C(=O)OCc2ccccc2)C1,-1507.250680697105,0.9083947,Polyamidation,301.12904,-8.1432,0.1358,0.48894244,0.00094421,0.40483844,0.08504821,2.548669867,-1506.845842257105,-1506.760794047105,8.279,ORCA,QC,"opt+freq: b3lyp/def2-TZVP em=gd3bj
energy: wB97M-V/ma-def2-TZVP"
741,OMG_polymer_139797,O=C(O)CCC(NC(=O)Cc1ccccc1)C(=O)O,Cc1cc(N)cc(C(=O)O)c1N,*Nc1cc(C)c(NC(=O)CCC(NC(=O)Cc2ccccc2)C(*)=O)c(C(=O)O)c1,Cc1cc(N)cc(C(=O)O)c1NC(=O)CCC(C=O)NC(=O)Cc1ccccc1,-1354.590026790035,0.99835795,Polyamidation,287.39078,-8.163,0.1857,0.44549508,0.00094421,0.36156262,0.08487667,5.460876498,-1354.228464170035,-1354.143587500035,8.348700000000001,ORCA,QC,"opt+freq: b3lyp/def2-TZVP em=gd3bj
energy: wB97M-V/ma-def2-TZVP"
742,OMG_polymer_111310,Cc1ccc(C(CC(=O)O)CC(=O)O)cc1C,COc1ccc(C(=O)O)c(N)c1N,*Nc1c(C(=O)O)ccc(OC)c1NC(=O)CC(CC(*)=O)c1ccc(C)c(C)c1,COc1ccc(C(=O)O)c(N)c1NC(=O)CC(CC=O)c1ccc(C)c(C)c1,-1300.40043531963,0.9989778,Polyamidation,277.34419,-8.577,0.1248,0.45012572,0.00094421,0.36790067,0.08316927,5.122749452,-1300.03253464963,-1299.94936538963,8.7018,ORCA,QC,"opt+freq: b3lyp/def2-TZVP em=gd3bj
energy: wB97M-V/ma-def2-TZVP"
743,OMG_polymer_103585,O=C(O)c1ccccc1NCCNc1ccccc1C(=O)O,Cc1c(N)ccc(C(=O)O)c1N,*Nc1ccc(C(=O)O)c(NC(=O)c2ccccc2NCCNc2ccccc2C(*)=O)c1C,Cc1c(N)ccc(C(=O)O)c1NC(=O)c1ccccc1NCCNc1ccccc1C=O,-1449.029679218659,0.9965301,Polyamidation,325.86434,-7.9406,0.2249,0.47959582,0.00094421,0.39760855,0.08293148,3.794551545,-1448.632070668659,-1448.549139188659,8.1655,ORCA,QC,"opt+freq: b3lyp/def2-TZVP em=gd3bj
energy: wB97M-V/ma-def2-TZVP"
744,OMG_polymer_70692,O=C(O)CC(C(=O)O)N1C(=O)c2ccccc2C1=O,Nc1cc(F)cc(N)c1C(=O)O,*Nc1cc(F)cc(NC(=O)CC(C(*)=O)N2C(=O)c3ccccc3C2=O)c1C(=O)O,Nc1cc(F)cc(NC(=O)CC(C=O)N2C(=O)c3ccccc3C2=O)c1C(=O)O,-1448.122418675818,0.97719735,Polyamidation,262.02724,-8.474,-0.3837,0.3382263,0.00094421,0.26040254,0.07876797,7.156835033,-1447.862016135818,-1447.783248165818,8.090300000000001,ORCA,QC,"opt+freq: b3lyp/def2-TZVP em=gd3bj
energy: wB97M-V/ma-def2-TZVP"
745,OMG_polymer_204068,O=C(O)C1CN(Cc2ccccc2)CC1C(=O)O,NCC(N)C(=O)O,*NCC(NC(=O)C1CN(Cc2ccccc2)CC1C(*)=O)C(=O)O,NCC(NC(=O)C1CN(Cc2ccccc2)CC1C=O)C(=O)O,-1087.5482904111,0.98018634,Polyamidation,222.58557,-9.0669,0.0824,0.38595629,0.00094421,0.31304737,0.07385313,4.167315317,-1087.2352430411,-1087.1613899111,9.1493,ORCA,QC,"opt+freq: b3lyp/def2-TZVP em=gd3bj
energy: wB97M-V/ma-def2-TZVP"
746,OMG_polymer_61835,CC(Cc1ccc(Br)cc1)(C(=O)O)C(=O)O,Cc1c(N)ccc(C(=O)O)c1N,*Nc1ccc(C(=O)O)c(NC(=O)C(C)(Cc2ccc(Br)cc2)C(*)=O)c1C,Cc1c(N)ccc(C(=O)O)c1NC(=O)C(C)(C=O)Cc1ccc(Br)cc1,-3719.972102117647,0.998844,Polyamidation,274.63526,-8.4587,0.1169,0.37612132,0.00094421,0.29814422,0.07892131,3.863604396,-3719.673957897647,-3719.595036587647,8.5756,ORCA,QC,"opt+freq: b3lyp/def2-TZVP em=gd3bj
energy: wB97M-V/ma-def2-TZVP"
747,OMG_polymer_69539,O=C(O)C1CC2=C(CC1C(=O)O)CN(Cc1ccccc1)C2,Nc1ccc(S(=O)(=O)O)cc1N,*Nc1ccc(S(=O)(=O)O)cc1NC(=O)C1CC2=C(CC1C(*)=O)CN(Cc1ccccc1)C2,Nc1ccc(S(=O)(=O)O)cc1NC(=O)C1CC2=C(CC1C=O)CN(Cc1ccccc1)C2,-1830.116783374164,0.7783757,Polyamidation,326.75527,-8.6673,-0.0533,0.48506716,0.00094421,0.39902835,0.08698302,9.097404908,-1829.717755024164,-1829.630772004164,8.613999999999999,ORCA,QC,"opt+freq: b3lyp/def2-TZVP em=gd3bj
energy: wB97M-V/ma-def2-TZVP"
748,OMG_polymer_159744,O=C(O)CS(=O)(=O)CC(NC(=O)OCc1ccccc1)C(=O)O,Nc1ccc(Br)c(C(=O)O)c1N,*Nc1ccc(Br)c(C(=O)O)c1NC(=O)CS(=O)(=O)CC(NC(=O)OCc1ccccc1)C(*)=O,Nc1ccc(Br)c(C(=O)O)c1NC(=O)CS(=O)(=O)CC(C=O)NC(=O)OCc1ccccc1,-4512.592808416497,0.9523531,Polyamidation,325.56736,-8.5007,-0.0912,0.42717176,0.00094421,0.33532167,0.0927943,3.781330585,-4512.257486746497,-4512.164692446497,8.4095,ORCA,QC,"opt+freq: b3lyp/def2-TZVP em=gd3bj
energy: wB97M-V/ma-def2-TZVP"
749,OMG_polymer_160449,CC(C)CC(NS(=O)(=O)c1ccc(C(=O)O)cc1)C(=O)O,Nc1cc(F)cc(C(=O)O)c1N,*Nc1cc(F)cc(C(=O)O)c1NC(=O)c1ccc(S(=O)(=O)NC(CC(C)C)C(*)=O)cc1,CC(C)CC(C=O)NS(=O)(=O)c1ccc(C(=O)Nc2c(N)cc(F)cc2C(=O)O)cc1,-1889.146755840286,0.9965837,Polyamidation,305.09875,-8.5957,-0.5006,0.44010801,0.00094421,0.35332777,0.08772445,4.870478266,-1888.793428070286,-1888.705703620286,8.0951,ORCA,QC,"opt+freq: b3lyp/def2-TZVP em=gd3bj
energy: wB97M-V/ma-def2-TZVP"
750,OMG_polymer_187807,CC(C)Oc1ccc(C(=O)O)c(C(=O)O)c1,Nc1ccc(C(N)C(=O)O)cc1,*Nc1ccc(C(NC(=O)c2ccc(OC(C)C)cc2C(*)=O)C(=O)O)cc1,CC(C)Oc1ccc(C(=O)NC(C(=O)O)c2ccc(N)cc2)c(C=O)c1,-1221.777217386795,0.9994622,Polyamidation,263.44804,-8.2714,-0.0447,0.39056649,0.00094421,0.31237424,0.07913646,7.278110548,-1221.464843146795,-1221.385706686795,8.2267,ORCA,QC,"opt+freq: b3lyp/def2-TZVP em=gd3bj
energy: wB97M-V/ma-def2-TZVP"
751,OMG_polymer_47025,O=C(O)CCSCc1ccccc1CC(=O)O,Nc1ccc2cc(S(=O)(=O)O)ccc2c1N,*Nc1ccc2cc(S(=O)(=O)O)ccc2c1NC(=O)CCSCc1ccccc1CC(*)=O,Nc1ccc2cc(S(=O)(=O)O)ccc2c1NC(=O)CCSCc1ccccc1CC=O,-2133.670000553741,0.9943963,Polyamidation,343.2026,-8.2693,-0.0439,0.4401487,0.00094421,0.35321941,0.08787351,8.117026789,-2133.316781143741,-2133.228907643741,8.225399999999999,ORCA,QC,"opt+freq: b3lyp/def2-TZVP em=gd3bj
energy: wB97M-V/ma-def2-TZVP"
752,OMG_polymer_172170,O=C(O)c1cc(NC(=O)C(Cl)Cl)cc(C(=O)O)c1,Nc1ccc(S(N)(=O)=O)cc1C(=O)O,*Nc1ccc(S(=O)(=O)NC(=O)c2cc(NC(=O)C(Cl)Cl)cc(C(*)=O)c2)cc1C(=O)O,Nc1ccc(S(=O)(=O)NC(=O)c2cc(C=O)cc(NC(=O)C(Cl)Cl)c2)cc1C(=O)O,-2665.218782394966,0.9793738,Polyamidation,301.87988,-8.9034,-0.5166,0.32410615,0.00094421,0.23838905,0.08666132,6.322479275,-2664.980393344966,-2664.893732034966,8.3868,ORCA,QC,"opt+freq: b3lyp/def2-TZVP em=gd3bj
energy: wB97M-V/ma-def2-TZVP"
753,OMG_polymer_39822,O=C(O)CC(CC(=O)O)c1cccc(Br)c1,Nc1nc(N)c(C(=O)O)nc1Cl,*Nc1nc(NC(=O)CC(CC(*)=O)c2cccc(Br)c2)c(C(=O)O)nc1Cl,Nc1nc(NC(=O)CC(CC=O)c2cccc(Br)c2)c(C(=O)O)nc1Cl,-4172.376076811225,0.9979771,Polyamidation,280.65753,-8.9794,-0.2407,0.31520136,0.00094421,0.2365828,0.07956277,4.064060987,-4172.139494011225,-4172.059931241225,8.7387,ORCA,QC,"opt+freq: b3lyp/def2-TZVP em=gd3bj
energy: wB97M-V/ma-def2-TZVP"
754,OMG_polymer_89181,O=C(O)c1coc(C(=O)O)c1,Nc1c(C(=O)O)cc(Cl)c(F)c1N,*Nc1c(C(=O)O)cc(Cl)c(F)c1NC(=O)c1coc(C(*)=O)c1,Nc1c(C(=O)O)cc(Cl)c(F)c1NC(=O)c1coc(C=O)c1,-1546.006178463065,0.9957104,Polyamidation,212.46708,-8.5188,-0.3383,0.22128791,0.00094421,0.15578248,0.06644964,2.818439669,-1545.850395983065,-1545.783946343065,8.1805,ORCA,QC,"opt+freq: b3lyp/def2-TZVP em=gd3bj
energy: wB97M-V/ma-def2-TZVP"
755,OMG_polymer_175150,O=C(O)c1cnc(C(=O)O)[nH]1,Nc1cccc2c(S(=O)(=O)O)ccc(N)c12,*Nc1cccc2c(S(=O)(=O)O)ccc(NC(=O)c3cnc(C(*)=O)[nH]3)c12,Nc1cccc2c(S(=O)(=O)O)ccc(NC(=O)c3cnc(C=O)[nH]3)c12,-1572.266543119224,0.9797065,Polyamidation,262.59244,-8.5076,-0.7361,0.2893166,0.00094421,0.21938954,0.07087128,6.727650793,-1572.047153579224,-1571.976282309224,7.7715,ORCA,QC,"opt+freq: b3lyp/def2-TZVP em=gd3bj
energy: wB97M-V/ma-def2-TZVP"
756,OMG_polymer_182071,O=C(O)c1ccc(-c2ccc(-c3ccc(C(=O)O)cc3)cc2)cc1,Nc1cc(N)c(CC(=O)O)cc1Br,*Nc1cc(NC(=O)c2ccc(-c3ccc(-c4ccc(C(*)=O)cc4)cc3)cc2)c(CC(=O)O)cc1Br,Nc1cc(NC(=O)c2ccc(-c3ccc(-c4ccc(C=O)cc4)cc3)cc2)c(CC(=O)O)cc1Br,-4064.173228482935,0.9746166,Polyamidation,428.65242,-8.1888,-0.4137,0.45992213,0.00094421,0.37093916,0.08992718,2.849379971,-4063.802289322935,-4063.712362142935,7.7751,ORCA,QC,"opt+freq: b3lyp/def2-TZVP em=gd3bj
energy: wB97M-V/ma-def2-TZVP"
757,OMG_polymer_201722,COc1ccc(C(=O)O)c(NC(=O)CCC(=O)O)c1,Nc1cc(CC(=O)O)cc(N)c1Br,*Nc1cc(CC(=O)O)cc(NC(=O)c2ccc(OC)cc2NC(=O)CCC(*)=O)c1Br,COc1ccc(C(=O)Nc2cc(CC(=O)O)cc(N)c2Br)c(NC(=O)CCC=O)c1,-3963.933506258637,0.9996244,Polyamidation,312.44691,-8.1975,0.1507,0.4131053,0.00094421,0.32647504,0.08757447,2.842618734,-3963.607031218637,-3963.519456748637,8.3482,ORCA,QC,"opt+freq: b3lyp/def2-TZVP em=gd3bj
energy: wB97M-V/ma-def2-TZVP"
758,OMG_polymer_49296,O=C(O)c1ccc(CSc2ccccc2C(=O)O)cc1,Nc1ccc(SCC(N)C(=O)O)cc1,*Nc1ccc(SCC(NC(=O)c2ccc(CSc3ccccc3C(*)=O)cc2)C(=O)O)cc1,Nc1ccc(SCC(NC(=O)c2ccc(CSc3ccccc3C=O)cc2)C(=O)O)cc1,0.0,0.9993094,Polyamidation,0.0,0.0,0.0,0.0,0.0,0.0,0.0,0.0,0.0,0.0,0.0,ORCA,QC,"opt+freq: b3lyp/def2-TZVP em=gd3bj
energy: wB97M-V/ma-def2-TZVP"
759,OMG_polymer_180615,CC1=C(C)CC(C(=O)O)C(C(=O)O)C1,N#Cc1cc(C(=O)O)c(N)cc1N,*Nc1cc(NC(=O)C2CC(C)=C(C)CC2C(*)=O)c(C#N)cc1C(=O)O,CC1=C(C)CC(C(=O)Nc2cc(N)c(C(=O)O)cc2C#N)C(C=O)C1,-1162.599659807157,0.83340085,Polyamidation,252.66055,-8.7095,0.112,0.37301072,0.00094421,0.2970874,0.07686753,6.33406436,-1162.302572407157,-1162.225704877157,8.8215,ORCA,QC,"opt+freq: b3lyp/def2-TZVP em=gd3bj
energy: wB97M-V/ma-def2-TZVP"
760,OMG_polymer_201556,CCOC(=O)NC(CC(=O)O)C(=O)O,Nc1cc(N)c(F)c(C(=O)O)c1,*Nc1cc(NC(=O)CC(NC(=O)OCC)C(*)=O)c(F)c(C(=O)O)c1,CCOC(=O)NC(C=O)CC(=O)Nc1cc(N)cc(C(=O)O)c1F,-1258.748056991159,0.9965233,Polyamidation,218.2706,-8.3862,0.2306,0.32909672,0.00094421,0.25302953,0.0770114,1.937671563,-1258.495027461159,-1258.418016061159,8.616800000000001,ORCA,QC,"opt+freq: b3lyp/def2-TZVP em=gd3bj
energy: wB97M-V/ma-def2-TZVP"
761,OMG_polymer_148851,O=C(O)CC(NC(=O)C(F)(F)F)C(=O)O,Nc1cncc(C(=O)O)c1N,*Nc1cncc(C(=O)O)c1NC(=O)CC(NC(=O)C(F)(F)F)C(*)=O,Nc1cncc(C(=O)O)c1NC(=O)CC(C=O)NC(=O)C(F)(F)F,-1358.793782286652,0.99213094,Polyamidation,192.26694,-8.8088,-0.0558,0.26806364,0.00094421,0.19556113,0.07344672,3.536499283,-1358.598221156652,-1358.524774436652,8.753,ORCA,QC,"opt+freq: b3lyp/def2-TZVP em=gd3bj
energy: wB97M-V/ma-def2-TZVP"
762,OMG_polymer_177254,O=C(O)c1cc(Br)cc(F)c1C(=O)O,Nc1cc(F)c(C(=O)O)cc1N,*Nc1cc(F)c(C(=O)O)cc1NC(=O)c1cc(Br)cc(F)c1C(*)=O,Nc1cc(F)c(C(=O)O)cc1NC(=O)c1cc(Br)cc(F)c1C=O,-3761.273366077344,0.99909604,Polyamidation,236.72277,-8.9388,-0.5598,0.24386314,0.00094421,0.17202585,0.07278149,7.503152109,-3761.101340227344,-3761.028558727344,8.379000000000001,ORCA,QC,"opt+freq: b3lyp/def2-TZVP em=gd3bj
energy: wB97M-V/ma-def2-TZVP"
763,OMG_polymer_187047,Cc1cc(CC(=O)O)c(C)cc1CC(=O)O,Nc1c(Br)ccc(CC(=O)O)c1N,*Nc1c(Br)ccc(CC(=O)O)c1NC(=O)Cc1cc(C)c(CC(*)=O)cc1C,Cc1cc(CC(=O)Nc2c(CC(=O)O)ccc(Br)c2N)c(C)cc1CC=O,-3759.287922130562,0.9995054,Polyamidation,287.51411,-8.4391,0.2116,0.40625122,0.00094421,0.3254886,0.08170683,2.899145355,-3758.962433530562,-3758.880726700562,8.6507,ORCA,QC,"opt+freq: b3lyp/def2-TZVP em=gd3bj
energy: wB97M-V/ma-def2-TZVP"
764,OMG_polymer_100776,O=C(O)C1=C(C(=O)O)CCC1,Nc1cc(C(=O)O)ccc1S(N)(=O)=O,*Nc1cc(C(=O)O)ccc1S(=O)(=O)NC(=O)C1=C(C(*)=O)CCC1,Nc1cc(C(=O)O)ccc1S(=O)(=O)NC(=O)C1=C(C=O)CCC1,-1501.057242708913,0.9899768,Polyamidation,218.5357,-8.9854,-0.6883,0.29791603,0.00094421,0.22780809,0.07105216,4.180753182,-1500.829434618913,-1500.758382468913,8.2971,ORCA,QC,"opt+freq: b3lyp/def2-TZVP em=gd3bj
energy: wB97M-V/ma-def2-TZVP"
765,OMG_polymer_174321,CCOC(=O)CC(=O)NC(CCC(=O)O)C(=O)O,Nc1ccc(Cl)c(N)c1C(=O)O,*Nc1ccc(Cl)c(NC(=O)CCC(NC(=O)CC(=O)OCC)C(*)=O)c1C(=O)O,CCOC(=O)CC(=O)NC(C=O)CCC(=O)Nc1c(Cl)ccc(N)c1C(=O)O,-1811.04289601708,0.99329424,Polyamidation,262.25365,-8.4154,0.2008,0.39948022,0.00094421,0.3148034,0.08562104,6.681214111,-1810.72809261708,-1810.64247158708,8.6162,ORCA,QC,"opt+freq: b3lyp/def2-TZVP em=gd3bj
energy: wB97M-V/ma-def2-TZVP"
766,OMG_polymer_145996,O=C(O)c1c2ccccc2c(C(=O)O)c2ccccc12,NN=C(C(=O)O)c1ccccc1N,*NN=C(C(=O)O)c1ccccc1NC(=O)c1c2ccccc2c(C(*)=O)c2ccccc12,NN=C(C(=O)O)c1ccccc1NC(=O)c1c2ccccc2c(C=O)c2ccccc12,0.0,0.90344334,Polyamidation,0.0,0.0,0.0,0.38973597,0.00094421,0.31211963,0.07856055,6.492544969,0.31211963,0.39068018,0.0,ORCA,QC,"opt+freq: b3lyp/def2-TZVP em=gd3bj
energy: wB97M-V/ma-def2-TZVP"
767,OMG_polymer_43764,O=C(O)CSc1nnc(SCC(=O)O)nn1,Nc1cc(Br)cc(C(=O)O)c1N,*Nc1cc(Br)cc(C(=O)O)c1NC(=O)CSc1nnc(SCC(*)=O)nn1,Nc1cc(Br)cc(C(=O)O)c1NC(=O)CSc1nnc(SCC=O)nn1,-4501.858300660246,0.99759394,Polyamidation,283.61934,-8.522,-1.3258,0.27259468,0.00094421,0.19278563,0.08075326,3.754990469,-4501.665515030246,-4501.584761770246,7.1962,ORCA,QC,"opt+freq: b3lyp/def2-TZVP em=gd3bj
energy: wB97M-V/ma-def2-TZVP"
768,OMG_polymer_60828,O=C(O)c1cccc2c1oc1c(C(=O)O)cccc12,Nc1cc(S(=O)(=O)O)c(N)c(S(=O)(=O)O)c1,*Nc1cc(S(=O)(=O)O)c(NC(=O)c2cccc3c2oc2c(C(*)=O)cccc23)c(S(=O)(=O)O)c1,Nc1cc(S(=O)(=O)O)c(NC(=O)c2cccc3c2oc2c(C=O)cccc23)c(S(=O)(=O)O)c1,-2353.654458066685,0.8093514,Polyamidation,328.97435,-8.6517,-1.0335,0.35624922,0.00094421,0.27578877,0.08140466,7.758302382,-2353.378669296685,-2353.297264636685,7.6182,ORCA,QC,"opt+freq: b3lyp/def2-TZVP em=gd3bj
energy: wB97M-V/ma-def2-TZVP"
769,OMG_polymer_128811,O=C(O)C(CC(F)(F)F)C(=O)O,Nc1cc(N)c(C(=O)O)cc1Br,*Nc1cc(NC(=O)C(CC(F)(F)F)C(*)=O)c(C(=O)O)cc1Br,Nc1cc(NC(=O)C(C=O)CC(F)(F)F)c(C(=O)O)cc1Br,-3747.461120246192,0.9979888,Polyamidation,205.26071,-8.6699,0.0971,0.24111539,0.00094421,0.1704949,0.07156471,3.040555479,-3747.290625346192,-3747.219060646192,8.767,ORCA,QC,"opt+freq: b3lyp/def2-TZVP em=gd3bj
energy: wB97M-V/ma-def2-TZVP"
770,OMG_polymer_24621,O=C(O)Cc1ccc(CC(=O)O)cc1,Nc1ccc(C(=O)O)c(Br)c1N,*Nc1ccc(C(=O)O)c(Br)c1NC(=O)Cc1ccc(CC(*)=O)cc1,Nc1ccc(C(=O)O)c(Br)c1NC(=O)Cc1ccc(CC=O)cc1,-3641.3598286693,0.9997092,Polyamidation,252.21051,-8.5016,0.1801,0.31763665,0.00094421,0.24519846,0.07338241,2.949592574,-3641.1146302093,-3641.0412478093,8.6817,ORCA,QC,"opt+freq: b3lyp/def2-TZVP em=gd3bj
energy: wB97M-V/ma-def2-TZVP"
771,OMG_polymer_143687,N#Cc1cc(C(=O)O)cc(C(=O)O)c1,Nc1nc(N)nc(C(=O)O)n1,*Nc1nc(NC(=O)c2cc(C#N)cc(C(*)=O)c2)nc(C(=O)O)n1,N#Cc1cc(C=O)cc(C(=O)Nc2nc(N)nc(C(=O)O)n2)c1,-1129.779445894674,0.99705935,Polyamidation,210.28776,-10.1924,-0.68,0.23183842,0.00094421,0.16459164,0.06819098,6.385122442,-1129.614854254674,-1129.546663264674,9.5124,ORCA,QC,"opt+freq: b3lyp/def2-TZVP em=gd3bj
energy: wB97M-V/ma-def2-TZVP"
772,OMG_polymer_38936,O=C(O)c1cncc(C(=O)O)n1,Nc1cc(C(=O)O)c(N)cc1Cl,*Nc1cc(C(=O)O)c(NC(=O)c2cncc(C(*)=O)n2)cc1Cl,Nc1cc(C(=O)O)c(NC(=O)c2cncc(C=O)n2)cc1Cl,-1481.030915752006,0.9982212,Polyamidation,223.13158,-8.1336,-0.7378,0.2347008,0.00094421,0.16911309,0.06653192,2.454634642,-1480.861802662006,-1480.795270742006,7.395799999999999,ORCA,QC,"opt+freq: b3lyp/def2-TZVP em=gd3bj
energy: wB97M-V/ma-def2-TZVP"
773,OMG_polymer_48071,CCOP(=O)(OCC)C(CC(=O)O)C(=O)O,Nc1cc(C(=O)O)c(N)cc1Br,*Nc1cc(C(=O)O)c(NC(=O)CC(C(*)=O)P(=O)(OCC)OCC)cc1Br,CCOP(=O)(OCC)C(C=O)CC(=O)Nc1cc(Br)c(N)cc1C(=O)O,-4135.299419871541,0.7457226,Polyamidation,272.59994,-8.2045,-0.0414,0.38194893,0.00094421,0.2967705,0.08612265,3.640543579,-4135.002649371541,-4134.916526731541,8.1631,ORCA,QC,"opt+freq: b3lyp/def2-TZVP em=gd3bj
energy: wB97M-V/ma-def2-TZVP"
774,OMG_polymer_167960,CCOC(=O)C1(C(=O)N(CC(=O)O)CC(=O)O)CCCC1,Nc1nc(N)nc(CC(=O)O)n1,*Nc1nc(CC(=O)O)nc(NC(=O)CN(CC(*)=O)C(=O)C2(C(=O)OCC)CCCC2)n1,CCOC(=O)C1(C(=O)N(CC=O)CC(=O)Nc2nc(N)nc(CC(=O)O)n2)CCCC1,-1555.654454223403,0.9255334,Polyamidation,274.91328,-9.5343,0.1598,0.46824418,0.00094421,0.37761568,0.09157271,6.287432515,-1555.276838543403,-1555.185265833403,9.6941,ORCA,QC,"opt+freq: b3lyp/def2-TZVP em=gd3bj
energy: wB97M-V/ma-def2-TZVP"
775,OMG_polymer_48651,O=C(O)c1ccc(F)c(Br)c1C(=O)O,Nc1ccc(N)c(C(=O)O)c1Cl,*Nc1ccc(NC(=O)c2ccc(F)c(Br)c2C(*)=O)c(C(=O)O)c1Cl,Nc1ccc(NC(=O)c2ccc(F)c(Br)c2C=O)c(C(=O)O)c1Cl,-4121.604468819478,0.9990207,Polyamidation,248.39986,-8.0967,-0.5289,0.2427196,0.00094421,0.17149527,0.07216854,3.14071087,-4121.432973549478,-4121.360805009478,7.5678,ORCA,QC,"opt+freq: b3lyp/def2-TZVP em=gd3bj
energy: wB97M-V/ma-def2-TZVP"
776,OMG_polymer_59734,O=C(O)c1ccc(-c2ccc(-c3ccc(-c4ccc(C(=O)O)cc4)cc3)cc2)cc1,Nc1c(C(=O)O)ccc(C(F)(F)F)c1N,*Nc1c(C(=O)O)ccc(C(F)(F)F)c1NC(=O)c1ccc(-c2ccc(-c3ccc(-c4ccc(C(*)=O)cc4)cc3)cc2)cc1,Nc1c(C(=O)O)ccc(C(F)(F)F)c1NC(=O)c1ccc(-c2ccc(-c3ccc(-c4ccc(C=O)cc4)cc3)cc2)cc1,-2019.627875535268,0.8415328,Polyamidation,496.14531,-8.4172,-0.4867,0.53242397,0.00094421,0.43381081,0.09955738,0.464339391,-2019.194064725268,-2019.094507355268,7.930499999999999,ORCA,QC,"opt+freq: b3lyp/def2-TZVP em=gd3bj
energy: wB97M-V/ma-def2-TZVP"
777,OMG_polymer_30036,O=C(CC(=O)Nc1ccc(C(=O)O)cc1)Nc1ccc(C(=O)O)cc1,Nc1cnc(C(=O)O)cc1N,*Nc1cnc(C(=O)O)cc1NC(=O)c1ccc(NC(=O)CC(=O)Nc2ccc(C(*)=O)cc2)cc1,Nc1cnc(C(=O)O)cc1NC(=O)c1ccc(NC(=O)CC(=O)Nc2ccc(C=O)cc2)cc1,0.0,0.9975321,Polyamidation,0.0,0.0,0.0,0.0,0.0,0.0,0.0,0.0,0.0,0.0,0.0,ORCA,QC,"opt+freq: b3lyp/def2-TZVP em=gd3bj
energy: wB97M-V/ma-def2-TZVP"
778,OMG_polymer_175446,O=C(O)C1CCC(C(=O)O)N(Cc2ccccc2)C1,Nc1cc(C(=O)O)c(N)cc1F,*Nc1cc(C(=O)O)c(NC(=O)C2CCC(C(*)=O)N(Cc3ccccc3)C2)cc1F,Nc1cc(C(=O)O)c(NC(=O)C2CCC(C=O)N(Cc3ccccc3)C2)cc1F,-1378.59780568434,0.9967333,Polyamidation,278.42416,-8.0933,0.15,0.43443985,0.00094421,0.3573247,0.07805937,6.43715606,-1378.24048098434,-1378.16242162434,8.2433,ORCA,QC,"opt+freq: b3lyp/def2-TZVP em=gd3bj
energy: wB97M-V/ma-def2-TZVP"
779,OMG_polymer_42085,COC(=O)NN(CC(=O)O)CC(=O)O,NNC(=O)c1cc(C(=O)NN)cc(S(=O)(=O)O)c1,*NNC(=O)c1cc(C(=O)NNC(=O)CN(CC(*)=O)NC(=O)OC)cc(S(=O)(=O)O)c1,COC(=O)NN(CC=O)CC(=O)NNC(=O)c1cc(C(=O)NN)cc(S(=O)(=O)O)c1,-1948.175198894487,0.91505283,Polyamidation,255.53113,-9.9812,-0.109,0.38676324,0.00094421,0.30054607,0.08716138,3.648511451,-1947.874652824487,-1947.787491444487,9.8722,ORCA,QC,"opt+freq: b3lyp/def2-TZVP em=gd3bj
energy: wB97M-V/ma-def2-TZVP"
780,OMG_polymer_171360,O=C(O)c1ccccc1C(=O)Nc1c(F)cccc1C(=O)O,Cc1cc(N)cc(C(=O)O)c1N,*Nc1cc(C)c(NC(=O)c2ccccc2C(=O)Nc2c(F)cccc2C(*)=O)c(C(=O)O)c1,Cc1cc(N)cc(C(=O)O)c1NC(=O)c1ccccc1C(=O)Nc1c(F)cccc1C=O,-1527.682247098359,0.9961004,Polyamidation,307.55598,-8.3218,-0.1368,0.40467222,0.00094421,0.32192803,0.0836884,4.24540607,-1527.360319068359,-1527.276630668359,8.185,ORCA,QC,"opt+freq: b3lyp/def2-TZVP em=gd3bj
energy: wB97M-V/ma-def2-TZVP"
781,OMG_polymer_174626,O=C(O)CCCC(=O)NC(CC(=O)O)c1ccccc1,Nc1nc(N)nc(CC(=O)O)n1,*Nc1nc(CC(=O)O)nc(NC(=O)CCCC(=O)NC(CC(*)=O)c2ccccc2)n1,Nc1nc(CC(=O)O)nc(NC(=O)CCCC(=O)NC(CC=O)c2ccccc2)n1,-1442.090372817466,0.9948153,Polyamidation,278.70673,-9.6176,0.1587,0.44078167,0.00094421,0.35518461,0.08654128,2.855797632,-1441.735188207466,-1441.648646937466,9.776299999999999,ORCA,QC,"opt+freq: b3lyp/def2-TZVP em=gd3bj
energy: wB97M-V/ma-def2-TZVP"
782,OMG_polymer_22137,O=C(O)C(F)(F)C(F)(F)C(F)(F)C(F)(F)C(F)(F)C(F)(F)C(=O)O,Nc1cc(C(=O)O)cc(N)n1,*Nc1cc(C(=O)O)cc(NC(=O)C(F)(F)C(F)(F)C(F)(F)C(F)(F)C(F)(F)C(F)(F)C(*)=O)n1,Nc1cc(C(=O)O)cc(NC(=O)C(F)(F)C(F)(F)C(F)(F)C(F)(F)C(F)(F)C(F)(F)C=O)n1,-2201.375481403217,0.6504673,Polyamidation,214.67705,-8.7291,-0.1778,0.25903113,0.00094421,0.16967379,0.09030155,4.559422603,-2201.205807613217,-2201.115506063217,8.551300000000001,ORCA,QC,"opt+freq: b3lyp/def2-TZVP em=gd3bj
energy: wB97M-V/ma-def2-TZVP"
783,OMG_polymer_158012,CC(Cc1ccccc1Cl)(C(=O)O)C(=O)O,NOCC(N)C(=O)O,*NOCC(NC(=O)C(C)(Cc1ccccc1Cl)C(*)=O)C(=O)O,CC(C=O)(Cc1ccccc1Cl)C(=O)NC(CON)C(=O)O,-1489.575912524329,0.9885472,Polyamidation,207.35283,-9.3317,0.3015,0.32751271,0.00094421,0.2554979,0.07295901,1.534361068,-1489.320414624329,-1489.247455604329,9.6332,ORCA,QC,"opt+freq: b3lyp/def2-TZVP em=gd3bj
energy: wB97M-V/ma-def2-TZVP"
784,OMG_polymer_46511,O=C(O)CSCC(F)(F)C(=O)O,Nc1ccc(Br)c(C(=O)O)c1N,*Nc1ccc(Br)c(C(=O)O)c1NC(=O)CSCC(F)(F)C(*)=O,Nc1ccc(Br)c(C(=O)O)c1NC(=O)CSCC(F)(F)C=O,-4046.33335017964,0.9974738,Polyamidation,214.95614,-8.3865,0.1313,0.25023987,0.00094421,0.17860847,0.07257562,1.301070168,-4046.15474170964,-4046.08216609964,8.5178,ORCA,QC,"opt+freq: b3lyp/def2-TZVP em=gd3bj
energy: wB97M-V/ma-def2-TZVP"
785,OMG_polymer_98582,O=C(O)c1c(Br)c(Br)c(Br)c(Br)c1C(=O)O,Nc1c(Cl)ccc(C(=O)O)c1N,*Nc1c(Cl)ccc(C(=O)O)c1NC(=O)c1c(Br)c(Br)c(Br)c(Br)c1C(*)=O,Nc1c(Cl)ccc(C(=O)O)c1NC(=O)c1c(Br)c(Br)c(Br)c(Br)c1C=O,0.0,0.99648935,Polyamidation,0.0,0.0,0.0,0.22379479,0.00094421,0.14404468,0.08069432,4.84080703,0.14404468,0.224739,0.0,ORCA,QC,"opt+freq: b3lyp/def2-TZVP em=gd3bj
energy: wB97M-V/ma-def2-TZVP"
786,OMG_polymer_151413,COc1cccc(C(=O)O)c1Nc1ccccc1C(=O)O,Nc1c(F)ccc(C(=O)O)c1N,*Nc1c(F)ccc(C(=O)O)c1NC(=O)c1cccc(OC)c1Nc1ccccc1C(*)=O,COc1cccc(C(=O)Nc2c(C(=O)O)ccc(F)c2N)c1Nc1ccccc1C=O,-1489.558045305878,0.9990638,Polyamidation,304.42289,-8.1296,-0.1055,0.39916601,0.00094421,0.32071236,0.07939786,4.222141421,-1489.237332945878,-1489.157935085878,8.0241,ORCA,QC,"opt+freq: b3lyp/def2-TZVP em=gd3bj
energy: wB97M-V/ma-def2-TZVP"
787,OMG_polymer_152946,CC1CC(C(=O)O)C(C(=O)O)CC1C,Nc1ccc(C(F)(F)F)c(N)c1C(=O)O,*Nc1ccc(C(F)(F)F)c(NC(=O)C2CC(C)C(C)CC2C(*)=O)c1C(=O)O,CC1CC(C=O)C(C(=O)Nc2c(C(F)(F)F)ccc(N)c2C(=O)O)CC1C,0.0,0.77955264,Polyamidation,0.0,0.0,0.0,0.0,0.0,0.0,0.0,0.0,0.0,0.0,0.0,ORCA,QC,"opt+freq: b3lyp/def2-TZVP em=gd3bj
energy: wB97M-V/ma-def2-TZVP"
788,OMG_polymer_20172,O=C(O)c1ccccc1Nc1ccccc1C(=O)O,Nc1cc(C(=O)O)cnc1N,*Nc1cc(C(=O)O)cnc1NC(=O)c1ccccc1Nc1ccccc1C(*)=O,Nc1cc(C(=O)O)cnc1NC(=O)c1ccccc1Nc1ccccc1C=O,-1291.801980334866,0.9983865,Polyamidation,305.71035,-8.1371,-0.2555,0.35928803,0.00094421,0.28498826,0.07524398,3.935287244,-1291.516992074866,-1291.441748094866,7.881600000000001,ORCA,QC,"opt+freq: b3lyp/def2-TZVP em=gd3bj
energy: wB97M-V/ma-def2-TZVP"
789,OMG_polymer_199550,COc1ccc(OC)c(C=NN(CC(=O)O)CC(=O)O)c1,NC(N)C(=O)O,*NC(NC(=O)CN(CC(*)=O)N=Cc1cc(OC)ccc1OC)C(=O)O,COc1ccc(OC)c(C=NN(CC=O)CC(=O)NC(N)C(=O)O)c1,-1254.012739064314,0.99746895,Polyamidation,235.85065,-8.1597,0.1405,0.38260269,0.00094421,0.30476482,0.07878208,8.160542245,-1253.707974244314,-1253.629192164314,8.3002,ORCA,QC,"opt+freq: b3lyp/def2-TZVP em=gd3bj
energy: wB97M-V/ma-def2-TZVP"
790,OMG_polymer_63479,O=C(O)C12CCCC(C(=O)O)(CC1)C2,COc1c(N)cc(C(=O)O)cc1N,*Nc1cc(C(=O)O)cc(NC(=O)C23CCCC(C(*)=O)(CC2)C3)c1OC,COc1c(N)cc(C(=O)O)cc1NC(=O)C12CCCC(C=O)(CC1)C2,-1184.868101684664,0.9000915,Polyamidation,244.0101,-8.4235,0.1126,0.41006272,0.00094421,0.33611948,0.07488745,5.625386307,-1184.531982204664,-1184.457094754664,8.536100000000001,ORCA,QC,"opt+freq: b3lyp/def2-TZVP em=gd3bj
energy: wB97M-V/ma-def2-TZVP"
791,OMG_polymer_79400,O=C(O)CC(CC(=O)O)c1ccccc1Cl,Nc1cc(C(=O)O)cc(N)c1C(F)(F)F,*Nc1cc(C(=O)O)cc(NC(=O)CC(CC(*)=O)c2ccccc2Cl)c1C(F)(F)F,Nc1cc(C(=O)O)cc(NC(=O)CC(CC=O)c2ccccc2Cl)c1C(F)(F)F,-1903.976282786649,0.99855906,Polyamidation,272.66722,-8.6814,-0.1332,0.35613614,0.00094421,0.27403697,0.08304338,3.666746357,-1903.702245816649,-1903.619202436649,8.5482,ORCA,QC,"opt+freq: b3lyp/def2-TZVP em=gd3bj
energy: wB97M-V/ma-def2-TZVP"
792,OMG_polymer_158809,O=C(O)CSc1cccc(C(=O)O)c1,Cc1cc(N)cc(C(=O)O)c1N,*Nc1cc(C)c(NC(=O)CSc2cccc(C(*)=O)c2)c(C(=O)O)c1,Cc1cc(N)cc(C(=O)O)c1NC(=O)CSc1cccc(C=O)c1,-1466.131563246973,0.9994128,Polyamidation,241.71867,-8.0882,-0.2086,0.32909626,0.00094421,0.25868614,0.07135433,5.362711249,-1465.872877106973,-1465.801522776973,7.879600000000001,ORCA,QC,"opt+freq: b3lyp/def2-TZVP em=gd3bj
energy: wB97M-V/ma-def2-TZVP"
793,OMG_polymer_149037,O=C(O)CCN(CCC(=O)O)C(=O)OCc1ccccc1,COc1cc(N)cc(N)c1C(=O)O,*Nc1cc(NC(=O)CCN(CCC(*)=O)C(=O)OCc2ccccc2)c(C(=O)O)c(OC)c1,COc1cc(N)cc(NC(=O)CCN(CCC=O)C(=O)OCc2ccccc2)c1C(=O)O,0.0,0.99712163,Polyamidation,0.0,0.0,0.0,0.0,0.0,0.0,0.0,0.0,0.0,0.0,0.0,ORCA,QC,"opt+freq: b3lyp/def2-TZVP em=gd3bj
energy: wB97M-V/ma-def2-TZVP"
794,OMG_polymer_147238,CC1=CCC(C(=O)O)C(C(=O)O)C1,N#Cc1c(N)ccc(N)c1C(=O)O,*Nc1ccc(NC(=O)C2CC=C(C)CC2C(*)=O)c(C(=O)O)c1C#N,CC1=CCC(C(=O)Nc2ccc(N)c(C#N)c2C(=O)O)C(C=O)C1,-1123.277146860052,0.8938666,Polyamidation,237.20695,-8.3703,-0.3082,0.34336237,0.00094421,0.27166025,0.07264634,2.633656242,-1123.005486610052,-1122.932840280052,8.062100000000001,ORCA,QC,"opt+freq: b3lyp/def2-TZVP em=gd3bj
energy: wB97M-V/ma-def2-TZVP"
795,OMG_polymer_181907,O=C(O)c1c(Cl)c(Cl)c(C(=O)O)c(Cl)c1Cl,Nc1ccc(Br)c(C(=O)O)c1N,*Nc1ccc(Br)c(C(=O)O)c1NC(=O)c1c(Cl)c(Cl)c(C(*)=O)c(Cl)c1Cl,Nc1ccc(Br)c(C(=O)O)c1NC(=O)c1c(Cl)c(Cl)c(C=O)c(Cl)c1Cl,0.0,0.9983991,Polyamidation,0.0,0.0,0.0,0.67260712,0.00094421,0.14794865,0.0764652,2.725599927,0.14794865,0.67355133,0.0,ORCA,QC,"opt+freq: b3lyp/def2-TZVP em=gd3bj
energy: wB97M-V/ma-def2-TZVP"
796,OMG_polymer_172350,COC(=O)CC(NC(=O)CCC(=O)O)C(=O)O,Nc1cc(Cl)c(S(N)(=O)=O)cc1C(=O)O,*Nc1cc(Cl)c(S(=O)(=O)NC(=O)CCC(=O)NC(CC(=O)OC)C(*)=O)cc1C(=O)O,COC(=O)CC(C=O)NC(=O)CCC(=O)NS(=O)(=O)c1cc(C(=O)O)c(N)cc1Cl,-2320.388352009106,0.96683586,Polyamidation,276.04247,-8.9397,0.0818,0.38296248,0.00094421,0.29186163,0.09204506,6.486617795,-2320.096490379106,-2320.004445319106,9.0215,ORCA,QC,"opt+freq: b3lyp/def2-TZVP em=gd3bj
energy: wB97M-V/ma-def2-TZVP"
797,OMG_polymer_161158,O=C(O)CCCc1ccc(CCCC(=O)O)cc1,Cc1cc(N)c(N)cc1C(=O)O,*Nc1cc(C)c(C(=O)O)cc1NC(=O)CCCc1ccc(CCCC(*)=O)cc1,Cc1cc(N)c(NC(=O)CCCc2ccc(CCCC=O)cc2)cc1C(=O)O,-1264.477114238757,0.9991204,Polyamidation,282.63161,-8.2565,0.0773,0.47539878,0.00094421,0.3933348,0.08300819,7.548696746,-1264.083779438757,-1264.000771248757,8.3338,ORCA,QC,"opt+freq: b3lyp/def2-TZVP em=gd3bj
energy: wB97M-V/ma-def2-TZVP"
798,OMG_polymer_136531,O=C(O)c1ccc2c3c(ccc(C(=O)O)c13)CC2,Nc1cc(Br)c(C(=O)O)cc1N,*Nc1cc(Br)c(C(=O)O)cc1NC(=O)c1ccc2c3c(ccc(C(*)=O)c13)CC2,Nc1cc(Br)c(C(=O)O)cc1NC(=O)c1ccc2c3c(ccc(C=O)c13)CC2,-3793.811761937473,0.96606,Polyamidation,287.96429,-8.4734,-0.5312,0.34464092,0.00094421,0.27073697,0.07484815,3.845906094,-3793.541024967473,-3793.466176807473,7.9422,ORCA,QC,"opt+freq: b3lyp/def2-TZVP em=gd3bj
energy: wB97M-V/ma-def2-TZVP"
799,OMG_polymer_14583,O=C(O)C(Br)C(Br)C(=O)O,Nc1cc(C(=O)O)c(N)c(C(F)(F)F)c1,*Nc1cc(C(=O)O)c(NC(=O)C(Br)C(Br)C(*)=O)c(C(F)(F)F)c1,Nc1cc(C(=O)O)c(NC(=O)C(Br)C(Br)C=O)c(C(F)(F)F)c1,-6320.855286406316,0.99396133,Polyamidation,220.97287,-8.7568,-0.3432,0.23194378,0.00094421,0.15836515,0.07452284,8.540360665,-6320.696921256316,-6320.622398416316,8.4136,ORCA,QC,"opt+freq: b3lyp/def2-TZVP em=gd3bj
energy: wB97M-V/ma-def2-TZVP"
800,OMG_polymer_178993,CC(=O)Nc1ccc(S(=O)(=O)Nc2cc(C(=O)O)cc(C(=O)O)c2)cc1,N#Cc1cc(N)c(C(=O)O)cc1N,*Nc1cc(C#N)c(NC(=O)c2cc(NS(=O)(=O)c3ccc(NC(C)=O)cc3)cc(C(*)=O)c2)cc1C(=O)O,CC(=O)Nc1ccc(S(=O)(=O)Nc2cc(C=O)cc(C(=O)Nc3cc(C(=O)O)c(N)cc3C#N)c2)cc1,-2124.702962827402,0.9339297,Polyamidation,372.93911,-8.5902,-0.8392,0.44417108,0.00094421,0.34934698,0.09576832,8.369014578,-2124.353615847402,-2124.257847537402,7.750999999999999,ORCA,QC,"opt+freq: b3lyp/def2-TZVP em=gd3bj
energy: wB97M-V/ma-def2-TZVP"
801,OMG_polymer_171564,O=C(O)c1ccccc1C(=O)Nc1c(Cl)cccc1C(=O)O,COc1c(N)cc(C(=O)O)cc1N,*Nc1cc(C(=O)O)cc(NC(=O)c2ccccc2C(=O)Nc2c(Cl)cccc2C(*)=O)c1OC,COc1c(N)cc(C(=O)O)cc1NC(=O)c1ccccc1C(=O)Nc1c(Cl)cccc1C=O,0.0,0.99890554,Polyamidation,0.0,0.0,0.0,0.40999133,0.00094421,0.3246368,0.08629874,9.058076742,0.3246368,0.41093554,0.0,ORCA,QC,"opt+freq: b3lyp/def2-TZVP em=gd3bj
energy: wB97M-V/ma-def2-TZVP"
802,OMG_polymer_200617,Cc1ccccc1C=NN(CC(=O)O)CC(=O)O,Nc1cc(N)c(C(=O)O)c(Cl)c1,*Nc1cc(Cl)c(C(=O)O)c(NC(=O)CN(CC(*)=O)N=Cc2ccccc2C)c1,Cc1ccccc1C=NN(CC=O)CC(=O)Nc1cc(N)cc(Cl)c1C(=O)O,-1715.616228996499,0.9948001,Polyamidation,282.46363,-8.4678,0.1188,0.38858527,0.00094421,0.30916495,0.08036453,5.79488581,-1715.307064046499,-1715.226699516499,8.5866,ORCA,QC,"opt+freq: b3lyp/def2-TZVP em=gd3bj
energy: wB97M-V/ma-def2-TZVP"
803,OMG_polymer_138500,O=C(O)CC(CC(=O)O)c1ccccc1Br,Cc1c(N)ccc(N)c1C(=O)O,*Nc1ccc(NC(=O)CC(CC(*)=O)c2ccccc2Br)c(C(=O)O)c1C,Cc1c(N)ccc(NC(=O)CC(CC=O)c2ccccc2Br)c1C(=O)O,-3719.972012011463,0.9989141,Polyamidation,271.62115,-7.9461,0.2858,0.37711407,0.00094421,0.30061686,0.07744142,1.687786273,-3719.671395151463,-3719.593953731463,8.2319,ORCA,QC,"opt+freq: b3lyp/def2-TZVP em=gd3bj
energy: wB97M-V/ma-def2-TZVP"
804,OMG_polymer_26494,O=C(O)CC1(CC(=O)O)CCCC1,Nc1cc(N)c(C(=O)O)cn1,*Nc1cc(NC(=O)CC2(CC(*)=O)CCCC2)c(C(=O)O)cn1,Nc1cc(NC(=O)CC2(CC=O)CCCC2)c(C(=O)O)cn1,-1048.288204967729,0.998345,Polyamidation,213.84028,-8.6227,0.1846,0.35561503,0.00094421,0.28701083,0.06954841,5.218947431,-1048.001194137729,-1047.931645727729,8.8073,ORCA,QC,"opt+freq: b3lyp/def2-TZVP em=gd3bj
energy: wB97M-V/ma-def2-TZVP"
805,OMG_polymer_75749,CC(C)(C)C(CC(=O)O)C(=O)O,Cc1cc(N)cc(C(=O)O)c1N,*Nc1cc(C)c(NC(=O)CC(C(*)=O)C(C)(C)C)c(C(=O)O)c1,Cc1cc(N)cc(C(=O)O)c1NC(=O)CC(C=O)C(C)(C)C,-1033.422297938863,0.9981933,Polyamidation,221.45937,-8.057,0.2928,0.38805425,0.00094421,0.31588844,0.07311002,2.037868508,-1033.106409498863,-1033.033299478863,8.3498,ORCA,QC,"opt+freq: b3lyp/def2-TZVP em=gd3bj
energy: wB97M-V/ma-def2-TZVP"
806,OMG_polymer_60596,O=C(O)CC(OC(=O)c1ccccc1)C(=O)O,Nc1ccc(CC(N)C(=O)O)cc1,*Nc1ccc(CC(NC(=O)CC(OC(=O)c2ccccc2)C(*)=O)C(=O)O)cc1,Nc1ccc(CC(NC(=O)CC(C=O)OC(=O)c2ccccc2)C(=O)O)cc1,-1335.161049634438,0.9969897,Polyamidation,258.68175,-8.4489,0.1042,0.40381254,0.00094421,0.32514232,0.07961443,6.008856711,-1334.835907314438,-1334.756292884438,8.5531,ORCA,QC,"opt+freq: b3lyp/def2-TZVP em=gd3bj
energy: wB97M-V/ma-def2-TZVP"
807,OMG_polymer_78150,COc1ccc(C(CC(=O)O)C(=O)O)cc1C,NOCC(N)C(=O)O,*NOCC(NC(=O)CC(C(*)=O)c1ccc(OC)c(C)c1)C(=O)O,COc1ccc(C(C=O)CC(=O)NC(CON)C(=O)O)cc1C,-1144.503421959059,0.9830688,Polyamidation,211.78834,-8.6762,0.1581,0.37045033,0.00094421,0.29486548,0.07652906,6.552081679,-1144.208556479059,-1144.132027419059,8.834299999999999,ORCA,QC,"opt+freq: b3lyp/def2-TZVP em=gd3bj
energy: wB97M-V/ma-def2-TZVP"
808,OMG_polymer_141483,O=C(O)c1cn[nH]c1C(=O)O,Nc1ccc(Br)c(N)c1C(=O)O,*Nc1ccc(Br)c(NC(=O)c2cn[nH]c2C(*)=O)c1C(=O)O,Nc1ccc(Br)c(NC(=O)c2cn[nH]c2C=O)c1C(=O)O,-3556.735140073342,0.9990434,Polyamidation,212.81103,-8.4105,-0.3205,0.2290445,0.00094421,0.1642237,0.06576501,6.858762898,-3556.570916373342,-3556.505151363342,8.09,ORCA,QC,"opt+freq: b3lyp/def2-TZVP em=gd3bj
energy: wB97M-V/ma-def2-TZVP"
809,OMG_polymer_38877,O=C(O)c1cncc(C(=O)O)n1,COc1cc(N)c(N)cc1C(=O)O,*Nc1cc(OC)c(C(=O)O)cc1NC(=O)c1cncc(C(*)=O)n1,COc1cc(N)c(NC(=O)c2cncc(C=O)n2)cc1C(=O)O,-1135.958480358961,0.99789256,Polyamidation,225.22498,-8.2891,-0.8669,0.2782821,0.00094421,0.20959922,0.06962708,4.96560872,-1135.748881138961,-1135.679254048961,7.422199999999999,ORCA,QC,"opt+freq: b3lyp/def2-TZVP em=gd3bj
energy: wB97M-V/ma-def2-TZVP"
810,OMG_polymer_164519,COc1ccc(C(=O)N(CC(=O)O)CC(=O)O)cc1,Nc1cc(C(=O)O)cc(N)n1,*Nc1cc(C(=O)O)cc(NC(=O)CN(CC(*)=O)C(=O)c2ccc(OC)cc2)n1,COc1ccc(C(=O)N(CC=O)CC(=O)Nc2cc(C(=O)O)cc(N)n2)cc1,-1367.246185583945,0.99963236,Polyamidation,270.122,-8.2995,0.2215,0.37959537,0.00094421,0.29894333,0.08159625,3.405873721,-1366.947242253945,-1366.865646003945,8.521,ORCA,QC,"opt+freq: b3lyp/def2-TZVP em=gd3bj
energy: wB97M-V/ma-def2-TZVP"
811,OMG_polymer_152237,CC(=O)NC(CCC(=O)O)C(=O)O,N#Cc1cc(N)c(C(=O)O)c(N)c1,*Nc1cc(C#N)cc(NC(=O)CCC(NC(C)=O)C(*)=O)c1C(=O)O,CC(=O)NC(C=O)CCC(=O)Nc1cc(C#N)cc(N)c1C(=O)O,0.0,0.9913809,Polyamidation,0.0,0.0,0.0,0.0,0.0,0.0,0.0,0.0,0.0,0.0,0.0,ORCA,QC,"opt+freq: b3lyp/def2-TZVP em=gd3bj
energy: wB97M-V/ma-def2-TZVP"
812,OMG_polymer_198104,O=C(O)CN(CC(=O)O)N=Cc1ccncc1,Nc1c(C(=O)O)cc(Cl)c(Br)c1N,*Nc1c(C(=O)O)cc(Cl)c(Br)c1NC(=O)CN(CC(*)=O)N=Cc1ccncc1,Nc1c(C(=O)O)cc(Cl)c(Br)c1NC(=O)CN(CC=O)N=Cc1ccncc1,-4265.768717130493,0.96503687,Polyamidation,289.49381,-8.6572,-0.2175,0.33932294,0.00094421,0.25927755,0.08098959,3.301323052,-4265.509439580494,-4265.428449980493,8.4397,ORCA,QC,"opt+freq: b3lyp/def2-TZVP em=gd3bj
energy: wB97M-V/ma-def2-TZVP"
813,OMG_polymer_185076,O=C(O)C1C2CCC(C2)C1C(=O)O,Cc1c(N)cc(N)c(C)c1C(=O)O,*Nc1cc(NC(=O)C2C3CCC(C3)C2C(*)=O)c(C)c(C(=O)O)c1C,Cc1c(N)cc(NC(=O)C2C3CCC(C3)C2C=O)c(C)c1C(=O)O,-1109.631788755386,0.93358237,Polyamidation,239.40071,-7.985,0.1533,0.40374532,0.00094421,0.33140758,0.07328195,3.130243581,-1109.300381175386,-1109.227099225386,8.138300000000001,ORCA,QC,"opt+freq: b3lyp/def2-TZVP em=gd3bj
energy: wB97M-V/ma-def2-TZVP"
814,OMG_polymer_172239,O=C(O)c1cc(NC(=O)C(Cl)Cl)cc(C(=O)O)c1,Nc1cccc(N)c1C(=O)O,*Nc1cccc(NC(=O)c2cc(NC(=O)C(Cl)Cl)cc(C(*)=O)c2)c1C(=O)O,Nc1cccc(NC(=O)c2cc(C=O)cc(NC(=O)C(Cl)Cl)c2)c1C(=O)O,-2116.565807846897,0.99909246,Polyamidation,285.78042,-8.1741,-0.2985,0.9304016100000001,0.00094421,0.23283326,0.07789561,5.947625919,-2116.332974586897,-2115.634462026897,7.875599999999999,ORCA,QC,"opt+freq: b3lyp/def2-TZVP em=gd3bj
energy: wB97M-V/ma-def2-TZVP"
815,OMG_polymer_96510,CC(C)C1=CCC(C(=O)O)C(C(=O)O)C1,Nc1ccc(C(=O)O)c(N)c1Br,*Nc1ccc(C(=O)O)c(NC(=O)C2CC=C(C(C)C)CC2C(*)=O)c1Br,CC(C)C1=CCC(C(=O)Nc2c(C(=O)O)ccc(N)c2Br)C(C=O)C1,-3683.049036940056,0.9659639,Polyamidation,264.62617,-8.5598,0.2832,0.3938469,0.00094421,0.31701337,0.07777774,2.500289071,-3682.732023570056,-3682.654245830056,8.843,ORCA,QC,"opt+freq: b3lyp/def2-TZVP em=gd3bj
energy: wB97M-V/ma-def2-TZVP"
816,OMG_polymer_48897,O=C(O)c1cc(C(=O)O)cc(-n2cncn2)c1,Nc1ccc(Cl)c(N)c1C(=O)O,*Nc1ccc(Cl)c(NC(=O)c2cc(C(*)=O)cc(-n3cncn3)c2)c1C(=O)O,Nc1ccc(Cl)c(NC(=O)c2cc(C=O)cc(-n3cncn3)c2)c1C(=O)O,-1690.021064265932,0.9939964,Polyamidation,275.7549,-8.4584,-0.4612,0.30219058,0.00094421,0.22885016,0.07428464,7.942335114,-1689.792214105932,-1689.717929475932,7.997199999999999,ORCA,QC,"opt+freq: b3lyp/def2-TZVP em=gd3bj
energy: wB97M-V/ma-def2-TZVP"
817,OMG_polymer_193063,O=C(O)CCSCc1ccc(C(=O)O)cc1,Nc1ccc(N)c(CC(=O)O)c1Br,*Nc1ccc(NC(=O)CCSCc2ccc(C(*)=O)cc2)c(CC(=O)O)c1Br,Nc1ccc(NC(=O)CCSCc2ccc(C=O)cc2)c(CC(=O)O)c1Br,-4118.160557158616,0.9983865,Polyamidation,312.13478,-8.1015,0.0343,0.38048294,0.00094421,0.29635784,0.08506931,6.675748525,-4117.864199318616,-4117.779130008616,8.1358,ORCA,QC,"opt+freq: b3lyp/def2-TZVP em=gd3bj
energy: wB97M-V/ma-def2-TZVP"
818,OMG_polymer_35570,CC(=O)Nc1ccc(S(=O)(=O)NC(CC(=O)O)C(=O)O)cc1,Nc1cc(Br)c(N)c(C(=O)O)c1,*Nc1cc(Br)c(NC(=O)CC(NS(=O)(=O)c2ccc(NC(C)=O)cc2)C(*)=O)c(C(=O)O)c1,CC(=O)Nc1ccc(S(=O)(=O)NC(C=O)CC(=O)Nc2c(Br)cc(N)cc2C(=O)O)cc1,-4453.422093022405,0.9414122,Polyamidation,306.33967,-8.473,-0.163,0.40916494,0.00094421,0.31963046,0.09047869,7.994953786,-4453.102462562405,-4453.011983872405,8.31,ORCA,QC,"opt+freq: b3lyp/def2-TZVP em=gd3bj
energy: wB97M-V/ma-def2-TZVP"
819,OMG_polymer_200501,O=C(O)CN(CC(=O)O)N=Cc1cccc(F)c1,NCC(N)C(=O)O,*NCC(NC(=O)CN(CC(*)=O)N=Cc1cccc(F)c1)C(=O)O,NCC(NC(=O)CN(CC=O)N=Cc1cccc(F)c1)C(=O)O,-1163.512797029279,0.9842911,Polyamidation,207.17041,-8.5821,0.131,0.3355672,0.00094421,0.26389107,0.07262034,2.874644876,-1163.248905959279,-1163.176285619279,8.7131,ORCA,QC,"opt+freq: b3lyp/def2-TZVP em=gd3bj
energy: wB97M-V/ma-def2-TZVP"
820,OMG_polymer_20600,Nc1cccc(C(=O)O)c1C(=O)O,Nc1cc(F)cc(N)c1C(=O)O,*Nc1cc(F)cc(NC(=O)c2cccc(N)c2C(*)=O)c1C(=O)O,Nc1cccc(C(=O)Nc2cc(F)cc(N)c2C(=O)O)c1C=O,-1143.967098409154,0.989368,Polyamidation,226.00299,-8.1752,-0.1042,0.27781021,0.00094421,0.21030556,0.06844886,7.535038834,-1143.756792849154,-1143.688343989154,8.071,ORCA,QC,"opt+freq: b3lyp/def2-TZVP em=gd3bj
energy: wB97M-V/ma-def2-TZVP"
821,OMG_polymer_79355,O=C(O)CC(CC(=O)O)c1ccccc1Cl,Nc1nc(N)c(C(=O)O)cc1Cl,*Nc1nc(NC(=O)CC(CC(*)=O)c2ccccc2Cl)c(C(=O)O)cc1Cl,Nc1nc(NC(=O)CC(CC=O)c2ccccc2Cl)c(C(=O)O)cc1Cl,-2042.512298193684,0.99866986,Polyamidation,257.88721,-8.5631,0.2562,0.32792833,0.00094421,0.25107128,0.07780125,2.904193259,-2042.261226913684,-2042.183425653684,8.8193,ORCA,QC,"opt+freq: b3lyp/def2-TZVP em=gd3bj
energy: wB97M-V/ma-def2-TZVP"
822,OMG_polymer_202123,CCOC(=O)C(=O)NC(CC(=O)O)C(=O)O,Nc1cccc(N)c1C(=O)O,*Nc1cccc(NC(=O)CC(NC(=O)C(=O)OCC)C(*)=O)c1C(=O)O,CCOC(=O)C(=O)NC(C=O)CC(=O)Nc1cccc(N)c1C(=O)O,-1272.837276569766,0.9960699,Polyamidation,227.65467,-8.2182,0.1053,0.34813872,0.00094421,0.27204155,0.07704138,5.262424139,-1272.565235019766,-1272.488193639766,8.3235,ORCA,QC,"opt+freq: b3lyp/def2-TZVP em=gd3bj
energy: wB97M-V/ma-def2-TZVP"
823,OMG_polymer_141416,O=C(O)c1cnsc1C(=O)O,Nc1cc(C(=O)O)ccc1S(N)(=O)=O,*Nc1cc(C(=O)O)ccc1S(=O)(=O)NC(=O)c1cnsc1C(*)=O,Nc1cc(C(=O)O)ccc1S(=O)(=O)NC(=O)c1cnsc1C=O,-1874.801514026816,0.9982522,Polyamidation,221.4648,-8.8369,-1.2623,0.23518377,0.00094421,0.16565526,0.07047272,2.561501131,-1874.635858766816,-1874.565386046816,7.5746,ORCA,QC,"opt+freq: b3lyp/def2-TZVP em=gd3bj
energy: wB97M-V/ma-def2-TZVP"
824,OMG_polymer_27516,COc1ccc(C(=O)O)c(OCC(=O)O)c1,Nc1cc(N)c(CC(=O)O)cc1Cl,*Nc1cc(NC(=O)c2ccc(OC)cc2OCC(*)=O)c(CC(=O)O)cc1Cl,COc1ccc(C(=O)Nc2cc(N)c(Cl)cc2CC(=O)O)c(OCC=O)c1,-1717.300550063186,0.9996724,Polyamidation,278.18201,-8.0724,0.1638,0.35863273,0.00094421,0.27891603,0.08066091,6.400156489,-1717.021634033186,-1716.940973123186,8.2362,ORCA,QC,"opt+freq: b3lyp/def2-TZVP em=gd3bj
energy: wB97M-V/ma-def2-TZVP"
825,OMG_polymer_41971,O=C(O)CN(CC(=O)O)NS(=O)(=O)c1ccc(Cl)cc1,Nc1cc(C(F)(F)F)cc(N)c1C(=O)O,*Nc1cc(C(F)(F)F)cc(NC(=O)CN(CC(*)=O)NS(=O)(=O)c2ccc(Cl)cc2)c1C(=O)O,Nc1cc(C(F)(F)F)cc(NC(=O)CN(CC=O)NS(=O)(=O)c2ccc(Cl)cc2)c1C(=O)O,-2524.017748573721,0.9691787,Polyamidation,292.8409,-8.669,-0.3565,0.7504737899999999,0.00094421,0.28729315,0.08838516,6.999997621,-2523.730455423721,-2523.266330573721,8.3125,ORCA,QC,"opt+freq: b3lyp/def2-TZVP em=gd3bj
energy: wB97M-V/ma-def2-TZVP"
826,OMG_polymer_204870,CC(C)(C)OC(=O)NC(CCCC(NC(=O)OC(C)(C)C)C(=O)O)C(=O)O,N#Cc1ccc(C(=O)O)c(N)c1N,*Nc1c(C(=O)O)ccc(C#N)c1NC(=O)C(CCCC(NC(=O)OC(C)(C)C)C(*)=O)NC(=O)OC(C)(C)C,CC(C)(C)OC(=O)NC(C=O)CCCC(NC(=O)OC(C)(C)C)C(=O)Nc1c(C#N)ccc(C(=O)O)c1N,-1849.480338519649,0.776877,Polyamidation,364.08559,-8.6055,-0.4598,0.6384314099999999,0.00094421,0.53104993,0.1083257,4.816838712,-1848.949288589649,-1848.840962899649,8.1457,ORCA,QC,"opt+freq: b3lyp/def2-TZVP em=gd3bj
energy: wB97M-V/ma-def2-TZVP"
827,OMG_polymer_204425,CC(=O)C(C(=O)O)C(=O)O,Nc1cc(S(=O)(=O)O)c(N)cc1S(=O)(=O)O,*Nc1cc(S(=O)(=O)O)c(NC(=O)C(C(*)=O)C(C)=O)cc1S(=O)(=O)O,CC(=O)C(C=O)C(=O)Nc1cc(S(=O)(=O)O)c(N)cc1S(=O)(=O)O,-2009.436226829406,0.89319885,Polyamidation,216.77334,-9.3609,-0.7285,0.27294844,0.00094421,0.1977396,0.07615306,9.232584176,-2009.238487229406,-2009.162334179406,8.6324,ORCA,QC,"opt+freq: b3lyp/def2-TZVP em=gd3bj
energy: wB97M-V/ma-def2-TZVP"
828,OMG_polymer_14856,O=C(O)Cc1cc(Br)cnc1C(=O)O,COc1cc(N)c(C(=O)O)cc1N,*Nc1cc(OC)c(NC(=O)Cc2cc(Br)cnc2C(*)=O)cc1C(=O)O,COc1cc(N)c(C(=O)O)cc1NC(=O)Cc1cc(Br)cnc1C=O,-3732.636145796631,0.9997098,Polyamidation,260.38548,-7.9198,-0.6485,0.31132854,0.00094421,0.23640531,0.07586743,4.813415385,-3732.399740486631,-3732.323873046631,7.2713,ORCA,QC,"opt+freq: b3lyp/def2-TZVP em=gd3bj
energy: wB97M-V/ma-def2-TZVP"
829,OMG_polymer_70854,O=C(O)CCC(C(=O)O)N1C(=O)c2ccccc2C1=O,Nc1ccc(C(F)(F)F)c(C(=O)O)c1N,*Nc1ccc(C(F)(F)F)c(C(=O)O)c1NC(=O)CCC(C(*)=O)N1C(=O)c2ccccc2C1=O,Nc1ccc(C(F)(F)F)c(C(=O)O)c1NC(=O)CCC(C=O)N1C(=O)c2ccccc2C1=O,-1725.292039382253,0.9405035,Polyamidation,283.88048,-8.6031,-0.7756,0.38397977,0.00094421,0.30077045,0.08415353,2.861045792,-1724.991268932253,-1724.907115402253,7.8275,ORCA,QC,"opt+freq: b3lyp/def2-TZVP em=gd3bj
energy: wB97M-V/ma-def2-TZVP"
830,OMG_polymer_168679,O=C(O)CN(CC(=O)O)C(=O)c1c(F)cccc1F,N=C(N)SCCCC(N)C(=O)O,*NC(=N)SCCCC(NC(=O)CN(CC(*)=O)C(=O)c1c(F)cccc1F)C(=O)O,N=C(N)SCCCC(NC(=O)CN(CC=O)C(=O)c1c(F)cccc1F)C(=O)O,-1853.00818988616,0.9114658,Polyamidation,266.13493,-9.0073,0.2372,0.40263432,0.00094421,0.31373131,0.08984723,3.898226753,-1852.69445857616,-1852.60461135616,9.2445,ORCA,QC,"opt+freq: b3lyp/def2-TZVP em=gd3bj
energy: wB97M-V/ma-def2-TZVP"
831,OMG_polymer_96421,CC(C)C1=CCC(C(=O)O)C(C(=O)O)C1,Nc1c(C(=O)O)cc(Cl)c(Br)c1N,*Nc1c(C(=O)O)cc(Cl)c(Br)c1NC(=O)C1CC=C(C(C)C)CC1C(*)=O,CC(C)C1=CCC(C(=O)Nc2c(N)c(C(=O)O)cc(Cl)c2Br)C(C=O)C1,-4142.645057252701,0.9659959,Polyamidation,278.40153,-8.3917,0.1307,0.3854538,0.00094421,0.3059917,0.08040631,6.001859185,-4142.339065552701,-4142.258659242701,8.5224,ORCA,QC,"opt+freq: b3lyp/def2-TZVP em=gd3bj
energy: wB97M-V/ma-def2-TZVP"
832,OMG_polymer_134888,CCCN(CC(=O)O)CC(=O)O,Nc1cc(N)c(C(=O)O)cc1Br,*Nc1cc(NC(=O)CN(CCC)CC(*)=O)c(C(=O)O)cc1Br,CCCN(CC=O)CC(=O)Nc1cc(N)c(Br)cc1C(=O)O,-3583.569509209688,0.9990264,Polyamidation,238.65297,-8.5388,0.2324,0.33895854,0.00094421,0.26376595,0.0761368,3.503479674,-3583.305743259688,-3583.229606459688,8.7712,ORCA,QC,"opt+freq: b3lyp/def2-TZVP em=gd3bj
energy: wB97M-V/ma-def2-TZVP"
833,OMG_polymer_180481,O=C(O)c1ccc(NC(=O)c2ccc(C(=O)Nc3ccc(C(=O)O)cc3)cc2)cc1,Nc1nc(N)c(C(=O)O)nc1Br,*Nc1nc(NC(=O)c2ccc(NC(=O)c3ccc(C(=O)Nc4ccc(C(*)=O)cc4)cc3)cc2)c(C(=O)O)nc1Br,Nc1nc(NC(=O)c2ccc(NC(=O)c3ccc(C(=O)Nc4ccc(C=O)cc4)cc3)cc2)c(C(=O)O)nc1Br,-4394.425297604918,0.94734454,Polyamidation,462.32308,-8.7402,-0.6103,0.46572956,0.00094421,0.36581006,0.10086372,6.249507293,-4394.059487544919,-4393.958623834918,8.1299,ORCA,QC,"opt+freq: b3lyp/def2-TZVP em=gd3bj
energy: wB97M-V/ma-def2-TZVP"
834,OMG_polymer_188957,O=C(O)C(F)C(F)(F)C(=O)O,Nc1cc(N)c(C(=O)O)cc1F,*Nc1cc(NC(=O)C(F)C(F)(F)C(*)=O)c(C(=O)O)cc1F,Nc1cc(NC(=O)C(F)C(F)(F)C=O)c(C(=O)O)cc1F,0.0,0.99744415,Polyamidation,0.0,0.0,0.0,0.0,0.0,0.0,0.0,0.0,0.0,0.0,0.0,ORCA,QC,"opt+freq: b3lyp/def2-TZVP em=gd3bj
energy: wB97M-V/ma-def2-TZVP"
835,OMG_polymer_130943,COc1ccc(Br)cc1C=NN(CC(=O)O)CC(=O)O,Nc1cc(Br)c(C(=O)O)cc1N,*Nc1cc(Br)c(C(=O)O)cc1NC(=O)CN(CC(*)=O)N=Cc1cc(Br)ccc1OC,COc1ccc(Br)cc1C=NN(CC=O)CC(=O)Nc1cc(C(=O)O)c(Br)cc1N,-6478.073005917452,0.9895615,Polyamidation,327.02792,-8.543,0.0906,0.38584824,0.00094421,0.2993638,0.08742865,4.066666496,-6477.773642117452,-6477.686213467452,8.6336,ORCA,QC,"opt+freq: b3lyp/def2-TZVP em=gd3bj
energy: wB97M-V/ma-def2-TZVP"
836,OMG_polymer_8302,O=C(O)CC1CS(=O)(=O)CC1CC(=O)O,Nc1cccc2c(S(=O)(=O)O)ccc(N)c12,*Nc1cccc2c(S(=O)(=O)O)ccc(NC(=O)CC3CS(=O)(=O)CC3CC(*)=O)c12,Nc1cccc2c(S(=O)(=O)O)ccc(NC(=O)CC3CS(=O)(=O)CC3CC=O)c12,-2130.497366032184,0.8671624,Polyamidation,292.5269,-8.5887,-0.4032,0.40301173,0.00094421,0.32009433,0.08386161,8.542125722,-2130.177271702184,-2130.093410092184,8.1855,ORCA,QC,"opt+freq: b3lyp/def2-TZVP em=gd3bj
energy: wB97M-V/ma-def2-TZVP"
837,OMG_polymer_154809,CC(C)(OC(C)(C)C(=O)O)C(=O)O,Nc1ccc2cc(S(=O)(=O)O)ccc2c1N,*Nc1ccc2cc(S(=O)(=O)O)ccc2c1NC(=O)C(C)(C)OC(C)(C)C(*)=O,CC(C)(C=O)OC(C)(C)C(=O)Nc1c(N)ccc2cc(S(=O)(=O)O)ccc12,-1658.281422016794,0.97779876,Polyamidation,279.24468,-8.1883,-0.0299,1.24241434,0.00094421,0.33523708,0.07911461,6.120341844,-1657.946184936794,-1657.038063466794,8.1584,ORCA,QC,"opt+freq: b3lyp/def2-TZVP em=gd3bj
energy: wB97M-V/ma-def2-TZVP"
838,OMG_polymer_128835,O=C(O)C(CC(F)(F)F)C(=O)O,Cc1cc(N)c(C(=O)O)cc1N,*Nc1cc(C)c(NC(=O)C(CC(F)(F)F)C(*)=O)cc1C(=O)O,Cc1cc(N)c(C(=O)O)cc1NC(=O)C(C=O)CC(F)(F)F,-1213.334261171061,0.99884856,Polyamidation,192.83068,-8.0195,0.0002,0.27855868,0.00094421,0.20833398,0.07116891,5.733476663,-1213.125927191061,-1213.054758281061,8.0197,ORCA,QC,"opt+freq: b3lyp/def2-TZVP em=gd3bj
energy: wB97M-V/ma-def2-TZVP"
839,OMG_polymer_69961,O=C(O)COc1cc(Br)ccc1C(=O)O,Nc1ccc(SCC(N)C(=O)O)cc1,*Nc1ccc(SCC(NC(=O)COc2cc(Br)ccc2C(*)=O)C(=O)O)cc1,Nc1ccc(SCC(NC(=O)COc2cc(Br)ccc2C=O)C(=O)O)cc1,-4154.074938346352,0.9991817,Polyamidation,279.93197,-7.8041,-0.3028,1.41987223,0.00094421,0.27667651,0.07909537,6.503947406,-4153.798261836352,-4152.654121906352,7.5013,ORCA,QC,"opt+freq: b3lyp/def2-TZVP em=gd3bj
energy: wB97M-V/ma-def2-TZVP"
840,OMG_polymer_111543,COc1cccnc1C(CC(=O)O)CC(=O)O,Nc1cc(N)c(C(=O)O)cc1F,*Nc1cc(NC(=O)CC(CC(*)=O)c2ncccc2OC)c(C(=O)O)cc1F,COc1cccnc1C(CC=O)CC(=O)Nc1cc(N)c(F)cc1C(=O)O,-1337.098619852386,0.9980122,Polyamidation,261.40193,-8.2868,0.0021,0.37244059,0.00094421,0.29407814,0.07930666,5.826530999,-1336.804541712386,-1336.725235052386,8.2889,ORCA,QC,"opt+freq: b3lyp/def2-TZVP em=gd3bj
energy: wB97M-V/ma-def2-TZVP"
841,OMG_polymer_44804,O=C(O)C(=O)CSc1ccccc1C(=O)O,Nc1cc(F)c(S(N)(=O)=O)cc1C(=O)O,*Nc1cc(F)c(S(=O)(=O)NC(=O)C(=O)CSc2ccccc2C(*)=O)cc1C(=O)O,Nc1cc(F)c(S(=O)(=O)NC(=O)C(=O)CSc2ccccc2C=O)cc1C(=O)O,-2188.090638933065,0.99495924,Polyamidation,269.59737,-9.2537,-0.5603,0.31745089,0.00094421,0.23622467,0.08217043,6.20060683,-2187.854414263065,-2187.772243833065,8.6934,ORCA,QC,"opt+freq: b3lyp/def2-TZVP em=gd3bj
energy: wB97M-V/ma-def2-TZVP"
842,OMG_polymer_48822,O=C(O)c1cc(C(=O)O)cc(C(F)F)c1,Nc1cc(Cl)c(C(=O)O)cc1N,*Nc1cc(Cl)c(C(=O)O)cc1NC(=O)c1cc(C(*)=O)cc(C(F)F)c1,Nc1cc(Cl)c(C(=O)O)cc1NC(=O)c1cc(C=O)cc(C(F)F)c1,-1686.775491375757,0.9990638,Polyamidation,245.08409,-8.8393,-0.6946,0.27489067,0.00094421,0.20166933,0.07416556,3.825811322,-1686.573822045757,-1686.499656495757,8.1447,ORCA,QC,"opt+freq: b3lyp/def2-TZVP em=gd3bj
energy: wB97M-V/ma-def2-TZVP"
843,OMG_polymer_115847,O=C(O)c1cccc(Sc2cccc(C(=O)O)c2)c1,Nc1cc(N)c(C(=O)O)cc1Br,*Nc1cc(NC(=O)c2cccc(Sc3cccc(C(*)=O)c3)c2)c(C(=O)O)cc1Br,Nc1cc(NC(=O)c2cccc(Sc3cccc(C=O)c3)c2)c(C(=O)O)cc1Br,-4192.002782716938,0.99890983,Polyamidation,343.22289,-8.4897,-0.1433,1.03916361,0.00094421,0.26491391,0.08203256,3.379882134,-4191.737868806938,-4190.962674896938,8.3464,ORCA,QC,"opt+freq: b3lyp/def2-TZVP em=gd3bj
energy: wB97M-V/ma-def2-TZVP"
844,OMG_polymer_141153,CC(C)(C)OC(=O)NC(C(=O)O)C(=O)O,NN=C(C(=O)O)c1ccccc1N,*NN=C(C(=O)O)c1ccccc1NC(=O)C(NC(=O)OC(C)(C)C)C(*)=O,CC(C)(C)OC(=O)NC(C=O)C(=O)Nc1ccccc1C(=NN)C(=O)O,-1292.21652573724,0.9736447,Polyamidation,239.09474,-9.019,0.1821,0.38817479,0.00094421,0.30941722,0.07970178,4.506906939,-1291.90710851724,-1291.82740673724,9.2011,ORCA,QC,"opt+freq: b3lyp/def2-TZVP em=gd3bj
energy: wB97M-V/ma-def2-TZVP"
845,OMG_polymer_188744,O=C(O)c1cc(Br)cc(C(=O)O)n1,Nc1nc(N)c(C(=O)O)cc1Br,*Nc1nc(NC(=O)c2cc(Br)cc(C(*)=O)n2)c(C(=O)O)cc1Br,Nc1nc(NC(=O)c2cc(Br)cc(C=O)n2)c(C(=O)O)cc1Br,-6168.293106529464,0.9986356,Polyamidation,256.17182,-8.6257,-0.7917,0.22562604,0.00094421,0.15377287,0.07279738,2.156083606,-6168.139333659465,-6168.066536279464,7.834000000000001,ORCA,QC,"opt+freq: b3lyp/def2-TZVP em=gd3bj
energy: wB97M-V/ma-def2-TZVP"
846,OMG_polymer_80499,COC(OC)C(CC(=O)O)CC(=O)O,Nc1cc(Cl)cc(N)c1CC(=O)O,*Nc1cc(Cl)cc(NC(=O)CC(CC(*)=O)C(OC)OC)c1CC(=O)O,COC(OC)C(CC=O)CC(=O)Nc1cc(Cl)cc(N)c1CC(=O)O,-1643.474072867071,0.9948102,Polyamidation,244.76776,-8.4647,0.0196,0.39281743,0.00094421,0.31269188,0.08106976,8.225687498,-1643.161380987071,-1643.080311227071,8.484300000000001,ORCA,QC,"opt+freq: b3lyp/def2-TZVP em=gd3bj
energy: wB97M-V/ma-def2-TZVP"
847,OMG_polymer_150032,Cc1[nH]c(=O)c(C(=O)O)cc1C(=O)O,Cc1ccc(N)c(N)c1C(=O)O,*Nc1ccc(C)c(C(=O)O)c1NC(=O)c1cc(C(*)=O)c(C)[nH]c1=O,Cc1ccc(N)c(NC(=O)c2cc(C=O)c(C)[nH]c2=O)c1C(=O)O,-1159.254167903593,0.9948403,Polyamidation,240.89631,-8.0214,-0.0026,0.3202546,0.00094421,0.24911667,0.07208213,3.482542467,-1159.005051233593,-1158.932969093593,8.0188,ORCA,QC,"opt+freq: b3lyp/def2-TZVP em=gd3bj
energy: wB97M-V/ma-def2-TZVP"
848,OMG_polymer_60709,O=C(O)c1cccc2c1oc1c(C(=O)O)cccc12,Nc1ccc2cc(S(=O)(=O)O)ccc2c1N,*Nc1ccc2cc(S(=O)(=O)O)ccc2c1NC(=O)c1cccc2c1oc1c(C(*)=O)cccc12,Nc1ccc2cc(S(=O)(=O)O)ccc2c1NC(=O)c1cccc2c1oc1c(C=O)cccc12,-1883.371067595791,0.91548836,Polyamidation,359.46429,-8.2222,-0.542,0.38665386,0.00094421,0.30607943,0.08151865,9.024109173,-1883.064988165791,-1882.983469525791,7.680200000000001,ORCA,QC,"opt+freq: b3lyp/def2-TZVP em=gd3bj
energy: wB97M-V/ma-def2-TZVP"
849,OMG_polymer_134081,CCC(=O)N(CC(=O)O)CC(=O)O,Nc1ccc(C(F)(F)F)c(N)c1C(=O)O,*Nc1ccc(C(F)(F)F)c(NC(=O)CN(CC(*)=O)C(=O)CC)c1C(=O)O,CCC(=O)N(CC=O)CC(=O)Nc1c(C(F)(F)F)ccc(N)c1C(=O)O,-1421.354881556192,0.9983802,Polyamidation,220.36776,-8.5685,0.0522,0.33833272,0.00094421,0.26098051,0.07829642,5.332060621,-1421.093901046192,-1421.015604626192,8.6207,ORCA,QC,"opt+freq: b3lyp/def2-TZVP em=gd3bj
energy: wB97M-V/ma-def2-TZVP"
850,OMG_polymer_192812,O=C(O)C1CCC(C(=O)O)NC1,Nc1cc(F)c(C(=O)O)cc1N,*Nc1cc(F)c(C(=O)O)cc1NC(=O)C1CCC(C(*)=O)NC1,Nc1cc(F)c(C(=O)O)cc1NC(=O)C1CCC(C=O)NC1,-1108.231491848071,0.99021614,Polyamidation,202.2451,-8.6586,-0.0358,0.31896331,0.00094421,0.25144242,0.0684651,8.816731392,-1107.980049428071,-1107.911584328071,8.6228,ORCA,QC,"opt+freq: b3lyp/def2-TZVP em=gd3bj
energy: wB97M-V/ma-def2-TZVP"
851,OMG_polymer_98611,O=C(O)c1c(Br)c(Br)c(Br)c(Br)c1C(=O)O,Nc1ccc(C(=O)O)c(N)n1,*Nc1ccc(C(=O)O)c(NC(=O)c2c(Br)c(Br)c(Br)c(Br)c2C(*)=O)n1,Nc1ccc(C(=O)O)c(NC(=O)c2c(Br)c(Br)c(Br)c(Br)c2C=O)n1,0.0,0.991339,Polyamidation,0.0,0.0,0.0,0.6579402699999999,0.00094421,0.1405,0.07909132,6.356755565,0.1405,0.6588844799999999,0.0,ORCA,QC,"opt+freq: b3lyp/def2-TZVP em=gd3bj
energy: wB97M-V/ma-def2-TZVP"
852,OMG_polymer_196398,COc1ccc(Cl)cc1N(CC(=O)O)CC(=O)O,Nc1cc(C(=O)O)cc(Br)c1N,*Nc1cc(C(=O)O)cc(Br)c1NC(=O)CN(CC(*)=O)c1cc(Cl)ccc1OC,COc1ccc(Cl)cc1N(CC=O)CC(=O)Nc1c(N)cc(C(=O)O)cc1Br,-4270.837280868425,0.9997305,Polyamidation,293.61732,-8.5179,0.0866,0.36225105,0.00094421,0.27954728,0.08364799,4.613390398,-4270.557733588425,-4270.474085608425,8.6045,ORCA,QC,"opt+freq: b3lyp/def2-TZVP em=gd3bj
energy: wB97M-V/ma-def2-TZVP"
853,OMG_polymer_68306,O=C(O)c1cc(F)c(C(=O)O)c(F)c1,Cc1cc(N)cc(N)c1C(=O)O,*Nc1cc(C)c(C(=O)O)c(NC(=O)c2cc(F)c(C(*)=O)c(F)c2)c1,Cc1cc(N)cc(NC(=O)c2cc(F)c(C=O)c(F)c2)c1C(=O)O,-1227.176752276517,0.9985306,Polyamidation,237.05108,-8.6188,-0.6669,0.28219951,0.00094421,0.21277529,0.07036843,7.562401866,-1226.963976986517,-1226.893608556517,7.9519,ORCA,QC,"opt+freq: b3lyp/def2-TZVP em=gd3bj
energy: wB97M-V/ma-def2-TZVP"
854,OMG_polymer_173164,CC(C)(C(=O)O)C(=O)Nc1ccccc1C(=O)O,Nc1cc(C(=O)O)cc(Br)c1N,*Nc1cc(C(=O)O)cc(Br)c1NC(=O)C(C)(C)C(=O)Nc1ccccc1C(*)=O,CC(C)(C(=O)Nc1ccccc1C=O)C(=O)Nc1c(N)cc(C(=O)O)cc1Br,-3849.404086176107,0.999213,Polyamidation,295.63034,-8.7956,-0.1391,0.37776092,0.00094421,0.29711738,0.08158775,1.679527614,-3849.106968796107,-3849.025381046107,8.656500000000001,ORCA,QC,"opt+freq: b3lyp/def2-TZVP em=gd3bj
energy: wB97M-V/ma-def2-TZVP"
855,OMG_polymer_63574,Nc1c(C(=O)O)ccnc1C(=O)O,COc1cc(N)c(N)cc1C(=O)O,*Nc1cc(OC)c(C(=O)O)cc1NC(=O)c1ccnc(C(*)=O)c1N,COc1cc(N)c(NC(=O)c2ccnc(C=O)c2N)cc1C(=O)O,-1175.2733147943,0.987092,Polyamidation,246.14728,-8.3925,-0.5769,0.30862763,0.00094421,0.23832614,0.0712457,7.652828926,-1175.0349886543,-1174.9637429543,7.8156,ORCA,QC,"opt+freq: b3lyp/def2-TZVP em=gd3bj
energy: wB97M-V/ma-def2-TZVP"
856,OMG_polymer_111043,N#Cc1ccccc1C(CC(=O)O)C(=O)O,Nc1cc(S(=O)(=O)O)cnc1N,*Nc1cc(S(=O)(=O)O)cnc1NC(=O)CC(C(*)=O)c1ccccc1C#N,N#Cc1ccccc1C(C=O)CC(=O)Nc1ncc(S(=O)(=O)O)cc1N,-1611.55424327384,0.9967077,Polyamidation,247.92078,-8.7767,-0.2331,0.31723199,0.00094421,0.2428291,0.07534711,4.479140205,-1611.31141417384,-1611.23606707384,8.5436,ORCA,QC,"opt+freq: b3lyp/def2-TZVP em=gd3bj
energy: wB97M-V/ma-def2-TZVP"
857,OMG_polymer_159260,CC(C)(C)OC(=O)Nc1cc(C(=O)O)cc(C(=O)O)c1,Nc1ccc2cc(S(=O)(=O)O)ccc2c1N,*Nc1ccc2cc(S(=O)(=O)O)ccc2c1NC(=O)c1cc(NC(=O)OC(C)(C)C)cc(C(*)=O)c1,CC(C)(C)OC(=O)Nc1cc(C=O)cc(C(=O)Nc2c(N)ccc3cc(S(=O)(=O)O)ccc23)c1,-1979.483086258743,0.9706322,Polyamidation,344.6521,-8.3493,-0.2399,0.47108297,0.00094421,0.38068692,0.09134026,3.348747799,-1979.102399338743,-1979.011059078743,8.109399999999999,ORCA,QC,"opt+freq: b3lyp/def2-TZVP em=gd3bj
energy: wB97M-V/ma-def2-TZVP"
858,OMG_polymer_131775,O=C(O)CN(CC(=O)O)N=Cc1ccccc1OCc1ccccc1,Nc1cc(N)cc(C(=O)O)c1,*Nc1cc(NC(=O)CN(CC(*)=O)N=Cc2ccccc2OCc2ccccc2)cc(C(=O)O)c1,Nc1cc(NC(=O)CN(CC=O)N=Cc2ccccc2OCc2ccccc2)cc(C(=O)O)c1,-1562.284812377146,0.99615306,Polyamidation,0.01002,-8.1883,0.2287,0.48816185,0.00094421,0.39798432,0.09112175,1.725339258,-1561.886828057146,-1561.795706317146,8.417,ORCA,QC,"opt+freq: b3lyp/def2-TZVP em=gd3bj
energy: wB97M-V/ma-def2-TZVP"
859,OMG_polymer_133854,O=C(O)CN(CC(=O)O)C(=O)C1CCCC1,Nc1ccc(F)c(C(=O)O)c1N,*Nc1ccc(F)c(C(=O)O)c1NC(=O)CN(CC(*)=O)C(=O)C1CCCC1,Nc1ccc(F)c(C(=O)O)c1NC(=O)CN(CC=O)C(=O)C1CCCC1,-1300.203628847998,0.99855906,Polyamidation,237.74004,-8.5631,-0.1951,0.3907743,0.00094421,0.31435151,0.07736701,5.123353537,-1299.889277337998,-1299.811910337998,8.368,ORCA,QC,"opt+freq: b3lyp/def2-TZVP em=gd3bj
energy: wB97M-V/ma-def2-TZVP"
860,OMG_polymer_50376,O=C(O)c1ncccc1-c1cccnc1C(=O)O,Nc1cc(N)c(Cl)c(C(=O)O)c1,*Nc1cc(NC(=O)c2ncccc2-c2cccnc2C(*)=O)c(Cl)c(C(=O)O)c1,Nc1cc(NC(=O)c2ncccc2-c2cccnc2C=O)c(Cl)c(C(=O)O)c1,-1712.06685917431,0.99858415,Polyamidation,276.99525,-8.3976,-0.4188,0.3201134,0.00094421,0.24455665,0.07650095,4.760842849,-1711.82230252431,-1711.74580156431,7.978800000000001,ORCA,QC,"opt+freq: b3lyp/def2-TZVP em=gd3bj
energy: wB97M-V/ma-def2-TZVP"
861,OMG_polymer_197353,N#CCC(=O)NC(CC(=O)O)C(=O)O,Nc1cc(N)c(C(=O)O)cc1Br,*Nc1cc(NC(=O)CC(NC(=O)CC#N)C(*)=O)c(C(=O)O)cc1Br,N#CCC(=O)NC(C=O)CC(=O)Nc1cc(N)c(Br)cc1C(=O)O,-3710.608557793639,0.9925322,Polyamidation,238.53961,-8.6115,0.0936,1.1687916,0.00094421,0.21657134,0.07605051,3.443973926,-3710.391986453639,-3709.438821983639,8.7051,ORCA,QC,"opt+freq: b3lyp/def2-TZVP em=gd3bj
energy: wB97M-V/ma-def2-TZVP"
862,OMG_polymer_10160,O=C(O)CC(CC(=O)O)c1ccc(Br)cn1,Nc1cc(N)c(CC(=O)O)cc1Br,*Nc1cc(NC(=O)CC(CC(*)=O)c2ccc(Br)cn2)c(CC(=O)O)cc1Br,Nc1cc(NC(=O)CC(CC=O)c2ccc(Br)cn2)c(CC(=O)O)cc1Br,-6309.445575496014,0.99849296,Polyamidation,287.68753,-8.168,0.082,0.35685097,0.00094421,0.27556146,0.08223372,2.334337924,-6309.170014036014,-6309.087780316014,8.25,ORCA,QC,"opt+freq: b3lyp/def2-TZVP em=gd3bj
energy: wB97M-V/ma-def2-TZVP"
863,OMG_polymer_105234,O=C(O)CC(CC(=O)O)c1ccncc1,Nc1ccc2c(S(=O)(=O)O)cc(S(=O)(=O)O)cc2c1N,*Nc1ccc2c(S(=O)(=O)O)cc(S(=O)(=O)O)cc2c1NC(=O)CC(CC(*)=O)c1ccncc1,Nc1ccc2c(S(=O)(=O)O)cc(S(=O)(=O)O)cc2c1NC(=O)CC(CC=O)c1ccncc1,0.0,0.81918925,Polyamidation,0.0,0.0,0.0,0.41520429,0.00094421,0.32565609,0.09049241,5.78836069,0.32565609,0.4161485,0.0,ORCA,QC,"opt+freq: b3lyp/def2-TZVP em=gd3bj
energy: wB97M-V/ma-def2-TZVP"
864,OMG_polymer_191227,O=C(Nc1ccc(C(=O)O)c(C(=O)O)c1)OCc1ccccc1,Nc1cccc(C(=O)O)c1N,*Nc1cccc(C(=O)O)c1NC(=O)c1ccc(NC(=O)OCc2ccccc2)cc1C(*)=O,Nc1cccc(C(=O)O)c1NC(=O)c1ccc(NC(=O)OCc2ccccc2)cc1C=O,-1503.659542427151,0.9994105,Polyamidation,327.72778,-8.3987,-0.2408,0.41908039,0.00094421,0.33481233,0.08521227,5.639016686,-1503.324730097151,-1503.239517827151,8.1579,ORCA,QC,"opt+freq: b3lyp/def2-TZVP em=gd3bj
energy: wB97M-V/ma-def2-TZVP"
865,OMG_polymer_59243,O=C(O)Cc1ccc(COCc2ccc(CC(=O)O)cc2)cc1,Nc1ncnc(N)c1C(=O)O,*Nc1ncnc(NC(=O)Cc2ccc(COCc3ccc(CC(*)=O)cc3)cc2)c1C(=O)O,Nc1ncnc(NC(=O)Cc2ccc(COCc3ccc(CC=O)cc3)cc2)c1C(=O)O,0.0,0.99752253,Polyamidation,0.0,0.0,0.0,0.0,0.0,0.0,0.0,0.0,0.0,0.0,0.0,ORCA,QC,"opt+freq: b3lyp/def2-TZVP em=gd3bj
energy: wB97M-V/ma-def2-TZVP"
866,OMG_polymer_179465,O=C(O)c1cc(NS(=O)(=O)c2ccc(Cl)cc2)cc(C(=O)O)c1,Nc1ccc(C(=O)O)c(S(N)(=O)=O)c1,*Nc1ccc(C(=O)O)c(S(=O)(=O)NC(=O)c2cc(NS(=O)(=O)c3ccc(Cl)cc3)cc(C(*)=O)c2)c1,Nc1ccc(C(=O)O)c(S(=O)(=O)NC(=O)c2cc(C=O)cc(NS(=O)(=O)c3ccc(Cl)cc3)c2)c1,-2832.640257369098,0.9251454,Polyamidation,347.94861,-8.9335,-0.7369,0.3896412,0.00094421,0.29808882,0.09249658,3.796875778,-2832.342168549098,-2832.249671959098,8.1966,ORCA,QC,"opt+freq: b3lyp/def2-TZVP em=gd3bj
energy: wB97M-V/ma-def2-TZVP"
867,OMG_polymer_69300,O=C(O)C1CC2=C(CC1C(=O)O)CN(C(=O)OCc1ccccc1)C2,Nc1cc(N)c(C(=O)O)c(Cl)c1,*Nc1cc(Cl)c(C(=O)O)c(NC(=O)C2CC3=C(CC2C(*)=O)CN(C(=O)OCc2ccccc2)C3)c1,Nc1cc(Cl)c(C(=O)O)c(NC(=O)C2CC3=C(CC2C=O)CN(C(=O)OCc2ccccc2)C3)c1,-2043.047212359816,0.5894801,Polyamidation,338.04484,-8.8574,-0.1185,0.49303553,0.00094421,0.40048297,0.09349677,8.882042546,-2042.646729389816,-2042.553232619816,8.738900000000001,ORCA,QC,"opt+freq: b3lyp/def2-TZVP em=gd3bj
energy: wB97M-V/ma-def2-TZVP"
868,OMG_polymer_147243,CC1=CCC(C(=O)O)C(C(=O)O)C1,N#Cc1cc(C(=O)O)c(N)cc1N,*Nc1cc(NC(=O)C2CC=C(C)CC2C(*)=O)c(C#N)cc1C(=O)O,CC1=CCC(C(=O)Nc2cc(N)c(C(=O)O)cc2C#N)C(C=O)C1,-1123.29589585212,0.8847631,Polyamidation,237.27719,-8.6435,0.1263,0.34386521,0.00094421,0.27245513,0.07235429,3.328410469,-1123.02344072212,-1122.95108643212,8.7698,ORCA,QC,"opt+freq: b3lyp/def2-TZVP em=gd3bj
energy: wB97M-V/ma-def2-TZVP"
869,OMG_polymer_159327,CC(C)(C)OC(=O)Nc1cc(C(=O)O)cc(C(=O)O)c1,N=C(N)SCCCC(N)C(=O)O,*NC(=N)SCCCC(NC(=O)c1cc(NC(=O)OC(C)(C)C)cc(C(*)=O)c1)C(=O)O,CC(C)(C)OC(=O)Nc1cc(C=O)cc(C(=O)NC(CCCSC(=N)N)C(=O)O)c1,-1808.353299220636,0.77291656,Polyamidation,312.1421,-9.1204,-0.4053,1.44272341,0.00094421,0.38859858,0.09261462,5.074366002,-1807.964700640636,-1806.909631600636,8.7151,ORCA,QC,"opt+freq: b3lyp/def2-TZVP em=gd3bj
energy: wB97M-V/ma-def2-TZVP"
870,OMG_polymer_22149,O=C(O)C(F)(F)C(F)(F)C(F)(F)C(F)(F)C(F)(F)C(F)(F)C(=O)O,Nc1cc(N)cc(C(=O)O)c1,*Nc1cc(NC(=O)C(F)(F)C(F)(F)C(F)(F)C(F)(F)C(F)(F)C(F)(F)C(*)=O)cc(C(=O)O)c1,Nc1cc(NC(=O)C(F)(F)C(F)(F)C(F)(F)C(F)(F)C(F)(F)C(F)(F)C=O)cc(C(=O)O)c1,-2185.319846547708,0.5715275,Polyamidation,217.59422,-8.5443,-0.1139,0.27131845,0.00094421,0.18233861,0.08992405,3.840720292,-2185.137507937708,-2185.047583887708,8.4304,ORCA,QC,"opt+freq: b3lyp/def2-TZVP em=gd3bj
energy: wB97M-V/ma-def2-TZVP"
871,OMG_polymer_173667,O=C(O)C(=O)Nc1ccc(F)cc1C(=O)O,Nc1cc(C(=O)O)cc(N)c1Cl,*Nc1cc(C(=O)O)cc(NC(=O)C(=O)Nc2ccc(F)cc2C(*)=O)c1Cl,Nc1cc(C(=O)O)cc(NC(=O)C(=O)Nc2ccc(F)cc2C=O)c1Cl,-1716.941787397828,0.9995995,Polyamidation,258.64442,-8.5883,-0.6513,0.28191008,0.00094421,0.20842893,0.07442537,2.843553616,-1716.733358467828,-1716.658933107828,7.937,ORCA,QC,"opt+freq: b3lyp/def2-TZVP em=gd3bj
energy: wB97M-V/ma-def2-TZVP"
872,OMG_polymer_40481,CCCCCCCCCCCCCC(C(=O)O)C(=O)O,Nc1ccc(C(=O)O)c(N)n1,*Nc1ccc(C(=O)O)c(NC(=O)C(CCCCCCCCCCCCC)C(*)=O)n1,CCCCCCCCCCCCCC(C=O)C(=O)Nc1nc(N)ccc1C(=O)O,-1324.613491616719,0.9442283,Polyamidation,303.16332,-8.6242,0.1481,0.5869217,0.00094421,0.49684673,0.09101917,6.290044419,-1324.116644886719,-1324.025625706719,8.7723,ORCA,QC,"opt+freq: b3lyp/def2-TZVP em=gd3bj
energy: wB97M-V/ma-def2-TZVP"
873,OMG_polymer_170216,CC(C)(NC(=O)c1ccccc1C(=O)O)C(=O)O,Nc1cc(Cl)c(S(N)(=O)=O)cc1C(=O)O,*Nc1cc(Cl)c(S(=O)(=O)NC(=O)c2ccccc2C(=O)NC(C)(C)C(*)=O)cc1C(=O)O,CC(C)(C=O)NC(=O)c1ccccc1C(=O)NS(=O)(=O)c1cc(C(=O)O)c(N)cc1Cl,-2284.223322714641,0.98501414,Polyamidation,296.51596,-8.8435,0.0242,0.3901826,0.00094421,0.30257114,0.08855567,7.252808689,-2283.920751574641,-2283.832195904641,8.867700000000001,ORCA,QC,"opt+freq: b3lyp/def2-TZVP em=gd3bj
energy: wB97M-V/ma-def2-TZVP"
874,OMG_polymer_79831,Cc1cscc1C(CC(=O)O)CC(=O)O,Nc1cc(Br)cc(N)c1C(=O)O,*Nc1cc(Br)cc(NC(=O)CC(CC(*)=O)c2cscc2C)c1C(=O)O,Cc1cscc1C(CC=O)CC(=O)Nc1cc(Br)cc(N)c1C(=O)O,-4040.744716318163,0.99903214,Polyamidation,271.37118,-8.4552,-0.0565,0.34330766,0.00094421,0.26596581,0.07828607,7.372990383,-4040.478750508163,-4040.400464448163,8.3987,ORCA,QC,"opt+freq: b3lyp/def2-TZVP em=gd3bj
energy: wB97M-V/ma-def2-TZVP"
875,OMG_polymer_21486,O=C(O)CNc1ccccc1C(=O)O,N#Cc1ccc(C(=O)O)c(N)c1N,*Nc1c(C(=O)O)ccc(C#N)c1NC(=O)CNc1ccccc1C(*)=O,N#Cc1ccc(C(=O)O)c(N)c1NC(=O)CNc1ccccc1C=O,-1176.262214855032,0.99386686,Polyamidation,230.03546,-8.6174,-0.5862,0.31614925,0.00094421,0.24656401,0.07052946,2.667776644,-1176.015650845032,-1175.945121395032,8.0312,ORCA,QC,"opt+freq: b3lyp/def2-TZVP em=gd3bj
energy: wB97M-V/ma-def2-TZVP"
876,OMG_polymer_176654,O=C(O)c1ccc(-c2ccc(-c3ccc(-c4ccc(-c5ccc(-c6ccc(C(=O)O)cc6)cc5)cc4)cc3)cc2)cc1,Nc1cc(F)cc(N)c1C(=O)O,*Nc1cc(F)cc(NC(=O)c2ccc(-c3ccc(-c4ccc(-c5ccc(-c6ccc(-c7ccc(C(*)=O)cc7)cc6)cc5)cc4)cc3)cc2)c1C(=O)O,Nc1cc(F)cc(NC(=O)c2ccc(-c3ccc(-c4ccc(-c5ccc(-c6ccc(-c7ccc(C=O)cc7)cc6)cc5)cc4)cc3)cc2)c1C(=O)O,-2243.873322410768,0.7639243,Polyamidation,669.84708,-8.0168,-0.3551,2.06159356,0.00094421,0.57472243,0.11274944,5.492584143,-2243.298599980768,-2241.810784640768,7.6617,ORCA,QC,"opt+freq: b3lyp/def2-TZVP em=gd3bj
energy: wB97M-V/ma-def2-TZVP"
877,OMG_polymer_84640,O=C(O)c1ccc2ccc3ccc(C(=O)O)nc3c2n1,Nc1cc(C(=O)O)cc(N)c1C(F)F,*Nc1cc(C(=O)O)cc(NC(=O)c2ccc3ccc4ccc(C(*)=O)nc4c3n2)c1C(F)F,Nc1cc(C(=O)O)cc(NC(=O)c2ccc3ccc4ccc(C=O)nc4c3n2)c1C(F)F,-1566.572738011446,0.97984195,Polyamidation,322.73174,-8.0417,-1.0361,0.35790817,0.00094421,0.27870461,0.08014777,8.539099467,-1566.294033401446,-1566.213885631446,7.0056,ORCA,QC,"opt+freq: b3lyp/def2-TZVP em=gd3bj
energy: wB97M-V/ma-def2-TZVP"
878,OMG_polymer_128023,O=C(O)c1ccccc1C(=O)OCCOCCOC(=O)c1ccccc1C(=O)O,N#Cc1cc(N)c(C(=O)O)cc1N,*Nc1cc(C#N)c(NC(=O)c2ccccc2C(=O)OCCOCCOC(=O)c2ccccc2C(*)=O)cc1C(=O)O,N#Cc1cc(N)c(C(=O)O)cc1NC(=O)c1ccccc1C(=O)OCCOCCOC(=O)c1ccccc1C=O,-1922.299328254194,0.92821383,Polyamidation,376.20418,-8.0708,-0.238,0.51298444,0.00094421,0.4140278,0.09990085,4.72205251,-1921.885300454194,-1921.785399604194,7.832800000000001,ORCA,QC,"opt+freq: b3lyp/def2-TZVP em=gd3bj
energy: wB97M-V/ma-def2-TZVP"
879,OMG_polymer_10002,O=C(O)CC(CC(=O)O)c1ccc[nH]1,Nc1cc(N)c(Br)c(C(=O)O)c1,*Nc1cc(NC(=O)CC(CC(*)=O)c2ccc[nH]2)c(Br)c(C(=O)O)c1,Nc1cc(NC(=O)CC(CC=O)c2ccc[nH]2)c(Br)c(C(=O)O)c1,-3658.595681683311,0.9979572,Polyamidation,252.42792,-8.41,0.0545,0.32913399,0.00094421,0.25334608,0.07673213,2.278657821,-3658.342335603311,-3658.265603483311,8.464500000000001,ORCA,QC,"opt+freq: b3lyp/def2-TZVP em=gd3bj
energy: wB97M-V/ma-def2-TZVP"
880,OMG_polymer_64843,O=C(O)CNc1cccc(C(=O)O)c1,Nc1cc(N)c(Cl)c(C(=O)O)c1,*Nc1cc(NC(=O)CNc2cccc(C(*)=O)c2)c(Cl)c(C(=O)O)c1,Nc1cc(NC(=O)CNc2cccc(C=O)c2)c(Cl)c(C(=O)O)c1,-1543.587897101913,0.9994407,Polyamidation,245.70035,-8.4543,0.1293,0.30672076,0.00094421,0.23489096,0.07277401,3.438429983,-1543.353006141913,-1543.280232131913,8.5836,ORCA,QC,"opt+freq: b3lyp/def2-TZVP em=gd3bj
energy: wB97M-V/ma-def2-TZVP"
881,OMG_polymer_14113,CC(=O)NC(CSSCC(N)C(=O)O)C(=O)O,Nc1cccc(CC(=O)O)c1N,*Nc1cccc(CC(=O)O)c1NC(=O)C(N)CSSCC(NC(C)=O)C(*)=O,CC(=O)NC(C=O)CSSCC(N)C(=O)Nc1c(N)cccc1CC(=O)O,-2014.594608954904,0.5126926,Polyamidation,282.06481,-8.1976,0.1034,0.4147132099999999,0.00094421,0.33111177,0.08454565,5.804872138,-2014.263497184904,-2014.178951534904,8.301,ORCA,QC,"opt+freq: b3lyp/def2-TZVP em=gd3bj
energy: wB97M-V/ma-def2-TZVP"
882,OMG_polymer_114255,O=C(O)CCSc1ccccc1C(=O)O,Cc1cc(N)cc(N)c1C(=O)O,*Nc1cc(C)c(C(=O)O)c(NC(=O)CCSc2ccccc2C(*)=O)c1,Cc1cc(N)cc(NC(=O)CCSc2ccccc2C=O)c1C(=O)O,-1505.443490180322,0.99915576,Polyamidation,267.67728,-8.2644,-0.0335,0.35921178,0.00094421,0.2855523,0.07460369,1.733763433,-1505.157937880322,-1505.083334190322,8.2309,ORCA,QC,"opt+freq: b3lyp/def2-TZVP em=gd3bj
energy: wB97M-V/ma-def2-TZVP"
883,OMG_polymer_115041,O=C(NC(Cc1ccccc1)C(=O)O)c1ccc(C(=O)NC(Cc2ccccc2)C(=O)O)cc1,Cc1c(C(=O)O)ccc(N)c1N,*Nc1ccc(C(=O)O)c(C)c1NC(=O)C(Cc1ccccc1)NC(=O)c1ccc(C(=O)NC(Cc2ccccc2)C(*)=O)cc1,Cc1c(C(=O)O)ccc(N)c1NC(=O)C(Cc1ccccc1)NC(=O)c1ccc(C(=O)NC(C=O)Cc2ccccc2)cc1,-1985.409948113455,0.9034327,Polyamidation,448.58066,-8.6055,-0.0578,0.64748375,0.00094421,0.53878317,0.10964479,3.934371298,-1984.871164943455,-1984.761520153455,8.547699999999999,ORCA,QC,"opt+freq: b3lyp/def2-TZVP em=gd3bj
energy: wB97M-V/ma-def2-TZVP"
884,OMG_polymer_197821,CC(C)c1ccc(C=NN(CC(=O)O)CC(=O)O)cc1,Nc1cc(CC(=O)O)cc(N)c1Br,*Nc1cc(CC(=O)O)cc(NC(=O)CN(CC(*)=O)N=Cc2ccc(C(C)C)cc2)c1Br,CC(C)c1ccc(C=NN(CC=O)CC(=O)Nc2cc(CC(=O)O)cc(N)c2Br)cc1,-3947.339822163646,0.9953994,Polyamidation,340.00183,-8.1356,0.1889,0.47702536,0.00094421,0.38452657,0.093443,3.74650035,-3946.955295593646,-3946.861852593646,8.3245,ORCA,QC,"opt+freq: b3lyp/def2-TZVP em=gd3bj
energy: wB97M-V/ma-def2-TZVP"
885,OMG_polymer_113729,CC(SCC(=O)O)(SCC(=O)O)c1ccccc1,Nc1ccc(Br)c(C(=O)O)c1N,*Nc1ccc(Br)c(C(=O)O)c1NC(=O)CSC(C)(SCC(*)=O)c1ccccc1,CC(SCC=O)(SCC(=O)Nc1c(N)ccc(Br)c1C(=O)O)c1ccccc1,-4516.331220860853,0.9982893,Polyamidation,317.69442,-8.2895,0.1676,0.381784,0.00094421,0.29787591,0.0848523,1.181499457,-4516.033344950853,-4515.948492650853,8.4571,ORCA,QC,"opt+freq: b3lyp/def2-TZVP em=gd3bj
energy: wB97M-V/ma-def2-TZVP"
886,OMG_polymer_24627,O=C(O)Cc1ccc(CC(=O)O)cc1,Nc1cc(CC(=O)O)c(N)cc1Cl,*Nc1cc(CC(=O)O)c(NC(=O)Cc2ccc(CC(*)=O)cc2)cc1Cl,Nc1cc(CC(=O)O)c(NC(=O)Cc2ccc(CC=O)cc2)cc1Cl,-1566.862378654589,0.99963593,Polyamidation,252.76366,-7.9225,0.196,0.34789961,0.00094421,0.27597272,0.0728711,5.092600868,-1566.586405934589,-1566.513534834589,8.118500000000001,ORCA,QC,"opt+freq: b3lyp/def2-TZVP em=gd3bj
energy: wB97M-V/ma-def2-TZVP"
887,OMG_polymer_77606,CC(Oc1ccc(Br)cc1C(=O)O)C(=O)O,Nc1cc(N)c(C(=O)O)cc1Cl,*Nc1cc(NC(=O)c2cc(Br)ccc2OC(C)C(*)=O)c(C(=O)O)cc1Cl,CC(C=O)Oc1ccc(Br)cc1C(=O)Nc1cc(N)c(Cl)cc1C(=O)O,-4176.19497350536,0.99946636,Polyamidation,285.11842,-8.4295,0.2026,0.31432647,0.00094421,0.23645114,0.07881954,3.866952677,-4175.95852236536,-4175.87970282536,8.632100000000001,ORCA,QC,"opt+freq: b3lyp/def2-TZVP em=gd3bj
energy: wB97M-V/ma-def2-TZVP"
888,OMG_polymer_149731,CC(C)(C)NC(CC(=O)O)C(=O)O,Cc1cc(C(=O)O)c(N)cc1N,*Nc1cc(NC(=O)CC(NC(C)(C)C)C(*)=O)c(C)cc1C(=O)O,Cc1cc(C(=O)O)c(N)cc1NC(=O)CC(C=O)NC(C)(C)C,-1088.789822850116,0.9985191,Polyamidation,237.23466,-7.9135,0.2518,0.40662253,0.00094421,0.33237525,0.0751915,2.772632232,-1088.457447600116,-1088.382256110116,8.1653,ORCA,QC,"opt+freq: b3lyp/def2-TZVP em=gd3bj
energy: wB97M-V/ma-def2-TZVP"
889,OMG_polymer_171785,O=C(O)c1cc(Br)ccc1NC(=O)c1cc(Cl)c(Cl)cc1C(=O)O,Nc1cc(C(=O)O)cnc1N,*Nc1cc(C(=O)O)cnc1NC(=O)c1cc(Br)ccc1NC(=O)c1cc(Cl)c(Cl)cc1C(*)=O,Nc1cc(C(=O)O)cnc1NC(=O)c1cc(Br)ccc1NC(=O)c1cc(Cl)c(Cl)cc1C=O,-4897.787769216229,0.9901592,Polyamidation,372.75309,-8.6508,-0.8092,0.34599588,0.00094421,0.25901112,0.08792897,1.070371304,-4897.528758096229,-4897.440829126229,7.841600000000001,ORCA,QC,"opt+freq: b3lyp/def2-TZVP em=gd3bj
energy: wB97M-V/ma-def2-TZVP"
890,OMG_polymer_99140,O=C(O)C(Cc1ccccc1)(Cc1ccccc1)C(=O)O,Nc1cc(Br)c(CC(=O)O)cc1N,*Nc1cc(Br)c(CC(=O)O)cc1NC(=O)C(Cc1ccccc1)(Cc1ccccc1)C(*)=O,Nc1cc(Br)c(CC(=O)O)cc1NC(=O)C(C=O)(Cc1ccccc1)Cc1ccccc1,-3951.01933191146,0.9951609,Polyamidation,335.8496,-8.35,0.0917,0.46279717,0.00094421,0.37567781,0.08806357,4.58702701,-3950.64365410146,-3950.55559053146,8.441699999999999,ORCA,QC,"opt+freq: b3lyp/def2-TZVP em=gd3bj
energy: wB97M-V/ma-def2-TZVP"
891,OMG_polymer_149280,O=C(O)CCC(C(=O)O)N(Cc1ccccc1)Cc1ccccc1,Cc1c(N)cc(S(=O)(=O)O)cc1N,*Nc1cc(S(=O)(=O)O)cc(NC(=O)CCC(C(*)=O)N(Cc2ccccc2)Cc2ccccc2)c1C,Cc1c(N)cc(S(=O)(=O)O)cc1NC(=O)CCC(C=O)N(Cc1ccccc1)Cc1ccccc1,-1946.84318876629,0.993704,Polyamidation,349.48183,-8.5526,-0.1033,0.5513661,0.00094421,0.46057625,0.09173406,11.284559768,-1946.38261251629,-1946.29087845629,8.4493,ORCA,QC,"opt+freq: b3lyp/def2-TZVP em=gd3bj
energy: wB97M-V/ma-def2-TZVP"
892,OMG_polymer_172402,CC(C)(NC(=O)CCC(=O)O)C(=O)O,Nc1cc(Br)c(C(=O)O)cc1N,*Nc1cc(Br)c(C(=O)O)cc1NC(=O)CCC(=O)NC(C)(C)C(*)=O,CC(C)(C=O)NC(=O)CCC(=O)Nc1cc(C(=O)O)c(Br)cc1N,-3696.952876071298,0.9988167,Polyamidation,247.83653,-8.5853,0.0927,0.35055259,0.00094421,0.27094425,0.08055256,5.691855409,-3696.681931821298,-3696.601379271298,8.678,ORCA,QC,"opt+freq: b3lyp/def2-TZVP em=gd3bj
energy: wB97M-V/ma-def2-TZVP"
893,OMG_polymer_106264,CC(C)(SCC(=O)O)C(=O)O,Nc1cc(C(F)(F)F)cc(N)c1C(=O)O,*Nc1cc(C(F)(F)F)cc(NC(=O)CSC(C)(C)C(*)=O)c1C(=O)O,CC(C)(C=O)SCC(=O)Nc1cc(C(F)(F)F)cc(N)c1C(=O)O,-1650.829703106199,0.9903943,Polyamidation,226.22966,-8.4899,-0.1575,0.31039335,0.00094421,0.23442343,0.07691413,5.180439994,-1650.595279676199,-1650.518365546199,8.3324,ORCA,QC,"opt+freq: b3lyp/def2-TZVP em=gd3bj
energy: wB97M-V/ma-def2-TZVP"
894,OMG_polymer_25634,O=C(O)c1cc2sc(C(=O)O)cc2s1,Nc1cccc(CC(=O)O)c1N,*Nc1cccc(CC(=O)O)c1NC(=O)c1cc2sc(C(*)=O)cc2s1,Nc1cccc(CC(=O)O)c1NC(=O)c1cc2sc(C=O)cc2s1,-1823.814314909556,0.9978258,Polyamidation,275.21959,-8.2784,-0.8975,0.27966046,0.00094421,0.20913217,0.07147251,1.483508213,-1823.605182739556,-1823.533710239556,7.3809,ORCA,QC,"opt+freq: b3lyp/def2-TZVP em=gd3bj
energy: wB97M-V/ma-def2-TZVP"
895,OMG_polymer_136438,O=C(O)Cc1ccc(-c2ccc(CC(=O)O)cc2)cc1,Cc1ccc(C(=O)O)c(N)c1N,*Nc1c(C(=O)O)ccc(C)c1NC(=O)Cc1ccc(-c2ccc(CC(*)=O)cc2)cc1,Cc1ccc(C(=O)O)c(N)c1NC(=O)Cc1ccc(-c2ccc(CC=O)cc2)cc1,-1338.312007979275,0.9994035,Polyamidation,324.59311,-8.0581,0.0863,0.44152471,0.00094421,0.36009254,0.08237638,4.22704054,-1337.951915439275,-1337.869539059275,8.1444,ORCA,QC,"opt+freq: b3lyp/def2-TZVP em=gd3bj
energy: wB97M-V/ma-def2-TZVP"
896,OMG_polymer_27748,O=C(O)CSc1ccc(C(=O)O)cc1,Nc1cccc(N)c1C(=O)O,*Nc1cccc(NC(=O)CSc2ccc(C(*)=O)cc2)c1C(=O)O,Nc1cccc(NC(=O)CSc2ccc(C=O)cc2)c1C(=O)O,-1426.832413668886,0.99966073,Polyamidation,230.17378,-8.1803,-0.3093,0.30013674,0.00094421,0.23308118,0.06799978,3.347321498,-1426.599332488886,-1426.531332718886,7.871,ORCA,QC,"opt+freq: b3lyp/def2-TZVP em=gd3bj
energy: wB97M-V/ma-def2-TZVP"
897,OMG_polymer_168112,CCOC(=O)C1(C(=O)N(CC(=O)O)CC(=O)O)CCCCC1,Nc1cc(S(=O)(=O)O)c(N)c(S(=O)(=O)O)c1,*Nc1cc(S(=O)(=O)O)c(NC(=O)CN(CC(*)=O)C(=O)C2(C(=O)OCC)CCCCC2)c(S(=O)(=O)O)c1,CCOC(=O)C1(C(=O)N(CC=O)CC(=O)Nc2c(S(=O)(=O)O)cc(N)cc2S(=O)(=O)O)CCCCC1,-2566.662609234736,0.73876333,Polyamidation,328.96356,-9.1607,-0.15,0.52480002,0.00094421,0.42656621,0.09917802,10.371874058,-2566.236043024736,-2566.136865004736,9.0107,ORCA,QC,"opt+freq: b3lyp/def2-TZVP em=gd3bj
energy: wB97M-V/ma-def2-TZVP"
898,OMG_polymer_169916,CCCCC(NC(=O)c1ccccc1C(=O)O)C(=O)O,Nc1cc(Cl)cc(N)c1CC(=O)O,*Nc1cc(Cl)cc(NC(=O)c2ccccc2C(=O)NC(CCCC)C(*)=O)c1CC(=O)O,CCCCC(C=O)NC(=O)c1ccccc1C(=O)Nc1cc(Cl)cc(N)c1CC(=O)O,-1853.490768698095,0.99437994,Polyamidation,311.11521,-8.7619,-0.1192,0.46776256,0.00094421,0.37934267,0.0893641,9.643068117,-1853.111426028095,-1853.022061928095,8.642700000000001,ORCA,QC,"opt+freq: b3lyp/def2-TZVP em=gd3bj
energy: wB97M-V/ma-def2-TZVP"
899,OMG_polymer_108816,CC(Cl)C(=O)c1cc(C(=O)O)cc(C(=O)O)c1,Cc1c(N)cc(S(=O)(=O)O)cc1N,*Nc1cc(S(=O)(=O)O)cc(NC(=O)c2cc(C(*)=O)cc(C(=O)C(C)Cl)c2)c1C,Cc1c(N)cc(S(=O)(=O)O)cc1NC(=O)c1cc(C=O)cc(C(=O)C(C)Cl)c1,-2115.488269639542,0.9976859,Polyamidation,292.84256,-8.8142,-0.9347,0.36102095,0.00094421,0.2770553,0.08490986,6.055795098,-2115.211214339542,-2115.126304479542,7.879499999999999,ORCA,QC,"opt+freq: b3lyp/def2-TZVP em=gd3bj
energy: wB97M-V/ma-def2-TZVP"
900,OMG_polymer_161332,O=C(O)CCCc1ccccc1CCCC(=O)O,Nc1ccc(C(N)C(=O)O)cc1,*Nc1ccc(C(NC(=O)CCCc2ccccc2CCCC(*)=O)C(=O)O)cc1,Nc1ccc(C(NC(=O)CCCc2ccccc2CCCC=O)C(=O)O)cc1,-1264.464788641069,0.99948263,Polyamidation,282.98931,-8.0887,0.3214,0.47583184,0.00094421,0.39486299,0.08191306,1.654717476,-1264.069925651069,-1263.988012591069,8.4101,ORCA,QC,"opt+freq: b3lyp/def2-TZVP em=gd3bj
energy: wB97M-V/ma-def2-TZVP"
901,OMG_polymer_201209,CCOc1ccc(C=NN(CC(=O)O)CC(=O)O)cc1,Nc1cnc(C(=O)O)cc1N,*Nc1cnc(C(=O)O)cc1NC(=O)CN(CC(*)=O)N=Cc1ccc(OCC)cc1,CCOc1ccc(C=NN(CC=O)CC(=O)Nc2cc(C(=O)O)ncc2N)cc1,-1386.600851335961,0.9924666,Polyamidation,294.09214,-8.3915,-0.0369,0.42043548,0.00094421,0.3379972,0.08338249,11.743938394,-1386.262854135961,-1386.179471645961,8.354600000000001,ORCA,QC,"opt+freq: b3lyp/def2-TZVP em=gd3bj
energy: wB97M-V/ma-def2-TZVP"
902,OMG_polymer_186350,Cc1ccc(S(=O)(=O)NC(CC(=O)O)C(=O)O)cc1,Nc1cc(N)c(C(=O)O)nc1Cl,*Nc1cc(NC(=O)CC(NS(=O)(=O)c2ccc(C)cc2)C(*)=O)c(C(=O)O)nc1Cl,Cc1ccc(S(=O)(=O)NC(C=O)CC(=O)Nc2cc(N)c(Cl)nc2C(=O)O)cc1,-2186.935696025367,0.99454665,Polyamidation,277.18338,-8.8614,-0.1238,0.36764709,0.00094421,0.28584802,0.08274329,6.481465231,-2186.649848005367,-2186.567104725367,8.7376,ORCA,QC,"opt+freq: b3lyp/def2-TZVP em=gd3bj
energy: wB97M-V/ma-def2-TZVP"
903,OMG_polymer_99042,O=C(O)c1ccc(C=NNC(=S)NN=Cc2ccc(C(=O)O)cc2)cc1,Nc1ccc(-c2ccc(N)c(S(=O)(=O)O)c2)cc1S(=O)(=O)O,*Nc1ccc(-c2ccc(NC(=O)c3ccc(C=NNC(=S)NN=Cc4ccc(C(*)=O)cc4)cc3)c(S(=O)(=O)O)c2)cc1S(=O)(=O)O,Nc1ccc(-c2ccc(NC(=O)c3ccc(C=NNC(=S)NN=Cc4ccc(C=O)cc4)cc3)c(S(=O)(=O)O)c2)cc1S(=O)(=O)O,-3244.514291364586,0.7391401,Polyamidation,550.51493,-8.3766,-0.7782,0.55327711,0.00094421,0.44069915,0.11352218,5.163328997,-3244.073592214586,-3243.960070044586,7.5984,ORCA,QC,"opt+freq: b3lyp/def2-TZVP em=gd3bj
energy: wB97M-V/ma-def2-TZVP"
904,OMG_polymer_172789,O=C(O)CC(NC(=O)C(Cl)(Cl)Cl)C(=O)O,Nc1cc(C(=O)O)c(N)c(C(F)(F)F)c1,*Nc1cc(C(=O)O)c(NC(=O)CC(NC(=O)C(Cl)(Cl)Cl)C(*)=O)c(C(F)(F)F)c1,Nc1cc(C(=O)O)c(NC(=O)CC(C=O)NC(=O)C(Cl)(Cl)Cl)c(C(F)(F)F)c1,-2760.837817892428,0.98250717,Polyamidation,241.51084,-8.9882,-0.0668,0.28322558,0.00094421,0.20079971,0.08337008,5.42891371,-2760.637018182428,-2760.553648102428,8.9214,ORCA,QC,"opt+freq: b3lyp/def2-TZVP em=gd3bj
energy: wB97M-V/ma-def2-TZVP"
905,OMG_polymer_164923,CC(C)(C)OC(=O)NCCC(=O)N(CC(=O)O)CC(=O)O,Nc1c(C(=O)O)cc(Cl)c(Br)c1N,*Nc1c(C(=O)O)cc(Cl)c(Br)c1NC(=O)CN(CC(*)=O)C(=O)CCNC(=O)OC(C)(C)C,CC(C)(C)OC(=O)NCCC(=O)N(CC=O)CC(=O)Nc1c(N)c(C(=O)O)cc(Cl)c1Br,-4518.450188351357,0.9805248,Polyamidation,308.31898,-8.5484,-0.1056,0.46673146,0.00094421,0.37316484,0.09451084,4.866403544,-4518.077023511357,-4517.982512681357,8.4428,ORCA,QC,"opt+freq: b3lyp/def2-TZVP em=gd3bj
energy: wB97M-V/ma-def2-TZVP"
906,OMG_polymer_148282,CC(C)C(C)(C(=O)O)C(=O)O,Nc1cc(N)c(Br)c(CC(=O)O)c1,*Nc1cc(CC(=O)O)c(Br)c(NC(=O)C(C)(C(*)=O)C(C)C)c1,CC(C)C(C)(C=O)C(=O)Nc1cc(N)cc(CC(=O)O)c1Br,-3567.530593816177,0.9994081,Polyamidation,231.14293,-8.3111,0.1827,0.35006565,0.00094421,0.27591962,0.07509024,3.383255848,-3567.254674196177,-3567.179583956177,8.4938,ORCA,QC,"opt+freq: b3lyp/def2-TZVP em=gd3bj
energy: wB97M-V/ma-def2-TZVP"
907,OMG_polymer_70700,O=C(O)CC(C(=O)O)N1C(=O)c2ccccc2C1=O,Nc1cc(Cl)c(S(N)(=O)=O)cc1C(=O)O,*Nc1cc(Cl)c(S(=O)(=O)NC(=O)CC(C(*)=O)N2C(=O)c3ccccc3C2=O)cc1C(=O)O,Nc1cc(Cl)c(S(=O)(=O)NC(=O)CC(C=O)N2C(=O)c3ccccc3C2=O)cc1C(=O)O,-2357.10346576413,0.95506835,Polyamidation,296.54806,-9.0029,-0.5199,0.35061105,0.00094421,0.26490964,0.08664562,5.481261966,-2356.83855612413,-2356.75191050413,8.483,ORCA,QC,"opt+freq: b3lyp/def2-TZVP em=gd3bj
energy: wB97M-V/ma-def2-TZVP"
908,OMG_polymer_174397,CCOC(=O)CC(=O)NC(CCC(=O)O)C(=O)O,Nc1cc(Cl)c(S(N)(=O)=O)cc1C(=O)O,*Nc1cc(Cl)c(S(=O)(=O)NC(=O)CCC(NC(=O)CC(=O)OCC)C(*)=O)cc1C(=O)O,CCOC(=O)CC(=O)NC(C=O)CCC(=O)NS(=O)(=O)c1cc(C(=O)O)c(N)cc1Cl,-2359.705334505928,0.9522865,Polyamidation,283.06875,-8.7838,0.0059,0.41364425,0.00094421,0.32285716,0.0917313,12.058448967,-2359.382477345928,-2359.290746045928,8.7897,ORCA,QC,"opt+freq: b3lyp/def2-TZVP em=gd3bj
energy: wB97M-V/ma-def2-TZVP"
909,OMG_polymer_63507,O=C(O)C12CCCC(C(=O)O)(CC1)C2,Nc1cc(CC(=O)O)c(N)cc1Cl,*Nc1cc(CC(=O)O)c(NC(=O)C23CCCC(C(*)=O)(CC2)C3)cc1Cl,Nc1cc(CC(=O)O)c(NC(=O)C23CCCC(C=O)(CC2)C3)cc1Cl,-1569.245125788067,0.9160533,Polyamidation,252.04638,-7.9887,0.0775,0.39658901,0.00094421,0.32325262,0.0742806,7.476856202,-1568.921873168067,-1568.847592568067,8.0662,ORCA,QC,"opt+freq: b3lyp/def2-TZVP em=gd3bj
energy: wB97M-V/ma-def2-TZVP"
910,OMG_polymer_128220,O=C(O)C(CC(F)F)C(=O)O,Nc1cc(F)c(N)c(C(=O)O)c1,*Nc1cc(F)c(NC(=O)C(CC(F)F)C(*)=O)c(C(=O)O)c1,Nc1cc(F)c(NC(=O)C(C=O)CC(F)F)c(C(=O)O)c1,-1174.005409019343,0.998147,Polyamidation,176.3525,-8.4793,0.1051,0.24944445,0.00094421,0.1822322,0.06815645,3.094746026,-1173.823176819343,-1173.755020359343,8.5844,ORCA,QC,"opt+freq: b3lyp/def2-TZVP em=gd3bj
energy: wB97M-V/ma-def2-TZVP"
911,OMG_polymer_199539,COc1ccc(OC)c(C=NN(CC(=O)O)CC(=O)O)c1,COc1cc(C(=O)O)c(N)cc1N,*Nc1cc(NC(=O)CN(CC(*)=O)N=Cc2cc(OC)ccc2OC)c(OC)cc1C(=O)O,COc1ccc(OC)c(C=NN(CC=O)CC(=O)Nc2cc(N)c(C(=O)O)cc2OC)c1,-1560.308922762604,0.9946203,Polyamidation,323.6001,-7.6884,0.1569,0.47292293,0.00094421,0.38226093,0.09160621,5.361305292,-1559.926661832604,-1559.835055622604,7.8453,ORCA,QC,"opt+freq: b3lyp/def2-TZVP em=gd3bj
energy: wB97M-V/ma-def2-TZVP"
912,OMG_polymer_58716,CC1(C(=O)O)CCC(C)(C(=O)O)C1(C)C,Nc1cc(C(=O)O)cc(N)n1,*Nc1cc(C(=O)O)cc(NC(=O)C2(C)CCC(C)(C(*)=O)C2(C)C)n1,CC1(C=O)CCC(C)(C(=O)Nc2cc(C(=O)O)cc(N)n2)C1(C)C,-1126.88967526015,0.9836285,Polyamidation,236.38522,-8.4881,0.0759,0.41282873,0.00094421,0.33960881,0.07416414,4.301921064,-1126.55006645015,-1126.47590232015,8.564,ORCA,QC,"opt+freq: b3lyp/def2-TZVP em=gd3bj
energy: wB97M-V/ma-def2-TZVP"
913,OMG_polymer_10109,O=C(O)CC(CC(=O)O)c1ccc[nH]1,Nc1nc(N)nc(CC(=O)O)n1,*Nc1nc(CC(=O)O)nc(NC(=O)CC(CC(*)=O)c2ccc[nH]2)n1,Nc1nc(CC(=O)O)nc(NC(=O)CC(CC=O)c2ccc[nH]2)n1,-1172.687329385961,0.99455196,Polyamidation,223.05428,-7.9747,0.0928,0.33196911,0.00094421,0.25808965,0.07482367,5.263864052,-1172.429239735961,-1172.354416065961,8.0675,ORCA,QC,"opt+freq: b3lyp/def2-TZVP em=gd3bj
energy: wB97M-V/ma-def2-TZVP"
914,OMG_polymer_11515,CC(C)(C)CC(CC(=O)O)CC(=O)O,Nc1cc(Cl)c(CC(=O)O)cc1N,*Nc1cc(Cl)c(CC(=O)O)cc1NC(=O)CC(CC(*)=O)CC(C)(C)C,CC(C)(C)CC(CC=O)CC(=O)Nc1cc(CC(=O)O)c(Cl)cc1N,-1571.631788350308,0.99852496,Polyamidation,246.9559,-8.5533,0.178,0.44075406,0.00094421,0.36329278,0.07840549,3.238346636,-1571.268495570308,-1571.190090080308,8.731300000000001,ORCA,QC,"opt+freq: b3lyp/def2-TZVP em=gd3bj
energy: wB97M-V/ma-def2-TZVP"
915,OMG_polymer_99365,CC(N)(CC(=O)O)C(=O)O,Nc1cnc(C(=O)O)cc1N,*Nc1cnc(C(=O)O)cc1NC(=O)CC(C)(N)C(*)=O,CC(N)(C=O)CC(=O)Nc1cc(C(=O)O)ncc1N,-947.598979556394,0.9883465,Polyamidation,178.64002,-9.0186,-0.1746,0.2763022,0.00094421,0.21160257,0.06564384,9.174956215,-947.3873769863941,-947.3217331463941,8.844,ORCA,QC,"opt+freq: b3lyp/def2-TZVP em=gd3bj
energy: wB97M-V/ma-def2-TZVP"
916,OMG_polymer_164019,O=C(O)CN(CC(=O)O)C(=O)COCc1ccccc1,Cc1cc(N)c(N)c(C(=O)O)c1,*Nc1cc(C)cc(C(=O)O)c1NC(=O)CN(CC(*)=O)C(=O)COCc1ccccc1,Cc1cc(N)c(NC(=O)CN(CC=O)C(=O)COCc2ccccc2)c(C(=O)O)c1,-1429.791953740629,0.99921906,Polyamidation,299.02501,-8.2998,0.0591,0.45048801,0.00094421,0.36306525,0.08836697,4.489071939,-1429.428888490629,-1429.340521520629,8.3589,ORCA,QC,"opt+freq: b3lyp/def2-TZVP em=gd3bj
energy: wB97M-V/ma-def2-TZVP"
917,OMG_polymer_13540,O=C(O)C1CC=CCC1C(=O)O,Nc1cc(N)c(C(=O)O)cc1Cl,*Nc1cc(NC(=O)C2CC=CCC2C(*)=O)c(C(=O)O)cc1Cl,Nc1cc(NC(=O)C2CC=CCC2C=O)c(C(=O)O)cc1Cl,-1451.304855636994,0.9833589,Polyamidation,216.25148,-8.9035,0.1031,0.30533788,0.00094421,0.2369909,0.06929119,5.640663482,-1451.067864736994,-1450.998573546994,9.006599999999999,ORCA,QC,"opt+freq: b3lyp/def2-TZVP em=gd3bj
energy: wB97M-V/ma-def2-TZVP"
918,OMG_polymer_73977,O=C(O)C(=O)C(=O)O,Nc1cc(N)c(C(=O)O)c(Cl)c1,*Nc1cc(Cl)c(C(=O)O)c(NC(=O)C(=O)C(*)=O)c1,Nc1cc(Cl)c(C(=O)O)c(NC(=O)C(=O)C=O)c1,-1331.204185815805,0.9981614,Polyamidation,171.3972,-8.8656,-1.2218,0.73546319,0.00094421,0.12451321,0.05987149,4.455121131,-1331.079672605805,-1330.467778415805,7.643800000000001,ORCA,QC,"opt+freq: b3lyp/def2-TZVP em=gd3bj
energy: wB97M-V/ma-def2-TZVP"
919,OMG_polymer_74133,O=C(O)c1nnc(C(=O)O)nn1,Nc1cc(C(=O)O)c(N)c(C(F)(F)F)c1,*Nc1cc(C(=O)O)c(NC(=O)c2nnc(C(*)=O)nn2)c(C(F)(F)F)c1,Nc1cc(C(=O)O)c(NC(=O)c2nnc(C=O)nn2)c(C(F)(F)F)c1,-1390.571657971639,0.996852,Polyamidation,208.99741,-8.7461,-1.4266,0.22496417,0.00094421,0.15437822,0.07153016,8.587635926,-1390.417279751639,-1390.345749591639,7.3195,ORCA,QC,"opt+freq: b3lyp/def2-TZVP em=gd3bj
energy: wB97M-V/ma-def2-TZVP"
920,OMG_polymer_194310,O=C(O)CS(=O)(=O)c1ccc(-c2ccc(S(=O)(=O)CC(=O)O)cc2)cc1,Nc1ccc(N)c(C(=O)O)c1Cl,*Nc1ccc(NC(=O)CS(=O)(=O)c2ccc(-c3ccc(S(=O)(=O)CC(*)=O)cc3)cc2)c(C(=O)O)c1Cl,Nc1ccc(NC(=O)CS(=O)(=O)c2ccc(-c3ccc(S(=O)(=O)CC=O)cc3)cc2)c(C(=O)O)c1Cl,-2855.898051024333,0.9673795,Polyamidation,358.51304,-8.1733,-0.5518,0.43129858,0.00094421,0.33857224,0.09367055,6.024396641,-2855.559478784333,-2855.465808234333,7.621499999999999,ORCA,QC,"opt+freq: b3lyp/def2-TZVP em=gd3bj
energy: wB97M-V/ma-def2-TZVP"
921,OMG_polymer_95803,COc1ccc(CC(=O)O)c(C(=O)O)c1,N#Cc1ccc(N)c(N)c1C(=O)O,*Nc1ccc(C#N)c(C(=O)O)c1NC(=O)Cc1ccc(OC)cc1C(*)=O,COc1ccc(CC(=O)Nc2c(N)ccc(C#N)c2C(=O)O)c(C=O)c1,-1235.437826976724,0.9983707,Polyamidation,260.42099,-8.375,-0.1168,0.33264232,0.00094421,0.25944287,0.07414366,8.671718949,-1235.178384106724,-1235.104240446724,8.2582,ORCA,QC,"opt+freq: b3lyp/def2-TZVP em=gd3bj
energy: wB97M-V/ma-def2-TZVP"
922,OMG_polymer_166303,O=C(O)CN(CC(=O)O)C(=O)CBr,Nc1cc(N)c(C(=O)O)c(Cl)c1,*Nc1cc(Cl)c(C(=O)O)c(NC(=O)CN(CC(*)=O)C(=O)CBr)c1,Nc1cc(Cl)c(C(=O)O)c(NC(=O)CN(CC=O)C(=O)CBr)c1,-4077.928373904879,0.99856746,Polyamidation,237.66178,-8.8707,0.1047,0.85013426,0.00094421,0.21001293,0.07366846,6.092926602,-4077.718360974879,-4077.077295434879,8.975399999999999,ORCA,QC,"opt+freq: b3lyp/def2-TZVP em=gd3bj
energy: wB97M-V/ma-def2-TZVP"
923,OMG_polymer_49548,O=C(O)c1cc(C(=O)O)c(Br)cn1,Nc1cc(N)cc(C(=O)O)c1,*Nc1cc(NC(=O)c2cc(C(*)=O)c(Br)cn2)cc(C(=O)O)c1,Nc1cc(NC(=O)c2cc(C=O)c(Br)cn2)cc(C(=O)O)c1,-3578.803952251099,0.99933714,Polyamidation,237.49812,-8.3406,-1.0204,0.24647702,0.00094421,0.17944476,0.06797647,2.797651717,-3578.624507491099,-3578.556531021099,7.3202,ORCA,QC,"opt+freq: b3lyp/def2-TZVP em=gd3bj
energy: wB97M-V/ma-def2-TZVP"
924,OMG_polymer_30437,O=C(O)c1cc(C(F)(F)F)c(C(=O)O)cc1C(F)(F)F,Nc1ccc(C(=O)O)c(N)c1,*Nc1ccc(C(=O)O)c(NC(=O)c2cc(C(F)(F)F)c(C(*)=O)cc2C(F)(F)F)c1,Nc1ccc(C(=O)O)c(NC(=O)c2cc(C(F)(F)F)c(C=O)cc2C(F)(F)F)c1,-1663.596715254122,0.982031,Polyamidation,245.04026,-8.5874,-1.0085,0.28362066,0.00094421,0.20538344,0.07918143,3.641657871,-1663.391331814122,-1663.312150384122,7.578900000000001,ORCA,QC,"opt+freq: b3lyp/def2-TZVP em=gd3bj
energy: wB97M-V/ma-def2-TZVP"
925,OMG_polymer_18999,O=C(O)C(F)(F)C(F)(F)C(F)(F)C(=O)O,Nc1cc(C(=O)O)ccc1S(N)(=O)=O,*Nc1cc(C(=O)O)ccc1S(=O)(=O)NC(=O)C(F)(F)C(F)(F)C(F)(F)C(*)=O,Nc1cc(C(=O)O)ccc1S(=O)(=O)NC(=O)C(F)(F)C(F)(F)C(F)(F)C=O,-2020.449104492705,0.9440996,Polyamidation,197.90118,-8.8967,-0.5224,0.23988916,0.00094421,0.16155949,0.07927389,1.287082221,-2020.287545002705,-2020.208271122705,8.3743,ORCA,QC,"opt+freq: b3lyp/def2-TZVP em=gd3bj
energy: wB97M-V/ma-def2-TZVP"
926,OMG_polymer_100156,O=C(O)C1(C(=O)O)CCCC1,Nc1c(Br)ccc(C(=O)O)c1N,*Nc1c(Br)ccc(C(=O)O)c1NC(=O)C1(C(*)=O)CCCC1,Nc1c(Br)ccc(C(=O)O)c1NC(=O)C1(C=O)CCCC1,-3527.038934899648,0.99843305,Polyamidation,218.53589,-8.5094,-0.1227,0.29947812,0.00094421,0.23310057,0.06732176,1.96099907,-3526.805834329648,-3526.738512569648,8.3867,ORCA,QC,"opt+freq: b3lyp/def2-TZVP em=gd3bj
energy: wB97M-V/ma-def2-TZVP"
927,OMG_polymer_138685,CC(=O)SCC(CC(=O)O)C(=O)O,Nc1cc(Br)c(CC(=O)O)cc1N,*Nc1cc(Br)c(CC(=O)O)cc1NC(=O)CC(CSC(C)=O)C(*)=O,CC(=O)SCC(C=O)CC(=O)Nc1cc(CC(=O)O)c(Br)cc1N,-4039.774971136605,0.99375266,Polyamidation,258.53882,-8.4141,0.0882,0.33553709,0.00094421,0.25501765,0.08146365,3.723214708,-4039.519953486605,-4039.438489836605,8.5023,ORCA,QC,"opt+freq: b3lyp/def2-TZVP em=gd3bj
energy: wB97M-V/ma-def2-TZVP"
928,OMG_polymer_26528,O=C(O)c1ccccc1C(=O)Nc1ccccc1NC(=O)c1ccccc1C(=O)O,Nc1cc(Br)c(C(=O)O)cc1N,*Nc1cc(Br)c(C(=O)O)cc1NC(=O)c1ccccc1C(=O)Nc1ccccc1NC(=O)c1ccccc1C(*)=O,Nc1cc(Br)c(C(=O)O)cc1NC(=O)c1ccccc1C(=O)Nc1ccccc1NC(=O)c1ccccc1C=O,0.0,0.98760426,Polyamidation,0.0,0.0,0.0,0.48973186,0.00094421,0.39028789,0.10038818,8.610893323,0.39028789,0.49067607,0.0,ORCA,QC,"opt+freq: b3lyp/def2-TZVP em=gd3bj
energy: wB97M-V/ma-def2-TZVP"
929,OMG_polymer_144207,CC(NC(=O)C(=O)O)C(=O)O,COc1ccc(C(=O)O)c(N)c1N,*Nc1c(C(=O)O)ccc(OC)c1NC(=O)C(=O)NC(C)C(*)=O,COc1ccc(C(=O)O)c(N)c1NC(=O)C(=O)NC(C)C=O,-1120.156309953126,0.9987625,Polyamidation,204.53946,-8.3697,0.2343,0.30611902,0.00094421,0.23549442,0.07156881,4.145288664,-1119.920815533126,-1119.849246723126,8.604,ORCA,QC,"opt+freq: b3lyp/def2-TZVP em=gd3bj
energy: wB97M-V/ma-def2-TZVP"
930,OMG_polymer_92870,O=C(O)CN(CC(=O)O)S(=O)(=O)c1ccccc1,Nc1cc(N)c(F)c(C(=O)O)c1,*Nc1cc(NC(=O)CN(CC(*)=O)S(=O)(=O)c2ccccc2)c(F)c(C(=O)O)c1,Nc1cc(NC(=O)CN(CC=O)S(=O)(=O)c2ccccc2)c(F)c(C(=O)O)c1,-1771.20682338546,0.99845123,Polyamidation,267.08493,-8.1949,0.074,0.35120048,0.00094421,0.27047996,0.08166473,6.54800116,-1770.93634342546,-1770.85467869546,8.2689,ORCA,QC,"opt+freq: b3lyp/def2-TZVP em=gd3bj
energy: wB97M-V/ma-def2-TZVP"
931,OMG_polymer_90963,O=C(O)C(C(=O)O)C1c2ccccc2Oc2ccccc21,NCCCCC(N)C(=O)O,*NCCCCC(NC(=O)C(C(*)=O)C1c2ccccc2Oc2ccccc21)C(=O)O,NCCCCC(NC(=O)C(C=O)C1c2ccccc2Oc2ccccc21)C(=O)O,-1338.504696491189,0.84848636,Polyamidation,280.62383,-8.5184,0.1514,0.45857859,0.00094421,0.37649575,0.08302705,4.184338796,-1338.128200741189,-1338.045173691189,8.6698,ORCA,QC,"opt+freq: b3lyp/def2-TZVP em=gd3bj
energy: wB97M-V/ma-def2-TZVP"
932,OMG_polymer_68787,O=NN(CC(=O)O)CC(=O)O,Nc1cc(Br)c(CC(=O)O)cc1N,*Nc1cc(Br)c(CC(=O)O)cc1NC(=O)CN(CC(*)=O)N=O,Nc1cc(Br)c(CC(=O)O)cc1NC(=O)CN(CC=O)N=O,-3634.289868705338,0.98971164,Polyamidation,216.21527,-8.5521,-0.2154,0.83496052,0.00094421,0.20736047,0.07139915,9.265876734,-3634.082508235338,-3633.453963975338,8.336699999999999,ORCA,QC,"opt+freq: b3lyp/def2-TZVP em=gd3bj
energy: wB97M-V/ma-def2-TZVP"
933,OMG_polymer_184827,O=C(O)c1ccc2[nH]c(C(=O)O)cc2c1,Nc1cc(CC(=O)O)cc(N)c1Br,*Nc1cc(CC(=O)O)cc(NC(=O)c2ccc3[nH]c(C(*)=O)cc3c2)c1Br,Nc1cc(CC(=O)O)cc(NC(=O)c2ccc3[nH]c(C=O)cc3c2)c1Br,-3733.646481629446,0.99877924,Polyamidation,294.19006,-8.3113,-0.3819,0.31956765,0.00094421,0.24481728,0.07569458,5.947720306,-3733.401664349446,-3733.325969769446,7.929399999999999,ORCA,QC,"opt+freq: b3lyp/def2-TZVP em=gd3bj
energy: wB97M-V/ma-def2-TZVP"
934,OMG_polymer_200838,O=C(O)CN(CC(=O)O)N=Cc1ccco1,Nc1cc(F)cc(N)c1C(=O)O,*Nc1cc(F)cc(NC(=O)CN(CC(*)=O)N=Cc2ccco2)c1C(=O)O,Nc1cc(F)cc(NC(=O)CN(CC=O)N=Cc2ccco2)c1C(=O)O,-1313.780553165967,0.9927039,Polyamidation,257.21486,-7.9377,0.1246,0.98630469,0.00094421,0.25411325,0.07493902,5.808197378,-1313.526439915967,-1312.793304265967,8.0623,ORCA,QC,"opt+freq: b3lyp/def2-TZVP em=gd3bj
energy: wB97M-V/ma-def2-TZVP"
935,OMG_polymer_41175,CCCCC(=O)NN(CC(=O)O)CC(=O)O,COc1ccc(N)c(N)c1C(=O)O,*Nc1ccc(OC)c(C(=O)O)c1NC(=O)CN(CC(*)=O)NC(=O)CCCC,CCCCC(=O)NN(CC=O)CC(=O)Nc1c(N)ccc(OC)c1C(=O)O,-1332.682164791055,0.9980994,Polyamidation,253.75492,-7.8697,0.2907,0.44214976,0.00094421,0.35874308,0.0843509,1.713266759,-1332.323421711055,-1332.239070821055,8.1604,ORCA,QC,"opt+freq: b3lyp/def2-TZVP em=gd3bj
energy: wB97M-V/ma-def2-TZVP"
936,OMG_polymer_51383,O=C(O)CC(=O)CC(=O)O,Cc1cc(N)c(N)c(C(=O)O)c1,*Nc1cc(C)cc(C(=O)O)c1NC(=O)CC(=O)CC(*)=O,Cc1cc(N)c(NC(=O)CC(=O)CC=O)c(C(=O)O)c1,0.0,0.9925538,Polyamidation,0.0,0.0,0.0,0.0,0.0,0.0,0.0,0.0,0.0,0.0,0.0,ORCA,QC,"opt+freq: b3lyp/def2-TZVP em=gd3bj
energy: wB97M-V/ma-def2-TZVP"
937,OMG_polymer_150744,Cc1ccc(S(=O)(=O)N(CCC(=O)O)CCC(=O)O)cc1C,Nc1cc(Cl)c(CC(=O)O)cc1N,*Nc1cc(Cl)c(CC(=O)O)cc1NC(=O)CCN(CCC(*)=O)S(=O)(=O)c1ccc(C)c(C)c1,Cc1ccc(S(=O)(=O)N(CCC=O)CCC(=O)Nc2cc(CC(=O)O)c(Cl)cc2N)cc1C,-2328.082732834449,0.9922144,Polyamidation,335.69777,-8.4563,0.0365,0.49852156,0.00094421,0.4036035,0.09586228,8.518320797,-2327.679129334449,-2327.583267064449,8.4928,ORCA,QC,"opt+freq: b3lyp/def2-TZVP em=gd3bj
energy: wB97M-V/ma-def2-TZVP"
938,OMG_polymer_44581,O=C(O)COCCSc1ccccc1C(=O)O,Nc1cc(C(=O)O)cc(Br)c1N,*Nc1cc(C(=O)O)cc(Br)c1NC(=O)COCCSc1ccccc1C(*)=O,Nc1cc(C(=O)O)cc(Br)c1NC(=O)COCCSc1ccccc1C=O,-4154.075646508874,0.9994,Polyamidation,276.46091,-8.7771,-0.2166,0.35611831,0.00094421,0.27646255,0.08059997,6.784248485,-4153.799183958874,-4153.718583988874,8.560500000000001,ORCA,QC,"opt+freq: b3lyp/def2-TZVP em=gd3bj
energy: wB97M-V/ma-def2-TZVP"
939,OMG_polymer_110828,Cc1ccc(F)c(C(CC(=O)O)CC(=O)O)c1,NNC(=O)c1cc(C(=O)NN)cc(S(=O)(=O)O)c1,*NNC(=O)c1cc(C(=O)NNC(=O)CC(CC(*)=O)c2cc(C)ccc2F)cc(S(=O)(=O)O)c1,Cc1ccc(F)c(C(CC=O)CC(=O)NNC(=O)c2cc(C(=O)NN)cc(S(=O)(=O)O)c2)c1,-2018.508103902907,0.86111176,Polyamidation,296.98154,-9.5273,-0.471,0.44049917,0.00094421,0.34872498,0.0927184,1.779087119,-2018.159378922907,-2018.066660522907,9.0563,ORCA,QC,"opt+freq: b3lyp/def2-TZVP em=gd3bj
energy: wB97M-V/ma-def2-TZVP"
940,OMG_polymer_75994,O=C(O)CC(NC(=O)Sc1ccccc1)C(=O)O,N#Cc1c(N)ccc(N)c1C(=O)O,*Nc1ccc(NC(=O)CC(NC(=O)Sc2ccccc2)C(*)=O)c(C(=O)O)c1C#N,N#Cc1c(N)ccc(NC(=O)CC(C=O)NC(=O)Sc2ccccc2)c1C(=O)O,-1727.12484989411,0.9955403,Polyamidation,281.62012,-8.7691,-0.6059,0.35980024,0.00094421,0.278882,0.08186245,5.893433239,-1726.84596789411,-1726.76410544411,8.1632,ORCA,QC,"opt+freq: b3lyp/def2-TZVP em=gd3bj
energy: wB97M-V/ma-def2-TZVP"
941,OMG_polymer_102781,Cc1cc(C)c(NC(=O)CCC(=O)O)c(C)c1NC(=O)CCC(=O)O,Nc1ccc(-c2ccc(N)cc2S(=O)(=O)O)c(S(=O)(=O)O)c1,*Nc1ccc(-c2ccc(NC(=O)CCC(=O)Nc3c(C)cc(C)c(NC(=O)CCC(*)=O)c3C)cc2S(=O)(=O)O)c(S(=O)(=O)O)c1,Cc1cc(C)c(NC(=O)CCC(=O)Nc2ccc(-c3ccc(N)cc3S(=O)(=O)O)c(S(=O)(=O)O)c2)c(C)c1NC(=O)CCC=O,0.0,0.8276715,Polyamidation,0.0,0.0,0.0,0.63934571,0.00094421,0.51883729,0.12145263,5.506949228,0.51883729,0.64028992,0.0,ORCA,QC,"opt+freq: b3lyp/def2-TZVP em=gd3bj
energy: wB97M-V/ma-def2-TZVP"
942,OMG_polymer_22718,O=C(O)c1cccc(C(=O)O)c1,Nc1cc(N)c(Cl)c(C(=O)O)c1,*Nc1cc(NC(=O)c2cccc(C(*)=O)c2)c(Cl)c(C(=O)O)c1,Nc1cc(NC(=O)c2cccc(C=O)c2)c(Cl)c(C(=O)O)c1,-1448.930358941092,0.99921453,Polyamidation,229.68223,-8.4077,-0.3487,0.25899189,0.00094421,0.19285276,0.06708334,4.646976504,-1448.737506181092,-1448.670422841092,8.059000000000001,ORCA,QC,"opt+freq: b3lyp/def2-TZVP em=gd3bj
energy: wB97M-V/ma-def2-TZVP"
943,OMG_polymer_126393,O=C(O)Cc1sccc1C(=O)O,Nc1ccc(CC(=O)O)c(N)c1,*Nc1ccc(CC(=O)O)c(NC(=O)Cc2sccc2C(*)=O)c1,Nc1ccc(CC(=O)O)c(NC(=O)Cc2sccc2C=O)c1,-1388.717750615622,0.99946314,Polyamidation,223.10741,-8.1104,0.2348,0.29321703,0.00094421,0.22522301,0.06893823,3.083300806,-1388.492527605622,-1388.423589375622,8.3452,ORCA,QC,"opt+freq: b3lyp/def2-TZVP em=gd3bj
energy: wB97M-V/ma-def2-TZVP"
944,OMG_polymer_106223,CC(C)(SCC(=O)O)C(=O)O,Nc1cncc(C(=O)O)c1N,*Nc1cncc(C(=O)O)c1NC(=O)CSC(C)(C)C(*)=O,CC(C)(C=O)SCC(=O)Nc1c(N)cncc1C(=O)O,-1329.746878209416,0.9937588,Polyamidation,201.54734,-8.5505,-0.0476,0.29044622,0.00094421,0.22416801,0.06722242,3.113147613,-1329.522710199416,-1329.455487779416,8.5029,ORCA,QC,"opt+freq: b3lyp/def2-TZVP em=gd3bj
energy: wB97M-V/ma-def2-TZVP"
945,OMG_polymer_104842,NC(=O)NC(CC(=O)O)C(=O)O,Nc1ccc(CC(=O)O)c(N)c1,*Nc1ccc(CC(=O)O)c(NC(=O)CC(NC(N)=O)C(*)=O)c1,NC(=O)NC(C=O)CC(=O)Nc1cc(N)ccc1CC(=O)O,-1100.307480734948,0.9877823,Polyamidation,205.30773,-7.8825,0.1084,0.31977532,0.00094421,0.24982406,0.07089548,3.393317416,-1100.057656674948,-1099.986761204948,7.9909,ORCA,QC,"opt+freq: b3lyp/def2-TZVP em=gd3bj
energy: wB97M-V/ma-def2-TZVP"
946,OMG_polymer_31455,CC(C)(C(=O)O)N1CC(C(=O)O)CC1=O,Nc1cc(S(=O)(=O)O)c(N)cc1S(=O)(=O)O,*Nc1cc(S(=O)(=O)O)c(NC(=O)C(C)(C)N2CC(C(*)=O)CC2=O)cc1S(=O)(=O)O,CC(C)(C(=O)Nc1cc(S(=O)(=O)O)c(N)cc1S(=O)(=O)O)N1CC(C=O)CC1=O,-2220.842736345681,0.910097,Polyamidation,268.93781,-8.4885,-0.2149,0.38757934,0.00094421,0.30314026,0.08538329,5.14864166,-2220.539596085681,-2220.454212795681,8.2736,ORCA,QC,"opt+freq: b3lyp/def2-TZVP em=gd3bj
energy: wB97M-V/ma-def2-TZVP"
947,OMG_polymer_182118,O=C(O)c1ccc(-c2ccc(-c3ccc(C(=O)O)cc3)cc2)cc1,N=C(N)SCCCC(N)C(=O)O,*NC(=N)SCCCC(NC(=O)c1ccc(-c2ccc(-c3ccc(C(*)=O)cc3)cc2)cc1)C(=O)O,N=C(N)SCCCC(NC(=O)c1ccc(-c2ccc(-c3ccc(C=O)cc3)cc2)cc1)C(=O)O,-1869.257707191157,0.7451203,Polyamidation,399.73898,-8.6551,-0.43,0.49867305,0.00094421,0.40514607,0.09447119,3.806005546,-1868.852561121157,-1868.758089931157,8.2251,ORCA,QC,"opt+freq: b3lyp/def2-TZVP em=gd3bj
energy: wB97M-V/ma-def2-TZVP"
948,OMG_polymer_201542,CCOC(=O)NC(CC(=O)O)C(=O)O,Nc1ccc(Br)c(C(=O)O)c1N,*Nc1ccc(Br)c(C(=O)O)c1NC(=O)CC(NC(=O)OCC)C(*)=O,CCOC(=O)NC(C=O)CC(=O)Nc1c(N)ccc(Br)c1C(=O)O,-3732.897258497728,0.9964619,Polyamidation,233.5248,-8.1203,0.0982,0.3274294,0.00094421,0.25085953,0.07751409,3.924518898,-3732.646398967728,-3732.568884887728,8.2185,ORCA,QC,"opt+freq: b3lyp/def2-TZVP em=gd3bj
energy: wB97M-V/ma-def2-TZVP"
949,OMG_polymer_48011,O=C(O)c1ccc(OCc2ccc(COc3ccc(C(=O)O)cc3)cc2)cc1,Nc1cc(Cl)c(S(N)(=O)=O)cc1C(=O)O,*Nc1cc(Cl)c(S(=O)(=O)NC(=O)c2ccc(OCc3ccc(COc4ccc(C(*)=O)cc4)cc3)cc2)cc1C(=O)O,Nc1cc(Cl)c(S(=O)(=O)NC(=O)c2ccc(OCc3ccc(COc4ccc(C=O)cc4)cc3)cc2)cc1C(=O)O,-2688.752055692151,0.972336,Polyamidation,428.59617,-8.8218,-0.0317,0.51375246,0.00094421,0.41122297,0.1034737,1.73286812,-2688.340832722151,-2688.237359022151,8.790099999999999,ORCA,QC,"opt+freq: b3lyp/def2-TZVP em=gd3bj
energy: wB97M-V/ma-def2-TZVP"
950,OMG_polymer_181936,O=C(O)c1c(Cl)c(Cl)c(C(=O)O)c(Cl)c1Cl,Nc1ccc(CC(N)C(=O)O)cc1,*Nc1ccc(CC(NC(=O)c2c(Cl)c(Cl)c(C(*)=O)c(Cl)c2Cl)C(=O)O)cc1,Nc1ccc(CC(NC(=O)c2c(Cl)c(Cl)c(C=O)c(Cl)c2Cl)C(=O)O)cc1,-2906.316911520299,0.99871826,Polyamidation,281.4864,-8.1452,-3.6763,0.29262427,0.00094421,0.21281571,0.08075278,3.417493433,-2906.104095810299,-2906.023343040299,4.468900000000001,ORCA,QC,"opt+freq: b3lyp/def2-TZVP em=gd3bj
energy: wB97M-V/ma-def2-TZVP"
951,OMG_polymer_45705,O=C(O)CSCc1ccccc1CC(=O)O,Cc1cc(CC(=O)O)c(N)cc1N,*Nc1cc(NC(=O)CSCc2ccccc2CC(*)=O)c(C)cc1CC(=O)O,Cc1cc(CC(=O)O)c(N)cc1NC(=O)CSCc1ccccc1CC=O,-1584.044554120685,0.9996965,Polyamidation,292.54617,-7.731,0.1855,0.41806282,0.00094421,0.33701492,0.08199211,4.503117717,-1583.707539200685,-1583.625547090685,7.9165,ORCA,QC,"opt+freq: b3lyp/def2-TZVP em=gd3bj
energy: wB97M-V/ma-def2-TZVP"
952,OMG_polymer_33834,O=C(O)CC(C(=O)O)c1ccc(Br)cc1F,NCc1ccccc1CC(N)C(=O)O,*NCc1ccccc1CC(NC(=O)CC(C(*)=O)c1ccc(Br)cc1F)C(=O)O,NCc1ccccc1CC(NC(=O)CC(C=O)c1ccc(Br)cc1F)C(=O)O,-3858.530104733404,0.9948303,Polyamidation,273.27693,-9.0123,0.1279,0.40066927,0.00094421,0.31920808,0.0824054,3.469593143,-3858.210896653404,-3858.128491253404,9.1402,ORCA,QC,"opt+freq: b3lyp/def2-TZVP em=gd3bj
energy: wB97M-V/ma-def2-TZVP"
953,OMG_polymer_16391,O=C(O)c1ccc(Br)c(C(=O)O)c1,Cc1cc(N)c(N)cc1C(=O)O,*Nc1cc(C)c(C(=O)O)cc1NC(=O)c1ccc(Br)c(C(*)=O)c1,Cc1cc(N)c(NC(=O)c2ccc(Br)c(C=O)c2)cc1C(=O)O,-3602.060154007556,0.9993358,Polyamidation,252.91949,-8.4563,-0.6006,0.28816991,0.00094421,0.21763211,0.07148202,2.87543579,-3601.842521897556,-3601.771039887556,7.855700000000001,ORCA,QC,"opt+freq: b3lyp/def2-TZVP em=gd3bj
energy: wB97M-V/ma-def2-TZVP"
954,OMG_polymer_134967,CCCN(CC(=O)O)CC(=O)O,Nc1ccc(C(=O)O)cc1N,*Nc1ccc(C(=O)O)cc1NC(=O)CN(CCC)CC(*)=O,CCCN(CC=O)CC(=O)Nc1cc(C(=O)O)ccc1N,-1010.141791787351,0.9990434,Polyamidation,208.73533,-8.4904,0.0389,0.3474978,0.00094421,0.27702487,0.07141715,7.283147093,-1009.864766917351,-1009.793349777351,8.5293,ORCA,QC,"opt+freq: b3lyp/def2-TZVP em=gd3bj
energy: wB97M-V/ma-def2-TZVP"
955,OMG_polymer_192040,CC(C)(C)OC(=O)N(CCC(=O)O)C(C)(C)C(=O)O,Nc1ccc(N)c(CC(=O)O)c1Br,*Nc1ccc(NC(=O)CCN(C(=O)OC(C)(C)C)C(C)(C)C(*)=O)c(CC(=O)O)c1Br,CC(C)(C)OC(=O)N(CCC(=O)Nc1ccc(N)c(Br)c1CC(=O)O)C(C)(C)C=O,-3968.72994123556,0.9500415,Polyamidation,308.17396,-7.9834,0.1657,0.50409182,0.00094421,0.41207207,0.09296396,4.890572268,-3968.31786916556,-3968.22490520556,8.149099999999999,ORCA,QC,"opt+freq: b3lyp/def2-TZVP em=gd3bj
energy: wB97M-V/ma-def2-TZVP"
956,OMG_polymer_98440,NC(=O)c1nc(C(N)=O)c(C(=O)O)cc1C(=O)O,Nc1ccc(C(=O)O)c(Br)c1N,*Nc1ccc(C(=O)O)c(Br)c1NC(=O)c1cc(C(*)=O)c(C(N)=O)nc1C(N)=O,NC(=O)c1nc(C(N)=O)c(C(=O)Nc2c(N)ccc(C(=O)O)c2Br)cc1C=O,-3916.270114938142,0.9766915,Polyamidation,278.01424,-8.5045,-0.9354,0.30654451,0.00094421,0.22659093,0.08089779,3.607516492,-3916.043524008142,-3915.962626218142,7.569100000000001,ORCA,QC,"opt+freq: b3lyp/def2-TZVP em=gd3bj
energy: wB97M-V/ma-def2-TZVP"
957,OMG_polymer_38186,COc1cc(OC)c(C(=O)O)cc1C(=O)O,Nc1cc(N)c(Cl)c(C(=O)O)c1,*Nc1cc(NC(=O)c2cc(C(*)=O)c(OC)cc2OC)c(Cl)c(C(=O)O)c1,COc1cc(OC)c(C(=O)Nc2cc(N)cc(C(=O)O)c2Cl)cc1C=O,-1677.98690389824,0.9992519,Polyamidation,270.699,-8.2445,0.1521,0.32902749,0.00094421,0.25216942,0.07780228,6.161400651,-1677.73473447824,-1677.65693219824,8.396600000000001,ORCA,QC,"opt+freq: b3lyp/def2-TZVP em=gd3bj
energy: wB97M-V/ma-def2-TZVP"
958,OMG_polymer_181843,O=C(O)c1cc(OCc2ccccc2)cc(C(=O)O)c1,N#Cc1c(N)cc(C(=O)O)cc1N,*Nc1cc(C(=O)O)cc(NC(=O)c2cc(OCc3ccccc3)cc(C(*)=O)c2)c1C#N,N#Cc1c(N)cc(C(=O)O)cc1NC(=O)c1cc(C=O)cc(OCc2ccccc2)c1,-1427.18513622193,0.9978884,Polyamidation,319.35931,-8.7195,-0.4618,1.16333391,0.00094421,0.30527184,0.08274957,4.993462191,-1426.87986438193,-1426.02085810193,8.2577,ORCA,QC,"opt+freq: b3lyp/def2-TZVP em=gd3bj
energy: wB97M-V/ma-def2-TZVP"
959,OMG_polymer_187450,CC(=O)c1cc(C(=O)O)c(C(C)=O)cc1C(=O)O,Nc1cc(Cl)c(N)c(C(=O)O)c1,*Nc1cc(Cl)c(NC(=O)c2cc(C(C)=O)c(C(*)=O)cc2C(C)=O)c(C(=O)O)c1,CC(=O)c1cc(C(=O)Nc2c(Cl)cc(N)cc2C(=O)O)c(C(C)=O)cc1C=O,-1754.237403645267,0.99020666,Polyamidation,281.38335,-8.6233,-0.5754,0.33980286,0.00094421,0.25892039,0.08182669,9.961552003,-1753.978483255267,-1753.896656575267,8.0479,ORCA,QC,"opt+freq: b3lyp/def2-TZVP em=gd3bj
energy: wB97M-V/ma-def2-TZVP"
960,OMG_polymer_15505,O=C(O)CC(CC(=O)O)c1ccc(Br)cc1F,Nc1cc(C(=O)O)c(N)cc1Br,*Nc1cc(C(=O)O)c(NC(=O)CC(CC(*)=O)c2ccc(Br)cc2F)cc1Br,Nc1cc(C(=O)O)c(NC(=O)CC(CC=O)c2ccc(Br)cc2F)cc1Br,-6353.36211269523,0.9983865,Polyamidation,284.28475,-8.0282,0.046,0.3317792,0.00094421,0.25250762,0.08021578,5.921517356,-6353.10960507523,-6353.029389285231,8.0742,ORCA,QC,"opt+freq: b3lyp/def2-TZVP em=gd3bj
energy: wB97M-V/ma-def2-TZVP"
961,OMG_polymer_182771,O=C(O)C1CCCC1C(=O)O,Nc1cc(C(=O)O)cc(N)c1Cl,*Nc1cc(C(=O)O)cc(NC(=O)C2CCCC2C(*)=O)c1Cl,Nc1cc(C(=O)O)cc(NC(=O)C2CCCC2C=O)c1Cl,-1413.216999396518,0.9983321,Polyamidation,209.74811,-8.371,0.2577,0.29994373,0.00094421,0.23194888,0.06893906,4.791039835,-1412.985050516518,-1412.916111456518,8.6287,ORCA,QC,"opt+freq: b3lyp/def2-TZVP em=gd3bj
energy: wB97M-V/ma-def2-TZVP"
962,OMG_polymer_82924,COc1ccc(C(CC(=O)O)CC(=O)O)cc1,Nc1cc(N)c(Br)c(CC(=O)O)c1,*Nc1cc(CC(=O)O)c(Br)c(NC(=O)CC(CC(*)=O)c2ccc(OC)cc2)c1,COc1ccc(C(CC=O)CC(=O)Nc2cc(N)cc(CC(=O)O)c2Br)cc1,-3834.503723332256,0.99967563,Polyamidation,281.04504,-8.1012,0.2573,0.41266271,0.00094421,0.33017563,0.08343128,3.747227118,-3834.173547702256,-3834.090116412256,8.358500000000001,ORCA,QC,"opt+freq: b3lyp/def2-TZVP em=gd3bj
energy: wB97M-V/ma-def2-TZVP"
963,OMG_polymer_159057,O=C(Nc1cc(C(=O)O)cc(C(=O)O)c1)OCc1ccccc1,N#Cc1c(N)cc(C(=O)O)cc1N,*Nc1cc(C(=O)O)cc(NC(=O)c2cc(NC(=O)OCc3ccccc3)cc(C(*)=O)c2)c1C#N,N#Cc1c(N)cc(C(=O)O)cc1NC(=O)c1cc(C=O)cc(NC(=O)OCc2ccccc2)c1,-1595.934821959129,0.9871169,Polyamidation,346.59052,-8.8539,-0.6193,0.41885609,0.00094421,0.32977755,0.09002274,5.893539894,-1595.605044409129,-1595.515021659129,8.2346,ORCA,QC,"opt+freq: b3lyp/def2-TZVP em=gd3bj
energy: wB97M-V/ma-def2-TZVP"
964,OMG_polymer_111790,CC(C)CC(NC(=O)C(=O)NC(CC(C)C)C(=O)O)C(=O)O,Nc1nc(N)c(C(=O)O)nc1Br,*Nc1nc(NC(=O)C(CC(C)C)NC(=O)C(=O)NC(CC(C)C)C(*)=O)c(C(=O)O)nc1Br,CC(C)CC(C=O)NC(=O)C(=O)NC(CC(C)C)C(=O)Nc1nc(N)c(Br)nc1C(=O)O,-4094.317657295215,0.81421906,Polyamidation,324.90798,-8.7264,0.0769,0.50570947,0.00094421,0.40848183,0.09817186,2.958200331,-4093.909175465215,-4093.811003615215,8.8033,ORCA,QC,"opt+freq: b3lyp/def2-TZVP em=gd3bj
energy: wB97M-V/ma-def2-TZVP"
965,OMG_polymer_7240,O=C(O)c1cc(COC2CCCCO2)cc(C(=O)O)c1,COc1ccc(N)c(C(=O)O)c1N,*Nc1ccc(OC)c(NC(=O)c2cc(COC3CCCCO3)cc(C(*)=O)c2)c1C(=O)O,COc1ccc(N)c(C(=O)O)c1NC(=O)c1cc(C=O)cc(COC2CCCCO2)c1,-1488.962711586988,0.995906,Polyamidation,312.24584,-7.9991,-0.0593,0.46961928,0.00094421,0.38467632,0.08588717,7.239422136,-1488.578035266988,-1488.492148096988,7.9398,ORCA,QC,"opt+freq: b3lyp/def2-TZVP em=gd3bj
energy: wB97M-V/ma-def2-TZVP"
966,OMG_polymer_137741,O=C(O)CN(CC(=O)O)c1ccc(Cl)cc1,Nc1cc(C(=O)O)c(N)c(C(F)(F)F)c1,*Nc1cc(C(=O)O)c(NC(=O)CN(CC(*)=O)c2ccc(Cl)cc2)c(C(F)(F)F)c1,Nc1cc(C(=O)O)c(NC(=O)CN(CC=O)c2ccc(Cl)cc2)c(C(F)(F)F)c1,-1920.006645995856,0.99860877,Polyamidation,269.55908,-7.783,-0.0657,0.34336378,0.00094421,0.26323708,0.08107091,9.860767729,-1919.743408915856,-1919.662338005856,7.717300000000001,ORCA,QC,"opt+freq: b3lyp/def2-TZVP em=gd3bj
energy: wB97M-V/ma-def2-TZVP"
967,OMG_polymer_89701,O=C(O)c1ccc(C(c2ccc(C(=O)O)cc2)C(Cl)(Cl)Cl)cc1,NOCC(N)C(=O)O,*NOCC(NC(=O)c1ccc(C(c2ccc(C(*)=O)cc2)C(Cl)(Cl)Cl)cc1)C(=O)O,NOCC(NC(=O)c1ccc(C(c2ccc(C=O)cc2)C(Cl)(Cl)Cl)cc1)C(=O)O,-2600.505773917159,0.94402224,Polyamidation,302.56105,-9.524,-0.2867,0.36668238,0.00094421,0.28110056,0.08652603,4.308214896,-2600.224673357159,-2600.138147327159,9.2373,ORCA,QC,"opt+freq: b3lyp/def2-TZVP em=gd3bj
energy: wB97M-V/ma-def2-TZVP"
968,OMG_polymer_145575,O=C(O)c1ccc(NCCNc2ccc(C(=O)O)cc2)cc1,Nc1c(Br)ccc(CC(=O)O)c1N,*Nc1c(Br)ccc(CC(=O)O)c1NC(=O)c1ccc(NCCNc2ccc(C(*)=O)cc2)cc1,Nc1c(Br)ccc(CC(=O)O)c1NC(=O)c1ccc(NCCNc2ccc(C=O)cc2)cc1,-4022.434708230541,0.9891081,Polyamidation,380.83414,-8.2223,-0.0713,0.47006099,0.00094421,0.38012205,0.09088316,3.633206675,-4022.054586180541,-4021.963703030541,8.151,ORCA,QC,"opt+freq: b3lyp/def2-TZVP em=gd3bj
energy: wB97M-V/ma-def2-TZVP"
969,OMG_polymer_25074,O=C(O)CN(CC(=O)O)Cc1ccccc1,Nc1ccnc(N)c1C(=O)O,*Nc1ccnc(NC(=O)CN(CC(*)=O)Cc2ccccc2)c1C(=O)O,Nc1ccnc(NC(=O)CN(CC=O)Cc2ccccc2)c1C(=O)O,-1178.639150729517,0.99950445,Polyamidation,238.01944,-8.8053,0.0965,0.36184214,0.00094421,0.2890145,0.07377185,6.142958829,-1178.350136229517,-1178.276364379517,8.901800000000001,ORCA,QC,"opt+freq: b3lyp/def2-TZVP em=gd3bj
energy: wB97M-V/ma-def2-TZVP"
970,OMG_polymer_41420,O=C(O)CN(CC(=O)O)NS(=O)(=O)c1ccccc1,Nc1cc(Br)c(N)c(C(=O)O)c1,*Nc1cc(Br)c(NC(=O)CN(CC(*)=O)NS(=O)(=O)c2ccccc2)c(C(=O)O)c1,Nc1cc(Br)c(NC(=O)CN(CC=O)NS(=O)(=O)c2ccccc2)c(C(=O)O)c1,-4300.693881877177,0.99789256,Polyamidation,286.5106,-8.5643,0.1821,0.36726249,0.00094421,0.28592018,0.08228653,5.690626656,-4300.407961697177,-4300.325675177177,8.7464,ORCA,QC,"opt+freq: b3lyp/def2-TZVP em=gd3bj
energy: wB97M-V/ma-def2-TZVP"
971,OMG_polymer_186949,O=C(O)CSc1ccc(SCC(=O)O)nn1,Nc1ccc2c(S(=O)(=O)O)cc(S(=O)(=O)O)cc2c1N,*Nc1ccc2c(S(=O)(=O)O)cc(S(=O)(=O)O)cc2c1NC(=O)CSc1ccc(SCC(*)=O)nn1,Nc1ccc2c(S(=O)(=O)O)cc(S(=O)(=O)O)cc2c1NC(=O)CSc1ccc(SCC=O)nn1,-3109.233112699367,0.8239667,Polyamidation,355.49229,-8.391,-0.6763,0.37778713,0.00094421,0.28607255,0.09265879,5.403475943,-3108.947040149367,-3108.854381359367,7.7147,ORCA,QC,"opt+freq: b3lyp/def2-TZVP em=gd3bj
energy: wB97M-V/ma-def2-TZVP"
972,OMG_polymer_91468,O=C(O)c1cc(C(=O)O)cc(N2C(=O)c3ccccc3C2=O)c1,Nc1cc(Br)c(C(=O)O)cc1N,*Nc1cc(Br)c(C(=O)O)cc1NC(=O)c1cc(C(*)=O)cc(N2C(=O)c3ccccc3C2=O)c1,Nc1cc(Br)c(C(=O)O)cc1NC(=O)c1cc(C=O)cc(N2C(=O)c3ccccc3C2=O)c1,-4074.700990827457,0.99530905,Polyamidation,351.23629,-8.5764,-0.804,0.36273805,0.00094421,0.27754236,0.0861399,8.644120527,-4074.423448467457,-4074.337308567457,7.772399999999999,ORCA,QC,"opt+freq: b3lyp/def2-TZVP em=gd3bj
energy: wB97M-V/ma-def2-TZVP"
973,OMG_polymer_148135,Cc1cccc(CC(C(=O)O)C(=O)O)c1,Nc1cc(N)c(CC(=O)O)cc1Cl,*Nc1cc(NC(=O)C(Cc2cccc(C)c2)C(*)=O)c(CC(=O)O)cc1Cl,Cc1cccc(CC(C=O)C(=O)Nc2cc(N)c(Cl)cc2CC(=O)O)c1,0.0,0.999332,Polyamidation,0.0,0.0,0.0,0.0,0.0,0.0,0.0,0.0,0.0,0.0,0.0,ORCA,QC,"opt+freq: b3lyp/def2-TZVP em=gd3bj
energy: wB97M-V/ma-def2-TZVP"
974,OMG_polymer_162604,COc1ccccc1N(CC(=O)O)CC(=O)O,N#Cc1cc(N)c(C(=O)O)cc1N,*Nc1cc(C#N)c(NC(=O)CN(CC(*)=O)c2ccccc2OC)cc1C(=O)O,COc1ccccc1N(CC=O)CC(=O)Nc1cc(C(=O)O)c(N)cc1C#N,-1330.070474434053,0.9996125,Polyamidation,277.02859,-7.9464,-0.3745,0.37982099,0.00094421,0.30069788,0.08006732,2.389154261,-1329.769776554053,-1329.689709234053,7.571899999999999,ORCA,QC,"opt+freq: b3lyp/def2-TZVP em=gd3bj
energy: wB97M-V/ma-def2-TZVP"
975,OMG_polymer_20722,O=C(O)c1c(F)c(F)c(F)c(C(=O)O)c1F,Nc1nc(N)nc(C(=O)O)n1,*Nc1nc(NC(=O)c2c(F)c(F)c(F)c(C(*)=O)c2F)nc(C(=O)O)n1,Nc1nc(NC(=O)c2c(F)c(F)c(F)c(C=O)c2F)nc(C(=O)O)n1,-1434.555377158401,0.9923638,Polyamidation,199.08147,-10.0864,-0.661,0.4037929,0.00094421,0.13174976,0.07061723,5.009074419,-1434.423627398401,-1434.150640048401,9.4254,ORCA,QC,"opt+freq: b3lyp/def2-TZVP em=gd3bj
energy: wB97M-V/ma-def2-TZVP"
976,OMG_polymer_191004,CC(C)(C)OC(=O)Nc1cc(C(=O)O)sc1C(=O)O,Cc1ccc(N)c(C(=O)O)c1N,*Nc1ccc(C)c(NC(=O)c2cc(NC(=O)OC(C)(C)C)c(C(*)=O)s2)c1C(=O)O,Cc1ccc(N)c(C(=O)O)c1NC(=O)c1cc(NC(=O)OC(C)(C)C)c(C=O)s1,-1750.610132827158,0.9719126,Polyamidation,305.44874,-8.1258,-0.7356,0.41583711,0.00094421,0.3307193,0.08606202,7.84432183,-1750.279413527158,-1750.193351507158,7.3902,ORCA,QC,"opt+freq: b3lyp/def2-TZVP em=gd3bj
energy: wB97M-V/ma-def2-TZVP"
977,OMG_polymer_62770,Cc1[nH]nc(C(=O)O)c1C(=O)O,Nc1cc(C(=O)O)cc(N)c1C(F)(F)F,*Nc1cc(C(=O)O)cc(NC(=O)c2n[nH]c(C)c2C(*)=O)c1C(F)(F)F,Cc1[nH]nc(C(=O)Nc2cc(C(=O)O)cc(N)c2C(F)(F)F)c1C=O,-1359.763371730501,0.9981541,Polyamidation,220.57757,-8.4966,-0.0947,0.27529667,0.00094421,0.20188578,0.07435511,5.08190002,-1359.561485950501,-1359.487130850501,8.401900000000001,ORCA,QC,"opt+freq: b3lyp/def2-TZVP em=gd3bj
energy: wB97M-V/ma-def2-TZVP"
978,OMG_polymer_155878,O=C(O)CC(CC(=O)O)c1cc(F)cc(F)c1,Nc1cc(F)cc(N)c1C(=O)O,*Nc1cc(F)cc(NC(=O)CC(CC(*)=O)c2cc(F)cc(F)c2)c1C(=O)O,Nc1cc(F)cc(NC(=O)CC(CC=O)c2cc(F)cc(F)c2)c1C(=O)O,-1405.058948187776,0.99910307,Polyamidation,241.30587,-8.5175,0.0414,0.3343022,0.00094421,0.25788212,0.07736429,7.18540128,-1404.801066067776,-1404.723701777776,8.5589,ORCA,QC,"opt+freq: b3lyp/def2-TZVP em=gd3bj
energy: wB97M-V/ma-def2-TZVP"
979,OMG_polymer_16357,O=C(O)c1c(F)c(F)c(C(=O)O)c(F)c1F,Nc1ccc(CC(=O)O)c(N)c1,*Nc1ccc(CC(=O)O)c(NC(=O)c2c(F)c(F)c(C(*)=O)c(F)c2F)c1,Nc1ccc(CC(=O)O)c(NC(=O)c2c(F)c(F)c(C=O)c(F)c2F)c1,-1425.672657998713,0.99630713,Polyamidation,228.3663,-8.2926,-0.958,0.26777833,0.00094421,0.19300271,0.07571982,4.359981319,-1425.479655288713,-1425.403935458713,7.3346,ORCA,QC,"opt+freq: b3lyp/def2-TZVP em=gd3bj
energy: wB97M-V/ma-def2-TZVP"
980,OMG_polymer_18581,O=C(O)COc1ccc(C(=O)O)cc1,N#Cc1ccc(C(=O)O)c(N)c1N,*Nc1c(C(=O)O)ccc(C#N)c1NC(=O)COc1ccc(C(*)=O)cc1,N#Cc1ccc(C(=O)O)c(N)c1NC(=O)COc1ccc(C=O)cc1,-1196.131140869419,0.99804676,Polyamidation,243.49678,-8.9773,-0.9547,0.30231337,0.00094421,0.23070957,0.07254802,5.882812522,-1195.900431299419,-1195.827883289419,8.022599999999999,ORCA,QC,"opt+freq: b3lyp/def2-TZVP em=gd3bj
energy: wB97M-V/ma-def2-TZVP"
981,OMG_polymer_15140,O=C(O)Cc1c(Br)cccc1C(=O)O,CCOc1c(N)cc(C(=O)O)cc1N,*Nc1cc(C(=O)O)cc(NC(=O)Cc2c(Br)cccc2C(*)=O)c1OCC,CCOc1c(N)cc(C(=O)O)cc1NC(=O)Cc1c(Br)cccc1C=O,-3755.902486369223,0.999731,Polyamidation,268.01716,-8.4366,-0.5936,0.35328901,0.00094421,0.27542216,0.07881106,6.141813889,-3755.627064209223,-3755.548253149223,7.843,ORCA,QC,"opt+freq: b3lyp/def2-TZVP em=gd3bj
energy: wB97M-V/ma-def2-TZVP"
982,OMG_polymer_187073,Cc1cc(CC(=O)O)c(C)cc1CC(=O)O,NCc1ccccc1CC(N)C(=O)O,*NCc1ccccc1CC(NC(=O)Cc1cc(C)c(CC(*)=O)cc1C)C(=O)O,Cc1cc(CC(=O)NC(Cc2ccccc2CN)C(=O)O)c(C)cc1CC=O,-1264.458212455876,0.9988508,Polyamidation,288.86731,-8.622,0.0347,0.47497274,0.00094421,0.39274228,0.08317468,7.297263557,-1264.065470175876,-1263.982295505876,8.6567,ORCA,QC,"opt+freq: b3lyp/def2-TZVP em=gd3bj
energy: wB97M-V/ma-def2-TZVP"
983,OMG_polymer_184959,O=C(O)C1C2CCC(C2)C1C(=O)O,Nc1nc(N)c(C(=O)O)cc1Cl,*Nc1nc(NC(=O)C2C3CCC(C3)C2C(*)=O)c(C(=O)O)cc1Cl,Nc1nc(NC(=O)C2C3CCC(C3)C2C=O)c(C(=O)O)cc1Cl,-1506.693711012774,0.937783,Polyamidation,228.54845,-8.606,0.1866,0.32498292,0.00094421,0.25677841,0.06914873,4.379030236,-1506.436932602774,-1506.367783882774,8.7926,ORCA,QC,"opt+freq: b3lyp/def2-TZVP em=gd3bj
energy: wB97M-V/ma-def2-TZVP"
984,OMG_polymer_48566,O=C(O)c1ccc(F)c(Br)c1C(=O)O,Nc1ccc(C(=O)O)cc1S(N)(=O)=O,*Nc1ccc(C(=O)O)cc1S(=O)(=O)NC(=O)c1ccc(F)c(Br)c1C(*)=O,Nc1ccc(C(=O)O)cc1S(=O)(=O)NC(=O)c1ccc(F)c(Br)c1C=O,-4210.66622512718,0.9993013,Polyamidation,252.71585,-8.8837,-0.4537,0.26460343,0.00094421,0.18916179,0.07638584,0.490764416,-4210.47706333718,-4210.40067748718,8.43,ORCA,QC,"opt+freq: b3lyp/def2-TZVP em=gd3bj
energy: wB97M-V/ma-def2-TZVP"
985,OMG_polymer_131197,COc1cc(C=NN(CC(=O)O)CC(=O)O)ccc1OCc1ccccc1,N#Cc1cc(C(=O)O)c(N)cc1N,*Nc1cc(NC(=O)CN(CC(*)=O)N=Cc2ccc(OCc3ccccc3)c(OC)c2)c(C#N)cc1C(=O)O,COc1cc(C=NN(CC=O)CC(=O)Nc2cc(N)c(C(=O)O)cc2C#N)ccc1OCc1ccccc1,-1769.079398986447,0.94924754,Polyamidation,395.04737,-8.1104,0.0137,0.52355979,0.00094421,0.42390917,0.10059483,7.564936986,-1768.655489816447,-1768.554894986447,8.1241,ORCA,QC,"opt+freq: b3lyp/def2-TZVP em=gd3bj
energy: wB97M-V/ma-def2-TZVP"
986,OMG_polymer_138336,O=C(O)c1ccc2ccc(C(=O)O)cc2c1,Nc1cc(C(=O)O)cc(N)c1F,*Nc1cc(C(=O)O)cc(NC(=O)c2ccc3ccc(C(*)=O)cc3c2)c1F,Nc1cc(C(=O)O)cc(NC(=O)c2ccc3ccc(C=O)cc3c2)c1F,-1242.245547170836,0.9970879,Polyamidation,273.25462,-8.5761,-0.5749,0.30948562,0.00094421,0.23867623,0.07175361,2.286140538,-1242.006870940836,-1241.935117340836,8.0012,ORCA,QC,"opt+freq: b3lyp/def2-TZVP em=gd3bj
energy: wB97M-V/ma-def2-TZVP"
987,OMG_polymer_115055,O=C(NC(Cc1ccccc1)C(=O)O)c1ccc(C(=O)NC(Cc2ccccc2)C(=O)O)cc1,Nc1c(F)ccc(C(=O)O)c1N,*Nc1c(F)ccc(C(=O)O)c1NC(=O)C(Cc1ccccc1)NC(=O)c1ccc(C(=O)NC(Cc2ccccc2)C(*)=O)cc1,Nc1c(F)ccc(C(=O)O)c1NC(=O)C(Cc1ccccc1)NC(=O)c1ccc(C(=O)NC(C=O)Cc2ccccc2)cc1,-2045.380883614775,0.8904789,Polyamidation,429.32843,-8.6245,-0.0757,0.6104596,0.00094421,0.50409061,0.10731321,3.340273709,-2044.876793004775,-2044.769479804775,8.5488,ORCA,QC,"opt+freq: b3lyp/def2-TZVP em=gd3bj
energy: wB97M-V/ma-def2-TZVP"
988,OMG_polymer_84691,O=C(O)c1ccc2ccc3ccc(C(=O)O)nc3c2n1,Cc1c(N)cc(C(=O)O)cc1N,*Nc1cc(C(=O)O)cc(NC(=O)c2ccc3ccc4ccc(C(*)=O)nc4c3n2)c1C,Cc1c(N)cc(C(=O)O)cc1NC(=O)c1ccc2ccc3ccc(C=O)nc3c2n1,-1368.03513515773,0.9872773,Polyamidation,322.53033,-7.9251,-1.0133,0.37132043,0.00094421,0.29436052,0.07790412,9.761622514,-1367.74077463773,-1367.66287051773,6.911799999999999,ORCA,QC,"opt+freq: b3lyp/def2-TZVP em=gd3bj
energy: wB97M-V/ma-def2-TZVP"
989,OMG_polymer_157611,O=C(O)CNc1ncccc1C(=O)O,Nc1cc(N)c(C(=O)O)cc1Br,*Nc1cc(NC(=O)CNc2ncccc2C(*)=O)c(C(=O)O)cc1Br,Nc1cc(NC(=O)CNc2ncccc2C=O)c(C(=O)O)cc1Br,-3673.488661510224,0.9992549,Polyamidation,251.72247,-8.5125,-0.1038,0.58918073,0.00094421,0.22319548,0.07182008,2.182998711,-3673.265466030224,-3672.898536570224,8.4087,ORCA,QC,"opt+freq: b3lyp/def2-TZVP em=gd3bj
energy: wB97M-V/ma-def2-TZVP"
990,OMG_polymer_138558,O=C(O)CC(CC(=O)O)c1ccccc1Br,Nc1ccc(C(=O)O)c(S(N)(=O)=O)c1,*Nc1ccc(C(=O)O)c(S(=O)(=O)NC(=O)CC(CC(*)=O)c2ccccc2Br)c1,Nc1ccc(C(=O)O)c(S(=O)(=O)NC(=O)CC(CC=O)c2ccccc2Br)c1,-4229.306109642464,0.9990545,Polyamidation,276.55242,-8.6509,0.0721,0.36093304,0.00094421,0.28012657,0.08175069,7.917496498,-4229.025983072464,-4228.944232392464,8.723,ORCA,QC,"opt+freq: b3lyp/def2-TZVP em=gd3bj
energy: wB97M-V/ma-def2-TZVP"
991,OMG_polymer_102244,Cc1ccc(C)c(-c2c(C)ccc(C)c2C(=O)O)c1C(=O)O,Nc1ccc(S(N)(=O)=O)cc1C(=O)O,*Nc1ccc(S(=O)(=O)NC(=O)c2c(C)ccc(C)c2-c2c(C)ccc(C)c2C(*)=O)cc1C(=O)O,Cc1ccc(C)c(-c2c(C)ccc(C)c2C(=O)NS(=O)(=O)c2ccc(N)c(C(=O)O)c2)c1C=O,0.0,0.95533997,Polyamidation,0.0,0.0,0.0,0.4810191,0.00094421,0.38907037,0.09289295,24.802485413,0.38907037,0.48196331,0.0,ORCA,QC,"opt+freq: b3lyp/def2-TZVP em=gd3bj
energy: wB97M-V/ma-def2-TZVP"
992,OMG_polymer_88727,O=C(O)c1c(Cl)c(Cl)c(Cl)c(Cl)c1C(=O)O,Nc1ccc(C(=O)O)cc1S(N)(=O)=O,*Nc1ccc(C(=O)O)cc1S(=O)(=O)NC(=O)c1c(Cl)c(Cl)c(Cl)c(Cl)c1C(*)=O,Nc1ccc(C(=O)O)cc1S(=O)(=O)NC(=O)c1c(Cl)c(Cl)c(Cl)c(Cl)c1C=O,0.0,0.9980392,Polyamidation,0.0,0.0,0.0,0.24693027,0.00094421,0.16609797,0.08177651,8.28373476,0.16609797,0.24787448,0.0,ORCA,QC,"opt+freq: b3lyp/def2-TZVP em=gd3bj
energy: wB97M-V/ma-def2-TZVP"
993,OMG_polymer_134237,COCCC(=O)N(CC(=O)O)CC(=O)O,N#Cc1c(N)cc(C(=O)O)cc1N,*Nc1cc(C(=O)O)cc(NC(=O)CN(CC(*)=O)C(=O)CCOC)c1C#N,COCCC(=O)N(CC=O)CC(=O)Nc1cc(C(=O)O)cc(N)c1C#N,0.0,0.9991623,Polyamidation,0.0,0.0,0.0,0.0,0.0,0.0,0.0,0.0,0.0,0.0,0.0,ORCA,QC,"opt+freq: b3lyp/def2-TZVP em=gd3bj
energy: wB97M-V/ma-def2-TZVP"
994,OMG_polymer_93957,O=C(O)CS(=O)(=O)CC(=O)O,Nc1cc(C(F)(F)F)cc(N)c1C(=O)O,*Nc1cc(C(F)(F)F)cc(NC(=O)CS(=O)(=O)CC(*)=O)c1C(=O)O,Nc1cc(C(F)(F)F)cc(NC(=O)CS(=O)(=O)CC=O)c1C(=O)O,-1722.678191243968,0.9981141,Polyamidation,205.7176,-8.7362,-0.3741,0.26249802,0.00094421,0.18815723,0.075285,4.619221543,-1722.490034013968,-1722.414749013968,8.3621,ORCA,QC,"opt+freq: b3lyp/def2-TZVP em=gd3bj
energy: wB97M-V/ma-def2-TZVP"
995,OMG_polymer_164631,O=C(O)CN(CC(=O)O)C(=O)C(Cl)(Cl)Cl,Nc1cc(C(=O)O)c(N)cc1Br,*Nc1cc(C(=O)O)c(NC(=O)CN(CC(*)=O)C(=O)C(Cl)(Cl)Cl)cc1Br,Nc1cc(C(=O)O)c(NC(=O)CN(CC=O)C(=O)C(Cl)(Cl)Cl)cc1Br,-4997.107038618979,0.9987257,Polyamidation,259.61398,-8.2382,0.0819,0.2665774,0.00094421,0.18705807,0.08046354,3.110846421,-4996.919980548979,-4996.839517008979,8.3201,ORCA,QC,"opt+freq: b3lyp/def2-TZVP em=gd3bj
energy: wB97M-V/ma-def2-TZVP"
996,OMG_polymer_41200,CCCCC(=O)NN(CC(=O)O)CC(=O)O,Nc1cc(Cl)c(C(=O)O)cc1N,*Nc1cc(Cl)c(C(=O)O)cc1NC(=O)CN(CC(*)=O)NC(=O)CCCC,CCCCC(=O)NN(CC=O)CC(=O)Nc1cc(C(=O)O)c(Cl)cc1N,-1677.757786878653,0.9985335,Polyamidation,256.28972,-8.2772,-0.0042,0.39923565,0.00094421,0.31783727,0.08234259,6.099134093,-1677.439949608653,-1677.357607018653,8.273,ORCA,QC,"opt+freq: b3lyp/def2-TZVP em=gd3bj
energy: wB97M-V/ma-def2-TZVP"
997,OMG_polymer_101538,Cc1ccc(S(=O)(=O)Nc2cc(C(=O)O)cc(C(=O)O)c2)cc1,Nc1cc(N)c(F)c(C(=O)O)c1,*Nc1cc(NC(=O)c2cc(NS(=O)(=O)c3ccc(C)cc3)cc(C(*)=O)c2)c(F)c(C(=O)O)c1,Cc1ccc(S(=O)(=O)Nc2cc(C=O)cc(C(=O)Nc3cc(N)cc(C(=O)O)c3F)c2)cc1,-1962.972049641739,0.95824564,Polyamidation,329.09985,-8.4225,-0.5652,0.40659453,0.00094421,0.31671236,0.09082638,5.03380366,-1962.655337281739,-1962.564510901739,7.8573,ORCA,QC,"opt+freq: b3lyp/def2-TZVP em=gd3bj
energy: wB97M-V/ma-def2-TZVP"
998,OMG_polymer_49461,O=C(O)c1ccc(CSc2ccc(C(=O)O)cc2)cc1,Nc1ccc(C(=O)O)c(N)n1,*Nc1ccc(C(=O)O)c(NC(=O)c2ccc(CSc3ccc(C(*)=O)cc3)cc2)n1,Nc1ccc(C(=O)O)c(NC(=O)c2ccc(CSc3ccc(C=O)cc3)cc2)n1,-1673.947391558897,0.9987864,Polyamidation,311.86919,-8.5247,-0.1741,1.11896995,0.00094421,0.29327427,0.07997954,3.930551841,-1673.654117288897,-1672.827477398897,8.3506,ORCA,QC,"opt+freq: b3lyp/def2-TZVP em=gd3bj
energy: wB97M-V/ma-def2-TZVP"
999,OMG_polymer_19337,O=C(O)c1cc(=O)cc(C(=O)O)o1,Nc1cc(C(=O)O)cc(N)n1,*Nc1cc(C(=O)O)cc(NC(=O)c2cc(=O)cc(C(*)=O)o2)n1,Nc1cc(C(=O)O)cc(NC(=O)c2cc(=O)cc(C=O)o2)n1,-1116.539155985323,0.9963924,Polyamidation,206.87102,-8.5996,-1.0599,0.7055493500000001,0.00094421,0.16892359,0.06647912,3.743539046,-1116.370232395323,-1115.832662425323,7.539700000000001,ORCA,QC,"opt+freq: b3lyp/def2-TZVP em=gd3bj
energy: wB97M-V/ma-def2-TZVP"
1000,OMG_polymer_48958,O=C(O)c1cc(C(=O)O)cc(-n2cncn2)c1,Nc1cc(C(=O)O)c(N)cc1Cl,*Nc1cc(C(=O)O)c(NC(=O)c2cc(C(*)=O)cc(-n3cncn3)c2)cc1Cl,Nc1cc(C(=O)O)c(NC(=O)c2cc(C=O)cc(-n3cncn3)c2)cc1Cl,-1690.031249001843,0.99300176,Polyamidation,282.41993,-8.3167,-0.4875,0.30273681,0.00094421,0.22931702,0.074364,6.857742974,-1689.801931981843,-1689.727567981843,7.829200000000001,ORCA,QC,"opt+freq: b3lyp/def2-TZVP em=gd3bj
energy: wB97M-V/ma-def2-TZVP"
