id,Name,SMILES,Cation_type,Energy_Hatree,Thermal_correction_to_Gibbs_Free_Energy_Hatree,Thermal_correction_to_Enthalpy_Hatree,Entropy_J_per_mol_K,HOMO_Hatree,LUMO_Hatree,Dipole_Debye,Gibbs_Free_Energy_Hatree,Enthalpy_Hatree,HOMO_LUMO_Gap_eV,Software,Source,Theory_Level
96,c-c19+c-b37+c-b39+c-b81,CCCC[P+](CCCC)(CCOC)CCC(C)O,tetraphosphonium ,-1083.5363938,0.408755,0.48816,699.234264,-0.3815,-0.10679,3.3363,-1083.1276388,-1083.0482338,7.472112,Gaussian,QC,"opt+freq: b3lyp/6-311G** em=gd3bj
energy: M062X/6-311G+(2d, p) em=gd3"
97,c-c19+c-b30+c-b37+c-b47,CCCCC[P+](CCCC)(CCC(C)O)CC(C)(C)C,tetraphosphonium ,-1126.2453824,0.480562,0.568001,769.985704,-0.37826,-0.10754,3.4013,-1125.7648204,-1125.6773814,7.363583999999999,Gaussian,QC,"opt+freq: b3lyp/6-311G** em=gd3bj
energy: M062X/6-311G+(2d, p) em=gd3"
98,c-c19+c-b4+c-b39+c-b81,CCCC[P+](CCCC)(CCCO)CCOC,tetraphosphonium ,-1044.2303497,0.381953,0.460128,688.41444,-0.39812,-0.10383,3.0063,-1043.8483967,-1043.7702217,8.004687999999998,Gaussian,QC,"opt+freq: b3lyp/6-311G** em=gd3bj
energy: M062X/6-311G+(2d, p) em=gd3"
99,c-c19+c-b7+c-b10+c-b13,CCCC[P+](CCC)(CCCC#N)CCCC(C)CC,tetraphosphonium ,-1103.9448887,0.448714,0.535502,764.24944,-0.42462,-0.12588,4.612,-1103.4961747,-1103.4093867,8.125728,Gaussian,QC,"opt+freq: b3lyp/6-311G** em=gd3bj
energy: M062X/6-311G+(2d, p) em=gd3"
100,c-c19+c-b7+c-b10+c-b58,CCCC[P+](CCC)(CCCC(C)CC)CCC(=O)O,tetraphosphonium ,-1160.981731,0.437596,0.52346,756.11156,-0.40956,-0.13865,1.1741,-1160.544135,-1160.458271,7.368752,Gaussian,QC,"opt+freq: b3lyp/6-311G** em=gd3bj
energy: M062X/6-311G+(2d, p) em=gd3"
101,c-c19+c-b13+c-b30+c-b43,CCCCC[P+](CCC#N)(CCCC)CCCC#N,tetraphosphonium ,-1078.2629253,0.368987,0.44953,709.259128,-0.43815,-0.13759,4.612,-1077.8939383,-1077.8133953,8.175232,Gaussian,QC,"opt+freq: b3lyp/6-311G** em=gd3bj
energy: M062X/6-311G+(2d, p) em=gd3"
102,c-c19+c-b10+c-b28+c-b60,C=CCCC[P+](CCC)(CCC=C)CCCC,tetraphosphonium ,-969.9476427,0.382514,0.459221,675.4816959999999,-0.3677,-0.12361,3.9498,-969.5651287,-969.4884217,6.639248,Gaussian,QC,"opt+freq: b3lyp/6-311G** em=gd3bj
energy: M062X/6-311G+(2d, p) em=gd3"
103,c-c19+c-b10+c-b45+c-b46,CCCC[P+](CCC)(CC(=O)O)Cc1ccc(C)cc1,tetraphosphonium ,-1156.1798317,0.351637,0.432141,708.9160400000001,-0.35522,-0.14487,4.5689,-1155.8281947,-1155.7476907,5.721519999999999,Gaussian,QC,"opt+freq: b3lyp/6-311G** em=gd3bj
energy: M062X/6-311G+(2d, p) em=gd3"
104,c-c19+c-b16+c-b37+c-b43,CCCC[P+](CCC#N)(CCCCC#N)CCC(C)O,tetraphosphonium ,-1153.4941494,0.37319,0.455247,722.5851680000001,-0.39673,-0.12975,5.9719,-1153.1209594,-1153.0389024,7.261856,Gaussian,QC,"opt+freq: b3lyp/6-311G** em=gd3bj
energy: M062X/6-311G+(2d, p) em=gd3"
105,c-c19+c-b39+c-b73+c-b81,CCCC[P+](CCCC)(CCOC)CCC(C)C,tetraphosphonium ,-1047.6213476,0.430055,0.511066,713.3761840000001,-0.39578,-0.10824,3.2485,-1047.1912926,-1047.1102816,7.821088,Gaussian,QC,"opt+freq: b3lyp/6-311G** em=gd3bj
energy: M062X/6-311G+(2d, p) em=gd3"
106,c-c19+c-b8+c-b38+c-b81,C#CCC[P+](CCC#CC)(CCCC)CCCC,tetraphosphonium ,-1006.7783561,0.361239,0.442017,711.3302080000001,-0.38225,-0.11717,1.4253,-1006.4171171,-1006.3363391,7.210176,Gaussian,QC,"opt+freq: b3lyp/6-311G** em=gd3bj
energy: M062X/6-311G+(2d, p) em=gd3"
107,c-c19+c-b10+c-b47+c-b83,CCCCCCC[P+](CCC)(CCCC)CC(C)(C)C,tetraphosphonium ,-1090.3273005,0.50352,0.591646,776.0357680000001,-0.40815,-0.10827,4.3409,-1089.8237805,-1089.7356545,8.156736,Gaussian,QC,"opt+freq: b3lyp/6-311G** em=gd3bj
energy: M062X/6-311G+(2d, p) em=gd3"
108,c-c19+c-b10+c-b60+c-b70,C=CCC[P+](CCC)(CCCC)CCCCS(=O)(=O)O,tetraphosphonium ,-1555.6983635,0.386074,0.472609,762.023552,-0.39199,-0.12858,9.3258,-1555.3122895,-1555.2257545,7.164752000000001,Gaussian,QC,"opt+freq: b3lyp/6-311G** em=gd3bj
energy: M062X/6-311G+(2d, p) em=gd3"
109,c-c19+c-b38+c-b58+c-b79,C#CCC[P+](CCCC)(CCCCO)CCC(=O)O,tetraphosphonium ,-1155.114392,0.344869,0.425337,708.593872,-0.38125,-0.13175,2.1151,-1154.769523,-1154.689055,6.786399999999999,Gaussian,QC,"opt+freq: b3lyp/6-311G** em=gd3bj
energy: M062X/6-311G+(2d, p) em=gd3"
110,c-c19+c-b10+c-b13+c-b31,CCCC[P+](CCC)(CCCC#N)CCCC(F)(F)F,tetraphosphonium ,-1283.7874937,0.347647,0.42901,716.480712,-0.45102,-0.12888,10.2058,-1283.4398467,-1283.3584837,8.762208,Gaussian,QC,"opt+freq: b3lyp/6-311G** em=gd3bj
energy: M062X/6-311G+(2d, p) em=gd3"
111,c-c19+c-b28+c-b39+c-b81,C=CCCC[P+](CCCC)(CCCC)CCOC,tetraphosphonium ,-1046.3914787,0.406061,0.488209,723.388496,-0.35934,-0.10636,2.951,-1045.9854177,-1045.9032697,6.881055999999999,Gaussian,QC,"opt+freq: b3lyp/6-311G** em=gd3bj
energy: M062X/6-311G+(2d, p) em=gd3"
112,c-c19+c-b28+c-b40+c-b79,C=CCCC[P+](CCCC)(CCCCO)CN(C)C,tetraphosphonium ,-1101.7226845,0.421996,0.505988,739.6266,-0.35891,-0.11024,3.3177,-1101.3006885,-1101.2166965,6.763824,Gaussian,QC,"opt+freq: b3lyp/6-311G** em=gd3bj
energy: M062X/6-311G+(2d, p) em=gd3"
113,c-c19+c-b7+c-b10+c-b73,CCCC[P+](CCC)(CCCC(C)CC)CCC(C)C,tetraphosphonium ,-1090.3274181,0.50008,0.591542,805.4116319999999,-0.40906,-0.10544,4.3823,-1089.8273381,-1089.7358761,8.258464,Gaussian,QC,"opt+freq: b3lyp/6-311G** em=gd3bj
energy: M062X/6-311G+(2d, p) em=gd3"
114,c-c19+c-b29+c-b30+c-b45,CCCCC[P+](CCCC)(CC(=O)O)CC(C)C,tetraphosphonium ,-1082.3701279,0.385364,0.465066,701.8534480000001,-0.42285,-0.15395,2.8788,-1081.9847639,-1081.9050619,7.314080000000001,Gaussian,QC,"opt+freq: b3lyp/6-311G** em=gd3bj
energy: M062X/6-311G+(2d, p) em=gd3"
115,c-c19+c-b10+c-b13+c-b72,CCCC[P+](CCC)(CCCC#N)CCC(C)CC,tetraphosphonium ,-1064.6466289,0.422008,0.506218,741.5470560000001,-0.41946,-0.12531,6.3954,-1064.2246209,-1064.1404109,8.00088,Gaussian,QC,"opt+freq: b3lyp/6-311G** em=gd3bj
energy: M062X/6-311G+(2d, p) em=gd3"
116,c-c19+c-b30+c-b78+c-b81,CCCCCC[P+](CCCC)(CCCC)CCCCC,tetraphosphonium ,-1090.3224517,0.504504,0.592867,778.1194,-0.4192,-0.111,3.8861,-1089.8179477,-1089.7295847,8.383040000000001,Gaussian,QC,"opt+freq: b3lyp/6-311G** em=gd3bj
energy: M062X/6-311G+(2d, p) em=gd3"
117,c-c19+c-b16+c-b38+c-b39,C#CCC[P+](CCCC)(CCCCC#N)CCOC,tetraphosphonium ,-1098.0838749,0.355992,0.437148,714.6523040000001,-0.39161,-0.11028,4.7069,-1097.7278829,-1097.6467269,7.652176000000001,Gaussian,QC,"opt+freq: b3lyp/6-311G** em=gd3bj
energy: M062X/6-311G+(2d, p) em=gd3"
118,c-c19+c-b40+c-b76+c-b81,CCCC[P+](CCCC)(COC)CN(C)C,tetraphosphonium ,-985.019503,0.365173,0.441397,671.230752,-0.35358,-0.12061,2.5504,-984.65433,-984.5781059999999,6.336784,Gaussian,QC,"opt+freq: b3lyp/6-311G** em=gd3bj
energy: M062X/6-311G+(2d, p) em=gd3"
119,c-c19+c-b4+c-b10+c-b65,CCC#CCC[P+](CCC)(CCCC)CCCO,tetraphosphonium ,-1045.1630014,0.385199,0.46584,710.125216,-0.38349,-0.11818,4.3624,-1044.7778024,-1044.6971614,7.216431999999999,Gaussian,QC,"opt+freq: b3lyp/6-311G** em=gd3bj
energy: M062X/6-311G+(2d, p) em=gd3"
120,c-c19+c-b3+c-b30+c-b38,C#CCC[P+](CCCC)(CCCCC)CC1CCCC1,tetraphosphonium ,-1086.6492537,0.44067,0.524683,739.819064,-0.39887,-0.11351,2.9135,-1086.2085837,-1086.1245707,7.761792,Gaussian,QC,"opt+freq: b3lyp/6-311G** em=gd3bj
energy: M062X/6-311G+(2d, p) em=gd3"
121,c-c19+c-b60+c-b78+c-b79,C=CCC[P+](CCCC)(CCCCO)CCCCCC,tetraphosphonium ,-1125.0125253,0.46132,0.547311,757.2412400000001,-0.38085,-0.11691,3.3211,-1124.5512053,-1124.4652143,7.179168,Gaussian,QC,"opt+freq: b3lyp/6-311G** em=gd3bj
energy: M062X/6-311G+(2d, p) em=gd3"
122,c-c19+c-b4+c-b45+c-b76,CCCC[P+](CCCO)(COC)CC(=O)O,tetraphosphonium ,-1075.5732249,0.287804,0.361195,646.277376,-0.40119,-0.1414,2.8113,-1075.2854209,-1075.2120299,7.066287999999999,Gaussian,QC,"opt+freq: b3lyp/6-311G** em=gd3bj
energy: M062X/6-311G+(2d, p) em=gd3"
123,c-c124+c-b60,C=CCCC[P+](CCCC)(CCCC)CCCC,tetraphosphonium ,-1010.4827733,0.430681,0.511519,711.861576,-0.36642,-0.11337,2.7822,-1010.0520923,-1009.9712543,6.88296,Gaussian,QC,"opt+freq: b3lyp/6-311G** em=gd3bj
energy: M062X/6-311G+(2d, p) em=gd3"
124,c-c19+c-b10+c-b24+c-b81,CCCC[P+](CCC)(CCCC)Cc1ccccc1C,tetraphosphonium ,-1085.5220594,0.416773,0.50176,748.3962640000001,-0.36312,-0.13839,4.0426,-1085.1052864,-1085.0202994,6.112655999999999,Gaussian,QC,"opt+freq: b3lyp/6-311G** em=gd3bj
energy: M062X/6-311G+(2d, p) em=gd3"
125,c-c19+c-b30+c-b44+c-b80,CCCCC[P+](CCCC)(CCCC(C)C)CC(C)C,tetraphosphonium ,-1090.3274826,0.503642,0.591801,776.324464,-0.4238,-0.1099,3.4411,-1089.8238406,-1089.7356816,8.53808,Gaussian,QC,"opt+freq: b3lyp/6-311G** em=gd3bj
energy: M062X/6-311G+(2d, p) em=gd3"
126,c-c19+c-b28+c-b36+c-b76,C=CCCC[P+](CCCC)(COC)Cc1ccccc1,tetraphosphonium ,-1120.1756614,0.374024,0.45537,716.334272,-0.35702,-0.13626,4.2172,-1119.8016374,-1119.7202914,6.004672,Gaussian,QC,"opt+freq: b3lyp/6-311G** em=gd3bj
energy: M062X/6-311G+(2d, p) em=gd3"
127,c-c19+c-b11+c-b38+c-b43,C#CCC[P+](CCC#N)(CCCC)CC(F)(F)F,tetraphosphonium ,-1202.6879102,0.248959,0.323592,657.2227200000001,-0.4143,-0.14812,5.9345,-1202.4389512,-1202.3643182,7.240095999999999,Gaussian,QC,"opt+freq: b3lyp/6-311G** em=gd3bj
energy: M062X/6-311G+(2d, p) em=gd3"
128,c-c19+c-b6+c-b78+c-b81,CCCCCC[P+](CCCC)(CCCC)CCCN,tetraphosphonium ,-1067.0631305,0.469356,0.553614,741.9780079999999,-0.35897,-0.10961,3.3012,-1066.5937745,-1066.5095165,6.782592,Gaussian,QC,"opt+freq: b3lyp/6-311G** em=gd3bj
energy: M062X/6-311G+(2d, p) em=gd3"
129,c-c19+c-b10+c-b11+c-b30,CCCCC[P+](CCC)(CCCC)CC(F)(F)F,tetraphosphonium ,-1191.5377468,0.347247,0.427358,705.455872,-0.43405,-0.12881,5.4024,-1191.1904998,-1191.1103888,8.302527999999999,Gaussian,QC,"opt+freq: b3lyp/6-311G** em=gd3bj
energy: M062X/6-311G+(2d, p) em=gd3"
130,c-c19+c-b38+c-b45+c-b47,C#CCC[P+](CCCC)(CC(=O)O)CC(C)(C)C,tetraphosphonium ,-1079.8982603,0.3405,0.417555,678.5402,-0.39937,-0.14689,2.4318,-1079.5577603,-1079.4807053,6.867456000000001,Gaussian,QC,"opt+freq: b3lyp/6-311G** em=gd3bj
energy: M062X/6-311G+(2d, p) em=gd3"
131,c-c19+c-b4+c-b38+c-b76,C#CCC[P+](CCCC)(CCCO)COC,tetraphosphonium ,-1002.4394809,0.308771,0.384084,663.201656,-0.38929,-0.11433,0.9616,-1002.1307099,-1002.0553969,7.478912000000001,Gaussian,QC,"opt+freq: b3lyp/6-311G** em=gd3bj
energy: M062X/6-311G+(2d, p) em=gd3"
132,c-c19+c-b4+c-b10+c-b24,CCCC[P+](CCC)(CCCO)Cc1ccccc1C,tetraphosphonium ,-1121.4383301,0.39927,0.47904,702.460128,-0.35735,-0.13526,3.8003,-1121.0390601,-1120.9592901,6.040848,Gaussian,QC,"opt+freq: b3lyp/6-311G** em=gd3bj
energy: M062X/6-311G+(2d, p) em=gd3"
133,c-c19+c-b29+c-b44+c-b80,CCCC[P+](CCCC(C)C)(CC(C)C)CC(C)C,tetraphosphonium ,-1051.0255625,0.477727,0.562181,743.6934480000001,-0.42784,-0.10979,1.5416,-1050.5478355,-1050.4633815,8.65096,Gaussian,QC,"opt+freq: b3lyp/6-311G** em=gd3bj
energy: M062X/6-311G+(2d, p) em=gd3"
134,c-c19+c-b6+c-b13+c-b38,C#CCC[P+](CCCC)(CCCN)CCCC#N,tetraphosphonium ,-1038.8452175,0.349718,0.421305,630.3907280000001,-0.36136,-0.11736,3.7783,-1038.4954995,-1038.4239125,6.6368,Gaussian,QC,"opt+freq: b3lyp/6-311G** em=gd3bj
energy: M062X/6-311G+(2d, p) em=gd3"
135,c-c19+c-b39+c-b60+c-b65,C=CCC[P+](CCC#CCC)(CCCC)CCOC,tetraphosphonium ,-1083.2297452,0.384061,0.470981,765.416776,-0.35604,-0.12088,3.2641,-1082.8456842,-1082.7587642,6.396352000000001,Gaussian,QC,"opt+freq: b3lyp/6-311G** em=gd3bj
energy: M062X/6-311G+(2d, p) em=gd3"
136,c-c19+c-b10+c-b37+c-b73,CCCC[P+](CCC)(CCC(C)C)CCC(C)O,tetraphosphonium ,-1047.6341278,0.430726,0.510804,705.162992,-0.3896,-0.1131,4.8438,-1047.2034018,-1047.1233238,7.520799999999999,Gaussian,QC,"opt+freq: b3lyp/6-311G** em=gd3bj
energy: M062X/6-311G+(2d, p) em=gd3"
137,c-c124+c-b47,CCCC[P+](CCCC)(CCCC)CCC(C)(C)C,tetraphosphonium ,-1051.0209329,0.477143,0.562505,751.689072,-0.43171,-0.1081,2.6046,-1050.5437899,-1050.4584279,8.802191999999998,Gaussian,QC,"opt+freq: b3lyp/6-311G** em=gd3bj
energy: M062X/6-311G+(2d, p) em=gd3"
138,c-c19+c-b45+c-b58+c-b76,CCCC[P+](CCC(=O)O)(COC)CC(=O)O,tetraphosphonium ,-1149.6242831,0.269348,0.344045,657.775008,-0.40324,-0.14385,2.0457,-1149.3549351,-1149.2802381,7.055408,Gaussian,QC,"opt+freq: b3lyp/6-311G** em=gd3bj
energy: M062X/6-311G+(2d, p) em=gd3"
139,c-c19+c-b6+c-b41+c-b76,CCCC[P+](CCCN)(COC)CC1COC(C)(C)O1,tetraphosphonium ,-1212.8957418,0.405511,0.488589,731.580768,-0.36594,-0.1111,7.0172,-1212.4902308,-1212.4071528,6.931647999999998,Gaussian,QC,"opt+freq: b3lyp/6-311G** em=gd3bj
energy: M062X/6-311G+(2d, p) em=gd3"
140,c-c19+c-b13+c-b39+c-b77,CCCC[P+](CCCC#N)(CCOC)CCC(F)(F)F,tetraphosphonium ,-1319.6801103,0.322795,0.405209,725.727352,-0.38522,-0.12882,5.0623,-1319.3573153,-1319.2749013,6.97408,Gaussian,QC,"opt+freq: b3lyp/6-311G** em=gd3bj
energy: M062X/6-311G+(2d, p) em=gd3"
141,c-c19+c-b58+c-b76+c-b79,CCCC[P+](CCCCO)(CCC(=O)O)COC,tetraphosphonium ,-1154.1875792,0.339298,0.419366,705.0751280000001,-0.38653,-0.12227,0.6247,-1153.8482812,-1153.7682132,7.187872,Gaussian,QC,"opt+freq: b3lyp/6-311G** em=gd3bj
energy: M062X/6-311G+(2d, p) em=gd3"
142,c-c2+c-b44,CC[P+](CC)(CC)COCCC(C)C,tetraphosphonium ,-890.3940779,0.322027,0.394312,636.541208,-0.40052,-0.11518,5.6453,-890.0720508999999,-889.9997658999999,7.761247999999999,Gaussian,QC,"opt+freq: b3lyp/6-311G** em=gd3bj
energy: M062X/6-311G+(2d, p) em=gd3"
143,c-c19+c-b4+c-b60+c-b73,C=CCC[P+](CCCC)(CCCO)CCC(C)C,tetraphosphonium ,-1046.4010161,0.408355,0.488176,702.8994480000001,-0.38234,-0.1199,1.9795,-1045.9926611,-1045.9128401,7.138368,Gaussian,QC,"opt+freq: b3lyp/6-311G** em=gd3bj
energy: M062X/6-311G+(2d, p) em=gd3"
144,c-c19+c-b28+c-b38+c-b44,C#CCC[P+](CCCC)(CCCC=C)CCCC(C)C,tetraphosphonium ,-1086.6263535,0.435126,0.522335,767.956464,-0.36732,-0.11526,2.9532,-1086.1912275,-1086.1040185,6.856031999999998,Gaussian,QC,"opt+freq: b3lyp/6-311G** em=gd3bj
energy: M062X/6-311G+(2d, p) em=gd3"
145,c-c19+c-b4+c-b58+c-b76,CCCC[P+](CCCO)(CCC(=O)O)COC,tetraphosphonium ,-1114.8838938,0.315535,0.390626,661.247728,-0.40396,-0.11847,2.7505,-1114.5683588,-1114.4932678,7.765327999999998,Gaussian,QC,"opt+freq: b3lyp/6-311G** em=gd3bj
energy: M062X/6-311G+(2d, p) em=gd3"
146,c-c19+c-b47+c-b65+c-b81,CCC#CCC[P+](CCCC)(CCCC)CC(C)(C)C,tetraphosphonium ,-1087.8656646,0.454226,0.545214,801.240184,-0.37387,-0.10638,1.1881,-1087.4114386,-1087.3204506,7.275728,Gaussian,QC,"opt+freq: b3lyp/6-311G** em=gd3bj
energy: M062X/6-311G+(2d, p) em=gd3"
147,c-c19+c-b3+c-b10+c-b79,CCCC[P+](CCC)(CCCCO)CC1CCCC1,tetraphosphonium ,-1085.7275602,0.435531,0.519334,737.969736,-0.37509,-0.10836,3.4635,-1085.2920292,-1085.2082262,7.255055999999999,Gaussian,QC,"opt+freq: b3lyp/6-311G** em=gd3bj
energy: M062X/6-311G+(2d, p) em=gd3"
148,c-c19+c-b10+c-b30+c-b47,CCCCC[P+](CCC)(CCCC)CC(C)(C)C,tetraphosphonium ,-1011.7175837,0.452066,0.533681,718.698232,-0.43378,-0.10914,2.5717,-1011.2655177,-1011.1839027,8.830207999999999,Gaussian,QC,"opt+freq: b3lyp/6-311G** em=gd3bj
energy: M062X/6-311G+(2d, p) em=gd3"
149,c-c19+c-b73+c-b78+c-b81,CCCCCC[P+](CCCC)(CCCC)CCC(C)C,tetraphosphonium ,-1090.326242,0.504596,0.592342,772.688568,-0.42004,-0.11121,3.8791,-1089.821646,-1089.7339,8.400176000000002,Gaussian,QC,"opt+freq: b3lyp/6-311G** em=gd3bj
energy: M062X/6-311G+(2d, p) em=gd3"
150,c-c19+c-b6+c-b13+c-b60,C=CCC[P+](CCCC)(CCCN)CCCC#N,tetraphosphonium ,-1040.1462038,0.365404,0.443858,690.8662640000001,-0.36376,-0.13053,4.0369,-1039.7807998,-1039.7023458,6.343855999999999,Gaussian,QC,"opt+freq: b3lyp/6-311G** em=gd3bj
energy: M062X/6-311G+(2d, p) em=gd3"
151,c-c19+c-b38+c-b40+c-b60,C#CCC[P+](CCC=C)(CCCC)CN(C)C,tetraphosphonium ,-984.7293685,0.345555,0.423933,690.1926400000001,-0.3555,-0.12331,1.5755,-984.3838135,-984.3054354999999,6.315567999999999,Gaussian,QC,"opt+freq: b3lyp/6-311G** em=gd3bj
energy: M062X/6-311G+(2d, p) em=gd3"
152,c-c19+c-b38+c-b47+c-b79,C#CCC[P+](CCCC)(CCCCO)CC(C)(C)C,tetraphosphonium ,-1084.4672817,0.410436,0.493489,731.3632000000001,-0.39405,-0.10634,1.567,-1084.0568457,-1083.9737927,7.825712,Gaussian,QC,"opt+freq: b3lyp/6-311G** em=gd3bj
energy: M062X/6-311G+(2d, p) em=gd3"
153,c-c19+c-b28+c-b38+c-b78,C#CCC[P+](CCCC)(CCCC=C)CCCCCC,tetraphosphonium ,-1086.6233142,0.435528,0.52291,769.4836240000001,-0.36749,-0.11509,2.9503,-1086.1877862,-1086.1004042,6.865279999999998,Gaussian,QC,"opt+freq: b3lyp/6-311G** em=gd3bj
energy: M062X/6-311G+(2d, p) em=gd3"
154,c-c124+c-b18,CCCC[P+](CCCC)(CCCC)CCC(=O)CC,tetraphosphonium ,-1085.7437413,0.43194,0.517088,749.806272,-0.38812,-0.15747,2.993,-1085.3118013,-1085.2266533,6.273680000000001,Gaussian,QC,"opt+freq: b3lyp/6-311G** em=gd3bj
energy: M062X/6-311G+(2d, p) em=gd3"
155,c-c19+c-b39+c-b47+c-b79,CCCC[P+](CCCCO)(CCOC)CC(C)(C)C,tetraphosphonium ,-1122.8334715,0.433207,0.51664,734.7104,-0.38576,-0.11374,2.6669,-1122.4002645,-1122.3168315,7.398943999999999,Gaussian,QC,"opt+freq: b3lyp/6-311G** em=gd3bj
energy: M062X/6-311G+(2d, p) em=gd3"
156,c-c19+c-b10+c-b41+c-b60,C=CCC[P+](CCC)(CCCC)CC1COC(C)(C)O1,tetraphosphonium ,-1159.7233003,0.417195,0.499244,722.5265919999999,-0.38165,-0.12229,3.1902,-1159.3061053,-1159.2240563,7.054592,Gaussian,QC,"opt+freq: b3lyp/6-311G** em=gd3bj
energy: M062X/6-311G+(2d, p) em=gd3"
157,c-c19+c-b47+c-b79+c-b81,CCCC[P+](CCCC)(CCCCO)CC(C)(C)C,tetraphosphonium ,-1086.9409279,0.457885,0.540299,725.731536,-0.39264,-0.10168,1.8197,-1086.4830429,-1086.4006289,7.914111999999999,Gaussian,QC,"opt+freq: b3lyp/6-311G** em=gd3bj
energy: M062X/6-311G+(2d, p) em=gd3"
158,c-c2+c-b76,CC[P+](CC)(CC)COOC,tetraphosphonium ,-808.2992734,0.222344,0.283734,540.5937200000001,-0.3973,-0.14427,2.1335,-808.0769293999999,-808.0155394,6.882415999999999,Gaussian,QC,"opt+freq: b3lyp/6-311G** em=gd3bj
energy: M062X/6-311G+(2d, p) em=gd3"
159,c-c19+c-b8+c-b47+c-b76,CC#CCC[P+](CCCC)(COC)CC(C)(C)C,tetraphosphonium ,-1045.1505096,0.382651,0.463668,713.4263920000001,-0.37397,-0.11551,2.5444,-1044.7678586,-1044.6868416,7.030112000000001,Gaussian,QC,"opt+freq: b3lyp/6-311G** em=gd3bj
energy: M062X/6-311G+(2d, p) em=gd3"
160,c-c19+c-b4+c-b10+c-b28,C=CCCC[P+](CCC)(CCCC)CCCO,tetraphosphonium ,-1007.0934832,0.38331,0.459777,673.364592,-0.37198,-0.11589,3.0721,-1006.7101732,-1006.6337062,6.965647999999999,Gaussian,QC,"opt+freq: b3lyp/6-311G** em=gd3bj
energy: M062X/6-311G+(2d, p) em=gd3"
161,c-c19+c-b29+c-b58+c-b78,CCCCCC[P+](CCCC)(CCC(=O)O)CC(C)C,tetraphosphonium ,-1160.9909127,0.43845,0.523572,749.580336,-0.41872,-0.13451,2.4533,-1160.5524627,-1160.4673407,7.730511999999999,Gaussian,QC,"opt+freq: b3lyp/6-311G** em=gd3bj
energy: M062X/6-311G+(2d, p) em=gd3"
162,c-c19+c-b10+c-b30+c-b76,CCCCC[P+](CCC)(CCCC)COC,tetraphosphonium ,-968.9986326,0.377171,0.453348,670.812352,-0.41285,-0.12002,3.8329,-968.6214616,-968.5452846,7.964975999999999,Gaussian,QC,"opt+freq: b3lyp/6-311G** em=gd3bj
energy: M062X/6-311G+(2d, p) em=gd3"
163,c-c19+c-b60+c-b76+c-b81,C=CCC[P+](CCCC)(CCCC)COC,tetraphosphonium ,-967.7671856,0.353959,0.429743,667.3563680000001,-0.37724,-0.11979,2.385,-967.4132265999999,-967.3374425999999,7.00264,Gaussian,QC,"opt+freq: b3lyp/6-311G** em=gd3bj
energy: M062X/6-311G+(2d, p) em=gd3"
164,c-c125+c-b37,CC[P+](CC)(CC)CCCC(C)O,tetraphosphonium ,-851.1092941,0.30063,0.366627,581.170152,-0.39162,-0.11666,3.5098,-850.8086641000001,-850.7426671000001,7.478912000000001,Gaussian,QC,"opt+freq: b3lyp/6-311G** em=gd3bj
energy: M062X/6-311G+(2d, p) em=gd3"
165,c-c19+c-b10+c-b38+c-b81,C#CCC[P+](CCC)(CCCC)CCCC,tetraphosphonium ,-930.6334537,0.355902,0.430329,655.40268,-0.40267,-0.11569,1.6763,-930.2775517,-930.2031247,7.805855999999999,Gaussian,QC,"opt+freq: b3lyp/6-311G** em=gd3bj
energy: M062X/6-311G+(2d, p) em=gd3"
166,c-c19+c-b10+c-b16+c-b43,CCCC[P+](CCC)(CCC#N)CCCCC#N,tetraphosphonium ,-1038.9591423,0.343051,0.420755,684.255544,-0.42286,-0.1361,9.2633,-1038.6160913,-1038.5383873,7.799872000000001,Gaussian,QC,"opt+freq: b3lyp/6-311G** em=gd3bj
energy: M062X/6-311G+(2d, p) em=gd3"
167,c-c19+c-b4+c-b10+c-b44,CCCC[P+](CCC)(CCCO)CCCC(C)C,tetraphosphonium ,-1047.6306493,0.430355,0.511529,714.811296,-0.39825,-0.11179,3.7796,-1047.2002943,-1047.1191203,7.791712,Gaussian,QC,"opt+freq: b3lyp/6-311G** em=gd3bj
energy: M062X/6-311G+(2d, p) em=gd3"
168,c-c19+c-b10+c-b73+c-b78,CCCCCC[P+](CCC)(CCCC)CCC(C)C,tetraphosphonium ,-1051.0212003,0.478983,0.563415,743.500984,-0.42076,-0.11311,4.6889,-1050.5422173,-1050.4577853,8.36808,Gaussian,QC,"opt+freq: b3lyp/6-311G** em=gd3bj
energy: M062X/6-311G+(2d, p) em=gd3"
169,c-c19+c-b47+c-b60+c-b78,C=CCC[P+](CCCC)(CCCCCC)CC(C)(C)C,tetraphosphonium ,-1089.0977075,0.480585,0.568314,772.537944,-0.38254,-0.11978,2.7228,-1088.6171225,-1088.5293935,7.147072,Gaussian,QC,"opt+freq: b3lyp/6-311G** em=gd3bj
energy: M062X/6-311G+(2d, p) em=gd3"
170,c-c19+c-b28+c-b37+c-b39,C=CCCC[P+](CCCC)(CCOC)CCC(C)O,tetraphosphonium ,-1121.6109893,0.411621,0.493784,723.526568,-0.36454,-0.10956,3.9817,-1121.1993683,-1121.1172053,6.935455999999999,Gaussian,QC,"opt+freq: b3lyp/6-311G** em=gd3bj
energy: M062X/6-311G+(2d, p) em=gd3"
171,c-c19+c-b60+c-b68+c-b81,C=CCC[P+](CCCC)(CCCC)CCCCC(C)C,tetraphosphonium ,-1089.0935771,0.480245,0.568873,780.454072,-0.383,-0.11964,4.3754,-1088.6133321,-1088.5247041,7.163392000000001,Gaussian,QC,"opt+freq: b3lyp/6-311G** em=gd3bj
energy: M062X/6-311G+(2d, p) em=gd3"
172,c-c19+c-b73+c-b76+c-b79,CCCC[P+](CCCCO)(CCC(C)C)COC,tetraphosphonium ,-1083.524539,0.404837,0.487819,730.7356000000001,-0.38654,-0.11646,2.2499,-1083.119702,-1083.03672,7.346176,Gaussian,QC,"opt+freq: b3lyp/6-311G** em=gd3bj
energy: M062X/6-311G+(2d, p) em=gd3"
173,c-c19+c-b51+c-b60+c-b81,C=CCC[P+](CCCC)(CCCC)CC1CCCCC1,tetraphosphonium ,-1087.9011793,0.464727,0.548179,734.87776,-0.38084,-0.11851,3.0163,-1087.4364523,-1087.3530003,7.135376,Gaussian,QC,"opt+freq: b3lyp/6-311G** em=gd3bj
energy: M062X/6-311G+(2d, p) em=gd3"
174,c-c19+c-b8+c-b43+c-b81,CC#CCC[P+](CCC#N)(CCCC)CCCC,tetraphosphonium ,-1022.8737861,0.35062,0.431453,711.815552,-0.38871,-0.12943,4.0193,-1022.5231661,-1022.4423331,7.052416,Gaussian,QC,"opt+freq: b3lyp/6-311G** em=gd3bj
energy: M062X/6-311G+(2d, p) em=gd3"
175,c-c19+c-b13+c-b38+c-b43,C#CCC[P+](CCC#N)(CCCC)CCCC#N,tetraphosphonium ,-1036.4867231,0.2983,0.374149,667.9295760000001,-0.41273,-0.14044,2.5177,-1036.1884231,-1036.1125741,7.406287999999999,Gaussian,QC,"opt+freq: b3lyp/6-311G** em=gd3bj
energy: M062X/6-311G+(2d, p) em=gd3"
176,c-c19+c-b28+c-b73+c-b79,C=CCCC[P+](CCCC)(CCCCO)CCC(C)C,tetraphosphonium ,-1125.008942,0.459697,0.546108,760.9273440000001,-0.36571,-0.11087,3.0078,-1124.549245,-1124.462834,6.931647999999998,Gaussian,QC,"opt+freq: b3lyp/6-311G** em=gd3bj
energy: M062X/6-311G+(2d, p) em=gd3"
177,c-c19+c-b30+c-b37+c-b79,CCCCC[P+](CCCC)(CCCCO)CCC(C)O,tetraphosphonium ,-1162.1554012,0.459553,0.54641,764.860304,-0.36779,-0.10956,3.3085,-1161.6958482,-1161.6089912,7.023856,Gaussian,QC,"opt+freq: b3lyp/6-311G** em=gd3bj
energy: M062X/6-311G+(2d, p) em=gd3"
178,c-c19+c-b47+c-b76+c-b81,CCCC[P+](CCCC)(COC)CC(C)(C)C,tetraphosphonium ,-1008.3067874,0.403532,0.480989,682.0840479999999,-0.41128,-0.11565,2.5049,-1007.9032554,-1007.8257984,8.041135999999998,Gaussian,QC,"opt+freq: b3lyp/6-311G** em=gd3bj
energy: M062X/6-311G+(2d, p) em=gd3"
179,c-c19+c-b4+c-b38+c-b71,C#CCC[P+](CCCC)(CCCO)CCCCCCC,tetraphosphonium ,-1123.764948,0.437109,0.523597,761.605152,-0.39668,-0.11436,4.2165,-1123.327839,-1123.241351,7.679103999999999,Gaussian,QC,"opt+freq: b3lyp/6-311G** em=gd3bj
energy: M062X/6-311G+(2d, p) em=gd3"
180,c-c19+c-b4+c-b31+c-b81,CCCC[P+](CCCC)(CCCO)CCCC(F)(F)F,tetraphosphonium ,-1306.0780564,0.380725,0.463157,725.894712,-0.41335,-0.11969,7.9025,-1305.6973314,-1305.6148994,7.987551999999999,Gaussian,QC,"opt+freq: b3lyp/6-311G** em=gd3bj
energy: M062X/6-311G+(2d, p) em=gd3"
181,c-c19+c-b8+c-b73+c-b79,CC#CCC[P+](CCCC)(CCCCO)CCC(C)C,tetraphosphonium ,-1123.7851984,0.433888,0.523396,788.207024,-0.37202,-0.10006,2.0513,-1123.3513104,-1123.2618024,7.397312,Gaussian,QC,"opt+freq: b3lyp/6-311G** em=gd3bj
energy: M062X/6-311G+(2d, p) em=gd3"
182,c-c19+c-b6+c-b36+c-b81,CCCC[P+](CCCC)(CCCN)Cc1ccccc1,tetraphosphonium ,-1101.5601124,0.413554,0.492568,695.790832,-0.36183,-0.13187,2.7549,-1101.1465584,-1101.0675444,6.254912,Gaussian,QC,"opt+freq: b3lyp/6-311G** em=gd3bj
energy: M062X/6-311G+(2d, p) em=gd3"
183,c-c19+c-b28+c-b73+c-b76,C=CCCC[P+](CCCC)(CCC(C)C)COC,tetraphosphonium ,-1046.3812156,0.405334,0.487292,721.7232640000001,-0.36528,-0.11914,3.7721,-1045.9758816,-1045.8939236,6.695008,Gaussian,QC,"opt+freq: b3lyp/6-311G** em=gd3bj
energy: M062X/6-311G+(2d, p) em=gd3"
184,c-c19+c-b36+c-b43+c-b45,CCCC[P+](CCC#N)(CC(=O)O)Cc1ccccc1,tetraphosphonium ,-1169.7912894,0.299687,0.375551,668.063464,-0.37655,-0.15023,5.7267,-1169.4916024,-1169.4157384,6.155904,Gaussian,QC,"opt+freq: b3lyp/6-311G** em=gd3bj
energy: M062X/6-311G+(2d, p) em=gd3"
185,c-c19+c-b4+c-b60+c-b77,C=CCC[P+](CCCC)(CCCO)CCC(F)(F)F,tetraphosphonium ,-1265.54121,0.331692,0.410728,695.98748,-0.38466,-0.12412,4.3518,-1265.209518,-1265.130482,7.086688,Gaussian,QC,"opt+freq: b3lyp/6-311G** em=gd3bj
energy: M062X/6-311G+(2d, p) em=gd3"
186,c-c19+c-b38+c-b43+c-b79,C#CCC[P+](CCC#N)(CCCC)CCCCO,tetraphosphonium ,-1058.7766224,0.331262,0.408433,679.573648,-0.38723,-0.13016,3.2905,-1058.4453604,-1058.3681894,6.992304000000001,Gaussian,QC,"opt+freq: b3lyp/6-311G** em=gd3bj
energy: M062X/6-311G+(2d, p) em=gd3"
187,c-c19+c-b38+c-b45+c-b81,C#CCC[P+](CCCC)(CCCC)CC(=O)O,tetraphosphonium ,-1040.5914035,0.313369,0.389778,672.854144,-0.40382,-0.14196,1.6118,-1040.2780345,-1040.2016255,7.122591999999999,Gaussian,QC,"opt+freq: b3lyp/6-311G** em=gd3bj
energy: M062X/6-311G+(2d, p) em=gd3"
188,c-c19+c-b30+c-b38+c-b47,C#CCC[P+](CCCC)(CCCCC)CC(C)(C)C,tetraphosphonium ,-1048.5496632,0.431323,0.515847,744.321048,-0.3998,-0.11311,1.2867,-1048.1183402,-1048.0338162,7.797968,Gaussian,QC,"opt+freq: b3lyp/6-311G** em=gd3bj
energy: M062X/6-311G+(2d, p) em=gd3"
189,c-c125+c-b76,CC[P+](CC)(CC)CCOC,tetraphosphonium ,-772.4862222,0.247761,0.308713,536.74444,-0.40278,-0.1155,1.8701,-772.2384612000001,-772.1775092,7.814016000000001,Gaussian,QC,"opt+freq: b3lyp/6-311G** em=gd3bj
energy: M062X/6-311G+(2d, p) em=gd3"
190,c-c19+c-b16+c-b76+c-b79,CCCC[P+](CCCCO)(CCCCC#N)COC,tetraphosphonium ,-1136.4534545,0.376665,0.460467,737.9571840000001,-0.38799,-0.12465,4.252,-1136.0767895,-1135.9929875,7.162848,Gaussian,QC,"opt+freq: b3lyp/6-311G** em=gd3bj
energy: M062X/6-311G+(2d, p) em=gd3"
191,c-c19+c-b58+c-b60+c-b81,C=CCC[P+](CCCC)(CCCC)CCC(=O)O,tetraphosphonium ,-1081.1394661,0.364635,0.442513,685.7868880000001,-0.38278,-0.13548,3.2412,-1080.7748311,-1080.6969531,6.72656,Gaussian,QC,"opt+freq: b3lyp/6-311G** em=gd3bj
energy: M062X/6-311G+(2d, p) em=gd3"
192,c-c19+c-b60+c-b73+c-b79,C=CCC[P+](CCCC)(CCCCO)CCC(C)C,tetraphosphonium ,-1085.7062032,0.43227,0.517085,746.873288,-0.38342,-0.11964,0.9406,-1085.2739332,-1085.1891182,7.174816,Gaussian,QC,"opt+freq: b3lyp/6-311G** em=gd3bj
energy: M062X/6-311G+(2d, p) em=gd3"
193,c-c19+c-b8+c-b68+c-b76,CC#CCC[P+](CCCC)(CCCCC(C)C)COC,tetraphosphonium ,-1123.7569673,0.432127,0.5222,793.1776160000001,-0.37507,-0.11546,3.9437,-1123.3248403,-1123.2347673,7.061392,Gaussian,QC,"opt+freq: b3lyp/6-311G** em=gd3bj
energy: M062X/6-311G+(2d, p) em=gd3"
194,c-c19+c-b6+c-b28+c-b38,C#CCC[P+](CCCC)(CCCN)CCCC=C,tetraphosphonium ,-1024.0590471,0.374652,0.454626,704.25088,-0.36147,-0.11345,2.5935,-1023.6843951,-1023.6044211,6.746144,Gaussian,QC,"opt+freq: b3lyp/6-311G** em=gd3bj
energy: M062X/6-311G+(2d, p) em=gd3"
195,c-c19+c-b13+c-b30+c-b81,CCCCC[P+](CCCC)(CCCC)CCCC#N,tetraphosphonium ,-1064.6410805,0.424221,0.506805,727.2335919999999,-0.43249,-0.12447,5.7631,-1064.2168595,-1064.1342755,8.378143999999999,Gaussian,QC,"opt+freq: b3lyp/6-311G** em=gd3bj
energy: M062X/6-311G+(2d, p) em=gd3"
196,c-c19+c-b4+c-b8+c-b78,CC#CCC[P+](CCCC)(CCCO)CCCCCC,tetraphosphonium ,-1123.7804018,0.435339,0.523764,778.671688,-0.37563,-0.10913,2.9824,-1123.3450628,-1123.2566378,7.2488,Gaussian,QC,"opt+freq: b3lyp/6-311G** em=gd3bj
energy: M062X/6-311G+(2d, p) em=gd3"
197,c-c19+c-b19+c-b73+c-b81,CCCC[P+](CCCC)(CCCCF)CCC(C)C,tetraphosphonium ,-1110.9537478,0.44503,0.528323,733.480304,-0.43883,-0.11564,4.0604,-1110.5087178,-1110.4254248,8.790768,Gaussian,QC,"opt+freq: b3lyp/6-311G** em=gd3bj
energy: M062X/6-311G+(2d, p) em=gd3"
198,c-c19+c-b28+c-b43+c-b58,C=CCCC[P+](CCC#N)(CCCC)CCC(=O)O,tetraphosphonium ,-1134.0809721,0.334969,0.41412,697.008376,-0.37499,-0.13965,5.2801,-1133.7460031,-1133.6668521,6.401248,Gaussian,QC,"opt+freq: b3lyp/6-311G** em=gd3bj
energy: M062X/6-311G+(2d, p) em=gd3"
199,c-c19+c-b30+c-b79+c-b81,CCCCC[P+](CCCC)(CCCC)CCCCO,tetraphosphonium ,-1086.9307963,0.456526,0.541055,744.367072,-0.37434,-0.11052,2.7937,-1086.4742703,-1086.3897413,7.175904,Gaussian,QC,"opt+freq: b3lyp/6-311G** em=gd3bj
energy: M062X/6-311G+(2d, p) em=gd3"
200,c-c19+c-b8+c-b13+c-b37,CC#CCC[P+](CCCC)(CCCC#N)CCC(C)O,tetraphosphonium ,-1137.4021898,0.378708,0.465944,768.1991360000001,-0.38504,-0.12294,4.503,-1137.0234818,-1136.9362458,7.129119999999999,Gaussian,QC,"opt+freq: b3lyp/6-311G** em=gd3bj
energy: M062X/6-311G+(2d, p) em=gd3"
201,c-c19+c-b10+c-b28+c-b47,C=CCCC[P+](CCC)(CCCC)CC(C)(C)C,tetraphosphonium ,-1010.4851447,0.428369,0.510236,720.919936,-0.37111,-0.1157,1.7762,-1010.0567757,-1009.9749087,6.947152000000001,Gaussian,QC,"opt+freq: b3lyp/6-311G** em=gd3bj
energy: M062X/6-311G+(2d, p) em=gd3"
202,c-c19+c-b4+c-b38+c-b58,C#CCC[P+](CCCC)(CCCO)CCC(=O)O,tetraphosphonium ,-1115.8132789,0.320885,0.396604,666.7831600000001,-0.39361,-0.12715,3.3134,-1115.4923939,-1115.4166749,7.247712000000001,Gaussian,QC,"opt+freq: b3lyp/6-311G** em=gd3bj
energy: M062X/6-311G+(2d, p) em=gd3"
203,c-c19+c-b38+c-b53+c-b81,C#CCC[P+](CCCC)(CCCC)Cc1cccnc1,tetraphosphonium ,-1099.0812957,0.364772,0.444167,699.1464,-0.36816,-0.15352,4.4328,-1098.7165237,-1098.6371287,5.838208,Gaussian,QC,"opt+freq: b3lyp/6-311G** em=gd3bj
energy: M062X/6-311G+(2d, p) em=gd3"
204,c-c2+c-b81,CCCOC[P+](CC)(CC)CC,tetraphosphonium ,-811.7815894,0.271778,0.337045,574.7393440000001,-0.40475,-0.11732,3.5653,-811.5098114,-811.4445444,7.818096000000001,Gaussian,QC,"opt+freq: b3lyp/6-311G** em=gd3bj
energy: M062X/6-311G+(2d, p) em=gd3"
205,c-c19+c-b29+c-b43+c-b68,CCCC[P+](CCC#N)(CCCCC(C)C)CC(C)C,tetraphosphonium ,-1103.9484282,0.448083,0.534511,761.086336,-0.40902,-0.12676,7.1032,-1103.5003452,-1103.4139172,7.677471999999999,Gaussian,QC,"opt+freq: b3lyp/6-311G** em=gd3bj
energy: M062X/6-311G+(2d, p) em=gd3"
206,c-c19+c-b10+c-b45+c-b78,CCCCCC[P+](CCC)(CCCC)CC(=O)O,tetraphosphonium ,-1082.368459,0.385556,0.465622,705.054208,-0.41694,-0.15489,5.2862,-1081.982903,-1081.902837,7.12776,Gaussian,QC,"opt+freq: b3lyp/6-311G** em=gd3bj
energy: M062X/6-311G+(2d, p) em=gd3"
207,c-c19+c-b16+c-b60+c-b73,C=CCC[P+](CCCC)(CCCCC#N)CCC(C)C,tetraphosphonium ,-1102.7185498,0.424401,0.511795,769.5840400000001,-0.38923,-0.1268,4.9929,-1102.2941488,-1102.2067548,7.138096000000001,Gaussian,QC,"opt+freq: b3lyp/6-311G** em=gd3bj
energy: M062X/6-311G+(2d, p) em=gd3"
208,c-c125+c-b6,CC[P+](CC)(CC)CCCCN,tetraphosphonium ,-791.9306098,0.288129,0.350764,551.564168,-0.357,-0.11407,1.9844,-791.6424807999999,-791.5798457999999,6.607695999999999,Gaussian,QC,"opt+freq: b3lyp/6-311G** em=gd3bj
energy: M062X/6-311G+(2d, p) em=gd3"
209,c-c19+c-b43+c-b45+c-b78,CCCCCC[P+](CCC#N)(CCCC)CC(=O)O,tetraphosphonium ,-1135.2944117,0.35646,0.437368,712.468256,-0.42112,-0.16085,6.0198,-1134.9379517,-1134.8570437,7.079344,Gaussian,QC,"opt+freq: b3lyp/6-311G** em=gd3bj
energy: M062X/6-311G+(2d, p) em=gd3"
210,c-c19+c-b10+c-b37+c-b72,CCCC[P+](CCC)(CCC(C)O)CCC(C)CC,tetraphosphonium ,-1086.9356886,0.454628,0.539893,750.83972,-0.39028,-0.11034,5.0751,-1086.4810606,-1086.3957956,7.614368000000001,Gaussian,QC,"opt+freq: b3lyp/6-311G** em=gd3bj
energy: M062X/6-311G+(2d, p) em=gd3"
211,c-c19+c-b28+c-b43+c-b80,C=CCCC[P+](CCC#N)(CCCC)CC(C)C,tetraphosphonium ,-1024.1066844,0.374697,0.453759,696.2217840000001,-0.37091,-0.12881,4.3777,-1023.7319874,-1023.6529254,6.58512,Gaussian,QC,"opt+freq: b3lyp/6-311G** em=gd3bj
energy: M062X/6-311G+(2d, p) em=gd3"
212,c-c19+c-b39+c-b43+c-b47,CCCC[P+](CCC#N)(CCOC)CC(C)(C)C,tetraphosphonium ,-1061.2289021,0.374474,0.453231,693.527288,-0.39465,-0.13543,2.7106,-1060.8544281,-1060.7756711,7.050784,Gaussian,QC,"opt+freq: b3lyp/6-311G** em=gd3bj
energy: M062X/6-311G+(2d, p) em=gd3"
213,c-c19+c-b4+c-b39+c-b44,CCCC[P+](CCCO)(CCCC(C)C)CCOC,tetraphosphonium ,-1122.8427846,0.432923,0.517618,745.81892,-0.39563,-0.09824,2.4693,-1122.4098616,-1122.3251666,8.089008,Gaussian,QC,"opt+freq: b3lyp/6-311G** em=gd3bj
energy: M062X/6-311G+(2d, p) em=gd3"
214,c-c19+c-b47+c-b76+c-b78,CCCCCC[P+](CCCC)(COC)CC(C)(C)C,tetraphosphonium ,-1086.9164261,0.454858,0.538996,740.9194560000001,-0.41027,-0.11449,4.0807,-1086.4615681,-1086.3774301,8.045216000000002,Gaussian,QC,"opt+freq: b3lyp/6-311G** em=gd3bj
energy: M062X/6-311G+(2d, p) em=gd3"
215,c-c19+c-b45+c-b47+c-b60,C=CCC[P+](CCCC)(CC(=O)O)CC(C)(C)C,tetraphosphonium ,-1081.1403695,0.362392,0.440831,690.732376,-0.3859,-0.14493,2.2398,-1080.7779775,-1080.6995385,6.554384000000001,Gaussian,QC,"opt+freq: b3lyp/6-311G** em=gd3bj
energy: M062X/6-311G+(2d, p) em=gd3"
216,c-c19+c-b29+c-b65+c-b81,CCC#CCC[P+](CCCC)(CCCC)CC(C)C,tetraphosphonium ,-1048.5582921,0.431584,0.517086,752.927536,-0.37313,-0.1121,2.2738,-1048.1267081,-1048.0412061,7.100015999999999,Gaussian,QC,"opt+freq: b3lyp/6-311G** em=gd3bj
energy: M062X/6-311G+(2d, p) em=gd3"
217,c-c19+c-b8+c-b58+c-b76,CC#CCC[P+](CCCC)(CCC(=O)O)COC,tetraphosphonium ,-1115.8109048,0.314615,0.395755,714.514232,-0.37824,-0.11977,1.1636,-1115.4962898,-1115.4151498,7.030384000000001,Gaussian,QC,"opt+freq: b3lyp/6-311G** em=gd3bj
energy: M062X/6-311G+(2d, p) em=gd3"
218,c-c19+c-b6+c-b8+c-b10,CC#CCC[P+](CCC)(CCCC)CCCN,tetraphosphonium ,-985.9906619,0.370507,0.449032,691.48968,-0.35356,-0.1131,1.5924,-985.6201549,-985.5416299,6.540512,Gaussian,QC,"opt+freq: b3lyp/6-311G** em=gd3bj
energy: M062X/6-311G+(2d, p) em=gd3"
219,c-c19+c-b13+c-b43+c-b58,CCCC[P+](CCC#N)(CCCC#N)CCC(=O)O,tetraphosphonium ,-1148.9215197,0.302978,0.380623,683.7450960000001,-0.41732,-0.14758,5.824,-1148.6185417,-1148.5408967,7.336928,Gaussian,QC,"opt+freq: b3lyp/6-311G** em=gd3bj
energy: M062X/6-311G+(2d, p) em=gd3"
220,c-c19+c-b13+c-b38+c-b65,C#CCC[P+](CCC#CCC)(CCCC)CCCC#N,tetraphosphonium ,-1098.9369329,0.361303,0.443089,720.2044720000001,-0.36164,-0.12401,3.5316,-1098.5756299,-1098.4938439,6.463536,Gaussian,QC,"opt+freq: b3lyp/6-311G** em=gd3bj
energy: M062X/6-311G+(2d, p) em=gd3"
221,c-c19+c-b8+c-b10+c-b37,CC#CCC[P+](CCC)(CCCC)CCC(C)O,tetraphosphonium ,-1045.1739365,0.381192,0.464989,737.9111600000001,-0.37446,-0.10713,1.432,-1044.7927445,-1044.7089475,7.271376,Gaussian,QC,"opt+freq: b3lyp/6-311G** em=gd3bj
energy: M062X/6-311G+(2d, p) em=gd3"
222,c-c19+c-b8+c-b38+c-b79,C#CCC[P+](CCC#CC)(CCCC)CCCCO,tetraphosphonium ,-1082.0014567,0.364135,0.448203,740.3044080000001,-0.38034,-0.11305,0.8291,-1081.6373217,-1081.5532537,7.270288000000001,Gaussian,QC,"opt+freq: b3lyp/6-311G** em=gd3bj
energy: M062X/6-311G+(2d, p) em=gd3"
223,c-c19+c-b4+c-b38+c-b73,C#CCC[P+](CCCC)(CCCO)CCC(C)C,tetraphosphonium ,-1045.1642027,0.384514,0.46501,708.840728,-0.39491,-0.10939,3.0181,-1044.7796887,-1044.6991927,7.766144,Gaussian,QC,"opt+freq: b3lyp/6-311G** em=gd3bj
energy: M062X/6-311G+(2d, p) em=gd3"
224,c-c19+c-b16+c-b39+c-b47,CCCC[P+](CCCCC#N)(CCOC)CC(C)(C)C,tetraphosphonium ,-1139.8517736,0.426663,0.511325,745.5302240000001,-0.39384,-0.12024,5.4812,-1139.4251106,-1139.3404486,7.44192,Gaussian,QC,"opt+freq: b3lyp/6-311G** em=gd3bj
energy: M062X/6-311G+(2d, p) em=gd3"
225,c-c19+c-b37+c-b38+c-b40,C#CCC[P+](CCCC)(CCC(C)O)CN(C)C,tetraphosphonium ,-1061.1904492,0.371473,0.45288,716.8698240000001,-0.34648,-0.10927,2.3089,-1060.8189762,-1060.7375692,6.452112,Gaussian,QC,"opt+freq: b3lyp/6-311G** em=gd3bj
energy: M062X/6-311G+(2d, p) em=gd3"
226,c-c19+c-b10+c-b37+c-b78,CCCCCC[P+](CCC)(CCCC)CCC(C)O,tetraphosphonium ,-1086.9366598,0.45646,0.540335,738.593152,-0.38729,-0.11269,4.0245,-1086.4801998,-1086.3963248,7.46912,Gaussian,QC,"opt+freq: b3lyp/6-311G** em=gd3bj
energy: M062X/6-311G+(2d, p) em=gd3"
227,c-c19+c-b39+c-b60+c-b81,C=CCC[P+](CCCC)(CCCC)CCOC,tetraphosphonium ,-1007.0850097,0.379786,0.459069,698.154792,-0.37064,-0.10983,2.179,-1006.7052237,-1006.6259407,7.094032000000001,Gaussian,QC,"opt+freq: b3lyp/6-311G** em=gd3bj
energy: M062X/6-311G+(2d, p) em=gd3"
228,c-c19+c-b39+c-b44+c-b60,C=CCC[P+](CCCC)(CCCC(C)C)CCOC,tetraphosphonium ,-1085.6962576,0.430479,0.516614,758.49644,-0.3793,-0.11905,3.4552,-1085.2657786,-1085.1796436,7.078800000000001,Gaussian,QC,"opt+freq: b3lyp/6-311G** em=gd3bj
energy: M062X/6-311G+(2d, p) em=gd3"
229,c-c19+c-b3+c-b28+c-b81,C=CCCC[P+](CCCC)(CCCC)CC1CCCC1,tetraphosphonium ,-1087.881237,0.463463,0.547872,743.304336,-0.36377,-0.11896,2.1182,-1087.417774,-1087.333365,6.658831999999999,Gaussian,QC,"opt+freq: b3lyp/6-311G** em=gd3bj
energy: M062X/6-311G+(2d, p) em=gd3"
230,c-c19+c-b38+c-b74+c-b79,C#CCC[P+](CCCC)(CCCCO)CC(C)=O,tetraphosphonium ,-1079.8714271,0.337449,0.418044,709.719368,-0.37207,-0.16572,3.3863,-1079.5339781,-1079.4533831,5.61272,Gaussian,QC,"opt+freq: b3lyp/6-311G** em=gd3bj
energy: M062X/6-311G+(2d, p) em=gd3"
231,c-c19+c-b40+c-b60+c-b79,C=CCC[P+](CCCC)(CCCCO)CN(C)C,tetraphosphonium ,-1062.4213518,0.396155,0.477019,712.083328,-0.35154,-0.12138,1.8283,-1062.0251968,-1061.9443328,6.260352000000001,Gaussian,QC,"opt+freq: b3lyp/6-311G** em=gd3bj
energy: M062X/6-311G+(2d, p) em=gd3"
232,c-c19+c-b29+c-b78+c-b80,CCCCCC[P+](CCCC)(CC(C)C)CC(C)C,tetraphosphonium ,-1051.02405,0.477682,0.562873,750.195384,-0.42066,-0.10708,3.0313,-1050.546368,-1050.461177,8.529376,Gaussian,QC,"opt+freq: b3lyp/6-311G** em=gd3bj
energy: M062X/6-311G+(2d, p) em=gd3"
233,c-c19+c-b36+c-b38+c-b43,C#CCC[P+](CCC#N)(CCCC)Cc1ccccc1,tetraphosphonium ,-1096.6707171,0.319582,0.398613,695.941456,-0.37271,-0.14418,4.4001,-1096.3511351,-1096.2721041,6.216016,Gaussian,QC,"opt+freq: b3lyp/6-311G** em=gd3bj
energy: M062X/6-311G+(2d, p) em=gd3"
234,c-c19+c-b4+c-b39+c-b65,CCC#CCC[P+](CCCC)(CCCO)CCOC,tetraphosphonium ,-1120.378877,0.386453,0.471558,749.43808,-0.36442,-0.10002,2.7443,-1119.992424,-1119.907319,7.191680000000001,Gaussian,QC,"opt+freq: b3lyp/6-311G** em=gd3bj
energy: M062X/6-311G+(2d, p) em=gd3"
235,c-c19+c-b28+c-b58+c-b60,C=CCCC[P+](CCC=C)(CCCC)CCC(=O)O,tetraphosphonium ,-1119.220145,0.366277,0.447928,719.016216,-0.37434,-0.13693,3.8855,-1118.853868,-1118.772217,6.457552,Gaussian,QC,"opt+freq: b3lyp/6-311G** em=gd3bj
energy: M062X/6-311G+(2d, p) em=gd3"
236,c-c19+c-b4+c-b30+c-b37,CCCCC[P+](CCCC)(CCCO)CCC(C)O,tetraphosphonium ,-1122.8558033,0.436668,0.517903,715.351032,-0.37879,-0.1123,3.1257,-1122.4191353,-1122.3379003,7.248528,Gaussian,QC,"opt+freq: b3lyp/6-311G** em=gd3bj
energy: M062X/6-311G+(2d, p) em=gd3"
237,c-c19+c-b4+c-b38+c-b45,C#CCC[P+](CCCC)(CCCO)CC(=O)O,tetraphosphonium ,-1076.5190775,0.294625,0.367399,640.846544,-0.39584,-0.13402,2.0305,-1076.2244525,-1076.1516785,7.121504000000002,Gaussian,QC,"opt+freq: b3lyp/6-311G** em=gd3bj
energy: M062X/6-311G+(2d, p) em=gd3"
238,c-c19+c-b10+c-b45+c-b56,CCCCCCCC[P+](CCC)(CCCC)CC(=O)O,tetraphosphonium ,-1160.9778073,0.4368,0.523597,764.33312,-0.3947,-0.15428,7.7353,-1160.5410073,-1160.4542103,6.539423999999999,Gaussian,QC,"opt+freq: b3lyp/6-311G** em=gd3bj
energy: M062X/6-311G+(2d, p) em=gd3"
239,c-c19+c-b39+c-b47+c-b65,CCC#CCC[P+](CCCC)(CCOC)CC(C)(C)C,tetraphosphonium ,-1123.7629721,0.432979,0.521821,782.3410560000001,-0.37684,-0.11149,1.1949,-1123.3299931,-1123.2411511,7.217519999999999,Gaussian,QC,"opt+freq: b3lyp/6-311G** em=gd3bj
energy: M062X/6-311G+(2d, p) em=gd3"
240,c-c19+c-b38+c-b47+c-b78,C#CCC[P+](CCCC)(CCCCCC)CC(C)(C)C,tetraphosphonium ,-1087.8553627,0.458911,0.545027,758.3374480000001,-0.3974,-0.11394,2.6588,-1087.3964517,-1087.3103357,7.710112,Gaussian,QC,"opt+freq: b3lyp/6-311G** em=gd3bj
energy: M062X/6-311G+(2d, p) em=gd3"
241,c-c19+c-b10+c-b30+c-b44,CCCCC[P+](CCC)(CCCC)CCCC(C)C,tetraphosphonium ,-1051.0246686,0.477598,0.563249,754.237128,-0.4246,-0.11221,4.0154,-1050.5470706,-1050.4614196,8.497007999999997,Gaussian,QC,"opt+freq: b3lyp/6-311G** em=gd3bj
energy: M062X/6-311G+(2d, p) em=gd3"
242,c-c19+c-b27+c-b30+c-b81,CCCCC[P+](CCCC)(CCCC)CC(C)C#N,tetraphosphonium ,-1064.6351788,0.423435,0.506385,730.455272,-0.44056,-0.12635,5.2167,-1064.2117438,-1064.1287938,8.546512,Gaussian,QC,"opt+freq: b3lyp/6-311G** em=gd3bj
energy: M062X/6-311G+(2d, p) em=gd3"
243,c-c19+c-b60+c-b79+c-b81,C=CCC[P+](CCCC)(CCCC)CCCCO,tetraphosphonium ,-1046.3960403,0.407743,0.488669,712.627248,-0.37283,-0.12263,2.5997,-1045.9882973,-1045.9073713,6.805439999999999,Gaussian,QC,"opt+freq: b3lyp/6-311G** em=gd3bj
energy: M062X/6-311G+(2d, p) em=gd3"
244,c-c19+c-b6+c-b30+c-b78,CCCCCC[P+](CCCC)(CCCN)CCCCC,tetraphosphonium ,-1106.3683995,0.495224,0.582674,770.077752,-0.36225,-0.10774,3.7794,-1105.8731755,-1105.7857255,6.922672,Gaussian,QC,"opt+freq: b3lyp/6-311G** em=gd3bj
energy: M062X/6-311G+(2d, p) em=gd3"
245,c-c19+c-b29+c-b36+c-b80,CCCC[P+](Cc1ccccc1)(CC(C)C)CC(C)C,tetraphosphonium ,-1085.5213148,0.421198,0.501315,705.501896,-0.36861,-0.13844,1.2336,-1085.1001168,-1085.0199998,6.260623999999999,Gaussian,QC,"opt+freq: b3lyp/6-311G** em=gd3bj
energy: M062X/6-311G+(2d, p) em=gd3"
246,c-c19+c-b8+c-b43+c-b58,CC#CCC[P+](CCC#N)(CCCC)CCC(=O)O,tetraphosphonium ,-1132.836253,0.310019,0.391384,716.4932640000001,-0.3832,-0.13746,3.166,-1132.526234,-1132.444869,6.684127999999999,Gaussian,QC,"opt+freq: b3lyp/6-311G** em=gd3bj
energy: M062X/6-311G+(2d, p) em=gd3"
247,c-c19+c-b65+c-b76+c-b81,CCC#CCC[P+](CCCC)(CCCC)COC,tetraphosphonium ,-1045.144402,0.381226,0.46501,737.7898240000001,-0.37485,-0.11683,1.3389,-1044.763176,-1044.679392,7.018144,Gaussian,QC,"opt+freq: b3lyp/6-311G** em=gd3bj
energy: M062X/6-311G+(2d, p) em=gd3"
248,c-c19+c-b8+c-b13+c-b43,CC#CCC[P+](CCC#N)(CCCC)CCCC#N,tetraphosphonium ,-1075.7345539,0.32979,0.403258,646.959368,-0.35935,-0.13539,6.2495,-1075.4047639,-1075.3312959,6.091711999999999,Gaussian,QC,"opt+freq: b3lyp/6-311G** em=gd3bj
energy: M062X/6-311G+(2d, p) em=gd3"
249,c-c19+c-b8+c-b43+c-b44,CC#CCC[P+](CCC#N)(CCCC)CCCC(C)C,tetraphosphonium ,-1101.4906311,0.400565,0.488927,778.1110320000001,-0.38715,-0.12542,4.42,-1101.0900661,-1101.0017041,7.119056,Gaussian,QC,"opt+freq: b3lyp/6-311G** em=gd3bj
energy: M062X/6-311G+(2d, p) em=gd3"
250,c-c19+c-b4+c-b10+c-b51,CCCC[P+](CCC)(CCCO)CC1CCCCC1,tetraphosphonium ,-1085.7402139,0.440451,0.51976,698.3849120000001,-0.40044,-0.10993,3.687,-1085.2997629,-1085.2204539,7.901872000000001,Gaussian,QC,"opt+freq: b3lyp/6-311G** em=gd3bj
energy: M062X/6-311G+(2d, p) em=gd3"
251,c-c19+c-b10+c-b13+c-b51,CCCC[P+](CCC)(CCCC#N)CC1CCCCC1,tetraphosphonium ,-1102.7542303,0.432376,0.514572,723.8194480000001,-0.40994,-0.12673,5.7307,-1102.3218543,-1102.2396583,7.703312,Gaussian,QC,"opt+freq: b3lyp/6-311G** em=gd3bj
energy: M062X/6-311G+(2d, p) em=gd3"
252,c-c19+c-b28+c-b30+c-b73,C=CCCC[P+](CCCC)(CCCCC)CCC(C)C,tetraphosphonium ,-1089.0952978,0.481799,0.568971,767.634296,-0.3654,-0.11178,3.525,-1088.6134988,-1088.5263268,6.898464,Gaussian,QC,"opt+freq: b3lyp/6-311G** em=gd3bj
energy: M062X/6-311G+(2d, p) em=gd3"
253,c-c19+c-b4+c-b28+c-b47,C=CCCC[P+](CCCC)(CCCO)CC(C)(C)C,tetraphosphonium ,-1085.7084258,0.433517,0.516575,731.4092240000001,-0.3641,-0.10494,2.1278,-1085.2749088,-1085.1918508,7.049151999999999,Gaussian,QC,"opt+freq: b3lyp/6-311G** em=gd3bj
energy: M062X/6-311G+(2d, p) em=gd3"
254,c-c19+c-b6+c-b76+c-b81,CCCC[P+](CCCC)(CCCN)COC,tetraphosphonium ,-985.0449143,0.368079,0.443369,663.0008240000001,-0.36641,-0.11463,1.5972,-984.6768353,-984.6015453,6.848416,Gaussian,QC,"opt+freq: b3lyp/6-311G** em=gd3bj
energy: M062X/6-311G+(2d, p) em=gd3"
255,c-c19+c-b8+c-b13+c-b38,C#CCC[P+](CCC#CC)(CCCC)CCCC#N,tetraphosphonium ,-1059.7087572,0.332104,0.41391,720.3802000000001,-0.38718,-0.12607,4.9387,-1059.3766532,-1059.2948472,7.102192000000001,Gaussian,QC,"opt+freq: b3lyp/6-311G** em=gd3bj
energy: M062X/6-311G+(2d, p) em=gd3"
256,c-c19+c-b3+c-b10+c-b60,C=CCC[P+](CCC)(CCCC)CC1CCCC1,tetraphosphonium ,-1009.2789345,0.410411,0.489766,698.799128,-0.38522,-0.12217,3.1791,-1008.8685235,-1008.7891685,7.15496,Gaussian,QC,"opt+freq: b3lyp/6-311G** em=gd3bj
energy: M062X/6-311G+(2d, p) em=gd3"
257,c-c19+c-b39+c-b43+c-b76,CCCC[P+](CCC#N)(CCOC)COC,tetraphosphonium ,-1018.5221216,0.298711,0.372742,651.917408,-0.39075,-0.13411,3.5934,-1018.2234106,-1018.1493796,6.980607999999999,Gaussian,QC,"opt+freq: b3lyp/6-311G** em=gd3bj
energy: M062X/6-311G+(2d, p) em=gd3"
258,c-c19+c-b4+c-b76+c-b81,CCCC[P+](CCCC)(CCCO)COC,tetraphosphonium ,-1004.9108836,0.356286,0.430781,656.0009920000001,-0.38605,-0.12637,3.3649,-1004.5545976,-1004.4801026,7.063296,Gaussian,QC,"opt+freq: b3lyp/6-311G** em=gd3bj
energy: M062X/6-311G+(2d, p) em=gd3"
259,c-c19+c-b65+c-b76+c-b78,CCC#CCC[P+](CCCC)(CCCCCC)COC,tetraphosphonium ,-1123.7543902,0.433195,0.522974,790.5835360000001,-0.37326,-0.11513,2.6499,-1123.3211952,-1123.2314162,7.021135999999999,Gaussian,QC,"opt+freq: b3lyp/6-311G** em=gd3bj
energy: M062X/6-311G+(2d, p) em=gd3"
260,c-c19+c-b8+c-b39+c-b65,CC#CCC[P+](CCC#CCC)(CCCC)CCOC,tetraphosphonium ,-1121.298837,0.381157,0.476519,839.753904,-0.35593,-0.10922,3.8722,-1120.91768,-1120.822318,6.710512000000001,Gaussian,QC,"opt+freq: b3lyp/6-311G** em=gd3bj
energy: M062X/6-311G+(2d, p) em=gd3"
261,c-c19+c-b4+c-b60+c-b76,C=CCC[P+](CCCC)(CCCO)COC,tetraphosphonium ,-1003.6792895,0.333007,0.407181,653.168424,-0.38339,-0.12807,3.5998,-1003.3462825,-1003.2721085,6.944704,Gaussian,QC,"opt+freq: b3lyp/6-311G** em=gd3bj
energy: M062X/6-311G+(2d, p) em=gd3"
262,c-c19+c-b10+c-b58+c-b79,CCCC[P+](CCC)(CCCCO)CCC(=O)O,tetraphosphonium ,-1118.2952028,0.364472,0.443247,693.690464,-0.39316,-0.12977,3.4129,-1117.9307308,-1117.8519558,7.164208,Gaussian,QC,"opt+freq: b3lyp/6-311G** em=gd3bj
energy: M062X/6-311G+(2d, p) em=gd3"
263,c-c19+c-b6+c-b10+c-b28,C=CCCC[P+](CCC)(CCCC)CCCN,tetraphosphonium ,-987.2240186,0.395889,0.472341,673.2348880000001,-0.3557,-0.11295,2.772,-986.8281296,-986.7516776,6.6028,Gaussian,QC,"opt+freq: b3lyp/6-311G** em=gd3bj
energy: M062X/6-311G+(2d, p) em=gd3"
264,c-c19+c-b10+c-b13+c-b28,C=CCCC[P+](CCC)(CCCC)CCCC#N,tetraphosphonium ,-1024.1052162,0.375146,0.454405,697.9581440000001,-0.36741,-0.12683,6.5169,-1023.7300702,-1023.6508112,6.543776,Gaussian,QC,"opt+freq: b3lyp/6-311G** em=gd3bj
energy: M062X/6-311G+(2d, p) em=gd3"
265,c-c19+c-b10+c-b30+c-b79,CCCCC[P+](CCC)(CCCC)CCCCO,tetraphosphonium ,-1047.6257809,0.430514,0.512062,718.112472,-0.37499,-0.11245,3.5952,-1047.1952669,-1047.1137189,7.141088,Gaussian,QC,"opt+freq: b3lyp/6-311G** em=gd3bj
energy: M062X/6-311G+(2d, p) em=gd3"
266,c-c19+c-b58+c-b79+c-b81,CCCC[P+](CCCC)(CCCCO)CCC(=O)O,tetraphosphonium ,-1157.6008351,0.390297,0.47224,721.585192,-0.39174,-0.12915,2.812,-1157.2105381,-1157.1285951,7.142448,Gaussian,QC,"opt+freq: b3lyp/6-311G** em=gd3bj
energy: M062X/6-311G+(2d, p) em=gd3"
267,c-c19+c-b13+c-b80+c-b81,CCCC[P+](CCCC)(CCCC#N)CC(C)C,tetraphosphonium ,-1025.3401322,0.398217,0.477316,696.5439520000001,-0.4426,-0.12409,4.8724,-1024.9419152,-1024.8628162,8.663471999999999,Gaussian,QC,"opt+freq: b3lyp/6-311G** em=gd3bj
energy: M062X/6-311G+(2d, p) em=gd3"
268,c-c19+c-b11+c-b44+c-b81,CCCC[P+](CCCC)(CCCC(C)C)CC(F)(F)F,tetraphosphonium ,-1270.1504773,0.399981,0.485011,748.7728240000001,-0.43109,-0.12749,4.9758,-1269.7504963,-1269.6654663,8.257919999999999,Gaussian,QC,"opt+freq: b3lyp/6-311G** em=gd3bj
energy: M062X/6-311G+(2d, p) em=gd3"
269,c-c124+c-b27,CCCC[P+](CCCC)(CCCC)CCC(C)C#N,tetraphosphonium ,-1064.6426544,0.425093,0.506478,716.673176,-0.43246,-0.12172,6.9598,-1064.2175614,-1064.1361764,8.452128,Gaussian,QC,"opt+freq: b3lyp/6-311G** em=gd3bj
energy: M062X/6-311G+(2d, p) em=gd3"
270,c-c19+c-b8+c-b28+c-b76,C=CCCC[P+](CCC#CC)(CCCC)COC,tetraphosphonium ,-1043.9179327,0.358853,0.441469,727.509736,-0.36449,-0.11969,3.1925,-1043.5590797,-1043.4764637,6.658559999999999,Gaussian,QC,"opt+freq: b3lyp/6-311G** em=gd3bj
energy: M062X/6-311G+(2d, p) em=gd3"
271,c-c19+c-b4+c-b58+c-b73,CCCC[P+](CCCO)(CCC(=O)O)CCC(C)C,tetraphosphonium ,-1157.5976896,0.391009,0.47166,710.2172640000001,-0.40762,-0.13354,4.9887,-1157.2066806,-1157.1260296,7.454975999999999,Gaussian,QC,"opt+freq: b3lyp/6-311G** em=gd3bj
energy: M062X/6-311G+(2d, p) em=gd3"
272,c-c19+c-b10+c-b36+c-b39,CCCC[P+](CCC)(CCOC)Cc1ccccc1,tetraphosphonium ,-1082.1066801,0.370851,0.449988,696.8744879999999,-0.37172,-0.14163,1.6268,-1081.7358291,-1081.6566921,6.258448,Gaussian,QC,"opt+freq: b3lyp/6-311G** em=gd3bj
energy: M062X/6-311G+(2d, p) em=gd3"
273,c-c19+c-b4+c-b30+c-b81,CCCCC[P+](CCCC)(CCCC)CCCO,tetraphosphonium ,-1047.627482,0.43115,0.512135,713.150248,-0.39534,-0.11239,1.8879,-1047.196332,-1047.115347,7.69624,Gaussian,QC,"opt+freq: b3lyp/6-311G** em=gd3bj
energy: M062X/6-311G+(2d, p) em=gd3"
274,c-c19+c-b43+c-b73+c-b78,CCCCCC[P+](CCC#N)(CCCC)CCC(C)C,tetraphosphonium ,-1103.9485372,0.449669,0.535148,752.72252,-0.42501,-0.12681,5.0593,-1103.4988682,-1103.4133892,8.111040000000001,Gaussian,QC,"opt+freq: b3lyp/6-311G** em=gd3bj
energy: M062X/6-311G+(2d, p) em=gd3"
275,c-c19+c-b10+c-b13+c-b30,CCCCC[P+](CCC)(CCCC)CCCC#N,tetraphosphonium ,-1025.3359444,0.398417,0.477827,699.284472,-0.43327,-0.12618,6.5301,-1024.9375274,-1024.8581174,8.352848,Gaussian,QC,"opt+freq: b3lyp/6-311G** em=gd3bj
energy: M062X/6-311G+(2d, p) em=gd3"
276,c-c19+c-b36+c-b39+c-b43,CCCC[P+](CCC#N)(CCOC)Cc1ccccc1,tetraphosphonium ,-1135.0429384,0.34355,0.421708,688.2554480000001,-0.36492,-0.13693,3.9672,-1134.6993884,-1134.6212304,6.201328,Gaussian,QC,"opt+freq: b3lyp/6-311G** em=gd3bj
energy: M062X/6-311G+(2d, p) em=gd3"
277,c-c19+c-b30+c-b37+c-b76,CCCCC[P+](CCCC)(CCC(C)O)COC,tetraphosphonium ,-1083.5311138,0.407922,0.488255,707.4056160000001,-0.38853,-0.11782,4.455,-1083.1231918,-1083.0428588,7.363312,Gaussian,QC,"opt+freq: b3lyp/6-311G** em=gd3bj
energy: M062X/6-311G+(2d, p) em=gd3"
278,c-c19+c-b43+c-b60+c-b71,C=CCC[P+](CCC#N)(CCCC)CCCCCCC,tetraphosphonium ,-1102.7164178,0.425146,0.512436,768.6635600000001,-0.39336,-0.13121,4.6241,-1102.2912718,-1102.2039818,7.130479999999999,Gaussian,QC,"opt+freq: b3lyp/6-311G** em=gd3bj
energy: M062X/6-311G+(2d, p) em=gd3"
279,c-c124+c-b9,CCCC[P+](CCCC)(CCCC)CCC(C)F,tetraphosphonium ,-1071.652168,0.419435,0.499106,701.57312,-0.4419,-0.11691,4.5732,-1071.232733,-1071.153062,8.839728,Gaussian,QC,"opt+freq: b3lyp/6-311G** em=gd3bj
energy: M062X/6-311G+(2d, p) em=gd3"
280,c-c19+c-b4+c-b8+c-b58,CC#CCC[P+](CCCC)(CCCO)CCC(=O)O,tetraphosphonium ,-1155.1311825,0.345077,0.425913,711.840656,-0.37257,-0.1266,3.1524,-1154.7861055,-1154.7052695,6.690384000000001,Gaussian,QC,"opt+freq: b3lyp/6-311G** em=gd3bj
energy: M062X/6-311G+(2d, p) em=gd3"
281,c-c19+c-b65+c-b74+c-b81,CCC#CCC[P+](CCCC)(CCCC)CC(C)=O,tetraphosphonium ,-1083.2737129,0.385202,0.470166,748.1912480000001,-0.38041,-0.16316,2.975,-1082.8885109,-1082.8035469,5.9092,Gaussian,QC,"opt+freq: b3lyp/6-311G** em=gd3bj
energy: M062X/6-311G+(2d, p) em=gd3"
282,c-c19+c-b10+c-b38+c-b76,C#CCC[P+](CCC)(CCCC)COC,tetraphosphonium ,-927.2175418,0.304575,0.377688,643.838104,-0.39884,-0.12495,2.2591,-926.9129668,-926.8398538,7.449807999999999,Gaussian,QC,"opt+freq: b3lyp/6-311G** em=gd3bj
energy: M062X/6-311G+(2d, p) em=gd3"
283,c-c19+c-b4+c-b28+c-b73,C=CCCC[P+](CCCC)(CCCO)CCC(C)C,tetraphosphonium ,-1085.7062825,0.434681,0.517241,727.020208,-0.366,-0.11171,2.4576,-1085.2716015,-1085.1890415,6.916688000000001,Gaussian,QC,"opt+freq: b3lyp/6-311G** em=gd3bj
energy: M062X/6-311G+(2d, p) em=gd3"
284,c-c19+c-b30+c-b45+c-b73,CCCCC[P+](CCCC)(CCC(C)C)CC(=O)O,tetraphosphonium ,-1121.6762001,0.410543,0.494003,734.94052,-0.4251,-0.15516,4.2116,-1121.2656571,-1121.1821971,7.342367999999999,Gaussian,QC,"opt+freq: b3lyp/6-311G** em=gd3bj
energy: M062X/6-311G+(2d, p) em=gd3"
285,c-c19+c-b13+c-b40+c-b60,C=CCC[P+](CCCC)(CCCC#N)CN(C)C,tetraphosphonium ,-1040.1338434,0.362821,0.442558,702.154696,-0.35749,-0.1307,5.0081,-1039.7710224,-1039.6912854,6.168687999999999,Gaussian,QC,"opt+freq: b3lyp/6-311G** em=gd3bj
energy: M062X/6-311G+(2d, p) em=gd3"
286,c-c19+c-b11+c-b13+c-b30,CCCCC[P+](CCCC)(CCCC#N)CC(F)(F)F,tetraphosphonium ,-1283.7816801,0.346014,0.428576,727.036944,-0.4365,-0.13127,5.0336,-1283.4356661,-1283.3531041,8.302256,Gaussian,QC,"opt+freq: b3lyp/6-311G** em=gd3bj
energy: M062X/6-311G+(2d, p) em=gd3"
287,c-c19+c-b37+c-b38+c-b43,C#CCC[P+](CCC#N)(CCCC)CCC(C)O,tetraphosphonium ,-1058.7864507,0.330449,0.40783,681.4229760000001,-0.40459,-0.12523,4.6689,-1058.4560017,-1058.3786207,7.598592,Gaussian,QC,"opt+freq: b3lyp/6-311G** em=gd3bj
energy: M062X/6-311G+(2d, p) em=gd3"
288,c-c19+c-b8+c-b11+c-b38,C#CCC[P+](CCC#CC)(CCCC)CC(F)(F)F,tetraphosphonium ,-1225.9130915,0.282998,0.363427,708.259152,-0.38969,-0.12889,4.771,-1225.6300935,-1225.5496645,7.093759999999999,Gaussian,QC,"opt+freq: b3lyp/6-311G** em=gd3bj
energy: M062X/6-311G+(2d, p) em=gd3"
289,c-c19+c-b8+c-b16+c-b60,C=CCC[P+](CCC#CC)(CCCC)CCCCC#N,tetraphosphonium ,-1100.2567477,0.37879,0.466096,768.8183680000001,-0.37793,-0.12815,4.5672,-1099.8779577,-1099.7906517,6.794016,Gaussian,QC,"opt+freq: b3lyp/6-311G** em=gd3bj
energy: M062X/6-311G+(2d, p) em=gd3"
290,c-c19+c-b28+c-b38+c-b47,C#CCC[P+](CCCC)(CCCC=C)CC(C)(C)C,tetraphosphonium ,-1047.3192201,0.407952,0.492392,743.567928,-0.36562,-0.11516,1.485,-1046.9112681,-1046.8268281,6.812512,Gaussian,QC,"opt+freq: b3lyp/6-311G** em=gd3bj
energy: M062X/6-311G+(2d, p) em=gd3"
291,c-c19+c-b30+c-b43+c-b78,CCCCCC[P+](CCC#N)(CCCC)CCCCC,tetraphosphonium ,-1103.9446652,0.449263,0.535634,760.5758880000001,-0.42431,-0.12674,4.7971,-1103.4954022,-1103.4090312,8.093904,Gaussian,QC,"opt+freq: b3lyp/6-311G** em=gd3bj
energy: M062X/6-311G+(2d, p) em=gd3"
292,c-c19+c-b41+c-b60+c-b76,C=CCC[P+](CCCC)(COC)CC1COC(C)(C)O1,tetraphosphonium ,-1195.6145385,0.389778,0.474911,749.676568,-0.36224,-0.11806,6.8871,-1195.2247605,-1195.1396275,6.641696,Gaussian,QC,"opt+freq: b3lyp/6-311G** em=gd3bj
energy: M062X/6-311G+(2d, p) em=gd3"
293,c-c19+c-b4+c-b30+c-b79,CCCCC[P+](CCCC)(CCCO)CCCCO,tetraphosphonium ,-1122.846236,0.434365,0.518242,738.62244,-0.37257,-0.10943,1.9535,-1122.411871,-1122.327994,7.157408000000001,Gaussian,QC,"opt+freq: b3lyp/6-311G** em=gd3bj
energy: M062X/6-311G+(2d, p) em=gd3"
294,c-c19+c-b8+c-b58+c-b79,CC#CCC[P+](CCCC)(CCCCO)CCC(=O)O,tetraphosphonium ,-1194.4322557,0.368929,0.45472,755.475592,-0.37313,-0.13151,1.6902,-1194.0633267,-1193.9775357,6.572064000000001,Gaussian,QC,"opt+freq: b3lyp/6-311G** em=gd3bj
energy: M062X/6-311G+(2d, p) em=gd3"
295,c-c19+c-b13+c-b28+c-b43,C=CCCC[P+](CCC#N)(CCCC)CCCC#N,tetraphosphonium ,-1077.0358699,0.346168,0.426175,704.54376,-0.37609,-0.13631,4.69,-1076.6897019,-1076.6096949,6.522016,Gaussian,QC,"opt+freq: b3lyp/6-311G** em=gd3bj
energy: M062X/6-311G+(2d, p) em=gd3"
296,c-c19+c-b38+c-b73+c-b78,C#CCC[P+](CCCC)(CCCCCC)CCC(C)C,tetraphosphonium ,-1087.8568635,0.458645,0.545775,767.266104,-0.40025,-0.11206,2.6431,-1087.3982185,-1087.3110885,7.838768,Gaussian,QC,"opt+freq: b3lyp/6-311G** em=gd3bj
energy: M062X/6-311G+(2d, p) em=gd3"
297,c-c19+c-b10+c-b39+c-b73,CCCC[P+](CCC)(CCOC)CCC(C)C,tetraphosphonium ,-1008.31621,0.404426,0.48213,684.259728,-0.39669,-0.11028,4.1584,-1007.911784,-1007.83408,7.790351999999999,Gaussian,QC,"opt+freq: b3lyp/6-311G** em=gd3bj
energy: M062X/6-311G+(2d, p) em=gd3"
298,c-c19+c-b4+c-b65+c-b79,CCC#CCC[P+](CCCC)(CCCO)CCCCO,tetraphosphonium ,-1159.6849351,0.414623,0.501212,762.4963440000001,-0.36794,-0.11384,4.565,-1159.2703121,-1159.1837231,6.911519999999999,Gaussian,QC,"opt+freq: b3lyp/6-311G** em=gd3bj
energy: M062X/6-311G+(2d, p) em=gd3"
299,c-c19+c-b10+c-b12+c-b28,C=CCCC[P+](CCC)(CCCC)CC(=O)C(C)(C)C,tetraphosphonium ,-1123.8139349,0.433307,0.521161,773.64252,-0.36242,-0.16141,3.7499,-1123.3806279,-1123.2927739,5.467472000000001,Gaussian,QC,"opt+freq: b3lyp/6-311G** em=gd3bj
energy: M062X/6-311G+(2d, p) em=gd3"
300,c-c124+c-b58,CCCC[P+](CCCC)(CCCC)CCCC(=O)O,tetraphosphonium ,-1121.6765801,0.413317,0.494772,717.292408,-0.38998,-0.11816,4.7264,-1121.2632631,-1121.1818081,7.393504,Gaussian,QC,"opt+freq: b3lyp/6-311G** em=gd3bj
energy: M062X/6-311G+(2d, p) em=gd3"
301,c-c19+c-b37+c-b43+c-b60,C=CCC[P+](CCC#N)(CCCC)CCC(C)O,tetraphosphonium ,-1060.021249,0.352529,0.430696,688.334944,-0.38951,-0.13175,5.6202,-1059.66872,-1059.590553,7.011072,Gaussian,QC,"opt+freq: b3lyp/6-311G** em=gd3bj
energy: M062X/6-311G+(2d, p) em=gd3"
302,c-c19+c-b4+c-b37+c-b60,C=CCC[P+](CCCC)(CCCO)CCC(C)O,tetraphosphonium ,-1082.318914,0.387977,0.465542,683.038,-0.3788,-0.12641,3.27,-1081.930937,-1081.853372,6.865008,Gaussian,QC,"opt+freq: b3lyp/6-311G** em=gd3bj
energy: M062X/6-311G+(2d, p) em=gd3"
303,c-c19+c-b4+c-b10+c-b78,CCCCCC[P+](CCC)(CCCC)CCCO,tetraphosphonium ,-1047.6273525,0.43092,0.512085,714.735984,-0.3951,-0.1139,3.6913,-1047.1964325,-1047.1152675,7.64864,Gaussian,QC,"opt+freq: b3lyp/6-311G** em=gd3bj
energy: M062X/6-311G+(2d, p) em=gd3"
304,c-c19+c-b37+c-b38+c-b73,C#CCC[P+](CCCC)(CCC(C)C)CCC(C)O,tetraphosphonium ,-1084.4653424,0.407754,0.492971,750.425504,-0.38763,-0.11465,3.5345,-1084.0575884,-1083.9723714,7.425056,Gaussian,QC,"opt+freq: b3lyp/6-311G** em=gd3bj
energy: M062X/6-311G+(2d, p) em=gd3"
305,c-c19+c-b4+c-b8+c-b73,CC#CCC[P+](CCCC)(CCCO)CCC(C)C,tetraphosphonium ,-1084.4726367,0.408529,0.49423,754.680632,-0.37645,-0.1115,1.7559,-1084.0641077,-1083.9784067,7.20664,Gaussian,QC,"opt+freq: b3lyp/6-311G** em=gd3bj
energy: M062X/6-311G+(2d, p) em=gd3"
306,c-c125+c-b11,CC[P+](CC)(CC)CCC(F)(F)F,tetraphosphonium ,-995.0269896,0.220399,0.282951,550.8277840000001,-0.48716,-0.12893,6.4056,-994.8065905999999,-994.7440386,9.743856,Gaussian,QC,"opt+freq: b3lyp/6-311G** em=gd3bj
energy: M062X/6-311G+(2d, p) em=gd3"
307,c-c19+c-b7+c-b39+c-b81,CCCC[P+](CCCC)(CCCC(C)CC)CCOC,tetraphosphonium ,-1126.2306154,0.481007,0.569347,777.9143839999999,-0.39749,-0.10254,2.2647,-1125.7496084,-1125.6612684,8.022639999999999,Gaussian,QC,"opt+freq: b3lyp/6-311G** em=gd3bj
energy: M062X/6-311G+(2d, p) em=gd3"
308,c-c19+c-b13+c-b28+c-b76,C=CCCC[P+](CCCC)(CCCC#N)COC,tetraphosphonium ,-1060.0080876,0.352704,0.431035,689.778424,-0.36822,-0.12777,3.3397,-1059.6553836,-1059.5770526,6.54024,Gaussian,QC,"opt+freq: b3lyp/6-311G** em=gd3bj
energy: M062X/6-311G+(2d, p) em=gd3"
309,c-c19+c-b16+c-b80+c-b81,CCCC[P+](CCCC)(CCCCC#N)CC(C)C,tetraphosphonium ,-1064.6560495,0.424546,0.506504,721.7232640000001,-0.43611,-0.10863,4.0364,-1064.2315035,-1064.1495455,8.907456,Gaussian,QC,"opt+freq: b3lyp/6-311G** em=gd3bj
energy: M062X/6-311G+(2d, p) em=gd3"
310,c-c19+c-b39+c-b65+c-b76,CCC#CCC[P+](CCCC)(CCOC)COC,tetraphosphonium ,-1081.0477671,0.359008,0.441716,728.3256160000001,-0.372,-0.1123,1.4641,-1080.6887591,-1080.6060511,7.063839999999999,Gaussian,QC,"opt+freq: b3lyp/6-311G** em=gd3bj
energy: M062X/6-311G+(2d, p) em=gd3"
311,c-c19+c-b16+c-b28+c-b43,C=CCCC[P+](CCC#N)(CCCC)CCCCC#N,tetraphosphonium ,-1116.3372287,0.370714,0.455274,744.639032,-0.38322,-0.13646,4.8465,-1115.9665147,-1115.8819547,6.711872,Gaussian,QC,"opt+freq: b3lyp/6-311G** em=gd3bj
energy: M062X/6-311G+(2d, p) em=gd3"
312,c-c19+c-b10+c-b43+c-b58,CCCC[P+](CCC)(CCC#N)CCC(=O)O,tetraphosphonium ,-1056.6867373,0.305842,0.379793,651.201944,-0.4221,-0.15054,1.5689,-1056.3808953,-1056.3069443,7.386431999999999,Gaussian,QC,"opt+freq: b3lyp/6-311G** em=gd3bj
energy: M062X/6-311G+(2d, p) em=gd3"
313,c-c19+c-b28+c-b60+c-b76,C=CCCC[P+](CCC=C)(CCCC)COC,tetraphosphonium ,-1005.8434161,0.357203,0.435491,689.4018639999999,-0.3658,-0.12668,3.278,-1005.4862131,-1005.4079251,6.504064000000001,Gaussian,QC,"opt+freq: b3lyp/6-311G** em=gd3bj
energy: M062X/6-311G+(2d, p) em=gd3"
314,c-c19+c-b38+c-b44+c-b47,C#CCC[P+](CCCC)(CCCC(C)C)CC(C)(C)C,tetraphosphonium ,-1087.8575615,0.45838,0.544465,758.05712,-0.39749,-0.11389,2.8515,-1087.3991815,-1087.3130965,7.71392,Gaussian,QC,"opt+freq: b3lyp/6-311G** em=gd3bj
energy: M062X/6-311G+(2d, p) em=gd3"
315,c-c19+c-b38+c-b40+c-b79,C#CCC[P+](CCCC)(CCCCO)CN(C)C,tetraphosphonium ,-1061.1794237,0.374046,0.453789,702.2132720000001,-0.35164,-0.11576,1.6795,-1060.8053777,-1060.7256347,6.415936,Gaussian,QC,"opt+freq: b3lyp/6-311G** em=gd3bj
energy: M062X/6-311G+(2d, p) em=gd3"
316,c-c19+c-b45+c-b76+c-b83,CCCCCCC[P+](CCCC)(COC)CC(=O)O,tetraphosphonium ,-1157.5643826,0.386503,0.470917,743.346176,-0.4049,-0.14167,4.931,-1157.1778796,-1157.0934656,7.159855999999999,Gaussian,QC,"opt+freq: b3lyp/6-311G** em=gd3bj
energy: M062X/6-311G+(2d, p) em=gd3"
317,c-c19+c-b8+c-b16+c-b81,CC#CCC[P+](CCCC)(CCCC)CCCCC#N,tetraphosphonium ,-1101.4913206,0.403128,0.489541,760.9524480000001,-0.37422,-0.11581,3.826,-1101.0881926,-1101.0017796,7.028752000000001,Gaussian,QC,"opt+freq: b3lyp/6-311G** em=gd3bj
energy: M062X/6-311G+(2d, p) em=gd3"
318,c-c19+c-b16+c-b39+c-b76,CCCC[P+](CCCCC#N)(CCOC)COC,tetraphosphonium ,-1097.1350753,0.350426,0.431009,709.618952,-0.39284,-0.12143,5.1508,-1096.7846493,-1096.7040663,7.382352000000001,Gaussian,QC,"opt+freq: b3lyp/6-311G** em=gd3bj
energy: M062X/6-311G+(2d, p) em=gd3"
319,c-c19+c-b71+c-b76+c-b79,CCCCCCC[P+](CCCC)(CCCCO)COC,tetraphosphonium ,-1162.1328877,0.457738,0.546427,780.9979920000001,-0.37805,-0.11517,4.667,-1161.6751497,-1161.5864607,7.150336,Gaussian,QC,"opt+freq: b3lyp/6-311G** em=gd3bj
energy: M062X/6-311G+(2d, p) em=gd3"
320,c-c19+c-b4+c-b39+c-b73,CCCC[P+](CCCO)(CCOC)CCC(C)C,tetraphosphonium ,-1083.5384446,0.408474,0.488321,703.1379360000001,-0.392,-0.10675,4.632,-1083.1299706,-1083.0501236,7.7588,Gaussian,QC,"opt+freq: b3lyp/6-311G** em=gd3bj
energy: M062X/6-311G+(2d, p) em=gd3"
321,c-c19+c-b11+c-b13+c-b81,CCCC[P+](CCCC)(CCCC#N)CC(F)(F)F,tetraphosphonium ,-1244.4766319,0.320739,0.399571,694.184176,-0.45314,-0.13254,5.1419,-1244.1558929,-1244.0770609,8.72032,Gaussian,QC,"opt+freq: b3lyp/6-311G** em=gd3bj
energy: M062X/6-311G+(2d, p) em=gd3"
322,c-c19+c-b36+c-b43+c-b80,CCCC[P+](CCC#N)(Cc1ccccc1)CC(C)C,tetraphosphonium ,-1099.1428323,0.366715,0.444697,686.711552,-0.3655,-0.13807,5.8214,-1098.7761173,-1098.6981353,6.186096,Gaussian,QC,"opt+freq: b3lyp/6-311G** em=gd3bj
energy: M062X/6-311G+(2d, p) em=gd3"
323,c-c19+c-b10+c-b71+c-b81,CCCCCCC[P+](CCC)(CCCC)CCCC,tetraphosphonium ,-1051.0177002,0.479246,0.563991,746.266608,-0.40873,-0.11333,5.4859,-1050.5384542,-1050.4537092,8.03488,Gaussian,QC,"opt+freq: b3lyp/6-311G** em=gd3bj
energy: M062X/6-311G+(2d, p) em=gd3"
324,c-c19+c-b40+c-b60+c-b81,C=CCC[P+](CCCC)(CCCC)CN(C)C,tetraphosphonium ,-987.2019117,0.391689,0.470691,695.690416,-0.3555,-0.12271,1.3954,-986.8102226999999,-986.7312207,6.331888,Gaussian,QC,"opt+freq: b3lyp/6-311G** em=gd3bj
energy: M062X/6-311G+(2d, p) em=gd3"
325,c-c19+c-b8+c-b60+c-b81,C=CCC[P+](CCC#CC)(CCCC)CCCC,tetraphosphonium ,-1008.0222182,0.383172,0.465042,720.9492240000001,-0.37949,-0.11939,1.8204,-1007.6390462,-1007.5571762,7.07472,Gaussian,QC,"opt+freq: b3lyp/6-311G** em=gd3bj
energy: M062X/6-311G+(2d, p) em=gd3"
326,c-c125+c-b31,CC[P+](CC)(CC)CCCCC(F)(F)F,tetraphosphonium ,-1073.6407828,0.27204,0.340988,607.156976,-0.46607,-0.12286,9.1552,-1073.3687428,-1073.2997948,9.335312,Gaussian,QC,"opt+freq: b3lyp/6-311G** em=gd3bj
energy: M062X/6-311G+(2d, p) em=gd3"
327,c-c19+c-b43+c-b58+c-b73,CCCC[P+](CCC#N)(CCC(=O)O)CCC(C)C,tetraphosphonium ,-1135.3086715,0.358192,0.437098,694.8494320000001,-0.42084,-0.13436,4.0829,-1134.9504795,-1134.8715735,7.792255999999998,Gaussian,QC,"opt+freq: b3lyp/6-311G** em=gd3bj
energy: M062X/6-311G+(2d, p) em=gd3"
328,c-c19+c-b10+c-b43+c-b46,CCCC[P+](CCC)(CCC#N)Cc1ccc(C)cc1,tetraphosphonium ,-1099.148173,0.36381,0.444612,711.543592,-0.35636,-0.1394,5.8468,-1098.784363,-1098.703561,5.901312,Gaussian,QC,"opt+freq: b3lyp/6-311G** em=gd3bj
energy: M062X/6-311G+(2d, p) em=gd3"
329,c-c19+c-b28+c-b30+c-b81,C=CCCC[P+](CCCC)(CCCC)CCCCC,tetraphosphonium ,-1049.7873856,0.456413,0.540535,740.781384,-0.3658,-0.11277,3.3907,-1049.3309726,-1049.2468506,6.882416000000001,Gaussian,QC,"opt+freq: b3lyp/6-311G** em=gd3bj
energy: M062X/6-311G+(2d, p) em=gd3"
330,c-c19+c-b10+c-b79+c-b81,CCCC[P+](CCC)(CCCC)CCCCO,tetraphosphonium ,-1008.321068,0.405262,0.483094,685.38104,-0.37568,-0.11276,3.4674,-1007.915806,-1007.837974,7.151424000000001,Gaussian,QC,"opt+freq: b3lyp/6-311G** em=gd3bj
energy: M062X/6-311G+(2d, p) em=gd3"
331,c-c19+c-b7+c-b10+c-b28,C=CCCC[P+](CCC)(CCCC)CCCC(C)CC,tetraphosphonium ,-1089.0966134,0.480574,0.568997,778.6424,-0.36996,-0.11364,4.36,-1088.6160394,-1088.5276164,6.971903999999999,Gaussian,QC,"opt+freq: b3lyp/6-311G** em=gd3bj
energy: M062X/6-311G+(2d, p) em=gd3"
332,c-c19+c-b45+c-b65+c-b76,CCC#CCC[P+](CCCC)(COC)CC(=O)O,tetraphosphonium ,-1115.7996054,0.315437,0.395601,705.920296,-0.37733,-0.13724,2.5415,-1115.4841684,-1115.4040044,6.530448,Gaussian,QC,"opt+freq: b3lyp/6-311G** em=gd3bj
energy: M062X/6-311G+(2d, p) em=gd3"
333,c-c19+c-b13+c-b47+c-b60,C=CCC[P+](CCCC)(CCCC#N)CC(C)(C)C,tetraphosphonium ,-1063.4094683,0.402245,0.482575,707.38888,-0.38684,-0.12464,3.4845,-1063.0072233,-1062.9268933,7.13184,Gaussian,QC,"opt+freq: b3lyp/6-311G** em=gd3bj
energy: M062X/6-311G+(2d, p) em=gd3"
334,c-c19+c-b43+c-b65+c-b79,CCC#CCC[P+](CCC#N)(CCCC)CCCCO,tetraphosphonium ,-1137.3916663,0.381238,0.466701,752.5844480000001,-0.37788,-0.13447,3.8304,-1137.0104283,-1136.9249653,6.620752,Gaussian,QC,"opt+freq: b3lyp/6-311G** em=gd3bj
energy: M062X/6-311G+(2d, p) em=gd3"
335,c-c19+c-b45+c-b80+c-b81,CCCC[P+](CCCC)(CC(=O)O)CC(C)C,tetraphosphonium ,-1043.0652851,0.360065,0.436125,669.778904,-0.42348,-0.15467,2.8133,-1042.7052201,-1042.6291601,7.311631999999999,Gaussian,QC,"opt+freq: b3lyp/6-311G** em=gd3bj
energy: M062X/6-311G+(2d, p) em=gd3"
336,c-c19+c-b13+c-b28+c-b81,C=CCCC[P+](CCCC)(CCCC)CCCC#N,tetraphosphonium ,-1063.4142615,0.401879,0.483384,717.7359120000001,-0.37117,-0.12271,5.6798,-1063.0123825,-1062.9308775,6.758112000000001,Gaussian,QC,"opt+freq: b3lyp/6-311G** em=gd3bj
energy: M062X/6-311G+(2d, p) em=gd3"
337,c-c19+c-b4+c-b10+c-b45,CCCC[P+](CCC)(CCCO)CC(=O)O,tetraphosphonium ,-1039.6758843,0.313046,0.385123,634.7086160000001,-0.40389,-0.13707,2.4204,-1039.3628383,-1039.2907613,7.257504000000002,Gaussian,QC,"opt+freq: b3lyp/6-311G** em=gd3bj
energy: M062X/6-311G+(2d, p) em=gd3"
338,c-c19+c-b13+c-b37+c-b47,CCCC[P+](CCCC#N)(CCC(C)O)CC(C)(C)C,tetraphosphonium ,-1139.870729,0.42596,0.51088,747.80632,-0.37781,-0.12053,3.9972,-1139.444769,-1139.359849,6.998015999999999,Gaussian,QC,"opt+freq: b3lyp/6-311G** em=gd3bj
energy: M062X/6-311G+(2d, p) em=gd3"
339,c-c124+c-b38,C#CCCC[P+](CCCC)(CCCC)CCCC,tetraphosphonium ,-1009.2418953,0.409169,0.488302,696.8368320000001,-0.38265,-0.11325,2.8168,-1008.8327263,-1008.7535933,7.327679999999999,Gaussian,QC,"opt+freq: b3lyp/6-311G** em=gd3bj
energy: M062X/6-311G+(2d, p) em=gd3"
340,c-c19+c-b4+c-b65+c-b81,CCC#CCC[P+](CCCC)(CCCC)CCCO,tetraphosphonium ,-1084.4685039,0.411421,0.494939,735.459336,-0.38213,-0.11893,3.7082,-1084.0570829,-1083.9735649,7.159040000000001,Gaussian,QC,"opt+freq: b3lyp/6-311G** em=gd3bj
energy: M062X/6-311G+(2d, p) em=gd3"
341,c-c19+c-b10+c-b44+c-b58,CCCC[P+](CCC)(CCCC(C)C)CCC(=O)O,tetraphosphonium ,-1121.6854183,0.410258,0.494135,738.62244,-0.41732,-0.13302,4.0979,-1121.2751603,-1121.1912833,7.732959999999999,Gaussian,QC,"opt+freq: b3lyp/6-311G** em=gd3bj
energy: M062X/6-311G+(2d, p) em=gd3"
342,c-c19+c-b37+c-b38+c-b78,C#CCC[P+](CCCC)(CCCCCC)CCC(C)O,tetraphosphonium ,-1123.780087,0.435874,0.522835,765.7766,-0.39502,-0.10442,2.8763,-1123.344213,-1123.257252,7.904319999999999,Gaussian,QC,"opt+freq: b3lyp/6-311G** em=gd3bj
energy: M062X/6-311G+(2d, p) em=gd3"
343,c-c19+c-b10+c-b22+c-b81,CCCC[P+](CCC)(CCCC)Cc1ccc(Cl)cc1,tetraphosphonium ,-1505.8093686,0.384478,0.465274,711.4850160000001,-0.35771,-0.14705,7.53,-1505.4248906,-1505.3440946,5.729951999999999,Gaussian,QC,"opt+freq: b3lyp/6-311G** em=gd3bj
energy: M062X/6-311G+(2d, p) em=gd3"
344,c-c19+c-b4+c-b10+c-b37,CCCC[P+](CCC)(CCCO)CCC(C)O,tetraphosphonium ,-1044.2446436,0.38563,0.460015,655.034488,-0.37995,-0.11534,3.9664,-1043.8590136,-1043.7846286,7.197392,Gaussian,QC,"opt+freq: b3lyp/6-311G** em=gd3bj
energy: M062X/6-311G+(2d, p) em=gd3"
345,c-c19+c-b28+c-b37+c-b81,C=CCCC[P+](CCCC)(CCCC)CCC(C)O,tetraphosphonium ,-1085.7054436,0.434155,0.516985,729.3967200000001,-0.36709,-0.11313,3.9573,-1085.2712886,-1085.1884586,6.907712,Gaussian,QC,"opt+freq: b3lyp/6-311G** em=gd3bj
energy: M062X/6-311G+(2d, p) em=gd3"
346,c-c19+c-b44+c-b47+c-b81,CCCC[P+](CCCC)(CCCC(C)C)CC(C)(C)C,tetraphosphonium ,-1090.3312552,0.503848,0.591146,768.743056,-0.41939,-0.10677,3.096,-1089.8274072,-1089.7401092,8.503264,Gaussian,QC,"opt+freq: b3lyp/6-311G** em=gd3bj
energy: M062X/6-311G+(2d, p) em=gd3"
347,c-c19+c-b40+c-b43+c-b81,CCCC[P+](CCC#N)(CCCC)CN(C)C,tetraphosphonium ,-1002.0545396,0.360225,0.436695,673.389696,-0.36281,-0.12942,5.0509,-1001.6943146,-1001.6178446,6.348208000000001,Gaussian,QC,"opt+freq: b3lyp/6-311G** em=gd3bj
energy: M062X/6-311G+(2d, p) em=gd3"
348,c-c19+c-b10+c-b71+c-b76,CCCCCCC[P+](CCC)(CCCC)COC,tetraphosphonium ,-1047.6083327,0.428333,0.511258,730.237704,-0.4071,-0.1188,5.8318,-1047.1799997,-1047.0970747,7.84176,Gaussian,QC,"opt+freq: b3lyp/6-311G** em=gd3bj
energy: M062X/6-311G+(2d, p) em=gd3"
349,c-c19+c-b10+c-b11+c-b45,CCCC[P+](CCC)(CC(=O)O)CC(F)(F)F,tetraphosphonium ,-1222.8869225,0.256476,0.328929,638.0223440000001,-0.42688,-0.14632,6.3209,-1222.6304465,-1222.5579935,7.631231999999999,Gaussian,QC,"opt+freq: b3lyp/6-311G** em=gd3bj
energy: M062X/6-311G+(2d, p) em=gd3"
350,c-c19+c-b10+c-b27+c-b28,C=CCCC[P+](CCC)(CCCC)CC(C)C#N,tetraphosphonium ,-1024.0993986,0.374842,0.453976,696.849384,-0.3746,-0.1294,6.1474,-1023.7245566,-1023.6454226,6.66944,Gaussian,QC,"opt+freq: b3lyp/6-311G** em=gd3bj
energy: M062X/6-311G+(2d, p) em=gd3"
351,c-c19+c-b6+c-b16+c-b38,C#CCC[P+](CCCC)(CCCN)CCCCC#N,tetraphosphonium ,-1078.2174684,0.368628,0.450131,717.714992,-0.37471,-0.12043,6.4671,-1077.8488404,-1077.7673374,6.916416,Gaussian,QC,"opt+freq: b3lyp/6-311G** em=gd3bj
energy: M062X/6-311G+(2d, p) em=gd3"
352,c-c19+c-b10+c-b13+c-b73,CCCC[P+](CCC)(CCCC#N)CCC(C)C,tetraphosphonium ,-1025.3404951,0.397194,0.477102,703.660936,-0.43598,-0.12695,5.7943,-1024.9433011,-1024.8633931,8.405615999999998,Gaussian,QC,"opt+freq: b3lyp/6-311G** em=gd3bj
energy: M062X/6-311G+(2d, p) em=gd3"
353,c-c19+c-b28+c-b47+c-b81,C=CCCC[P+](CCCC)(CCCC)CC(C)(C)C,tetraphosphonium ,-1049.792828,0.45551,0.539301,737.8609520000001,-0.36569,-0.1095,1.9815,-1049.337318,-1049.253527,6.968368000000001,Gaussian,QC,"opt+freq: b3lyp/6-311G** em=gd3bj
energy: M062X/6-311G+(2d, p) em=gd3"
354,c-c19+c-b28+c-b76+c-b81,C=CCCC[P+](CCCC)(CCCC)COC,tetraphosphonium ,-1007.073777,0.380206,0.458913,693.083784,-0.36532,-0.12001,3.0174,-1006.693571,-1006.614864,6.672431999999999,Gaussian,QC,"opt+freq: b3lyp/6-311G** em=gd3bj
energy: M062X/6-311G+(2d, p) em=gd3"
355,c-c19+c-b60+c-b78+c-b81,C=CCC[P+](CCCC)(CCCC)CCCCCC,tetraphosphonium ,-1049.7887535,0.45492,0.540691,755.291496,-0.38544,-0.1231,2.4943,-1049.3338335,-1049.2480625,7.135648000000001,Gaussian,QC,"opt+freq: b3lyp/6-311G** em=gd3bj
energy: M062X/6-311G+(2d, p) em=gd3"
356,c-c19+c-b10+c-b30+c-b51,CCCCC[P+](CCC)(CCCC)CC1CCCCC1,tetraphosphonium ,-1089.1294542,0.487279,0.571406,740.8232240000001,-0.40715,-0.11135,4.0963,-1088.6421752,-1088.5580482,8.04576,Gaussian,QC,"opt+freq: b3lyp/6-311G** em=gd3bj
energy: M062X/6-311G+(2d, p) em=gd3"
357,c-c19+c-b13+c-b45+c-b81,CCCC[P+](CCCC)(CCCC#N)CC(=O)O,tetraphosphonium ,-1096.0006938,0.332239,0.408659,672.950376,-0.42763,-0.14235,3.5705,-1095.6684548,-1095.5920348,7.759615999999999,Gaussian,QC,"opt+freq: b3lyp/6-311G** em=gd3bj
energy: M062X/6-311G+(2d, p) em=gd3"
358,c-c124+c-b19,CCCC[P+](CCCC)(CCCC)CCCCCF,tetraphosphonium ,-1110.9521052,0.445241,0.528927,736.932104,-0.42319,-0.11434,5.5179,-1110.5068642,-1110.4231782,8.40072,Gaussian,QC,"opt+freq: b3lyp/6-311G** em=gd3bj
energy: M062X/6-311G+(2d, p) em=gd3"
359,c-c19+c-b10+c-b37+c-b65,CCC#CCC[P+](CCC)(CCCC)CCC(C)O,tetraphosphonium ,-1084.478927,0.408523,0.494227,754.70992,-0.37234,-0.10575,1.305,-1084.070404,-1083.9847,7.251247999999999,Gaussian,QC,"opt+freq: b3lyp/6-311G** em=gd3bj
energy: M062X/6-311G+(2d, p) em=gd3"
360,c-c19+c-b13+c-b27+c-b81,CCCC[P+](CCCC)(CCCC#N)CC(C)C#N,tetraphosphonium ,-1078.2595298,0.367587,0.449363,720.116608,-0.43376,-0.13272,8.4807,-1077.8919428,-1077.8101668,8.188287999999998,Gaussian,QC,"opt+freq: b3lyp/6-311G** em=gd3bj
energy: M062X/6-311G+(2d, p) em=gd3"
361,c-c19+c-b30+c-b43+c-b79,CCCCC[P+](CCC#N)(CCCC)CCCCO,tetraphosphonium ,-1100.5529448,0.40131,0.483845,726.8068240000001,-0.37905,-0.12656,4.5982,-1100.1516348,-1100.0690998,6.867728,Gaussian,QC,"opt+freq: b3lyp/6-311G** em=gd3bj
energy: M062X/6-311G+(2d, p) em=gd3"
362,c-c19+c-b27+c-b28+c-b81,C=CCCC[P+](CCCC)(CCCC)CC(C)C#N,tetraphosphonium ,-1063.4046058,0.400539,0.482909,725.3466080000001,-0.37379,-0.12748,5.5324,-1063.0040668,-1062.9216968,6.699632,Gaussian,QC,"opt+freq: b3lyp/6-311G** em=gd3bj
energy: M062X/6-311G+(2d, p) em=gd3"
363,c-c19+c-b16+c-b29+c-b37,CCCC[P+](CCCCC#N)(CCC(C)O)CC(C)C,tetraphosphonium ,-1139.8750159,0.426856,0.511927,749.132648,-0.41243,-0.11596,5.058,-1139.4481599,-1139.3630889,8.063984,Gaussian,QC,"opt+freq: b3lyp/6-311G** em=gd3bj
energy: M062X/6-311G+(2d, p) em=gd3"
364,c-c19+c-b13+c-b43+c-b47,CCCC[P+](CCC#N)(CCCC#N)CC(C)(C)C,tetraphosphonium ,-1078.2661913,0.36862,0.448297,701.63588,-0.44081,-0.13471,6.3921,-1077.8975713,-1077.8178943,8.32592,Gaussian,QC,"opt+freq: b3lyp/6-311G** em=gd3bj
energy: M062X/6-311G+(2d, p) em=gd3"
365,c-c19+c-b6+c-b68+c-b81,CCCC[P+](CCCC)(CCCN)CCCCC(C)C,tetraphosphonium ,-1106.3698367,0.494201,0.58206,773.680176,-0.36248,-0.10781,4.8096,-1105.8756357,-1105.7877767,6.927024,Gaussian,QC,"opt+freq: b3lyp/6-311G** em=gd3bj
energy: M062X/6-311G+(2d, p) em=gd3"
366,c-c19+c-b11+c-b45+c-b81,CCCC[P+](CCCC)(CC(=O)O)CC(F)(F)F,tetraphosphonium ,-1262.1927623,0.282426,0.357897,664.599112,-0.42593,-0.14559,5.7136,-1261.9103363,-1261.8348653,7.625247999999999,Gaussian,QC,"opt+freq: b3lyp/6-311G** em=gd3bj
energy: M062X/6-311G+(2d, p) em=gd3"
367,c-c125+c-b68,CC[P+](CC)(CC)CCCCCC(C)C,tetraphosphonium ,-893.8029188,0.374182,0.447347,644.29416,-0.40514,-0.11651,7.9969,-893.4287368,-893.3555718,7.850735999999999,Gaussian,QC,"opt+freq: b3lyp/6-311G** em=gd3bj
energy: M062X/6-311G+(2d, p) em=gd3"
368,c-c19+c-b44+c-b60+c-b81,C=CCC[P+](CCCC)(CCCC)CCCC(C)C,tetraphosphonium ,-1049.792178,0.453211,0.539854,762.977504,-0.3843,-0.12232,2.1197,-1049.338967,-1049.252324,7.125856,Gaussian,QC,"opt+freq: b3lyp/6-311G** em=gd3bj
energy: M062X/6-311G+(2d, p) em=gd3"
369,c-c19+c-b8+c-b37+c-b79,CC#CCC[P+](CCCC)(CCCCO)CCC(C)O,tetraphosphonium ,-1159.6931397,0.410051,0.499837,790.646296,-0.36889,-0.11097,3.0958,-1159.2830887,-1159.1933027,7.015423999999999,Gaussian,QC,"opt+freq: b3lyp/6-311G** em=gd3bj
energy: M062X/6-311G+(2d, p) em=gd3"
370,c-c19+c-b10+c-b44+c-b73,CCCC[P+](CCC)(CCCC(C)C)CCC(C)C,tetraphosphonium ,-1051.0188581,0.475778,0.562714,765.563216,-0.42481,-0.11437,4.0811,-1050.5430801,-1050.4561441,8.443968000000002,Gaussian,QC,"opt+freq: b3lyp/6-311G** em=gd3bj
energy: M062X/6-311G+(2d, p) em=gd3"
371,c-c19+c-b16+c-b60+c-b79,C=CCC[P+](CCCC)(CCCCO)CCCCC#N,tetraphosphonium ,-1138.6408106,0.403987,0.489908,756.6220079999999,-0.38729,-0.12223,6.3527,-1138.2368236,-1138.1509026,7.209632,Gaussian,QC,"opt+freq: b3lyp/6-311G** em=gd3bj
energy: M062X/6-311G+(2d, p) em=gd3"
372,c-c19+c-b3+c-b10+c-b30,CCCCC[P+](CCC)(CCCC)CC1CCCC1,tetraphosphonium ,-1049.8194523,0.458592,0.542134,735.664352,-0.42141,-0.10518,3.5134,-1049.3608603,-1049.2773183,8.601456,Gaussian,QC,"opt+freq: b3lyp/6-311G** em=gd3bj
energy: M062X/6-311G+(2d, p) em=gd3"
373,c-c19+c-b10+c-b36+c-b73,CCCC[P+](CCC)(CCC(C)C)Cc1ccccc1,tetraphosphonium ,-1085.5242906,0.421005,0.501753,711.0624320000001,-0.37004,-0.13951,4.0349,-1085.1032856,-1085.0225376,6.270415999999999,Gaussian,QC,"opt+freq: b3lyp/6-311G** em=gd3bj
energy: M062X/6-311G+(2d, p) em=gd3"
374,c-c19+c-b10+c-b68+c-b81,CCCC[P+](CCC)(CCCC)CCCCC(C)C,tetraphosphonium ,-1051.0189117,0.478029,0.563334,751.2037280000001,-0.40842,-0.11296,5.7002,-1050.5408827,-1050.4555777,8.036512,Gaussian,QC,"opt+freq: b3lyp/6-311G** em=gd3bj
energy: M062X/6-311G+(2d, p) em=gd3"
375,c-c19+c-b28+c-b45+c-b79,C=CCCC[P+](CCCC)(CCCCO)CC(=O)O,tetraphosphonium ,-1156.3588003,0.365369,0.448428,731.4134080000001,-0.36818,-0.15048,2.8875,-1155.9934313,-1155.9103723,5.92144,Gaussian,QC,"opt+freq: b3lyp/6-311G** em=gd3bj
energy: M062X/6-311G+(2d, p) em=gd3"
376,c-c19+c-b39+c-b77+c-b81,CCCC[P+](CCCC)(CCOC)CCC(F)(F)F,tetraphosphonium ,-1266.7503686,0.352085,0.433356,715.669016,-0.38511,-0.12064,5.2893,-1266.3982836,-1266.3170126,7.193584,Gaussian,QC,"opt+freq: b3lyp/6-311G** em=gd3bj
energy: M062X/6-311G+(2d, p) em=gd3"
377,c-c19+c-b13+c-b16+c-b39,CCCC[P+](CCCC#N)(CCCCC#N)CCOC,tetraphosphonium ,-1153.4930738,0.375528,0.456111,709.602216,-0.40076,-0.11622,4.5427,-1153.1175458,-1153.0369628,7.739488000000001,Gaussian,QC,"opt+freq: b3lyp/6-311G** em=gd3bj
energy: M062X/6-311G+(2d, p) em=gd3"
378,c-c19+c-b13+c-b37+c-b38,C#CCC[P+](CCCC)(CCCC#N)CCC(C)O,tetraphosphonium ,-1098.0994424,0.356276,0.436825,709.309336,-0.40007,-0.12024,3.152,-1097.7431664,-1097.6626174,7.611375999999999,Gaussian,QC,"opt+freq: b3lyp/6-311G** em=gd3bj
energy: M062X/6-311G+(2d, p) em=gd3"
379,c-c19+c-b39+c-b41+c-b76,CCCC[P+](CCOC)(COC)CC1COC(C)(C)O1,tetraphosphonium ,-1232.7410569,0.389976,0.47518,750.304168,-0.37237,-0.11978,4.3809,-1232.3510809,-1232.2658769,6.870448,Gaussian,QC,"opt+freq: b3lyp/6-311G** em=gd3bj
energy: M062X/6-311G+(2d, p) em=gd3"
380,c-c19+c-b8+c-b38+c-b60,C#CCC[P+](CCC#CC)(CCC=C)CCCC,tetraphosphonium ,-1005.5489262,0.338454,0.418639,706.1043920000001,-0.38275,-0.1246,1.7358,-1005.2104722,-1005.1302872,7.02168,Gaussian,QC,"opt+freq: b3lyp/6-311G** em=gd3bj
energy: M062X/6-311G+(2d, p) em=gd3"
381,c-c19+c-b58+c-b60+c-b73,C=CCC[P+](CCCC)(CCC(=O)O)CCC(C)C,tetraphosphonium ,-1120.4516976,0.387809,0.470567,728.760752,-0.38325,-0.12872,2.5527,-1120.0638886,-1119.9811306,6.923215999999999,Gaussian,QC,"opt+freq: b3lyp/6-311G** em=gd3bj
energy: M062X/6-311G+(2d, p) em=gd3"
382,c-c19+c-b8+c-b13+c-b28,C=CCCC[P+](CCC#CC)(CCCC)CCCC#N,tetraphosphonium ,-1100.2590941,0.380022,0.465913,756.3626,-0.37019,-0.12201,5.6625,-1099.8790721,-1099.7931811,6.750496,Gaussian,QC,"opt+freq: b3lyp/6-311G** em=gd3bj
energy: M062X/6-311G+(2d, p) em=gd3"
383,c-c19+c-b45+c-b56+c-b76,CCCCCCCC[P+](CCCC)(COC)CC(=O)O,tetraphosphonium ,-1196.8690286,0.412414,0.499904,770.433392,-0.39531,-0.14141,6.3185,-1196.4566146,-1196.3691246,6.90608,Gaussian,QC,"opt+freq: b3lyp/6-311G** em=gd3bj
energy: M062X/6-311G+(2d, p) em=gd3"
384,c-c19+c-b28+c-b30+c-b60,C=CCCC[P+](CCC=C)(CCCC)CCCCC,tetraphosphonium ,-1048.5573135,0.433315,0.517055,737.413264,-0.3664,-0.12081,3.562,-1048.1239985,-1048.0402585,6.680048,Gaussian,QC,"opt+freq: b3lyp/6-311G** em=gd3bj
energy: M062X/6-311G+(2d, p) em=gd3"
385,c-c2+c-b37,CC[P+](CC)(CC)COCC(C)O,tetraphosphonium ,-887.0001398,0.273458,0.342373,606.859912,-0.37772,-0.12001,6.431,-886.7266818,-886.6577668000001,7.009711999999999,Gaussian,QC,"opt+freq: b3lyp/6-311G** em=gd3bj
energy: M062X/6-311G+(2d, p) em=gd3"
386,c-c19+c-b8+c-b10+c-b74,CC#CCC[P+](CCC)(CCCC)CC(C)=O,tetraphosphonium ,-1004.6640211,0.332821,0.412041,697.6108720000001,-0.3838,-0.16477,3.6196,-1004.3312001,-1004.2519801,5.957615999999999,Gaussian,QC,"opt+freq: b3lyp/6-311G** em=gd3bj
energy: M062X/6-311G+(2d, p) em=gd3"
387,c-c19+c-b4+c-b30+c-b39,CCCCC[P+](CCCC)(CCCO)CCOC,tetraphosphonium ,-1083.5319194,0.406594,0.48873,723.28808,-0.38661,-0.10864,2.7992,-1083.1253254,-1083.0431894,7.560784,Gaussian,QC,"opt+freq: b3lyp/6-311G** em=gd3bj
energy: M062X/6-311G+(2d, p) em=gd3"
388,c-c2+c-b74,CC[P+](CC)(CC)COC(C)=O,tetraphosphonium ,-846.508892,0.224666,0.289995,575.283264,-0.40877,-0.12855,6.397,-846.284226,-846.218897,7.621984,Gaussian,QC,"opt+freq: b3lyp/6-311G** em=gd3bj
energy: M062X/6-311G+(2d, p) em=gd3"
389,c-c19+c-b4+c-b16+c-b79,CCCC[P+](CCCO)(CCCCO)CCCCC#N,tetraphosphonium ,-1175.7760805,0.405205,0.490288,749.237248,-0.37993,-0.11416,6.4625,-1175.3708755,-1175.2857925,7.228944,Gaussian,QC,"opt+freq: b3lyp/6-311G** em=gd3bj
energy: M062X/6-311G+(2d, p) em=gd3"
390,c-c19+c-b6+c-b10+c-b60,C=CCC[P+](CCC)(CCCC)CCCN,tetraphosphonium ,-947.915784,0.36744,0.443159,666.7789760000001,-0.36021,-0.11779,0.962,-947.548344,-947.472625,6.593823999999999,Gaussian,QC,"opt+freq: b3lyp/6-311G** em=gd3bj
energy: M062X/6-311G+(2d, p) em=gd3"
391,c-c19+c-b6+c-b30+c-b80,CCCCC[P+](CCCC)(CCCN)CC(C)C,tetraphosphonium ,-1027.7609956,0.443024,0.524127,714.1920640000001,-0.36362,-0.10819,2.0407,-1027.3179716,-1027.2368686,6.947696,Gaussian,QC,"opt+freq: b3lyp/6-311G** em=gd3bj
energy: M062X/6-311G+(2d, p) em=gd3"
392,c-c19+c-b13+c-b47+c-b79,CCCC[P+](CCCC#N)(CCCCO)CC(C)(C)C,tetraphosphonium ,-1139.8736219,0.428523,0.51212,736.158064,-0.38726,-0.11211,2.9928,-1139.4450989,-1139.3615019,7.48408,Gaussian,QC,"opt+freq: b3lyp/6-311G** em=gd3bj
energy: M062X/6-311G+(2d, p) em=gd3"
393,c-c19+c-b16+c-b43+c-b79,CCCC[P+](CCC#N)(CCCCO)CCCCC#N,tetraphosphonium ,-1153.4801046,0.371445,0.455726,742.170472,-0.38176,-0.13353,4.567,-1153.1086596,-1153.0243786,6.751855999999999,Gaussian,QC,"opt+freq: b3lyp/6-311G** em=gd3bj
energy: M062X/6-311G+(2d, p) em=gd3"
394,c-c19+c-b45+c-b74+c-b81,CCCC[P+](CCCC)(CC(C)=O)CC(=O)O,tetraphosphonium ,-1077.7769179,0.313082,0.388968,668.255928,-0.40514,-0.16951,5.3677,-1077.4638359,-1077.3879499,6.409136,Gaussian,QC,"opt+freq: b3lyp/6-311G** em=gd3bj
energy: M062X/6-311G+(2d, p) em=gd3"
395,c-c19+c-b6+c-b60+c-b81,C=CCC[P+](CCCC)(CCCC)CCCN,tetraphosphonium ,-987.2238151,0.395665,0.472327,675.084216,-0.36082,-0.11578,1.1506,-986.8281501,-986.7514881000001,6.665087999999999,Gaussian,QC,"opt+freq: b3lyp/6-311G** em=gd3bj
energy: M062X/6-311G+(2d, p) em=gd3"
396,c-c19+c-b3+c-b30+c-b81,CCCCC[P+](CCCC)(CCCC)CC1CCCC1,tetraphosphonium ,-1089.1225177,0.484004,0.571238,768.1824,-0.42174,-0.10643,2.7029,-1088.6385137,-1088.5512797,8.576431999999999,Gaussian,QC,"opt+freq: b3lyp/6-311G** em=gd3bj
energy: M062X/6-311G+(2d, p) em=gd3"
397,c-c19+c-b8+c-b39+c-b81,CC#CCC[P+](CCCC)(CCCC)CCOC,tetraphosphonium ,-1045.1570387,0.380612,0.465155,744.48004,-0.37257,-0.1063,1.6266,-1044.7764267,-1044.6918837,7.242544,Gaussian,QC,"opt+freq: b3lyp/6-311G** em=gd3bj
energy: M062X/6-311G+(2d, p) em=gd3"
398,c-c19+c-b39+c-b73+c-b78,CCCCCC[P+](CCCC)(CCOC)CCC(C)C,tetraphosphonium ,-1126.221113,0.480334,0.568871,779.64656,-0.3807,-0.10979,3.7645,-1125.740779,-1125.652242,7.368752,Gaussian,QC,"opt+freq: b3lyp/6-311G** em=gd3bj
energy: M062X/6-311G+(2d, p) em=gd3"
399,c-c19+c-b29+c-b78+c-b81,CCCCCC[P+](CCCC)(CCCC)CC(C)C,tetraphosphonium ,-1051.0199698,0.478231,0.563329,749.3669520000001,-0.42025,-0.11112,3.2108,-1050.5417388,-1050.4566408,8.408336,Gaussian,QC,"opt+freq: b3lyp/6-311G** em=gd3bj
energy: M062X/6-311G+(2d, p) em=gd3"
400,c-c19+c-b38+c-b43+c-b72,C#CCC[P+](CCC#N)(CCCC)CCC(C)CC,tetraphosphonium ,-1062.1729161,0.377294,0.459666,725.371712,-0.4115,-0.12845,4.7837,-1061.7956221,-1061.7132501,7.698959999999999,Gaussian,QC,"opt+freq: b3lyp/6-311G** em=gd3bj
energy: M062X/6-311G+(2d, p) em=gd3"
401,c-c124+c-b45,CCCC[P+](CCCC)(CCCC)CCC(=O)O,tetraphosphonium ,-1082.3791374,0.386147,0.465983,703.024968,-0.42474,-0.13928,2.5723,-1081.9929904,-1081.9131544,7.764512000000001,Gaussian,QC,"opt+freq: b3lyp/6-311G** em=gd3bj
energy: M062X/6-311G+(2d, p) em=gd3"
402,c-c19+c-b19+c-b28+c-b30,C=CCCC[P+](CCCC)(CCCCC)CCCCF,tetraphosphonium ,-1149.0246522,0.447651,0.534458,764.4168,-0.37234,-0.11583,4.5525,-1148.5770012,-1148.4901942,6.977072000000001,Gaussian,QC,"opt+freq: b3lyp/6-311G** em=gd3bj
energy: M062X/6-311G+(2d, p) em=gd3"
403,c-c19+c-b28+c-b40+c-b76,C=CCCC[P+](CCCC)(COC)CN(C)C,tetraphosphonium ,-1023.0944845,0.368032,0.446976,695.184152,-0.3541,-0.12071,3.5488,-1022.7264525,-1022.6475085,6.348208000000001,Gaussian,QC,"opt+freq: b3lyp/6-311G** em=gd3bj
energy: M062X/6-311G+(2d, p) em=gd3"
404,c-c19+c-b10+c-b43+c-b78,CCCCCC[P+](CCC)(CCC#N)CCCC,tetraphosphonium ,-1025.334887,0.398101,0.477675,700.719584,-0.42062,-0.1294,7.725,-1024.936786,-1024.857212,7.921184000000001,Gaussian,QC,"opt+freq: b3lyp/6-311G** em=gd3bj
energy: M062X/6-311G+(2d, p) em=gd3"
405,c-c19+c-b30+c-b60+c-b73,C=CCC[P+](CCCC)(CCCCC)CCC(C)C,tetraphosphonium ,-1049.7915924,0.45309,0.539707,762.751568,-0.38399,-0.12087,2.3539,-1049.3385024,-1049.2518854,7.156864000000001,Gaussian,QC,"opt+freq: b3lyp/6-311G** em=gd3bj
energy: M062X/6-311G+(2d, p) em=gd3"
406,c-c19+c-b28+c-b73+c-b81,C=CCCC[P+](CCCC)(CCCC)CCC(C)C,tetraphosphonium ,-1049.7910423,0.456718,0.540041,733.739712,-0.36593,-0.1128,3.3464,-1049.3343243,-1049.2510013,6.885135999999999,Gaussian,QC,"opt+freq: b3lyp/6-311G** em=gd3bj
energy: M062X/6-311G+(2d, p) em=gd3"
407,c-c19+c-b6+c-b30+c-b79,CCCCC[P+](CCCC)(CCCN)CCCCO,tetraphosphonium ,-1102.9766699,0.446955,0.530787,738.22496,-0.36106,-0.10751,2.2011,-1102.5297149,-1102.4458829,6.89656,Gaussian,QC,"opt+freq: b3lyp/6-311G** em=gd3bj
energy: M062X/6-311G+(2d, p) em=gd3"
408,c-c19+c-b4+c-b39+c-b77,CCCC[P+](CCCO)(CCOC)CCC(F)(F)F,tetraphosphonium ,-1302.6672345,0.330129,0.410595,708.5771360000001,-0.3806,-0.11722,5.5052,-1302.3371055,-1302.2566395,7.163936,Gaussian,QC,"opt+freq: b3lyp/6-311G** em=gd3bj
energy: M062X/6-311G+(2d, p) em=gd3"
409,c-c19+c-b10+c-b16+c-b45,CCCC[P+](CCC)(CCCCC#N)CC(=O)O,tetraphosphonium ,-1095.9970283,0.330369,0.40867,689.5148320000001,-0.42388,-0.15703,6.2246,-1095.6666593,-1095.5883583,7.258319999999999,Gaussian,QC,"opt+freq: b3lyp/6-311G** em=gd3bj
energy: M062X/6-311G+(2d, p) em=gd3"
410,c-c19+c-b8+c-b13+c-b58,CC#CCC[P+](CCCC)(CCCC#N)CCC(=O)O,tetraphosphonium ,-1172.1445303,0.338175,0.420483,724.79432,-0.37761,-0.13235,6.1022,-1171.8063553,-1171.7240473,6.671072,Gaussian,QC,"opt+freq: b3lyp/6-311G** em=gd3bj
energy: M062X/6-311G+(2d, p) em=gd3"
411,c-c19+c-b6+c-b28+c-b30,C=CCCC[P+](CCCC)(CCCN)CCCCC,tetraphosphonium ,-1065.8333448,0.446685,0.530261,735.9656000000001,-0.36307,-0.10948,3.2213,-1065.3866598,-1065.3030838,6.897647999999999,Gaussian,QC,"opt+freq: b3lyp/6-311G** em=gd3bj
energy: M062X/6-311G+(2d, p) em=gd3"
412,c-c19+c-b8+c-b37+c-b73,CC#CCC[P+](CCCC)(CCC(C)C)CCC(C)O,tetraphosphonium ,-1123.7825136,0.431265,0.522172,800.5205360000001,-0.37993,-0.10598,3.4615,-1123.3512486,-1123.2603416,7.451439999999999,Gaussian,QC,"opt+freq: b3lyp/6-311G** em=gd3bj
energy: M062X/6-311G+(2d, p) em=gd3"
413,c-c19+c-b39+c-b78+c-b81,CCCCCC[P+](CCCC)(CCCC)CCOC,tetraphosphonium ,-1086.9248918,0.453913,0.5406,763.362432,-0.39574,-0.10443,2.8823,-1086.4709788,-1086.3842918,7.923631999999999,Gaussian,QC,"opt+freq: b3lyp/6-311G** em=gd3bj
energy: M062X/6-311G+(2d, p) em=gd3"
414,c-c2+c-b30,CCCCOC[P+](CC)(CC)CC,tetraphosphonium ,-851.0865965,0.297772,0.366067,601.4123440000001,-0.40252,-0.11676,4.5494,-850.7888245,-850.7205295,7.772672,Gaussian,QC,"opt+freq: b3lyp/6-311G** em=gd3bj
energy: M062X/6-311G+(2d, p) em=gd3"
415,c-c19+c-b13+c-b38+c-b47,C#CCC[P+](CCCC)(CCCC#N)CC(C)(C)C,tetraphosphonium ,-1062.1663591,0.379919,0.459133,697.552296,-0.39836,-0.12673,3.334,-1061.7864401,-1061.7072261,7.388335999999999,Gaussian,QC,"opt+freq: b3lyp/6-311G** em=gd3bj
energy: M062X/6-311G+(2d, p) em=gd3"
416,c-c19+c-b60+c-b65+c-b76,C=CCC[P+](CCC#CCC)(CCCC)COC,tetraphosphonium ,-1043.913144,0.358061,0.441713,736.643408,-0.36103,-0.12302,2.0757,-1043.555083,-1043.471431,6.473872,Gaussian,QC,"opt+freq: b3lyp/6-311G** em=gd3bj
energy: M062X/6-311G+(2d, p) em=gd3"
417,c-c19+c-b16+c-b37+c-b81,CCCC[P+](CCCC)(CCCCC#N)CCC(C)O,tetraphosphonium ,-1139.872067,0.428388,0.512471,740.4299280000001,-0.39299,-0.11517,4.9519,-1139.443679,-1139.359596,7.556704,Gaussian,QC,"opt+freq: b3lyp/6-311G** em=gd3bj
energy: M062X/6-311G+(2d, p) em=gd3"
418,c-c19+c-b10+c-b11+c-b79,CCCC[P+](CCC)(CCCCO)CC(F)(F)F,tetraphosphonium ,-1227.453039,0.326533,0.404687,688.217792,-0.39274,-0.12642,4.6989,-1227.126506,-1227.048352,7.243904,Gaussian,QC,"opt+freq: b3lyp/6-311G** em=gd3bj
energy: M062X/6-311G+(2d, p) em=gd3"
419,c-c19+c-b38+c-b45+c-b74,C#CCC[P+](CCCC)(CC(C)=O)CC(=O)O,tetraphosphonium ,-1075.3026315,0.266474,0.342181,666.674376,-0.3949,-0.17322,4.3403,-1075.0361575,-1074.9604505,6.029695999999999,Gaussian,QC,"opt+freq: b3lyp/6-311G** em=gd3bj
energy: M062X/6-311G+(2d, p) em=gd3"
420,c-c19+c-b16+c-b45+c-b60,C=CCC[P+](CCCC)(CCCCC#N)CC(=O)O,tetraphosphonium ,-1134.0728976,0.333488,0.414274,711.40552,-0.39524,-0.15911,6.3182,-1133.7394096,-1133.6586236,6.422736,Gaussian,QC,"opt+freq: b3lyp/6-311G** em=gd3bj
energy: M062X/6-311G+(2d, p) em=gd3"
421,c-c19+c-b37+c-b38+c-b44,C#CCC[P+](CCCC)(CCCC(C)C)CCC(C)O,tetraphosphonium ,-1123.7713969,0.434636,0.52201,769.412496,-0.38597,-0.11522,3.8601,-1123.3367609,-1123.2493869,7.3644,Gaussian,QC,"opt+freq: b3lyp/6-311G** em=gd3bj
energy: M062X/6-311G+(2d, p) em=gd3"
422,c-c19+c-b10+c-b28+c-b72,C=CCCC[P+](CCC)(CCCC)CCC(C)CC,tetraphosphonium ,-1049.7903026,0.453149,0.539725,762.383376,-0.3668,-0.10885,3.6711,-1049.3371536,-1049.2505776,7.01624,Gaussian,QC,"opt+freq: b3lyp/6-311G** em=gd3bj
energy: M062X/6-311G+(2d, p) em=gd3"
423,c-c19+c-b10+c-b19+c-b78,CCCCCC[P+](CCC)(CCCC)CCCCF,tetraphosphonium ,-1110.9503081,0.445014,0.528931,738.9738960000001,-0.4257,-0.11697,5.3485,-1110.5052941,-1110.4213771,8.397456,Gaussian,QC,"opt+freq: b3lyp/6-311G** em=gd3bj
energy: M062X/6-311G+(2d, p) em=gd3"
424,c-c19+c-b30+c-b36+c-b76,CCCCC[P+](CCCC)(COC)Cc1ccccc1,tetraphosphonium ,-1121.4147046,0.395567,0.478805,732.99496,-0.36677,-0.13985,2.5379,-1121.0191376,-1120.9358996,6.172223999999999,Gaussian,QC,"opt+freq: b3lyp/6-311G** em=gd3bj
energy: M062X/6-311G+(2d, p) em=gd3"
425,c-c19+c-b13+c-b19+c-b43,CCCC[P+](CCC#N)(CCCC#N)CCCCF,tetraphosphonium ,-1138.1956722,0.334351,0.414617,706.815672,-0.43794,-0.14179,7.0195,-1137.8613212,-1137.7810552,8.05528,Gaussian,QC,"opt+freq: b3lyp/6-311G** em=gd3bj
energy: M062X/6-311G+(2d, p) em=gd3"
426,c-c19+c-b8+c-b45+c-b58,CC#CCC[P+](CCCC)(CCC(=O)O)CC(=O)O,tetraphosphonium ,-1189.8840992,0.300412,0.379204,693.845272,-0.37512,-0.14435,0.3569,-1189.5836872,-1189.5048952,6.276944,Gaussian,QC,"opt+freq: b3lyp/6-311G** em=gd3bj
energy: M062X/6-311G+(2d, p) em=gd3"
427,c-c19+c-b6+c-b29+c-b81,CCCC[P+](CCCC)(CCCN)CC(C)C,tetraphosphonium ,-988.4564161,0.417962,0.495207,680.217984,-0.36417,-0.1085,1.2865,-988.0384541,-987.9612090999999,6.954224,Gaussian,QC,"opt+freq: b3lyp/6-311G** em=gd3bj
energy: M062X/6-311G+(2d, p) em=gd3"
428,c-c19+c-b4+c-b43+c-b72,CCCC[P+](CCC#N)(CCCO)CCC(C)CC,tetraphosphonium ,-1100.5621441,0.400229,0.483311,731.6142400000001,-0.40024,-0.12438,3.29,-1100.1619151,-1100.0788331,7.503392,Gaussian,QC,"opt+freq: b3lyp/6-311G** em=gd3bj
energy: M062X/6-311G+(2d, p) em=gd3"
429,c-c19+c-b7+c-b60+c-b81,C=CCC[P+](CCCC)(CCCC)CCCC(C)CC,tetraphosphonium ,-1089.097684,0.479648,0.568878,785.763568,-0.38328,-0.12183,2.7704,-1088.618036,-1088.528806,7.11144,Gaussian,QC,"opt+freq: b3lyp/6-311G** em=gd3bj
energy: M062X/6-311G+(2d, p) em=gd3"
430,c-c19+c-b18+c-b30+c-b38,C#CCC[P+](CCCC)(CCCCC)CC(=O)CC,tetraphosphonium ,-1083.2600991,0.386441,0.470144,737.0869120000001,-0.39156,-0.16227,2.487,-1082.8736581,-1082.7899551,6.236688,Gaussian,QC,"opt+freq: b3lyp/6-311G** em=gd3bj
energy: M062X/6-311G+(2d, p) em=gd3"
431,c-c19+c-b10+c-b30+c-b80,CCCCC[P+](CCC)(CCCC)CC(C)C,tetraphosphonium ,-972.410054,0.42679,0.505426,692.47292,-0.4338,-0.1136,3.1726,-971.983264,-971.9046279999999,8.70944,Gaussian,QC,"opt+freq: b3lyp/6-311G** em=gd3bj
energy: M062X/6-311G+(2d, p) em=gd3"
432,c-c19+c-b8+c-b30+c-b47,CC#CCC[P+](CCCC)(CCCCC)CC(C)(C)C,tetraphosphonium ,-1087.8666446,0.454982,0.545055,793.1776160000001,-0.3764,-0.10721,1.1466,-1087.4116626,-1087.3215896,7.321968000000001,Gaussian,QC,"opt+freq: b3lyp/6-311G** em=gd3bj
energy: M062X/6-311G+(2d, p) em=gd3"
433,c-c19+c-b47+c-b58+c-b81,CCCC[P+](CCCC)(CCC(=O)O)CC(C)(C)C,tetraphosphonium ,-1121.6730062,0.412444,0.493633,714.941,-0.40981,-0.1294,3.0265,-1121.2605622,-1121.1793732,7.627152000000001,Gaussian,QC,"opt+freq: b3lyp/6-311G** em=gd3bj
energy: M062X/6-311G+(2d, p) em=gd3"
434,c-c2+c-b39,CC[P+](CC)(CC)COCOC,tetraphosphonium ,-847.6882558,0.250914,0.314338,558.505424,-0.41278,-0.12404,2.875,-847.4373418,-847.3739178,7.853727999999999,Gaussian,QC,"opt+freq: b3lyp/6-311G** em=gd3bj
energy: M062X/6-311G+(2d, p) em=gd3"
435,c-c19+c-b28+c-b60+c-b65,C=CCCC[P+](CCC#CCC)(CCC=C)CCCC,tetraphosphonium ,-1085.3943654,0.411217,0.499692,779.1068240000001,-0.35865,-0.1241,3.2431,-1084.9831484,-1084.8946734,6.379760000000001,Gaussian,QC,"opt+freq: b3lyp/6-311G** em=gd3bj
energy: M062X/6-311G+(2d, p) em=gd3"
436,c-c19+c-b4+c-b6+c-b39,CCCC[P+](CCCN)(CCCO)CCOC,tetraphosphonium ,-1060.2819663,0.372679,0.449976,680.67404,-0.36647,-0.09186,3.0674,-1059.9092873,-1059.8319903,7.469392,Gaussian,QC,"opt+freq: b3lyp/6-311G** em=gd3bj
energy: M062X/6-311G+(2d, p) em=gd3"
437,c-c19+c-b6+c-b19+c-b81,CCCC[P+](CCCC)(CCCN)CCCCF,tetraphosphonium ,-1087.6917723,0.410118,0.48966,700.439256,-0.36688,-0.11279,4.1434,-1087.2816543,-1087.2021123,6.911248,Gaussian,QC,"opt+freq: b3lyp/6-311G** em=gd3bj
energy: M062X/6-311G+(2d, p) em=gd3"
438,c-c19+c-b11+c-b38+c-b39,C#CCC[P+](CCCC)(CCOC)CC(F)(F)F,tetraphosphonium ,-1224.9719502,0.281053,0.357473,672.950376,-0.39679,-0.12852,5.1114,-1224.6908972,-1224.6144772,7.296944,Gaussian,QC,"opt+freq: b3lyp/6-311G** em=gd3bj
energy: M062X/6-311G+(2d, p) em=gd3"
439,c-c2+c-b47,CC[P+](CC)(CC)COC(C)(C)C,tetraphosphonium ,-851.1003808,0.294946,0.364249,610.286608,-0.40422,-0.11272,3.9718,-850.8054348000001,-850.7361318000001,7.928800000000001,Gaussian,QC,"opt+freq: b3lyp/6-311G** em=gd3bj
energy: M062X/6-311G+(2d, p) em=gd3"
440,c-c19+c-b8+c-b76+c-b83,CC#CCC[P+](CCCC)(CCCCCCC)COC,tetraphosphonium ,-1123.7544655,0.432562,0.522828,794.880504,-0.37503,-0.11532,4.3326,-1123.3219035,-1123.2316375,7.064112,Gaussian,QC,"opt+freq: b3lyp/6-311G** em=gd3bj
energy: M062X/6-311G+(2d, p) em=gd3"
441,c-c19+c-b8+c-b10+c-b47,CC#CCC[P+](CCC)(CCCC)CC(C)(C)C,tetraphosphonium ,-1009.2562147,0.403784,0.487155,734.158112,-0.37788,-0.10804,1.4999,-1008.8524307,-1008.7690597,7.339647999999999,Gaussian,QC,"opt+freq: b3lyp/6-311G** em=gd3bj
energy: M062X/6-311G+(2d, p) em=gd3"
442,c-c19+c-b44+c-b58+c-b81,CCCC[P+](CCCC)(CCCC(C)C)CCC(=O)O,tetraphosphonium ,-1160.9806485,0.438352,0.523379,748.751904,-0.41077,-0.13712,2.0207,-1160.5422965,-1160.4572695,7.443280000000001,Gaussian,QC,"opt+freq: b3lyp/6-311G** em=gd3bj
energy: M062X/6-311G+(2d, p) em=gd3"
443,c-c19+c-b10+c-b28+c-b37,C=CCCC[P+](CCC)(CCCC)CCC(C)O,tetraphosphonium ,-1046.4003639,0.408298,0.488007,701.920392,-0.36785,-0.11507,4.696,-1045.9920659,-1045.9123569,6.875616,Gaussian,QC,"opt+freq: b3lyp/6-311G** em=gd3bj
energy: M062X/6-311G+(2d, p) em=gd3"
444,c-c19+c-b8+c-b30+c-b38,C#CCC[P+](CCC#CC)(CCCC)CCCCC,tetraphosphonium ,-1046.0844332,0.385592,0.470855,750.827168,-0.3731,-0.11621,1.5421,-1045.6988412,-1045.6135782,6.987408,Gaussian,QC,"opt+freq: b3lyp/6-311G** em=gd3bj
energy: M062X/6-311G+(2d, p) em=gd3"
445,c-c19+c-b4+c-b13+c-b81,CCCC[P+](CCCC)(CCCO)CCCC#N,tetraphosphonium ,-1061.2525946,0.377182,0.455147,686.5525600000001,-0.41666,-0.12378,6.6088,-1060.8754126,-1060.7974476,7.966335999999999,Gaussian,QC,"opt+freq: b3lyp/6-311G** em=gd3bj
energy: M062X/6-311G+(2d, p) em=gd3"
446,c-c19+c-b4+c-b30+c-b60,C=CCC[P+](CCCC)(CCCO)CCCCC,tetraphosphonium ,-1046.3974339,0.407973,0.488701,710.88252,-0.38211,-0.11965,2.1896,-1045.9894609,-1045.9087329,7.138912,Gaussian,QC,"opt+freq: b3lyp/6-311G** em=gd3bj
energy: M062X/6-311G+(2d, p) em=gd3"
447,c-c19+c-b30+c-b60+c-b76,C=CCC[P+](CCCC)(CCCCC)COC,tetraphosphonium ,-1007.0718947,0.379027,0.458685,701.46852,-0.37631,-0.1192,2.9153,-1006.6928677,-1006.6132097,6.993391999999998,Gaussian,QC,"opt+freq: b3lyp/6-311G** em=gd3bj
energy: M062X/6-311G+(2d, p) em=gd3"
448,c-c19+c-b6+c-b43+c-b60,C=CCC[P+](CCC#N)(CCCC)CCCN,tetraphosphonium ,-1000.8458181,0.340491,0.415083,656.854528,-0.36708,-0.12744,3.8684,-1000.5053271,-1000.4307351,6.518208,Gaussian,QC,"opt+freq: b3lyp/6-311G** em=gd3bj
energy: M062X/6-311G+(2d, p) em=gd3"
449,c-c19+c-b38+c-b68+c-b80,C#CCC[P+](CCCC)(CCCCC(C)C)CC(C)C,tetraphosphonium ,-1087.8537965,0.458298,0.545236,765.571584,-0.39882,-0.11425,3.9163,-1087.3954985,-1087.3085605,7.740303999999999,Gaussian,QC,"opt+freq: b3lyp/6-311G** em=gd3bj
energy: M062X/6-311G+(2d, p) em=gd3"
450,c-c19+c-b4+c-b65+c-b76,CCC#CCC[P+](CCCC)(CCCO)COC,tetraphosphonium ,-1081.0618701,0.359061,0.442305,733.049352,-0.37284,-0.11034,1.8796,-1080.7028091,-1080.6195651,7.14,Gaussian,QC,"opt+freq: b3lyp/6-311G** em=gd3bj
energy: M062X/6-311G+(2d, p) em=gd3"
451,c-c19+c-b8+c-b37+c-b81,CC#CCC[P+](CCCC)(CCCC)CCC(C)O,tetraphosphonium ,-1084.4872546,0.408146,0.494067,756.617824,-0.37291,-0.0993,1.7555,-1084.0791086,-1083.9931876,7.442192,Gaussian,QC,"opt+freq: b3lyp/6-311G** em=gd3bj
energy: M062X/6-311G+(2d, p) em=gd3"
452,c-c125+c-b60,C=CCCC[P+](CC)(CC)CC,tetraphosphonium ,-774.6538606,0.273378,0.337545,565.045016,-0.3729,-0.12025,3.9087,-774.3804826,-774.3163156,6.872080000000001,Gaussian,QC,"opt+freq: b3lyp/6-311G** em=gd3bj
energy: M062X/6-311G+(2d, p) em=gd3"
453,c-c19+c-b4+c-b28+c-b79,C=CCCC[P+](CCCC)(CCCO)CCCCO,tetraphosphonium ,-1121.6160195,0.41184,0.494878,731.2334960000001,-0.36689,-0.11105,2.2649,-1121.2041795,-1121.1211415,6.958848,Gaussian,QC,"opt+freq: b3lyp/6-311G** em=gd3bj
energy: M062X/6-311G+(2d, p) em=gd3"
454,c-c19+c-b10+c-b16+c-b44,CCCC[P+](CCC)(CCCCC#N)CCCC(C)C,tetraphosphonium ,-1103.9593581,0.448815,0.535496,763.30804,-0.42554,-0.11276,4.6179,-1103.5105431,-1103.4238621,8.507615999999999,Gaussian,QC,"opt+freq: b3lyp/6-311G** em=gd3bj
energy: M062X/6-311G+(2d, p) em=gd3"
455,c-c19+c-b45+c-b76+c-b79,CCCC[P+](CCCCO)(COC)CC(=O)O,tetraphosphonium ,-1114.8698426,0.314835,0.390208,663.733024,-0.39161,-0.14222,1.871,-1114.5550076,-1114.4796346,6.783408,Gaussian,QC,"opt+freq: b3lyp/6-311G** em=gd3bj
energy: M062X/6-311G+(2d, p) em=gd3"
456,c-c19+c-b16+c-b30+c-b81,CCCCC[P+](CCCC)(CCCC)CCCCC#N,tetraphosphonium ,-1103.9461814,0.448937,0.535861,765.4544320000001,-0.42331,-0.11903,6.1873,-1103.4972444,-1103.4103204,8.276416,Gaussian,QC,"opt+freq: b3lyp/6-311G** em=gd3bj
energy: M062X/6-311G+(2d, p) em=gd3"
457,c-c19+c-b13+c-b40+c-b78,CCCCCC[P+](CCCC)(CCCC#N)CN(C)C,tetraphosphonium ,-1119.969227,0.439071,0.524176,749.429712,-0.35964,-0.1248,3.4399,-1119.530156,-1119.445051,6.387648,Gaussian,QC,"opt+freq: b3lyp/6-311G** em=gd3bj
energy: M062X/6-311G+(2d, p) em=gd3"
458,c-c19+c-b38+c-b39+c-b43,C#CCC[P+](CCC#N)(CCCC)CCOC,tetraphosphonium ,-1019.4643558,0.302841,0.3789,669.778904,-0.40079,-0.12699,5.0821,-1019.1615148,-1019.0854558,7.44736,Gaussian,QC,"opt+freq: b3lyp/6-311G** em=gd3bj
energy: M062X/6-311G+(2d, p) em=gd3"
459,c-c19+c-b10+c-b71+c-b73,CCCCCCC[P+](CCC)(CCCC)CCC(C)C,tetraphosphonium ,-1090.325955,0.504749,0.592403,771.876872,-0.40832,-0.11289,5.6614,-1089.821206,-1089.733552,8.035696,Gaussian,QC,"opt+freq: b3lyp/6-311G** em=gd3bj
energy: M062X/6-311G+(2d, p) em=gd3"
460,c-c19+c-b30+c-b40+c-b44,CCCCC[P+](CCCC)(CCCC(C)C)CN(C)C,tetraphosphonium ,-1106.3458773,0.490307,0.580211,791.7006640000001,-0.35356,-0.11421,1.275,-1105.8555703,-1105.7656663,6.510319999999999,Gaussian,QC,"opt+freq: b3lyp/6-311G** em=gd3bj
energy: M062X/6-311G+(2d, p) em=gd3"
461,c-c19+c-b4+c-b37+c-b43,CCCC[P+](CCC#N)(CCCO)CCC(C)O,tetraphosphonium ,-1097.1711966,0.355958,0.431687,666.86684,-0.38059,-0.12953,6.3711,-1096.8152386,-1096.7395096,6.828831999999998,Gaussian,QC,"opt+freq: b3lyp/6-311G** em=gd3bj
energy: M062X/6-311G+(2d, p) em=gd3"
462,c-c19+c-b30+c-b47+c-b79,CCCCC[P+](CCCC)(CCCCO)CC(C)(C)C,tetraphosphonium ,-1126.2456896,0.483143,0.569225,758.0320160000001,-0.39227,-0.10136,2.4583,-1125.7625466,-1125.6764646,7.912752,Gaussian,QC,"opt+freq: b3lyp/6-311G** em=gd3bj
energy: M062X/6-311G+(2d, p) em=gd3"
463,c-c125+c-b32,CC[P+](CC)(CC)CCCCC(F)(F)C(F)(F)C(F)F,tetraphosphonium ,-1449.9681628,0.296481,0.377945,717.371904,-0.43076,-0.1212,14.2096,-1449.6716818,-1449.5902178,8.420031999999999,Gaussian,QC,"opt+freq: b3lyp/6-311G** em=gd3bj
energy: M062X/6-311G+(2d, p) em=gd3"
464,c-c19+c-b6+c-b13+c-b39,CCCC[P+](CCCN)(CCCC#N)CCOC,tetraphosphonium ,-1077.2848203,0.365557,0.444227,692.7616160000001,-0.33623,-0.12219,4.9536,-1076.9192633,-1076.8405933,5.821888,Gaussian,QC,"opt+freq: b3lyp/6-311G** em=gd3bj
energy: M062X/6-311G+(2d, p) em=gd3"
465,c-c19+c-b39+c-b68+c-b81,CCCC[P+](CCCC)(CCCCC(C)C)CCOC,tetraphosphonium ,-1126.230912,0.481488,0.569283,773.1195200000001,-0.39791,-0.10324,3.3013,-1125.749424,-1125.661629,8.015023999999999,Gaussian,QC,"opt+freq: b3lyp/6-311G** em=gd3bj
energy: M062X/6-311G+(2d, p) em=gd3"
466,c-c19+c-b13+c-b16+c-b81,CCCC[P+](CCCC)(CCCC#N)CCCCC#N,tetraphosphonium ,-1117.5718982,0.394136,0.478945,746.827264,-0.42128,-0.12812,8.3698,-1117.1777622,-1117.0929532,7.973951999999999,Gaussian,QC,"opt+freq: b3lyp/6-311G** em=gd3bj
energy: M062X/6-311G+(2d, p) em=gd3"
467,c-c19+c-b10+c-b31+c-b38,C#CCC[P+](CCC)(CCCC)CCCC(F)(F)F,tetraphosphonium ,-1228.385454,0.329712,0.410153,708.367936,-0.39884,-0.11903,5.5855,-1228.055742,-1227.975301,7.610832,Gaussian,QC,"opt+freq: b3lyp/6-311G** em=gd3bj
energy: M062X/6-311G+(2d, p) em=gd3"
468,c-c19+c-b39+c-b58+c-b60,C=CCC[P+](CCCC)(CCOC)CCC(=O)O,tetraphosphonium ,-1117.0344695,0.340099,0.419023,695.0000560000001,-0.38363,-0.13936,2.7249,-1116.6943705,-1116.6154465,6.644144,Gaussian,QC,"opt+freq: b3lyp/6-311G** em=gd3bj
energy: M062X/6-311G+(2d, p) em=gd3"
469,c-c19+c-b10+c-b43+c-b81,CCCC[P+](CCC)(CCC#N)CCCC,tetraphosphonium ,-946.7252638,0.347265,0.419756,638.348696,-0.44413,-0.13035,6.4043,-946.3779988,-946.3055078,8.534816000000001,Gaussian,QC,"opt+freq: b3lyp/6-311G** em=gd3bj
energy: M062X/6-311G+(2d, p) em=gd3"
470,c-c19+c-b10+c-b13+c-b68,CCCC[P+](CCC)(CCCC#N)CCCCC(C)C,tetraphosphonium ,-1103.9471509,0.448908,0.535285,760.634464,-0.40749,-0.12613,8.3291,-1103.4982429,-1103.4118659,7.652992000000001,Gaussian,QC,"opt+freq: b3lyp/6-311G** em=gd3bj
energy: M062X/6-311G+(2d, p) em=gd3"
471,c-c2+c-b86,CC[P+](CC)(CC)COc1ccc(Cl)cc1Cl,tetraphosphonium ,-1844.0888408,0.242657,0.317092,655.4696240000001,-0.34824,-0.14135,12.136,-1843.8461838,-1843.7717488,5.627408,Gaussian,QC,"opt+freq: b3lyp/6-311G** em=gd3bj
energy: M062X/6-311G+(2d, p) em=gd3"
472,c-c19+c-b6+c-b43+c-b78,CCCCCC[P+](CCC#N)(CCCC)CCCN,tetraphosphonium ,-1080.6856836,0.414178,0.496382,723.886392,-0.36486,-0.12444,5.0234,-1080.2715056,-1080.1893016,6.539424,Gaussian,QC,"opt+freq: b3lyp/6-311G** em=gd3bj
energy: M062X/6-311G+(2d, p) em=gd3"
473,c-c19+c-b36+c-b38+c-b76,C#CCC[P+](CCCC)(COC)Cc1ccccc1,tetraphosphonium ,-1079.6301003,0.327671,0.403172,664.85852,-0.36335,-0.13747,3.2681,-1079.3024293,-1079.2269283,6.143936,Gaussian,QC,"opt+freq: b3lyp/6-311G** em=gd3bj
energy: M062X/6-311G+(2d, p) em=gd3"
474,c-c19+c-b30+c-b58+c-b79,CCCCC[P+](CCCC)(CCCCO)CCC(=O)O,tetraphosphonium ,-1196.9053177,0.415592,0.501231,754.1283440000001,-0.39157,-0.12857,3.6773,-1196.4897257,-1196.4040867,7.1536,Gaussian,QC,"opt+freq: b3lyp/6-311G** em=gd3bj
energy: M062X/6-311G+(2d, p) em=gd3"
475,c-c19+c-b3+c-b38+c-b79,C#CCC[P+](CCCC)(CCCCO)CC1CCCC1,tetraphosphonium ,-1122.5600215,0.419692,0.502105,725.723168,-0.39268,-0.11343,2.0594,-1122.1403295,-1122.0579165,7.5956,Gaussian,QC,"opt+freq: b3lyp/6-311G** em=gd3bj
energy: M062X/6-311G+(2d, p) em=gd3"
476,c-c19+c-b10+c-b11+c-b13,CCCC[P+](CCC)(CCCC#N)CC(F)(F)F,tetraphosphonium ,-1205.1719847,0.294978,0.370619,666.0886160000001,-0.45477,-0.13295,5.6125,-1204.8770067,-1204.8013657,8.753504,Gaussian,QC,"opt+freq: b3lyp/6-311G** em=gd3bj
energy: M062X/6-311G+(2d, p) em=gd3"
477,c-c19+c-b13+c-b39+c-b79,CCCC[P+](CCCC#N)(CCCCO)CCOC,tetraphosphonium ,-1136.4661725,0.381178,0.461085,703.652568,-0.3713,-0.11839,5.0978,-1136.0849945,-1136.0050875,6.879152,Gaussian,QC,"opt+freq: b3lyp/6-311G** em=gd3bj
energy: M062X/6-311G+(2d, p) em=gd3"
478,c-c19+c-b4+c-b13+c-b79,CCCC[P+](CCCO)(CCCC#N)CCCCO,tetraphosphonium ,-1136.4708273,0.379159,0.461158,722.087272,-0.37265,-0.12201,7.5423,-1136.0916683,-1136.0096693,6.817407999999999,Gaussian,QC,"opt+freq: b3lyp/6-311G** em=gd3bj
energy: M062X/6-311G+(2d, p) em=gd3"
479,c-c19+c-b13+c-b38+c-b72,C#CCC[P+](CCCC)(CCCC#N)CCC(C)CC,tetraphosphonium ,-1101.4824168,0.40563,0.488852,732.852704,-0.39879,-0.12726,4.0354,-1101.0767868,-1100.9935648,7.385615999999998,Gaussian,QC,"opt+freq: b3lyp/6-311G** em=gd3bj
energy: M062X/6-311G+(2d, p) em=gd3"
480,c-c19+c-b10+c-b47+c-b78,CCCCCC[P+](CCC)(CCCC)CC(C)(C)C,tetraphosphonium ,-1051.0208703,0.477339,0.56268,751.5133440000001,-0.42394,-0.1114,2.4586,-1050.5435313,-1050.4581903,8.501088,Gaussian,QC,"opt+freq: b3lyp/6-311G** em=gd3bj
energy: M062X/6-311G+(2d, p) em=gd3"
481,c-c19+c-b12+c-b38+c-b45,C#CCC[P+](CCCC)(CC(=O)O)CC(=O)C(C)(C)C,tetraphosphonium ,-1193.2327964,0.343787,0.428265,743.906832,-0.38748,-0.16076,3.158,-1192.8890094,-1192.8045314,6.166784,Gaussian,QC,"opt+freq: b3lyp/6-311G** em=gd3bj
energy: M062X/6-311G+(2d, p) em=gd3"
482,c-c19+c-b13+c-b28+c-b38,C#CCC[P+](CCCC)(CCCC#N)CCCC=C,tetraphosphonium ,-1060.9361115,0.354826,0.436821,722.037064,-0.37122,-0.13146,4.3987,-1060.5812855,-1060.4992905,6.521472,Gaussian,QC,"opt+freq: b3lyp/6-311G** em=gd3bj
energy: M062X/6-311G+(2d, p) em=gd3"
483,c-c125+c-b46,CC[P+](CC)(CC)CCc1ccc(C)cc1,tetraphosphonium ,-928.3069671,0.315996,0.385783,614.5333680000001,-0.35393,-0.13111,5.5902,-927.9909710999999,-927.9211841,6.060704,Gaussian,QC,"opt+freq: b3lyp/6-311G** em=gd3bj
energy: M062X/6-311G+(2d, p) em=gd3"
484,c-c19+c-b30+c-b37+c-b39,CCCCC[P+](CCCC)(CCOC)CCC(C)O,tetraphosphonium ,-1122.8411621,0.433938,0.517112,732.421752,-0.38078,-0.10666,3.9202,-1122.4072241,-1122.3240501,7.456064,Gaussian,QC,"opt+freq: b3lyp/6-311G** em=gd3bj
energy: M062X/6-311G+(2d, p) em=gd3"
485,c-c19+c-b10+c-b58+c-b73,CCCC[P+](CCC)(CCC(=O)O)CCC(C)C,tetraphosphonium ,-1082.3806459,0.385232,0.465142,703.6902240000001,-0.42128,-0.13639,4.1687,-1081.9954139,-1081.9155039,7.749007999999999,Gaussian,QC,"opt+freq: b3lyp/6-311G** em=gd3bj
energy: M062X/6-311G+(2d, p) em=gd3"
486,c-c19+c-b13+c-b76+c-b79,CCCC[P+](CCCC#N)(CCCCO)COC,tetraphosphonium ,-1097.1468228,0.350847,0.431354,708.945328,-0.38121,-0.12663,4.4413,-1096.7959758,-1096.7154688,6.924576000000001,Gaussian,QC,"opt+freq: b3lyp/6-311G** em=gd3bj
energy: M062X/6-311G+(2d, p) em=gd3"
487,c-c19+c-b10+c-b28+c-b39,C=CCCC[P+](CCC)(CCCC)CCOC,tetraphosphonium ,-1007.0859081,0.380257,0.459258,695.677864,-0.36004,-0.10778,3.4505,-1006.7056511,-1006.6266501,6.861472000000001,Gaussian,QC,"opt+freq: b3lyp/6-311G** em=gd3bj
energy: M062X/6-311G+(2d, p) em=gd3"
488,c-c19+c-b13+c-b43+c-b73,CCCC[P+](CCC#N)(CCCC#N)CCC(C)C,tetraphosphonium ,-1078.2674434,0.36887,0.448998,705.6106800000001,-0.43757,-0.13783,6.6409,-1077.8985734,-1077.8184454,8.152928,Gaussian,QC,"opt+freq: b3lyp/6-311G** em=gd3bj
energy: M062X/6-311G+(2d, p) em=gd3"
489,c-c2+c-b69,CCCCCCCCCCOC[P+](CC)(CC)CC,tetraphosphonium ,-1086.914587,0.451843,0.539959,775.947904,-0.37703,-0.11488,13.6384,-1086.462744,-1086.374628,7.130479999999999,Gaussian,QC,"opt+freq: b3lyp/6-311G** em=gd3bj
energy: M062X/6-311G+(2d, p) em=gd3"
490,c-c124+c-b40,CCCC[P+](CCCC)(CCCC)CCN(C)C,tetraphosphonium ,-1027.7411433,0.44028,0.523092,729.2419120000001,-0.3453,-0.11039,0.9768,-1027.3008633,-1027.2180513,6.389552,Gaussian,QC,"opt+freq: b3lyp/6-311G** em=gd3bj
energy: M062X/6-311G+(2d, p) em=gd3"
491,c-c19+c-b29+c-b60+c-b80,C=CCC[P+](CCCC)(CC(C)C)CC(C)C,tetraphosphonium ,-971.1824572,0.403256,0.481407,688.2010560000001,-0.38241,-0.1201,1.1469,-970.7792012,-970.7010502,7.134832000000001,Gaussian,QC,"opt+freq: b3lyp/6-311G** em=gd3bj
energy: M062X/6-311G+(2d, p) em=gd3"
492,c-c19+c-b4+c-b60+c-b65,C=CCC[P+](CCC#CCC)(CCCC)CCCO,tetraphosphonium ,-1083.2356771,0.384151,0.471195,766.5088,-0.3581,-0.11957,2.9669,-1082.8515261,-1082.7644821,6.488015999999999,Gaussian,QC,"opt+freq: b3lyp/6-311G** em=gd3bj
energy: M062X/6-311G+(2d, p) em=gd3"
493,c-c19+c-b4+c-b6+c-b30,CCCCC[P+](CCCC)(CCCN)CCCO,tetraphosphonium ,-1063.6735852,0.421579,0.501896,707.2759120000001,-0.36708,-0.10907,2.4938,-1063.2520062,-1063.1716892,7.017872000000001,Gaussian,QC,"opt+freq: b3lyp/6-311G** em=gd3bj
energy: M062X/6-311G+(2d, p) em=gd3"
494,c-c19+c-b4+c-b30+c-b72,CCCCC[P+](CCCC)(CCCO)CCC(C)CC,tetraphosphonium ,-1126.2393717,0.48148,0.56971,776.9436959999999,-0.39984,-0.10658,3.0885,-1125.7578917,-1125.6696617,7.976671999999999,Gaussian,QC,"opt+freq: b3lyp/6-311G** em=gd3bj
energy: M062X/6-311G+(2d, p) em=gd3"
495,c-c19+c-b30+c-b60+c-b81,C=CCC[P+](CCCC)(CCCC)CCCCC,tetraphosphonium ,-1010.4819881,0.42979,0.511496,719.50156,-0.38274,-0.12043,2.6176,-1010.0521981,-1009.9704921,7.134832000000001,Gaussian,QC,"opt+freq: b3lyp/6-311G** em=gd3bj
energy: M062X/6-311G+(2d, p) em=gd3"
496,c-c19+c-b45+c-b79+c-b81,CCCC[P+](CCCC)(CCCCO)CC(=O)O,tetraphosphonium ,-1118.2842456,0.361885,0.442851,712.987072,-0.37634,-0.14944,2.4397,-1117.9223606,-1117.8413946,6.17168,Gaussian,QC,"opt+freq: b3lyp/6-311G** em=gd3bj
energy: M062X/6-311G+(2d, p) em=gd3"
497,c-c19+c-b47+c-b71+c-b76,CCCCCCC[P+](CCCC)(COC)CC(C)(C)C,tetraphosphonium ,-1126.221169,0.480731,0.568008,768.5631440000001,-0.40619,-0.11414,5.2774,-1125.740438,-1125.653161,7.943759999999999,Gaussian,QC,"opt+freq: b3lyp/6-311G** em=gd3bj
energy: M062X/6-311G+(2d, p) em=gd3"
498,c-c19+c-b6+c-b44+c-b81,CCCC[P+](CCCC)(CCCN)CCCC(C)C,tetraphosphonium ,-1067.0661829,0.468787,0.553048,741.9989280000001,-0.36271,-0.1079,3.4647,-1066.5973959,-1066.5131349,6.930832,Gaussian,QC,"opt+freq: b3lyp/6-311G** em=gd3bj
energy: M062X/6-311G+(2d, p) em=gd3"
499,c-c19+c-b37+c-b65+c-b76,CCC#CCC[P+](CCCC)(CCC(C)O)COC,tetraphosphonium ,-1120.3780709,0.384716,0.470597,756.262184,-0.37134,-0.10936,2.907,-1119.9933549,-1119.9074739,7.125856,Gaussian,QC,"opt+freq: b3lyp/6-311G** em=gd3bj
energy: M062X/6-311G+(2d, p) em=gd3"
500,c-c125+c-b54,CCCCCCCCCCCCC[P+](CC)(CC)CC,tetraphosphonium ,-1090.3217038,0.502405,0.592849,796.4411360000001,-0.36537,-0.11595,17.7157,-1089.8192988,-1089.7288548,6.784223999999999,Gaussian,QC,"opt+freq: b3lyp/6-311G** em=gd3bj
energy: M062X/6-311G+(2d, p) em=gd3"
501,c-c19+c-b7+c-b10+c-b38,C#CCC[P+](CCC)(CCCC)CCCC(C)CC,tetraphosphonium ,-1048.5520367,0.432955,0.51679,738.2500640000001,-0.39931,-0.11384,3.9854,-1048.1190817,-1048.0352467,7.764784,Gaussian,QC,"opt+freq: b3lyp/6-311G** em=gd3bj
energy: M062X/6-311G+(2d, p) em=gd3"
502,c-c19+c-b10+c-b65+c-b72,CCC#CCC[P+](CCC)(CCCC)CCC(C)CC,tetraphosphonium ,-1087.8673681,0.456778,0.546088,786.46648,-0.37498,-0.10603,2.7482,-1087.4105901,-1087.3212801,7.315439999999999,Gaussian,QC,"opt+freq: b3lyp/6-311G** em=gd3bj
energy: M062X/6-311G+(2d, p) em=gd3"
503,c-c19+c-b16+c-b39+c-b81,CCCC[P+](CCCC)(CCCCC#N)CCOC,tetraphosphonium ,-1100.5478504,0.400647,0.483744,731.7481280000001,-0.40523,-0.11676,5.6061,-1100.1472034,-1100.0641064,7.846384,Gaussian,QC,"opt+freq: b3lyp/6-311G** em=gd3bj
energy: M062X/6-311G+(2d, p) em=gd3"
504,c-c19+c-b10+c-b11+c-b38,C#CCC[P+](CCC)(CCCC)CC(F)(F)F,tetraphosphonium ,-1149.7626854,0.277141,0.352015,659.3398240000001,-0.41179,-0.13434,5.134,-1149.4855444,-1149.4106704,7.546639999999999,Gaussian,QC,"opt+freq: b3lyp/6-311G** em=gd3bj
energy: M062X/6-311G+(2d, p) em=gd3"
505,c-c19+c-b13+c-b19+c-b38,C#CCC[P+](CCCC)(CCCC#N)CCCCF,tetraphosphonium ,-1122.1026381,0.345842,0.425327,699.945544,-0.40484,-0.13124,5.8384,-1121.7567961,-1121.6773111,7.441919999999999,Gaussian,QC,"opt+freq: b3lyp/6-311G** em=gd3bj
energy: M062X/6-311G+(2d, p) em=gd3"
506,c-c2+c-b45,CC[P+](CC)(CC)COC(=O)O,tetraphosphonium ,-882.4548594,0.207355,0.26852,538.618872,-0.4416,-0.13363,3.5724,-882.2475044,-882.1863394000001,8.376783999999999,Gaussian,QC,"opt+freq: b3lyp/6-311G** em=gd3bj
energy: M062X/6-311G+(2d, p) em=gd3"
507,c-c19+c-b38+c-b79+c-b81,C#CCC[P+](CCCC)(CCCC)CCCCO,tetraphosphonium ,-1045.1564625,0.384156,0.465306,714.60628,-0.38229,-0.11215,1.198,-1044.7723065,-1044.6911565,7.347808000000001,Gaussian,QC,"opt+freq: b3lyp/6-311G** em=gd3bj
energy: M062X/6-311G+(2d, p) em=gd3"
508,c-c19+c-b16+c-b30+c-b43,CCCCC[P+](CCC#N)(CCCC)CCCCC#N,tetraphosphonium ,-1117.5677989,0.393294,0.478572,750.9568720000001,-0.42794,-0.13431,4.789,-1117.1745049,-1117.0892269,7.986735999999999,Gaussian,QC,"opt+freq: b3lyp/6-311G** em=gd3bj
energy: M062X/6-311G+(2d, p) em=gd3"
509,c-c19+c-b11+c-b16+c-b38,C#CCC[P+](CCCC)(CCCCC#N)CC(F)(F)F,tetraphosphonium ,-1281.3037475,0.30019,0.381812,718.765176,-0.41139,-0.13582,7.3033,-1281.0035575,-1280.9219355,7.495504,Gaussian,QC,"opt+freq: b3lyp/6-311G** em=gd3bj
energy: M062X/6-311G+(2d, p) em=gd3"
510,c-c19+c-b30+c-b39+c-b79,CCCCC[P+](CCCC)(CCCCO)CCOC,tetraphosphonium ,-1122.8446305,0.432529,0.517973,752.421272,-0.38924,-0.10042,3.2998,-1122.4121015,-1122.3266575,7.855903999999999,Gaussian,QC,"opt+freq: b3lyp/6-311G** em=gd3bj
energy: M062X/6-311G+(2d, p) em=gd3"
511,c-c19+c-b11+c-b39+c-b81,CCCC[P+](CCCC)(CCOC)CC(F)(F)F,tetraphosphonium ,-1227.4458831,0.326512,0.404124,683.4480320000001,-0.39596,-0.12132,5.1026,-1227.1193711,-1227.0417591,7.470208,Gaussian,QC,"opt+freq: b3lyp/6-311G** em=gd3bj
energy: M062X/6-311G+(2d, p) em=gd3"
512,c-c19+c-b10+c-b13+c-b27,CCCC[P+](CCC)(CCCC#N)CC(C)C#N,tetraphosphonium ,-1038.954155,0.342596,0.420338,684.602816,-0.43705,-0.13944,9.4238,-1038.611559,-1038.533817,8.094992,Gaussian,QC,"opt+freq: b3lyp/6-311G** em=gd3bj
energy: M062X/6-311G+(2d, p) em=gd3"
513,c-c19+c-b13+c-b29+c-b80,CCCC[P+](CCCC#N)(CC(C)C)CC(C)C,tetraphosphonium ,-1025.3431904,0.397313,0.476906,700.895312,-0.44642,-0.12285,3.6265,-1024.9458774,-1024.8662844,8.801103999999999,Gaussian,QC,"opt+freq: b3lyp/6-311G** em=gd3bj
energy: M062X/6-311G+(2d, p) em=gd3"
514,c-c19+c-b45+c-b71+c-b81,CCCCCCC[P+](CCCC)(CCCC)CC(=O)O,tetraphosphonium ,-1160.978302,0.437,0.523571,762.341536,-0.40413,-0.15358,5.6453,-1160.541302,-1160.454731,6.814959999999999,Gaussian,QC,"opt+freq: b3lyp/6-311G** em=gd3bj
energy: M062X/6-311G+(2d, p) em=gd3"
515,c-c19+c-b38+c-b47+c-b81,C#CCC[P+](CCCC)(CCCC)CC(C)(C)C,tetraphosphonium ,-1009.2441548,0.405296,0.486792,717.652232,-0.4004,-0.11221,0.9222,-1008.8388588,-1008.7573628,7.838767999999998,Gaussian,QC,"opt+freq: b3lyp/6-311G** em=gd3bj
energy: M062X/6-311G+(2d, p) em=gd3"
516,c-c19+c-b28+c-b30+c-b80,C=CCCC[P+](CCCC)(CCCCC)CC(C)C,tetraphosphonium ,-1049.788942,0.454938,0.539977,748.85232,-0.3651,-0.11196,2.7733,-1049.334004,-1049.248965,6.885407999999999,Gaussian,QC,"opt+freq: b3lyp/6-311G** em=gd3bj
energy: M062X/6-311G+(2d, p) em=gd3"
517,c-c19+c-b38+c-b45+c-b60,C#CCC[P+](CCC=C)(CCCC)CC(=O)O,tetraphosphonium ,-1039.3609685,0.290016,0.366369,672.3646160000001,-0.38945,-0.14239,1.6798,-1039.0709525,-1038.9945995,6.720032000000001,Gaussian,QC,"opt+freq: b3lyp/6-311G** em=gd3bj
energy: M062X/6-311G+(2d, p) em=gd3"
518,c-c19+c-b38+c-b58+c-b81,C#CCC[P+](CCCC)(CCCC)CCC(=O)O,tetraphosphonium ,-1079.8964295,0.342156,0.419251,678.89584,-0.397,-0.13146,3.3633,-1079.5542735,-1079.4771785,7.222688,Gaussian,QC,"opt+freq: b3lyp/6-311G** em=gd3bj
energy: M062X/6-311G+(2d, p) em=gd3"
519,c-c19+c-b6+c-b10+c-b78,CCCCCC[P+](CCC)(CCCC)CCCN,tetraphosphonium ,-1027.7581587,0.443599,0.524656,713.7820320000001,-0.35968,-0.11159,3.9108,-1027.3145597,-1027.2335027,6.748048,Gaussian,QC,"opt+freq: b3lyp/6-311G** em=gd3bj
energy: M062X/6-311G+(2d, p) em=gd3"
520,c-c2+c-b67,CC[P+](CC)(CC)COc1ccc(C)c(F)c1,tetraphosphonium ,-1063.4411012,0.283019,0.35471,631.3112080000001,-0.35242,-0.13702,8.4923,-1063.1580822,-1063.0863912,5.85888,Gaussian,QC,"opt+freq: b3lyp/6-311G** em=gd3bj
energy: M062X/6-311G+(2d, p) em=gd3"
521,c-c19+c-b45+c-b58+c-b81,CCCC[P+](CCCC)(CCC(=O)O)CC(=O)O,tetraphosphonium ,-1153.0277897,0.319475,0.396135,675.063296,-0.41476,-0.14575,4.3184,-1152.7083147,-1152.6316547,7.317072,Gaussian,QC,"opt+freq: b3lyp/6-311G** em=gd3bj
energy: M062X/6-311G+(2d, p) em=gd3"
522,c-c19+c-b43+c-b60+c-b76,C=CCC[P+](CCC#N)(CCCC)COC,tetraphosphonium ,-981.3874736,0.298379,0.372492,652.6454239999999,-0.38388,-0.13869,5.1929,-981.0890946000001,-981.0149816,6.669168,Gaussian,QC,"opt+freq: b3lyp/6-311G** em=gd3bj
energy: M062X/6-311G+(2d, p) em=gd3"
523,c-c19+c-b4+c-b16+c-b39,CCCC[P+](CCCO)(CCCCC#N)CCOC,tetraphosphonium ,-1136.469198,0.379573,0.461246,719.212864,-0.40234,-0.11122,4.9141,-1136.089625,-1136.007952,7.918463999999999,Gaussian,QC,"opt+freq: b3lyp/6-311G** em=gd3bj
energy: M062X/6-311G+(2d, p) em=gd3"
524,c-c19+c-b8+c-b11+c-b81,CC#CCC[P+](CCCC)(CCCC)CC(F)(F)F,tetraphosphonium ,-1228.3861398,0.328809,0.410082,715.685752,-0.38096,-0.12493,4.6446,-1228.0573308,-1227.9760578,6.964016000000001,Gaussian,QC,"opt+freq: b3lyp/6-311G** em=gd3bj
energy: M062X/6-311G+(2d, p) em=gd3"
525,c-c19+c-b10+c-b38+c-b71,C#CCC[P+](CCC)(CCCC)CCCCCCC,tetraphosphonium ,-1048.5483826,0.432919,0.517324,743.270864,-0.39988,-0.11413,4.7524,-1048.1154636,-1048.0310586,7.7724,Gaussian,QC,"opt+freq: b3lyp/6-311G** em=gd3bj
energy: M062X/6-311G+(2d, p) em=gd3"
526,c-c19+c-b6+c-b13+c-b43,CCCC[P+](CCC#N)(CCCN)CCCC#N,tetraphosphonium ,-1054.9958834,0.333179,0.409917,675.753656,-0.36334,-0.13933,3.1338,-1054.6627044,-1054.5859664,6.093071999999999,Gaussian,QC,"opt+freq: b3lyp/6-311G** em=gd3bj
energy: M062X/6-311G+(2d, p) em=gd3"
527,c-c19+c-b4+c-b8+c-b37,CC#CCC[P+](CCCC)(CCCO)CCC(C)O,tetraphosphonium ,-1120.3916804,0.38977,0.471525,719.9325120000001,-0.37734,-0.11413,3.0712,-1120.0019104,-1119.9201554,7.159312,Gaussian,QC,"opt+freq: b3lyp/6-311G** em=gd3bj
energy: M062X/6-311G+(2d, p) em=gd3"
528,c-c19+c-b28+c-b39+c-b47,C=CCCC[P+](CCCC)(CCOC)CC(C)(C)C,tetraphosphonium ,-1085.6944252,0.433939,0.516167,724.095592,-0.36302,-0.10946,3.0621,-1085.2604862,-1085.1782582,6.896832,Gaussian,QC,"opt+freq: b3lyp/6-311G** em=gd3bj
energy: M062X/6-311G+(2d, p) em=gd3"
529,c-c19+c-b30+c-b65+c-b76,CCC#CCC[P+](CCCC)(CCCCC)COC,tetraphosphonium ,-1084.4496162,0.407469,0.493973,761.751592,-0.37379,-0.11581,1.9063,-1084.0421472,-1083.9556432,7.017055999999999,Gaussian,QC,"opt+freq: b3lyp/6-311G** em=gd3bj
energy: M062X/6-311G+(2d, p) em=gd3"
530,c-c125+c-b47,CC[P+](CC)(CC)CCC(C)(C)C,tetraphosphonium ,-815.1924738,0.322067,0.388517,585.161688,-0.43904,-0.11869,4.4221,-814.8704068000001,-814.8039568,8.713519999999999,Gaussian,QC,"opt+freq: b3lyp/6-311G** em=gd3bj
energy: M062X/6-311G+(2d, p) em=gd3"
531,c-c19+c-b8+c-b38+c-b44,C#CCC[P+](CCC#CC)(CCCC)CCCC(C)C,tetraphosphonium ,-1085.3953614,0.412144,0.499423,768.575696,-0.38075,-0.1142,2.3229,-1084.9832174,-1084.8959384,7.250159999999998,Gaussian,QC,"opt+freq: b3lyp/6-311G** em=gd3bj
energy: M062X/6-311G+(2d, p) em=gd3"
532,c-c19+c-b4+c-b40+c-b43,CCCC[P+](CCC#N)(CCCO)CN(C)C,tetraphosphonium ,-1037.9681395,0.340874,0.414464,648.030472,-0.3797,-0.13724,6.6638,-1037.6272655,-1037.5536755,6.594911999999999,Gaussian,QC,"opt+freq: b3lyp/6-311G** em=gd3bj
energy: M062X/6-311G+(2d, p) em=gd3"
533,c-c19+c-b36+c-b43+c-b81,CCCC[P+](CCC#N)(CCCC)Cc1ccccc1,tetraphosphonium ,-1099.134818,0.366762,0.445176,690.514808,-0.37474,-0.14502,2.8441,-1098.768056,-1098.689642,6.248384,Gaussian,QC,"opt+freq: b3lyp/6-311G** em=gd3bj
energy: M062X/6-311G+(2d, p) em=gd3"
534,c-c19+c-b10+c-b36+c-b38,C#CCC[P+](CCC)(CCCC)Cc1ccccc1,tetraphosphonium ,-1043.7415958,0.350772,0.426887,670.2726160000001,-0.3686,-0.13912,3.5391,-1043.3908238,-1043.3147088,6.241855999999999,Gaussian,QC,"opt+freq: b3lyp/6-311G** em=gd3bj
energy: M062X/6-311G+(2d, p) em=gd3"
535,c-c19+c-b10+c-b27+c-b30,CCCCC[P+](CCC)(CCCC)CC(C)C#N,tetraphosphonium ,-1025.329963,0.397418,0.477364,703.99984,-0.44139,-0.12832,5.8154,-1024.932545,-1024.852599,8.515504,Gaussian,QC,"opt+freq: b3lyp/6-311G** em=gd3bj
energy: M062X/6-311G+(2d, p) em=gd3"
536,c-c19+c-b38+c-b40+c-b44,C#CCC[P+](CCCC)(CCCC(C)C)CN(C)C,tetraphosphonium ,-1064.5659105,0.419194,0.504539,751.542632,-0.35232,-0.11656,2.165,-1064.1467165,-1064.0613715,6.412672000000001,Gaussian,QC,"opt+freq: b3lyp/6-311G** em=gd3bj
energy: M062X/6-311G+(2d, p) em=gd3"
537,c-c19+c-b6+c-b13+c-b44,CCCC[P+](CCCN)(CCCC#N)CCCC(C)C,tetraphosphonium ,-1119.9952982,0.44045,0.525054,745.019776,-0.37746,-0.11932,8.1053,-1119.5548482,-1119.4702442,7.021408000000001,Gaussian,QC,"opt+freq: b3lyp/6-311G** em=gd3bj
energy: M062X/6-311G+(2d, p) em=gd3"
538,c-c19+c-b13+c-b28+c-b58,C=CCCC[P+](CCCC)(CCCC#N)CCC(=O)O,tetraphosphonium ,-1173.3782917,0.362418,0.443368,712.840632,-0.38057,-0.13713,6.6218,-1173.0158737,-1172.9349237,6.621568,Gaussian,QC,"opt+freq: b3lyp/6-311G** em=gd3bj
energy: M062X/6-311G+(2d, p) em=gd3"
539,c-c19+c-b16+c-b30+c-b76,CCCCC[P+](CCCC)(CCCCC#N)COC,tetraphosphonium ,-1100.5399197,0.399476,0.48332,738.32956,-0.41969,-0.12617,5.4873,-1100.1404437,-1100.0565997,7.983744,Gaussian,QC,"opt+freq: b3lyp/6-311G** em=gd3bj
energy: M062X/6-311G+(2d, p) em=gd3"
540,c-c19+c-b8+c-b37+c-b43,CC#CCC[P+](CCC#N)(CCCC)CCC(C)O,tetraphosphonium ,-1098.1030203,0.353377,0.436806,734.6685600000001,-0.37939,-0.12268,4.7382,-1097.7496433,-1097.6662143,6.982512,Gaussian,QC,"opt+freq: b3lyp/6-311G** em=gd3bj
energy: M062X/6-311G+(2d, p) em=gd3"
541,c-c19+c-b4+c-b28+c-b58,C=CCCC[P+](CCCC)(CCCO)CCC(=O)O,tetraphosphonium ,-1156.376156,0.368608,0.44873,705.556288,-0.36638,-0.12629,2.2336,-1156.007548,-1155.927426,6.530447999999999,Gaussian,QC,"opt+freq: b3lyp/6-311G** em=gd3bj
energy: M062X/6-311G+(2d, p) em=gd3"
542,c-c125+c-b72,CCC(C)CCC[P+](CC)(CC)CC,tetraphosphonium ,-854.4975596,0.348234,0.418471,618.503984,-0.42182,-0.11618,5.686,-854.1493256,-854.0790886000001,8.313407999999999,Gaussian,QC,"opt+freq: b3lyp/6-311G** em=gd3bj
energy: M062X/6-311G+(2d, p) em=gd3"
543,c-c19+c-b10+c-b11+c-b60,C=CCC[P+](CCC)(CCCC)CC(F)(F)F,tetraphosphonium ,-1151.0070365,0.30196,0.375296,645.7920320000001,-0.3939,-0.13103,5.6928,-1150.7050765,-1150.6317405,7.150063999999998,Gaussian,QC,"opt+freq: b3lyp/6-311G** em=gd3bj
energy: M062X/6-311G+(2d, p) em=gd3"
544,c-c19+c-b8+c-b76+c-b79,CC#CCC[P+](CCCC)(CCCCO)COC,tetraphosphonium ,-1081.0592191,0.358278,0.442188,738.911136,-0.37589,-0.11469,2.3604,-1080.7009411,-1080.6170311,7.10464,Gaussian,QC,"opt+freq: b3lyp/6-311G** em=gd3bj
energy: M062X/6-311G+(2d, p) em=gd3"
545,c-c19+c-b40+c-b65+c-b81,CCC#CCC[P+](CCCC)(CCCC)CN(C)C,tetraphosphonium ,-1064.5819295,0.419374,0.505848,761.488,-0.35196,-0.11175,0.9478,-1064.1625555,-1064.0760815,6.533712,Gaussian,QC,"opt+freq: b3lyp/6-311G** em=gd3bj
energy: M062X/6-311G+(2d, p) em=gd3"
546,c-c19+c-b4+c-b60+c-b78,C=CCC[P+](CCCC)(CCCO)CCCCCC,tetraphosphonium ,-1085.7019234,0.433451,0.517703,741.915248,-0.38157,-0.11931,3.3383,-1085.2684724,-1085.1842204,7.133472000000001,Gaussian,QC,"opt+freq: b3lyp/6-311G** em=gd3bj
energy: M062X/6-311G+(2d, p) em=gd3"
547,c-c19+c-b10+c-b43+c-b82,CCCC[P+](CCC)(CCC#N)CCCCCC(C)C,tetraphosphonium ,-1103.9458425,0.44886,0.535051,758.994336,-0.39391,-0.12853,10.3455,-1103.4969825,-1103.4107915,7.218335999999998,Gaussian,QC,"opt+freq: b3lyp/6-311G** em=gd3bj
energy: M062X/6-311G+(2d, p) em=gd3"
548,c-c19+c-b28+c-b79+c-b81,C=CCCC[P+](CCCC)(CCCC)CCCCO,tetraphosphonium ,-1085.7006149,0.434084,0.517688,736.2208240000001,-0.36728,-0.11191,2.9909,-1085.2665309,-1085.1829269,6.946064,Gaussian,QC,"opt+freq: b3lyp/6-311G** em=gd3bj
energy: M062X/6-311G+(2d, p) em=gd3"
549,c-c19+c-b8+c-b28+c-b79,C=CCCC[P+](CCC#CC)(CCCC)CCCCO,tetraphosphonium ,-1122.5452982,0.412454,0.50021,772.772248,-0.36634,-0.11114,2.8287,-1122.1328442,-1122.0450882,6.941439999999999,Gaussian,QC,"opt+freq: b3lyp/6-311G** em=gd3bj
energy: M062X/6-311G+(2d, p) em=gd3"
550,c-c125+c-b19,CC[P+](CC)(CC)CCCCCF,tetraphosphonium ,-875.1240068,0.289063,0.355034,580.9400320000001,-0.43394,-0.12088,6.4866,-874.8349437999999,-874.7689727999999,8.515232,Gaussian,QC,"opt+freq: b3lyp/6-311G** em=gd3bj
energy: M062X/6-311G+(2d, p) em=gd3"
551,c-c19+c-b38+c-b74+c-b78,C#CCC[P+](CCCC)(CCCCCC)CC(C)=O,tetraphosphonium ,-1083.2614258,0.385679,0.469778,740.572184,-0.40017,-0.16509,5.1738,-1082.8757468,-1082.7916478,6.394176000000001,Gaussian,QC,"opt+freq: b3lyp/6-311G** em=gd3bj
energy: M062X/6-311G+(2d, p) em=gd3"
552,c-c19+c-b28+c-b39+c-b58,C=CCCC[P+](CCCC)(CCOC)CCC(=O)O,tetraphosphonium ,-1156.3436041,0.366429,0.447934,717.727544,-0.37738,-0.13894,3.801,-1155.9771751,-1155.8956701,6.485568,Gaussian,QC,"opt+freq: b3lyp/6-311G** em=gd3bj
energy: M062X/6-311G+(2d, p) em=gd3"
553,c-c117+c-b10,CCCC[P+](CCCC)(CCCC)CCCC(=O)CC,tetraphosphonium ,-1125.0409179,0.458327,0.546102,772.947976,-0.37437,-0.14635,3.8042,-1124.5825909,-1124.4948159,6.202143999999999,Gaussian,QC,"opt+freq: b3lyp/6-311G** em=gd3bj
energy: M062X/6-311G+(2d, p) em=gd3"
554,c-c19+c-b4+c-b76+c-b79,CCCC[P+](CCCO)(CCCCO)COC,tetraphosphonium ,-1080.1350005,0.359172,0.436717,682.8539039999999,-0.37523,-0.11399,2.6188,-1079.7758285,-1079.6982835,7.105728000000001,Gaussian,QC,"opt+freq: b3lyp/6-311G** em=gd3bj
energy: M062X/6-311G+(2d, p) em=gd3"
555,c-c19+c-b30+c-b39+c-b65,CCC#CCC[P+](CCCC)(CCCCC)CCOC,tetraphosphonium ,-1123.7657855,0.433772,0.523491,790.0647200000001,-0.37034,-0.10766,1.3786,-1123.3320135,-1123.2422945,7.144896,Gaussian,QC,"opt+freq: b3lyp/6-311G** em=gd3bj
energy: M062X/6-311G+(2d, p) em=gd3"
556,c-c19+c-b8+c-b10+c-b16,CC#CCC[P+](CCC)(CCCC)CCCCC#N,tetraphosphonium ,-1062.1854183,0.37738,0.460593,732.7690240000001,-0.38035,-0.12066,5.3067,-1061.8080383,-1061.7248253,7.063568000000001,Gaussian,QC,"opt+freq: b3lyp/6-311G** em=gd3bj
energy: M062X/6-311G+(2d, p) em=gd3"
557,c-c19+c-b4+c-b18+c-b81,CCCC[P+](CCCC)(CCCO)CC(=O)CC,tetraphosphonium ,-1082.3415312,0.381551,0.464836,733.4049920000001,-0.38364,-0.15396,4.5112,-1081.9599802,-1081.8766952,6.247295999999999,Gaussian,QC,"opt+freq: b3lyp/6-311G** em=gd3bj
energy: M062X/6-311G+(2d, p) em=gd3"
558,c-c19+c-b30+c-b38+c-b80,C#CCC[P+](CCCC)(CCCCC)CC(C)C,tetraphosphonium ,-1009.240354,0.406557,0.487723,714.744352,-0.39834,-0.11724,2.1534,-1008.833797,-1008.752631,7.64592,Gaussian,QC,"opt+freq: b3lyp/6-311G** em=gd3bj
energy: M062X/6-311G+(2d, p) em=gd3"
559,c-c19+c-b13+c-b39+c-b78,CCCCCC[P+](CCCC)(CCCC#N)CCOC,tetraphosphonium ,-1139.857107,0.427389,0.513105,754.81452,-0.39966,-0.12009,3.789,-1139.429718,-1139.344002,7.604303999999999,Gaussian,QC,"opt+freq: b3lyp/6-311G** em=gd3bj
energy: M062X/6-311G+(2d, p) em=gd3"
560,c-c19+c-b38+c-b79+c-b80,C#CCC[P+](CCCC)(CCCCO)CC(C)C,tetraphosphonium ,-1045.1555713,0.383706,0.464968,715.593704,-0.38354,-0.11329,1.0372,-1044.7718653,-1044.6906033,7.3508,Gaussian,QC,"opt+freq: b3lyp/6-311G** em=gd3bj
energy: M062X/6-311G+(2d, p) em=gd3"
561,c-c19+c-b4+c-b10+c-b47,CCCC[P+](CCC)(CCCO)CC(C)(C)C,tetraphosphonium ,-1008.3286251,0.404451,0.481937,682.339272,-0.39261,-0.10351,1.9057,-1007.9241741,-1007.8466881,7.86352,Gaussian,QC,"opt+freq: b3lyp/6-311G** em=gd3bj
energy: M062X/6-311G+(2d, p) em=gd3"
562,c-c19+c-b11+c-b38+c-b40,C#CCC[P+](CCCC)(CN(C)C)CC(F)(F)F,tetraphosphonium ,-1205.0920084,0.29217,0.368768,674.519376,-0.35989,-0.12656,4.6604,-1204.7998384,-1204.7232404,6.346576,Gaussian,QC,"opt+freq: b3lyp/6-311G** em=gd3bj
energy: M062X/6-311G+(2d, p) em=gd3"
563,c-c19+c-b6+c-b38+c-b47,C#CCC[P+](CCCC)(CCCN)CC(C)(C)C,tetraphosphonium ,-1025.2896756,0.394618,0.476506,721.1040320000001,-0.36183,-0.10659,1.5882,-1024.8950576,-1024.8131696,6.942527999999998,Gaussian,QC,"opt+freq: b3lyp/6-311G** em=gd3bj
energy: M062X/6-311G+(2d, p) em=gd3"
564,c-c19+c-b10+c-b37+c-b76,CCCC[P+](CCC)(CCC(C)O)COC,tetraphosphonium ,-1004.9202507,0.352985,0.429723,675.7452880000001,-0.39788,-0.10808,2.8461,-1004.5672657,-1004.4905277,7.88256,Gaussian,QC,"opt+freq: b3lyp/6-311G** em=gd3bj
energy: M062X/6-311G+(2d, p) em=gd3"
565,c-c2+c-b58,CC[P+](CC)(CC)COCC(=O)O,tetraphosphonium ,-921.735725,0.231638,0.297102,576.4757040000001,-0.40166,-0.14189,3.9902,-921.504087,-921.438623,7.065744000000001,Gaussian,QC,"opt+freq: b3lyp/6-311G** em=gd3bj
energy: M062X/6-311G+(2d, p) em=gd3"
566,c-c19+c-b8+c-b10+c-b44,CC#CCC[P+](CCC)(CCCC)CCCC(C)C,tetraphosphonium ,-1048.5626142,0.430381,0.516969,762.4963440000001,-0.37757,-0.10695,2.9516,-1048.1322332,-1048.0456452,7.360864,Gaussian,QC,"opt+freq: b3lyp/6-311G** em=gd3bj
energy: M062X/6-311G+(2d, p) em=gd3"
567,c-c19+c-b39+c-b65+c-b73,CCC#CCC[P+](CCCC)(CCOC)CCC(C)C,tetraphosphonium ,-1123.7595092,0.432963,0.522658,789.8513360000001,-0.37689,-0.111,2.2254,-1123.3265462,-1123.2368512,7.232208,Gaussian,QC,"opt+freq: b3lyp/6-311G** em=gd3bj
energy: M062X/6-311G+(2d, p) em=gd3"
568,c-c19+c-b18+c-b79+c-b81,CCCC[P+](CCCC)(CCCCO)CC(=O)CC,tetraphosphonium ,-1121.648138,0.410672,0.494176,735.333816,-0.39422,-0.16734,3.5446,-1121.237466,-1121.153962,6.171136000000001,Gaussian,QC,"opt+freq: b3lyp/6-311G** em=gd3bj
energy: M062X/6-311G+(2d, p) em=gd3"
569,c-c19+c-b6+c-b10+c-b22,CCCC[P+](CCC)(CCCN)Cc1ccc(Cl)cc1,tetraphosphonium ,-1521.8584037,0.374699,0.454768,705.0793120000001,-0.35238,-0.14505,7.1799,-1521.4837047,-1521.4036357,5.639376,Gaussian,QC,"opt+freq: b3lyp/6-311G** em=gd3bj
energy: M062X/6-311G+(2d, p) em=gd3"
570,c-c19+c-b4+c-b29+c-b79,CCCC[P+](CCCO)(CCCCO)CC(C)C,tetraphosphonium ,-1083.545244,0.40848,0.488774,707.0708960000001,-0.37561,-0.10674,2.0191,-1083.136764,-1083.05647,7.313263999999999,Gaussian,QC,"opt+freq: b3lyp/6-311G** em=gd3bj
energy: M062X/6-311G+(2d, p) em=gd3"
571,c-c19+c-b4+c-b79+c-b81,CCCC[P+](CCCC)(CCCO)CCCCO,tetraphosphonium ,-1083.5415822,0.409068,0.489267,706.221544,-0.37322,-0.1097,2.2338,-1083.1325142,-1083.0523152,7.167743999999999,Gaussian,QC,"opt+freq: b3lyp/6-311G** em=gd3bj
energy: M062X/6-311G+(2d, p) em=gd3"
572,c-c19+c-b4+c-b43+c-b60,C=CCC[P+](CCC#N)(CCCC)CCCO,tetraphosphonium ,-1020.7149136,0.327784,0.402517,658.0929920000001,-0.38482,-0.12946,2.9194,-1020.3871296,-1020.3123966,6.945792000000001,Gaussian,QC,"opt+freq: b3lyp/6-311G** em=gd3bj
energy: M062X/6-311G+(2d, p) em=gd3"
573,c-c19+c-b13+c-b38+c-b40,C#CCC[P+](CCCC)(CCCC#N)CN(C)C,tetraphosphonium ,-1038.884542,0.34184,0.419545,684.2680960000001,-0.35926,-0.12848,4.017,-1038.542702,-1038.464997,6.277216,Gaussian,QC,"opt+freq: b3lyp/6-311G** em=gd3bj
energy: M062X/6-311G+(2d, p) em=gd3"
574,c-c125+c-b39,CC[P+](CC)(CC)CCCOC,tetraphosphonium ,-811.7750081,0.271521,0.337351,579.6932,-0.37259,-0.12009,5.2328,-811.5034871,-811.4376571,6.867999999999999,Gaussian,QC,"opt+freq: b3lyp/6-311G** em=gd3bj
energy: M062X/6-311G+(2d, p) em=gd3"
575,c-c19+c-b10+c-b39+c-b41,CCCC[P+](CCC)(CCOC)CC1COC(C)(C)O1,tetraphosphonium ,-1196.8611049,0.416002,0.498956,730.48456,-0.36677,-0.10885,6.5362,-1196.4451029,-1196.3621489,7.015423999999999,Gaussian,QC,"opt+freq: b3lyp/6-311G** em=gd3bj
energy: M062X/6-311G+(2d, p) em=gd3"
576,c-c19+c-b30+c-b60+c-b77,C=CCC[P+](CCCC)(CCCCC)CCC(F)(F)F,tetraphosphonium ,-1268.9277967,0.379137,0.462413,733.32968,-0.38527,-0.12414,5.2432,-1268.5486597,-1268.4653837,7.102735999999999,Gaussian,QC,"opt+freq: b3lyp/6-311G** em=gd3bj
energy: M062X/6-311G+(2d, p) em=gd3"
577,c-c19+c-b19+c-b28+c-b79,C=CCCC[P+](CCCC)(CCCCO)CCCCF,tetraphosphonium ,-1184.9379611,0.425519,0.511625,758.249584,-0.37255,-0.11503,3.3057,-1184.5124421,-1184.4263361,7.004543999999999,Gaussian,QC,"opt+freq: b3lyp/6-311G** em=gd3bj
energy: M062X/6-311G+(2d, p) em=gd3"
578,c-c19+c-b10+c-b16+c-b60,C=CCC[P+](CCC)(CCCC)CCCCC#N,tetraphosphonium ,-1024.1109467,0.374435,0.454517,705.200648,-0.39328,-0.12937,5.5425,-1023.7365117,-1023.6564297,7.178351999999999,Gaussian,QC,"opt+freq: b3lyp/6-311G** em=gd3bj
energy: M062X/6-311G+(2d, p) em=gd3"
579,c-c19+c-b13+c-b28+c-b73,C=CCCC[P+](CCCC)(CCCC#N)CCC(C)C,tetraphosphonium ,-1102.7193567,0.42685,0.511853,748.530152,-0.37093,-0.12604,5.6267,-1102.2925067,-1102.2075037,6.661007999999999,Gaussian,QC,"opt+freq: b3lyp/6-311G** em=gd3bj
energy: M062X/6-311G+(2d, p) em=gd3"
580,c-c19+c-b13+c-b39+c-b58,CCCC[P+](CCCC#N)(CCOC)CCC(=O)O,tetraphosphonium ,-1171.2025708,0.333356,0.414316,712.936864,-0.37999,-0.14173,3.967,-1170.8692148,-1170.7882548,6.480672,Gaussian,QC,"opt+freq: b3lyp/6-311G** em=gd3bj
energy: M062X/6-311G+(2d, p) em=gd3"
581,c-c124+c-b29,CCCC[P+](CCCC)(CCCC)CCC(C)C,tetraphosphonium ,-1011.7164965,0.453272,0.534308,713.606304,-0.43682,-0.11198,2.7525,-1011.2632245,-1011.1821885,8.835648,Gaussian,QC,"opt+freq: b3lyp/6-311G** em=gd3bj
energy: M062X/6-311G+(2d, p) em=gd3"
582,c-c19+c-b16+c-b37+c-b76,CCCC[P+](CCCCC#N)(CCC(C)O)COC,tetraphosphonium ,-1136.4531056,0.374537,0.459551,748.634752,-0.38206,-0.12864,2.8132,-1136.0785686,-1135.9935546,6.893024,Gaussian,QC,"opt+freq: b3lyp/6-311G** em=gd3bj
energy: M062X/6-311G+(2d, p) em=gd3"
583,c-c19+c-b38+c-b43+c-b44,C#CCC[P+](CCC#N)(CCCC)CCCC(C)C,tetraphosphonium ,-1062.1734849,0.377448,0.459695,724.267136,-0.41071,-0.12886,4.3613,-1061.7960369,-1061.7137899,7.666320000000001,Gaussian,QC,"opt+freq: b3lyp/6-311G** em=gd3bj
energy: M062X/6-311G+(2d, p) em=gd3"
584,c-c19+c-b10+c-b39+c-b83,CCCCCCC[P+](CCC)(CCCC)CCOC,tetraphosphonium ,-1086.9247035,0.454149,0.540641,761.6428080000001,-0.39535,-0.10505,4.5154,-1086.4705545,-1086.3840625,7.89616,Gaussian,QC,"opt+freq: b3lyp/6-311G** em=gd3bj
energy: M062X/6-311G+(2d, p) em=gd3"
585,c-c19+c-b43+c-b81+c-b83,CCCCCCC[P+](CCC#N)(CCCC)CCCC,tetraphosphonium ,-1103.9448938,0.449862,0.535711,755.98604,-0.41237,-0.12714,5.5852,-1103.4950318,-1103.4091828,7.758255999999999,Gaussian,QC,"opt+freq: b3lyp/6-311G** em=gd3bj
energy: M062X/6-311G+(2d, p) em=gd3"
586,c-c19+c-b10+c-b41+c-b43,CCCC[P+](CCC)(CCC#N)CC1COC(C)(C)O1,tetraphosphonium ,-1174.5947795,0.384776,0.466002,715.2757200000001,-0.36209,-0.14159,5.2484,-1174.2100035,-1174.1287775,5.9976,Gaussian,QC,"opt+freq: b3lyp/6-311G** em=gd3bj
energy: M062X/6-311G+(2d, p) em=gd3"
587,c-c19+c-b28+c-b43+c-b47,C=CCCC[P+](CCC#N)(CCCC)CC(C)(C)C,tetraphosphonium ,-1063.4146281,0.400088,0.482061,721.857152,-0.37092,-0.12692,4.4906,-1063.0145401,-1062.9325671,6.6368,Gaussian,QC,"opt+freq: b3lyp/6-311G** em=gd3bj
energy: M062X/6-311G+(2d, p) em=gd3"
588,c-c19+c-b29+c-b30+c-b79,CCCCC[P+](CCCC)(CCCCO)CC(C)C,tetraphosphonium ,-1086.9333628,0.455425,0.540493,749.10336,-0.38106,-0.10829,1.9522,-1086.4779378,-1086.3928698,7.419344,Gaussian,QC,"opt+freq: b3lyp/6-311G** em=gd3bj
energy: M062X/6-311G+(2d, p) em=gd3"
589,c-c19+c-b10+c-b37+c-b60,C=CCC[P+](CCC)(CCCC)CCC(C)O,tetraphosphonium ,-1007.0961526,0.380099,0.458812,693.1423599999999,-0.38567,-0.12535,3.4727,-1006.7160536,-1006.6373406,7.080704,Gaussian,QC,"opt+freq: b3lyp/6-311G** em=gd3bj
energy: M062X/6-311G+(2d, p) em=gd3"
590,c-c19+c-b11+c-b30+c-b60,C=CCC[P+](CCCC)(CCCCC)CC(F)(F)F,tetraphosphonium ,-1229.6156658,0.350887,0.433208,724.91984,-0.39478,-0.13602,4.8893,-1229.2647788,-1229.1824578,7.038271999999999,Gaussian,QC,"opt+freq: b3lyp/6-311G** em=gd3bj
energy: M062X/6-311G+(2d, p) em=gd3"
591,c-c19+c-b10+c-b28+c-b76,C=CCCC[P+](CCC)(CCCC)COC,tetraphosphonium ,-967.7685361,0.354489,0.429969,664.6744239999999,-0.36617,-0.12153,3.8129,-967.4140471000001,-967.3385671,6.654208,Gaussian,QC,"opt+freq: b3lyp/6-311G** em=gd3bj
energy: M062X/6-311G+(2d, p) em=gd3"
592,c-c19+c-b16+c-b38+c-b43,C#CCC[P+](CCC#N)(CCCC)CCCCC#N,tetraphosphonium ,-1075.793591,0.324692,0.403203,691.3641600000001,-0.41594,-0.13783,2.4326,-1075.468899,-1075.390388,7.564591999999999,Gaussian,QC,"opt+freq: b3lyp/6-311G** em=gd3bj
energy: M062X/6-311G+(2d, p) em=gd3"
593,c-c19+c-b10+c-b72+c-b73,CCCC[P+](CCC)(CCC(C)C)CCC(C)CC,tetraphosphonium ,-1051.0212293,0.476467,0.562725,759.5842799999999,-0.42739,-0.11047,3.6651,-1050.5447623,-1050.4585043,8.620223999999999,Gaussian,QC,"opt+freq: b3lyp/6-311G** em=gd3bj
energy: M062X/6-311G+(2d, p) em=gd3"
594,c-c19+c-b6+c-b16+c-b81,CCCC[P+](CCCC)(CCCN)CCCCC#N,tetraphosphonium ,-1080.6800706,0.412834,0.496229,734.3756800000001,-0.3585,-0.11984,5.6359,-1080.2672366,-1080.1838416,6.491552,Gaussian,QC,"opt+freq: b3lyp/6-311G** em=gd3bj
energy: M062X/6-311G+(2d, p) em=gd3"
595,c-c19+c-b11+c-b28+c-b79,C=CCCC[P+](CCCC)(CCCCO)CC(F)(F)F,tetraphosphonium ,-1304.8351086,0.354781,0.439354,744.7478160000001,-0.36907,-0.12296,4.2191,-1304.4803276,-1304.3957546,6.694192,Gaussian,QC,"opt+freq: b3lyp/6-311G** em=gd3bj
energy: M062X/6-311G+(2d, p) em=gd3"
596,c-c19+c-b13+c-b45+c-b60,C=CCC[P+](CCCC)(CCCC#N)CC(=O)O,tetraphosphonium ,-1094.7669932,0.30707,0.385197,687.987672,-0.39372,-0.14508,3.4675,-1094.4599232,-1094.3817962,6.763008000000001,Gaussian,QC,"opt+freq: b3lyp/6-311G** em=gd3bj
energy: M062X/6-311G+(2d, p) em=gd3"
597,c-c19+c-b30+c-b38+c-b44,C#CCC[P+](CCCC)(CCCCC)CCCC(C)C,tetraphosphonium ,-1087.8567689,0.457632,0.545675,775.303568,-0.39923,-0.11262,2.6772,-1087.3991369,-1087.3110939,7.795791999999999,Gaussian,QC,"opt+freq: b3lyp/6-311G** em=gd3bj
energy: M062X/6-311G+(2d, p) em=gd3"
598,c-c19+c-b37+c-b43+c-b78,CCCCCC[P+](CCC#N)(CCCC)CCC(C)O,tetraphosphonium ,-1139.8634597,0.426754,0.512003,750.697464,-0.39089,-0.12724,5.2875,-1139.4367057,-1139.3514567,7.171280000000001,Gaussian,QC,"opt+freq: b3lyp/6-311G** em=gd3bj
energy: M062X/6-311G+(2d, p) em=gd3"
599,c-c19+c-b13+c-b38+c-b39,C#CCC[P+](CCCC)(CCCC#N)CCOC,tetraphosphonium ,-1058.7706501,0.330915,0.408257,681.0798880000001,-0.39842,-0.1186,3.942,-1058.4397351,-1058.3623931,7.611104,Gaussian,QC,"opt+freq: b3lyp/6-311G** em=gd3bj
energy: M062X/6-311G+(2d, p) em=gd3"
600,c-c19+c-b10+c-b28+c-b44,C=CCCC[P+](CCC)(CCCC)CCCC(C)C,tetraphosphonium ,-1049.7906054,0.453972,0.539827,756.040432,-0.37042,-0.11301,3.8946,-1049.3366334,-1049.2507784,7.001552,Gaussian,QC,"opt+freq: b3lyp/6-311G** em=gd3bj
energy: M062X/6-311G+(2d, p) em=gd3"
601,c-c19+c-b11+c-b38+c-b79,C#CCC[P+](CCCC)(CCCCO)CC(F)(F)F,tetraphosphonium ,-1264.2882723,0.306636,0.387175,709.2214720000001,-0.38567,-0.127,3.579,-1263.9816363,-1263.9010973,7.035824,Gaussian,QC,"opt+freq: b3lyp/6-311G** em=gd3bj
energy: M062X/6-311G+(2d, p) em=gd3"
602,c-c19+c-b11+c-b30+c-b79,CCCCC[P+](CCCC)(CCCCO)CC(F)(F)F,tetraphosphonium ,-1306.0721312,0.379895,0.46317,733.317128,-0.40017,-0.11455,3.4107,-1305.6922362,-1305.6089612,7.768864000000001,Gaussian,QC,"opt+freq: b3lyp/6-311G** em=gd3bj
energy: M062X/6-311G+(2d, p) em=gd3"
603,c-c19+c-b4+c-b77+c-b81,CCCC[P+](CCCC)(CCCO)CCC(F)(F)F,tetraphosphonium ,-1266.7729635,0.355205,0.434253,696.09208,-0.40569,-0.11912,4.631,-1266.4177585,-1266.3387105,7.794703999999999,Gaussian,QC,"opt+freq: b3lyp/6-311G** em=gd3bj
energy: M062X/6-311G+(2d, p) em=gd3"
604,c-c19+c-b13+c-b30+c-b60,C=CCC[P+](CCCC)(CCCC#N)CCCCC,tetraphosphonium ,-1063.4118650999999,0.401493,0.483643,723.4136000000001,-0.38994,-0.12931,5.269,-1063.0103721,-1062.9282221,7.089136000000001,Gaussian,QC,"opt+freq: b3lyp/6-311G** em=gd3bj
energy: M062X/6-311G+(2d, p) em=gd3"
605,c-c19+c-b10+c-b19+c-b60,C=CCC[P+](CCC)(CCCC)CCCCF,tetraphosphonium ,-1031.1108086,0.370701,0.447604,677.209688,-0.39228,-0.12944,4.8458,-1030.7401076,-1030.6632046,7.149248,Gaussian,QC,"opt+freq: b3lyp/6-311G** em=gd3bj
energy: M062X/6-311G+(2d, p) em=gd3"
606,c-c19+c-b10+c-b38+c-b39,C#CCC[P+](CCC)(CCCC)CCOC,tetraphosphonium ,-966.5360419,0.330621,0.406828,671.0759439999999,-0.39599,-0.10934,1.5264,-966.2054209,-966.1292139,7.79688,Gaussian,QC,"opt+freq: b3lyp/6-311G** em=gd3bj
energy: M062X/6-311G+(2d, p) em=gd3"
607,c-c19+c-b16+c-b38+c-b81,C#CCC[P+](CCCC)(CCCC)CCCCC#N,tetraphosphonium ,-1062.1671476,0.386748,0.462301,665.31876,-0.36664,-0.12453,4.5961,-1061.7803996,-1061.7048466,6.585392000000001,Gaussian,QC,"opt+freq: b3lyp/6-311G** em=gd3bj
energy: M062X/6-311G+(2d, p) em=gd3"
608,c-c19+c-b6+c-b38+c-b78,C#CCC[P+](CCCC)(CCCN)CCCCCC,tetraphosphonium ,-1064.5937514,0.423608,0.507047,734.760608,-0.36455,-0.11229,3.6387,-1064.1701434,-1064.0867044,6.861471999999999,Gaussian,QC,"opt+freq: b3lyp/6-311G** em=gd3bj
energy: M062X/6-311G+(2d, p) em=gd3"
609,c-c19+c-b31+c-b38+c-b81,C#CCC[P+](CCCC)(CCCC)CCCC(F)(F)F,tetraphosphonium ,-1267.6904761,0.355016,0.439072,740.187256,-0.39783,-0.1181,4.7802,-1267.3354601,-1267.2514041,7.608656000000001,Gaussian,QC,"opt+freq: b3lyp/6-311G** em=gd3bj
energy: M062X/6-311G+(2d, p) em=gd3"
610,c-c19+c-b4+c-b58+c-b79,CCCC[P+](CCCO)(CCCCO)CCC(=O)O,tetraphosphonium ,-1193.5223237,0.370599,0.449923,698.522984,-0.3779,-0.13703,1.4513,-1193.1517247,-1193.0724007,6.551664,Gaussian,QC,"opt+freq: b3lyp/6-311G** em=gd3bj
energy: M062X/6-311G+(2d, p) em=gd3"
611,c-c19+c-b60+c-b65+c-b81,C=CCC[P+](CCC#CCC)(CCCC)CCCC,tetraphosphonium ,-1047.3200764,0.405645,0.494027,778.2825760000001,-0.35876,-0.12253,2.5349,-1046.9144314,-1046.8260494,6.425456000000001,Gaussian,QC,"opt+freq: b3lyp/6-311G** em=gd3bj
energy: M062X/6-311G+(2d, p) em=gd3"
612,c-c19+c-b11+c-b28+c-b30,C=CCCC[P+](CCCC)(CCCCC)CC(F)(F)F,tetraphosphonium ,-1268.9168168,0.376856,0.462133,750.9526880000001,-0.36448,-0.12783,4.8105,-1268.5399608,-1268.4546838,6.43688,Gaussian,QC,"opt+freq: b3lyp/6-311G** em=gd3bj
energy: M062X/6-311G+(2d, p) em=gd3"
613,c-c19+c-b29+c-b30+c-b78,CCCCCC[P+](CCCC)(CCCCC)CC(C)C,tetraphosphonium ,-1090.3242098,0.503012,0.592315,786.395352,-0.41973,-0.11017,3.1883,-1089.8211978,-1089.7318948,8.420031999999999,Gaussian,QC,"opt+freq: b3lyp/6-311G** em=gd3bj
energy: M062X/6-311G+(2d, p) em=gd3"
614,c-c19+c-b4+c-b11+c-b38,C#CCC[P+](CCCC)(CCCO)CC(F)(F)F,tetraphosphonium ,-1224.9826734,0.28175,0.357913,670.6910160000001,-0.39471,-0.12774,4.4284,-1224.7009234,-1224.6247604,7.261584000000001,Gaussian,QC,"opt+freq: b3lyp/6-311G** em=gd3bj
energy: M062X/6-311G+(2d, p) em=gd3"
615,c-c19+c-b13+c-b58+c-b81,CCCC[P+](CCCC)(CCCC#N)CCC(=O)O,tetraphosphonium ,-1135.2992758,0.358314,0.437888,700.7237680000001,-0.41212,-0.14064,5.5331,-1134.9409618,-1134.8613878,7.384256,Gaussian,QC,"opt+freq: b3lyp/6-311G** em=gd3bj
energy: M062X/6-311G+(2d, p) em=gd3"
616,c-c2+c-b6,CC[P+](CC)(CC)COCCN,tetraphosphonium ,-827.8234012,0.262806,0.3271,566.166328,-0.37422,-0.12319,2.1144,-827.5605952000001,-827.4963012000001,6.828015999999999,Gaussian,QC,"opt+freq: b3lyp/6-311G** em=gd3bj
energy: M062X/6-311G+(2d, p) em=gd3"
617,c-c19+c-b8+c-b60+c-b76,C=CCC[P+](CCC#CC)(CCCC)COC,tetraphosphonium ,-1004.6116047,0.332495,0.412277,702.5521759999999,-0.37592,-0.12025,2.6014,-1004.2791097,-1004.1993277,6.954223999999998,Gaussian,QC,"opt+freq: b3lyp/6-311G** em=gd3bj
energy: M062X/6-311G+(2d, p) em=gd3"
618,c-c19+c-b19+c-b38+c-b60,C#CCC[P+](CCC=C)(CCCC)CCCCF,tetraphosphonium ,-1067.942607,0.351893,0.430028,688.0504320000001,-0.38812,-0.12475,2.8097,-1067.590714,-1067.512579,7.163664,Gaussian,QC,"opt+freq: b3lyp/6-311G** em=gd3bj
energy: M062X/6-311G+(2d, p) em=gd3"
619,c-c19+c-b6+c-b10+c-b46,CCCC[P+](CCC)(CCCN)Cc1ccc(C)cc1,tetraphosphonium ,-1101.5690661,0.409638,0.491541,721.229552,-0.35193,-0.12936,3.4157,-1101.1594281,-1101.0775251,6.053904,Gaussian,QC,"opt+freq: b3lyp/6-311G** em=gd3bj
energy: M062X/6-311G+(2d, p) em=gd3"
620,c-c19+c-b30+c-b76+c-b81,CCCCC[P+](CCCC)(CCCC)COC,tetraphosphonium ,-1008.3038561,0.403046,0.482327,698.154792,-0.41178,-0.11856,3.0927,-1007.9008101,-1007.8215291,7.975584,Gaussian,QC,"opt+freq: b3lyp/6-311G** em=gd3bj
energy: M062X/6-311G+(2d, p) em=gd3"
621,c-c19+c-b4+c-b43+c-b58,CCCC[P+](CCC#N)(CCCO)CCC(=O)O,tetraphosphonium ,-1131.9172774,0.311359,0.38597,657.026072,-0.40266,-0.13263,3.7005,-1131.6059184,-1131.5313074,7.344816,Gaussian,QC,"opt+freq: b3lyp/6-311G** em=gd3bj
energy: M062X/6-311G+(2d, p) em=gd3"
622,c-c19+c-b6+c-b30+c-b39,CCCCC[P+](CCCC)(CCCN)CCOC,tetraphosphonium ,-1063.6654059,0.420165,0.501751,718.447192,-0.37002,-0.10172,3.4848,-1063.2452409,-1063.1636549,7.297759999999999,Gaussian,QC,"opt+freq: b3lyp/6-311G** em=gd3bj
energy: M062X/6-311G+(2d, p) em=gd3"
623,c-c19+c-b11+c-b38+c-b47,C#CCC[P+](CCCC)(CC(C)(C)C)CC(F)(F)F,tetraphosphonium ,-1228.3754321,0.330328,0.408626,689.493912,-0.40426,-0.13097,4.5226,-1228.0451041,-1227.9668061,7.433488000000001,Gaussian,QC,"opt+freq: b3lyp/6-311G** em=gd3bj
energy: M062X/6-311G+(2d, p) em=gd3"
624,c-c19+c-b7+c-b10+c-b60,C=CCC[P+](CCC)(CCCC)CCCC(C)CC,tetraphosphonium ,-1049.792676,0.454265,0.539954,754.580216,-0.38399,-0.1226,3.7298,-1049.338411,-1049.252722,7.109808,Gaussian,QC,"opt+freq: b3lyp/6-311G** em=gd3bj
energy: M062X/6-311G+(2d, p) em=gd3"
625,c-c19+c-b4+c-b43+c-b73,CCCC[P+](CCC#N)(CCCO)CCC(C)C,tetraphosphonium ,-1061.2542171,0.376454,0.454378,686.192736,-0.40103,-0.12679,3.2881,-1060.8777631,-1060.7998391,7.459327999999999,Gaussian,QC,"opt+freq: b3lyp/6-311G** em=gd3bj
energy: M062X/6-311G+(2d, p) em=gd3"
626,c-c19+c-b4+c-b38+c-b81,C#CCC[P+](CCCC)(CCCC)CCCO,tetraphosphonium ,-1005.8547162,0.358301,0.436439,688.083904,-0.39574,-0.10994,2.7075,-1005.4964152,-1005.4182772,7.773759999999999,Gaussian,QC,"opt+freq: b3lyp/6-311G** em=gd3bj
energy: M062X/6-311G+(2d, p) em=gd3"
627,c-c19+c-b37+c-b47+c-b60,C=CCC[P+](CCCC)(CCC(C)O)CC(C)(C)C,tetraphosphonium ,-1085.7069751,0.431297,0.515726,743.47588,-0.37989,-0.12413,3.6044,-1085.2756781,-1085.1912491,6.956671999999999,Gaussian,QC,"opt+freq: b3lyp/6-311G** em=gd3bj
energy: M062X/6-311G+(2d, p) em=gd3"
628,c-c19+c-b30+c-b60+c-b78,C=CCC[P+](CCCC)(CCCCC)CCCCCC,tetraphosphonium ,-1089.0945428,0.480907,0.569687,781.792952,-0.38512,-0.12298,2.3597,-1088.6136358,-1088.5248558,7.130208000000001,Gaussian,QC,"opt+freq: b3lyp/6-311G** em=gd3bj
energy: M062X/6-311G+(2d, p) em=gd3"
629,c-c19+c-b38+c-b39+c-b83,C#CCC[P+](CCCC)(CCCCCCC)CCOC,tetraphosphonium ,-1123.7559593,0.433836,0.522975,784.9560560000001,-0.39217,-0.11127,4.5327,-1123.3221233,-1123.2329843,7.640480000000001,Gaussian,QC,"opt+freq: b3lyp/6-311G** em=gd3bj
energy: M062X/6-311G+(2d, p) em=gd3"
630,c-c19+c-b10+c-b11+c-b81,CCCC[P+](CCC)(CCCC)CC(F)(F)F,tetraphosphonium ,-1152.2334046,0.3227,0.398493,667.43168,-0.45307,-0.12957,5.1094,-1151.9107046,-1151.8349116,8.7992,Gaussian,QC,"opt+freq: b3lyp/6-311G** em=gd3bj
energy: M062X/6-311G+(2d, p) em=gd3"
631,c-c19+c-b6+c-b47+c-b81,CCCC[P+](CCCC)(CCCN)CC(C)(C)C,tetraphosphonium ,-1027.7640345,0.442953,0.523362,708.083424,-0.36103,-0.10044,0.9836,-1027.3210815,-1027.2406725,7.088048,Gaussian,QC,"opt+freq: b3lyp/6-311G** em=gd3bj
energy: M062X/6-311G+(2d, p) em=gd3"
632,c-c19+c-b4+c-b43+c-b79,CCCC[P+](CCC#N)(CCCO)CCCCO,tetraphosphonium ,-1097.1624378,0.35369,0.432062,690.1466160000001,-0.38067,-0.12664,1.5421,-1096.8087478,-1096.7303758,6.909615999999999,Gaussian,QC,"opt+freq: b3lyp/6-311G** em=gd3bj
energy: M062X/6-311G+(2d, p) em=gd3"
633,c-c19+c-b28+c-b76+c-b78,C=CCCC[P+](CCCC)(CCCCCC)COC,tetraphosphonium ,-1085.6836702,0.431891,0.516914,748.710064,-0.36383,-0.11877,3.9725,-1085.2517792,-1085.1667562,6.665632,Gaussian,QC,"opt+freq: b3lyp/6-311G** em=gd3bj
energy: M062X/6-311G+(2d, p) em=gd3"
634,c-c19+c-b4+c-b39+c-b60,C=CCC[P+](CCCC)(CCCO)CCOC,tetraphosphonium ,-1043.0002856,0.35759,0.436291,693.0377599999999,-0.36934,-0.10683,2.7575,-1042.6426956,-1042.5639946,7.140272,Gaussian,QC,"opt+freq: b3lyp/6-311G** em=gd3bj
energy: M062X/6-311G+(2d, p) em=gd3"
635,c-c19+c-b73+c-b79+c-b81,CCCC[P+](CCCC)(CCCCO)CCC(C)C,tetraphosphonium ,-1086.9344159,0.456624,0.540481,738.442528,-0.37787,-0.11002,2.6124,-1086.4777919,-1086.3939349,7.285519999999999,Gaussian,QC,"opt+freq: b3lyp/6-311G** em=gd3bj
energy: M062X/6-311G+(2d, p) em=gd3"
636,c-c19+c-b30+c-b58+c-b60,C=CCC[P+](CCCC)(CCCCC)CCC(=O)O,tetraphosphonium ,-1120.4438979,0.389894,0.471482,718.468112,-0.38213,-0.1347,3.1753,-1120.0540039,-1119.9724159,6.730096000000001,Gaussian,QC,"opt+freq: b3lyp/6-311G** em=gd3bj
energy: M062X/6-311G+(2d, p) em=gd3"
637,c-c19+c-b4+c-b72+c-b79,CCCC[P+](CCCO)(CCCCO)CCC(C)CC,tetraphosphonium ,-1162.1536336,0.459608,0.546984,769.4334160000001,-0.38535,-0.10468,1.2103,-1161.6940256,-1161.6066496,7.634224000000001,Gaussian,QC,"opt+freq: b3lyp/6-311G** em=gd3bj
energy: M062X/6-311G+(2d, p) em=gd3"
638,c-c19+c-b43+c-b73+c-b79,CCCC[P+](CCC#N)(CCCCO)CCC(C)C,tetraphosphonium ,-1100.5560243,0.401589,0.483233,718.9576400000001,-0.37722,-0.12665,5.4431,-1100.1544353,-1100.0727913,6.815503999999999,Gaussian,QC,"opt+freq: b3lyp/6-311G** em=gd3bj
energy: M062X/6-311G+(2d, p) em=gd3"
639,c-c19+c-b10+c-b18+c-b79,CCCC[P+](CCC)(CCCCO)CC(=O)CC,tetraphosphonium ,-1082.3427032,0.384002,0.464996,713.2339280000001,-0.38966,-0.16719,4.1271,-1081.9587012,-1081.8777072,6.051184,Gaussian,QC,"opt+freq: b3lyp/6-311G** em=gd3bj
energy: M062X/6-311G+(2d, p) em=gd3"
640,c-c19+c-b6+c-b73+c-b81,CCCC[P+](CCCC)(CCCN)CCC(C)C,tetraphosphonium ,-1027.762134,0.444151,0.524129,704.284352,-0.36364,-0.10856,2.2906,-1027.317983,-1027.238005,6.938176,Gaussian,QC,"opt+freq: b3lyp/6-311G** em=gd3bj
energy: M062X/6-311G+(2d, p) em=gd3"
641,c-c124+c-b72,CCCC[P+](CCCC)(CCCC)CCCC(C)CC,tetraphosphonium ,-1090.3272989,0.501855,0.59232,796.6336,-0.41776,-0.10981,3.1613,-1089.8254439,-1089.7349789,8.37624,Gaussian,QC,"opt+freq: b3lyp/6-311G** em=gd3bj
energy: M062X/6-311G+(2d, p) em=gd3"
642,c-c19+c-b10+c-b60+c-b81,C=CCC[P+](CCC)(CCCC)CCCC,tetraphosphonium ,-931.8739059,0.377079,0.453389,671.988056,-0.38598,-0.12291,2.267,-931.4968269,-931.4205168999999,7.155503999999999,Gaussian,QC,"opt+freq: b3lyp/6-311G** em=gd3bj
energy: M062X/6-311G+(2d, p) em=gd3"
643,c-c19+c-b40+c-b68+c-b81,CCCC[P+](CCCC)(CCCCC(C)C)CN(C)C,tetraphosphonium ,-1106.3493247,0.491956,0.580318,778.115216,-0.35493,-0.11072,4.8782,-1105.8573687,-1105.7690067,6.642512000000001,Gaussian,QC,"opt+freq: b3lyp/6-311G** em=gd3bj
energy: M062X/6-311G+(2d, p) em=gd3"
644,c-c19+c-b30+c-b38+c-b77,C#CCC[P+](CCCC)(CCCCC)CCC(F)(F)F,tetraphosphonium ,-1267.6874083,0.354964,0.438971,739.7563040000001,-0.39935,-0.12366,5.2987,-1267.3324443,-1267.2484373,7.498767999999999,Gaussian,QC,"opt+freq: b3lyp/6-311G** em=gd3bj
energy: M062X/6-311G+(2d, p) em=gd3"
645,c-c124+c-b13,CCCC[P+](CCCC)(CCCC)CCCCC#N,tetraphosphonium ,-1064.6413495,0.423753,0.506904,732.229288,-0.42422,-0.11935,6.299,-1064.2175965,-1064.1344455,8.292463999999999,Gaussian,QC,"opt+freq: b3lyp/6-311G** em=gd3bj
energy: M062X/6-311G+(2d, p) em=gd3"
646,c-c19+c-b13+c-b47+c-b81,CCCC[P+](CCCC)(CCCC#N)CC(C)(C)C,tetraphosphonium ,-1064.6496481,0.424409,0.505653,715.434712,-0.43929,-0.11631,3.8634,-1064.2252391,-1064.1439951,8.785056,Gaussian,QC,"opt+freq: b3lyp/6-311G** em=gd3bj
energy: M062X/6-311G+(2d, p) em=gd3"
647,c-c19+c-b8+c-b30+c-b81,CC#CCC[P+](CCCC)(CCCC)CCCCC,tetraphosphonium ,-1048.5598878,0.430274,0.517442,767.5924560000001,-0.37743,-0.10626,1.0539,-1048.1296138,-1048.0424458,7.375824000000001,Gaussian,QC,"opt+freq: b3lyp/6-311G** em=gd3bj
energy: M062X/6-311G+(2d, p) em=gd3"
648,c-c19+c-b10+c-b19+c-b30,CCCCC[P+](CCC)(CCCC)CCCCF,tetraphosphonium ,-1071.6453414,0.419077,0.499935,712.03312,-0.43362,-0.11754,5.0107,-1071.2262644,-1071.1454064,8.597376,Gaussian,QC,"opt+freq: b3lyp/6-311G** em=gd3bj
energy: M062X/6-311G+(2d, p) em=gd3"
649,c-c19+c-b10+c-b37+c-b58,CCCC[P+](CCC)(CCC(=O)O)CCC(C)O,tetraphosphonium ,-1118.2990913,0.367127,0.442986,668.013256,-0.39784,-0.14117,4.6376,-1117.9319643,-1117.8561053,6.981424000000001,Gaussian,QC,"opt+freq: b3lyp/6-311G** em=gd3bj
energy: M062X/6-311G+(2d, p) em=gd3"
650,c-c19+c-b4+c-b28+c-b43,C=CCCC[P+](CCC#N)(CCCC)CCCO,tetraphosphonium ,-1060.0204668,0.353725,0.431507,684.94172,-0.37557,-0.12992,3.1708,-1059.6667418,-1059.5889598,6.68168,Gaussian,QC,"opt+freq: b3lyp/6-311G** em=gd3bj
energy: M062X/6-311G+(2d, p) em=gd3"
651,c-c19+c-b4+c-b16+c-b60,C=CCC[P+](CCCC)(CCCO)CCCCC#N,tetraphosphonium ,-1099.3276424,0.378377,0.460839,726.149936,-0.39485,-0.13068,6.8245,-1098.9492654,-1098.8668034,7.185424,Gaussian,QC,"opt+freq: b3lyp/6-311G** em=gd3bj
energy: M062X/6-311G+(2d, p) em=gd3"
652,c-c19+c-b19+c-b60+c-b78,C=CCC[P+](CCCC)(CCCCF)CCCCCC,tetraphosphonium ,-1149.030883,0.44858,0.534832,759.5340719999999,-0.38576,-0.12223,1.2191,-1148.582303,-1148.496051,7.168016,Gaussian,QC,"opt+freq: b3lyp/6-311G** em=gd3bj
energy: M062X/6-311G+(2d, p) em=gd3"
653,c-c19+c-b37+c-b38+c-b60,C#CCC[P+](CCC=C)(CCCC)CCC(C)O,tetraphosphonium ,-1043.9349544,0.362444,0.441395,695.2469120000001,-0.38447,-0.11887,1.7975,-1043.5725104,-1043.4935594,7.224319999999999,Gaussian,QC,"opt+freq: b3lyp/6-311G** em=gd3bj
energy: M062X/6-311G+(2d, p) em=gd3"
654,c-c19+c-b4+c-b28+c-b65,C=CCCC[P+](CCC#CCC)(CCCC)CCCO,tetraphosphonium ,-1122.5405888,0.412491,0.500364,773.80988,-0.35717,-0.11535,3.8524,-1122.1280978,-1122.0402248,6.577503999999999,Gaussian,QC,"opt+freq: b3lyp/6-311G** em=gd3bj
energy: M062X/6-311G+(2d, p) em=gd3"
655,c-c19+c-b39+c-b65+c-b81,CCC#CCC[P+](CCCC)(CCCC)CCOC,tetraphosphonium ,-1084.4634191,0.408355,0.494255,756.4337280000001,-0.36616,-0.10439,1.6451,-1084.0550641,-1083.9691641,7.120144,Gaussian,QC,"opt+freq: b3lyp/6-311G** em=gd3bj
energy: M062X/6-311G+(2d, p) em=gd3"
656,c-c19+c-b4+c-b13+c-b72,CCCC[P+](CCCO)(CCCC#N)CCC(C)CC,tetraphosphonium ,-1139.87664,0.426024,0.512475,761.2871680000001,-0.41331,-0.11281,6.6908,-1139.450616,-1139.364165,8.173599999999999,Gaussian,QC,"opt+freq: b3lyp/6-311G** em=gd3bj
energy: M062X/6-311G+(2d, p) em=gd3"
657,c-c19+c-b10+c-b36+c-b45,CCCC[P+](CCC)(CC(=O)O)Cc1ccccc1,tetraphosphonium ,-1116.8651512,0.32867,0.403792,661.5238720000001,-0.37195,-0.14679,4.5259,-1116.5364812,-1116.4613592,6.124352,Gaussian,QC,"opt+freq: b3lyp/6-311G** em=gd3bj
energy: M062X/6-311G+(2d, p) em=gd3"
658,c-c19+c-b4+c-b43+c-b78,CCCCCC[P+](CCC#N)(CCCC)CCCO,tetraphosphonium ,-1100.554796,0.401827,0.483871,722.480568,-0.39999,-0.12695,3.9844,-1100.152969,-1100.070925,7.426688,Gaussian,QC,"opt+freq: b3lyp/6-311G** em=gd3bj
energy: M062X/6-311G+(2d, p) em=gd3"
659,c-c19+c-b10+c-b12+c-b38,C#CCC[P+](CCC)(CCCC)CC(=O)C(C)(C)C,tetraphosphonium ,-1083.26087,0.386944,0.468817,720.974328,-0.38058,-0.16275,4.2312,-1082.873926,-1082.792053,5.924975999999999,Gaussian,QC,"opt+freq: b3lyp/6-311G** em=gd3bj
energy: M062X/6-311G+(2d, p) em=gd3"
660,c-c19+c-b43+c-b68+c-b81,CCCC[P+](CCC#N)(CCCC)CCCCC(C)C,tetraphosphonium ,-1103.9460517,0.448675,0.535076,760.8478480000001,-0.41206,-0.12758,4.6859,-1103.4973767,-1103.4109757,7.737855999999999,Gaussian,QC,"opt+freq: b3lyp/6-311G** em=gd3bj
energy: M062X/6-311G+(2d, p) em=gd3"
661,c-c19+c-b16+c-b19+c-b81,CCCC[P+](CCCC)(CCCCF)CCCCC#N,tetraphosphonium ,-1163.8779982,0.41526,0.500857,753.764336,-0.42779,-0.1232,6.3859,-1163.4627382,-1163.3771412,8.284848,Gaussian,QC,"opt+freq: b3lyp/6-311G** em=gd3bj
energy: M062X/6-311G+(2d, p) em=gd3"
662,c-c19+c-b6+c-b28+c-b81,C=CCCC[P+](CCCC)(CCCC)CCCN,tetraphosphonium ,-1026.5290291,0.421497,0.50127,702.476864,-0.35493,-0.11109,2.0328,-1026.1075321,-1026.0277591,6.632448000000001,Gaussian,QC,"opt+freq: b3lyp/6-311G** em=gd3bj
energy: M062X/6-311G+(2d, p) em=gd3"
663,c-c19+c-b4+c-b37+c-b73,CCCC[P+](CCCO)(CCC(C)C)CCC(C)O,tetraphosphonium ,-1122.8561272,0.434868,0.517057,723.756688,-0.38665,-0.10795,4.4295,-1122.4212592,-1122.3390702,7.58064,Gaussian,QC,"opt+freq: b3lyp/6-311G** em=gd3bj
energy: M062X/6-311G+(2d, p) em=gd3"
664,c-c19+c-b8+c-b79+c-b81,CC#CCC[P+](CCCC)(CCCC)CCCCO,tetraphosphonium ,-1084.4672926,0.408915,0.494552,754.115792,-0.37277,-0.11475,3.0151,-1084.0583776,-1083.9727406,7.018143999999999,Gaussian,QC,"opt+freq: b3lyp/6-311G** em=gd3bj
energy: M062X/6-311G+(2d, p) em=gd3"
665,c-c19+c-b38+c-b43+c-b73,C#CCC[P+](CCC#N)(CCCC)CCC(C)C,tetraphosphonium ,-1022.8644712,0.352843,0.430661,685.268072,-0.4118,-0.13282,4.2009,-1022.5116282,-1022.4338102,7.588256,Gaussian,QC,"opt+freq: b3lyp/6-311G** em=gd3bj
energy: M062X/6-311G+(2d, p) em=gd3"
666,c-c19+c-b8+c-b30+c-b45,CC#CCC[P+](CCCC)(CCCCC)CC(=O)O,tetraphosphonium ,-1119.2145686,0.365205,0.448163,730.530584,-0.37903,-0.1402,1.7948,-1118.8493636,-1118.7664056,6.496175999999999,Gaussian,QC,"opt+freq: b3lyp/6-311G** em=gd3bj
energy: M062X/6-311G+(2d, p) em=gd3"
667,c-c19+c-b10+c-b30+c-b37,CCCCC[P+](CCC)(CCCC)CCC(C)O,tetraphosphonium ,-1047.6316304,0.430656,0.511339,710.493408,-0.3879,-0.11313,3.7392,-1047.2009744,-1047.1202914,7.473744,Gaussian,QC,"opt+freq: b3lyp/6-311G** em=gd3bj
energy: M062X/6-311G+(2d, p) em=gd3"
668,c-c19+c-b6+c-b10+c-b36,CCCC[P+](CCC)(CCCN)Cc1ccccc1,tetraphosphonium ,-1062.2556301,0.387338,0.463458,670.310272,-0.36277,-0.13362,3.4447,-1061.8682921,-1061.7921721,6.23288,Gaussian,QC,"opt+freq: b3lyp/6-311G** em=gd3bj
energy: M062X/6-311G+(2d, p) em=gd3"
669,c-c19+c-b13+c-b38+c-b78,C#CCC[P+](CCCC)(CCCC#N)CCCCCC,tetraphosphonium ,-1101.4721556,0.403652,0.489248,753.751784,-0.40439,-0.12754,5.1541,-1101.0685036,-1100.9829076,7.530320000000001,Gaussian,QC,"opt+freq: b3lyp/6-311G** em=gd3bj
energy: M062X/6-311G+(2d, p) em=gd3"
670,c-c19+c-b19+c-b60+c-b81,C=CCC[P+](CCCC)(CCCC)CCCCF,tetraphosphonium ,-1070.4159461,0.396521,0.476557,704.7948,-0.39138,-0.12821,4.0723,-1070.0194251,-1069.9393891,7.158224000000001,Gaussian,QC,"opt+freq: b3lyp/6-311G** em=gd3bj
energy: M062X/6-311G+(2d, p) em=gd3"
671,c-c19+c-b39+c-b43+c-b71,CCCCCCC[P+](CCC#N)(CCCC)CCOC,tetraphosphonium ,-1139.8513816,0.425059,0.512609,770.9605760000001,-0.3992,-0.1263,5.5696,-1139.4263226,-1139.3387726,7.422880000000001,Gaussian,QC,"opt+freq: b3lyp/6-311G** em=gd3bj
energy: M062X/6-311G+(2d, p) em=gd3"
672,c-c19+c-b10+c-b78+c-b81,CCCCCC[P+](CCC)(CCCC)CCCC,tetraphosphonium ,-1011.7129285,0.453392,0.535007,718.689864,-0.42131,-0.11363,4.3741,-1011.2595365,-1011.1779215,8.368896,Gaussian,QC,"opt+freq: b3lyp/6-311G** em=gd3bj
energy: M062X/6-311G+(2d, p) em=gd3"
673,c-c2+c-b23,CC[P+](CC)(CC)COc1cccc(Cl)c1,tetraphosphonium ,-1384.4887737,0.256645,0.325338,604.914352,-0.36247,-0.14463,9.2969,-1384.2321287,-1384.1634357,5.925248,Gaussian,QC,"opt+freq: b3lyp/6-311G** em=gd3bj
energy: M062X/6-311G+(2d, p) em=gd3"
674,c-c19+c-b43+c-b78+c-b79,CCCCCC[P+](CCC#N)(CCCC)CCCCO,tetraphosphonium ,-1139.8578996,0.426867,0.51277,756.450464,-0.37849,-0.12597,4.6416,-1139.4310326,-1139.3451296,6.868543999999999,Gaussian,QC,"opt+freq: b3lyp/6-311G** em=gd3bj
energy: M062X/6-311G+(2d, p) em=gd3"
675,c-c19+c-b38+c-b43+c-b77,C#CCC[P+](CCC#N)(CCCC)CCC(F)(F)F,tetraphosphonium ,-1242.0017678,0.275353,0.35299,683.661416,-0.40927,-0.14034,5.8435,-1241.7264148,-1241.6487778,7.314896,Gaussian,QC,"opt+freq: b3lyp/6-311G** em=gd3bj
energy: M062X/6-311G+(2d, p) em=gd3"
676,c-c19+c-b43+c-b44+c-b58,CCCC[P+](CCC#N)(CCCC(C)C)CCC(=O)O,tetraphosphonium ,-1174.603686,0.380865,0.465878,748.6222,-0.41423,-0.13431,4.8163,-1174.222821,-1174.137808,7.613823999999998,Gaussian,QC,"opt+freq: b3lyp/6-311G** em=gd3bj
energy: M062X/6-311G+(2d, p) em=gd3"
677,c-c19+c-b8+c-b58+c-b73,CC#CCC[P+](CCCC)(CCC(=O)O)CCC(C)C,tetraphosphonium ,-1158.5229946,0.388928,0.476697,772.885216,-0.37935,-0.12403,2.2154,-1158.1340666,-1158.0462976,6.944704,Gaussian,QC,"opt+freq: b3lyp/6-311G** em=gd3bj
energy: M062X/6-311G+(2d, p) em=gd3"
678,c-c19+c-b30+c-b38+c-b79,C#CCC[P+](CCCC)(CCCCC)CCCCO,tetraphosphonium ,-1084.4619703,0.409927,0.494414,743.994696,-0.38188,-0.11225,1.1424,-1084.0520433,-1083.9675563,7.333936,Gaussian,QC,"opt+freq: b3lyp/6-311G** em=gd3bj
energy: M062X/6-311G+(2d, p) em=gd3"
679,c-c19+c-b37+c-b73+c-b81,CCCC[P+](CCCC)(CCC(C)C)CCC(C)O,tetraphosphonium ,-1086.9392243,0.456857,0.539863,730.948984,-0.38887,-0.11119,4.2099,-1086.4823673,-1086.3993613,7.552896,Gaussian,QC,"opt+freq: b3lyp/6-311G** em=gd3bj
energy: M062X/6-311G+(2d, p) em=gd3"
680,c-c19+c-b8+c-b10+c-b58,CC#CCC[P+](CCC)(CCCC)CCC(=O)O,tetraphosphonium ,-1079.909257,0.3403,0.419541,697.7991519999999,-0.37504,-0.13139,4.0235,-1079.568957,-1079.489716,6.627279999999999,Gaussian,QC,"opt+freq: b3lyp/6-311G** em=gd3bj
energy: M062X/6-311G+(2d, p) em=gd3"
681,c-c19+c-b10+c-b65+c-b81,CCC#CCC[P+](CCC)(CCCC)CCCC,tetraphosphonium ,-1009.2558976,0.406156,0.488736,727.1959360000001,-0.37569,-0.1091,2.2076,-1008.8497416,-1008.7671616,7.251247999999999,Gaussian,QC,"opt+freq: b3lyp/6-311G** em=gd3bj
energy: M062X/6-311G+(2d, p) em=gd3"
682,c-c19+c-b4+c-b30+c-b43,CCCCC[P+](CCC#N)(CCCC)CCCO,tetraphosphonium ,-1061.2498647,0.375951,0.454877,695.02516,-0.40101,-0.12741,3.5453,-1060.8739137,-1060.7949877,7.441919999999999,Gaussian,QC,"opt+freq: b3lyp/6-311G** em=gd3bj
energy: M062X/6-311G+(2d, p) em=gd3"
683,c-c19+c-b29+c-b30+c-b81,CCCCC[P+](CCCC)(CCCC)CC(C)C,tetraphosphonium ,-1011.7150585,0.452446,0.534367,721.396912,-0.43275,-0.11152,2.3657,-1011.2626125,-1011.1806915,8.737456,Gaussian,QC,"opt+freq: b3lyp/6-311G** em=gd3bj
energy: M062X/6-311G+(2d, p) em=gd3"
684,c-c124+c-b39,CCCC[P+](CCCC)(CCCC)CCCOC,tetraphosphonium ,-1047.603882,0.429987,0.511399,716.9074800000001,-0.36664,-0.11664,4.1294,-1047.173895,-1047.092483,6.8,Gaussian,QC,"opt+freq: b3lyp/6-311G** em=gd3bj
energy: M062X/6-311G+(2d, p) em=gd3"
685,c-c19+c-b18+c-b28+c-b45,C=CCCC[P+](CCCC)(CC(=O)O)CC(=O)CC,tetraphosphonium ,-1155.1658501,0.342483,0.424033,718.1292080000001,-0.36878,-0.16905,2.35,-1154.8233671,-1154.7418171,5.432656,Gaussian,QC,"opt+freq: b3lyp/6-311G** em=gd3bj
energy: M062X/6-311G+(2d, p) em=gd3"
686,c-c19+c-b29+c-b37+c-b80,CCCC[P+](CCC(C)O)(CC(C)C)CC(C)C,tetraphosphonium ,-1047.6337095,0.429577,0.510282,710.685872,-0.38874,-0.11396,2.8368,-1047.2041325,-1047.1234275,7.474015999999999,Gaussian,QC,"opt+freq: b3lyp/6-311G** em=gd3bj
energy: M062X/6-311G+(2d, p) em=gd3"
687,c-c19+c-b16+c-b28+c-b81,C=CCCC[P+](CCCC)(CCCC)CCCCC#N,tetraphosphonium ,-1102.7161142,0.426281,0.512429,758.617776,-0.37754,-0.11992,6.5337,-1102.2898332,-1102.2036852,7.007263999999998,Gaussian,QC,"opt+freq: b3lyp/6-311G** em=gd3bj
energy: M062X/6-311G+(2d, p) em=gd3"
688,c-c19+c-b8+c-b77+c-b81,CC#CCC[P+](CCCC)(CCCC)CCC(F)(F)F,tetraphosphonium ,-1267.6996154,0.352438,0.439074,762.91056,-0.37727,-0.11549,4.1083,-1267.3471774,-1267.2605414,7.120416000000001,Gaussian,QC,"opt+freq: b3lyp/6-311G** em=gd3bj
energy: M062X/6-311G+(2d, p) em=gd3"
689,c-c19+c-b10+c-b58+c-b68,CCCC[P+](CCC)(CCCCC(C)C)CCC(=O)O,tetraphosphonium ,-1160.9877459,0.43709,0.523187,758.165904,-0.4101,-0.13562,4.9726,-1160.5506559,-1160.4645589,7.465856000000001,Gaussian,QC,"opt+freq: b3lyp/6-311G** em=gd3bj
energy: M062X/6-311G+(2d, p) em=gd3"
690,c-c19+c-b30+c-b47+c-b60,C=CCC[P+](CCCC)(CCCCC)CC(C)(C)C,tetraphosphonium ,-1049.7926592,0.454547,0.539383,747.069936,-0.38321,-0.12073,1.8113,-1049.3381122,-1049.2532762,7.139455999999999,Gaussian,QC,"opt+freq: b3lyp/6-311G** em=gd3bj
energy: M062X/6-311G+(2d, p) em=gd3"
691,c-c19+c-b30+c-b60+c-b79,C=CCC[P+](CCCC)(CCCCC)CCCCO,tetraphosphonium ,-1085.7003266,0.432661,0.517599,747.961128,-0.37226,-0.12189,3.2163,-1085.2676656,-1085.1827276,6.810064,Gaussian,QC,"opt+freq: b3lyp/6-311G** em=gd3bj
energy: M062X/6-311G+(2d, p) em=gd3"
692,c-c19+c-b29+c-b81+c-b83,CCCCCCC[P+](CCCC)(CCCC)CC(C)C,tetraphosphonium ,-1090.3247678,0.50409,0.592381,777.4876160000001,-0.40778,-0.11062,4.3452,-1089.8206778,-1089.7323868,8.082752,Gaussian,QC,"opt+freq: b3lyp/6-311G** em=gd3bj
energy: M062X/6-311G+(2d, p) em=gd3"
693,c-c19+c-b10+c-b38+c-b72,C#CCC[P+](CCC)(CCCC)CCC(C)CC,tetraphosphonium ,-1009.2448098,0.406251,0.487682,717.083208,-0.40154,-0.11343,3.0037,-1008.8385588,-1008.7571278,7.836592,Gaussian,QC,"opt+freq: b3lyp/6-311G** em=gd3bj
energy: M062X/6-311G+(2d, p) em=gd3"
694,c-c19+c-b16+c-b40+c-b43,CCCC[P+](CCC#N)(CCCCC#N)CN(C)C,tetraphosphonium ,-1094.2831127,0.355755,0.437602,720.7442080000001,-0.37113,-0.13709,8.6814,-1093.9273577,-1093.8455107,6.365888000000001,Gaussian,QC,"opt+freq: b3lyp/6-311G** em=gd3bj
energy: M062X/6-311G+(2d, p) em=gd3"
695,c-c2+c-b65,CCC#CCOC[P+](CC)(CC)CC,tetraphosphonium ,-887.9221098,0.276314,0.348771,638.0600000000001,-0.37554,-0.12229,5.1853,-887.6457958000001,-887.5733388,6.888399999999999,Gaussian,QC,"opt+freq: b3lyp/6-311G** em=gd3bj
energy: M062X/6-311G+(2d, p) em=gd3"
696,c-c19+c-b11+c-b30+c-b43,CCCCC[P+](CCC#N)(CCCC)CC(F)(F)F,tetraphosphonium ,-1244.4706093,0.318729,0.399202,708.64408,-0.44237,-0.14102,6.0517,-1244.1518803,-1244.0714073,8.19672,Gaussian,QC,"opt+freq: b3lyp/6-311G** em=gd3bj
energy: M062X/6-311G+(2d, p) em=gd3"
697,c-c19+c-b4+c-b43+c-b81,CCCC[P+](CCC#N)(CCCC)CCCO,tetraphosphonium ,-1021.9450915,0.350356,0.42586,664.883624,-0.4022,-0.12823,3.2624,-1021.5947355,-1021.5192315,7.451983999999999,Gaussian,QC,"opt+freq: b3lyp/6-311G** em=gd3bj
energy: M062X/6-311G+(2d, p) em=gd3"
698,c-c19+c-b16+c-b47+c-b81,CCCC[P+](CCCC)(CCCCC#N)CC(C)(C)C,tetraphosphonium ,-1103.9599896,0.450302,0.5348,744.0867440000001,-0.43722,-0.11341,3.1069,-1103.5096876,-1103.4251896,8.807632,Gaussian,QC,"opt+freq: b3lyp/6-311G** em=gd3bj
energy: M062X/6-311G+(2d, p) em=gd3"
699,c-c19+c-b4+c-b8+c-b79,CC#CCC[P+](CCCC)(CCCO)CCCCO,tetraphosphonium ,-1120.379893,0.388344,0.472084,737.413264,-0.36813,-0.11542,3.8067,-1119.991549,-1119.907809,6.873711999999999,Gaussian,QC,"opt+freq: b3lyp/6-311G** em=gd3bj
energy: M062X/6-311G+(2d, p) em=gd3"
700,c-c19+c-b30+c-b38+c-b74,C#CCC[P+](CCCC)(CCCCC)CC(C)=O,tetraphosphonium ,-1043.9565048,0.359658,0.440763,714.2046160000001,-0.40069,-0.16556,4.0534,-1043.5968468,-1043.5157418,6.395535999999999,Gaussian,QC,"opt+freq: b3lyp/6-311G** em=gd3bj
energy: M062X/6-311G+(2d, p) em=gd3"
701,c-c19+c-b37+c-b65+c-b81,CCC#CCC[P+](CCCC)(CCCC)CCC(C)O,tetraphosphonium ,-1123.7886504,0.434296,0.52321,782.977024,-0.37041,-0.10119,1.5561,-1123.3543544,-1123.2654404,7.322784,Gaussian,QC,"opt+freq: b3lyp/6-311G** em=gd3bj
energy: M062X/6-311G+(2d, p) em=gd3"
702,c-c19+c-b28+c-b37+c-b76,C=CCCC[P+](CCCC)(CCC(C)O)COC,tetraphosphonium ,-1082.3020236,0.382611,0.46434,719.702392,-0.36386,-0.11201,2.1063,-1081.9194126,-1081.8376836,6.85032,Gaussian,QC,"opt+freq: b3lyp/6-311G** em=gd3bj
energy: M062X/6-311G+(2d, p) em=gd3"
703,c-c19+c-b4+c-b10+c-b22,CCCC[P+](CCC)(CCCO)Cc1ccc(Cl)cc1,tetraphosphonium ,-1541.7250401,0.363419,0.442839,699.372336,-0.35607,-0.14458,6.917,-1541.3616211,-1541.2822011,5.752528,Gaussian,QC,"opt+freq: b3lyp/6-311G** em=gd3bj
energy: M062X/6-311G+(2d, p) em=gd3"
704,c-c19+c-b10+c-b39+c-b77,CCCC[P+](CCC)(CCOC)CCC(F)(F)F,tetraphosphonium ,-1227.4448556,0.326384,0.404375,686.78268,-0.38561,-0.12195,5.9458,-1227.1184716,-1227.0404806,7.171552,Gaussian,QC,"opt+freq: b3lyp/6-311G** em=gd3bj
energy: M062X/6-311G+(2d, p) em=gd3"
705,c-c125+c-b74,CC[P+](CC)(CC)CCC(C)=O,tetraphosphonium ,-810.6067766,0.250122,0.313656,559.48448,-0.3937,-0.15821,3.2348,-810.3566546,-810.2931206,6.405328,Gaussian,QC,"opt+freq: b3lyp/6-311G** em=gd3bj
energy: M062X/6-311G+(2d, p) em=gd3"
706,c-c19+c-b39+c-b43+c-b73,CCCC[P+](CCC#N)(CCOC)CCC(C)C,tetraphosphonium ,-1061.2444888,0.375042,0.453942,694.790856,-0.39552,-0.12649,3.864,-1060.8694468,-1060.7905468,7.317615999999999,Gaussian,QC,"opt+freq: b3lyp/6-311G** em=gd3bj
energy: M062X/6-311G+(2d, p) em=gd3"
707,c-c19+c-b10+c-b60+c-b71,C=CCC[P+](CCC)(CCCC)CCCCCCC,tetraphosphonium ,-1049.7892411,0.454466,0.540483,757.4629920000001,-0.38493,-0.12211,4.3932,-1049.3347751,-1049.2487581,7.148704,Gaussian,QC,"opt+freq: b3lyp/6-311G** em=gd3bj
energy: M062X/6-311G+(2d, p) em=gd3"
708,c-c19+c-b10+c-b30+c-b60,C=CCC[P+](CCC)(CCCC)CCCCC,tetraphosphonium ,-971.1813598,0.404183,0.482666,691.121488,-0.38759,-0.12392,2.4218,-970.7771768,-970.6986938,7.171823999999999,Gaussian,QC,"opt+freq: b3lyp/6-311G** em=gd3bj
energy: M062X/6-311G+(2d, p) em=gd3"
709,c-c19+c-b16+c-b74+c-b81,CCCC[P+](CCCC)(CCCCC#N)CC(C)=O,tetraphosphonium ,-1099.3609567,0.375715,0.459508,737.881872,-0.41366,-0.17969,6.9178,-1098.9852417,-1098.9014487,6.363984000000001,Gaussian,QC,"opt+freq: b3lyp/6-311G** em=gd3bj
energy: M062X/6-311G+(2d, p) em=gd3"
710,c-c19+c-b16+c-b43+c-b58,CCCC[P+](CCC#N)(CCCCC#N)CCC(=O)O,tetraphosphonium ,-1188.2364611,0.328862,0.409851,713.187904,-0.42762,-0.14185,6.8791,-1187.9075991,-1187.8266101,7.772943999999999,Gaussian,QC,"opt+freq: b3lyp/6-311G** em=gd3bj
energy: M062X/6-311G+(2d, p) em=gd3"
711,c-c19+c-b43+c-b77+c-b79,CCCC[P+](CCC#N)(CCCCO)CCC(F)(F)F,tetraphosphonium ,-1319.6943517,0.324855,0.405772,712.5519360000001,-0.38431,-0.13345,5.6411,-1319.3694967,-1319.2885797,6.823391999999999,Gaussian,QC,"opt+freq: b3lyp/6-311G** em=gd3bj
energy: M062X/6-311G+(2d, p) em=gd3"
712,c-c19+c-b45+c-b68+c-b81,CCCC[P+](CCCC)(CCCCC(C)C)CC(=O)O,tetraphosphonium ,-1160.9810905,0.437022,0.522989,757.027856,-0.41072,-0.15279,4.9271,-1160.5440685,-1160.4581015,7.015695999999999,Gaussian,QC,"opt+freq: b3lyp/6-311G** em=gd3bj
energy: M062X/6-311G+(2d, p) em=gd3"
713,c-c19+c-b60+c-b76+c-b83,C=CCC[P+](CCCC)(CCCCCCC)COC,tetraphosphonium ,-1085.681495,0.430677,0.516675,757.299816,-0.37548,-0.11829,5.1297,-1085.250818,-1085.16482,6.995567999999999,Gaussian,QC,"opt+freq: b3lyp/6-311G** em=gd3bj
energy: M062X/6-311G+(2d, p) em=gd3"
714,c-c19+c-b11+c-b37+c-b81,CCCC[P+](CCCC)(CCC(C)O)CC(F)(F)F,tetraphosphonium ,-1266.7747025,0.353811,0.433133,698.502064,-0.40915,-0.11633,3.988,-1266.4208915,-1266.3415695,7.964704,Gaussian,QC,"opt+freq: b3lyp/6-311G** em=gd3bj
energy: M062X/6-311G+(2d, p) em=gd3"
715,c-c19+c-b40+c-b78+c-b81,CCCCCC[P+](CCCC)(CCCC)CN(C)C,tetraphosphonium ,-1067.0413454,0.466635,0.552014,751.84388,-0.35564,-0.11186,3.2042,-1066.5747104,-1066.4893314,6.630815999999999,Gaussian,QC,"opt+freq: b3lyp/6-311G** em=gd3bj
energy: M062X/6-311G+(2d, p) em=gd3"
716,c-c19+c-b28+c-b38+c-b60,C#CCC[P+](CCC=C)(CCCC)CCCC=C,tetraphosphonium ,-1006.7809816,0.361069,0.441409,707.476744,-0.36748,-0.12136,1.3018,-1006.4199126,-1006.3395726,6.694463999999999,Gaussian,QC,"opt+freq: b3lyp/6-311G** em=gd3bj
energy: M062X/6-311G+(2d, p) em=gd3"
717,c-c19+c-b28+c-b45+c-b47,C=CCCC[P+](CCCC)(CC(=O)O)CC(C)(C)C,tetraphosphonium ,-1120.4461652,0.389396,0.469887,708.794704,-0.36325,-0.14558,3.461,-1120.0567692,-1119.9762782,5.920624000000001,Gaussian,QC,"opt+freq: b3lyp/6-311G** em=gd3bj
energy: M062X/6-311G+(2d, p) em=gd3"
718,c-c19+c-b30+c-b73+c-b81,CCCCC[P+](CCCC)(CCCC)CCC(C)C,tetraphosphonium ,-1051.0212286,0.47883,0.563355,744.316864,-0.4294,-0.11162,3.2214,-1050.5423986,-1050.4578736,8.643616,Gaussian,QC,"opt+freq: b3lyp/6-311G** em=gd3bj
energy: M062X/6-311G+(2d, p) em=gd3"
719,c-c19+c-b8+c-b13+c-b30,CC#CCC[P+](CCCC)(CCCC#N)CCCCC,tetraphosphonium ,-1101.4904498,0.402331,0.4895,767.605008,-0.38142,-0.12216,4.5246,-1101.0881188,-1101.0009498,7.051871999999999,Gaussian,QC,"opt+freq: b3lyp/6-311G** em=gd3bj
energy: M062X/6-311G+(2d, p) em=gd3"
720,c-c19+c-b16+c-b30+c-b38,C#CCC[P+](CCCC)(CCCCC)CCCCC#N,tetraphosphonium ,-1101.4768718,0.405843,0.489407,735.865184,-0.40394,-0.12416,4.5507,-1101.0710288,-1100.9874648,7.610016000000001,Gaussian,QC,"opt+freq: b3lyp/6-311G** em=gd3bj
energy: M062X/6-311G+(2d, p) em=gd3"
721,c-c19+c-b8+c-b28+c-b73,C=CCCC[P+](CCC#CC)(CCCC)CCC(C)C,tetraphosphonium ,-1086.6358071,0.43491,0.522522,771.504496,-0.36506,-0.11228,3.3079,-1086.2008971,-1086.1132851,6.875616,Gaussian,QC,"opt+freq: b3lyp/6-311G** em=gd3bj
energy: M062X/6-311G+(2d, p) em=gd3"
722,c-c19+c-b10+c-b38+c-b82,C#CCC[P+](CCC)(CCCC)CCCCCC(C)C,tetraphosphonium ,-1087.8554638,0.458294,0.545702,769.70956,-0.3978,-0.11394,5.946,-1087.3971698,-1087.3097618,7.720992,Gaussian,QC,"opt+freq: b3lyp/6-311G** em=gd3bj
energy: M062X/6-311G+(2d, p) em=gd3"
723,c-c19+c-b28+c-b60+c-b78,C=CCCC[P+](CCC=C)(CCCC)CCCCCC,tetraphosphonium ,-1087.8614048,0.458146,0.546053,774.10276,-0.36581,-0.12045,4.4371,-1087.4032588,-1087.3153518,6.673792000000001,Gaussian,QC,"opt+freq: b3lyp/6-311G** em=gd3bj
energy: M062X/6-311G+(2d, p) em=gd3"
724,c-c125+c-b79,CC[P+](CC)(CC)CCCCCO,tetraphosphonium ,-851.1047082,0.300932,0.367152,583.1324480000001,-0.37376,-0.11575,4.674,-850.8037762,-850.7375562,7.017871999999999,Gaussian,QC,"opt+freq: b3lyp/6-311G** em=gd3bj
energy: M062X/6-311G+(2d, p) em=gd3"
725,c-c19+c-b37+c-b38+c-b76,C#CCC[P+](CCCC)(CCC(C)O)COC,tetraphosphonium ,-1041.751422,0.335837,0.412281,673.167944,-0.38843,-0.11978,3.9172,-1041.415585,-1041.339141,7.30728,Gaussian,QC,"opt+freq: b3lyp/6-311G** em=gd3bj
energy: M062X/6-311G+(2d, p) em=gd3"
726,c-c19+c-b30+c-b76+c-b79,CCCCC[P+](CCCC)(CCCCO)COC,tetraphosphonium ,-1083.5220981,0.4069,0.488789,721.108216,-0.37784,-0.11348,2.3651,-1083.1151981,-1083.0333091,7.190592000000001,Gaussian,QC,"opt+freq: b3lyp/6-311G** em=gd3bj
energy: M062X/6-311G+(2d, p) em=gd3"
727,c-c19+c-b13+c-b19+c-b28,C=CCCC[P+](CCCC)(CCCC#N)CCCCF,tetraphosphonium ,-1162.6494996,0.391933,0.477406,752.676496,-0.37162,-0.12519,7.1611,-1162.2575666,-1162.1720936,6.702896,Gaussian,QC,"opt+freq: b3lyp/6-311G** em=gd3bj
energy: M062X/6-311G+(2d, p) em=gd3"
728,c-c19+c-b4+c-b72+c-b81,CCCC[P+](CCCC)(CCCO)CCC(C)CC,tetraphosphonium ,-1086.9310677,0.454502,0.540735,759.362528,-0.39941,-0.1131,2.3192,-1086.4765657,-1086.3903327,7.787631999999999,Gaussian,QC,"opt+freq: b3lyp/6-311G** em=gd3bj
energy: M062X/6-311G+(2d, p) em=gd3"
729,c-c19+c-b11+c-b38+c-b81,C#CCC[P+](CCCC)(CCCC)CC(F)(F)F,tetraphosphonium ,-1189.0684207,0.303865,0.380891,678.284976,-0.40624,-0.13,4.8981,-1188.7645557,-1188.6875297,7.513728,Gaussian,QC,"opt+freq: b3lyp/6-311G** em=gd3bj
energy: M062X/6-311G+(2d, p) em=gd3"
730,c-c19+c-b6+c-b39+c-b78,CCCCCC[P+](CCCC)(CCCN)CCOC,tetraphosphonium ,-1102.9703166,0.446246,0.530782,744.421464,-0.36962,-0.1012,4.5402,-1102.5240706,-1102.4395346,7.301024,Gaussian,QC,"opt+freq: b3lyp/6-311G** em=gd3bj
energy: M062X/6-311G+(2d, p) em=gd3"
731,c-c19+c-b10+c-b60+c-b73,C=CCC[P+](CCC)(CCCC)CCC(C)C,tetraphosphonium ,-971.1821185,0.402765,0.481805,696.0209520000001,-0.38518,-0.12233,3.0997,-970.7793535,-970.7003135,7.149520000000001,Gaussian,QC,"opt+freq: b3lyp/6-311G** em=gd3bj
energy: M062X/6-311G+(2d, p) em=gd3"
732,c-c19+c-b11+c-b30+c-b38,C#CCC[P+](CCCC)(CCCCC)CC(F)(F)F,tetraphosphonium ,-1228.3730167,0.329457,0.410019,709.426488,-0.4099,-0.13116,4.958,-1228.0435597,-1227.9629977,7.581727999999999,Gaussian,QC,"opt+freq: b3lyp/6-311G** em=gd3bj
energy: M062X/6-311G+(2d, p) em=gd3"
733,c-c19+c-b10+c-b56+c-b80,CCCCCCCC[P+](CCC)(CCCC)CC(C)C,tetraphosphonium ,-1090.3243626,0.503982,0.592384,778.462488,-0.39807,-0.11247,6.451,-1089.8203806,-1089.7319786,7.768319999999999,Gaussian,QC,"opt+freq: b3lyp/6-311G** em=gd3bj
energy: M062X/6-311G+(2d, p) em=gd3"
734,c-c19+c-b38+c-b40+c-b47,C#CCC[P+](CCCC)(CN(C)C)CC(C)(C)C,tetraphosphonium ,-1025.2657345,0.396588,0.475233,692.552416,-0.35915,-0.1153,2.1891,-1024.8691465,-1024.7905015,6.63272,Gaussian,QC,"opt+freq: b3lyp/6-311G** em=gd3bj
energy: M062X/6-311G+(2d, p) em=gd3"
735,c-c19+c-b4+c-b37+c-b81,CCCC[P+](CCCC)(CCCO)CCC(C)O,tetraphosphonium ,-1083.5497196,0.41132,0.488939,683.506608,-0.37911,-0.11341,3.5223,-1083.1383996,-1083.0607806,7.22704,Gaussian,QC,"opt+freq: b3lyp/6-311G** em=gd3bj
energy: M062X/6-311G+(2d, p) em=gd3"
736,c-c19+c-b43+c-b58+c-b60,C=CCC[P+](CCC#N)(CCCC)CCC(=O)O,tetraphosphonium ,-1094.7605128,0.309129,0.385204,669.908608,-0.38975,-0.14232,3.4798,-1094.4513838,-1094.3753088,6.730096,Gaussian,QC,"opt+freq: b3lyp/6-311G** em=gd3bj
energy: M062X/6-311G+(2d, p) em=gd3"
737,c-c19+c-b43+c-b44+c-b79,CCCC[P+](CCC#N)(CCCCO)CCCC(C)C,tetraphosphonium ,-1139.859577,0.42595,0.512144,759.027808,-0.37613,-0.12526,5.0544,-1139.433627,-1139.347433,6.823664000000001,Gaussian,QC,"opt+freq: b3lyp/6-311G** em=gd3bj
energy: M062X/6-311G+(2d, p) em=gd3"
738,c-c19+c-b28+c-b43+c-b44,C=CCCC[P+](CCC#N)(CCCC)CCCC(C)C,tetraphosphonium ,-1102.7172781,0.424971,0.511703,763.7557280000001,-0.37165,-0.129,4.7938,-1102.2923071,-1102.2055751,6.600079999999999,Gaussian,QC,"opt+freq: b3lyp/6-311G** em=gd3bj
energy: M062X/6-311G+(2d, p) em=gd3"
739,c-c19+c-b60+c-b65+c-b79,C=CCC[P+](CCC#CCC)(CCCC)CCCCO,tetraphosphonium ,-1122.5381299,0.410419,0.500227,790.842944,-0.35824,-0.1236,2.3556,-1122.1277109,-1122.0379029,6.382208,Gaussian,QC,"opt+freq: b3lyp/6-311G** em=gd3bj
energy: M062X/6-311G+(2d, p) em=gd3"
740,c-c19+c-b39+c-b60+c-b79,C=CCC[P+](CCCC)(CCCCO)CCOC,tetraphosphonium ,-1082.305879,0.385325,0.465836,708.9788,-0.3774,-0.11296,1.7319,-1081.920554,-1081.840043,7.192768,Gaussian,QC,"opt+freq: b3lyp/6-311G** em=gd3bj
energy: M062X/6-311G+(2d, p) em=gd3"
741,c-c19+c-b10+c-b79+c-b83,CCCCCCC[P+](CCC)(CCCC)CCCCO,tetraphosphonium ,-1126.2354679,0.481817,0.57,776.537848,-0.37407,-0.11166,4.7403,-1125.7536509,-1125.6654679,7.137552,Gaussian,QC,"opt+freq: b3lyp/6-311G** em=gd3bj
energy: M062X/6-311G+(2d, p) em=gd3"
742,c-c19+c-b4+c-b13+c-b30,CCCCC[P+](CCCC)(CCCO)CCCC#N,tetraphosphonium ,-1100.5574747,0.402271,0.484071,720.325808,-0.41617,-0.12337,7.1611,-1100.1552037,-1100.0734037,7.96416,Gaussian,QC,"opt+freq: b3lyp/6-311G** em=gd3bj
energy: M062X/6-311G+(2d, p) em=gd3"
743,c-c19+c-b11+c-b43+c-b81,CCCC[P+](CCC#N)(CCCC)CC(F)(F)F,tetraphosphonium ,-1205.1557136,0.293378,0.37027,677.109272,-0.45306,-0.14533,5.1949,-1204.8623356,-1204.7854436,8.370256000000001,Gaussian,QC,"opt+freq: b3lyp/6-311G** em=gd3bj
energy: M062X/6-311G+(2d, p) em=gd3"
744,c-c19+c-b10+c-b24+c-b43,CCCC[P+](CCC)(CCC#N)Cc1ccccc1C,tetraphosphonium ,-1099.1447757,0.365259,0.444823,700.640088,-0.36287,-0.14234,5.439,-1098.7795167,-1098.6999527,5.998416000000001,Gaussian,QC,"opt+freq: b3lyp/6-311G** em=gd3bj
energy: M062X/6-311G+(2d, p) em=gd3"
745,c-c19+c-b10+c-b28+c-b36,C=CCCC[P+](CCC)(CCCC)Cc1ccccc1,tetraphosphonium ,-1084.2846382,0.398966,0.478937,704.2132240000001,-0.35759,-0.13846,3.797,-1083.8856722,-1083.8057012,5.960336000000001,Gaussian,QC,"opt+freq: b3lyp/6-311G** em=gd3bj
energy: M062X/6-311G+(2d, p) em=gd3"
746,c-c19+c-b13+c-b28+c-b79,C=CCCC[P+](CCCC)(CCCC#N)CCCCO,tetraphosphonium ,-1138.6297942,0.403454,0.489576,758.387656,-0.36695,-0.12117,5.3803,-1138.2263402,-1138.1402182,6.685216,Gaussian,QC,"opt+freq: b3lyp/6-311G** em=gd3bj
energy: M062X/6-311G+(2d, p) em=gd3"
747,c-c19+c-b30+c-b45+c-b81,CCCCC[P+](CCCC)(CCCC)CC(=O)O,tetraphosphonium ,-1082.3686637,0.384986,0.465532,709.284232,-0.42573,-0.15451,3.6865,-1081.9836777,-1081.9031317,7.377184000000001,Gaussian,QC,"opt+freq: b3lyp/6-311G** em=gd3bj
energy: M062X/6-311G+(2d, p) em=gd3"
748,c-c19+c-b8+c-b60+c-b73,C=CCC[P+](CCC#CC)(CCCC)CCC(C)C,tetraphosphonium ,-1047.3302664,0.408676,0.493451,746.5302,-0.37893,-0.11873,2.4911,-1046.9215904,-1046.8368154,7.077439999999999,Gaussian,QC,"opt+freq: b3lyp/6-311G** em=gd3bj
energy: M062X/6-311G+(2d, p) em=gd3"
749,c-c19+c-b8+c-b43+c-b65,CC#CCC[P+](CCC#N)(CCC#CCC)CCCC,tetraphosphonium ,-1099.013512,0.350781,0.442625,808.779752,-0.35723,-0.12922,6.1994,-1098.662731,-1098.570887,6.201872,Gaussian,QC,"opt+freq: b3lyp/6-311G** em=gd3bj
energy: M062X/6-311G+(2d, p) em=gd3"
750,c-c19+c-b10+c-b27+c-b83,CCCCCCC[P+](CCC)(CCCC)CC(C)C#N,tetraphosphonium ,-1103.9397909,0.449108,0.535374,759.6512240000001,-0.41496,-0.12724,6.2409,-1103.4906829,-1103.4044169,7.825983999999999,Gaussian,QC,"opt+freq: b3lyp/6-311G** em=gd3bj
energy: M062X/6-311G+(2d, p) em=gd3"
751,c-c19+c-b36+c-b38+c-b45,C#CCC[P+](CCCC)(CC(=O)O)Cc1ccccc1,tetraphosphonium ,-1153.6991108,0.308732,0.386149,681.736776,-0.37006,-0.14781,3.8456,-1153.3903788,-1153.3129618,6.0452,Gaussian,QC,"opt+freq: b3lyp/6-311G** em=gd3bj
energy: M062X/6-311G+(2d, p) em=gd3"
752,c-c19+c-b19+c-b37+c-b81,CCCC[P+](CCCC)(CCCCF)CCC(C)O,tetraphosphonium ,-1146.8706305,0.422936,0.505321,725.480496,-0.39635,-0.11542,5.2845,-1146.4476945,-1146.3653095,7.641296000000001,Gaussian,QC,"opt+freq: b3lyp/6-311G** em=gd3bj
energy: M062X/6-311G+(2d, p) em=gd3"
753,c-c19+c-b44+c-b79+c-b81,CCCC[P+](CCCC)(CCCCO)CCCC(C)C,tetraphosphonium ,-1126.2379705,0.481161,0.56938,776.8558320000001,-0.37669,-0.10901,2.9953,-1125.7568095,-1125.6685905,7.280896,Gaussian,QC,"opt+freq: b3lyp/6-311G** em=gd3bj
energy: M062X/6-311G+(2d, p) em=gd3"
754,c-c125+c-b75,CC[P+](CC)(CC)CCc1c(Cl)cccc1Cl,tetraphosphonium ,-1808.2015555,0.270531,0.341662,626.374088,-0.36928,-0.14942,6.7186,-1807.9310245,-1807.8598935,5.980192,Gaussian,QC,"opt+freq: b3lyp/6-311G** em=gd3bj
energy: M062X/6-311G+(2d, p) em=gd3"
755,c-c19+c-b28+c-b40+c-b78,C=CCCC[P+](CCCC)(CCCCCC)CN(C)C,tetraphosphonium ,-1105.1165517,0.469179,0.557581,778.466672,-0.35708,-0.11386,2.6249,-1104.6473727,-1104.5589707,6.615583999999999,Gaussian,QC,"opt+freq: b3lyp/6-311G** em=gd3bj
energy: M062X/6-311G+(2d, p) em=gd3"
756,c-c19+c-b28+c-b39+c-b44,C=CCCC[P+](CCCC)(CCCC(C)C)CCOC,tetraphosphonium ,-1125.0001102,0.457866,0.54586,774.8726160000001,-0.36119,-0.10356,1.1628,-1124.5422442,-1124.4542502,7.007536000000001,Gaussian,QC,"opt+freq: b3lyp/6-311G** em=gd3bj
energy: M062X/6-311G+(2d, p) em=gd3"
757,c-c19+c-b13+c-b43+c-b60,C=CCC[P+](CCC#N)(CCCC)CCCC#N,tetraphosphonium ,-1037.7292908,0.321043,0.39723,670.900216,-0.39111,-0.13987,3.116,-1037.4082478,-1037.3320608,6.833728000000001,Gaussian,QC,"opt+freq: b3lyp/6-311G** em=gd3bj
energy: M062X/6-311G+(2d, p) em=gd3"
758,c-c19+c-b4+c-b47+c-b79,CCCC[P+](CCCO)(CCCCO)CC(C)(C)C,tetraphosphonium ,-1122.8570273,0.436027,0.517496,717.40956,-0.38676,-0.09814,3.0216,-1122.4210003,-1122.3395313,7.850464,Gaussian,QC,"opt+freq: b3lyp/6-311G** em=gd3bj
energy: M062X/6-311G+(2d, p) em=gd3"
759,c-c19+c-b60+c-b73+c-b78,C=CCC[P+](CCCC)(CCCCCC)CCC(C)C,tetraphosphonium ,-1089.0946375,0.480689,0.568888,776.67592,-0.38196,-0.11928,3.5494,-1088.6139485,-1088.5257495,7.144896,Gaussian,QC,"opt+freq: b3lyp/6-311G** em=gd3bj
energy: M062X/6-311G+(2d, p) em=gd3"
760,c-c19+c-b28+c-b76+c-b79,C=CCCC[P+](CCCC)(CCCCO)COC,tetraphosphonium ,-1082.2932527,0.383948,0.465136,714.936816,-0.36472,-0.11772,3.1275,-1081.9093047,-1081.8281167,6.7184,Gaussian,QC,"opt+freq: b3lyp/6-311G** em=gd3bj
energy: M062X/6-311G+(2d, p) em=gd3"
761,c-c19+c-b10+c-b13+c-b45,CCCC[P+](CCC)(CCCC#N)CC(=O)O,tetraphosphonium ,-1056.6941366,0.304348,0.379674,663.3188080000001,-0.42881,-0.14501,4.1938,-1056.3897886,-1056.3144626,7.719360000000001,Gaussian,QC,"opt+freq: b3lyp/6-311G** em=gd3bj
energy: M062X/6-311G+(2d, p) em=gd3"
762,c-c19+c-b10+c-b11+c-b28,C=CCCC[P+](CCC)(CCCC)CC(F)(F)F,tetraphosphonium ,-1190.3114493,0.32666,0.404166,682.515,-0.36972,-0.12661,6.1588,-1189.9847893,-1189.9072833,6.612591999999999,Gaussian,QC,"opt+freq: b3lyp/6-311G** em=gd3bj
energy: M062X/6-311G+(2d, p) em=gd3"
763,c-c19+c-b37+c-b78+c-b81,CCCCCC[P+](CCCC)(CCCC)CCC(C)O,tetraphosphonium ,-1126.2417204,0.482211,0.569284,766.7598399999999,-0.3866,-0.1108,3.263,-1125.7595094,-1125.6724364,7.501759999999999,Gaussian,QC,"opt+freq: b3lyp/6-311G** em=gd3bj
energy: M062X/6-311G+(2d, p) em=gd3"
764,c-c19+c-b30+c-b44+c-b76,CCCCC[P+](CCCC)(CCCC(C)C)COC,tetraphosphonium ,-1086.9054169,0.451855,0.539617,772.839192,-0.40556,-0.11965,1.3423,-1086.4535619,-1086.3657999,7.776752,Gaussian,QC,"opt+freq: b3lyp/6-311G** em=gd3bj
energy: M062X/6-311G+(2d, p) em=gd3"
765,c-c19+c-b43+c-b60+c-b79,C=CCC[P+](CCC#N)(CCCC)CCCCO,tetraphosphonium ,-1060.0176836,0.352652,0.431392,693.380848,-0.37774,-0.13089,4.3198,-1059.6650316,-1059.5862916,6.71432,Gaussian,QC,"opt+freq: b3lyp/6-311G** em=gd3bj
energy: M062X/6-311G+(2d, p) em=gd3"
766,c-c19+c-b28+c-b29+c-b80,C=CCCC[P+](CCCC)(CC(C)C)CC(C)C,tetraphosphonium ,-1010.4875835,0.429784,0.510507,710.8448639999999,-0.36552,-0.11293,2.1733,-1010.0577995,-1009.9770765,6.870448,Gaussian,QC,"opt+freq: b3lyp/6-311G** em=gd3bj
energy: M062X/6-311G+(2d, p) em=gd3"
767,c-c19+c-b38+c-b65+c-b81,C#CCC[P+](CCC#CCC)(CCCC)CCCC,tetraphosphonium ,-1046.0762455,0.384471,0.470832,760.492208,-0.35808,-0.1197,2.313,-1045.6917745,-1045.6054135,6.483936,Gaussian,QC,"opt+freq: b3lyp/6-311G** em=gd3bj
energy: M062X/6-311G+(2d, p) em=gd3"
768,c-c19+c-b13+c-b65+c-b76,CCC#CCC[P+](CCCC)(CCCC#N)COC,tetraphosphonium ,-1098.0792104,0.354106,0.437097,730.810912,-0.37684,-0.12438,3.6582,-1097.7251044,-1097.6421134,6.866912,Gaussian,QC,"opt+freq: b3lyp/6-311G** em=gd3bj
energy: M062X/6-311G+(2d, p) em=gd3"
769,c-c19+c-b28+c-b39+c-b79,C=CCCC[P+](CCCC)(CCCCO)CCOC,tetraphosphonium ,-1121.612922,0.409173,0.494657,752.76436,-0.35593,-0.10188,3.4337,-1121.203749,-1121.118265,6.910159999999999,Gaussian,QC,"opt+freq: b3lyp/6-311G** em=gd3bj
energy: M062X/6-311G+(2d, p) em=gd3"
770,c-c19+c-b11+c-b28+c-b37,C=CCCC[P+](CCCC)(CCC(C)O)CC(F)(F)F,tetraphosphonium ,-1304.8491417,0.356805,0.438734,721.4680400000001,-0.36274,-0.11703,4.6054,-1304.4923367,-1304.4104077,6.683312,Gaussian,QC,"opt+freq: b3lyp/6-311G** em=gd3bj
energy: M062X/6-311G+(2d, p) em=gd3"
771,c-c2+c-b61,CCCCCCCCOC[P+](CC)(CC)CC,tetraphosphonium ,-1008.305458,0.400625,0.482012,716.689912,-0.39137,-0.11523,10.2867,-1007.904833,-1007.823446,7.511007999999999,Gaussian,QC,"opt+freq: b3lyp/6-311G** em=gd3bj
energy: M062X/6-311G+(2d, p) em=gd3"
772,c-c19+c-b10+c-b36+c-b76,CCCC[P+](CCC)(COC)Cc1ccccc1,tetraphosphonium ,-1042.8001816,0.345766,0.420671,659.603416,-0.36352,-0.13454,4.8015,-1042.4544156,-1042.3795106,6.228256,Gaussian,QC,"opt+freq: b3lyp/6-311G** em=gd3bj
energy: M062X/6-311G+(2d, p) em=gd3"
773,c-c19+c-b28+c-b37+c-b73,C=CCCC[P+](CCCC)(CCC(C)C)CCC(C)O,tetraphosphonium ,-1125.0138028,0.459364,0.545408,757.697296,-0.36703,-0.11207,4.5219,-1124.5544388,-1124.4683948,6.934912000000001,Gaussian,QC,"opt+freq: b3lyp/6-311G** em=gd3bj
energy: M062X/6-311G+(2d, p) em=gd3"
774,c-c19+c-b37+c-b76+c-b81,CCCC[P+](CCCC)(CCC(C)O)COC,tetraphosphonium ,-1044.2265837,0.381739,0.459112,681.347664,-0.39,-0.12028,4.535,-1043.8448447,-1043.7674717,7.336384,Gaussian,QC,"opt+freq: b3lyp/6-311G** em=gd3bj
energy: M062X/6-311G+(2d, p) em=gd3"
775,c-c19+c-b10+c-b11+c-b78,CCCCCC[P+](CCC)(CCCC)CC(F)(F)F,tetraphosphonium ,-1230.8420497,0.37314,0.456414,733.30876,-0.42048,-0.12756,5.976,-1230.4689097,-1230.3856357,7.967424,Gaussian,QC,"opt+freq: b3lyp/6-311G** em=gd3bj
energy: M062X/6-311G+(2d, p) em=gd3"
776,c-c19+c-b37+c-b43+c-b47,CCCC[P+](CCC#N)(CCC(C)O)CC(C)(C)C,tetraphosphonium ,-1100.5626393,0.399549,0.481816,724.4386800000001,-0.37483,-0.12672,5.4436,-1100.1630903,-1100.0808233,6.748591999999999,Gaussian,QC,"opt+freq: b3lyp/6-311G** em=gd3bj
energy: M062X/6-311G+(2d, p) em=gd3"
777,c-c19+c-b10+c-b81+c-b82,CCCC[P+](CCC)(CCCC)CCCCCC(C)C,tetraphosphonium ,-1090.3238755,0.503962,0.592361,778.437384,-0.39748,-0.11264,7.0408,-1089.8199135,-1089.7315145,7.747647999999999,Gaussian,QC,"opt+freq: b3lyp/6-311G** em=gd3bj
energy: M062X/6-311G+(2d, p) em=gd3"
778,c-c19+c-b30+c-b73+c-b80,CCCCC[P+](CCCC)(CCC(C)C)CC(C)C,tetraphosphonium ,-1051.0231189,0.477968,0.562842,747.396288,-0.43263,-0.11034,2.8678,-1050.5451509,-1050.4602769,8.766288000000001,Gaussian,QC,"opt+freq: b3lyp/6-311G** em=gd3bj
energy: M062X/6-311G+(2d, p) em=gd3"
779,c-c19+c-b10+c-b58+c-b72,CCCC[P+](CCC)(CCC(=O)O)CCC(C)CC,tetraphosphonium ,-1121.6756375,0.410195,0.494162,739.404848,-0.40561,-0.12943,5.4208,-1121.2654425,-1121.1814755,7.512096000000001,Gaussian,QC,"opt+freq: b3lyp/6-311G** em=gd3bj
energy: M062X/6-311G+(2d, p) em=gd3"
780,c-c19+c-b37+c-b39+c-b43,CCCC[P+](CCC#N)(CCOC)CCC(C)O,tetraphosphonium ,-1097.1588744,0.353488,0.431008,682.64052,-0.38625,-0.12672,4.9774,-1096.8053864,-1096.7278664,7.059215999999999,Gaussian,QC,"opt+freq: b3lyp/6-311G** em=gd3bj
energy: M062X/6-311G+(2d, p) em=gd3"
781,c-c19+c-b8+c-b16+c-b43,CC#CCC[P+](CCC#N)(CCCC)CCCCC#N,tetraphosphonium ,-1115.1124425,0.349243,0.432468,732.8819920000001,-0.3906,-0.13392,2.2508,-1114.7631995,-1114.6799745,6.981696,Gaussian,QC,"opt+freq: b3lyp/6-311G** em=gd3bj
energy: M062X/6-311G+(2d, p) em=gd3"
782,c-c19+c-b29+c-b65+c-b80,CCC#CCC[P+](CCCC)(CC(C)C)CC(C)C,tetraphosphonium ,-1048.5610691,0.430647,0.516503,756.0446160000001,-0.37311,-0.11229,1.9203,-1048.1304221,-1048.0445661,7.094303999999999,Gaussian,QC,"opt+freq: b3lyp/6-311G** em=gd3bj
energy: M062X/6-311G+(2d, p) em=gd3"
783,c-c19+c-b4+c-b44+c-b73,CCCC[P+](CCCO)(CCCC(C)C)CCC(C)C,tetraphosphonium ,-1126.2471258,0.481431,0.568936,770.5630960000001,-0.40572,-0.10453,3.4293,-1125.7656948,-1125.6781898,8.192368,Gaussian,QC,"opt+freq: b3lyp/6-311G** em=gd3bj
energy: M062X/6-311G+(2d, p) em=gd3"
784,c-c19+c-b10+c-b30+c-b81,CCCCC[P+](CCC)(CCCC)CCCC,tetraphosphonium ,-972.4079571,0.427538,0.505992,690.8662640000001,-0.43342,-0.11415,3.5629,-971.9804191,-971.9019651,8.684144000000002,Gaussian,QC,"opt+freq: b3lyp/6-311G** em=gd3bj
energy: M062X/6-311G+(2d, p) em=gd3"
785,c-c124+c-b8,CC#CCCC[P+](CCCC)(CCCC)CCCC,tetraphosphonium ,-1048.5575572,0.432411,0.517506,749.346032,-0.36017,-0.11068,2.9993,-1048.1251462,-1048.0400512,6.786128,Gaussian,QC,"opt+freq: b3lyp/6-311G** em=gd3bj
energy: M062X/6-311G+(2d, p) em=gd3"
786,c-c19+c-b6+c-b13+c-b79,CCCC[P+](CCCN)(CCCC#N)CCCCO,tetraphosphonium ,-1116.6011283,0.391654,0.473731,722.76508,-0.37154,-0.11978,7.7874,-1116.2094743,-1116.1273973,6.847872,Gaussian,QC,"opt+freq: b3lyp/6-311G** em=gd3bj
energy: M062X/6-311G+(2d, p) em=gd3"
787,c-c19+c-b16+c-b43+c-b81,CCCC[P+](CCC#N)(CCCC)CCCCC#N,tetraphosphonium ,-1078.2629083,0.368122,0.44961,717.57692,-0.42875,-0.13527,5.0668,-1077.8947863,-1077.8132983,7.982656,Gaussian,QC,"opt+freq: b3lyp/6-311G** em=gd3bj
energy: M062X/6-311G+(2d, p) em=gd3"
788,c-c19+c-b4+c-b38+c-b68,C#CCC[P+](CCCC)(CCCO)CCCCC(C)C,tetraphosphonium ,-1123.7677599,0.437369,0.52306,754.5969520000001,-0.39659,-0.11481,4.0395,-1123.3303909,-1123.2446999,7.664416000000001,Gaussian,QC,"opt+freq: b3lyp/6-311G** em=gd3bj
energy: M062X/6-311G+(2d, p) em=gd3"
789,c-c19+c-b8+c-b30+c-b58,CC#CCC[P+](CCCC)(CCCCC)CCC(=O)O,tetraphosphonium ,-1158.518887,0.391401,0.477547,758.60104,-0.37362,-0.12999,2.9661,-1158.127486,-1158.04134,6.626736,Gaussian,QC,"opt+freq: b3lyp/6-311G** em=gd3bj
energy: M062X/6-311G+(2d, p) em=gd3"
790,c-c19+c-b16+c-b29+c-b80,CCCC[P+](CCCCC#N)(CC(C)C)CC(C)C,tetraphosphonium ,-1064.6462882,0.422665,0.505768,731.7983360000001,-0.43184,-0.12314,4.0326,-1064.2236232,-1064.1405202,8.39664,Gaussian,QC,"opt+freq: b3lyp/6-311G** em=gd3bj
energy: M062X/6-311G+(2d, p) em=gd3"
791,c-c19+c-b4+c-b30+c-b77,CCCCC[P+](CCCC)(CCCO)CCC(F)(F)F,tetraphosphonium ,-1306.0775684,0.38024,0.463182,730.3883280000001,-0.4051,-0.1185,5.0509,-1305.6973284,-1305.6143864,7.795520000000001,Gaussian,QC,"opt+freq: b3lyp/6-311G** em=gd3bj
energy: M062X/6-311G+(2d, p) em=gd3"
792,c-c125+c-b40,CC[P+](CC)(CC)CCN(C)C,tetraphosphonium ,-791.9187682,0.286613,0.349353,552.484648,-0.35744,-0.11306,2.4133,-791.6321552,-791.5694152000001,6.647136,Gaussian,QC,"opt+freq: b3lyp/6-311G** em=gd3bj
energy: M062X/6-311G+(2d, p) em=gd3"
793,c-c19+c-b10+c-b28+c-b73,C=CCCC[P+](CCC)(CCCC)CCC(C)C,tetraphosphonium ,-1010.4866365,0.429268,0.510858,718.484848,-0.36676,-0.11392,3.9486,-1010.0573685,-1009.9757785,6.877247999999999,Gaussian,QC,"opt+freq: b3lyp/6-311G** em=gd3bj
energy: M062X/6-311G+(2d, p) em=gd3"
794,c-c19+c-b10+c-b47+c-b65,CCC#CCC[P+](CCC)(CCCC)CC(C)(C)C,tetraphosphonium ,-1048.5613085,0.430671,0.516254,753.638816,-0.37621,-0.10781,1.803,-1048.1306375,-1048.0450545,7.300479999999999,Gaussian,QC,"opt+freq: b3lyp/6-311G** em=gd3bj
energy: M062X/6-311G+(2d, p) em=gd3"
795,c-c19+c-b38+c-b47+c-b60,C#CCC[P+](CCC=C)(CCCC)CC(C)(C)C,tetraphosphonium ,-1008.0146443,0.384182,0.46354,698.820048,-0.38885,-0.12374,1.4629,-1007.6304623,-1007.5511043,7.210991999999998,Gaussian,QC,"opt+freq: b3lyp/6-311G** em=gd3bj
energy: M062X/6-311G+(2d, p) em=gd3"
796,c-c19+c-b30+c-b45+c-b60,C=CCC[P+](CCCC)(CCCCC)CC(=O)O,tetraphosphonium ,-1081.1407842,0.361612,0.442192,709.5771119999999,-0.38926,-0.15003,3.3039,-1080.7791722,-1080.6985922,6.507056,Gaussian,QC,"opt+freq: b3lyp/6-311G** em=gd3bj
energy: M062X/6-311G+(2d, p) em=gd3"
797,c-c2+c-b84,CCCCCCCCCOC[P+](CC)(CC)CC,tetraphosphonium ,-1047.6100246,0.426123,0.510967,747.141064,-0.38413,-0.11505,11.8919,-1047.1839016,-1047.0990576,7.318976000000001,Gaussian,QC,"opt+freq: b3lyp/6-311G** em=gd3bj
energy: M062X/6-311G+(2d, p) em=gd3"
798,c-c19+c-b10+c-b13+c-b58,CCCC[P+](CCC)(CCCC#N)CCC(=O)O,tetraphosphonium ,-1095.9940709,0.332355,0.408901,674.067504,-0.41315,-0.14171,6.1939,-1095.6617159,-1095.5851699,7.383168,Gaussian,QC,"opt+freq: b3lyp/6-311G** em=gd3bj
energy: M062X/6-311G+(2d, p) em=gd3"
799,c-c19+c-b38+c-b65+c-b74,C#CCC[P+](CCC#CCC)(CCCC)CC(C)=O,tetraphosphonium ,-1080.7965927,0.337175,0.423298,758.396024,-0.36088,-0.16527,2.2487,-1080.4594177,-1080.3732947,5.320592,Gaussian,QC,"opt+freq: b3lyp/6-311G** em=gd3bj
energy: M062X/6-311G+(2d, p) em=gd3"
800,c-c19+c-b16+c-b28+c-b29,C=CCCC[P+](CCCC)(CCCCC#N)CC(C)C,tetraphosphonium ,-1102.73033,0.427411,0.512119,745.940256,-0.36187,-0.10893,4.6612,-1102.302919,-1102.218211,6.879968000000002,Gaussian,QC,"opt+freq: b3lyp/6-311G** em=gd3bj
energy: M062X/6-311G+(2d, p) em=gd3"
801,c-c124+c-b37,CCCC[P+](CCCC)(CCCC)CCCC(C)O,tetraphosphonium ,-1086.931963,0.45617,0.540283,740.689336,-0.37025,-0.116,5.5976,-1086.475793,-1086.39168,6.9156,Gaussian,QC,"opt+freq: b3lyp/6-311G** em=gd3bj
energy: M062X/6-311G+(2d, p) em=gd3"
802,c-c19+c-b39+c-b47+c-b78,CCCCCC[P+](CCCC)(CCOC)CC(C)(C)C,tetraphosphonium ,-1126.2164386,0.479141,0.568244,784.6338880000001,-0.39151,-0.11752,3.7178,-1125.7372976,-1125.6481946,7.452528,Gaussian,QC,"opt+freq: b3lyp/6-311G** em=gd3bj
energy: M062X/6-311G+(2d, p) em=gd3"
803,c-c19+c-b6+c-b16+c-b43,CCCC[P+](CCC#N)(CCCN)CCCCC#N,tetraphosphonium ,-1094.3011895,0.357604,0.438983,716.6187840000001,-0.35846,-0.13576,4.8004,-1093.9435855,-1093.8622065,6.05744,Gaussian,QC,"opt+freq: b3lyp/6-311G** em=gd3bj
energy: M062X/6-311G+(2d, p) em=gd3"
804,c-c19+c-b8+c-b28+c-b60,C=CCCC[P+](CCC#CC)(CCC=C)CCCC,tetraphosphonium ,-1046.0974656,0.38665,0.470668,739.860904,-0.36594,-0.12095,3.137,-1045.7108156,-1045.6267976,6.663728,Gaussian,QC,"opt+freq: b3lyp/6-311G** em=gd3bj
energy: M062X/6-311G+(2d, p) em=gd3"
805,c-c19+c-b16+c-b60+c-b81,C=CCC[P+](CCCC)(CCCC)CCCCC#N,tetraphosphonium ,-1063.4131486,0.401281,0.483642,725.2629280000001,-0.39199,-0.12828,4.9919,-1063.0118676,-1062.9295066,7.172912,Gaussian,QC,"opt+freq: b3lyp/6-311G** em=gd3bj
energy: M062X/6-311G+(2d, p) em=gd3"
806,c-c19+c-b38+c-b76+c-b79,C#CCC[P+](CCCC)(CCCCO)COC,tetraphosphonium ,-1041.7427179,0.335162,0.412857,684.180232,-0.381,-0.11933,2.1951,-1041.4075559,-1041.3298609,7.117424,Gaussian,QC,"opt+freq: b3lyp/6-311G** em=gd3bj
energy: M062X/6-311G+(2d, p) em=gd3"
807,c-c19+c-b10+c-b29+c-b83,CCCCCCC[P+](CCC)(CCCC)CC(C)C,tetraphosphonium ,-1051.0197588,0.478326,0.5634,749.1619360000001,-0.40837,-0.11272,5.1063,-1050.5414328,-1050.4563588,8.041680000000001,Gaussian,QC,"opt+freq: b3lyp/6-311G** em=gd3bj
energy: M062X/6-311G+(2d, p) em=gd3"
808,c-c19+c-b28+c-b38+c-b73,C#CCC[P+](CCCC)(CCCC=C)CCC(C)C,tetraphosphonium ,-1047.3214437,0.409848,0.493337,735.1999280000001,-0.36805,-0.11536,2.1308,-1046.9115957,-1046.8281067,6.873167999999999,Gaussian,QC,"opt+freq: b3lyp/6-311G** em=gd3bj
energy: M062X/6-311G+(2d, p) em=gd3"
809,c-c19+c-b30+c-b44+c-b60,C=CCC[P+](CCCC)(CCCCC)CCCC(C)C,tetraphosphonium ,-1089.0977808,0.479111,0.568862,790.349232,-0.38385,-0.12225,2.1184,-1088.6186698,-1088.5289188,7.115520000000001,Gaussian,QC,"opt+freq: b3lyp/6-311G** em=gd3bj
energy: M062X/6-311G+(2d, p) em=gd3"
810,c-c19+c-b13+c-b39+c-b73,CCCC[P+](CCCC#N)(CCOC)CCC(C)C,tetraphosphonium ,-1100.5404779,0.39901,0.482786,737.7354320000001,-0.38163,-0.12081,4.2915,-1100.1414679,-1100.0576919,7.094304000000001,Gaussian,QC,"opt+freq: b3lyp/6-311G** em=gd3bj
energy: M062X/6-311G+(2d, p) em=gd3"
811,c-c19+c-b37+c-b72+c-b81,CCCC[P+](CCCC)(CCC(C)O)CCC(C)CC,tetraphosphonium ,-1126.2403967,0.479644,0.568765,784.79288,-0.38954,-0.10901,4.229,-1125.7607527,-1125.6716317,7.630415999999999,Gaussian,QC,"opt+freq: b3lyp/6-311G** em=gd3bj
energy: M062X/6-311G+(2d, p) em=gd3"
812,c-c19+c-b4+c-b10+c-b41,CCCC[P+](CCC)(CCCO)CC1COC(C)(C)O1,tetraphosphonium ,-1196.8755413,0.418172,0.499738,718.275648,-0.37097,-0.10713,5.1041,-1196.4573693,-1196.3758033,7.176448000000001,Gaussian,QC,"opt+freq: b3lyp/6-311G** em=gd3bj
energy: M062X/6-311G+(2d, p) em=gd3"
813,c-c19+c-b10+c-b28+c-b38,C#CCC[P+](CCC)(CCCC)CCCC=C,tetraphosphonium ,-968.707041,0.358494,0.435931,681.912504,-0.36743,-0.11721,2.1833,-968.348547,-968.27111,6.805984,Gaussian,QC,"opt+freq: b3lyp/6-311G** em=gd3bj
energy: M062X/6-311G+(2d, p) em=gd3"
814,c-c19+c-b28+c-b39+c-b60,C=CCCC[P+](CCC=C)(CCCC)CCOC,tetraphosphonium ,-1045.1604848,0.385405,0.465174,702.443392,-0.36966,-0.12002,1.0192,-1044.7750798,-1044.6953108,6.790207999999999,Gaussian,QC,"opt+freq: b3lyp/6-311G** em=gd3bj
energy: M062X/6-311G+(2d, p) em=gd3"
815,c-c19+c-b10+c-b30+c-b58,CCCCC[P+](CCC)(CCCC)CCC(=O)O,tetraphosphonium ,-1082.3808999,0.383938,0.465607,719.171024,-0.41683,-0.13285,3.6678,-1081.9969619,-1081.9152929,7.724256,Gaussian,QC,"opt+freq: b3lyp/6-311G** em=gd3bj
energy: M062X/6-311G+(2d, p) em=gd3"
816,c-c19+c-b4+c-b6+c-b81,CCCC[P+](CCCC)(CCCN)CCCO,tetraphosphonium ,-1024.3689599,0.396271,0.472928,675.042376,-0.36751,-0.10932,1.8963,-1023.9726889,-1023.8960319,7.022768000000001,Gaussian,QC,"opt+freq: b3lyp/6-311G** em=gd3bj
energy: M062X/6-311G+(2d, p) em=gd3"
817,c-c19+c-b78+c-b79+c-b81,CCCCCC[P+](CCCC)(CCCC)CCCCO,tetraphosphonium ,-1126.2357608,0.482136,0.570008,773.8015120000001,-0.3738,-0.11004,3.1224,-1125.7536248,-1125.6657528,7.174271999999999,Gaussian,QC,"opt+freq: b3lyp/6-311G** em=gd3bj
energy: M062X/6-311G+(2d, p) em=gd3"
818,c-c19+c-b13+c-b43+c-b79,CCCC[P+](CCC#N)(CCCC#N)CCCCO,tetraphosphonium ,-1114.1762989,0.346159,0.426693,709.1754480000001,-0.37828,-0.13697,6.927,-1113.8301399,-1113.7496059,6.563632,Gaussian,QC,"opt+freq: b3lyp/6-311G** em=gd3bj
energy: M062X/6-311G+(2d, p) em=gd3"
819,c-c19+c-b6+c-b30+c-b73,CCCCC[P+](CCCC)(CCCN)CCC(C)C,tetraphosphonium ,-1067.0668293,0.469326,0.553102,737.731248,-0.36312,-0.10829,2.8403,-1066.5975033,-1066.5137273,6.931376,Gaussian,QC,"opt+freq: b3lyp/6-311G** em=gd3bj
energy: M062X/6-311G+(2d, p) em=gd3"
820,c-c19+c-b39+c-b60+c-b68,C=CCC[P+](CCCC)(CCCCC(C)C)CCOC,tetraphosphonium ,-1124.9993395,0.458378,0.545805,769.87692,-0.37252,-0.11145,3.17,-1124.5409615,-1124.4535345,7.101104,Gaussian,QC,"opt+freq: b3lyp/6-311G** em=gd3bj
energy: M062X/6-311G+(2d, p) em=gd3"
821,c-c19+c-b4+c-b7+c-b43,CCCC[P+](CCC#N)(CCCO)CCCC(C)CC,tetraphosphonium ,-1139.8623259,0.426437,0.512279,755.92328,-0.37905,-0.12109,4.3367,-1139.4358889,-1139.3500469,7.016511999999999,Gaussian,QC,"opt+freq: b3lyp/6-311G** em=gd3bj
energy: M062X/6-311G+(2d, p) em=gd3"
822,c-c19+c-b40+c-b71+c-b81,CCCCCCC[P+](CCCC)(CCCC)CN(C)C,tetraphosphonium ,-1106.3461004,0.492115,0.581014,782.834768,-0.35511,-0.11159,4.3411,-1105.8539854,-1105.7650864,6.623743999999999,Gaussian,QC,"opt+freq: b3lyp/6-311G** em=gd3bj
energy: M062X/6-311G+(2d, p) em=gd3"
823,c-c19+c-b10+c-b18+c-b83,CCCCCCC[P+](CCC)(CCCC)CC(=O)CC,tetraphosphonium ,-1125.034664,0.45602,0.545592,788.76768,-0.38892,-0.16217,4.9706,-1124.578644,-1124.489072,6.167599999999999,Gaussian,QC,"opt+freq: b3lyp/6-311G** em=gd3bj
energy: M062X/6-311G+(2d, p) em=gd3"
824,c-c19+c-b10+c-b36+c-b81,CCCC[P+](CCC)(CCCC)Cc1ccccc1,tetraphosphonium ,-1046.2139632,0.396347,0.473366,678.222216,-0.3699,-0.13917,3.7124,-1045.8176162,-1045.7405972,6.275856,Gaussian,QC,"opt+freq: b3lyp/6-311G** em=gd3bj
energy: M062X/6-311G+(2d, p) em=gd3"
825,c-c19+c-b6+c-b10+c-b13,CCCC[P+](CCC)(CCCN)CCCC#N,tetraphosphonium ,-1002.0694378,0.362384,0.438197,667.6074080000001,-0.36401,-0.12813,4.7821,-1001.7070538,-1001.6312408,6.415936,Gaussian,QC,"opt+freq: b3lyp/6-311G** em=gd3bj
energy: M062X/6-311G+(2d, p) em=gd3"
826,c-c2+c-b11,CC[P+](CC)(CC)COC(F)(F)F,tetraphosphonium ,-1030.9243793,0.195848,0.259014,556.237696,-0.47372,-0.1443,7.0936,-1030.7285313,-1030.6653653,8.960223999999998,Gaussian,QC,"opt+freq: b3lyp/6-311G** em=gd3bj
energy: M062X/6-311G+(2d, p) em=gd3"
827,c-c19+c-b30+c-b38+c-b43,C#CCC[P+](CCC#N)(CCCC)CCCCC,tetraphosphonium ,-1022.8620045,0.353521,0.431306,684.979376,-0.41124,-0.13304,3.7272,-1022.5084835,-1022.4306985,7.56704,Gaussian,QC,"opt+freq: b3lyp/6-311G** em=gd3bj
energy: M062X/6-311G+(2d, p) em=gd3"
828,c-c19+c-b38+c-b47+c-b76,C#CCC[P+](CCCC)(COC)CC(C)(C)C,tetraphosphonium ,-1005.8331904,0.358444,0.434417,669.013232,-0.39781,-0.11884,2.5006,-1005.4747464,-1005.3987734,7.587984,Gaussian,QC,"opt+freq: b3lyp/6-311G** em=gd3bj
energy: M062X/6-311G+(2d, p) em=gd3"
829,c-c19+c-b39+c-b40+c-b60,C=CCC[P+](CCCC)(CCOC)CN(C)C,tetraphosphonium ,-1023.1085007,0.370198,0.447577,681.397872,-0.35259,-0.11751,2.1159,-1022.7383027,-1022.6609237,6.394176,Gaussian,QC,"opt+freq: b3lyp/6-311G** em=gd3bj
energy: M062X/6-311G+(2d, p) em=gd3"
830,c-c19+c-b4+c-b16+c-b28,C=CCCC[P+](CCCC)(CCCO)CCCCC#N,tetraphosphonium ,-1138.6317541,0.404435,0.489687,750.726752,-0.37727,-0.11898,6.7321,-1138.2273191,-1138.1420671,7.025488,Gaussian,QC,"opt+freq: b3lyp/6-311G** em=gd3bj
energy: M062X/6-311G+(2d, p) em=gd3"
831,c-c19+c-b29+c-b37+c-b38,C#CCC[P+](CCCC)(CCC(C)O)CC(C)C,tetraphosphonium ,-1045.1590715,0.383164,0.464108,712.794608,-0.38121,-0.11733,3.4979,-1044.7759075,-1044.6949635,7.177536,Gaussian,QC,"opt+freq: b3lyp/6-311G** em=gd3bj
energy: M062X/6-311G+(2d, p) em=gd3"
832,c-c19+c-b8+c-b10+c-b11,CC#CCC[P+](CCC)(CCCC)CC(F)(F)F,tetraphosphonium ,-1189.0808785,0.302669,0.381109,690.73656,-0.38182,-0.12726,5.3876,-1188.7782095,-1188.6997695,6.924032,Gaussian,QC,"opt+freq: b3lyp/6-311G** em=gd3bj
energy: M062X/6-311G+(2d, p) em=gd3"
833,c-c19+c-b8+c-b13+c-b81,CC#CCC[P+](CCCC)(CCCC)CCCC#N,tetraphosphonium ,-1062.1817947,0.376822,0.460404,736.0158080000001,-0.37767,-0.12431,4.7469,-1061.8049727,-1061.7213907,6.891392000000001,Gaussian,QC,"opt+freq: b3lyp/6-311G** em=gd3bj
energy: M062X/6-311G+(2d, p) em=gd3"
834,c-c19+c-b30+c-b72+c-b81,CCCCC[P+](CCCC)(CCCC)CCC(C)CC,tetraphosphonium ,-1090.322001,0.500837,0.592134,803.963968,-0.42407,-0.10897,2.7478,-1089.821164,-1089.729867,8.57072,Gaussian,QC,"opt+freq: b3lyp/6-311G** em=gd3bj
energy: M062X/6-311G+(2d, p) em=gd3"
835,c-c19+c-b37+c-b44+c-b81,CCCC[P+](CCCC)(CCCC(C)C)CCC(C)O,tetraphosphonium ,-1126.2417176,0.481865,0.56881,765.638528,-0.38842,-0.11179,5.0959,-1125.7598526,-1125.6729076,7.524335999999999,Gaussian,QC,"opt+freq: b3lyp/6-311G** em=gd3bj
energy: M062X/6-311G+(2d, p) em=gd3"
836,c-c19+c-b4+c-b47+c-b81,CCCC[P+](CCCC)(CCCO)CC(C)(C)C,tetraphosphonium ,-1047.6341315,0.430573,0.510927,707.593896,-0.39275,-0.10264,1.1766,-1047.2035585,-1047.1232045,7.890991999999999,Gaussian,QC,"opt+freq: b3lyp/6-311G** em=gd3bj
energy: M062X/6-311G+(2d, p) em=gd3"
837,c-c19+c-b4+c-b8+c-b13,CC#CCC[P+](CCCC)(CCCO)CCCC#N,tetraphosphonium ,-1098.0296212,0.362302,0.437801,664.8417840000001,-0.35044,-0.11643,3.535,-1097.6673192,-1097.5918202,6.365071999999999,Gaussian,QC,"opt+freq: b3lyp/6-311G** em=gd3bj
energy: M062X/6-311G+(2d, p) em=gd3"
838,c-c19+c-b30+c-b39+c-b77,CCCCC[P+](CCCC)(CCOC)CCC(F)(F)F,tetraphosphonium ,-1306.0551162,0.377395,0.462301,747.6766160000001,-0.38449,-0.12001,5.7425,-1305.6777212,-1305.5928152,7.193855999999999,Gaussian,QC,"opt+freq: b3lyp/6-311G** em=gd3bj
energy: M062X/6-311G+(2d, p) em=gd3"
839,c-c19+c-b13+c-b43+c-b44,CCCC[P+](CCC#N)(CCCC#N)CCCC(C)C,tetraphosphonium ,-1117.5760591,0.393142,0.47795,746.814712,-0.43139,-0.13539,6.149,-1117.1829171,-1117.0981091,8.0512,Gaussian,QC,"opt+freq: b3lyp/6-311G** em=gd3bj
energy: M062X/6-311G+(2d, p) em=gd3"
840,c-c19+c-b28+c-b39+c-b43,C=CCCC[P+](CCC#N)(CCCC)CCOC,tetraphosphonium ,-1060.0128802,0.350423,0.431018,709.711,-0.36454,-0.12565,5.6,-1059.6624572,-1059.5818622,6.497807999999999,Gaussian,QC,"opt+freq: b3lyp/6-311G** em=gd3bj
energy: M062X/6-311G+(2d, p) em=gd3"
841,c-c19+c-b10+c-b43+c-b76,CCCC[P+](CCC)(CCC#N)COC,tetraphosphonium ,-943.3069781,0.296336,0.367114,623.2653760000001,-0.41209,-0.13979,4.4678,-943.0106421,-942.9398641,7.40656,Gaussian,QC,"opt+freq: b3lyp/6-311G** em=gd3bj
energy: M062X/6-311G+(2d, p) em=gd3"
842,c-c19+c-b28+c-b43+c-b65,C=CCCC[P+](CCC#N)(CCC#CCC)CCCC,tetraphosphonium ,-1100.24885,0.376983,0.465812,782.223904,-0.35747,-0.12969,5.5213,-1099.871867,-1099.783038,6.195616,Gaussian,QC,"opt+freq: b3lyp/6-311G** em=gd3bj
energy: M062X/6-311G+(2d, p) em=gd3"
843,c-c19+c-b43+c-b58+c-b79,CCCC[P+](CCC#N)(CCCCO)CCC(=O)O,tetraphosphonium ,-1171.227366,0.334859,0.414912,704.9412400000001,-0.37507,-0.13545,6.1434,-1170.892507,-1170.812454,6.517664000000001,Gaussian,QC,"opt+freq: b3lyp/6-311G** em=gd3bj
energy: M062X/6-311G+(2d, p) em=gd3"
844,c-c19+c-b28+c-b43+c-b73,C=CCCC[P+](CCC#N)(CCCC)CCC(C)C,tetraphosphonium ,-1063.413043,0.401149,0.4827,718.1375760000001,-0.37129,-0.1291,4.6853,-1063.011894,-1062.930343,6.587568,Gaussian,QC,"opt+freq: b3lyp/6-311G** em=gd3bj
energy: M062X/6-311G+(2d, p) em=gd3"
845,c-c19+c-b13+c-b29+c-b78,CCCCCC[P+](CCCC)(CCCC#N)CC(C)C,tetraphosphonium ,-1103.9499823,0.449657,0.5353,754.1743680000001,-0.42477,-0.12324,4.741,-1103.5003253,-1103.4146823,8.201616,Gaussian,QC,"opt+freq: b3lyp/6-311G** em=gd3bj
energy: M062X/6-311G+(2d, p) em=gd3"
846,c-c19+c-b13+c-b43+c-b81,CCCC[P+](CCC#N)(CCCC)CCCC#N,tetraphosphonium ,-1038.9580067,0.34366,0.420568,677.251528,-0.44241,-0.13841,3.8375,-1038.6143467,-1038.5374387,8.2688,Gaussian,QC,"opt+freq: b3lyp/6-311G** em=gd3bj
energy: M062X/6-311G+(2d, p) em=gd3"
847,c-c19+c-b38+c-b65+c-b79,C#CCC[P+](CCC#CCC)(CCCC)CCCCO,tetraphosphonium ,-1121.2977089,0.386396,0.476824,796.3030640000001,-0.35871,-0.11655,0.9558,-1120.9113129,-1120.8208849,6.586752,Gaussian,QC,"opt+freq: b3lyp/6-311G** em=gd3bj
energy: M062X/6-311G+(2d, p) em=gd3"
848,c-c19+c-b16+c-b58+c-b60,C=CCC[P+](CCCC)(CCCCC#N)CCC(=O)O,tetraphosphonium ,-1173.3726843,0.360262,0.443427,732.342256,-0.3886,-0.14379,4.4479,-1173.0124223,-1172.9292573,6.658831999999999,Gaussian,QC,"opt+freq: b3lyp/6-311G** em=gd3bj
energy: M062X/6-311G+(2d, p) em=gd3"
849,c-c19+c-b39+c-b65+c-b79,CCC#CCC[P+](CCCC)(CCCCO)CCOC,tetraphosphonium ,-1159.6850642,0.41333,0.501025,772.2366959999999,-0.36665,-0.0977,2.1146,-1159.2717342,-1159.1840392,7.315439999999999,Gaussian,QC,"opt+freq: b3lyp/6-311G** em=gd3bj
energy: M062X/6-311G+(2d, p) em=gd3"
850,c-c19+c-b6+c-b8+c-b60,C=CCC[P+](CCC#CC)(CCCC)CCCN,tetraphosphonium ,-1024.0684307,0.374127,0.454822,710.602192,-0.36025,-0.1136,1.5726,-1023.6943037,-1023.6136087,6.70888,Gaussian,QC,"opt+freq: b3lyp/6-311G** em=gd3bj
energy: M062X/6-311G+(2d, p) em=gd3"
851,c-c19+c-b19+c-b30+c-b73,CCCCC[P+](CCCC)(CCCCF)CCC(C)C,tetraphosphonium ,-1150.2585257,0.470611,0.557326,763.6092880000001,-0.43327,-0.11524,3.9584,-1149.7879147,-1149.7011997,8.650416,Gaussian,QC,"opt+freq: b3lyp/6-311G** em=gd3bj
energy: M062X/6-311G+(2d, p) em=gd3"
852,c-c19+c-b7+c-b10+c-b81,CCCC[P+](CCC)(CCCC)CCCC(C)CC,tetraphosphonium ,-1051.020006,0.476531,0.563365,764.655288,-0.41859,-0.1111,3.7969,-1050.543475,-1050.456641,8.363728,Gaussian,QC,"opt+freq: b3lyp/6-311G** em=gd3bj
energy: M062X/6-311G+(2d, p) em=gd3"
853,c-c19+c-b10+c-b39+c-b81,CCCC[P+](CCC)(CCCC)CCOC,tetraphosphonium ,-969.0100789,0.377058,0.45366,674.557032,-0.39866,-0.1065,1.8615,-968.6330209,-968.5564189,7.946752000000001,Gaussian,QC,"opt+freq: b3lyp/6-311G** em=gd3bj
energy: M062X/6-311G+(2d, p) em=gd3"
854,c-c125+c-b82,CC[P+](CC)(CC)CCCCCCC(C)C,tetraphosphonium ,-933.1075813,0.400131,0.476349,671.17636,-0.39464,-0.11628,9.7542,-932.7074503,-932.6312323,7.571391999999999,Gaussian,QC,"opt+freq: b3lyp/6-311G** em=gd3bj
energy: M062X/6-311G+(2d, p) em=gd3"
855,c-c19+c-b10+c-b70+c-b81,CCCC[P+](CCC)(CCCC)CCCCS(=O)(=O)O,tetraphosphonium ,-1556.9235405,0.409704,0.496021,760.103096,-0.40703,-0.11861,10.1615,-1556.5138365,-1556.4275195,7.845024,Gaussian,QC,"opt+freq: b3lyp/6-311G** em=gd3bj
energy: M062X/6-311G+(2d, p) em=gd3"
856,c-c19+c-b10+c-b39+c-b78,CCCCCC[P+](CCC)(CCCC)CCOC,tetraphosphonium ,-1047.6199709,0.428564,0.511701,732.099584,-0.3965,-0.10545,3.4452,-1047.1914069,-1047.1082699,7.91656,Gaussian,QC,"opt+freq: b3lyp/6-311G** em=gd3bj
energy: M062X/6-311G+(2d, p) em=gd3"
857,c-c19+c-b6+c-b13+c-b28,C=CCCC[P+](CCCC)(CCCN)CCCC#N,tetraphosphonium ,-1079.4526313,0.391078,0.472692,718.689864,-0.36202,-0.1243,4.5643,-1079.0615533,-1078.9799393,6.465984000000001,Gaussian,QC,"opt+freq: b3lyp/6-311G** em=gd3bj
energy: M062X/6-311G+(2d, p) em=gd3"
858,c-c19+c-b38+c-b81+c-b83,C#CCC[P+](CCCC)(CCCC)CCCCCCC,tetraphosphonium ,-1087.852475,0.458189,0.546194,774.9646640000001,-0.39886,-0.11221,3.4992,-1087.394286,-1087.306281,7.796879999999999,Gaussian,QC,"opt+freq: b3lyp/6-311G** em=gd3bj
energy: M062X/6-311G+(2d, p) em=gd3"
859,c-c19+c-b4+c-b19+c-b81,CCCC[P+](CCCC)(CCCO)CCCCF,tetraphosphonium ,-1107.5612786,0.39753,0.477126,700.912048,-0.40254,-0.11465,3.8793,-1107.1637486,-1107.0841526,7.830607999999999,Gaussian,QC,"opt+freq: b3lyp/6-311G** em=gd3bj
energy: M062X/6-311G+(2d, p) em=gd3"
860,c-c19+c-b43+c-b78+c-b81,CCCCCC[P+](CCC#N)(CCCC)CCCC,tetraphosphonium ,-1064.6401068,0.423726,0.506638,730.120552,-0.42542,-0.12751,4.9929,-1064.2163808,-1064.1334688,8.103152,Gaussian,QC,"opt+freq: b3lyp/6-311G** em=gd3bj
energy: M062X/6-311G+(2d, p) em=gd3"
861,c-c19+c-b10+c-b48+c-b81,CCCC[P+](CCC)(CCCC)Cc1cccc(C)c1,tetraphosphonium ,-1085.519594,0.419437,0.501638,723.8612880000001,-0.35674,-0.13518,3.7615,-1085.100157,-1085.017956,6.026432,Gaussian,QC,"opt+freq: b3lyp/6-311G** em=gd3bj
energy: M062X/6-311G+(2d, p) em=gd3"
862,c-c19+c-b10+c-b43+c-b73,CCCC[P+](CCC)(CCC#N)CCC(C)C,tetraphosphonium ,-986.0327466,0.372569,0.448192,665.933808,-0.43288,-0.12972,7.1453,-985.6601776,-985.5845546,8.245951999999999,Gaussian,QC,"opt+freq: b3lyp/6-311G** em=gd3bj
energy: M062X/6-311G+(2d, p) em=gd3"
863,c-c19+c-b4+c-b8+c-b10,CC#CCC[P+](CCC)(CCCC)CCCO,tetraphosphonium ,-1005.8576063,0.358648,0.436553,686.0337440000001,-0.3854,-0.11875,3.6693,-1005.4989583,-1005.4210533,7.252880000000001,Gaussian,QC,"opt+freq: b3lyp/6-311G** em=gd3bj
energy: M062X/6-311G+(2d, p) em=gd3"
864,c-c19+c-b30+c-b58+c-b81,CCCCC[P+](CCCC)(CCCC)CCC(=O)O,tetraphosphonium ,-1121.6837582,0.411652,0.494947,733.488672,-0.42322,-0.13869,3.0307,-1121.2721062,-1121.1888112,7.739215999999998,Gaussian,QC,"opt+freq: b3lyp/6-311G** em=gd3bj
energy: M062X/6-311G+(2d, p) em=gd3"
865,c-c125+c-b9,CC[P+](CC)(CC)CCC(C)F,tetraphosphonium ,-835.8223506,0.261767,0.325159,558.22928,-0.45201,-0.12369,5.3247,-835.5605836000001,-835.4971916000001,8.930304000000001,Gaussian,QC,"opt+freq: b3lyp/6-311G** em=gd3bj
energy: M062X/6-311G+(2d, p) em=gd3"
866,c-c19+c-b10+c-b37+c-b43,CCCC[P+](CCC)(CCC#N)CCC(C)O,tetraphosphonium ,-1021.9538916,0.348965,0.425481,673.8039120000001,-0.40395,-0.12709,4.8785,-1021.6049266,-1021.5284106,7.530592,Gaussian,QC,"opt+freq: b3lyp/6-311G** em=gd3bj
energy: M062X/6-311G+(2d, p) em=gd3"
867,c-c19+c-b58+c-b78+c-b81,CCCCCC[P+](CCCC)(CCCC)CCC(=O)O,tetraphosphonium ,-1160.9875488,0.436359,0.523661,768.776528,-0.41491,-0.13259,3.3023,-1160.5511898,-1160.4638878,7.679104000000001,Gaussian,QC,"opt+freq: b3lyp/6-311G** em=gd3bj
energy: M062X/6-311G+(2d, p) em=gd3"
868,c-c19+c-b71+c-b76+c-b81,CCCCCCC[P+](CCCC)(CCCC)COC,tetraphosphonium ,-1086.913509,0.454346,0.540277,756.709872,-0.40619,-0.11731,5.025,-1086.459163,-1086.373232,7.857536000000001,Gaussian,QC,"opt+freq: b3lyp/6-311G** em=gd3bj
energy: M062X/6-311G+(2d, p) em=gd3"
869,c-c2+c-b79,CC[P+](CC)(CC)COCCCO,tetraphosphonium ,-887.0073417,0.277592,0.343567,580.973504,-0.39748,-0.1116,2.2451,-886.7297497,-886.6637747,7.775936000000001,Gaussian,QC,"opt+freq: b3lyp/6-311G** em=gd3bj
energy: M062X/6-311G+(2d, p) em=gd3"
870,c-c19+c-b37+c-b79+c-b81,CCCC[P+](CCCC)(CCCCO)CCC(C)O,tetraphosphonium ,-1122.8493509,0.434195,0.517464,733.262736,-0.36934,-0.11061,4.0131,-1122.4151559,-1122.3318869,7.037456000000001,Gaussian,QC,"opt+freq: b3lyp/6-311G** em=gd3bj
energy: M062X/6-311G+(2d, p) em=gd3"
871,c-c19+c-b10+c-b13+c-b83,CCCCCCC[P+](CCC)(CCCC)CCCC#N,tetraphosphonium ,-1103.9456762,0.4497,0.535787,758.07804,-0.40735,-0.12547,8.4858,-1103.4959762,-1103.4098892,7.667136,Gaussian,QC,"opt+freq: b3lyp/6-311G** em=gd3bj
energy: M062X/6-311G+(2d, p) em=gd3"
872,c-c19+c-b10+c-b73+c-b79,CCCC[P+](CCC)(CCCCO)CCC(C)C,tetraphosphonium ,-1047.6294034,0.431081,0.511565,708.736128,-0.37843,-0.11205,3.2551,-1047.1983224,-1047.1178384,7.245536,Gaussian,QC,"opt+freq: b3lyp/6-311G** em=gd3bj
energy: M062X/6-311G+(2d, p) em=gd3"
873,c-c19+c-b10+c-b19+c-b44,CCCC[P+](CCC)(CCCCF)CCCC(C)C,tetraphosphonium ,-1110.9571062,0.442942,0.52854,753.7685200000001,-0.42482,-0.10937,4.332,-1110.5141642,-1110.4285662,8.58024,Gaussian,QC,"opt+freq: b3lyp/6-311G** em=gd3bj
energy: M062X/6-311G+(2d, p) em=gd3"
874,c-c19+c-b4+c-b10+c-b31,CCCC[P+](CCC)(CCCO)CCCC(F)(F)F,tetraphosphonium ,-1266.7729375,0.354992,0.434247,697.924672,-0.41424,-0.12151,8.7018,-1266.4179455,-1266.3386905,7.962255999999999,Gaussian,QC,"opt+freq: b3lyp/6-311G** em=gd3bj
energy: M062X/6-311G+(2d, p) em=gd3"
875,c-c19+c-b13+c-b39+c-b65,CCC#CCC[P+](CCCC)(CCCC#N)CCOC,tetraphosphonium ,-1137.3964063,0.380033,0.466487,761.316456,-0.37608,-0.11715,2.7542,-1137.0163733,-1136.9299193,7.042896,Gaussian,QC,"opt+freq: b3lyp/6-311G** em=gd3bj
energy: M062X/6-311G+(2d, p) em=gd3"
876,c-c124+c-b6,CCCC[P+](CCCC)(CCCC)CCCCN,tetraphosphonium ,-1027.7561145,0.44344,0.524503,713.836424,-0.33971,-0.10867,1.6778,-1027.3126745,-1027.2316115,6.284288,Gaussian,QC,"opt+freq: b3lyp/6-311G** em=gd3bj
energy: M062X/6-311G+(2d, p) em=gd3"
877,c-c19+c-b4+c-b16+c-b81,CCCC[P+](CCCC)(CCCO)CCCCC#N,tetraphosphonium ,-1100.5570739,0.401536,0.484067,726.769168,-0.40664,-0.11823,6.5837,-1100.1555379,-1100.0730069,7.844752,Gaussian,QC,"opt+freq: b3lyp/6-311G** em=gd3bj
energy: M062X/6-311G+(2d, p) em=gd3"
878,c-c19+c-b12+c-b38+c-b81,C#CCC[P+](CCCC)(CCCC)CC(=O)C(C)(C)C,tetraphosphonium ,-1122.5659353,0.41209,0.497702,753.902408,-0.37971,-0.16208,4.1749,-1122.1538453,-1122.0682333,5.919536,Gaussian,QC,"opt+freq: b3lyp/6-311G** em=gd3bj
energy: M062X/6-311G+(2d, p) em=gd3"
879,c-c19+c-b8+c-b76+c-b81,CC#CCC[P+](CCCC)(CCCC)COC,tetraphosphonium ,-1005.8397876,0.355442,0.435905,708.556216,-0.37652,-0.11754,1.4087,-1005.4843456,-1005.4038826,7.044256,Gaussian,QC,"opt+freq: b3lyp/6-311G** em=gd3bj
energy: M062X/6-311G+(2d, p) em=gd3"
880,c-c19+c-b11+c-b16+c-b60,C=CCC[P+](CCCC)(CCCCC#N)CC(F)(F)F,tetraphosphonium ,-1282.5477972,0.324212,0.405276,713.8531600000001,-0.39824,-0.13552,7.7579,-1282.2235852,-1282.1425212,7.145983999999999,Gaussian,QC,"opt+freq: b3lyp/6-311G** em=gd3bj
energy: M062X/6-311G+(2d, p) em=gd3"
881,c-c19+c-b38+c-b45+c-b83,C#CCC[P+](CCCC)(CCCCCCC)CC(=O)O,tetraphosphonium ,-1158.5067842,0.391262,0.476847,753.66392,-0.40209,-0.14,4.368,-1158.1155222,-1158.0299372,7.128848,Gaussian,QC,"opt+freq: b3lyp/6-311G** em=gd3bj
energy: M062X/6-311G+(2d, p) em=gd3"
882,c-c2+c-b28,C=CCCOC[P+](CC)(CC)CC,tetraphosphonium ,-849.8571528,0.274864,0.342743,597.74716,-0.36706,-0.11791,4.4725,-849.5822888,-849.5144098,6.776879999999999,Gaussian,QC,"opt+freq: b3lyp/6-311G** em=gd3bj
energy: M062X/6-311G+(2d, p) em=gd3"
883,c-c19+c-b4+c-b47+c-b76,CCCC[P+](CCCO)(COC)CC(C)(C)C,tetraphosphonium ,-1044.2235855,0.381646,0.458253,674.603056,-0.40255,-0.11062,3.7488,-1043.8419395,-1043.7653325,7.940496,Gaussian,QC,"opt+freq: b3lyp/6-311G** em=gd3bj
energy: M062X/6-311G+(2d, p) em=gd3"
884,c-c19+c-b38+c-b65+c-b73,C#CCC[P+](CCC#CCC)(CCCC)CCC(C)C,tetraphosphonium ,-1085.3844832,0.409776,0.499284,788.198656,-0.35725,-0.11908,1.8571,-1084.9747072,-1084.8851992,6.478224,Gaussian,QC,"opt+freq: b3lyp/6-311G** em=gd3bj
energy: M062X/6-311G+(2d, p) em=gd3"
885,c-c19+c-b6+c-b79+c-b81,CCCC[P+](CCCC)(CCCN)CCCCO,tetraphosphonium ,-1063.6705754,0.421615,0.501827,706.351248,-0.36398,-0.10898,2.9399,-1063.2489604,-1063.1687484,6.936,Gaussian,QC,"opt+freq: b3lyp/6-311G** em=gd3bj
energy: M062X/6-311G+(2d, p) em=gd3"
886,c-c19+c-b38+c-b39+c-b65,C#CCC[P+](CCC#CCC)(CCCC)CCOC,tetraphosphonium ,-1081.9844662,0.359774,0.447409,771.705328,-0.35499,-0.11364,3.2032,-1081.6246922,-1081.5370572,6.56472,Gaussian,QC,"opt+freq: b3lyp/6-311G** em=gd3bj
energy: M062X/6-311G+(2d, p) em=gd3"
887,c-c19+c-b28+c-b38+c-b81,C#CCC[P+](CCCC)(CCCC)CCCC=C,tetraphosphonium ,-1008.0120229,0.383885,0.46482,712.7109280000001,-0.3668,-0.1163,1.171,-1007.6281379,-1007.5472029,6.8136,Gaussian,QC,"opt+freq: b3lyp/6-311G** em=gd3bj
energy: M062X/6-311G+(2d, p) em=gd3"
888,c-c19+c-b10+c-b18+c-b78,CCCCCC[P+](CCC)(CCCC)CC(=O)CC,tetraphosphonium ,-1085.7298053,0.430417,0.516623,759.12404,-0.38941,-0.16257,3.908,-1085.2993883,-1085.2131823,6.170048,Gaussian,QC,"opt+freq: b3lyp/6-311G** em=gd3bj
energy: M062X/6-311G+(2d, p) em=gd3"
889,c-c2+c-b46,CC[P+](CC)(CC)COc1ccc(C)cc1,tetraphosphonium ,-964.1987215,0.291708,0.361741,616.7090479999999,-0.34808,-0.1329,6.2486,-963.9070135000001,-963.8369805,5.852896,Gaussian,QC,"opt+freq: b3lyp/6-311G** em=gd3bj
energy: M062X/6-311G+(2d, p) em=gd3"
890,c-c19+c-b13+c-b37+c-b73,CCCC[P+](CCCC#N)(CCC(C)C)CCC(C)O,tetraphosphonium ,-1139.868425,0.427276,0.511699,743.425672,-0.39235,-0.12219,4.5166,-1139.441149,-1139.356726,7.348351999999998,Gaussian,QC,"opt+freq: b3lyp/6-311G** em=gd3bj
energy: M062X/6-311G+(2d, p) em=gd3"
891,c-c19+c-b30+c-b43+c-b58,CCCCC[P+](CCC#N)(CCCC)CCC(=O)O,tetraphosphonium ,-1135.3080208,0.35364,0.437372,737.3421360000001,-0.42197,-0.13849,5.7902,-1134.9543808,-1134.8706488,7.710656,Gaussian,QC,"opt+freq: b3lyp/6-311G** em=gd3bj
energy: M062X/6-311G+(2d, p) em=gd3"
892,c-c19+c-b4+c-b36+c-b43,CCCC[P+](CCC#N)(CCCO)Cc1ccccc1,tetraphosphonium ,-1135.0507737,0.345723,0.422708,677.925152,-0.37123,-0.14055,1.6959,-1134.7050507,-1134.6280657,6.274496,Gaussian,QC,"opt+freq: b3lyp/6-311G** em=gd3bj
energy: M062X/6-311G+(2d, p) em=gd3"
893,c-c19+c-b19+c-b38+c-b44,C#CCC[P+](CCCC)(CCCCF)CCCC(C)C,tetraphosphonium ,-1147.7839178,0.424213,0.510743,761.977528,-0.40107,-0.11687,1.9819,-1147.3597048,-1147.2731748,7.73024,Gaussian,QC,"opt+freq: b3lyp/6-311G** em=gd3bj
energy: M062X/6-311G+(2d, p) em=gd3"
894,c-c19+c-b28+c-b43+c-b78,C=CCCC[P+](CCC#N)(CCCC)CCCCCC,tetraphosphonium ,-1102.7134738,0.425917,0.512185,759.672144,-0.37043,-0.12835,4.7667,-1102.2875568,-1102.2012888,6.584575999999999,Gaussian,QC,"opt+freq: b3lyp/6-311G** em=gd3bj
energy: M062X/6-311G+(2d, p) em=gd3"
895,c-c19+c-b38+c-b73+c-b79,C#CCC[P+](CCCC)(CCCCO)CCC(C)C,tetraphosphonium ,-1084.4683481,0.410572,0.494155,736.032544,-0.39518,-0.1034,2.0196,-1084.0577761,-1083.9741931,7.936415999999999,Gaussian,QC,"opt+freq: b3lyp/6-311G** em=gd3bj
energy: M062X/6-311G+(2d, p) em=gd3"
896,c-c19+c-b6+c-b8+c-b39,CC#CCC[P+](CCCC)(CCCN)CCOC,tetraphosphonium ,-1061.2009719,0.372637,0.455127,726.409344,-0.36054,-0.10489,1.4775,-1060.8283349,-1060.7458449,6.953680000000001,Gaussian,QC,"opt+freq: b3lyp/6-311G** em=gd3bj
energy: M062X/6-311G+(2d, p) em=gd3"
897,c-c19+c-b8+c-b43+c-b79,CC#CCC[P+](CCC#N)(CCCC)CCCCO,tetraphosphonium ,-1098.0862239,0.356081,0.437654,718.3342240000001,-0.37838,-0.13492,4.1367,-1097.7301429,-1097.6485699,6.622112,Gaussian,QC,"opt+freq: b3lyp/6-311G** em=gd3bj
energy: M062X/6-311G+(2d, p) em=gd3"
898,c-c19+c-b38+c-b45+c-b78,C#CCC[P+](CCCC)(CCCCCC)CC(=O)O,tetraphosphonium ,-1119.2020363,0.365872,0.447866,722.03288,-0.40245,-0.14043,3.1617,-1118.8361643,-1118.7541703,7.126943999999999,Gaussian,QC,"opt+freq: b3lyp/6-311G** em=gd3bj
energy: M062X/6-311G+(2d, p) em=gd3"
899,c-c19+c-b10+c-b27+c-b81,CCCC[P+](CCC)(CCCC)CC(C)C#N,tetraphosphonium ,-986.0252922,0.372334,0.44844,670.180568,-0.44286,-0.12895,6.0367,-985.6529582,-985.5768522,8.538352,Gaussian,QC,"opt+freq: b3lyp/6-311G** em=gd3bj
energy: M062X/6-311G+(2d, p) em=gd3"
900,c-c19+c-b10+c-b58+c-b76,CCCC[P+](CCC)(CCC(=O)O)COC,tetraphosphonium ,-1039.6634797,0.310635,0.384161,647.469816,-0.40997,-0.12423,2.1106,-1039.3528447,-1039.2793187,7.772127999999999,Gaussian,QC,"opt+freq: b3lyp/6-311G** em=gd3bj
energy: M062X/6-311G+(2d, p) em=gd3"
901,c-c19+c-b28+c-b30+c-b40,C=CCCC[P+](CCCC)(CCCCC)CN(C)C,tetraphosphonium ,-1065.8116663,0.443744,0.528668,747.831424,-0.35753,-0.11456,2.07,-1065.3679223,-1065.2829983,6.608784,Gaussian,QC,"opt+freq: b3lyp/6-311G** em=gd3bj
energy: M062X/6-311G+(2d, p) em=gd3"
902,c-c19+c-b6+c-b10+c-b56,CCCCCCCC[P+](CCC)(CCCC)CCCN,tetraphosphonium ,-1106.3675887,0.495279,0.582632,769.224216,-0.3589,-0.11105,6.4475,-1105.8723097,-1105.7849567,6.74152,Gaussian,QC,"opt+freq: b3lyp/6-311G** em=gd3bj
energy: M062X/6-311G+(2d, p) em=gd3"
903,c-c19+c-b10+c-b13+c-b47,CCCC[P+](CCC)(CCCC#N)CC(C)(C)C,tetraphosphonium ,-1025.3329321,0.396098,0.476518,708.179656,-0.43908,-0.12445,4.8859,-1024.9368341,-1024.8564141,8.557936,Gaussian,QC,"opt+freq: b3lyp/6-311G** em=gd3bj
energy: M062X/6-311G+(2d, p) em=gd3"
904,c-c19+c-b4+c-b13+c-b28,C=CCCC[P+](CCCC)(CCCO)CCCC#N,tetraphosphonium ,-1099.3305726,0.379166,0.460635,717.4137440000001,-0.3695,-0.12153,7.0494,-1098.9514066,-1098.8699376,6.744784,Gaussian,QC,"opt+freq: b3lyp/6-311G** em=gd3bj
energy: M062X/6-311G+(2d, p) em=gd3"
905,c-c19+c-b60+c-b80+c-b81,C=CCC[P+](CCCC)(CCCC)CC(C)C,tetraphosphonium ,-971.1796928,0.404136,0.482034,685.962616,-0.3824,-0.12009,1.5097,-970.7755568,-970.6976588,7.134832000000001,Gaussian,QC,"opt+freq: b3lyp/6-311G** em=gd3bj
energy: M062X/6-311G+(2d, p) em=gd3"
906,c-c19+c-b6+c-b16+c-b30,CCCCC[P+](CCCC)(CCCN)CCCCC#N,tetraphosphonium ,-1119.9848639,0.438215,0.525227,766.224288,-0.35797,-0.1195,5.3831,-1119.5466489,-1119.4596369,6.486384,Gaussian,QC,"opt+freq: b3lyp/6-311G** em=gd3bj
energy: M062X/6-311G+(2d, p) em=gd3"
907,c-c19+c-b4+c-b7+c-b38,C#CCC[P+](CCCC)(CCCO)CCCC(C)CC,tetraphosphonium ,-1123.7685583,0.437457,0.523293,755.877256,-0.39614,-0.11364,3.2161,-1123.3311013,-1123.2452653,7.683999999999999,Gaussian,QC,"opt+freq: b3lyp/6-311G** em=gd3bj
energy: M062X/6-311G+(2d, p) em=gd3"
908,c-c19+c-b38+c-b68+c-b76,C#CCC[P+](CCCC)(CCCCC(C)C)COC,tetraphosphonium ,-1084.440131,0.408189,0.493001,746.8523680000001,-0.39669,-0.12046,4.2199,-1084.031942,-1083.94713,7.513455999999999,Gaussian,QC,"opt+freq: b3lyp/6-311G** em=gd3bj
energy: M062X/6-311G+(2d, p) em=gd3"
909,c-c2+c-b73,CC[P+](CC)(CC)COCC(C)C,tetraphosphonium ,-851.092664,0.295811,0.365292,611.84724,-0.40998,-0.11691,5.4899,-850.796853,-850.7273720000001,7.971503999999999,Gaussian,QC,"opt+freq: b3lyp/6-311G** em=gd3bj
energy: M062X/6-311G+(2d, p) em=gd3"
910,c-c19+c-b8+c-b10+c-b68,CC#CCC[P+](CCC)(CCCC)CCCCC(C)C,tetraphosphonium ,-1087.8681517,0.457697,0.54599,777.504352,-0.37802,-0.10633,3.9192,-1087.4104547,-1087.3221617,7.389968000000001,Gaussian,QC,"opt+freq: b3lyp/6-311G** em=gd3bj
energy: M062X/6-311G+(2d, p) em=gd3"
911,c-c19+c-b10+c-b45+c-b81,CCCC[P+](CCC)(CCCC)CC(=O)O,tetraphosphonium ,-1003.7587942,0.334438,0.407659,644.779504,-0.43102,-0.15604,3.7155,-1003.4243562,-1003.3511352,7.479456,Gaussian,QC,"opt+freq: b3lyp/6-311G** em=gd3bj
energy: M062X/6-311G+(2d, p) em=gd3"
912,c-c19+c-b4+c-b13+c-b58,CCCC[P+](CCCO)(CCCC#N)CCC(=O)O,tetraphosphonium ,-1171.2217987,0.336096,0.415252,697.0460320000001,-0.40938,-0.13606,6.1602,-1170.8857027,-1170.8065467,7.434304,Gaussian,QC,"opt+freq: b3lyp/6-311G** em=gd3bj
energy: M062X/6-311G+(2d, p) em=gd3"
913,c-c19+c-b10+c-b68+c-b80,CCCC[P+](CCC)(CCCCC(C)C)CC(C)C,tetraphosphonium ,-1051.0215556,0.477973,0.562806,747.040648,-0.41218,-0.11191,4.7645,-1050.5435826,-1050.4587496,8.167344,Gaussian,QC,"opt+freq: b3lyp/6-311G** em=gd3bj
energy: M062X/6-311G+(2d, p) em=gd3"
914,c-c19+c-b13+c-b58+c-b79,CCCC[P+](CCCC#N)(CCCCO)CCC(=O)O,tetraphosphonium ,-1210.5204291,0.364005,0.444193,706.129496,-0.37491,-0.14151,4.4122,-1210.1564241,-1210.0762361,6.34848,Gaussian,QC,"opt+freq: b3lyp/6-311G** em=gd3bj
energy: M062X/6-311G+(2d, p) em=gd3"
915,c-c19+c-b28+c-b37+c-b38,C#CCC[P+](CCCC)(CCCC=C)CCC(C)O,tetraphosphonium ,-1083.2427687,0.388021,0.470547,726.723144,-0.36098,-0.10804,2.1537,-1082.8547477,-1082.7722217,6.879968000000002,Gaussian,QC,"opt+freq: b3lyp/6-311G** em=gd3bj
energy: M062X/6-311G+(2d, p) em=gd3"
916,c-c19+c-b30+c-b47+c-b76,CCCCC[P+](CCCC)(COC)CC(C)(C)C,tetraphosphonium ,-1047.6114964,0.428987,0.510001,713.401288,-0.41073,-0.11497,3.1786,-1047.1825094,-1047.1014954,8.044671999999998,Gaussian,QC,"opt+freq: b3lyp/6-311G** em=gd3bj
energy: M062X/6-311G+(2d, p) em=gd3"
917,c-c19+c-b28+c-b37+c-b47,C=CCCC[P+](CCCC)(CCC(C)O)CC(C)(C)C,tetraphosphonium ,-1125.0150206,0.458086,0.544666,762.4168480000001,-0.36427,-0.1092,3.479,-1124.5569346,-1124.4703546,6.937903999999999,Gaussian,QC,"opt+freq: b3lyp/6-311G** em=gd3bj
energy: M062X/6-311G+(2d, p) em=gd3"
918,c-c19+c-b39+c-b44+c-b73,CCCC[P+](CCCC(C)C)(CCOC)CCC(C)C,tetraphosphonium ,-1126.2338496,0.480876,0.56845,771.17396,-0.39454,-0.10628,1.1656,-1125.7529736,-1125.6653996,7.840672000000001,Gaussian,QC,"opt+freq: b3lyp/6-311G** em=gd3bj
energy: M062X/6-311G+(2d, p) em=gd3"
919,c-c19+c-b10+c-b43+c-b72,CCCC[P+](CCC)(CCC#N)CCC(C)CC,tetraphosphonium ,-1025.3332107,0.396275,0.477101,711.744424,-0.42871,-0.13008,6.1292,-1024.9369357,-1024.8561097,8.122735999999998,Gaussian,QC,"opt+freq: b3lyp/6-311G** em=gd3bj
energy: M062X/6-311G+(2d, p) em=gd3"
920,c-c19+c-b45+c-b76+c-b81,CCCC[P+](CCCC)(COC)CC(=O)O,tetraphosphonium ,-1039.6505942,0.309329,0.383888,656.561648,-0.40923,-0.14319,2.0722,-1039.3412652,-1039.2667062,7.236287999999998,Gaussian,QC,"opt+freq: b3lyp/6-311G** em=gd3bj
energy: M062X/6-311G+(2d, p) em=gd3"
921,c-c19+c-b4+c-b28+c-b37,C=CCCC[P+](CCCC)(CCCO)CCC(C)O,tetraphosphonium ,-1121.624317,0.414443,0.494604,705.895192,-0.37115,-0.11416,3.5838,-1121.209874,-1121.129713,6.990127999999999,Gaussian,QC,"opt+freq: b3lyp/6-311G** em=gd3bj
energy: M062X/6-311G+(2d, p) em=gd3"
922,c-c19+c-b43+c-b76+c-b79,CCCC[P+](CCC#N)(CCCCO)COC,tetraphosphonium ,-1057.8383542,0.325538,0.402233,675.377096,-0.38223,-0.13479,6.1697,-1057.5128162,-1057.4361212,6.730368,Gaussian,QC,"opt+freq: b3lyp/6-311G** em=gd3bj
energy: M062X/6-311G+(2d, p) em=gd3"
923,c-c19+c-b45+c-b60+c-b83,C=CCC[P+](CCCC)(CCCCCCC)CC(=O)O,tetraphosphonium ,-1159.7504237,0.413259,0.500182,765.437696,-0.38862,-0.14915,5.68,-1159.3371647,-1159.2502417,6.513584000000001,Gaussian,QC,"opt+freq: b3lyp/6-311G** em=gd3bj
energy: M062X/6-311G+(2d, p) em=gd3"
924,c-c19+c-b10+c-b74+c-b81,CCCC[P+](CCC)(CCCC)CC(C)=O,tetraphosphonium ,-967.8135677,0.35506,0.429564,656.084672,-0.39768,-0.17317,4.0427,-967.4585077,-967.3840037,6.106672,Gaussian,QC,"opt+freq: b3lyp/6-311G** em=gd3bj
energy: M062X/6-311G+(2d, p) em=gd3"
925,c-c19+c-b4+c-b28+c-b30,C=CCCC[P+](CCCC)(CCCO)CCCCC,tetraphosphonium ,-1085.7028597,0.434111,0.517721,736.2710320000001,-0.36588,-0.11139,2.5289,-1085.2687487,-1085.1851387,6.922128,Gaussian,QC,"opt+freq: b3lyp/6-311G** em=gd3bj
energy: M062X/6-311G+(2d, p) em=gd3"
926,c-c19+c-b19+c-b38+c-b39,C#CCC[P+](CCCC)(CCCCF)CCOC,tetraphosphonium ,-1105.0828605,0.350028,0.430128,705.35964,-0.39083,-0.11084,3.6083,-1104.7328325,-1104.6527325,7.615728,Gaussian,QC,"opt+freq: b3lyp/6-311G** em=gd3bj
energy: M062X/6-311G+(2d, p) em=gd3"
927,c-c19+c-b29+c-b30+c-b65,CCC#CCC[P+](CCCC)(CCCCC)CC(C)C,tetraphosphonium ,-1087.8629104,0.45634,0.546042,789.9057280000001,-0.3724,-0.11102,2.0237,-1087.4065704,-1087.3168684,7.109535999999999,Gaussian,QC,"opt+freq: b3lyp/6-311G** em=gd3bj
energy: M062X/6-311G+(2d, p) em=gd3"
928,c-c19+c-b8+c-b37+c-b60,C=CCC[P+](CCC#CC)(CCCC)CCC(C)O,tetraphosphonium ,-1083.2445497,0.386388,0.470432,740.0910240000001,-0.37914,-0.12091,3.278,-1082.8581617,-1082.7741177,7.023855999999999,Gaussian,QC,"opt+freq: b3lyp/6-311G** em=gd3bj
energy: M062X/6-311G+(2d, p) em=gd3"
929,c-c19+c-b6+c-b10+c-b83,CCCCCCC[P+](CCC)(CCCC)CCCN,tetraphosphonium ,-1067.0629637,0.469317,0.553625,742.413144,-0.35921,-0.11128,5.1103,-1066.5936467,-1066.5093387,6.743695999999999,Gaussian,QC,"opt+freq: b3lyp/6-311G** em=gd3bj
energy: M062X/6-311G+(2d, p) em=gd3"
930,c-c19+c-b38+c-b43+c-b65,C#CCC[P+](CCC#N)(CCC#CCC)CCCC,tetraphosphonium ,-1059.6988586,0.330127,0.413672,735.6936400000001,-0.35555,-0.13511,6.4456,-1059.3687316,-1059.2851866,5.995967999999999,Gaussian,QC,"opt+freq: b3lyp/6-311G** em=gd3bj
energy: M062X/6-311G+(2d, p) em=gd3"
931,c-c125+c-b56,CCCCCCCCC[P+](CC)(CC)CC,tetraphosphonium ,-933.1035211,0.399422,0.476885,682.1300719999999,-0.3927,-0.11645,10.3404,-932.7040991,-932.6266360999999,7.513999999999999,Gaussian,QC,"opt+freq: b3lyp/6-311G** em=gd3bj
energy: M062X/6-311G+(2d, p) em=gd3"
932,c-c19+c-b11+c-b30+c-b39,CCCCC[P+](CCCC)(CCOC)CC(F)(F)F,tetraphosphonium ,-1266.7508289,0.352133,0.433118,713.154432,-0.39566,-0.12058,5.3463,-1266.3986959,-1266.3177109,7.482176,Gaussian,QC,"opt+freq: b3lyp/6-311G** em=gd3bj
energy: M062X/6-311G+(2d, p) em=gd3"
933,c-c19+c-b38+c-b43+c-b60,C#CCC[P+](CCC#N)(CCC=C)CCCC,tetraphosphonium ,-982.3275584,0.304806,0.378918,652.628688,-0.38586,-0.13722,4.1835,-982.0227524000001,-981.9486404,6.763007999999999,Gaussian,QC,"opt+freq: b3lyp/6-311G** em=gd3bj
energy: M062X/6-311G+(2d, p) em=gd3"
934,c-c19+c-b6+c-b36+c-b38,C#CCC[P+](CCCC)(CCCN)Cc1ccccc1,tetraphosphonium ,-1099.0913264,0.366644,0.445456,694.0210000000001,-0.3517,-0.13558,2.2651,-1098.7246824,-1098.6458704,5.878464,Gaussian,QC,"opt+freq: b3lyp/6-311G** em=gd3bj
energy: M062X/6-311G+(2d, p) em=gd3"
935,c-c19+c-b13+c-b16+c-b43,CCCC[P+](CCC#N)(CCCC#N)CCCCC#N,tetraphosphonium ,-1131.2059176,0.339481,0.421901,725.790112,-0.44228,-0.13408,7.2163,-1130.8664366,-1130.7840166,8.383040000000001,Gaussian,QC,"opt+freq: b3lyp/6-311G** em=gd3bj
energy: M062X/6-311G+(2d, p) em=gd3"
936,c-c19+c-b13+c-b43+c-b72,CCCC[P+](CCC#N)(CCCC#N)CCC(C)CC,tetraphosphonium ,-1117.5823677,0.393023,0.478032,748.5887280000001,-0.42651,-0.12768,3.8791,-1117.1893447,-1117.1043357,8.128176000000002,Gaussian,QC,"opt+freq: b3lyp/6-311G** em=gd3bj
energy: M062X/6-311G+(2d, p) em=gd3"
937,c-c19+c-b29+c-b30+c-b80,CCCCC[P+](CCCC)(CC(C)C)CC(C)C,tetraphosphonium ,-1011.7179345,0.452141,0.533859,719.614528,-0.43274,-0.11148,2.1496,-1011.2657935,-1011.1840755,8.738272,Gaussian,QC,"opt+freq: b3lyp/6-311G** em=gd3bj
energy: M062X/6-311G+(2d, p) em=gd3"
938,c-c19+c-b4+c-b38+c-b79,C#CCC[P+](CCCC)(CCCO)CCCCO,tetraphosphonium ,-1081.0683481,0.363729,0.442847,696.707128,-0.37866,-0.11424,2.466,-1080.7046191,-1080.6255011,7.192224,Gaussian,QC,"opt+freq: b3lyp/6-311G** em=gd3bj
energy: M062X/6-311G+(2d, p) em=gd3"
939,c-c19+c-b39+c-b43+c-b58,CCCC[P+](CCC#N)(CCOC)CCC(=O)O,tetraphosphonium ,-1131.8919746,0.306662,0.385068,690.447864,-0.38081,-0.14476,6.6692,-1131.5853126,-1131.5069066,6.420559999999999,Gaussian,QC,"opt+freq: b3lyp/6-311G** em=gd3bj
energy: M062X/6-311G+(2d, p) em=gd3"
940,c-c19+c-b30+c-b37+c-b38,C#CCC[P+](CCCC)(CCCCC)CCC(C)O,tetraphosphonium ,-1084.4752085,0.410139,0.493882,737.4383680000001,-0.3954,-0.10489,1.9167,-1084.0650695,-1083.9813265,7.901871999999999,Gaussian,QC,"opt+freq: b3lyp/6-311G** em=gd3bj
energy: M062X/6-311G+(2d, p) em=gd3"
941,c-c19+c-b37+c-b43+c-b72,CCCC[P+](CCC#N)(CCC(C)O)CCC(C)CC,tetraphosphonium ,-1139.8612518,0.425377,0.51168,759.98176,-0.39145,-0.1284,3.7979,-1139.4358748,-1139.3495718,7.15496,Gaussian,QC,"opt+freq: b3lyp/6-311G** em=gd3bj
energy: M062X/6-311G+(2d, p) em=gd3"
942,c-c19+c-b4+c-b73+c-b78,CCCCCC[P+](CCCC)(CCCO)CCC(C)C,tetraphosphonium ,-1126.2414985,0.48288,0.56958,763.4754,-0.39907,-0.11007,2.874,-1125.7586185,-1125.6719185,7.860799999999999,Gaussian,QC,"opt+freq: b3lyp/6-311G** em=gd3bj
energy: M062X/6-311G+(2d, p) em=gd3"
943,c-c19+c-b7+c-b10+c-b37,CCCC[P+](CCC)(CCCC(C)CC)CCC(C)O,tetraphosphonium ,-1126.2391414,0.482437,0.569071,762.898008,-0.3878,-0.11307,5.998,-1125.7567044,-1125.6700704,7.472655999999999,Gaussian,QC,"opt+freq: b3lyp/6-311G** em=gd3bj
energy: M062X/6-311G+(2d, p) em=gd3"
944,c-c19+c-b4+c-b10+c-b79,CCCC[P+](CCC)(CCCO)CCCCO,tetraphosphonium ,-1044.236474,0.383151,0.460271,679.113408,-0.37382,-0.11152,2.8329,-1043.853323,-1043.776203,7.13456,Gaussian,QC,"opt+freq: b3lyp/6-311G** em=gd3bj
energy: M062X/6-311G+(2d, p) em=gd3"
945,c-c19+c-b4+c-b68+c-b81,CCCC[P+](CCCC)(CCCO)CCCCC(C)C,tetraphosphonium ,-1126.239349,0.481499,0.569494,774.889352,-0.39678,-0.1098,4.3241,-1125.75785,-1125.669855,7.805856,Gaussian,QC,"opt+freq: b3lyp/6-311G** em=gd3bj
energy: M062X/6-311G+(2d, p) em=gd3"
946,c-c19+c-b6+c-b81+c-b83,CCCCCCC[P+](CCCC)(CCCC)CCCN,tetraphosphonium ,-1106.3679404,0.495515,0.582676,767.5380640000001,-0.35847,-0.10936,4.4494,-1105.8724254,-1105.7852644,6.775792,Gaussian,QC,"opt+freq: b3lyp/6-311G** em=gd3bj
energy: M062X/6-311G+(2d, p) em=gd3"
947,c-c124+c-b30,CCCCCC[P+](CCCC)(CCCC)CCCC,tetraphosphonium ,-1051.0179168,0.479164,0.563932,746.463256,-0.42056,-0.11163,3.5801,-1050.5387528,-1050.4539848,8.402896,Gaussian,QC,"opt+freq: b3lyp/6-311G** em=gd3bj
energy: M062X/6-311G+(2d, p) em=gd3"
948,c-c19+c-b37+c-b60+c-b76,C=CCC[P+](CCCC)(CCC(C)O)COC,tetraphosphonium ,-1042.9880993,0.356081,0.435172,696.477008,-0.37652,-0.11953,4.2764,-1042.6320183,-1042.5529273,6.990128000000001,Gaussian,QC,"opt+freq: b3lyp/6-311G** em=gd3bj
energy: M062X/6-311G+(2d, p) em=gd3"
949,c-c19+c-b6+c-b28+c-b78,C=CCCC[P+](CCCC)(CCCN)CCCCCC,tetraphosphonium ,-1105.137408,0.471546,0.559215,772.01076,-0.36261,-0.10901,4.1397,-1104.665862,-1104.578193,6.897919999999999,Gaussian,QC,"opt+freq: b3lyp/6-311G** em=gd3bj
energy: M062X/6-311G+(2d, p) em=gd3"
950,c-c19+c-b8+c-b47+c-b60,C=CCC[P+](CCC#CC)(CCCC)CC(C)(C)C,tetraphosphonium ,-1047.3312069,0.408314,0.492751,743.547008,-0.37747,-0.11736,1.2854,-1046.9228929,-1046.8384559,7.074992,Gaussian,QC,"opt+freq: b3lyp/6-311G** em=gd3bj
energy: M062X/6-311G+(2d, p) em=gd3"
951,c-c19+c-b29+c-b43+c-b44,CCCC[P+](CCC#N)(CCCC(C)C)CC(C)C,tetraphosphonium ,-1064.6450661,0.42316,0.505568,725.677144,-0.42421,-0.12714,5.8507,-1064.2219061,-1064.1394981,8.080303999999998,Gaussian,QC,"opt+freq: b3lyp/6-311G** em=gd3bj
energy: M062X/6-311G+(2d, p) em=gd3"
952,c-c19+c-b37+c-b38+c-b39,C#CCC[P+](CCCC)(CCOC)CCC(C)O,tetraphosphonium ,-1081.0616425,0.361337,0.441462,705.581392,-0.37255,-0.11203,2.9343,-1080.7003055,-1080.6201805,7.086143999999999,Gaussian,QC,"opt+freq: b3lyp/6-311G** em=gd3bj
energy: M062X/6-311G+(2d, p) em=gd3"
953,c-c19+c-b10+c-b39+c-b58,CCCC[P+](CCC)(CCOC)CCC(=O)O,tetraphosphonium ,-1078.966218,0.335282,0.413305,687.067192,-0.38111,-0.13952,3.9935,-1078.630936,-1078.552913,6.571248,Gaussian,QC,"opt+freq: b3lyp/6-311G** em=gd3bj
energy: M062X/6-311G+(2d, p) em=gd3"
954,c-c19+c-b4+c-b28+c-b39,C=CCCC[P+](CCCC)(CCCO)CCOC,tetraphosphonium ,-1082.3051078,0.385215,0.465805,709.673344,-0.36051,-0.10388,3.4675,-1081.9198928,-1081.8393028,6.980336,Gaussian,QC,"opt+freq: b3lyp/6-311G** em=gd3bj
energy: M062X/6-311G+(2d, p) em=gd3"
955,c-c19+c-b13+c-b27+c-b30,CCCCC[P+](CCCC)(CCCC#N)CC(C)C#N,tetraphosphonium ,-1117.5644301,0.393906,0.478275,742.9570640000001,-0.43574,-0.13685,8.6498,-1117.1705241,-1117.0861551,8.129807999999999,Gaussian,QC,"opt+freq: b3lyp/6-311G** em=gd3bj
energy: M062X/6-311G+(2d, p) em=gd3"
956,c-c19+c-b10+c-b13+c-b36,CCCC[P+](CCC)(CCCC#N)Cc1ccccc1,tetraphosphonium ,-1099.1461927,0.366792,0.445473,692.8620320000001,-0.36825,-0.13729,4.6102,-1098.7794007,-1098.7007197,6.282112000000001,Gaussian,QC,"opt+freq: b3lyp/6-311G** em=gd3bj
energy: M062X/6-311G+(2d, p) em=gd3"
957,c-c19+c-b11+c-b30+c-b81,CCCCC[P+](CCCC)(CCCC)CC(F)(F)F,tetraphosphonium ,-1230.8417201,0.37242,0.456382,739.363008,-0.43408,-0.12615,4.8326,-1230.4693001,-1230.3853381,8.375696000000001,Gaussian,QC,"opt+freq: b3lyp/6-311G** em=gd3bj
energy: M062X/6-311G+(2d, p) em=gd3"
958,c-c19+c-b28+c-b30+c-b47,C=CCCC[P+](CCCC)(CCCCC)CC(C)(C)C,tetraphosphonium ,-1089.0984476,0.481543,0.568274,763.751544,-0.36529,-0.10906,2.2221,-1088.6169046,-1088.5301736,6.969456,Gaussian,QC,"opt+freq: b3lyp/6-311G** em=gd3bj
energy: M062X/6-311G+(2d, p) em=gd3"
959,c-c19+c-b10+c-b38+c-b77,C#CCC[P+](CCC)(CCCC)CCC(F)(F)F,tetraphosphonium ,-1189.0772983,0.302466,0.380977,691.3683440000001,-0.4034,-0.11955,5.07,-1188.7748323,-1188.6963213,7.720719999999999,Gaussian,QC,"opt+freq: b3lyp/6-311G** em=gd3bj
energy: M062X/6-311G+(2d, p) em=gd3"
960,c-c19+c-b30+c-b73+c-b79,CCCCC[P+](CCCC)(CCCCO)CCC(C)C,tetraphosphonium ,-1126.2391654,0.482206,0.569484,768.5631440000001,-0.37749,-0.10967,3.0288,-1125.7569594,-1125.6696814,7.284704,Gaussian,QC,"opt+freq: b3lyp/6-311G** em=gd3bj
energy: M062X/6-311G+(2d, p) em=gd3"
961,c-c19+c-b79+c-b80+c-b81,CCCC[P+](CCCC)(CCCCO)CC(C)C,tetraphosphonium ,-1047.6280332,0.429146,0.511507,725.271296,-0.37832,-0.10993,2.0657,-1047.1988872,-1047.1165262,7.300208,Gaussian,QC,"opt+freq: b3lyp/6-311G** em=gd3bj
energy: M062X/6-311G+(2d, p) em=gd3"
962,c-c19+c-b10+c-b37+c-b44,CCCC[P+](CCC)(CCCC(C)C)CCC(C)O,tetraphosphonium ,-1086.9367471,0.456177,0.539855,736.860976,-0.38912,-0.11377,5.6951,-1086.4805701,-1086.3968921,7.489520000000001,Gaussian,QC,"opt+freq: b3lyp/6-311G** em=gd3bj
energy: M062X/6-311G+(2d, p) em=gd3"
963,c-c19+c-b4+c-b60+c-b71,C=CCC[P+](CCCC)(CCCO)CCCCCCC,tetraphosphonium ,-1125.0067993,0.459268,0.546689,769.8183440000001,-0.38113,-0.11897,4.5512,-1124.5475313,-1124.4601103,7.130752,Gaussian,QC,"opt+freq: b3lyp/6-311G** em=gd3bj
energy: M062X/6-311G+(2d, p) em=gd3"
964,c-c19+c-b13+c-b30+c-b38,C#CCC[P+](CCCC)(CCCC#N)CCCCC,tetraphosphonium ,-1062.1670031,0.378027,0.460279,724.304792,-0.40542,-0.12835,4.598,-1061.7889761,-1061.7067241,7.536304000000001,Gaussian,QC,"opt+freq: b3lyp/6-311G** em=gd3bj
energy: M062X/6-311G+(2d, p) em=gd3"
965,c-c19+c-b8+c-b10+c-b43,CC#CCC[P+](CCC)(CCC#N)CCCC,tetraphosphonium ,-983.5689572,0.323906,0.402249,689.883024,-0.3837,-0.13007,5.4379,-983.2450512,-983.1667082,6.898736,Gaussian,QC,"opt+freq: b3lyp/6-311G** em=gd3bj
energy: M062X/6-311G+(2d, p) em=gd3"
966,c-c19+c-b45+c-b76+c-b78,CCCCCC[P+](CCCC)(COC)CC(=O)O,tetraphosphonium ,-1118.2600121,0.361008,0.441858,711.953624,-0.4078,-0.1421,3.8269,-1117.8990041,-1117.8181541,7.22704,Gaussian,QC,"opt+freq: b3lyp/6-311G** em=gd3bj
energy: M062X/6-311G+(2d, p) em=gd3"
967,c-c19+c-b30+c-b58+c-b73,CCCCC[P+](CCCC)(CCC(=O)O)CCC(C)C,tetraphosphonium ,-1160.9809516,0.436126,0.523238,767.107112,-0.39616,-0.12511,4.3451,-1160.5448256,-1160.4577136,7.37256,Gaussian,QC,"opt+freq: b3lyp/6-311G** em=gd3bj
energy: M062X/6-311G+(2d, p) em=gd3"
968,c-c19+c-b10+c-b58+c-b71,CCCCCCC[P+](CCC)(CCCC)CCC(=O)O,tetraphosphonium ,-1160.9876706,0.436843,0.5239,766.6134,-0.40398,-0.13876,5.1659,-1160.5508276,-1160.4637706,7.213984,Gaussian,QC,"opt+freq: b3lyp/6-311G** em=gd3bj
energy: M062X/6-311G+(2d, p) em=gd3"
969,c-c19+c-b6+c-b30+c-b43,CCCCC[P+](CCC#N)(CCCC)CCCN,tetraphosphonium ,-1041.3807364,0.388316,0.467394,696.359856,-0.36557,-0.12494,4.5983,-1040.9924204,-1040.9133424,6.545136,Gaussian,QC,"opt+freq: b3lyp/6-311G** em=gd3bj
energy: M062X/6-311G+(2d, p) em=gd3"
970,c-c19+c-b10+c-b38+c-b46,C#CCC[P+](CCC)(CCCC)Cc1ccc(C)cc1,tetraphosphonium ,-1082.9898185,0.375529,0.453763,688.9248880000001,-0.33684,-0.13454,4.0336,-1082.6142895,-1082.5360555,5.502559999999999,Gaussian,QC,"opt+freq: b3lyp/6-311G** em=gd3bj
energy: M062X/6-311G+(2d, p) em=gd3"
971,c-c19+c-b37+c-b38+c-b72,C#CCC[P+](CCCC)(CCC(C)O)CCC(C)CC,tetraphosphonium ,-1123.7701296,0.434417,0.522028,771.500312,-0.38018,-0.1138,3.8445,-1123.3357126,-1123.2481016,7.245536,Gaussian,QC,"opt+freq: b3lyp/6-311G** em=gd3bj
energy: M062X/6-311G+(2d, p) em=gd3"
972,c-c19+c-b4+c-b10+c-b16,CCCC[P+](CCC)(CCCO)CCCCC#N,tetraphosphonium ,-1061.2519229,0.376043,0.455171,696.799176,-0.40746,-0.12015,7.1695,-1060.8758799,-1060.7967519,7.814831999999998,Gaussian,QC,"opt+freq: b3lyp/6-311G** em=gd3bj
energy: M062X/6-311G+(2d, p) em=gd3"
973,c-c19+c-b4+c-b10+c-b58,CCCC[P+](CCC)(CCCO)CCC(=O)O,tetraphosphonium ,-1078.9891496,0.339036,0.414341,663.130528,-0.40144,-0.13498,3.0789,-1078.6501136,-1078.5748086,7.247712000000001,Gaussian,QC,"opt+freq: b3lyp/6-311G** em=gd3bj
energy: M062X/6-311G+(2d, p) em=gd3"
974,c-c19+c-b10+c-b41+c-b45,CCCC[P+](CCC)(CC(=O)O)CC1COC(C)(C)O1,tetraphosphonium ,-1231.6137981,0.373767,0.45323,699.744712,-0.37503,-0.1491,6.1082,-1231.2400311,-1231.1605681,6.145295999999999,Gaussian,QC,"opt+freq: b3lyp/6-311G** em=gd3bj
energy: M062X/6-311G+(2d, p) em=gd3"
975,c-c19+c-b77+c-b79+c-b81,CCCC[P+](CCCC)(CCCCO)CCC(F)(F)F,tetraphosphonium ,-1306.0733703,0.379409,0.46297,735.8400800000001,-0.38293,-0.11679,4.1404,-1305.6939613,-1305.6104003,7.239007999999999,Gaussian,QC,"opt+freq: b3lyp/6-311G** em=gd3bj
energy: M062X/6-311G+(2d, p) em=gd3"
976,c-c19+c-b10+c-b47+c-b68,CCCC[P+](CCC)(CCCCC(C)C)CC(C)(C)C,tetraphosphonium ,-1090.3306618,0.503728,0.59109,769.303712,-0.41131,-0.10746,3.8495,-1089.8269338,-1089.7395718,8.26472,Gaussian,QC,"opt+freq: b3lyp/6-311G** em=gd3bj
energy: M062X/6-311G+(2d, p) em=gd3"
977,c-c19+c-b44+c-b65+c-b76,CCC#CCC[P+](CCCC)(CCCC(C)C)COC,tetraphosphonium ,-1123.7566558,0.433259,0.522545,786.248912,-0.37366,-0.11634,2.5238,-1123.3233968,-1123.2341108,6.999104,Gaussian,QC,"opt+freq: b3lyp/6-311G** em=gd3bj
energy: M062X/6-311G+(2d, p) em=gd3"
978,c-c19+c-b11+c-b60+c-b81,C=CCC[P+](CCCC)(CCCC)CC(F)(F)F,tetraphosphonium ,-1190.3123332,0.327851,0.404274,672.9838480000001,-0.39286,-0.12972,5.0022,-1189.9844822,-1189.9080592,7.157407999999999,Gaussian,QC,"opt+freq: b3lyp/6-311G** em=gd3bj
energy: M062X/6-311G+(2d, p) em=gd3"
979,c-c19+c-b6+c-b13+c-b73,CCCC[P+](CCCN)(CCCC#N)CCC(C)C,tetraphosphonium ,-1080.6915194,0.411842,0.495794,739.2793280000001,-0.36041,-0.12098,6.5125,-1080.2796774,-1080.1957254,6.512496,Gaussian,QC,"opt+freq: b3lyp/6-311G** em=gd3bj
energy: M062X/6-311G+(2d, p) em=gd3"
980,c-c19+c-b39+c-b43+c-b44,CCCC[P+](CCC#N)(CCCC(C)C)CCOC,tetraphosphonium ,-1100.5506548,0.399189,0.482797,736.2584800000001,-0.40169,-0.1246,7.3394,-1100.1514658,-1100.0678578,7.536848,Gaussian,QC,"opt+freq: b3lyp/6-311G** em=gd3bj
energy: M062X/6-311G+(2d, p) em=gd3"
981,c-c19+c-b10+c-b19+c-b83,CCCCCCC[P+](CCC)(CCCC)CCCCF,tetraphosphonium ,-1150.2550913,0.470487,0.5579,769.7514,-0.41302,-0.11662,6.1358,-1149.7846043,-1149.6971913,8.06208,Gaussian,QC,"opt+freq: b3lyp/6-311G** em=gd3bj
energy: M062X/6-311G+(2d, p) em=gd3"
982,c-c125+c-b73,CC[P+](CC)(CC)CCCC(C)C,tetraphosphonium ,-815.1936375,0.322685,0.389405,587.542384,-0.43301,-0.11731,4.7253,-814.8709525,-814.8042325,8.58704,Gaussian,QC,"opt+freq: b3lyp/6-311G** em=gd3bj
energy: M062X/6-311G+(2d, p) em=gd3"
983,c-c19+c-b11+c-b30+c-b45,CCCCC[P+](CCCC)(CC(=O)O)CC(F)(F)F,tetraphosphonium ,-1301.4976282,0.30795,0.386875,695.008424,-0.42525,-0.14474,5.6359,-1301.1896782,-1301.1107532,7.629872000000001,Gaussian,QC,"opt+freq: b3lyp/6-311G** em=gd3bj
energy: M062X/6-311G+(2d, p) em=gd3"
984,c-c19+c-b28+c-b43+c-b45,C=CCCC[P+](CCC#N)(CCCC)CC(=O)O,tetraphosphonium ,-1094.7591235,0.308048,0.384983,677.4900160000001,-0.36556,-0.16239,5.509,-1094.4510755,-1094.3741405,5.526223999999999,Gaussian,QC,"opt+freq: b3lyp/6-311G** em=gd3bj
energy: M062X/6-311G+(2d, p) em=gd3"
985,c-c19+c-b11+c-b30+c-b37,CCCCC[P+](CCCC)(CCC(C)O)CC(F)(F)F,tetraphosphonium ,-1306.0704564,0.376416,0.461751,751.4547680000001,-0.38105,-0.12007,6.776,-1305.6940404,-1305.6087054,7.098655999999999,Gaussian,QC,"opt+freq: b3lyp/6-311G** em=gd3bj
energy: M062X/6-311G+(2d, p) em=gd3"
986,c-c19+c-b4+c-b30+c-b78,CCCCCC[P+](CCCC)(CCCO)CCCCC,tetraphosphonium ,-1126.23793,0.482516,0.570111,771.353872,-0.39715,-0.10966,2.9009,-1125.755414,-1125.667819,7.819728,Gaussian,QC,"opt+freq: b3lyp/6-311G** em=gd3bj
energy: M062X/6-311G+(2d, p) em=gd3"
987,c-c19+c-b36+c-b38+c-b81,C#CCC[P+](CCCC)(CCCC)Cc1ccccc1,tetraphosphonium ,-1083.0467307,0.37647,0.455839,698.91628,-0.36793,-0.13837,2.7065,-1082.6702607,-1082.5908917,6.244032,Gaussian,QC,"opt+freq: b3lyp/6-311G** em=gd3bj
energy: M062X/6-311G+(2d, p) em=gd3"
988,c-c19+c-b38+c-b60+c-b76,C#CCC[P+](CCC=C)(CCCC)COC,tetraphosphonium ,-965.2926605,0.307607,0.383184,665.52796,-0.39145,-0.12801,1.731,-964.9850535,-964.9094765,7.165568,Gaussian,QC,"opt+freq: b3lyp/6-311G** em=gd3bj
energy: M062X/6-311G+(2d, p) em=gd3"
989,c-c19+c-b4+c-b11+c-b30,CCCCC[P+](CCCC)(CCCO)CC(F)(F)F,tetraphosphonium ,-1266.7613719,0.352772,0.433588,711.6691119999999,-0.39337,-0.1204,4.3078,-1266.4085999,-1266.3277839,7.424784,Gaussian,QC,"opt+freq: b3lyp/6-311G** em=gd3bj
energy: M062X/6-311G+(2d, p) em=gd3"
990,c-c19+c-b36+c-b38+c-b39,C#CCC[P+](CCCC)(CCOC)Cc1ccccc1,tetraphosphonium ,-1118.9479623,0.35309,0.432219,696.80336,-0.35823,-0.13008,3.3185,-1118.5948723,-1118.5157433,6.205679999999999,Gaussian,QC,"opt+freq: b3lyp/6-311G** em=gd3bj
energy: M062X/6-311G+(2d, p) em=gd3"
991,c-c19+c-b30+c-b37+c-b60,C=CCC[P+](CCCC)(CCCCC)CCC(C)O,tetraphosphonium ,-1085.7044695,0.433007,0.516907,738.823272,-0.38337,-0.12229,3.8343,-1085.2714625,-1085.1875625,7.101375999999999,Gaussian,QC,"opt+freq: b3lyp/6-311G** em=gd3bj
energy: M062X/6-311G+(2d, p) em=gd3"
992,c-c19+c-b28+c-b45+c-b58,C=CCCC[P+](CCCC)(CCC(=O)O)CC(=O)O,tetraphosphonium ,-1191.1023972,0.322615,0.401741,696.7782559999999,-0.36146,-0.14664,4.8716,-1190.7797822,-1190.7006562,5.843104,Gaussian,QC,"opt+freq: b3lyp/6-311G** em=gd3bj
energy: M062X/6-311G+(2d, p) em=gd3"
993,c-c19+c-b38+c-b60+c-b65,C#CCC[P+](CCC#CCC)(CCC=C)CCCC,tetraphosphonium ,-1044.8468059,0.361653,0.44742,755.266392,-0.35687,-0.12482,3.2452,-1044.4851529,-1044.3993859,6.31176,Gaussian,QC,"opt+freq: b3lyp/6-311G** em=gd3bj
energy: M062X/6-311G+(2d, p) em=gd3"
994,c-c19+c-b29+c-b30+c-b58,CCCCC[P+](CCCC)(CCC(=O)O)CC(C)C,tetraphosphonium ,-1121.6859154,0.412481,0.49455,722.6981360000001,-0.42218,-0.13497,1.3336,-1121.2734344,-1121.1913654,7.812111999999999,Gaussian,QC,"opt+freq: b3lyp/6-311G** em=gd3bj
energy: M062X/6-311G+(2d, p) em=gd3"
995,c-c19+c-b30+c-b39+c-b73,CCCCC[P+](CCCC)(CCOC)CCC(C)C,tetraphosphonium ,-1086.9161749,0.454566,0.539917,751.597024,-0.38114,-0.1103,3.2791,-1086.4616089,-1086.3762579,7.366847999999999,Gaussian,QC,"opt+freq: b3lyp/6-311G** em=gd3bj
energy: M062X/6-311G+(2d, p) em=gd3"
996,c-c19+c-b30+c-b77+c-b81,CCCCC[P+](CCCC)(CCCC)CCC(F)(F)F,tetraphosphonium ,-1270.1582656,0.401126,0.485752,745.2122400000001,-0.43089,-0.11768,5.657,-1269.7571396,-1269.6725136,8.519312,Gaussian,QC,"opt+freq: b3lyp/6-311G** em=gd3bj
energy: M062X/6-311G+(2d, p) em=gd3"
997,c-c19+c-b10+c-b28+c-b45,C=CCCC[P+](CCC)(CCCC)CC(=O)O,tetraphosphonium ,-1041.8333363,0.336959,0.413244,671.7621200000001,-0.36106,-0.15632,4.4768,-1041.4963773,-1041.4200923,5.568928,Gaussian,QC,"opt+freq: b3lyp/6-311G** em=gd3bj
energy: M062X/6-311G+(2d, p) em=gd3"
998,c-c19+c-b45+c-b60+c-b79,C=CCC[P+](CCCC)(CCCCO)CC(=O)O,tetraphosphonium ,-1117.0556642,0.339039,0.41947,708.271704,-0.37355,-0.14981,2.49,-1116.7166252,-1116.6361942,6.085728,Gaussian,QC,"opt+freq: b3lyp/6-311G** em=gd3bj
energy: M062X/6-311G+(2d, p) em=gd3"
999,c-c19+c-b13+c-b28+c-b37,C=CCCC[P+](CCCC)(CCCC#N)CCC(C)O,tetraphosphonium ,-1138.6456295,0.406485,0.489384,730.0034,-0.36816,-0.11545,3.7891,-1138.2391445,-1138.1562455,6.873711999999999,Gaussian,QC,"opt+freq: b3lyp/6-311G** em=gd3bj
energy: M062X/6-311G+(2d, p) em=gd3"
1000,c-c19+c-b10+c-b41+c-b76,CCCC[P+](CCC)(COC)CC1COC(C)(C)O1,tetraphosphonium ,-1157.5429619,0.3894,0.469823,708.20476,-0.3698,-0.11761,6.2814,-1157.1535619,-1157.0731389,6.859568,Gaussian,QC,"opt+freq: b3lyp/6-311G** em=gd3bj
energy: M062X/6-311G+(2d, p) em=gd3"
1001,c-c19+c-b39+c-b60+c-b73,C=CCC[P+](CCCC)(CCOC)CCC(C)C,tetraphosphonium ,-1046.381212,0.405,0.487432,725.894712,-0.38162,-0.1247,2.134,-1045.976212,-1045.89378,6.988224000000001,Gaussian,QC,"opt+freq: b3lyp/6-311G** em=gd3bj
energy: M062X/6-311G+(2d, p) em=gd3"
1002,c-c2+c-b17,CCCCCCCCCC(=O)OC[P+](CC)(CC)CC,tetraphosphonium ,-1160.9673922,0.435576,0.522743,767.5882720000001,-0.38929,-0.1343,10.1365,-1160.5318162,-1160.4446492,6.935728000000001,Gaussian,QC,"opt+freq: b3lyp/6-311G** em=gd3bj
energy: M062X/6-311G+(2d, p) em=gd3"
1003,c-c19+c-b43+c-b47+c-b60,C=CCC[P+](CCC#N)(CCCC)CC(C)(C)C,tetraphosphonium ,-1024.1087967,0.373733,0.453143,699.288656,-0.39393,-0.13149,4.216,-1023.7350637,-1023.6556537,7.138368,Gaussian,QC,"opt+freq: b3lyp/6-311G** em=gd3bj
energy: M062X/6-311G+(2d, p) em=gd3"
1004,c-c19+c-b28+c-b47+c-b76,C=CCCC[P+](CCCC)(COC)CC(C)(C)C,tetraphosphonium ,-1046.381124,0.406491,0.486644,705.824064,-0.36384,-0.11606,3.3268,-1045.974633,-1045.89448,6.739616,Gaussian,QC,"opt+freq: b3lyp/6-311G** em=gd3bj
energy: M062X/6-311G+(2d, p) em=gd3"
1005,c-c19+c-b4+c-b45+c-b79,CCCC[P+](CCCO)(CCCCO)CC(=O)O,tetraphosphonium ,-1154.2012982,0.340629,0.42006,699.4602000000001,-0.36882,-0.14682,2.624,-1153.8606692,-1153.7812382,6.038399999999999,Gaussian,QC,"opt+freq: b3lyp/6-311G** em=gd3bj
energy: M062X/6-311G+(2d, p) em=gd3"
1006,c-c19+c-b10+c-b38+c-b73,C#CCC[P+](CCC)(CCCC)CCC(C)C,tetraphosphonium ,-969.9402368,0.380611,0.458661,687.309864,-0.40245,-0.114,2.2379,-969.5596257999999,-969.4815758,7.845839999999999,Gaussian,QC,"opt+freq: b3lyp/6-311G** em=gd3bj
energy: M062X/6-311G+(2d, p) em=gd3"
1007,c-c19+c-b4+c-b58+c-b78,CCCCCC[P+](CCCC)(CCCO)CCC(=O)O,tetraphosphonium ,-1196.9034562,0.415823,0.501225,752.048896,-0.39931,-0.13342,4.572,-1196.4876332,-1196.4022312,7.232207999999999,Gaussian,QC,"opt+freq: b3lyp/6-311G** em=gd3bj
energy: M062X/6-311G+(2d, p) em=gd3"
1008,c-c19+c-b10+c-b65+c-b80,CCC#CCC[P+](CCC)(CCCC)CC(C)C,tetraphosphonium ,-1009.2535553,0.405937,0.48816,724.053752,-0.37376,-0.11391,2.8585,-1008.8476183,-1008.7653953,7.067919999999999,Gaussian,QC,"opt+freq: b3lyp/6-311G** em=gd3bj
energy: M062X/6-311G+(2d, p) em=gd3"
1009,c-c19+c-b10+c-b30+c-b78,CCCCCC[P+](CCC)(CCCC)CCCCC,tetraphosphonium ,-1051.0174178,0.478592,0.563899,751.2120960000001,-0.41996,-0.11301,4.7132,-1050.5388258,-1050.4535188,8.34904,Gaussian,QC,"opt+freq: b3lyp/6-311G** em=gd3bj
energy: M062X/6-311G+(2d, p) em=gd3"
1010,c-c19+c-b10+c-b13+c-b43,CCCC[P+](CCC)(CCC#N)CCCC#N,tetraphosphonium ,-999.6552421,0.318337,0.391672,645.783664,-0.43397,-0.1403,8.9497,-999.3369051,-999.2635701,7.987824,Gaussian,QC,"opt+freq: b3lyp/6-311G** em=gd3bj
energy: M062X/6-311G+(2d, p) em=gd3"
1011,c-c19+c-b16+c-b45+c-b81,CCCC[P+](CCCC)(CCCCC#N)CC(=O)O,tetraphosphonium ,-1135.301327,0.355538,0.437658,723.1458240000001,-0.42241,-0.15914,6.2215,-1134.945789,-1134.863669,7.160944,Gaussian,QC,"opt+freq: b3lyp/6-311G** em=gd3bj
energy: M062X/6-311G+(2d, p) em=gd3"
1012,c-c19+c-b6+c-b43+c-b71,CCCCCCC[P+](CCC#N)(CCCC)CCCN,tetraphosphonium ,-1119.9904879,0.44031,0.525448,749.722592,-0.3644,-0.12405,5.6026,-1119.5501779,-1119.4650399,6.53752,Gaussian,QC,"opt+freq: b3lyp/6-311G** em=gd3bj
energy: M062X/6-311G+(2d, p) em=gd3"
1013,c-c19+c-b4+c-b10+c-b68,CCCC[P+](CCC)(CCCO)CCCCC(C)C,tetraphosphonium ,-1086.934358,0.455967,0.540558,744.9026240000001,-0.39753,-0.11165,5.1718,-1086.478391,-1086.3938,7.775936000000001,Gaussian,QC,"opt+freq: b3lyp/6-311G** em=gd3bj
energy: M062X/6-311G+(2d, p) em=gd3"
1014,c-c19+c-b27+c-b37+c-b81,CCCC[P+](CCCC)(CCC(C)O)CC(C)C#N,tetraphosphonium ,-1100.5529475,0.399117,0.482669,735.7564,-0.38911,-0.12314,6.6915,-1100.1538305,-1100.0702785,7.234384000000001,Gaussian,QC,"opt+freq: b3lyp/6-311G** em=gd3bj
energy: M062X/6-311G+(2d, p) em=gd3"
1015,c-c19+c-b10+c-b43+c-b44,CCCC[P+](CCC)(CCC#N)CCCC(C)C,tetraphosphonium ,-1025.3370003,0.397767,0.477124,698.8158639999999,-0.41897,-0.12884,8.0477,-1024.9392333,-1024.8598763,7.891535999999999,Gaussian,QC,"opt+freq: b3lyp/6-311G** em=gd3bj
energy: M062X/6-311G+(2d, p) em=gd3"
1016,c-c19+c-b4+c-b81+c-b83,CCCCCCC[P+](CCCC)(CCCC)CCCO,tetraphosphonium ,-1126.2372023,0.483162,0.570167,766.161528,-0.3936,-0.11162,4.1767,-1125.7540403,-1125.6670353,7.669856,Gaussian,QC,"opt+freq: b3lyp/6-311G** em=gd3bj
energy: M062X/6-311G+(2d, p) em=gd3"
1017,c-c19+c-b12+c-b38+c-b74,C#CCC[P+](CCCC)(CC(C)=O)CC(=O)C(C)(C)C,tetraphosphonium ,-1157.287452,0.364127,0.450094,757.019488,-0.3896,-0.16392,2.5091,-1156.923325,-1156.837358,6.138496,Gaussian,QC,"opt+freq: b3lyp/6-311G** em=gd3bj
energy: M062X/6-311G+(2d, p) em=gd3"
1018,c-c19+c-b13+c-b38+c-b60,C#CCC[P+](CCC=C)(CCCC)CCCC#N,tetraphosphonium ,-1021.5681867,0.336543,0.408065,629.8217040000001,-0.36606,-0.1279,4.6314,-1021.2316437,-1021.1601217,6.477951999999999,Gaussian,QC,"opt+freq: b3lyp/6-311G** em=gd3bj
energy: M062X/6-311G+(2d, p) em=gd3"
1019,c-c125+c-b50,C=Cc1ccc(CC[P+](CC)(CC)CC)cc1,tetraphosphonium ,-966.3851898,0.320215,0.391661,629.1564480000001,-0.33272,-0.14963,6.6043,-966.0649748000001,-965.9935288,4.980048,Gaussian,QC,"opt+freq: b3lyp/6-311G** em=gd3bj
energy: M062X/6-311G+(2d, p) em=gd3"
1020,c-c2+c-b22,CC[P+](CC)(CC)COc1ccc(Cl)cc1,tetraphosphonium ,-1384.4880188,0.256657,0.325344,604.8474080000001,-0.35323,-0.14634,9.5979,-1384.2313618,-1384.1626748,5.627408,Gaussian,QC,"opt+freq: b3lyp/6-311G** em=gd3bj
energy: M062X/6-311G+(2d, p) em=gd3"
1021,c-c19+c-b37+c-b38+c-b58,C#CCC[P+](CCCC)(CCC(=O)O)CCC(C)O,tetraphosphonium ,-1155.1242991,0.348004,0.424953,677.607168,-0.39444,-0.12909,4.7912,-1154.7762951,-1154.6993461,7.217519999999999,Gaussian,QC,"opt+freq: b3lyp/6-311G** em=gd3bj
energy: M062X/6-311G+(2d, p) em=gd3"
1022,c-c19+c-b4+c-b36+c-b81,CCCC[P+](CCCC)(CCCO)Cc1ccccc1,tetraphosphonium ,-1121.4300527,0.401245,0.480024,693.715568,-0.3652,-0.13344,2.0056,-1121.0288077,-1120.9500287,6.303872,Gaussian,QC,"opt+freq: b3lyp/6-311G** em=gd3bj
energy: M062X/6-311G+(2d, p) em=gd3"
1023,c-c19+c-b38+c-b39+c-b77,C#CCC[P+](CCCC)(CCOC)CCC(F)(F)F,tetraphosphonium ,-1264.2760078,0.306593,0.386651,704.9872640000001,-0.38662,-0.12416,5.0185,-1263.9694148,-1263.8893568,7.138912,Gaussian,QC,"opt+freq: b3lyp/6-311G** em=gd3bj
energy: M062X/6-311G+(2d, p) em=gd3"
1024,c-c19+c-b28+c-b58+c-b73,C=CCCC[P+](CCCC)(CCC(=O)O)CCC(C)C,tetraphosphonium ,-1159.7504634,0.413556,0.499874,760.115648,-0.36992,-0.12587,4.3616,-1159.3369074,-1159.2505894,6.63816,Gaussian,QC,"opt+freq: b3lyp/6-311G** em=gd3bj
energy: M062X/6-311G+(2d, p) em=gd3"
1025,c-c19+c-b16+c-b28+c-b45,C=CCCC[P+](CCCC)(CCCCC#N)CC(=O)O,tetraphosphonium ,-1173.3764893,0.358604,0.443199,744.94028,-0.37432,-0.15972,5.789,-1173.0178853,-1172.9332903,5.83712,Gaussian,QC,"opt+freq: b3lyp/6-311G** em=gd3bj
energy: M062X/6-311G+(2d, p) em=gd3"
1026,c-c19+c-b10+c-b44+c-b47,CCCC[P+](CCC)(CCCC(C)C)CC(C)(C)C,tetraphosphonium ,-1051.0252165,0.477863,0.562075,741.567976,-0.41953,-0.10837,3.3291,-1050.5473535,-1050.4631415,8.463552,Gaussian,QC,"opt+freq: b3lyp/6-311G** em=gd3bj
energy: M062X/6-311G+(2d, p) em=gd3"
1027,c-c19+c-b8+c-b30+c-b40,CC#CCC[P+](CCCC)(CCCCC)CN(C)C,tetraphosphonium ,-1064.5821437,0.419232,0.505736,761.755776,-0.35206,-0.1112,1.9964,-1064.1629117,-1064.0764077,6.551392,Gaussian,QC,"opt+freq: b3lyp/6-311G** em=gd3bj
energy: M062X/6-311G+(2d, p) em=gd3"
1028,c-c19+c-b10+c-b11+c-b16,CCCC[P+](CCC)(CCCCC#N)CC(F)(F)F,tetraphosphonium ,-1244.4718271,0.319653,0.399587,703.891056,-0.42779,-0.13273,7.6172,-1244.1521741,-1244.0722401,8.025632,Gaussian,QC,"opt+freq: b3lyp/6-311G** em=gd3bj
energy: M062X/6-311G+(2d, p) em=gd3"
1029,c-c19+c-b4+c-b29+c-b80,CCCC[P+](CCCO)(CC(C)C)CC(C)C,tetraphosphonium ,-1008.3300681,0.404875,0.482067,679.7577440000001,-0.40755,-0.10924,2.2675,-1007.9251931,-1007.8480011,8.114032,Gaussian,QC,"opt+freq: b3lyp/6-311G** em=gd3bj
energy: M062X/6-311G+(2d, p) em=gd3"
1030,c-c124+c-b28,C=CCCCC[P+](CCCC)(CCCC)CCCC,tetraphosphonium ,-1049.7875972,0.456076,0.540519,743.605584,-0.354,-0.11268,3.7002,-1049.3315212,-1049.2470782,6.563903999999999,Gaussian,QC,"opt+freq: b3lyp/6-311G** em=gd3bj
energy: M062X/6-311G+(2d, p) em=gd3"
1031,c-c19+c-b10+c-b73+c-b81,CCCC[P+](CCC)(CCCC)CCC(C)C,tetraphosphonium ,-972.4115219,0.428014,0.505482,682.184464,-0.43775,-0.11399,3.6313,-971.9835079000001,-971.9060399,8.806272,Gaussian,QC,"opt+freq: b3lyp/6-311G** em=gd3bj
energy: M062X/6-311G+(2d, p) em=gd3"
1032,c-c19+c-b30+c-b43+c-b45,CCCCC[P+](CCC#N)(CCCC)CC(=O)O,tetraphosphonium ,-1095.9894812,0.330601,0.408394,685.042136,-0.43167,-0.16146,5.605,-1095.6588802,-1095.5810872,7.349712,Gaussian,QC,"opt+freq: b3lyp/6-311G** em=gd3bj
energy: M062X/6-311G+(2d, p) em=gd3"
1033,c-c19+c-b30+c-b43+c-b73,CCCCC[P+](CCC#N)(CCCC)CCC(C)C,tetraphosphonium ,-1064.643494,0.42367,0.50612,726.04952,-0.43534,-0.12744,4.7351,-1064.219824,-1064.137374,8.37488,Gaussian,QC,"opt+freq: b3lyp/6-311G** em=gd3bj
energy: M062X/6-311G+(2d, p) em=gd3"
1034,c-c19+c-b8+c-b39+c-b76,CC#CCC[P+](CCCC)(CCOC)COC,tetraphosphonium ,-1041.743476,0.332022,0.412492,708.6147920000001,-0.37525,-0.11197,0.3797,-1041.411454,-1041.330984,7.161215999999999,Gaussian,QC,"opt+freq: b3lyp/6-311G** em=gd3bj
energy: M062X/6-311G+(2d, p) em=gd3"
1035,c-c19+c-b4+c-b13+c-b60,C=CCC[P+](CCCC)(CCCO)CCCC#N,tetraphosphonium ,-1060.0238492,0.354276,0.431729,682.0505760000001,-0.38155,-0.12761,6.7976,-1059.6695732,-1059.5921202,6.907168,Gaussian,QC,"opt+freq: b3lyp/6-311G** em=gd3bj
energy: M062X/6-311G+(2d, p) em=gd3"
1036,c-c19+c-b6+c-b60+c-b79,C=CCC[P+](CCCC)(CCCN)CCCCO,tetraphosphonium ,-1062.4418125,0.39851,0.478416,703.656752,-0.36184,-0.12014,2.2788,-1062.0433025,-1061.9633965,6.57424,Gaussian,QC,"opt+freq: b3lyp/6-311G** em=gd3bj
energy: M062X/6-311G+(2d, p) em=gd3"
1037,c-c19+c-b10+c-b60+c-b82,C=CCC[P+](CCC)(CCCC)CCCCCC(C)C,tetraphosphonium ,-1089.0963303,0.479676,0.568871,785.445584,-0.38417,-0.12192,5.5453,-1088.6166543,-1088.5274593,7.1332,Gaussian,QC,"opt+freq: b3lyp/6-311G** em=gd3bj
energy: M062X/6-311G+(2d, p) em=gd3"
1038,c-c19+c-b8+c-b11+c-b30,CC#CCC[P+](CCCC)(CCCCC)CC(F)(F)F,tetraphosphonium ,-1267.6905885,0.354291,0.439107,746.88584,-0.38062,-0.12436,4.9842,-1267.3362975,-1267.2514815,6.970272000000001,Gaussian,QC,"opt+freq: b3lyp/6-311G** em=gd3bj
energy: M062X/6-311G+(2d, p) em=gd3"
1039,c-c19+c-b8+c-b40+c-b81,CC#CCC[P+](CCCC)(CCCC)CN(C)C,tetraphosphonium ,-1025.2770832,0.392934,0.47669,737.547152,-0.35319,-0.11179,1.2167,-1024.8841492,-1024.8003932,6.56608,Gaussian,QC,"opt+freq: b3lyp/6-311G** em=gd3bj
energy: M062X/6-311G+(2d, p) em=gd3"
1040,c-c19+c-b6+c-b37+c-b81,CCCC[P+](CCCC)(CCCN)CCC(C)O,tetraphosphonium ,-1063.6791297,0.422868,0.501302,690.6905360000001,-0.35216,-0.1088,2.1897,-1063.2562617,-1063.1778277,6.619391999999999,Gaussian,QC,"opt+freq: b3lyp/6-311G** em=gd3bj
energy: M062X/6-311G+(2d, p) em=gd3"
1041,c-c19+c-b8+c-b60+c-b79,C=CCC[P+](CCC#CC)(CCCC)CCCCO,tetraphosphonium ,-1083.2405148,0.386534,0.471141,745.053248,-0.37226,-0.12083,2.4025,-1082.8539808,-1082.7693738,6.838895999999999,Gaussian,QC,"opt+freq: b3lyp/6-311G** em=gd3bj
energy: M062X/6-311G+(2d, p) em=gd3"
1042,c-c19+c-b43+c-b60+c-b73,C=CCC[P+](CCC#N)(CCCC)CCC(C)C,tetraphosphonium ,-1024.107456,0.374766,0.453645,694.60676,-0.3902,-0.13101,4.1123,-1023.73269,-1023.653811,7.049968000000001,Gaussian,QC,"opt+freq: b3lyp/6-311G** em=gd3bj
energy: M062X/6-311G+(2d, p) em=gd3"
1043,c-c19+c-b39+c-b60+c-b76,C=CCC[P+](CCCC)(CCOC)COC,tetraphosphonium ,-1003.6694346,0.329976,0.406507,673.929432,-0.38379,-0.12593,0.2957,-1003.3394586,-1003.2629276,7.013792,Gaussian,QC,"opt+freq: b3lyp/6-311G** em=gd3bj
energy: M062X/6-311G+(2d, p) em=gd3"
1044,c-c19+c-b10+c-b39+c-b43,CCCC[P+](CCC)(CCC#N)CCOC,tetraphosphonium ,-982.6300009,0.324036,0.396811,640.859096,-0.3992,-0.12163,4.5749,-982.3059649,-982.2331899000001,7.549904,Gaussian,QC,"opt+freq: b3lyp/6-311G** em=gd3bj
energy: M062X/6-311G+(2d, p) em=gd3"
1045,c-c19+c-b68+c-b76+c-b81,CCCC[P+](CCCC)(CCCCC(C)C)COC,tetraphosphonium ,-1086.9158767,0.453942,0.539625,754.52164,-0.4091,-0.11777,4.491,-1086.4619347,-1086.3762517,7.924176000000001,Gaussian,QC,"opt+freq: b3lyp/6-311G** em=gd3bj
energy: M062X/6-311G+(2d, p) em=gd3"
1046,c-c19+c-b11+c-b39+c-b60,C=CCC[P+](CCCC)(CCOC)CC(F)(F)F,tetraphosphonium ,-1226.2143085,0.303198,0.380711,682.57776,-0.39038,-0.13193,4.7973,-1225.9111105,-1225.8335975,7.02984,Gaussian,QC,"opt+freq: b3lyp/6-311G** em=gd3bj
energy: M062X/6-311G+(2d, p) em=gd3"
1047,c-c19+c-b39+c-b71+c-b81,CCCCCCC[P+](CCCC)(CCCC)CCOC,tetraphosphonium ,-1126.2296372,0.479331,0.569533,794.3156640000001,-0.39467,-0.10405,3.9161,-1125.7503062,-1125.6601042,7.904864,Gaussian,QC,"opt+freq: b3lyp/6-311G** em=gd3bj
energy: M062X/6-311G+(2d, p) em=gd3"
1048,c-c19+c-b10+c-b18+c-b30,CCCCC[P+](CCC)(CCCC)CC(=O)CC,tetraphosphonium ,-1046.4249354,0.404912,0.487649,728.58084,-0.39021,-0.1634,3.136,-1046.0200234,-1045.9372864,6.169232,Gaussian,QC,"opt+freq: b3lyp/6-311G** em=gd3bj
energy: M062X/6-311G+(2d, p) em=gd3"
1049,c-c19+c-b4+c-b11+c-b47,CCCC[P+](CCCO)(CC(C)(C)C)CC(F)(F)F,tetraphosphonium ,-1266.7627194,0.353598,0.432724,696.7824400000001,-0.41021,-0.12927,5.936,-1266.4091214,-1266.3299954,7.641568,Gaussian,QC,"opt+freq: b3lyp/6-311G** em=gd3bj
energy: M062X/6-311G+(2d, p) em=gd3"
1050,c-c19+c-b38+c-b39+c-b79,C#CCC[P+](CCCC)(CCCCO)CCOC,tetraphosphonium ,-1081.0636698,0.363519,0.442646,696.7949920000001,-0.39002,-0.1033,1.593,-1080.7001508,-1080.6210238,7.798783999999999,Gaussian,QC,"opt+freq: b3lyp/6-311G** em=gd3bj
energy: M062X/6-311G+(2d, p) em=gd3"
1051,c-c19+c-b28+c-b30+c-b37,C=CCCC[P+](CCCC)(CCCCC)CCC(C)O,tetraphosphonium ,-1125.0098687,0.459478,0.545928,761.2787999999999,-0.36667,-0.11225,4.4076,-1124.5503907,-1124.4639407,6.920223999999999,Gaussian,QC,"opt+freq: b3lyp/6-311G** em=gd3bj
energy: M062X/6-311G+(2d, p) em=gd3"
1052,c-c19+c-b6+c-b60+c-b83,C=CCC[P+](CCCC)(CCCN)CCCCCCC,tetraphosphonium ,-1105.1367232,0.471658,0.559337,772.0986240000001,-0.36421,-0.11669,5.0703,-1104.6650652,-1104.5773862,6.732543999999999,Gaussian,QC,"opt+freq: b3lyp/6-311G** em=gd3bj
energy: M062X/6-311G+(2d, p) em=gd3"
1053,c-c19+c-b10+c-b38+c-b47,C#CCC[P+](CCC)(CCCC)CC(C)(C)C,tetraphosphonium ,-969.9391095,0.379888,0.457882,686.811968,-0.40136,-0.11327,1.6707,-969.5592214999999,-969.4812274999999,7.836048,Gaussian,QC,"opt+freq: b3lyp/6-311G** em=gd3bj
energy: M062X/6-311G+(2d, p) em=gd3"
1054,c-c19+c-b4+c-b60+c-b68,C=CCC[P+](CCCC)(CCCO)CCCCC(C)C,tetraphosphonium ,-1125.0086343,0.457778,0.546146,778.165424,-0.38145,-0.11853,4.7736,-1124.5508563,-1124.4624883,7.151424000000001,Gaussian,QC,"opt+freq: b3lyp/6-311G** em=gd3bj
energy: M062X/6-311G+(2d, p) em=gd3"
1055,c-c125+c-b36,CC[P+](CC)(CC)CCc1ccccc1,tetraphosphonium ,-888.9962658,0.291969,0.357538,577.392,-0.36542,-0.13124,5.2208,-888.7042968,-888.6387278,6.369696,Gaussian,QC,"opt+freq: b3lyp/6-311G** em=gd3bj
energy: M062X/6-311G+(2d, p) em=gd3"
1056,c-c19+c-b4+c-b10+c-b72,CCCC[P+](CCC)(CCCO)CCC(C)CC,tetraphosphonium ,-1047.6263247,0.429411,0.511846,725.924,-0.39998,-0.11411,2.8532,-1047.1969137,-1047.1144787,7.775664,Gaussian,QC,"opt+freq: b3lyp/6-311G** em=gd3bj
energy: M062X/6-311G+(2d, p) em=gd3"
1057,c-c19+c-b13+c-b40+c-b81,CCCC[P+](CCCC)(CCCC#N)CN(C)C,tetraphosphonium ,-1041.3600055,0.387802,0.466216,690.514808,-0.36154,-0.12601,3.3169,-1040.9722035,-1040.8937895,6.406415999999999,Gaussian,QC,"opt+freq: b3lyp/6-311G** em=gd3bj
energy: M062X/6-311G+(2d, p) em=gd3"
1058,c-c19+c-b16+c-b30+c-b39,CCCCC[P+](CCCC)(CCCCC#N)CCOC,tetraphosphonium ,-1139.8627272,0.427792,0.512921,749.638912,-0.39663,-0.10898,5.5135,-1139.4349352,-1139.3498062,7.824079999999999,Gaussian,QC,"opt+freq: b3lyp/6-311G** em=gd3bj
energy: M062X/6-311G+(2d, p) em=gd3"
1059,c-c125+c-b28,C=CCCCC[P+](CC)(CC)CC,tetraphosphonium ,-813.9589651,0.298917,0.366496,595.09032,-0.35915,-0.11876,5.382,-813.6600481,-813.5924691,6.538608,Gaussian,QC,"opt+freq: b3lyp/6-311G** em=gd3bj
energy: M062X/6-311G+(2d, p) em=gd3"
1060,c-c19+c-b37+c-b76+c-b79,CCCC[P+](CCCCO)(CCC(C)O)COC,tetraphosphonium ,-1119.4442841,0.382334,0.464872,726.8319280000001,-0.38482,-0.10516,2.5246,-1119.0619501,-1118.9794121,7.606752,Gaussian,QC,"opt+freq: b3lyp/6-311G** em=gd3bj
energy: M062X/6-311G+(2d, p) em=gd3"
1061,c-c19+c-b10+c-b28+c-b79,C=CCCC[P+](CCC)(CCCC)CCCCO,tetraphosphonium ,-1046.3955304,0.40803,0.488679,710.1963440000001,-0.36802,-0.11391,3.811,-1045.9875004,-1045.9068514,6.911792,Gaussian,QC,"opt+freq: b3lyp/6-311G** em=gd3bj
energy: M062X/6-311G+(2d, p) em=gd3"
1062,c-c19+c-b18+c-b65+c-b81,CCC#CCC[P+](CCCC)(CCCC)CC(=O)CC,tetraphosphonium ,-1122.5759365,0.410371,0.499383,783.8389280000001,-0.37765,-0.16036,2.1329,-1122.1655655,-1122.0765535,5.910288,Gaussian,QC,"opt+freq: b3lyp/6-311G** em=gd3bj
energy: M062X/6-311G+(2d, p) em=gd3"
1063,c-c19+c-b4+c-b43+c-b71,CCCCCCC[P+](CCC#N)(CCCC)CCCO,tetraphosphonium ,-1139.8596356,0.427801,0.512944,749.7686160000001,-0.39917,-0.12656,4.6483,-1139.4318346,-1139.3466916,7.414992000000001,Gaussian,QC,"opt+freq: b3lyp/6-311G** em=gd3bj
energy: M062X/6-311G+(2d, p) em=gd3"
1064,c-c19+c-b37+c-b43+c-b73,CCCC[P+](CCC#N)(CCC(C)C)CCC(C)O,tetraphosphonium ,-1100.5607332,0.401086,0.482488,716.827984,-0.39322,-0.12837,6.796,-1100.1596472,-1100.0782452,7.203920000000001,Gaussian,QC,"opt+freq: b3lyp/6-311G** em=gd3bj
energy: M062X/6-311G+(2d, p) em=gd3"
1065,c-c19+c-b10+c-b60+c-b76,C=CCC[P+](CCC)(CCCC)COC,tetraphosphonium ,-928.4619568,0.328036,0.400757,640.377936,-0.37817,-0.12159,3.0749,-928.1339208,-928.0611998,6.978976,Gaussian,QC,"opt+freq: b3lyp/6-311G** em=gd3bj
energy: M062X/6-311G+(2d, p) em=gd3"
1066,c-c19+c-b37+c-b39+c-b73,CCCC[P+](CCOC)(CCC(C)C)CCC(C)O,tetraphosphonium ,-1122.8322417,0.431205,0.516088,747.479968,-0.38154,-0.11621,3.238,-1122.4010367,-1122.3161537,7.216976,Gaussian,QC,"opt+freq: b3lyp/6-311G** em=gd3bj
energy: M062X/6-311G+(2d, p) em=gd3"
1067,c-c19+c-b30+c-b58+c-b76,CCCCC[P+](CCCC)(CCC(=O)O)COC,tetraphosphonium ,-1118.2740474,0.362843,0.442146,698.343072,-0.40848,-0.12279,1.6349,-1117.9112044,-1117.8319014,7.770767999999999,Gaussian,QC,"opt+freq: b3lyp/6-311G** em=gd3bj
energy: M062X/6-311G+(2d, p) em=gd3"
1068,c-c19+c-b6+c-b10+c-b30,CCCCC[P+](CCC)(CCCC)CCCN,tetraphosphonium ,-988.4532304,0.417931,0.495685,684.699048,-0.36038,-0.11203,2.8859,-988.0352994000001,-987.9575454000001,6.755119999999999,Gaussian,QC,"opt+freq: b3lyp/6-311G** em=gd3bj
energy: M062X/6-311G+(2d, p) em=gd3"
1069,c-c19+c-b28+c-b38+c-b43,C#CCC[P+](CCC#N)(CCCC)CCCC=C,tetraphosphonium ,-1021.6348314,0.329208,0.407881,692.795088,-0.37258,-0.13111,4.2904,-1021.3056234,-1021.2269504,6.567984,Gaussian,QC,"opt+freq: b3lyp/6-311G** em=gd3bj
energy: M062X/6-311G+(2d, p) em=gd3"
1070,c-c19+c-b45+c-b73+c-b81,CCCC[P+](CCCC)(CCC(C)C)CC(=O)O,tetraphosphonium ,-1082.3714383,0.385184,0.465028,703.104464,-0.42896,-0.15555,3.6467,-1081.9862543,-1081.9064103,7.436752000000001,Gaussian,QC,"opt+freq: b3lyp/6-311G** em=gd3bj
energy: M062X/6-311G+(2d, p) em=gd3"
1071,c-c19+c-b10+c-b37+c-b39,CCCC[P+](CCC)(CCOC)CCC(C)O,tetraphosphonium ,-1044.2312059,0.382818,0.459183,672.4734,-0.38231,-0.1089,4.2262,-1043.8483879,-1043.7720229,7.436751999999999,Gaussian,QC,"opt+freq: b3lyp/6-311G** em=gd3bj
energy: M062X/6-311G+(2d, p) em=gd3"
1072,c-c19+c-b29+c-b68+c-b80,CCCC[P+](CCCCC(C)C)(CC(C)C)CC(C)C,tetraphosphonium ,-1090.3299773,0.503315,0.591236,774.2282799999999,-0.41339,-0.10917,2.4331,-1089.8266623,-1089.7387413,8.274784,Gaussian,QC,"opt+freq: b3lyp/6-311G** em=gd3bj
energy: M062X/6-311G+(2d, p) em=gd3"
1073,c-c19+c-b6+c-b8+c-b81,CC#CCC[P+](CCCC)(CCCC)CCCN,tetraphosphonium ,-1025.3015063,0.394183,0.478185,739.718648,-0.3657,-0.1047,2.8833,-1024.9073233,-1024.8233213,7.0992,Gaussian,QC,"opt+freq: b3lyp/6-311G** em=gd3bj
energy: M062X/6-311G+(2d, p) em=gd3"
1074,c-c19+c-b38+c-b40+c-b83,C#CCC[P+](CCCC)(CCCCCCC)CN(C)C,tetraphosphonium ,-1103.8747752,0.447571,0.534528,765.738944,-0.35318,-0.11583,4.4633,-1103.4272042,-1103.3402472,6.45592,Gaussian,QC,"opt+freq: b3lyp/6-311G** em=gd3bj
energy: M062X/6-311G+(2d, p) em=gd3"
1075,c-c2+c-b20,CC[P+](CC)(CC)COc1ccc(Cl)c(Cl)c1,tetraphosphonium ,-1844.084602,0.245446,0.317264,632.4325200000001,-0.35722,-0.15323,12.1907,-1843.839156,-1843.767338,5.548527999999999,Gaussian,QC,"opt+freq: b3lyp/6-311G** em=gd3bj
energy: M062X/6-311G+(2d, p) em=gd3"
1076,c-c19+c-b10+c-b53+c-b81,CCCC[P+](CCC)(CCCC)Cc1cccnc1,tetraphosphonium ,-1062.245137,0.384559,0.461757,679.8079520000001,-0.37105,-0.15038,4.8394,-1061.860578,-1061.78338,6.002223999999999,Gaussian,QC,"opt+freq: b3lyp/6-311G** em=gd3bj
energy: M062X/6-311G+(2d, p) em=gd3"
1077,c-c19+c-b4+c-b16+c-b73,CCCC[P+](CCCO)(CCCCC#N)CCC(C)C,tetraphosphonium ,-1139.8669609,0.427458,0.512483,748.7268,-0.41032,-0.11681,5.9052,-1139.4395029,-1139.3544779,7.983472000000001,Gaussian,QC,"opt+freq: b3lyp/6-311G** em=gd3bj
energy: M062X/6-311G+(2d, p) em=gd3"
1078,c-c19+c-b4+c-b39+c-b83,CCCCCCC[P+](CCCC)(CCCO)CCOC,tetraphosphonium ,-1162.148705,0.458587,0.547067,779.148664,-0.39356,-0.10196,6.016,-1161.690118,-1161.601638,7.931520000000001,Gaussian,QC,"opt+freq: b3lyp/6-311G** em=gd3bj
energy: M062X/6-311G+(2d, p) em=gd3"
1079,c-c19+c-b28+c-b38+c-b58,C#CCC[P+](CCCC)(CCCC=C)CCC(=O)O,tetraphosphonium ,-1117.9706466,0.344997,0.42483,703.004048,-0.36923,-0.13093,3.6965,-1117.6256496,-1117.5458166,6.48176,Gaussian,QC,"opt+freq: b3lyp/6-311G** em=gd3bj
energy: M062X/6-311G+(2d, p) em=gd3"
1080,c-c19+c-b10+c-b56+c-b81,CCCCCCCC[P+](CCC)(CCCC)CCCC,tetraphosphonium ,-1090.3223586,0.505157,0.592976,773.3245360000001,-0.39859,-0.11306,6.793,-1089.8172016,-1089.7293826,7.766416,Gaussian,QC,"opt+freq: b3lyp/6-311G** em=gd3bj
energy: M062X/6-311G+(2d, p) em=gd3"
1081,c-c19+c-b4+c-b39+c-b79,CCCC[P+](CCCO)(CCCCO)CCOC,tetraphosphonium ,-1119.4535666,0.387969,0.466672,693.0544960000001,-0.38702,-0.09781,2.1015,-1119.0655976,-1118.9868946,7.866511999999999,Gaussian,QC,"opt+freq: b3lyp/6-311G** em=gd3bj
energy: M062X/6-311G+(2d, p) em=gd3"
1082,c-c19+c-b10+c-b43+c-b45,CCCC[P+](CCC)(CCC#N)CC(=O)O,tetraphosphonium ,-1017.3750983,0.278969,0.35034,628.491192,-0.42962,-0.15074,6.4516,-1017.0961293,-1017.0247583,7.585536,Gaussian,QC,"opt+freq: b3lyp/6-311G** em=gd3bj
energy: M062X/6-311G+(2d, p) em=gd3"
1083,c-c19+c-b4+c-b10+c-b82,CCCC[P+](CCC)(CCCO)CCCCCC(C)C,tetraphosphonium ,-1126.2392831,0.481844,0.569559,772.4082400000001,-0.39541,-0.11139,6.5333,-1125.7574391,-1125.6697241,7.725344,Gaussian,QC,"opt+freq: b3lyp/6-311G** em=gd3bj
energy: M062X/6-311G+(2d, p) em=gd3"
1084,c-c19+c-b4+c-b78+c-b79,CCCCCC[P+](CCCC)(CCCO)CCCCO,tetraphosphonium ,-1162.1511906,0.460362,0.547276,765.366568,-0.37207,-0.10892,2.0686,-1161.6908286,-1161.6039146,7.15768,Gaussian,QC,"opt+freq: b3lyp/6-311G** em=gd3bj
energy: M062X/6-311G+(2d, p) em=gd3"
1085,c-c19+c-b38+c-b40+c-b78,C#CCC[P+](CCCC)(CCCCCC)CN(C)C,tetraphosphonium ,-1064.5700022,0.421423,0.505486,740.262568,-0.35358,-0.11636,3.2174,-1064.1485792,-1064.0645162,6.452383999999999,Gaussian,QC,"opt+freq: b3lyp/6-311G** em=gd3bj
energy: M062X/6-311G+(2d, p) em=gd3"
1086,c-c19+c-b28+c-b40+c-b81,C=CCCC[P+](CCCC)(CCCC)CN(C)C,tetraphosphonium ,-1026.5071585,0.418607,0.499706,714.1544080000001,-0.35829,-0.11552,2.0574,-1026.0885515,-1026.0074525,6.603344,Gaussian,QC,"opt+freq: b3lyp/6-311G** em=gd3bj
energy: M062X/6-311G+(2d, p) em=gd3"
1087,c-c19+c-b27+c-b78+c-b81,CCCCCC[P+](CCCC)(CCCC)CC(C)C#N,tetraphosphonium ,-1103.9401465,0.44906,0.535321,759.613568,-0.42778,-0.1258,5.1281,-1103.4910865,-1103.4048255,8.213856,Gaussian,QC,"opt+freq: b3lyp/6-311G** em=gd3bj
energy: M062X/6-311G+(2d, p) em=gd3"
1088,c-c19+c-b8+c-b43+c-b73,CC#CCC[P+](CCC#N)(CCCC)CCC(C)C,tetraphosphonium ,-1062.1817519,0.376044,0.459877,738.233328,-0.38797,-0.12871,4.2063,-1061.8057079,-1061.7218749,7.051871999999999,Gaussian,QC,"opt+freq: b3lyp/6-311G** em=gd3bj
energy: M062X/6-311G+(2d, p) em=gd3"
1089,c-c19+c-b4+c-b10+c-b83,CCCCCCC[P+](CCC)(CCCC)CCCO,tetraphosphonium ,-1086.9321627,0.456607,0.541054,743.6348720000001,-0.39436,-0.11361,4.9215,-1086.4755557,-1086.3911087,7.6364,Gaussian,QC,"opt+freq: b3lyp/6-311G** em=gd3bj
energy: M062X/6-311G+(2d, p) em=gd3"
1090,c-c19+c-b44+c-b47+c-b60,C=CCC[P+](CCCC)(CCCC(C)C)CC(C)(C)C,tetraphosphonium ,-1089.0998937,0.479925,0.567711,773.03584,-0.38254,-0.11983,2.8821,-1088.6199687,-1088.5321827,7.145712,Gaussian,QC,"opt+freq: b3lyp/6-311G** em=gd3bj
energy: M062X/6-311G+(2d, p) em=gd3"
1091,c-c19+c-b8+c-b37+c-b80,CC#CCC[P+](CCCC)(CCC(C)O)CC(C)C,tetraphosphonium ,-1084.4834246,0.407511,0.493572,757.852104,-0.36892,-0.10298,1.566,-1084.0759136,-1083.9898526,7.233568,Gaussian,QC,"opt+freq: b3lyp/6-311G** em=gd3bj
energy: M062X/6-311G+(2d, p) em=gd3"
1092,c-c19+c-b4+c-b37+c-b78,CCCCCC[P+](CCCC)(CCCO)CCC(C)O,tetraphosphonium ,-1162.1608446,0.462792,0.546945,741.04916,-0.37823,-0.11182,2.8785,-1161.6980526,-1161.6138996,7.246352000000001,Gaussian,QC,"opt+freq: b3lyp/6-311G** em=gd3bj
energy: M062X/6-311G+(2d, p) em=gd3"
1093,c-c19+c-b10+c-b28+c-b78,C=CCCC[P+](CCC)(CCCC)CCCCCC,tetraphosphonium ,-1049.7864713,0.455555,0.54053,748.2874800000001,-0.36593,-0.11416,5.2166,-1049.3309163,-1049.2459413,6.848144,Gaussian,QC,"opt+freq: b3lyp/6-311G** em=gd3bj
energy: M062X/6-311G+(2d, p) em=gd3"
1094,c-c19+c-b43+c-b71+c-b80,CCCCCCC[P+](CCC#N)(CCCC)CC(C)C,tetraphosphonium ,-1103.9470427,0.448902,0.535104,759.090568,-0.41203,-0.12636,5.3341,-1103.4981407,-1103.4119387,7.770223999999999,Gaussian,QC,"opt+freq: b3lyp/6-311G** em=gd3bj
energy: M062X/6-311G+(2d, p) em=gd3"
1095,c-c19+c-b6+c-b8+c-b38,C#CCC[P+](CCC#CC)(CCCC)CCCN,tetraphosphonium ,-1022.8257467,0.351547,0.431629,705.196464,-0.36829,-0.10948,2.857,-1022.4741997,-1022.3941177,7.039631999999999,Gaussian,QC,"opt+freq: b3lyp/6-311G** em=gd3bj
energy: M062X/6-311G+(2d, p) em=gd3"
1096,c-c19+c-b29+c-b37+c-b78,CCCCCC[P+](CCCC)(CCC(C)O)CC(C)C,tetraphosphonium ,-1126.2432904,0.480137,0.56871,779.968728,-0.37959,-0.10776,3.8205,-1125.7631534,-1125.6745804,7.393776,Gaussian,QC,"opt+freq: b3lyp/6-311G** em=gd3bj
energy: M062X/6-311G+(2d, p) em=gd3"
1097,c-c19+c-b29+c-b37+c-b81,CCCC[P+](CCCC)(CCC(C)O)CC(C)C,tetraphosphonium ,-1047.6336192,0.428741,0.510722,721.9240960000001,-0.38034,-0.10869,3.6202,-1047.2048782,-1047.1228972,7.388879999999999,Gaussian,QC,"opt+freq: b3lyp/6-311G** em=gd3bj
energy: M062X/6-311G+(2d, p) em=gd3"
1098,c-c19+c-b10+c-b28+c-b58,C=CCCC[P+](CCC)(CCCC)CCC(=O)O,tetraphosphonium ,-1081.1532728,0.363907,0.442363,690.878816,-0.36735,-0.13377,3.6029,-1080.7893658,-1080.7109098,6.353376,Gaussian,QC,"opt+freq: b3lyp/6-311G** em=gd3bj
energy: M062X/6-311G+(2d, p) em=gd3"
1099,c-c19+c-b10+c-b43+c-b47,CCCC[P+](CCC)(CCC#N)CC(C)(C)C,tetraphosphonium ,-986.0265588,0.371681,0.447498,667.64088,-0.44617,-0.12885,5.4676,-985.6548778,-985.5790608,8.631104,Gaussian,QC,"opt+freq: b3lyp/6-311G** em=gd3bj
energy: M062X/6-311G+(2d, p) em=gd3"
1100,c-c19+c-b4+c-b28+c-b81,C=CCCC[P+](CCCC)(CCCC)CCCO,tetraphosphonium ,-1046.3985391,0.409302,0.488803,700.0878,-0.37153,-0.11401,2.1806,-1045.9892371,-1045.9097361,7.004544,Gaussian,QC,"opt+freq: b3lyp/6-311G** em=gd3bj
energy: M062X/6-311G+(2d, p) em=gd3"
1101,c-c19+c-b8+c-b58+c-b81,CC#CCC[P+](CCCC)(CCCC)CCC(=O)O,tetraphosphonium ,-1119.2144587,0.366222,0.448534,724.831976,-0.37417,-0.13066,3.1379,-1118.8482367,-1118.7659247,6.623472,Gaussian,QC,"opt+freq: b3lyp/6-311G** em=gd3bj
energy: M062X/6-311G+(2d, p) em=gd3"
1102,c-c19+c-b10+c-b72+c-b79,CCCC[P+](CCC)(CCCCO)CCC(C)CC,tetraphosphonium ,-1086.9373848,0.456901,0.540998,740.559632,-0.39495,-0.09975,3.8838,-1086.4804838,-1086.3963868,8.029440000000001,Gaussian,QC,"opt+freq: b3lyp/6-311G** em=gd3bj
energy: M062X/6-311G+(2d, p) em=gd3"
1103,c-c19+c-b8+c-b28+c-b43,C=CCCC[P+](CCC#N)(CCC#CC)CCCC,tetraphosphonium ,-1060.9505737,0.355336,0.436894,718.196152,-0.37041,-0.1293,4.8185,-1060.5952377,-1060.5136797,6.558192,Gaussian,QC,"opt+freq: b3lyp/6-311G** em=gd3bj
energy: M062X/6-311G+(2d, p) em=gd3"
1104,c-c19+c-b27+c-b29+c-b30,CCCCC[P+](CCCC)(CC(C)C)CC(C)C#N,tetraphosphonium ,-1064.6387581,0.422376,0.505809,734.7104,-0.44144,-0.12249,4.847,-1064.2163821,-1064.1329491,8.67544,Gaussian,QC,"opt+freq: b3lyp/6-311G** em=gd3bj
energy: M062X/6-311G+(2d, p) em=gd3"
1105,c-c19+c-b19+c-b43+c-b81,CCCC[P+](CCC#N)(CCCC)CCCCF,tetraphosphonium ,-1085.267445,0.364167,0.442612,690.786768,-0.44075,-0.1321,4.0864,-1084.903278,-1084.824833,8.39528,Gaussian,QC,"opt+freq: b3lyp/6-311G** em=gd3bj
energy: M062X/6-311G+(2d, p) em=gd3"
1106,c-c19+c-b53+c-b60+c-b81,C=CCC[P+](CCCC)(CCCC)Cc1cccnc1,tetraphosphonium ,-1100.323947,0.386969,0.467399,708.254968,-0.36985,-0.15537,4.4754,-1099.936978,-1099.856548,5.833856,Gaussian,QC,"opt+freq: b3lyp/6-311G** em=gd3bj
energy: M062X/6-311G+(2d, p) em=gd3"
1107,c-c2+c-b8,CC#CCOC[P+](CC)(CC)CC,tetraphosphonium ,-848.6177931,0.250698,0.319646,607.152792,-0.37825,-0.12329,3.8123,-848.3670950999999,-848.2981470999999,6.934911999999999,Gaussian,QC,"opt+freq: b3lyp/6-311G** em=gd3bj
energy: M062X/6-311G+(2d, p) em=gd3"
1108,c-c19+c-b28+c-b37+c-b58,C=CCCC[P+](CCCC)(CCC(=O)O)CCC(C)O,tetraphosphonium ,-1195.6793971,0.396125,0.477591,717.38864,-0.35677,-0.1411,4.605,-1195.2832721,-1195.2018061,5.866223999999999,Gaussian,QC,"opt+freq: b3lyp/6-311G** em=gd3bj
energy: M062X/6-311G+(2d, p) em=gd3"
1109,c-c2+c-b10,CCOC[P+](CC)(CC)CC,tetraphosphonium ,-772.4780329,0.245536,0.308117,551.087192,-0.41357,-0.11853,2.422,-772.2324969,-772.1699159,8.025087999999998,Gaussian,QC,"opt+freq: b3lyp/6-311G** em=gd3bj
energy: M062X/6-311G+(2d, p) em=gd3"
1110,c-c19+c-b30+c-b40+c-b60,C=CCC[P+](CCCC)(CCCCC)CN(C)C,tetraphosphonium ,-1026.5069862,0.417769,0.499727,721.7232640000001,-0.35425,-0.12221,2.2366,-1026.0892172,-1026.0072592,6.311488000000001,Gaussian,QC,"opt+freq: b3lyp/6-311G** em=gd3bj
energy: M062X/6-311G+(2d, p) em=gd3"
1111,c-c19+c-b8+c-b39+c-b60,C=CCC[P+](CCC#CC)(CCCC)CCOC,tetraphosphonium ,-1043.9291461,0.359302,0.441668,725.31732,-0.36945,-0.10937,2.5688,-1043.5698441,-1043.4874781,7.074176,Gaussian,QC,"opt+freq: b3lyp/6-311G** em=gd3bj
energy: M062X/6-311G+(2d, p) em=gd3"
1112,c-c19+c-b4+c-b38+c-b40,C#CCC[P+](CCCC)(CCCO)CN(C)C,tetraphosphonium ,-1021.8735183,0.350036,0.424994,660.0762080000001,-0.37324,-0.12467,3.6477,-1021.5234823,-1021.4485243,6.761104,Gaussian,QC,"opt+freq: b3lyp/6-311G** em=gd3bj
energy: M062X/6-311G+(2d, p) em=gd3"
1113,c-c19+c-b13+c-b30+c-b40,CCCCC[P+](CCCC)(CCCC#N)CN(C)C,tetraphosphonium ,-1080.664422,0.41329,0.49519,721.208632,-0.36017,-0.12536,3.0866,-1080.251132,-1080.169232,6.386831999999999,Gaussian,QC,"opt+freq: b3lyp/6-311G** em=gd3bj
energy: M062X/6-311G+(2d, p) em=gd3"
1114,c-c19+c-b10+c-b56+c-b60,C=CCC[P+](CCC)(CCCC)CCCCCCCC,tetraphosphonium ,-1089.0939356,0.480321,0.569486,785.181992,-0.38437,-0.12188,5.7202,-1088.6136146,-1088.5244496,7.139728,Gaussian,QC,"opt+freq: b3lyp/6-311G** em=gd3bj
energy: M062X/6-311G+(2d, p) em=gd3"
1115,c-c19+c-b29+c-b73+c-b80,CCCC[P+](CCC(C)C)(CC(C)C)CC(C)C,tetraphosphonium ,-1011.7209497,0.452241,0.533275,713.589568,-0.44094,-0.11146,1.2899,-1011.2687087,-1011.1876747,8.961856,Gaussian,QC,"opt+freq: b3lyp/6-311G** em=gd3bj
energy: M062X/6-311G+(2d, p) em=gd3"
1116,c-c19+c-b38+c-b77+c-b79,C#CCC[P+](CCCC)(CCCCO)CCC(F)(F)F,tetraphosphonium ,-1303.6057981,0.333168,0.416564,734.379864,-0.39711,-0.11375,4.6571,-1303.2726301,-1303.1892341,7.707392,Gaussian,QC,"opt+freq: b3lyp/6-311G** em=gd3bj
energy: M062X/6-311G+(2d, p) em=gd3"
1117,c-c19+c-b16+c-b38+c-b45,C#CCC[P+](CCCC)(CCCCC#N)CC(=O)O,tetraphosphonium ,-1132.829403,0.311331,0.390964,701.2467680000001,-0.40935,-0.15344,6.0464,-1132.518072,-1132.438439,6.960751999999999,Gaussian,QC,"opt+freq: b3lyp/6-311G** em=gd3bj
energy: M062X/6-311G+(2d, p) em=gd3"
1118,c-c19+c-b10+c-b41+c-b81,CCCC[P+](CCC)(CCCC)CC1COC(C)(C)O1,tetraphosphonium ,-1160.9542082,0.440359,0.522713,725.2085360000001,-0.39118,-0.11089,3.25,-1160.5138492,-1160.4314952,7.623888000000001,Gaussian,QC,"opt+freq: b3lyp/6-311G** em=gd3bj
energy: M062X/6-311G+(2d, p) em=gd3"
1119,c-c19+c-b30+c-b71+c-b76,CCCCCCC[P+](CCCC)(CCCCC)COC,tetraphosphonium ,-1126.2184272,0.480049,0.569228,785.311696,-0.40546,-0.11672,4.7481,-1125.7383782,-1125.6491992,7.853727999999999,Gaussian,QC,"opt+freq: b3lyp/6-311G** em=gd3bj
energy: M062X/6-311G+(2d, p) em=gd3"
1120,c-c19+c-b19+c-b30+c-b81,CCCCC[P+](CCCC)(CCCC)CCCCF,tetraphosphonium ,-1110.9504273,0.445089,0.528914,738.1580160000001,-0.43281,-0.11558,4.1771,-1110.5053383,-1110.4215133,8.628656,Gaussian,QC,"opt+freq: b3lyp/6-311G** em=gd3bj
energy: M062X/6-311G+(2d, p) em=gd3"
1121,c-c19+c-b4+c-b44+c-b60,C=CCC[P+](CCCC)(CCCO)CCCC(C)C,tetraphosphonium ,-1085.7046336,0.433544,0.517136,736.1162240000001,-0.38239,-0.11978,3.0434,-1085.2710896,-1085.1874976,7.142992,Gaussian,QC,"opt+freq: b3lyp/6-311G** em=gd3bj
energy: M062X/6-311G+(2d, p) em=gd3"
1122,c-c19+c-b10+c-b16+c-b79,CCCC[P+](CCC)(CCCCO)CCCCC#N,tetraphosphonium ,-1100.5539982,0.400844,0.484016,732.405016,-0.383,-0.11948,5.5953,-1100.1531542,-1100.0699822,7.167743999999999,Gaussian,QC,"opt+freq: b3lyp/6-311G** em=gd3bj
energy: M062X/6-311G+(2d, p) em=gd3"
1123,c-c19+c-b28+c-b45+c-b60,C=CCCC[P+](CCC=C)(CCCC)CC(=O)O,tetraphosphonium ,-1079.9081722,0.340062,0.418813,693.47708,-0.36077,-0.15531,3.9403,-1079.5681102,-1079.4893592,5.588511999999999,Gaussian,QC,"opt+freq: b3lyp/6-311G** em=gd3bj
energy: M062X/6-311G+(2d, p) em=gd3"
1124,c-c19+c-b4+c-b73+c-b81,CCCC[P+](CCCC)(CCCO)CCC(C)C,tetraphosphonium ,-1047.6318121,0.431787,0.511634,703.129568,-0.40015,-0.11081,1.9255,-1047.2000251,-1047.1201781,7.870048,Gaussian,QC,"opt+freq: b3lyp/6-311G** em=gd3bj
energy: M062X/6-311G+(2d, p) em=gd3"
1125,c-c19+c-b38+c-b39+c-b40,C#CCC[P+](CCCC)(CCOC)CN(C)C,tetraphosphonium ,-1021.8603972,0.347437,0.424059,674.736944,-0.3469,-0.1196,1.4859,-1021.5129602,-1021.4363382,6.18256,Gaussian,QC,"opt+freq: b3lyp/6-311G** em=gd3bj
energy: M062X/6-311G+(2d, p) em=gd3"
1126,c-c19+c-b6+c-b73+c-b78,CCCCCC[P+](CCCC)(CCCN)CCC(C)C,tetraphosphonium ,-1106.3718228,0.495281,0.582109,764.600896,-0.3627,-0.10791,3.6351,-1105.8765418,-1105.7897138,6.930288,Gaussian,QC,"opt+freq: b3lyp/6-311G** em=gd3bj
energy: M062X/6-311G+(2d, p) em=gd3"
1127,c-c19+c-b9+c-b30+c-b44,CCCCC[P+](CCCC)(CCCC(C)C)CC(C)F,tetraphosphonium ,-1150.2603627,0.469197,0.556404,767.935544,-0.4293,-0.11759,4.1449,-1149.7911657,-1149.7039587,8.478512,Gaussian,QC,"opt+freq: b3lyp/6-311G** em=gd3bj
energy: M062X/6-311G+(2d, p) em=gd3"
1128,c-c125+c-b58,CC[P+](CC)(CC)CCCC(=O)O,tetraphosphonium ,-877.8426567,0.256086,0.321065,572.199656,-0.40673,-0.12999,3.7028,-877.5865707,-877.5215917,7.527328,Gaussian,QC,"opt+freq: b3lyp/6-311G** em=gd3bj
energy: M062X/6-311G+(2d, p) em=gd3"
1129,c-c19+c-b10+c-b13+c-b37,CCCC[P+](CCC)(CCCC#N)CCC(C)O,tetraphosphonium ,-1061.2673395,0.377234,0.454627,681.5233920000001,-0.40816,-0.11884,4.8164,-1060.8901055,-1060.8127125,7.869504,Gaussian,QC,"opt+freq: b3lyp/6-311G** em=gd3bj
energy: M062X/6-311G+(2d, p) em=gd3"
1130,c-c19+c-b19+c-b79+c-b81,CCCC[P+](CCCC)(CCCCO)CCCCF,tetraphosphonium ,-1146.8634112,0.422566,0.506028,734.965624,-0.37981,-0.11399,2.9712,-1146.4408452,-1146.3573832,7.230303999999999,Gaussian,QC,"opt+freq: b3lyp/6-311G** em=gd3bj
energy: M062X/6-311G+(2d, p) em=gd3"
1131,c-c19+c-b29+c-b30+c-b37,CCCCC[P+](CCCC)(CCC(C)O)CC(C)C,tetraphosphonium ,-1086.9383046,0.454006,0.539688,754.517456,-0.37994,-0.1083,3.6169,-1086.4842986,-1086.3986166,7.388608,Gaussian,QC,"opt+freq: b3lyp/6-311G** em=gd3bj
energy: M062X/6-311G+(2d, p) em=gd3"
1132,c-c19+c-b4+c-b38+c-b39,C#CCC[P+](CCCC)(CCCO)CCOC,tetraphosphonium ,-1041.7574078,0.33729,0.41359,671.891824,-0.39042,-0.10559,2.0807,-1041.4201178,-1041.3438178,7.747375999999999,Gaussian,QC,"opt+freq: b3lyp/6-311G** em=gd3bj
energy: M062X/6-311G+(2d, p) em=gd3"
1133,c-c19+c-b29+c-b80+c-b81,CCCC[P+](CCCC)(CC(C)C)CC(C)C,tetraphosphonium ,-972.413385,0.427098,0.504932,685.40196,-0.44489,-0.11187,1.4919,-971.986287,-971.9084529999999,9.058143999999999,Gaussian,QC,"opt+freq: b3lyp/6-311G** em=gd3bj
energy: M062X/6-311G+(2d, p) em=gd3"
1134,c-c19+c-b60+c-b81+c-b83,C=CCC[P+](CCCC)(CCCC)CCCCCCC,tetraphosphonium ,-1089.0935112,0.480621,0.569606,783.6046240000001,-0.38466,-0.1226,3.7406,-1088.6128902,-1088.5239052,7.128032,Gaussian,QC,"opt+freq: b3lyp/6-311G** em=gd3bj
energy: M062X/6-311G+(2d, p) em=gd3"
1135,c-c19+c-b3+c-b10+c-b78,CCCCCC[P+](CCC)(CCCC)CC1CCCC1,tetraphosphonium ,-1089.1176879,0.483407,0.571108,772.2952720000001,-0.42028,-0.10976,3.8824,-1088.6342809,-1088.5465799,8.446144,Gaussian,QC,"opt+freq: b3lyp/6-311G** em=gd3bj
energy: M062X/6-311G+(2d, p) em=gd3"
1136,c-c2+c-b38,C#CCOC[P+](CC)(CC)CC,tetraphosphonium ,-809.3003316,0.227489,0.290483,554.718904,-0.4013,-0.13161,3.3513,-809.0728426000001,-809.0098486,7.335567999999999,Gaussian,QC,"opt+freq: b3lyp/6-311G** em=gd3bj
energy: M062X/6-311G+(2d, p) em=gd3"
1137,c-c19+c-b4+c-b11+c-b79,CCCC[P+](CCCO)(CCCCO)CC(F)(F)F,tetraphosphonium ,-1302.6742303,0.331001,0.411088,705.246672,-0.38995,-0.12268,5.4033,-1302.3432293,-1302.2631423,7.269744,Gaussian,QC,"opt+freq: b3lyp/6-311G** em=gd3bj
energy: M062X/6-311G+(2d, p) em=gd3"
1138,c-c19+c-b8+c-b38+c-b47,C#CCC[P+](CCC#CC)(CCCC)CC(C)(C)C,tetraphosphonium ,-1046.0886147,0.386689,0.469563,729.790016,-0.37992,-0.11296,1.3135,-1045.7019257,-1045.6190517,7.261311999999999,Gaussian,QC,"opt+freq: b3lyp/6-311G** em=gd3bj
energy: M062X/6-311G+(2d, p) em=gd3"
1139,c-c19+c-b10+c-b38+c-b74,C#CCC[P+](CCC)(CCCC)CC(C)=O,tetraphosphonium ,-965.3469415,0.308546,0.382814,654.00104,-0.4023,-0.16725,3.6662,-965.0383955,-964.9641274999999,6.393359999999999,Gaussian,QC,"opt+freq: b3lyp/6-311G** em=gd3bj
energy: M062X/6-311G+(2d, p) em=gd3"
1140,c-c19+c-b16+c-b60+c-b76,C=CCC[P+](CCCC)(CCCCC#N)COC,tetraphosphonium ,-1060.0033004,0.350351,0.430747,707.970456,-0.3841,-0.12765,5.9198,-1059.6529494,-1059.5725534,6.975439999999999,Gaussian,QC,"opt+freq: b3lyp/6-311G** em=gd3bj
energy: M062X/6-311G+(2d, p) em=gd3"
1141,c-c19+c-b4+c-b7+c-b81,CCCC[P+](CCCC)(CCCO)CCCC(C)CC,tetraphosphonium ,-1126.2420941,0.482287,0.569755,770.240928,-0.39778,-0.10996,3.0956,-1125.7598071,-1125.6723391,7.828704,Gaussian,QC,"opt+freq: b3lyp/6-311G** em=gd3bj
energy: M062X/6-311G+(2d, p) em=gd3"
1142,c-c19+c-b29+c-b80+c-b83,CCCCCCC[P+](CCCC)(CC(C)C)CC(C)C,tetraphosphonium ,-1090.3287631,0.503324,0.591847,779.5252240000001,-0.40805,-0.10677,4.1771,-1089.8254391,-1089.7369161,8.194816,Gaussian,QC,"opt+freq: b3lyp/6-311G** em=gd3bj
energy: M062X/6-311G+(2d, p) em=gd3"
1143,c-c19+c-b28+c-b29+c-b79,C=CCCC[P+](CCCC)(CCCCO)CC(C)C,tetraphosphonium ,-1085.7029884,0.43311,0.51717,740.229096,-0.36617,-0.10959,1.8121,-1085.2698784,-1085.1858184,6.978975999999999,Gaussian,QC,"opt+freq: b3lyp/6-311G** em=gd3bj
energy: M062X/6-311G+(2d, p) em=gd3"
1144,c-c19+c-b16+c-b30+c-b40,CCCCC[P+](CCCC)(CCCCC#N)CN(C)C,tetraphosphonium ,-1119.9688527,0.435605,0.523745,776.165472,-0.36128,-0.12016,3.9665,-1119.5332477,-1119.4451077,6.558464,Gaussian,QC,"opt+freq: b3lyp/6-311G** em=gd3bj
energy: M062X/6-311G+(2d, p) em=gd3"
1145,c-c125+c-b7,CCC(C)CCCC[P+](CC)(CC)CC,tetraphosphonium ,-893.801828,0.373699,0.447368,648.7208320000001,-0.40882,-0.11533,7.4921,-893.428129,-893.35446,7.982928,Gaussian,QC,"opt+freq: b3lyp/6-311G** em=gd3bj
energy: M062X/6-311G+(2d, p) em=gd3"
1146,c-c19+c-b30+c-b40+c-b43,CCCCC[P+](CCC#N)(CCCC)CN(C)C,tetraphosphonium ,-1041.3593062,0.385461,0.465675,706.367984,-0.36185,-0.12852,5.1478,-1040.9738452,-1040.8936312,6.346576,Gaussian,QC,"opt+freq: b3lyp/6-311G** em=gd3bj
energy: M062X/6-311G+(2d, p) em=gd3"
1147,c-c19+c-b45+c-b65+c-b81,CCC#CCC[P+](CCCC)(CCCC)CC(=O)O,tetraphosphonium ,-1119.213785,0.364588,0.448187,736.1706160000001,-0.37773,-0.14007,1.6539,-1118.849197,-1118.765598,6.464352,Gaussian,QC,"opt+freq: b3lyp/6-311G** em=gd3bj
energy: M062X/6-311G+(2d, p) em=gd3"
1148,c-c19+c-b6+c-b16+c-b39,CCCC[P+](CCCN)(CCCCC#N)CCOC,tetraphosphonium ,-1116.5988107,0.39128,0.473771,726.409344,-0.37356,-0.10841,5.316,-1116.2075307,-1116.1250397,7.212079999999999,Gaussian,QC,"opt+freq: b3lyp/6-311G** em=gd3bj
energy: M062X/6-311G+(2d, p) em=gd3"
1149,c-c125+c-b41,CC[P+](CC)(CC)CCC1COC(C)(C)O1,tetraphosphonium ,-1003.7412084,0.335097,0.406446,628.29036,-0.37002,-0.11588,7.2745,-1003.4061114,-1003.3347624,6.912608000000001,Gaussian,QC,"opt+freq: b3lyp/6-311G** em=gd3bj
energy: M062X/6-311G+(2d, p) em=gd3"
1150,c-c19+c-b13+c-b16+c-b45,CCCC[P+](CCCC#N)(CCCCC#N)CC(=O)O,tetraphosphonium ,-1188.2400013,0.330011,0.409724,701.945496,-0.42694,-0.14496,3.4104,-1187.9099903,-1187.8302773,7.669856,Gaussian,QC,"opt+freq: b3lyp/6-311G** em=gd3bj
energy: M062X/6-311G+(2d, p) em=gd3"
1151,c-c19+c-b28+c-b38+c-b76,C#CCC[P+](CCCC)(CCCC=C)COC,tetraphosphonium ,-1004.5980696,0.333698,0.412188,691.188432,-0.3667,-0.11737,1.6065,-1004.2643716,-1004.1858816,6.781776000000001,Gaussian,QC,"opt+freq: b3lyp/6-311G** em=gd3bj
energy: M062X/6-311G+(2d, p) em=gd3"
1152,c-c19+c-b30+c-b38+c-b76,C#CCC[P+](CCCC)(CCCCC)COC,tetraphosphonium ,-1005.827938,0.357151,0.43566,691.3474239999999,-0.3976,-0.12134,2.1094,-1005.470787,-1005.392278,7.514272,Gaussian,QC,"opt+freq: b3lyp/6-311G** em=gd3bj
energy: M062X/6-311G+(2d, p) em=gd3"
1153,c-c19+c-b16+c-b30+c-b45,CCCCC[P+](CCCC)(CCCCC#N)CC(=O)O,tetraphosphonium ,-1174.6066668,0.381401,0.466626,750.4840800000001,-0.42137,-0.15868,5.7749,-1174.2252658,-1174.1400408,7.145168000000001,Gaussian,QC,"opt+freq: b3lyp/6-311G** em=gd3bj
energy: M062X/6-311G+(2d, p) em=gd3"
1154,c-c19+c-b10+c-b18+c-b36,CCCC[P+](CCC)(CC(=O)CC)Cc1ccccc1,tetraphosphonium ,-1120.2336224,0.374458,0.455122,710.330232,-0.36704,-0.16537,4.6674,-1119.8591644,-1119.7785004,5.485423999999999,Gaussian,QC,"opt+freq: b3lyp/6-311G** em=gd3bj
energy: M062X/6-311G+(2d, p) em=gd3"
1155,c-c19+c-b6+c-b16+c-b60,C=CCC[P+](CCCC)(CCCN)CCCCC#N,tetraphosphonium ,-1079.4580968,0.390831,0.473414,727.22104,-0.37179,-0.12911,6.6896,-1079.0672658,-1078.9846828,6.600896,Gaussian,QC,"opt+freq: b3lyp/6-311G** em=gd3bj
energy: M062X/6-311G+(2d, p) em=gd3"
1156,c-c19+c-b4+c-b6+c-b38,C#CCC[P+](CCCC)(CCCN)CCCO,tetraphosphonium ,-1021.8916919,0.348319,0.42612,685.1174480000001,-0.36127,-0.11149,2.0766,-1021.5433729,-1021.4655719,6.794015999999999,Gaussian,QC,"opt+freq: b3lyp/6-311G** em=gd3bj
energy: M062X/6-311G+(2d, p) em=gd3"
1157,c-c2+c-b41,CC[P+](CC)(CC)COC1COC(C)(C)O1,tetraphosphonium ,-1039.6469996,0.310909,0.382411,629.65016,-0.38005,-0.11109,6.3079,-1039.3360906,-1039.2645886,7.315712,Gaussian,QC,"opt+freq: b3lyp/6-311G** em=gd3bj
energy: M062X/6-311G+(2d, p) em=gd3"
1158,c-c19+c-b31+c-b60+c-b81,C=CCC[P+](CCCC)(CCCC)CCCC(F)(F)F,tetraphosphonium ,-1268.9325185,0.379686,0.462524,729.4678480000001,-0.38538,-0.12602,6.6188,-1268.5528325,-1268.4699945,7.054592,Gaussian,QC,"opt+freq: b3lyp/6-311G** em=gd3bj
energy: M062X/6-311G+(2d, p) em=gd3"
1159,c-c19+c-b8+c-b30+c-b80,CC#CCC[P+](CCCC)(CCCCC)CC(C)C,tetraphosphonium ,-1048.5577294,0.429993,0.516929,765.5590320000001,-0.37473,-0.11174,1.9444,-1048.1277364,-1048.0408004,7.153328,Gaussian,QC,"opt+freq: b3lyp/6-311G** em=gd3bj
energy: M062X/6-311G+(2d, p) em=gd3"
1160,c-c19+c-b76+c-b78+c-b81,CCCCCC[P+](CCCC)(CCCC)COC,tetraphosphonium ,-1047.6087601,0.428709,0.51127,727.028576,-0.41049,-0.1179,3.9525,-1047.1800511,-1047.0974901,7.958448000000001,Gaussian,QC,"opt+freq: b3lyp/6-311G** em=gd3bj
energy: M062X/6-311G+(2d, p) em=gd3"
1161,c-c2+c-b80,CC[P+](CC)(CC)COC(C)C,tetraphosphonium ,-811.7886834,0.270386,0.336377,581.111576,-0.40738,-0.11375,2.9933,-811.5182973999999,-811.4523064,7.986736,Gaussian,QC,"opt+freq: b3lyp/6-311G** em=gd3bj
energy: M062X/6-311G+(2d, p) em=gd3"
1162,c-c19+c-b10+c-b13+c-b76,CCCC[P+](CCC)(CCCC#N)COC,tetraphosphonium ,-982.6276586,0.324111,0.396495,637.41148,-0.41458,-0.12855,3.8653,-982.3035476,-982.2311636000001,7.780016,Gaussian,QC,"opt+freq: b3lyp/6-311G** em=gd3bj
energy: M062X/6-311G+(2d, p) em=gd3"
1163,c-c19+c-b4+c-b60+c-b81,C=CCC[P+](CCCC)(CCCC)CCCO,tetraphosphonium ,-1007.0934316,0.380283,0.45956,698.108768,-0.38141,-0.11781,0.9094,-1006.7131486,-1006.6338716,7.169920000000001,Gaussian,QC,"opt+freq: b3lyp/6-311G** em=gd3bj
energy: M062X/6-311G+(2d, p) em=gd3"
1164,c-c19+c-b10+c-b28+c-b71,C=CCCC[P+](CCC)(CCCC)CCCCCCC,tetraphosphonium ,-1089.0913515,0.48176,0.569567,773.2283040000001,-0.36556,-0.11377,6.2893,-1088.6095915,-1088.5217845,6.848688,Gaussian,QC,"opt+freq: b3lyp/6-311G** em=gd3bj
energy: M062X/6-311G+(2d, p) em=gd3"
1165,c-c19+c-b10+c-b13+c-b39,CCCC[P+](CCC)(CCCC#N)CCOC,tetraphosphonium ,-1021.9396454,0.348873,0.425826,677.6448240000001,-0.40747,-0.12223,4.1564,-1021.5907724,-1021.5138194,7.758527999999999,Gaussian,QC,"opt+freq: b3lyp/6-311G** em=gd3bj
energy: M062X/6-311G+(2d, p) em=gd3"
1166,c-c2+c-b12,CC[P+](CC)(CC)COC(=O)C(C)(C)C,tetraphosphonium ,-964.4478522,0.305202,0.3768,630.4869600000001,-0.4158,-0.14051,5.3479,-964.1426502,-964.0710522,7.487888000000001,Gaussian,QC,"opt+freq: b3lyp/6-311G** em=gd3bj
energy: M062X/6-311G+(2d, p) em=gd3"
1167,c-c19+c-b10+c-b38+c-b58,C#CCC[P+](CCC)(CCCC)CCC(=O)O,tetraphosphonium ,-1040.5912839,0.316604,0.390319,649.130864,-0.3979,-0.13218,4.2633,-1040.2746799,-1040.2009649,7.227583999999998,Gaussian,QC,"opt+freq: b3lyp/6-311G** em=gd3bj
energy: M062X/6-311G+(2d, p) em=gd3"
1168,c-c19+c-b6+c-b10+c-b39,CCCC[P+](CCC)(CCCN)CCOC,tetraphosphonium ,-985.0560934,0.368495,0.443582,661.210072,-0.37021,-0.10275,2.8135,-984.6875984,-984.6125114,7.274911999999999,Gaussian,QC,"opt+freq: b3lyp/6-311G** em=gd3bj
energy: M062X/6-311G+(2d, p) em=gd3"
1169,c-c2+c-b72,CCC(C)COC[P+](CC)(CC)CC,tetraphosphonium ,-890.3930061,0.322292,0.394475,635.637464,-0.39794,-0.11618,6.2886,-890.0707141,-889.9985310999999,7.663872,Gaussian,QC,"opt+freq: b3lyp/6-311G** em=gd3bj
energy: M062X/6-311G+(2d, p) em=gd3"
1170,c-c19+c-b37+c-b44+c-b60,C=CCC[P+](CCCC)(CCCC(C)C)CCC(C)O,tetraphosphonium ,-1125.011258,0.458253,0.545391,767.333048,-0.38381,-0.12303,4.5892,-1124.553005,-1124.465867,7.093216,Gaussian,QC,"opt+freq: b3lyp/6-311G** em=gd3bj
energy: M062X/6-311G+(2d, p) em=gd3"
1171,c-c19+c-b4+c-b10+c-b18,CCCC[P+](CCC)(CCCO)CC(=O)CC,tetraphosphonium ,-1043.0365359,0.356472,0.435947,699.8534960000001,-0.38488,-0.1551,4.0489,-1042.6800639,-1042.6005889,6.250016,Gaussian,QC,"opt+freq: b3lyp/6-311G** em=gd3bj
energy: M062X/6-311G+(2d, p) em=gd3"
1172,c-c19+c-b6+c-b13+c-b30,CCCCC[P+](CCCC)(CCCN)CCCC#N,tetraphosphonium ,-1080.6793698,0.413439,0.496108,727.982528,-0.36281,-0.12593,4.6565,-1080.2659308,-1080.1832618,6.443136000000001,Gaussian,QC,"opt+freq: b3lyp/6-311G** em=gd3bj
energy: M062X/6-311G+(2d, p) em=gd3"
1173,c-c19+c-b13+c-b37+c-b60,C=CCC[P+](CCCC)(CCCC#N)CCC(C)O,tetraphosphonium ,-1099.3412994,0.380622,0.460248,701.184008,-0.38943,-0.12559,5.1524,-1098.9606774,-1098.8810514,7.176447999999999,Gaussian,QC,"opt+freq: b3lyp/6-311G** em=gd3bj
energy: M062X/6-311G+(2d, p) em=gd3"
1174,c-c19+c-b4+c-b38+c-b72,C#CCC[P+](CCCC)(CCCO)CCC(C)CC,tetraphosphonium ,-1084.468873,0.409936,0.493985,740.1328639999999,-0.39408,-0.10781,2.9265,-1084.058937,-1083.974888,7.786543999999999,Gaussian,QC,"opt+freq: b3lyp/6-311G** em=gd3bj
energy: M062X/6-311G+(2d, p) em=gd3"
1175,c-c19+c-b4+c-b36+c-b38,C#CCC[P+](CCCC)(CCCO)Cc1ccccc1,tetraphosphonium ,-1118.9611013,0.354695,0.432952,689.129904,-0.3689,-0.14137,2.7681,-1118.6064063,-1118.5281493,6.188816,Gaussian,QC,"opt+freq: b3lyp/6-311G** em=gd3bj
energy: M062X/6-311G+(2d, p) em=gd3"
1176,c-c19+c-b13+c-b60+c-b79,C=CCC[P+](CCCC)(CCCC#N)CCCCO,tetraphosphonium ,-1099.3238748,0.378186,0.46051,724.94076,-0.37367,-0.13119,6.3908,-1098.9456888,-1098.8633648,6.595456,Gaussian,QC,"opt+freq: b3lyp/6-311G** em=gd3bj
energy: M062X/6-311G+(2d, p) em=gd3"
1177,c-c19+c-b28+c-b45+c-b78,C=CCCC[P+](CCCC)(CCCCCC)CC(=O)O,tetraphosphonium ,-1159.748395,0.414553,0.500217,754.358464,-0.35909,-0.15356,4.4587,-1159.333842,-1159.248178,5.590416,Gaussian,QC,"opt+freq: b3lyp/6-311G** em=gd3bj
energy: M062X/6-311G+(2d, p) em=gd3"
1178,c-c19+c-b18+c-b38+c-b45,C#CCC[P+](CCCC)(CC(=O)O)CC(=O)CC,tetraphosphonium ,-1114.6172235,0.293402,0.371658,689.117352,-0.39649,-0.16526,1.3062,-1114.3238215,-1114.2455655,6.289456,Gaussian,QC,"opt+freq: b3lyp/6-311G** em=gd3bj
energy: M062X/6-311G+(2d, p) em=gd3"
1179,c-c19+c-b10+c-b38+c-b40,C#CCC[P+](CCC)(CCCC)CN(C)C,tetraphosphonium ,-946.6553395,0.342944,0.418336,663.8962,-0.35543,-0.11629,1.5642,-946.3123955,-946.2370035,6.504608,Gaussian,QC,"opt+freq: b3lyp/6-311G** em=gd3bj
energy: M062X/6-311G+(2d, p) em=gd3"
1180,c-c19+c-b13+c-b38+c-b81,C#CCC[P+](CCCC)(CCCC)CCCC#N,tetraphosphonium ,-1022.7982908,0.359388,0.431485,634.884344,-0.36542,-0.12259,4.3558,-1022.4389028,-1022.3668058,6.604976000000001,Gaussian,QC,"opt+freq: b3lyp/6-311G** em=gd3bj
energy: M062X/6-311G+(2d, p) em=gd3"
1181,c-c19+c-b16+c-b65+c-b76,CCC#CCC[P+](CCCC)(CCCCC#N)COC,tetraphosphonium ,-1137.3810599,0.377585,0.46599,778.49596,-0.38115,-0.12316,4.8583,-1137.0034749,-1136.9150699,7.017328,Gaussian,QC,"opt+freq: b3lyp/6-311G** em=gd3bj
energy: M062X/6-311G+(2d, p) em=gd3"
1182,c-c19+c-b45+c-b60+c-b81,C=CCC[P+](CCCC)(CCCC)CC(=O)O,tetraphosphonium ,-1041.8362742,0.336596,0.413165,674.264152,-0.38956,-0.15069,2.545,-1041.4996782,-1041.4231092,6.497264,Gaussian,QC,"opt+freq: b3lyp/6-311G** em=gd3bj
energy: M062X/6-311G+(2d, p) em=gd3"
1183,c-c19+c-b40+c-b60+c-b76,C=CCC[P+](CCCC)(COC)CN(C)C,tetraphosphonium ,-983.7864472,0.343691,0.4181,655.23532,-0.3527,-0.12754,1.0853,-983.4427562,-983.3683472,6.124352000000001,Gaussian,QC,"opt+freq: b3lyp/6-311G** em=gd3bj
energy: M062X/6-311G+(2d, p) em=gd3"
1184,c-c19+c-b8+c-b30+c-b76,CC#CCC[P+](CCCC)(CCCCC)COC,tetraphosphonium ,-1045.1448238,0.381314,0.464887,735.948864,-0.37581,-0.11612,1.9717,-1044.7635098,-1044.6799368,7.063567999999999,Gaussian,QC,"opt+freq: b3lyp/6-311G** em=gd3bj
energy: M062X/6-311G+(2d, p) em=gd3"
1185,c-c19+c-b4+c-b38+c-b47,C#CCC[P+](CCCC)(CCCO)CC(C)(C)C,tetraphosphonium ,-1045.1646252,0.3842,0.464351,705.8073280000001,-0.39438,-0.10927,2.9005,-1044.7804252,-1044.7002742,7.754991999999999,Gaussian,QC,"opt+freq: b3lyp/6-311G** em=gd3bj
energy: M062X/6-311G+(2d, p) em=gd3"
1186,c-c19+c-b10+c-b16+c-b28,C=CCCC[P+](CCC)(CCCC)CCCCC#N,tetraphosphonium ,-1063.4108962,0.400752,0.483564,729.2419120000001,-0.37842,-0.12179,7.1972,-1063.0101442,-1062.9273322,6.980335999999999,Gaussian,QC,"opt+freq: b3lyp/6-311G** em=gd3bj
energy: M062X/6-311G+(2d, p) em=gd3"
1187,c-c19+c-b38+c-b39+c-b58,C#CCC[P+](CCCC)(CCOC)CCC(=O)O,tetraphosphonium ,-1115.7918552,0.31797,0.3957,684.4940320000001,-0.38425,-0.1348,2.9028,-1115.4738852,-1115.3961552,6.78504,Gaussian,QC,"opt+freq: b3lyp/6-311G** em=gd3bj
energy: M062X/6-311G+(2d, p) em=gd3"
1188,c-c19+c-b8+c-b38+c-b39,C#CCC[P+](CCC#CC)(CCCC)CCOC,tetraphosphonium ,-1042.6862373,0.337109,0.418631,717.8823520000001,-0.37975,-0.10985,2.1732,-1042.3491283,-1042.2676063,7.341279999999999,Gaussian,QC,"opt+freq: b3lyp/6-311G** em=gd3bj
energy: M062X/6-311G+(2d, p) em=gd3"
1189,c-c19+c-b38+c-b39+c-b60,C#CCC[P+](CCC=C)(CCCC)CCOC,tetraphosphonium ,-1004.6104056,0.334169,0.41252,689.958336,-0.38747,-0.12218,1.9464,-1004.2762366,-1004.1978856,7.215887999999999,Gaussian,QC,"opt+freq: b3lyp/6-311G** em=gd3bj
energy: M062X/6-311G+(2d, p) em=gd3"
1190,c-c19+c-b10+c-b11+c-b39,CCCC[P+](CCC)(CCOC)CC(F)(F)F,tetraphosphonium ,-1188.1405952,0.300632,0.375171,656.3817359999999,-0.39705,-0.1233,5.8898,-1187.8399632,-1187.7654242,7.446,Gaussian,QC,"opt+freq: b3lyp/6-311G** em=gd3bj
energy: M062X/6-311G+(2d, p) em=gd3"
1191,c-c19+c-b40+c-b43+c-b78,CCCCCC[P+](CCC#N)(CCCC)CN(C)C,tetraphosphonium ,-1080.6642932,0.41172,0.494723,730.92388,-0.36126,-0.12794,5.3427,-1080.2525732,-1080.1695702,6.346304000000001,Gaussian,QC,"opt+freq: b3lyp/6-311G** em=gd3bj
energy: M062X/6-311G+(2d, p) em=gd3"
1192,c-c19+c-b13+c-b36+c-b76,CCCC[P+](CCCC#N)(COC)Cc1ccccc1,tetraphosphonium ,-1135.0292014,0.342867,0.421881,695.790832,-0.36785,-0.14254,5.5449,-1134.6863344,-1134.6073204,6.128432,Gaussian,QC,"opt+freq: b3lyp/6-311G** em=gd3bj
energy: M062X/6-311G+(2d, p) em=gd3"
1193,c-c19+c-b29+c-b38+c-b71,C#CCC[P+](CCCC)(CCCCCCC)CC(C)C,tetraphosphonium ,-1087.8513647,0.458521,0.545842,768.9438880000001,-0.39873,-0.11392,4.0574,-1087.3928437,-1087.3055227,7.746832,Gaussian,QC,"opt+freq: b3lyp/6-311G** em=gd3bj
energy: M062X/6-311G+(2d, p) em=gd3"
1194,c-c19+c-b3+c-b10+c-b13,CCCC[P+](CCC)(CCCC#N)CC1CCCC1,tetraphosphonium ,-1063.4380542,0.403908,0.485164,715.543496,-0.42395,-0.12667,4.8325,-1063.0341462,-1062.9528902,8.086015999999999,Gaussian,QC,"opt+freq: b3lyp/6-311G** em=gd3bj
energy: M062X/6-311G+(2d, p) em=gd3"
1195,c-c19+c-b28+c-b58+c-b79,C=CCCC[P+](CCCC)(CCCCO)CCC(=O)O,tetraphosphonium ,-1195.6730502,0.394215,0.477849,736.480232,-0.37123,-0.1328,4.3155,-1195.2788352,-1195.1952012,6.485296,Gaussian,QC,"opt+freq: b3lyp/6-311G** em=gd3bj
energy: M062X/6-311G+(2d, p) em=gd3"
1196,c-c19+c-b4+c-b8+c-b38,C#CCC[P+](CCC#CC)(CCCC)CCCO,tetraphosphonium ,-1042.6953145,0.338977,0.41908,705.3889280000001,-0.37025,-0.11148,2.7664,-1042.3563375,-1042.2762345,7.038544000000002,Gaussian,QC,"opt+freq: b3lyp/6-311G** em=gd3bj
energy: M062X/6-311G+(2d, p) em=gd3"
1197,c-c19+c-b10+c-b18+c-b45,CCCC[P+](CCC)(CC(=O)O)CC(=O)CC,tetraphosphonium ,-1077.7845912,0.312388,0.389447,678.58204,-0.3994,-0.16966,2.4571,-1077.4722032,-1077.3951442,6.248927999999999,Gaussian,QC,"opt+freq: b3lyp/6-311G** em=gd3bj
energy: M062X/6-311G+(2d, p) em=gd3"
1198,c-c19+c-b39+c-b43+c-b68,CCCC[P+](CCC#N)(CCCCC(C)C)CCOC,tetraphosphonium ,-1139.8553619,0.426395,0.512032,754.1199760000001,-0.40139,-0.12273,6.5593,-1139.4289669,-1139.3433299,7.579552000000001,Gaussian,QC,"opt+freq: b3lyp/6-311G** em=gd3bj
energy: M062X/6-311G+(2d, p) em=gd3"
1199,c-c19+c-b4+c-b45+c-b58,CCCC[P+](CCCO)(CCC(=O)O)CC(=O)O,tetraphosphonium ,-1188.9393019,0.298871,0.37403,661.84604,-0.41008,-0.15882,7.1868,-1188.6404309,-1188.5652719,6.834272000000001,Gaussian,QC,"opt+freq: b3lyp/6-311G** em=gd3bj
energy: M062X/6-311G+(2d, p) em=gd3"
1200,c-c19+c-b16+c-b45+c-b79,CCCC[P+](CCCCO)(CCCCC#N)CC(=O)O,tetraphosphonium ,-1210.5219211,0.360172,0.443841,736.78148,-0.3894,-0.15426,4.8044,-1210.1617491,-1210.0780801,6.395808000000001,Gaussian,QC,"opt+freq: b3lyp/6-311G** em=gd3bj
energy: M062X/6-311G+(2d, p) em=gd3"
1201,c-c19+c-b6+c-b13+c-b81,CCCC[P+](CCCC)(CCCN)CCCC#N,tetraphosphonium ,-1041.3746065,0.38831,0.467181,694.5314480000001,-0.36332,-0.12658,4.0021,-1040.9862965,-1040.9074255,6.439327999999999,Gaussian,QC,"opt+freq: b3lyp/6-311G** em=gd3bj
energy: M062X/6-311G+(2d, p) em=gd3"
1202,c-c19+c-b68+c-b80+c-b81,CCCC[P+](CCCC)(CCCCC(C)C)CC(C)C,tetraphosphonium ,-1090.3266908,0.504166,0.591836,772.019128,-0.4117,-0.10966,4.239,-1089.8225248,-1089.7348548,8.215488,Gaussian,QC,"opt+freq: b3lyp/6-311G** em=gd3bj
energy: M062X/6-311G+(2d, p) em=gd3"
1203,c-c19+c-b19+c-b78+c-b81,CCCCCC[P+](CCCC)(CCCC)CCCCF,tetraphosphonium ,-1150.2554283,0.470663,0.557888,768.107088,-0.42499,-0.11511,4.5133,-1149.7847653,-1149.6975403,8.428735999999999,Gaussian,QC,"opt+freq: b3lyp/6-311G** em=gd3bj
energy: M062X/6-311G+(2d, p) em=gd3"
1204,c-c19+c-b10+c-b43+c-b48,CCCC[P+](CCC)(CCC#N)Cc1cccc(C)c1,tetraphosphonium ,-1099.1426563,0.363768,0.444614,711.9327040000001,-0.35571,-0.13709,7.2691,-1098.7788883,-1098.6980423,5.946464000000001,Gaussian,QC,"opt+freq: b3lyp/6-311G** em=gd3bj
energy: M062X/6-311G+(2d, p) em=gd3"
1205,c-c19+c-b16+c-b39+c-b60,C=CCC[P+](CCCC)(CCCCC#N)CCOC,tetraphosphonium ,-1099.3262525,0.377867,0.460396,726.748248,-0.37726,-0.11471,4.936,-1098.9483855,-1098.8658565,7.141359999999999,Gaussian,QC,"opt+freq: b3lyp/6-311G** em=gd3bj
energy: M062X/6-311G+(2d, p) em=gd3"
1206,c-c125+c-b71,CCCCCCCC[P+](CC)(CC)CC,tetraphosphonium ,-893.7988324,0.373456,0.447863,655.2311360000001,-0.40206,-0.1167,8.6188,-893.4253764,-893.3509694,7.761791999999998,Gaussian,QC,"opt+freq: b3lyp/6-311G** em=gd3bj
energy: M062X/6-311G+(2d, p) em=gd3"
1207,c-c19+c-b4+c-b10+c-b27,CCCC[P+](CCC)(CCCO)CC(C)C#N,tetraphosphonium ,-1021.9418877,0.35001,0.425662,666.1848480000001,-0.41406,-0.12678,6.4324,-1021.5918777,-1021.5162257,7.814016,Gaussian,QC,"opt+freq: b3lyp/6-311G** em=gd3bj
energy: M062X/6-311G+(2d, p) em=gd3"
1208,c-c2+c-b63,CC[P+](CC)(CC)COc1ccc2ccccc2c1,tetraphosphonium ,-1078.5137437,0.310152,0.381342,626.897088,-0.32558,-0.15473,8.3411,-1078.2035917,-1078.1324017,4.647119999999999,Gaussian,QC,"opt+freq: b3lyp/6-311G** em=gd3bj
energy: M062X/6-311G+(2d, p) em=gd3"
1209,c-c19+c-b4+c-b10+c-b56,CCCCCCCC[P+](CCC)(CCCC)CCCO,tetraphosphonium ,-1126.2367814,0.481798,0.570019,776.872568,-0.39356,-0.11334,6.2617,-1125.7549834,-1125.6667624,7.621984,Gaussian,QC,"opt+freq: b3lyp/6-311G** em=gd3bj
energy: M062X/6-311G+(2d, p) em=gd3"
1210,c-c19+c-b4+c-b30+c-b65,CCC#CCC[P+](CCCC)(CCCO)CCCCC,tetraphosphonium ,-1123.7774159,0.436274,0.524072,773.148808,-0.37287,-0.10839,2.5636,-1123.3411419,-1123.2533439,7.193855999999999,Gaussian,QC,"opt+freq: b3lyp/6-311G** em=gd3bj
energy: M062X/6-311G+(2d, p) em=gd3"
1211,c-c2+c-b77,CC[P+](CC)(CC)COCC(F)(F)F,tetraphosphonium ,-1070.217265,0.221418,0.288113,587.316448,-0.43444,-0.13892,7.9478,-1069.995847,-1069.929152,8.038143999999999,Gaussian,QC,"opt+freq: b3lyp/6-311G** em=gd3bj
energy: M062X/6-311G+(2d, p) em=gd3"
1212,c-c19+c-b8+c-b39+c-b43,CC#CCC[P+](CCC#N)(CCCC)CCOC,tetraphosphonium ,-1058.7810892,0.326141,0.408093,721.6646880000001,-0.38499,-0.12299,5.1601,-1058.4549482,-1058.3729962,7.1264,Gaussian,QC,"opt+freq: b3lyp/6-311G** em=gd3bj
energy: M062X/6-311G+(2d, p) em=gd3"
1213,c-c19+c-b3+c-b10+c-b81,CCCC[P+](CCC)(CCCC)CC1CCCC1,tetraphosphonium ,-1010.508889,0.43343,0.513232,702.732088,-0.42169,-0.11132,3.2443,-1010.075459,-1009.995657,8.442064,Gaussian,QC,"opt+freq: b3lyp/6-311G** em=gd3bj
energy: M062X/6-311G+(2d, p) em=gd3"
1214,c-c19+c-b18+c-b30+c-b81,CCCCC[P+](CCCC)(CCCC)CC(=O)CC,tetraphosphonium ,-1085.7298924,0.430246,0.516556,760.04452,-0.38922,-0.1626,3.0769,-1085.2996464,-1085.2133364,6.164064000000001,Gaussian,QC,"opt+freq: b3lyp/6-311G** em=gd3bj
energy: M062X/6-311G+(2d, p) em=gd3"
1215,c-c19+c-b38+c-b44+c-b73,C#CCC[P+](CCCC)(CCCC(C)C)CCC(C)C,tetraphosphonium ,-1087.8578568,0.457044,0.544933,773.9437680000001,-0.40058,-0.1136,2.6414,-1087.4008128,-1087.3129238,7.805856,Gaussian,QC,"opt+freq: b3lyp/6-311G** em=gd3bj
energy: M062X/6-311G+(2d, p) em=gd3"
1216,c-c19+c-b4+c-b10+c-b81,CCCC[P+](CCC)(CCCC)CCCO,tetraphosphonium ,-969.0178208,0.379998,0.4542,653.423648,-0.39727,-0.11459,1.9108,-968.6378228,-968.5636208,7.688896000000001,Gaussian,QC,"opt+freq: b3lyp/6-311G** em=gd3bj
energy: M062X/6-311G+(2d, p) em=gd3"
1217,c-c19+c-b10+c-b56+c-b76,CCCCCCCC[P+](CCC)(CCCC)COC,tetraphosphonium ,-1086.9130007,0.454477,0.540302,755.772656,-0.39781,-0.11851,7.1397,-1086.4585237,-1086.3726987,7.596959999999999,Gaussian,QC,"opt+freq: b3lyp/6-311G** em=gd3bj
energy: M062X/6-311G+(2d, p) em=gd3"
1218,c-c19+c-b4+c-b10+c-b73,CCCC[P+](CCC)(CCCO)CCC(C)C,tetraphosphonium ,-1008.3267368,0.406023,0.48271,675.3017840000001,-0.40093,-0.11279,2.8064,-1007.9207138,-1007.8440268,7.837408,Gaussian,QC,"opt+freq: b3lyp/6-311G** em=gd3bj
energy: M062X/6-311G+(2d, p) em=gd3"
1219,c-c19+c-b4+c-b6+c-b79,CCCC[P+](CCCN)(CCCO)CCCCO,tetraphosphonium ,-1099.5884039,0.399702,0.47903,698.564824,-0.36878,-0.10479,3.8494,-1099.1887019,-1099.1093739,7.180528,Gaussian,QC,"opt+freq: b3lyp/6-311G** em=gd3bj
energy: M062X/6-311G+(2d, p) em=gd3"
1220,c-c19+c-b37+c-b47+c-b73,CCCC[P+](CCC(C)C)(CCC(C)O)CC(C)(C)C,tetraphosphonium ,-1126.2481282,0.480449,0.567425,765.9021200000001,-0.37824,-0.10724,2.5128,-1125.7676792,-1125.6807032,7.3712,Gaussian,QC,"opt+freq: b3lyp/6-311G** em=gd3bj
energy: M062X/6-311G+(2d, p) em=gd3"
1221,c-c19+c-b38+c-b43+c-b78,C#CCC[P+](CCC#N)(CCCC)CCCCCC,tetraphosphonium ,-1062.1669411,0.379039,0.460263,715.2547999999999,-0.41022,-0.13239,3.8847,-1061.7879021,-1061.7066781,7.556975999999999,Gaussian,QC,"opt+freq: b3lyp/6-311G** em=gd3bj
energy: M062X/6-311G+(2d, p) em=gd3"
1222,c-c19+c-b8+c-b38+c-b76,C#CCC[P+](CCC#CC)(CCCC)COC,tetraphosphonium ,-1003.3688175,0.310199,0.389354,697.03348,-0.38451,-0.1209,1.8278,-1003.0586185,-1002.9794635,7.170192,Gaussian,QC,"opt+freq: b3lyp/6-311G** em=gd3bj
energy: M062X/6-311G+(2d, p) em=gd3"
1223,c-c19+c-b38+c-b72+c-b79,C#CCC[P+](CCCC)(CCCCO)CCC(C)CC,tetraphosphonium ,-1123.7726832,0.43657,0.523218,763.01516,-0.39428,-0.1026,2.5913,-1123.3361132,-1123.2494652,7.933696000000001,Gaussian,QC,"opt+freq: b3lyp/6-311G** em=gd3bj
energy: M062X/6-311G+(2d, p) em=gd3"
1224,c-c19+c-b11+c-b28+c-b81,C=CCCC[P+](CCCC)(CCCC)CC(F)(F)F,tetraphosphonium ,-1229.6166725,0.35245,0.433149,710.635664,-0.36876,-0.12453,5.399,-1229.2642225,-1229.1835235,6.643055999999999,Gaussian,QC,"opt+freq: b3lyp/6-311G** em=gd3bj
energy: M062X/6-311G+(2d, p) em=gd3"
1225,c-c19+c-b4+c-b39+c-b47,CCCC[P+](CCCO)(CCOC)CC(C)(C)C,tetraphosphonium ,-1083.5261558,0.408021,0.487815,702.656776,-0.38577,-0.11387,3.5445,-1083.1181348,-1083.0383408,7.39568,Gaussian,QC,"opt+freq: b3lyp/6-311G** em=gd3bj
energy: M062X/6-311G+(2d, p) em=gd3"
1226,c-c19+c-b19+c-b28+c-b43,C=CCCC[P+](CCC#N)(CCCC)CCCCF,tetraphosphonium ,-1123.3418248,0.367145,0.448276,714.43892,-0.37809,-0.13281,4.2414,-1122.9746798,-1122.8935488,6.671615999999999,Gaussian,QC,"opt+freq: b3lyp/6-311G** em=gd3bj
energy: M062X/6-311G+(2d, p) em=gd3"
1227,c-c19+c-b10+c-b43+c-b77,CCCC[P+](CCC)(CCC#N)CCC(F)(F)F,tetraphosphonium ,-1205.1677641,0.29632,0.37068,654.812736,-0.45334,-0.13656,8.7238,-1204.8714441,-1204.7970841,8.616416000000001,Gaussian,QC,"opt+freq: b3lyp/6-311G** em=gd3bj
energy: M062X/6-311G+(2d, p) em=gd3"
1228,c-c19+c-b28+c-b38+c-b45,C#CCC[P+](CCCC)(CCCC=C)CC(=O)O,tetraphosphonium ,-1078.6634825,0.316905,0.395613,693.1047040000001,-0.36825,-0.14916,2.8821,-1078.3465775,-1078.2678695,5.959248000000001,Gaussian,QC,"opt+freq: b3lyp/6-311G** em=gd3bj
energy: M062X/6-311G+(2d, p) em=gd3"
1229,c-c19+c-b4+c-b8+c-b60,C=CCC[P+](CCC#CC)(CCCC)CCCO,tetraphosphonium ,-1043.9376654,0.36142,0.442256,711.84484,-0.3768,-0.11579,1.0837,-1043.5762454,-1043.4954094,7.099472,Gaussian,QC,"opt+freq: b3lyp/6-311G** em=gd3bj
energy: M062X/6-311G+(2d, p) em=gd3"
1230,c-c19+c-b10+c-b38+c-b65,C#CCC[P+](CCC)(CCC#CCC)CCCC,tetraphosphonium ,-1006.7725763,0.357712,0.442046,742.63908,-0.35956,-0.12186,3.4246,-1006.4148643,-1006.3305303,6.46544,Gaussian,QC,"opt+freq: b3lyp/6-311G** em=gd3bj
energy: M062X/6-311G+(2d, p) em=gd3"
1231,c-c19+c-b10+c-b30+c-b38,C#CCC[P+](CCC)(CCCC)CCCCC,tetraphosphonium ,-969.9385566,0.381146,0.459295,688.1801360000001,-0.40163,-0.11516,2.4462,-969.5574106,-969.4792616,7.791984,Gaussian,QC,"opt+freq: b3lyp/6-311G** em=gd3bj
energy: M062X/6-311G+(2d, p) em=gd3"
1232,c-c19+c-b28+c-b45+c-b81,C=CCCC[P+](CCCC)(CCCC)CC(=O)O,tetraphosphonium ,-1081.1395839,0.362403,0.442135,702.1212240000001,-0.3684,-0.15014,3.2632,-1080.7771809,-1080.6974489,5.936672,Gaussian,QC,"opt+freq: b3lyp/6-311G** em=gd3bj
energy: M062X/6-311G+(2d, p) em=gd3"
1233,c-c19+c-b4+c-b8+c-b81,CC#CCC[P+](CCCC)(CCCC)CCCO,tetraphosphonium ,-1045.1656865,0.383512,0.465489,721.890624,-0.38508,-0.11437,2.1559,-1044.7821745,-1044.7001975,7.363312,Gaussian,QC,"opt+freq: b3lyp/6-311G** em=gd3bj
energy: M062X/6-311G+(2d, p) em=gd3"
1234,c-c19+c-b7+c-b10+c-b30,CCCCC[P+](CCC)(CCCC)CCCC(C)CC,tetraphosphonium ,-1090.3249489,0.502689,0.592367,789.7090800000001,-0.41511,-0.11095,4.1849,-1089.8222599,-1089.7325819,8.273152,Gaussian,QC,"opt+freq: b3lyp/6-311G** em=gd3bj
energy: M062X/6-311G+(2d, p) em=gd3"
1235,c-c19+c-b4+c-b6+c-b10,CCCC[P+](CCC)(CCCN)CCCO,tetraphosphonium ,-985.063954,0.370506,0.443966,646.8798720000001,-0.3683,-0.1112,2.3825,-984.693448,-984.6199879999999,6.993119999999999,Gaussian,QC,"opt+freq: b3lyp/6-311G** em=gd3bj
energy: M062X/6-311G+(2d, p) em=gd3"
1236,c-c19+c-b72+c-b73+c-b81,CCCC[P+](CCCC)(CCC(C)C)CCC(C)CC,tetraphosphonium ,-1090.32596,0.501403,0.591589,794.1734080000001,-0.42672,-0.10919,2.7869,-1089.824557,-1089.734371,8.636816,Gaussian,QC,"opt+freq: b3lyp/6-311G** em=gd3bj
energy: M062X/6-311G+(2d, p) em=gd3"
1237,c-c19+c-b28+c-b37+c-b43,C=CCCC[P+](CCC#N)(CCCC)CCC(C)O,tetraphosphonium ,-1099.326915,0.378791,0.459702,712.4975440000001,-0.37241,-0.12992,6.1146,-1098.948124,-1098.867213,6.595728,Gaussian,QC,"opt+freq: b3lyp/6-311G** em=gd3bj
energy: M062X/6-311G+(2d, p) em=gd3"
1238,c-c19+c-b28+c-b45+c-b80,C=CCCC[P+](CCCC)(CC(=O)O)CC(C)C,tetraphosphonium ,-1081.1396553,0.362952,0.441759,693.9707920000001,-0.36928,-0.15492,3.0693,-1080.7767033,-1080.6978963,5.830591999999999,Gaussian,QC,"opt+freq: b3lyp/6-311G** em=gd3bj
energy: M062X/6-311G+(2d, p) em=gd3"
1239,c-c19+c-b16+c-b58+c-b81,CCCC[P+](CCCC)(CCCCC#N)CCC(=O)O,tetraphosphonium ,-1174.6209305,0.383425,0.466888,734.978176,-0.41748,-0.13418,5.481,-1174.2375055,-1174.1540425,7.70576,Gaussian,QC,"opt+freq: b3lyp/6-311G** em=gd3bj
energy: M062X/6-311G+(2d, p) em=gd3"
1240,c-c19+c-b10+c-b60+c-b77,C=CCC[P+](CCC)(CCCC)CCC(F)(F)F,tetraphosphonium ,-1190.3181169,0.327864,0.404466,674.557032,-0.38706,-0.12651,5.9752,-1189.9902529,-1189.9136509,7.086959999999999,Gaussian,QC,"opt+freq: b3lyp/6-311G** em=gd3bj
energy: M062X/6-311G+(2d, p) em=gd3"
1241,c-c19+c-b40+c-b60+c-b71,C=CCC[P+](CCCC)(CCCCCCC)CN(C)C,tetraphosphonium ,-1105.116637,0.468824,0.557684,782.4916800000001,-0.35302,-0.12149,4.5705,-1104.647813,-1104.558953,6.297616000000001,Gaussian,QC,"opt+freq: b3lyp/6-311G** em=gd3bj
energy: M062X/6-311G+(2d, p) em=gd3"
1242,c-c19+c-b39+c-b43+c-b65,CCC#CCC[P+](CCC#N)(CCCC)CCOC,tetraphosphonium ,-1098.0846863,0.352644,0.437051,743.279232,-0.37371,-0.12573,4.0938,-1097.7320423,-1097.6476353,6.745055999999999,Gaussian,QC,"opt+freq: b3lyp/6-311G** em=gd3bj
energy: M062X/6-311G+(2d, p) em=gd3"
1243,c-c19+c-b10+c-b31+c-b81,CCCC[P+](CCC)(CCCC)CCCC(F)(F)F,tetraphosphonium ,-1230.8568483,0.377126,0.457011,703.460104,-0.45038,-0.12168,7.4185,-1230.4797223,-1230.3998373,8.94064,Gaussian,QC,"opt+freq: b3lyp/6-311G** em=gd3bj
energy: M062X/6-311G+(2d, p) em=gd3"
1244,c-c19+c-b11+c-b30+c-b47,CCCCC[P+](CCCC)(CC(C)(C)C)CC(F)(F)F,tetraphosphonium ,-1270.1516392,0.400117,0.484188,740.3295120000001,-0.43197,-0.13225,4.4993,-1269.7515222,-1269.6674512,8.152384,Gaussian,QC,"opt+freq: b3lyp/6-311G** em=gd3bj
energy: M062X/6-311G+(2d, p) em=gd3"
1245,c-c19+c-b4+c-b38+c-b65,C#CCC[P+](CCC#CCC)(CCCC)CCCO,tetraphosphonium ,-1081.995954,0.361259,0.447911,763.057,-0.35465,-0.11468,4.0719,-1081.634695,-1081.548043,6.527184,Gaussian,QC,"opt+freq: b3lyp/6-311G** em=gd3bj
energy: M062X/6-311G+(2d, p) em=gd3"
1246,c-c19+c-b38+c-b39+c-b47,C#CCC[P+](CCCC)(CCOC)CC(C)(C)C,tetraphosphonium ,-1045.1361813,0.38353,0.463567,704.803168,-0.39323,-0.12196,2.4666,-1044.7526513,-1044.6726143,7.378544,Gaussian,QC,"opt+freq: b3lyp/6-311G** em=gd3bj
energy: M062X/6-311G+(2d, p) em=gd3"
1247,c-c133+c-b38+c-b39,C#CCc1cc[n+](CCCOC)cc1,pyridinium,-596.4964838,0.206351,0.264975,516.238656,-0.39036,-0.22695,2.7547,-596.2901327999999,-596.2315087999999,4.444751999999999,Gaussian,QC,"opt+freq: b3lyp/6-311G** em=gd3bj
energy: M062X/6-311G+(2d, p) em=gd3"
1248,c-c133+c-b35+c-b38,C#CCc1cc[n+](CCC(C)CC)cc1,pyridinium,-599.8981557,0.253211,0.316486,557.195832,-0.39699,-0.23025,3.6831,-599.6449447,-599.5816696999999,4.535328,Gaussian,QC,"opt+freq: b3lyp/6-311G** em=gd3bj
energy: M062X/6-311G+(2d, p) em=gd3"
1249,c-c111+c-b22+c-b43,N#CCc1c(-c2ccc(Cl)cc2)ccc2cccc[n+]12,pyridinium,-1224.3930498,0.193678,0.256032,549.0872400000001,-0.36456,-0.23371,11.2761,-1224.1993718,-1224.1370178,3.55912,Gaussian,QC,"opt+freq: b3lyp/6-311G** em=gd3bj
energy: M062X/6-311G+(2d, p) em=gd3"
1250,c-c133+c-b39+c-b71,CCCCCCCC[n+]1ccc(COC)cc1,pyridinium,-716.8779673,0.32793,0.398456,621.047856,-0.3976,-0.22808,5.6752,-716.5500373,-716.4795113,4.610944,Gaussian,QC,"opt+freq: b3lyp/6-311G** em=gd3bj
energy: M062X/6-311G+(2d, p) em=gd3"
1251,c-c87+c-b17,CCCCCCCCCC(=O)CC[n+]1ccc(C)cc1,pyridinium,-833.617844,0.382642,0.461834,697.359832,-0.38196,-0.22475,10.0349,-833.235202,-833.15601,4.276112,Gaussian,QC,"opt+freq: b3lyp/6-311G** em=gd3bj
energy: M062X/6-311G+(2d, p) em=gd3"
1252,c-c133+c-b36+c-b65,CCC#CCc1cc[n+](CCc2ccccc2)cc1,pyridinium,-752.3213124,0.273976,0.343282,610.303344,-0.36719,-0.22216,5.603,-752.0473364000001,-751.9780304,3.944816,Gaussian,QC,"opt+freq: b3lyp/6-311G** em=gd3bj
energy: M062X/6-311G+(2d, p) em=gd3"
1253,c-c25+c-b48,Cc1cccc(CCC[n+]2ccccc2C)c1,pyridinium,-676.1821125,0.268457,0.331191,552.430256,-0.35272,-0.22325,6.6107,-675.9136555,-675.8509215,3.521583999999999,Gaussian,QC,"opt+freq: b3lyp/6-311G** em=gd3bj
energy: M062X/6-311G+(2d, p) em=gd3"
1254,c-c133+c-b31+c-b76,COc1cc[n+](CCCCC(F)(F)F)cc1,pyridinium,-857.4263722,0.200946,0.262988,546.334168,-0.42835,-0.21972,9.6137,-857.2254261999999,-857.1633842,5.674736,Gaussian,QC,"opt+freq: b3lyp/6-311G** em=gd3bj
energy: M062X/6-311G+(2d, p) em=gd3"
1255,c-c111+c-b24+c-b74,CC(=O)c1c(-c2ccccc2C)ccc2cccc[n+]12,pyridinium,-825.1892749,0.238023,0.302296,565.9864160000001,-0.36419,-0.22711,6.3269,-824.9512519,-824.8869789,3.728576,Gaussian,QC,"opt+freq: b3lyp/6-311G** em=gd3bj
energy: M062X/6-311G+(2d, p) em=gd3"
1256,c-c133+c-b76+c-b83,CCCCCCc1cc[n+](CCOC)cc1,pyridinium,-677.5801426,0.301782,0.369716,598.224136,-0.39656,-0.22051,7.2765,-677.2783606,-677.2104266,4.78856,Gaussian,QC,"opt+freq: b3lyp/6-311G** em=gd3bj
energy: M062X/6-311G+(2d, p) em=gd3"
1257,c-c87+c-b35,CCC(C)CC[n+]1ccc(C)cc1,pyridinium,-523.7648755,0.246393,0.305393,519.5482,-0.43491,-0.22941,5.3087,-523.5184825,-523.4594825,5.5896,Gaussian,QC,"opt+freq: b3lyp/6-311G** em=gd3bj
energy: M062X/6-311G+(2d, p) em=gd3"
1258,c-c108+c-b13+c-b55,N#CCCCCC[n+]1ccc(-c2cscn2)cc1,pyridinium,-1105.2341929,0.221738,0.288264,585.831128,-0.38587,-0.23606,6.6305,-1105.0124549,-1104.9459289,4.074832,Gaussian,QC,"opt+freq: b3lyp/6-311G** em=gd3bj
energy: M062X/6-311G+(2d, p) em=gd3"
1259,c-c133+c-b3+c-b36,c1ccc(-c2cc[n+](CCC3CCCC3)cc2)cc1,pyridinium,-753.5852016,0.302923,0.367927,572.421408,-0.37563,-0.22581,3.8254,-753.2822786,-753.2172746,4.075104000000001,Gaussian,QC,"opt+freq: b3lyp/6-311G** em=gd3bj
energy: M062X/6-311G+(2d, p) em=gd3"
1260,c-c103+c-b73,CC(C)CCCC[n+]1ccccc1,pyridinium,-523.7550248,0.249307,0.306131,500.393848,-0.42148,-0.24081,8.2097,-523.5057178,-523.4488938,4.914224000000001,Gaussian,QC,"opt+freq: b3lyp/6-311G** em=gd3bj
energy: M062X/6-311G+(2d, p) em=gd3"
1261,c-c133+c-b12+c-b43,CC(C)(C)C(=O)c1cc[n+](CCCC#N)cc1,pyridinium,-729.3119822,0.250574,0.316952,584.5215360000001,-0.39531,-0.25602,6.2433,-729.0614082,-728.9950302,3.788687999999999,Gaussian,QC,"opt+freq: b3lyp/6-311G** em=gd3bj
energy: M062X/6-311G+(2d, p) em=gd3"
1262,c-c88+c-b65,CCC#CCCCC[n+]1ccc(C)cc1,pyridinium,-599.9103607,0.250691,0.31773,590.34148,-0.35377,-0.22823,8.4018,-599.6596697,-599.5926307,3.414688,Gaussian,QC,"opt+freq: b3lyp/6-311G** em=gd3bj
energy: M062X/6-311G+(2d, p) em=gd3"
1263,c-c111+c-b16+c-b43,N#CCCCc1c(CC#N)ccc2cccc[n+]12,pyridinium,-743.9238384,0.20747,0.268846,540.476568,-0.40236,-0.23264,6.5643,-743.7163684000001,-743.6549924,4.616383999999999,Gaussian,QC,"opt+freq: b3lyp/6-311G** em=gd3bj
energy: M062X/6-311G+(2d, p) em=gd3"
1264,c-c40+c-b78,CCCCCC(=O)C[n+]1cccc(C)c1,pyridinium,-637.0796749,0.252013,0.316455,567.47592,-0.40073,-0.23371,8.1813,-636.8276619,-636.7632199,4.542943999999999,Gaussian,QC,"opt+freq: b3lyp/6-311G** em=gd3bj
energy: M062X/6-311G+(2d, p) em=gd3"
1265,c-c40+c-b35,CCC(C)C(=O)C[n+]1cccc(C)c1,pyridinium,-597.7755346,0.226427,0.287453,537.39296,-0.39696,-0.23181,5.5326,-597.5491076000001,-597.4880816,4.49208,Gaussian,QC,"opt+freq: b3lyp/6-311G** em=gd3bj
energy: M062X/6-311G+(2d, p) em=gd3"
1266,c-c108+c-b24+c-b74,CC(=O)c1cc[n+](CCCc2ccccc2C)cc1,pyridinium,-789.495874,0.275318,0.342069,587.8101600000001,-0.36285,-0.24974,3.6421,-789.220556,-789.1538049999999,3.076592,Gaussian,QC,"opt+freq: b3lyp/6-311G** em=gd3bj
energy: M062X/6-311G+(2d, p) em=gd3"
1267,c-c108+c-b16+c-b73,CC(C)Cc1cc[n+](CCCCCCC#N)cc1,pyridinium,-733.9189823,0.320779,0.393459,640.018112,-0.41168,-0.22797,9.1146,-733.5982033,-733.5255233,4.996911999999999,Gaussian,QC,"opt+freq: b3lyp/6-311G** em=gd3bj
energy: M062X/6-311G+(2d, p) em=gd3"
1268,c-c133+c-b67+c-b76,COc1cc[n+](CCc2ccc(C)c(F)c2)cc1,pyridinium,-811.3359195,0.236085,0.300716,569.1369679999999,-0.35624,-0.20977,6.3154,-811.0998345,-811.0352035000001,3.983984,Gaussian,QC,"opt+freq: b3lyp/6-311G** em=gd3bj
energy: M062X/6-311G+(2d, p) em=gd3"
1269,c-c77+c-b75,Cc1cccc[n+]1CCc1c(Cl)cccc1Cl,pyridinium,-1516.7760729,0.19751,0.257919,531.966312,-0.37249,-0.22864,6.7664,-1516.5785629,-1516.5181539,3.912719999999999,Gaussian,QC,"opt+freq: b3lyp/6-311G** em=gd3bj
energy: M062X/6-311G+(2d, p) em=gd3"
1270,c-c108+c-b45+c-b55,O=C(O)c1cc[n+](CCCc2cscn2)cc1,pyridinium,-1122.9352251,0.184362,0.246789,549.727392,-0.36979,-0.25803,6.9886,-1122.7508631,-1122.6884361,3.039872000000001,Gaussian,QC,"opt+freq: b3lyp/6-311G** em=gd3bj
energy: M062X/6-311G+(2d, p) em=gd3"
1271,c-c133+c-b16+c-b74,CC(=O)c1cc[n+](CCCCCC#N)cc1,pyridinium,-690.0049313,0.224462,0.288871,567.18304,-0.41037,-0.26397,7.0813,-689.7804692999999,-689.7160603,3.982080000000001,Gaussian,QC,"opt+freq: b3lyp/6-311G** em=gd3bj
energy: M062X/6-311G+(2d, p) em=gd3"
1272,c-c133+c-b38+c-b61,C#CCCC[n+]1ccc(CCCCCCCC)cc1,pyridinium,-757.1236123,0.357989,0.433451,664.515432,-0.39316,-0.22328,9.0111,-756.7656233,-756.6901613,4.620736,Gaussian,QC,"opt+freq: b3lyp/6-311G** em=gd3bj
energy: M062X/6-311G+(2d, p) em=gd3"
1273,c-c108+c-b58+c-b78,CCCCCc1cc[n+](CCCCC(=O)O)cc1,pyridinium,-790.9487841,0.308821,0.381819,642.813024,-0.38435,-0.22574,4.2205,-790.6399631,-790.5669651000001,4.314192,Gaussian,QC,"opt+freq: b3lyp/6-311G** em=gd3bj
energy: M062X/6-311G+(2d, p) em=gd3"
1274,c-c99+c-b16,Cc1cc[n+](CC(=O)CCCC#N)cc1,pyridinium,-650.7127218,0.199077,0.259631,533.22988,-0.40129,-0.23336,6.0016,-650.5136448000001,-650.4530908,4.567695999999999,Gaussian,QC,"opt+freq: b3lyp/6-311G** em=gd3bj
energy: M062X/6-311G+(2d, p) em=gd3"
1275,c-c28+c-b13,Cc1ccc[n+](CCCCCC#N)c1,pyridinium,-576.6905445,0.218232,0.278001,526.330464,-0.42316,-0.24132,10.095,-576.4723125,-576.4125435,4.946047999999999,Gaussian,QC,"opt+freq: b3lyp/6-311G** em=gd3bj
energy: M062X/6-311G+(2d, p) em=gd3"
1276,c-c108+c-b51+c-b74,CC(=O)CCC[n+]1ccc(C2CCCCC2)cc1,pyridinium,-753.8188381,0.315631,0.382741,590.9732640000001,-0.37641,-0.21494,4.8128,-753.5032070999999,-753.4360971,4.391984000000001,Gaussian,QC,"opt+freq: b3lyp/6-311G** em=gd3bj
energy: M062X/6-311G+(2d, p) em=gd3"
1277,c-c108+c-b40+c-b43,CN(C)c1cc[n+](CCCCC#N)cc1,pyridinium,-632.0474405,0.233243,0.296178,554.2042720000001,-0.38369,-0.20004,8.7025,-631.8141975,-631.7512624999999,4.995279999999999,Gaussian,QC,"opt+freq: b3lyp/6-311G** em=gd3bj
energy: M062X/6-311G+(2d, p) em=gd3"
1278,c-c133+c-b9+c-b68,CC(C)CCCCC[n+]1ccc(C(C)F)cc1,pyridinium,-740.9201079,0.316403,0.385581,609.177848,-0.4068,-0.23343,5.2527,-740.6037048999999,-740.5345269,4.715663999999999,Gaussian,QC,"opt+freq: b3lyp/6-311G** em=gd3bj
energy: M062X/6-311G+(2d, p) em=gd3"
1279,c-c111+c-b29+c-b43,CC(C)c1ccc2cccc[n+]2c1CC#N,pyridinium,-651.6853088,0.2096,0.267388,508.879,-0.40555,-0.23246,5.623,-651.4757088,-651.4179208,4.708048000000001,Gaussian,QC,"opt+freq: b3lyp/6-311G** em=gd3bj
energy: M062X/6-311G+(2d, p) em=gd3"
1280,c-c133+c-b27+c-b47,CC(C#N)CC[n+]1ccc(C(C)(C)C)cc1,pyridinium,-655.3021226,0.26972,0.334458,570.0741840000001,-0.4337,-0.23526,6.6371,-655.0324026,-654.9676645999999,5.397567999999999,Gaussian,QC,"opt+freq: b3lyp/6-311G** em=gd3bj
energy: M062X/6-311G+(2d, p) em=gd3"
1281,c-c99+c-b39,COCC(=O)C[n+]1ccc(C)cc1,pyridinium,-594.3623467,0.177819,0.235373,506.816288,-0.39016,-0.23474,4.061,-594.1845277,-594.1269737,4.227424,Gaussian,QC,"opt+freq: b3lyp/6-311G** em=gd3bj
energy: M062X/6-311G+(2d, p) em=gd3"
1282,c-c103+c-b78,CCCCCCCC[n+]1ccccc1,pyridinium,-563.0573977,0.275776,0.335749,528.121216,-0.40611,-0.24036,10.3561,-562.7816217000001,-562.7216487000001,4.508400000000001,Gaussian,QC,"opt+freq: b3lyp/6-311G** em=gd3bj
energy: M062X/6-311G+(2d, p) em=gd3"
1283,c-c108+c-b28+c-b74,C=CCCc1cc[n+](CCCC(C)=O)cc1,pyridinium,-675.1703245,0.257626,0.322776,573.7100800000001,-0.3687,-0.21947,4.3791,-674.9126985,-674.8475485,4.059056000000001,Gaussian,QC,"opt+freq: b3lyp/6-311G** em=gd3bj
energy: M062X/6-311G+(2d, p) em=gd3"
1284,c-c133+c-b8+c-b65,CC#CCc1cc[n+](CCCC#CCC)cc1,pyridinium,-676.0514977,0.254341,0.328865,656.2604,-0.34869,-0.22744,5.6616,-675.7971567000001,-675.7226327000001,3.298,Gaussian,QC,"opt+freq: b3lyp/6-311G** em=gd3bj
energy: M062X/6-311G+(2d, p) em=gd3"
1285,c-c108+c-b31+c-b78,CCCCCCCC[n+]1ccc(CCC(F)(F)F)cc1,pyridinium,-978.7384202,0.32479,0.401878,678.8414480000001,-0.40277,-0.23005,8.1792,-978.4136302,-978.3365421999999,4.697984,Gaussian,QC,"opt+freq: b3lyp/6-311G** em=gd3bj
energy: M062X/6-311G+(2d, p) em=gd3"
1286,c-c108+c-b27+c-b47,CC(C#N)c1cc[n+](CCCC(C)(C)C)cc1,pyridinium,-694.6027146,0.295149,0.363029,597.7513440000001,-0.42869,-0.24038,2.3654,-694.3075656,-694.2396856,5.122032,Gaussian,QC,"opt+freq: b3lyp/6-311G** em=gd3bj
energy: M062X/6-311G+(2d, p) em=gd3"
1287,c-c133+c-b4+c-b61,CCCCCCCCc1cc[n+](CCCCO)cc1,pyridinium,-795.5074766,0.379769,0.457195,681.812088,-0.38861,-0.22131,7.7689,-795.1277076,-795.0502816000001,4.55056,Gaussian,QC,"opt+freq: b3lyp/6-311G** em=gd3bj
energy: M062X/6-311G+(2d, p) em=gd3"
1288,c-c108+c-b16+c-b18,CCC(=O)CCC[n+]1ccc(CCCC#N)cc1,pyridinium,-768.6382185,0.277793,0.347518,613.9978160000001,-0.37562,-0.22403,1.807,-768.3604255,-768.2907005,4.123248,Gaussian,QC,"opt+freq: b3lyp/6-311G** em=gd3bj
energy: M062X/6-311G+(2d, p) em=gd3"
1289,c-c108+c-b6+c-b13,N#CCCCCC[n+]1ccc(CCN)cc1,pyridinium,-671.34905,0.259733,0.325767,581.488136,-0.37014,-0.22461,8.804,-671.089317,-671.023283,3.958416000000001,Gaussian,QC,"opt+freq: b3lyp/6-311G** em=gd3bj
energy: M062X/6-311G+(2d, p) em=gd3"
1290,c-c108+c-b4+c-b35,CCC(C)c1cc[n+](CCCCCO)cc1,pyridinium,-677.5946411,0.301546,0.369786,600.922816,-0.37228,-0.2208,2.8419,-677.2930951,-677.2248551,4.120256,Gaussian,QC,"opt+freq: b3lyp/6-311G** em=gd3bj
energy: M062X/6-311G+(2d, p) em=gd3"
1291,c-c111+c-b29+c-b48,Cc1cccc(-c2c(C(C)C)ccc3cccc[n+]23)c1,pyridinium,-790.4881053,0.28276,0.34928,585.776736,-0.36623,-0.21259,4.958,-790.2053453,-790.1388253,4.179008,Gaussian,QC,"opt+freq: b3lyp/6-311G** em=gd3bj
energy: M062X/6-311G+(2d, p) em=gd3"
1292,c-c133+c-b11+c-b65,CCC#CCc1cc[n+](CCC(F)(F)F)cc1,pyridinium,-858.3522895,0.200255,0.268277,599.006544,-0.37187,-0.23342,4.8584,-858.1520345,-858.0840125,3.765839999999999,Gaussian,QC,"opt+freq: b3lyp/6-311G** em=gd3bj
energy: M062X/6-311G+(2d, p) em=gd3"
1293,c-c108+c-b30+c-b78,CCCCCCC[n+]1ccc(CCCCC)cc1,pyridinium,-720.2888846,0.376067,0.451028,660.101312,-0.41344,-0.22291,4.5616,-719.9128175999999,-719.8378566,5.182415999999999,Gaussian,QC,"opt+freq: b3lyp/6-311G** em=gd3bj
energy: M062X/6-311G+(2d, p) em=gd3"
1294,c-c133+c-b18+c-b65,CCC#CCCC[n+]1ccc(C(=O)CC)cc1,pyridinium,-713.2260708,0.258631,0.329042,620.035328,-0.3757,-0.2525,2.5542,-712.9674398,-712.8970288,3.351039999999999,Gaussian,QC,"opt+freq: b3lyp/6-311G** em=gd3bj
energy: M062X/6-311G+(2d, p) em=gd3"
1295,c-c77+c-b39,COCCC[n+]1ccccc1C,pyridinium,-520.3625169,0.201721,0.254078,461.051696,-0.39198,-0.22882,3.1968,-520.1607958999999,-520.1084388999999,4.437952,Gaussian,QC,"opt+freq: b3lyp/6-311G** em=gd3bj
energy: M062X/6-311G+(2d, p) em=gd3"
1296,c-c65+c-b55,C[n+]1cccc(-c2cscn2)c1,pyridinium,-855.7697607,0.122212,0.171547,434.44564,-0.38117,-0.23648,6.3592,-855.6475487,-855.5982137,3.935568,Gaussian,QC,"opt+freq: b3lyp/6-311G** em=gd3bj
energy: M062X/6-311G+(2d, p) em=gd3"
1297,c-c108+c-b8+c-b13,CC#CCCCC[n+]1ccc(CCC#N)cc1,pyridinium,-692.146454,0.247998,0.318666,622.3030560000001,-0.35596,-0.23349,6.4224,-691.8984559999999,-691.8277879999999,3.331184,Gaussian,QC,"opt+freq: b3lyp/6-311G** em=gd3bj
energy: M062X/6-311G+(2d, p) em=gd3"
1298,c-c111+c-b9+c-b22,CC(F)c1ccc2cccc[n+]2c1-c1ccc(Cl)cc1,pyridinium,-1270.7150344,0.213224,0.277276,564.036672,-0.37544,-0.22402,8.2437,-1270.5018104,-1270.4377584,4.118624,Gaussian,QC,"opt+freq: b3lyp/6-311G** em=gd3bj
energy: M062X/6-311G+(2d, p) em=gd3"
1299,c-c28+c-b43,Cc1ccc[n+](CCCCC#N)c1,pyridinium,-537.3841013,0.192411,0.249031,498.598912,-0.4403,-0.24405,7.8727,-537.1916903,-537.1350703,5.338000000000001,Gaussian,QC,"opt+freq: b3lyp/6-311G** em=gd3bj
energy: M062X/6-311G+(2d, p) em=gd3"
1300,c-c18+c-b86,Clc1ccc(C[n+]2ccccc2)c(Cl)c1,pyridinium,-1438.1451619,0.14459,0.200099,488.808352,-0.37855,-0.24062,10.2854,-1438.0005719,-1437.9450629,3.751696,Gaussian,QC,"opt+freq: b3lyp/6-311G** em=gd3bj
energy: M062X/6-311G+(2d, p) em=gd3"
1301,c-c108+c-b58+c-b81,CCCc1cc[n+](CCCCC(=O)O)cc1,pyridinium,-712.3393305,0.257935,0.323878,580.6889920000001,-0.3847,-0.2276,4.841,-712.0813955,-712.0154524999999,4.27312,Gaussian,QC,"opt+freq: b3lyp/6-311G** em=gd3bj
energy: M062X/6-311G+(2d, p) em=gd3"
1302,c-c3+c-b44,Cc1ccc[n+](CCCCC(C)C)c1,pyridinium,-563.0680533,0.273079,0.334416,540.13348,-0.41895,-0.23389,7.3782,-562.7949742999999,-562.7336372999999,5.033632,Gaussian,QC,"opt+freq: b3lyp/6-311G** em=gd3bj
energy: M062X/6-311G+(2d, p) em=gd3"
1303,c-c133+c-b21+c-b39,CCCCCCCCCCC[n+]1ccc(COC)cc1,pyridinium,-834.7917372,0.405196,0.485427,706.514424,-0.37835,-0.22753,11.3293,-834.3865411999999,-834.3063102,4.102304,Gaussian,QC,"opt+freq: b3lyp/6-311G** em=gd3bj
energy: M062X/6-311G+(2d, p) em=gd3"
1304,c-c18+c-b18,CCC(=O)C[n+]1ccccc1,pyridinium,-479.8504124,0.152134,0.201554,435.186208,-0.41096,-0.24176,4.2793,-479.6982784,-479.6488584,4.602239999999999,Gaussian,QC,"opt+freq: b3lyp/6-311G** em=gd3bj
energy: M062X/6-311G+(2d, p) em=gd3"
1305,c-c108+c-b4+c-b27,CC(C#N)CCC[n+]1ccc(CCO)cc1,pyridinium,-691.228922,0.24916,0.313026,562.4049120000001,-0.39576,-0.21878,5.5257,-690.979762,-690.915896,4.813855999999999,Gaussian,QC,"opt+freq: b3lyp/6-311G** em=gd3bj
energy: M062X/6-311G+(2d, p) em=gd3"
1306,c-c99+c-b35,CCC(C)C(=O)C[n+]1ccc(C)cc1,pyridinium,-597.777894,0.225898,0.287391,541.505832,-0.39592,-0.22681,5.6919,-597.5519959999999,-597.490503,4.599791999999999,Gaussian,QC,"opt+freq: b3lyp/6-311G** em=gd3bj
energy: M062X/6-311G+(2d, p) em=gd3"
1307,c-c133+c-b29+c-b76,COc1cc[n+](CCC(C)C)cc1,pyridinium,-559.6740942,0.226011,0.282357,496.176376,-0.42259,-0.21415,3.3833,-559.4480832,-559.3917372,5.669568,Gaussian,QC,"opt+freq: b3lyp/6-311G** em=gd3bj
energy: M062X/6-311G+(2d, p) em=gd3"
1308,c-c133+c-b30+c-b58,CCCCCC[n+]1ccc(CC(=O)O)cc1,pyridinium,-712.3341348,0.258522,0.32378,574.65148,-0.41223,-0.22986,3.9587,-712.0756128,-712.0103548,4.960463999999999,Gaussian,QC,"opt+freq: b3lyp/6-311G** em=gd3bj
energy: M062X/6-311G+(2d, p) em=gd3"
1309,c-c133+c-b30+c-b75,CCCCc1cc[n+](CCc2c(Cl)cccc2Cl)cc1,pyridinium,-1634.6938271,0.274098,0.344731,621.99344,-0.37108,-0.22174,5.2524,-1634.4197291,-1634.3490961,4.062048000000001,Gaussian,QC,"opt+freq: b3lyp/6-311G** em=gd3bj
energy: M062X/6-311G+(2d, p) em=gd3"
1310,c-c88+c-b46,Cc1ccc(CCC[n+]2ccc(C)cc2)cc1,pyridinium,-676.1837729,0.265871,0.330893,572.5804,-0.34764,-0.22156,6.9361,-675.9179019000001,-675.8528799000001,3.429376,Gaussian,QC,"opt+freq: b3lyp/6-311G** em=gd3bj
energy: M062X/6-311G+(2d, p) em=gd3"
1311,c-c108+c-b46+c-b58,Cc1ccc(-c2cc[n+](CCCCC(=O)O)cc2)cc1,pyridinium,-864.7576328,0.276381,0.34879,637.629048,-0.36383,-0.22388,3.0859,-864.4812518,-864.4088428,3.80664,Gaussian,QC,"opt+freq: b3lyp/6-311G** em=gd3bj
energy: M062X/6-311G+(2d, p) em=gd3"
1312,c-c88+c-b48,Cc1cc[n+](CCCc2cccc(C)c2)cc1,pyridinium,-676.1839607,0.266672,0.330941,565.952944,-0.35472,-0.22145,6.4049,-675.9172887,-675.8530196999999,3.624943999999999,Gaussian,QC,"opt+freq: b3lyp/6-311G** em=gd3bj
energy: M062X/6-311G+(2d, p) em=gd3"
1313,c-c3+c-b20,Cc1ccc[n+](CCc2ccc(Cl)c(Cl)c2)c1,pyridinium,-1516.7633587,0.194126,0.257382,557.0242880000001,-0.36093,-0.2362,12.4143,-1516.5692327,-1516.5059767,3.392655999999999,Gaussian,QC,"opt+freq: b3lyp/6-311G** em=gd3bj
energy: M062X/6-311G+(2d, p) em=gd3"
1314,c-c108+c-b30+c-b47,CCCCCCC[n+]1ccc(C(C)(C)C)cc1,pyridinium,-680.9872723,0.350964,0.420923,616.0563440000001,-0.4131,-0.22198,4.5064,-680.6363083,-680.5663493,5.198464,Gaussian,QC,"opt+freq: b3lyp/6-311G** em=gd3bj
energy: M062X/6-311G+(2d, p) em=gd3"
1315,c-c111+c-b40+c-b58,CN(C)c1c(CC(=O)O)ccc2cccc[n+]12,pyridinium,-764.0637479,0.211716,0.272591,536.058264,-0.36819,-0.21741,4.2101,-763.8520318999999,-763.7911568999999,4.101216000000001,Gaussian,QC,"opt+freq: b3lyp/6-311G** em=gd3bj
energy: M062X/6-311G+(2d, p) em=gd3"
1316,c-c133+c-b6+c-b84,CCCCCCCCCCC[n+]1ccc(CCN)cc1,pyridinium,-814.9422081,0.417978,0.498731,711.108456,-0.36555,-0.21657,13.7395,-814.5242301000001,-814.4434771,4.052255999999999,Gaussian,QC,"opt+freq: b3lyp/6-311G** em=gd3bj
energy: M062X/6-311G+(2d, p) em=gd3"
1317,c-c111+c-b46+c-b74,CC(=O)c1ccc2cccc[n+]2c1-c1ccc(C)cc1,pyridinium,-825.1944971,0.236661,0.302338,578.35432,-0.376,-0.22576,6.5052,-824.9578361,-824.8921591000001,4.086528,Gaussian,QC,"opt+freq: b3lyp/6-311G** em=gd3bj
energy: M062X/6-311G+(2d, p) em=gd3"
1318,c-c133+c-b31+c-b81,CCCCC[n+]1ccc(CCC(F)(F)F)cc1,pyridinium,-860.8240137,0.247796,0.314936,591.228488,-0.44265,-0.23158,6.451,-860.5762177,-860.5090777,5.741103999999999,Gaussian,QC,"opt+freq: b3lyp/6-311G** em=gd3bj
energy: M062X/6-311G+(2d, p) em=gd3"
1319,c-c111+c-b4+c-b73,CC(C)Cc1ccc2cccc[n+]2c1CCO,pyridinium,-713.2964939,0.269145,0.330744,542.4346800000001,-0.38058,-0.21138,3.4437,-713.0273489,-712.9657499,4.602239999999999,Gaussian,QC,"opt+freq: b3lyp/6-311G** em=gd3bj
energy: M062X/6-311G+(2d, p) em=gd3"
1320,c-c145+c-b15,CCCCCCCCCCCCOC[n+]1ccccc1,pyridinium,-834.7858007,0.405237,0.485873,710.075008,-0.36838,-0.23735,18.8689,-834.3805636999999,-834.2999277,3.564015999999999,Gaussian,QC,"opt+freq: b3lyp/6-311G** em=gd3bj
energy: M062X/6-311G+(2d, p) em=gd3"
1321,c-c108+c-b38+c-b82,C#CCCCC[n+]1ccc(CCCCC(C)C)cc1,pyridinium,-757.1235912,0.356241,0.432788,674.075872,-0.37612,-0.22457,5.5213,-756.7673502,-756.6908032,4.12216,Gaussian,QC,"opt+freq: b3lyp/6-311G** em=gd3bj
energy: M062X/6-311G+(2d, p) em=gd3"
1322,c-c88+c-b61,CCCCCCCCCCC[n+]1ccc(C)cc1,pyridinium,-720.2864249,0.375882,0.450965,661.1766,-0.37819,-0.22783,15.4555,-719.9105429,-719.8354599,4.089792,Gaussian,QC,"opt+freq: b3lyp/6-311G** em=gd3bj
energy: M062X/6-311G+(2d, p) em=gd3"
1323,c-c145+c-b22,Clc1ccc(OC[n+]2ccccc2)cc1,pyridinium,-1053.7485877,0.158012,0.213174,485.7582160000001,-0.35308,-0.2466,12.1138,-1053.5905757,-1053.5354137,2.896256,Gaussian,QC,"opt+freq: b3lyp/6-311G** em=gd3bj
energy: M062X/6-311G+(2d, p) em=gd3"
1324,c-c133+c-b9+c-b81,CCCc1cc[n+](CCC(C)F)cc1,pyridinium,-623.005057,0.238931,0.299289,531.506072,-0.44536,-0.23383,3.6513,-622.766126,-622.7057679999999,5.753615999999999,Gaussian,QC,"opt+freq: b3lyp/6-311G** em=gd3bj
energy: M062X/6-311G+(2d, p) em=gd3"
1325,c-c100+c-b69,CCCCCCCCCCc1cc[n+](C)cc1,pyridinium,-680.9753291,0.350128,0.422253,635.1312,-0.37857,-0.23118,17.369,-680.6252010999999,-680.5530761,4.009008000000001,Gaussian,QC,"opt+freq: b3lyp/6-311G** em=gd3bj
energy: M062X/6-311G+(2d, p) em=gd3"
1326,c-c99+c-b27,Cc1cc[n+](CC(=O)C(C)C#N)cc1,pyridinium,-611.3959577,0.171678,0.230442,517.472936,-0.42164,-0.2361,4.4099,-611.2242797,-611.1655157,5.046688000000001,Gaussian,QC,"opt+freq: b3lyp/6-311G** em=gd3bj
energy: M062X/6-311G+(2d, p) em=gd3"
1327,c-c111+c-b10+c-b30,CCCCc1c(CC)ccc2cccc[n+]12,pyridinium,-638.0690607,0.266123,0.325191,520.146512,-0.3867,-0.21788,3.0821,-637.8029377,-637.7438697,4.591904,Gaussian,QC,"opt+freq: b3lyp/6-311G** em=gd3bj
energy: M062X/6-311G+(2d, p) em=gd3"
1328,c-c108+c-b4+c-b68,CC(C)CCCc1cc[n+](CCCCCO)cc1,pyridinium,-756.2051936,0.35318,0.427538,654.796,-0.3726,-0.22177,5.7285,-755.8520136000001,-755.7776556,4.102576,Gaussian,QC,"opt+freq: b3lyp/6-311G** em=gd3bj
energy: M062X/6-311G+(2d, p) em=gd3"
1329,c-c18+c-b50,C=Cc1ccc(C[n+]2ccccc2)cc1,pyridinium,-596.3298468,0.193448,0.25029,500.548656,-0.34318,-0.23333,8.2156,-596.1363988,-596.0795568000001,2.987919999999999,Gaussian,QC,"opt+freq: b3lyp/6-311G** em=gd3bj
energy: M062X/6-311G+(2d, p) em=gd3"
1330,c-c88+c-b8,CC#CCCCC[n+]1ccc(C)cc1,pyridinium,-560.606224,0.224512,0.288568,564.0826959999999,-0.35541,-0.22866,6.4244,-560.381712,-560.3176559999999,3.4476,Gaussian,QC,"opt+freq: b3lyp/6-311G** em=gd3bj
energy: M062X/6-311G+(2d, p) em=gd3"
1331,c-c108+c-b11+c-b16,N#CCCCCCC[n+]1ccc(C(F)(F)F)cc1,pyridinium,-913.7289578,0.217022,0.286684,613.4413440000001,-0.41764,-0.26255,8.6475,-913.5119358,-913.4422738,4.218448,Gaussian,QC,"opt+freq: b3lyp/6-311G** em=gd3bj
energy: M062X/6-311G+(2d, p) em=gd3"
1332,c-c3+c-b23,Cc1ccc[n+](CCc2cccc(Cl)c2)c1,pyridinium,-1057.1666749,0.205541,0.265478,527.7990480000001,-0.36248,-0.23371,9.4822,-1056.9611339,-1056.9011969,3.502544,Gaussian,QC,"opt+freq: b3lyp/6-311G** em=gd3bj
energy: M062X/6-311G+(2d, p) em=gd3"
1333,c-c111+c-b13+c-b16,N#CCCCc1ccc2cccc[n+]2c1CCC#N,pyridinium,-783.2368781,0.233566,0.298068,568.007288,-0.39623,-0.22654,5.4845,-783.0033121,-782.9388101000001,4.615568000000001,Gaussian,QC,"opt+freq: b3lyp/6-311G** em=gd3bj
energy: M062X/6-311G+(2d, p) em=gd3"
1334,c-c133+c-b9+c-b16,CC(F)CC[n+]1ccc(CCCC#N)cc1,pyridinium,-715.2428603,0.235991,0.300298,566.2876640000001,-0.44281,-0.23886,6.7305,-715.0068693,-714.9425623,5.54744,Gaussian,QC,"opt+freq: b3lyp/6-311G** em=gd3bj
energy: M062X/6-311G+(2d, p) em=gd3"
1335,c-c103+c-b11,FC(F)(F)CCC[n+]1ccccc1,pyridinium,-703.5922335,0.147843,0.199844,457.913696,-0.46811,-0.2484,9.0269,-703.4443905,-703.3923895,5.976112000000001,Gaussian,QC,"opt+freq: b3lyp/6-311G** em=gd3bj
energy: M062X/6-311G+(2d, p) em=gd3"
1336,c-c70+c-b8,CC#CCc1cc[n+](CCCCCC)cc1C,pyridinium,-678.5248592,0.302674,0.374959,636.537024,-0.37076,-0.22042,3.3267,-678.2221852,-678.1499002,4.089248,Gaussian,QC,"opt+freq: b3lyp/6-311G** em=gd3bj
energy: M062X/6-311G+(2d, p) em=gd3"
1337,c-c111+c-b76+c-b79,COc1ccc2cccc[n+]2c1CCCO,pyridinium,-709.8932664,0.221878,0.278955,502.615552,-0.37001,-0.21245,2.2422,-709.6713884000001,-709.6143114,4.285632,Gaussian,QC,"opt+freq: b3lyp/6-311G** em=gd3bj
energy: M062X/6-311G+(2d, p) em=gd3"
1338,c-c88+c-b38,C#CCCCC[n+]1ccc(C)cc1,pyridinium,-521.2908023,0.201829,0.25938,506.799552,-0.37882,-0.23156,5.3373,-521.0889733,-521.0314223,4.005472,Gaussian,QC,"opt+freq: b3lyp/6-311G** em=gd3bj
energy: M062X/6-311G+(2d, p) em=gd3"
1339,c-c136+c-b30,CCCCCCCC[n+]1ccc(CCCC)cc1,pyridinium,-720.288805,0.376573,0.451023,655.603512,-0.4027,-0.22346,6.4082,-719.912232,-719.8377820000001,4.875328000000001,Gaussian,QC,"opt+freq: b3lyp/6-311G** em=gd3bj
energy: M062X/6-311G+(2d, p) em=gd3"
1340,c-c103+c-b61,CCCCCCCCCCC[n+]1ccccc1,pyridinium,-680.9711708,0.352557,0.422669,617.3994080000001,-0.37967,-0.2397,16.271,-680.6186137999999,-680.5485017999999,3.807184,Gaussian,QC,"opt+freq: b3lyp/6-311G** em=gd3bj
energy: M062X/6-311G+(2d, p) em=gd3"
1341,c-c65+c-b46,Cc1ccc(-c2ccc[n+](C)c2)cc1,pyridinium,-558.2571311,0.188953,0.244146,486.030176,-0.36232,-0.23185,7.8823,-558.0681781000001,-558.0129851,3.548783999999999,Gaussian,QC,"opt+freq: b3lyp/6-311G** em=gd3bj
energy: M062X/6-311G+(2d, p) em=gd3"
1342,c-c111+c-b45+c-b76,COc1c(C(=O)O)ccc2cccc[n+]12,pyridinium,-705.3167925,0.150547,0.203294,464.490944,-0.39293,-0.23565,4.0133,-705.1662455000001,-705.1134985,4.278016,Gaussian,QC,"opt+freq: b3lyp/6-311G** em=gd3bj
energy: M062X/6-311G+(2d, p) em=gd3"
1343,c-c145+c-b1,c1cc[n+](COC23CC4CC(CC(C4)C2)C3)cc1,pyridinium,-752.6119635,0.305183,0.362244,502.481664,-0.38766,-0.23248,9.7673,-752.3067805,-752.2497195,4.220896000000001,Gaussian,QC,"opt+freq: b3lyp/6-311G** em=gd3bj
energy: M062X/6-311G+(2d, p) em=gd3"
1344,c-c133+c-b58+c-b73,CC(C)Cc1cc[n+](CCCC(=O)O)cc1,pyridinium,-712.3402556,0.258649,0.32357,571.685024,-0.40124,-0.22666,4.2029,-712.0816066,-712.0166856,4.748576,Gaussian,QC,"opt+freq: b3lyp/6-311G** em=gd3bj
energy: M062X/6-311G+(2d, p) em=gd3"
1345,c-c108+c-b4+c-b11,OCCc1cc[n+](CCCC(F)(F)F)cc1,pyridinium,-857.4347169,0.201061,0.263361,548.614448,-0.40378,-0.22832,6.2948,-857.2336559,-857.1713559,4.772511999999999,Gaussian,QC,"opt+freq: b3lyp/6-311G** em=gd3bj
energy: M062X/6-311G+(2d, p) em=gd3"
1346,c-c108+c-b6+c-b28,C=CCCc1cc[n+](CCCCCN)cc1,pyridinium,-656.493212,0.292644,0.359322,587.16164,-0.3375,-0.22182,1.3815,-656.200568,-656.13389,3.146496000000001,Gaussian,QC,"opt+freq: b3lyp/6-311G** em=gd3bj
energy: M062X/6-311G+(2d, p) em=gd3"
1347,c-c101+c-b32,FC(F)C(F)(F)C(F)(F)CCCC[n+]1ccccc1,pyridinium,-1119.2244299,0.19784,0.265857,598.952152,-0.43795,-0.24584,15.5038,-1119.0265899,-1118.9585729,5.225392,Gaussian,QC,"opt+freq: b3lyp/6-311G** em=gd3bj
energy: M062X/6-311G+(2d, p) em=gd3"
1348,c-c108+c-b29+c-b38,C#CCCCC[n+]1ccc(C(C)C)cc1,pyridinium,-599.903331,0.253703,0.317137,558.593288,-0.37724,-0.22656,2.8619,-599.649628,-599.586194,4.098496,Gaussian,QC,"opt+freq: b3lyp/6-311G** em=gd3bj
energy: M062X/6-311G+(2d, p) em=gd3"
1349,c-c133+c-b29+c-b71,CCCCCCCC[n+]1ccc(C(C)C)cc1,pyridinium,-680.9850686,0.350303,0.42167,628.461904,-0.40254,-0.22347,7.016,-680.6347655999999,-680.5633986,4.870704,Gaussian,QC,"opt+freq: b3lyp/6-311G** em=gd3bj
energy: M062X/6-311G+(2d, p) em=gd3"
1350,c-c108+c-b9+c-b27,CC(C#N)CCC[n+]1ccc(C(C)F)cc1,pyridinium,-715.248278,0.237108,0.299984,553.681272,-0.44575,-0.23079,2.8831,-715.01117,-714.948294,5.846912,Gaussian,QC,"opt+freq: b3lyp/6-311G** em=gd3bj
energy: M062X/6-311G+(2d, p) em=gd3"
1351,c-c145+c-b79,OCCCOC[n+]1ccccc1,pyridinium,-556.2688192,0.179048,0.231579,462.58304,-0.40161,-0.23475,4.4203,-556.0897712000001,-556.0372402,4.538592000000001,Gaussian,QC,"opt+freq: b3lyp/6-311G** em=gd3bj
energy: M062X/6-311G+(2d, p) em=gd3"
1352,c-c133+c-b18+c-b39,CCC(=O)CC[n+]1ccc(COC)cc1,pyridinium,-672.9860066,0.229575,0.293453,562.5095120000001,-0.3841,-0.22589,5.119,-672.7564316,-672.6925536,4.303312,Gaussian,QC,"opt+freq: b3lyp/6-311G** em=gd3bj
energy: M062X/6-311G+(2d, p) em=gd3"
1353,c-c133+c-b13+c-b76,COc1cc[n+](CCCCC#N)cc1,pyridinium,-612.6000847,0.196795,0.254963,512.2303840000001,-0.43044,-0.22262,6.9789,-612.4032897000001,-612.3451217,5.652703999999999,Gaussian,QC,"opt+freq: b3lyp/6-311G** em=gd3bj
energy: M062X/6-311G+(2d, p) em=gd3"
1354,c-c133+c-b43+c-b45,N#CCCC[n+]1ccc(C(=O)O)cc1,pyridinium,-647.3386327,0.15401,0.208955,483.8419440000001,-0.43877,-0.26592,3.9441,-647.1846227,-647.1296777,4.70152,Gaussian,QC,"opt+freq: b3lyp/6-311G** em=gd3bj
energy: M062X/6-311G+(2d, p) em=gd3"
1355,c-c28+c-b76,COCCC[n+]1cccc(C)c1,pyridinium,-520.3609368,0.199966,0.2539,474.938392,-0.39133,-0.23093,2.9346,-520.1609708,-520.1070368,4.362880000000001,Gaussian,QC,"opt+freq: b3lyp/6-311G** em=gd3bj
energy: M062X/6-311G+(2d, p) em=gd3"
1356,c-c18+c-b37,CC(O)CC[n+]1ccccc1,pyridinium,-481.0578445,0.175037,0.225098,440.834608,-0.39428,-0.24486,5.2346,-480.8828075,-480.8327465,4.064224,Gaussian,QC,"opt+freq: b3lyp/6-311G** em=gd3bj
energy: M062X/6-311G+(2d, p) em=gd3"
1357,c-c133+c-b30+c-b86,CCCCc1cc[n+](CCc2ccc(Cl)cc2Cl)cc1,pyridinium,-1634.6894544,0.27261,0.344613,634.055912,-0.36864,-0.22561,7.9187,-1634.4168444,-1634.3448414,3.890416000000001,Gaussian,QC,"opt+freq: b3lyp/6-311G** em=gd3bj
energy: M062X/6-311G+(2d, p) em=gd3"
1358,c-c133+c-b45+c-b65,CCC#CCCC[n+]1ccc(C(=O)O)cc1,pyridinium,-709.8645752,0.213104,0.277662,568.501,-0.37666,-0.25546,5.021,-709.6514712,-709.5869132,3.296639999999999,Gaussian,QC,"opt+freq: b3lyp/6-311G** em=gd3bj
energy: M062X/6-311G+(2d, p) em=gd3"
1359,c-c108+c-b58+c-b74,CC(=O)CCC[n+]1ccc(CC(=O)O)cc1,pyridinium,-747.0553388,0.213307,0.276825,559.33804,-0.37928,-0.22438,2.2001,-746.8420318,-746.7785137999999,4.21328,Gaussian,QC,"opt+freq: b3lyp/6-311G** em=gd3bj
energy: M062X/6-311G+(2d, p) em=gd3"
1360,c-c108+c-b40+c-b48,Cc1cccc(CCC[n+]2ccc(N(C)C)cc2)c1,pyridinium,-770.8428462,0.306605,0.378001,628.70876,-0.33964,-0.18621,7.8051,-770.5362412000001,-770.4648452,4.173296000000001,Gaussian,QC,"opt+freq: b3lyp/6-311G** em=gd3bj
energy: M062X/6-311G+(2d, p) em=gd3"
1361,c-c3+c-b71,CCCCCCCC[n+]1cccc(C)c1,pyridinium,-602.3703896,0.299387,0.364008,569.0532880000001,-0.40476,-0.23337,9.4839,-602.0710025999999,-602.0063815999999,4.661808000000001,Gaussian,QC,"opt+freq: b3lyp/6-311G** em=gd3bj
energy: M062X/6-311G+(2d, p) em=gd3"
1362,c-c108+c-b16+c-b27,CC(C#N)CCC[n+]1ccc(CCCC#N)cc1,pyridinium,-747.5547855,0.271325,0.336904,577.488232,-0.42807,-0.2217,4.6275,-747.2834604999999,-747.2178815,5.613264,Gaussian,QC,"opt+freq: b3lyp/6-311G** em=gd3bj
energy: M062X/6-311G+(2d, p) em=gd3"
1363,c-c133+c-b10+c-b86,CCc1cc[n+](CCc2ccc(Cl)cc2Cl)cc1,pyridinium,-1556.0774125,0.220163,0.286681,585.755816,-0.36591,-0.22762,9.4025,-1555.8572495,-1555.7907315,3.761488,Gaussian,QC,"opt+freq: b3lyp/6-311G** em=gd3bj
energy: M062X/6-311G+(2d, p) em=gd3"
1364,c-c99+c-b60,C=CCC(=O)C[n+]1ccc(C)cc1,pyridinium,-557.24215,0.177914,0.235197,504.431408,-0.38607,-0.22892,4.482,-557.064236,-557.0069530000001,4.274480000000001,Gaussian,QC,"opt+freq: b3lyp/6-311G** em=gd3bj
energy: M062X/6-311G+(2d, p) em=gd3"
1365,c-c133+c-b39+c-b79,COCCC[n+]1ccc(CCCO)cc1,pyridinium,-674.1960062,0.25613,0.318282,547.3174080000001,-0.38503,-0.21739,2.9564,-673.9398762000001,-673.8777242000001,4.559807999999999,Gaussian,QC,"opt+freq: b3lyp/6-311G** em=gd3bj
energy: M062X/6-311G+(2d, p) em=gd3"
1366,c-c108+c-b4+c-b24,Cc1ccccc1-c1cc[n+](CCCCCO)cc1,pyridinium,-790.7022926,0.297961,0.366279,601.604808,-0.36394,-0.22254,3.3285,-790.4043316,-790.3360136,3.84608,Gaussian,QC,"opt+freq: b3lyp/6-311G** em=gd3bj
energy: M062X/6-311G+(2d, p) em=gd3"
1367,c-c133+c-b73+c-b76,COc1cc[n+](CCCC(C)C)cc1,pyridinium,-598.9789452,0.251516,0.311335,526.7656000000001,-0.42187,-0.21346,4.4433,-598.7274292,-598.6676102,5.668752,Gaussian,QC,"opt+freq: b3lyp/6-311G** em=gd3bj
energy: M062X/6-311G+(2d, p) em=gd3"
1368,c-c65+c-b10,CCc1ccc[n+](C)c1,pyridinium,-366.5344573,0.144193,0.190379,406.7099040000001,-0.44795,-0.24177,2.9647,-366.3902643,-366.3440783,5.608096,Gaussian,QC,"opt+freq: b3lyp/6-311G** em=gd3bj
energy: M062X/6-311G+(2d, p) em=gd3"
1369,c-c133+c-b9+c-b61,CCCCCCCCCC[n+]1ccc(C(C)F)cc1,pyridinium,-819.5269908,0.368077,0.444109,669.532048,-0.38571,-0.23263,11.1399,-819.1589138,-819.0828818,4.163775999999999,Gaussian,QC,"opt+freq: b3lyp/6-311G** em=gd3bj
energy: M062X/6-311G+(2d, p) em=gd3"
1370,c-c77+c-b53,Cc1cccc[n+]1CCc1cccnc1,pyridinium,-613.6025218,0.20723,0.262159,483.703872,-0.36992,-0.2341,7.26,-613.3952918,-613.3403628,3.694304000000001,Gaussian,QC,"opt+freq: b3lyp/6-311G** em=gd3bj
energy: M062X/6-311G+(2d, p) em=gd3"
1371,c-c133+c-b51+c-b58,O=C(O)CCC[n+]1ccc(C2CCCCC2)cc1,pyridinium,-789.7524453,0.294647,0.360727,581.893984,-0.404,-0.21838,6.3432,-789.4577982999999,-789.3917183,5.048864000000001,Gaussian,QC,"opt+freq: b3lyp/6-311G** em=gd3bj
energy: M062X/6-311G+(2d, p) em=gd3"
1372,c-c111+c-b36+c-b73,CC(C)Cc1ccc2cccc[n+]2c1-c1ccccc1,pyridinium,-790.48911,0.284777,0.349714,571.835648,-0.37993,-0.21373,5.3018,-790.204333,-790.139396,4.520639999999999,Gaussian,QC,"opt+freq: b3lyp/6-311G** em=gd3bj
energy: M062X/6-311G+(2d, p) em=gd3"
1373,c-c25+c-b69,CCCCCCCCCCCCC[n+]1ccccc1C,pyridinium,-798.8944135,0.43036,0.509142,693.744856,-0.36657,-0.23015,19.3014,-798.4640535000001,-798.3852715,3.710624,Gaussian,QC,"opt+freq: b3lyp/6-311G** em=gd3bj
energy: M062X/6-311G+(2d, p) em=gd3"
1374,c-c133+c-b6+c-b43,N#CCc1cc[n+](CCCCN)cc1,pyridinium,-592.7276112,0.20902,0.267505,515.025296,-0.36331,-0.24129,4.9674,-592.5185912,-592.4601061999999,3.318944000000001,Gaussian,QC,"opt+freq: b3lyp/6-311G** em=gd3bj
energy: M062X/6-311G+(2d, p) em=gd3"
1375,c-c133+c-b29+c-b43,CC(C)c1cc[n+](CCCC#N)cc1,pyridinium,-576.6966479,0.219222,0.277771,515.5734,-0.45166,-0.23245,5.1495,-576.4774259000001,-576.4188769,5.962512,Gaussian,QC,"opt+freq: b3lyp/6-311G** em=gd3bj
energy: M062X/6-311G+(2d, p) em=gd3"
1376,c-c3+c-b37,Cc1ccc[n+](CCCC(C)O)c1,pyridinium,-559.6898115,0.227106,0.282806,490.4903200000001,-0.40435,-0.2231,2.6451,-559.4627055,-559.4070055,4.93,Gaussian,QC,"opt+freq: b3lyp/6-311G** em=gd3bj
energy: M062X/6-311G+(2d, p) em=gd3"
1377,c-c108+c-b23+c-b47,CC(C)(C)c1cc[n+](CCCc2cccc(Cl)c2)cc1,pyridinium,-1214.394196,0.308834,0.380522,631.286104,-0.35403,-0.22063,7.5464,-1214.085362,-1214.013674,3.628480000000001,Gaussian,QC,"opt+freq: b3lyp/6-311G** em=gd3bj
energy: M062X/6-311G+(2d, p) em=gd3"
1378,c-c133+c-b3+c-b43,N#CCc1cc[n+](CCC2CCCC2)cc1,pyridinium,-654.0910235,0.251836,0.313839,545.99108,-0.42845,-0.24337,5.8288,-653.8391875,-653.7771845,5.034176,Gaussian,QC,"opt+freq: b3lyp/6-311G** em=gd3bj
energy: M062X/6-311G+(2d, p) em=gd3"
1379,c-c108+c-b37+c-b80,CC(O)CCCC[n+]1ccc(C(C)C)cc1,pyridinium,-677.5980055,0.300833,0.369156,601.655016,-0.36633,-0.22371,4.6201,-677.2971725,-677.2288495,3.879264,Gaussian,QC,"opt+freq: b3lyp/6-311G** em=gd3bj
energy: M062X/6-311G+(2d, p) em=gd3"
1380,c-c108+c-b6+c-b71,CCCCCCc1cc[n+](CCCCCN)cc1,pyridinium,-736.3325649,0.366341,0.440657,654.427808,-0.33725,-0.21984,5.1536,-735.9662238999999,-735.8919079,3.193552,Gaussian,QC,"opt+freq: b3lyp/6-311G** em=gd3bj
energy: M062X/6-311G+(2d, p) em=gd3"
1381,c-c111+c-b11+c-b65,CCC#CCc1c(C(F)(F)F)ccc2cccc[n+]12,pyridinium,-933.3407187,0.192088,0.258193,582.115736,-0.38595,-0.23666,8.0735,-933.1486307,-933.0825257,4.060688,Gaussian,QC,"opt+freq: b3lyp/6-311G** em=gd3bj
energy: M062X/6-311G+(2d, p) em=gd3"
1382,c-c100+c-b9,CC(F)c1cc[n+](C)cc1,pyridinium,-465.7758683,0.136078,0.183512,417.701272,-0.46499,-0.24462,6.2523,-465.6397903,-465.5923563,5.994064,Gaussian,QC,"opt+freq: b3lyp/6-311G** em=gd3bj
energy: M062X/6-311G+(2d, p) em=gd3"
1383,c-c133+c-b76+c-b84,CCCCCCCCCc1cc[n+](CCOC)cc1,pyridinium,-795.4939752,0.379401,0.456697,680.665672,-0.3829,-0.21964,12.6609,-795.1145742,-795.0372782000001,4.440672,Gaussian,QC,"opt+freq: b3lyp/6-311G** em=gd3bj
energy: M062X/6-311G+(2d, p) em=gd3"
1384,c-c145+c-b37,CC(O)COC[n+]1ccccc1,pyridinium,-556.2662968,0.176699,0.23046,473.4196000000001,-0.38308,-0.24322,6.5936,-556.0895978,-556.0358368,3.804192,Gaussian,QC,"opt+freq: b3lyp/6-311G** em=gd3bj
energy: M062X/6-311G+(2d, p) em=gd3"
1385,c-c145+c-b61,CCCCCCCCOC[n+]1ccccc1,pyridinium,-677.5676035,0.303117,0.369975,588.755744,-0.39646,-0.23778,11.9581,-677.2644865,-677.1976285000001,4.316096,Gaussian,QC,"opt+freq: b3lyp/6-311G** em=gd3bj
energy: M062X/6-311G+(2d, p) em=gd3"
1386,c-c133+c-b22+c-b30,CCCCCC[n+]1ccc(-c2ccc(Cl)cc2)cc1,pyridinium,-1175.0816475,0.283525,0.35264,608.621376,-0.36568,-0.23009,5.3716,-1174.7981225,-1174.7290075,3.688048,Gaussian,QC,"opt+freq: b3lyp/6-311G** em=gd3bj
energy: M062X/6-311G+(2d, p) em=gd3"
1387,c-c77+c-b71,CCCCCCCC[n+]1ccccc1C,pyridinium,-602.3715682,0.301584,0.36419,551.30476,-0.40488,-0.23096,9.5568,-602.0699841999999,-602.0073782,4.730624000000001,Gaussian,QC,"opt+freq: b3lyp/6-311G** em=gd3bj
energy: M062X/6-311G+(2d, p) em=gd3"
1388,c-c133+c-b10+c-b31,CCCC[n+]1ccc(CCC(F)(F)F)cc1,pyridinium,-821.5192179,0.222842,0.285995,556.124728,-0.45273,-0.23264,6.8048,-821.2963758999999,-821.2332229,5.986448,Gaussian,QC,"opt+freq: b3lyp/6-311G** em=gd3bj
energy: M062X/6-311G+(2d, p) em=gd3"
1389,c-c84+c-b39,CCCC[n+]1ccc(COC)cc1,pyridinium,-559.658865,0.225137,0.282521,505.3226,-0.39897,-0.23057,3.4517,-559.433728,-559.376344,4.58048,Gaussian,QC,"opt+freq: b3lyp/6-311G** em=gd3bj
energy: M062X/6-311G+(2d, p) em=gd3"
1390,c-c133+c-b4+c-b53,OCCc1cc[n+](CCc2cccnc2)cc1,pyridinium,-728.1298278,0.234879,0.297192,548.723232,-0.36459,-0.22381,7.1222,-727.8949488000001,-727.8326358,3.829216,Gaussian,QC,"opt+freq: b3lyp/6-311G** em=gd3bj
energy: M062X/6-311G+(2d, p) em=gd3"
1391,c-c133+c-b10+c-b50,C=Cc1ccc(-c2cc[n+](CCCC)cc2)cc1,pyridinium,-714.2604925,0.271386,0.336941,577.279032,-0.34106,-0.22423,4.6812,-713.9891065,-713.9235515,3.177775999999999,Gaussian,QC,"opt+freq: b3lyp/6-311G** em=gd3bj
energy: M062X/6-311G+(2d, p) em=gd3"
1392,c-c111+c-b38+c-b45,C#CCc1c(C(=O)O)ccc2cccc[n+]12,pyridinium,-706.2402749,0.153715,0.209065,487.406712,-0.40103,-0.24112,5.3159,-706.0865599,-706.0312099,4.349552,Gaussian,QC,"opt+freq: b3lyp/6-311G** em=gd3bj
energy: M062X/6-311G+(2d, p) em=gd3"
1393,c-c40+c-b39,COCC(=O)C[n+]1cccc(C)c1,pyridinium,-594.3599157,0.178453,0.235466,502.0590800000001,-0.39215,-0.23952,3.8908,-594.1814627,-594.1244497,4.151535999999999,Gaussian,QC,"opt+freq: b3lyp/6-311G** em=gd3bj
energy: M062X/6-311G+(2d, p) em=gd3"
1394,c-c40+c-b29,Cc1ccc[n+](CC(=O)C(C)C)c1,pyridinium,-558.4706395,0.201502,0.258447,501.4524,-0.40071,-0.23332,4.2769,-558.2691374999999,-558.2121924999999,4.553008,Gaussian,QC,"opt+freq: b3lyp/6-311G** em=gd3bj
energy: M062X/6-311G+(2d, p) em=gd3"
1395,c-c77+c-b47,Cc1cccc[n+]1CCC(C)(C)C,pyridinium,-523.7640229,0.249381,0.304883,488.745592,-0.43896,-0.23181,4.7625,-523.5146419,-523.4591399,5.634480000000001,Gaussian,QC,"opt+freq: b3lyp/6-311G** em=gd3bj
energy: M062X/6-311G+(2d, p) em=gd3"
1396,c-c111+c-b18+c-b78,CCCCCc1c(C(=O)CC)ccc2cccc[n+]12,pyridinium,-790.6874328,0.29629,0.364992,604.9896640000001,-0.38344,-0.22956,6.9983,-790.3911428,-790.3224408,4.185536,Gaussian,QC,"opt+freq: b3lyp/6-311G** em=gd3bj
energy: M062X/6-311G+(2d, p) em=gd3"
1397,c-c108+c-b3+c-b76,COc1cc[n+](CCCC2CCCC2)cc1,pyridinium,-676.3803803,0.285039,0.348225,556.4092400000001,-0.40445,-0.21186,7.08,-676.0953413,-676.0321553,5.238447999999999,Gaussian,QC,"opt+freq: b3lyp/6-311G** em=gd3bj
energy: M062X/6-311G+(2d, p) em=gd3"
1398,c-c133+c-b24+c-b40,Cc1ccccc1CC[n+]1ccc(N(C)C)cc1,pyridinium,-731.5370238,0.282838,0.349099,583.488088,-0.34978,-0.18665,6.2931,-731.2541858000001,-731.1879248,4.437135999999999,Gaussian,QC,"opt+freq: b3lyp/6-311G** em=gd3bj
energy: M062X/6-311G+(2d, p) em=gd3"
1399,c-c70+c-b65,CCC#CCc1cc[n+](CCCCCC)cc1C,pyridinium,-717.8307346,0.328171,0.403759,665.620008,-0.36734,-0.21793,3.9902,-717.5025636,-717.4269756,4.063952,Gaussian,QC,"opt+freq: b3lyp/6-311G** em=gd3bj
energy: M062X/6-311G+(2d, p) em=gd3"
1400,c-c108+c-b6+c-b9,CC(F)c1cc[n+](CCCCCN)cc1,pyridinium,-678.35203,0.255431,0.317831,549.493088,-0.34082,-0.23105,2.1865,-678.096599,-678.0341990000001,2.985744,Gaussian,QC,"opt+freq: b3lyp/6-311G** em=gd3bj
energy: M062X/6-311G+(2d, p) em=gd3"
1401,c-c108+c-b18+c-b37,CCC(=O)c1cc[n+](CCCCC(C)O)cc1,pyridinium,-751.6016307,0.2822,0.351772,612.650568,-0.37158,-0.25596,1.7665,-751.3194307,-751.2498587,3.144864,Gaussian,QC,"opt+freq: b3lyp/6-311G** em=gd3bj
energy: M062X/6-311G+(2d, p) em=gd3"
1402,c-c108+c-b10+c-b44,CCCCC[n+]1ccc(CCC(C)C)cc1,pyridinium,-641.6815495,0.324513,0.392436,598.127904,-0.42635,-0.22431,4.1459,-641.3570364999999,-641.2891135,5.495488,Gaussian,QC,"opt+freq: b3lyp/6-311G** em=gd3bj
energy: M062X/6-311G+(2d, p) em=gd3"
1403,c-c3+c-b45,Cc1ccc[n+](CCC(=O)O)c1,pyridinium,-555.1162254,0.156076,0.20792,456.532976,-0.42343,-0.2357,3.2367,-554.9601494,-554.9083054,5.106255999999999,Gaussian,QC,"opt+freq: b3lyp/6-311G** em=gd3bj
energy: M062X/6-311G+(2d, p) em=gd3"
1404,c-c133+c-b29+c-b61,CCCCCCCCCC[n+]1ccc(C(C)C)cc1,pyridinium,-759.594264,0.401577,0.479646,687.4730400000001,-0.38462,-0.22304,10.7662,-759.192687,-759.114618,4.394976000000001,Gaussian,QC,"opt+freq: b3lyp/6-311G** em=gd3bj
energy: M062X/6-311G+(2d, p) em=gd3"
1405,c-c108+c-b27+c-b74,CC(=O)CCC[n+]1ccc(C(C)C#N)cc1,pyridinium,-690.0168192,0.224846,0.288524,560.752232,-0.38374,-0.23529,7.4987,-689.7919732,-689.7282951999999,4.037840000000001,Gaussian,QC,"opt+freq: b3lyp/6-311G** em=gd3bj
energy: M062X/6-311G+(2d, p) em=gd3"
1406,c-c133+c-b12+c-b40,CN(C)CC[n+]1ccc(C(=O)C(C)(C)C)cc1,pyridinium,-731.7073838,0.293091,0.361743,604.5461600000001,-0.33715,-0.25062,5.3391,-731.4142928,-731.3456408,2.353616,Gaussian,QC,"opt+freq: b3lyp/6-311G** em=gd3bj
energy: M062X/6-311G+(2d, p) em=gd3"
1407,c-c25+c-b86,Cc1cccc[n+]1CCCc1ccc(Cl)cc1Cl,pyridinium,-1556.0733992,0.222561,0.286886,566.446656,-0.36474,-0.22987,10.4219,-1555.8508382,-1555.7865132,3.668464,Gaussian,QC,"opt+freq: b3lyp/6-311G** em=gd3bj
energy: M062X/6-311G+(2d, p) em=gd3"
1408,c-c133+c-b11+c-b58,O=C(O)CCC[n+]1ccc(C(F)(F)F)cc1,pyridinium,-892.1476498,0.155208,0.216756,541.9869920000001,-0.4181,-0.2557,7.0837,-891.9924417999999,-891.9308937999999,4.417280000000001,Gaussian,QC,"opt+freq: b3lyp/6-311G** em=gd3bj
energy: M062X/6-311G+(2d, p) em=gd3"
1409,c-c108+c-b75+c-b81,CCCc1cc[n+](CCCc2c(Cl)cccc2Cl)cc1,pyridinium,-1634.6918121,0.274336,0.344799,620.495568,-0.36854,-0.22037,6.5453,-1634.4174761,-1634.3470131,4.030223999999999,Gaussian,QC,"opt+freq: b3lyp/6-311G** em=gd3bj
energy: M062X/6-311G+(2d, p) em=gd3"
1410,c-c108+c-b46+c-b60,C=CCCCC[n+]1ccc(-c2ccc(C)cc2)cc1,pyridinium,-753.5623191,0.294938,0.365586,622.123144,-0.35505,-0.22277,2.487,-753.2673811,-753.1967331,3.598015999999999,Gaussian,QC,"opt+freq: b3lyp/6-311G** em=gd3bj
energy: M062X/6-311G+(2d, p) em=gd3"
1411,c-c108+c-b23+c-b38,C#CCCCC[n+]1ccc(-c2cccc(Cl)c2)cc1,pyridinium,-1172.6085114,0.23809,0.30602,598.1948480000001,-0.36796,-0.23427,6.2221,-1172.3704214,-1172.3024914,3.636368,Gaussian,QC,"opt+freq: b3lyp/6-311G** em=gd3bj
energy: M062X/6-311G+(2d, p) em=gd3"
1412,c-c108+c-b43+c-b46,Cc1ccc(-c2cc[n+](CCCCC#N)cc2)cc1,pyridinium,-768.4166819,0.262557,0.332002,611.529256,-0.3684,-0.23009,3.4337,-768.1541248999999,-768.0846799,3.762032,Gaussian,QC,"opt+freq: b3lyp/6-311G** em=gd3bj
energy: M062X/6-311G+(2d, p) em=gd3"
1413,c-c145+c-b32,FC(F)C(F)(F)C(F)(F)CCOC[n+]1ccccc1,pyridinium,-1155.1299416,0.175835,0.24222,584.584296,-0.44277,-0.23841,10.0157,-1154.9541066,-1154.8877216,5.558591999999999,Gaussian,QC,"opt+freq: b3lyp/6-311G** em=gd3bj
energy: M062X/6-311G+(2d, p) em=gd3"
1414,c-c108+c-b27+c-b76,COCCC[n+]1ccc(C(C)C#N)cc1,pyridinium,-651.8957453,0.221887,0.283327,541.037224,-0.39651,-0.23777,4.2862,-651.6738583,-651.6124183000001,4.317727999999999,Gaussian,QC,"opt+freq: b3lyp/6-311G** em=gd3bj
energy: M062X/6-311G+(2d, p) em=gd3"
1415,c-c108+c-b36+c-b77,FC(F)(F)Cc1cc[n+](CCCc2ccccc2)cc1,pyridinium,-973.9273864,0.24332,0.311584,601.132016,-0.36533,-0.2357,4.3734,-973.6840664,-973.6158024,3.525936,Gaussian,QC,"opt+freq: b3lyp/6-311G** em=gd3bj
energy: M062X/6-311G+(2d, p) em=gd3"
1416,c-c70+c-b10,CCCCCC[n+]1ccc(CC)c(C)c1,pyridinium,-602.3812095,0.299345,0.363668,566.42992,-0.42531,-0.22099,4.3041,-602.0818644999999,-602.0175415,5.557504000000001,Gaussian,QC,"opt+freq: b3lyp/6-311G** em=gd3bj
energy: M062X/6-311G+(2d, p) em=gd3"
1417,c-c133+c-b46+c-b60,C=CCCC[n+]1ccc(-c2ccc(C)cc2)cc1,pyridinium,-714.2574739,0.269216,0.336588,593.274464,-0.36344,-0.22361,3.0326,-713.9882579,-713.9208859,3.803375999999999,Gaussian,QC,"opt+freq: b3lyp/6-311G** em=gd3bj
energy: M062X/6-311G+(2d, p) em=gd3"
1418,c-c111+c-b40+c-b78,CCCCCc1c(N(C)C)ccc2cccc[n+]12,pyridinium,-732.7108627,0.30572,0.371387,578.2664560000001,-0.345,-0.20929,4.0677,-732.4051427,-732.3394757,3.691311999999999,Gaussian,QC,"opt+freq: b3lyp/6-311G** em=gd3bj
energy: M062X/6-311G+(2d, p) em=gd3"
1419,c-c108+c-b22+c-b45,O=C(O)c1cc[n+](CCCc2ccc(Cl)cc2)cc1,pyridinium,-1245.7125525,0.217133,0.283087,580.7810400000001,-0.35973,-0.25965,11.2086,-1245.4954195,-1245.4294655,2.722176,Gaussian,QC,"opt+freq: b3lyp/6-311G** em=gd3bj
energy: M062X/6-311G+(2d, p) em=gd3"
1420,c-c133+c-b24+c-b30,CCCCCC[n+]1ccc(-c2ccccc2C)cc1,pyridinium,-754.7883843,0.320218,0.389145,606.9645120000001,-0.36479,-0.22372,2.6035,-754.4681663,-754.3992393,3.837104,Gaussian,QC,"opt+freq: b3lyp/6-311G** em=gd3bj
energy: M062X/6-311G+(2d, p) em=gd3"
1421,c-c108+c-b38+c-b53,C#CCc1cc[n+](CCCc2cccnc2)cc1,pyridinium,-729.0424965,0.23758,0.302202,569.0574720000001,-0.36283,-0.23115,5.6938,-728.8049165,-728.7402945,3.581696,Gaussian,QC,"opt+freq: b3lyp/6-311G** em=gd3bj
energy: M062X/6-311G+(2d, p) em=gd3"
1422,c-c133+c-b8+c-b48,CC#CCc1cc[n+](CCc2cccc(C)c2)cc1,pyridinium,-752.3288384,0.2704,0.342076,631.181504,-0.35538,-0.21886,4.0458,-752.0584384,-751.9867624,3.713343999999999,Gaussian,QC,"opt+freq: b3lyp/6-311G** em=gd3bj
energy: M062X/6-311G+(2d, p) em=gd3"
1423,c-c16+c-b43,CCCCCCCC[n+]1cc(CC#N)ccc1C,pyridinium,-733.9066779,0.320385,0.393171,640.951144,-0.40553,-0.23766,5.6384,-733.5862929,-733.5135068999999,4.566064,Gaussian,QC,"opt+freq: b3lyp/6-311G** em=gd3bj
energy: M062X/6-311G+(2d, p) em=gd3"
1424,c-c77+c-b86,Cc1cccc[n+]1CCc1ccc(Cl)cc1Cl,pyridinium,-1516.7708134,0.196089,0.257706,542.597856,-0.36756,-0.23288,10.2517,-1516.5747244,-1516.5131074,3.663296,Gaussian,QC,"opt+freq: b3lyp/6-311G** em=gd3bj
energy: M062X/6-311G+(2d, p) em=gd3"
1425,c-c111+c-b47+c-b80,CC(C)c1ccc2cccc[n+]2c1C(C)(C)C,pyridinium,-677.3433891,0.292219,0.352594,531.656696,-0.38157,-0.21804,3.55,-677.0511700999999,-676.9907951,4.448016,Gaussian,QC,"opt+freq: b3lyp/6-311G** em=gd3bj
energy: M062X/6-311G+(2d, p) em=gd3"
1426,c-c28+c-b27,Cc1ccc[n+](CCCC(C)C#N)c1,pyridinium,-576.7006375,0.219796,0.277798,510.757616,-0.43755,-0.23097,5.2466,-576.4808415,-576.4228395,5.618975999999999,Gaussian,QC,"opt+freq: b3lyp/6-311G** em=gd3bj
energy: M062X/6-311G+(2d, p) em=gd3"
1427,c-c111+c-b37+c-b45,CC(O)Cc1ccc2cccc[n+]2c1C(=O)O,pyridinium,-783.9346249,0.201307,0.260923,524.974848,-0.38224,-0.23598,5.8336,-783.7333179,-783.6737019,3.978272,Gaussian,QC,"opt+freq: b3lyp/6-311G** em=gd3bj
energy: M062X/6-311G+(2d, p) em=gd3"
1428,c-c108+c-b37+c-b65,CCC#CCCCC[n+]1ccc(CC(C)O)cc1,pyridinium,-753.7412837,0.305784,0.381163,663.787416,-0.3535,-0.22691,4.8389,-753.4354997,-753.3601207,3.443247999999999,Gaussian,QC,"opt+freq: b3lyp/6-311G** em=gd3bj
energy: M062X/6-311G+(2d, p) em=gd3"
1429,c-c133+c-b16+c-b22,N#CCCCCC[n+]1ccc(-c2ccc(Cl)cc2)cc1,pyridinium,-1228.0114865,0.254101,0.324626,621.043672,-0.36959,-0.23596,5.4436,-1227.7573855,-1227.6868605,3.634735999999999,Gaussian,QC,"opt+freq: b3lyp/6-311G** em=gd3bj
energy: M062X/6-311G+(2d, p) em=gd3"
1430,c-c111+c-b29+c-b60,C=CCc1c(C(C)C)ccc2cccc[n+]12,pyridinium,-636.8394801,0.243308,0.30137,511.293168,-0.38977,-0.21785,3.4339,-636.5961721,-636.5381100999999,4.676224,Gaussian,QC,"opt+freq: b3lyp/6-311G** em=gd3bj
energy: M062X/6-311G+(2d, p) em=gd3"
1431,c-c133+c-b23+c-b40,CN(C)c1cc[n+](CCc2cccc(Cl)c2)cc1,pyridinium,-1151.8290298,0.246003,0.312569,586.186768,-0.35331,-0.19154,9.711,-1151.5830268,-1151.5164608,4.400144000000001,Gaussian,QC,"opt+freq: b3lyp/6-311G** em=gd3bj
energy: M062X/6-311G+(2d, p) em=gd3"
1432,c-c111+c-b38+c-b80,C#CCc1ccc2cccc[n+]2c1C(C)C,pyridinium,-635.5895806,0.219917,0.278182,513.079736,-0.38825,-0.22148,3.6185,-635.3696636,-635.3113986,4.536143999999999,Gaussian,QC,"opt+freq: b3lyp/6-311G** em=gd3bj
energy: M062X/6-311G+(2d, p) em=gd3"
1433,c-c33+c-b81,CCCCCC[n+]1ccc(CCC)cc1,pyridinium,-602.3746505,0.299471,0.364086,568.9988960000001,-0.42676,-0.22523,3.3705,-602.0751795,-602.0105645,5.481615999999999,Gaussian,QC,"opt+freq: b3lyp/6-311G** em=gd3bj
energy: M062X/6-311G+(2d, p) em=gd3"
1434,c-c111+c-b65+c-b73,CCC#CCc1ccc2cccc[n+]2c1CC(C)C,pyridinium,-753.5217416,0.294446,0.364928,620.6587440000001,-0.36212,-0.21374,5.5762,-753.2272956,-753.1568136000001,4.035936,Gaussian,QC,"opt+freq: b3lyp/6-311G** em=gd3bj
energy: M062X/6-311G+(2d, p) em=gd3"
1435,c-c40+c-b48,Cc1cccc(C(=O)C[n+]2cccc(C)c2)c1,pyridinium,-710.8880495,0.22052,0.28399,558.9154560000001,-0.36053,-0.22789,7.1224,-710.6675295,-710.6040595,3.607808,Gaussian,QC,"opt+freq: b3lyp/6-311G** em=gd3bj
energy: M062X/6-311G+(2d, p) em=gd3"
1436,c-c108+c-b27+c-b43,CC(C#N)CCC[n+]1ccc(CC#N)cc1,pyridinium,-668.9280096,0.216131,0.278437,548.673024,-0.45029,-0.24077,2.5735,-668.7118786,-668.6495725999999,5.698944,Gaussian,QC,"opt+freq: b3lyp/6-311G** em=gd3bj
energy: M062X/6-311G+(2d, p) em=gd3"
1437,c-c33+c-b73,CCCCCC[n+]1ccc(CC(C)C)cc1,pyridinium,-641.6822779,0.324619,0.39244,597.232528,-0.4266,-0.22398,3.5882,-641.3576589,-641.2898379000001,5.511263999999999,Gaussian,QC,"opt+freq: b3lyp/6-311G** em=gd3bj
energy: M062X/6-311G+(2d, p) em=gd3"
1438,c-c103+c-b41,CC1(C)OCC(CCC[n+]2ccccc2)O1,pyridinium,-712.299704,0.261944,0.323287,540.1836880000001,-0.3639,-0.2391,10.6441,-712.03776,-711.976417,3.39456,Gaussian,QC,"opt+freq: b3lyp/6-311G** em=gd3bj
energy: M062X/6-311G+(2d, p) em=gd3"
1439,c-c111+c-b46+c-b60,C=CCc1c(-c2ccc(C)cc2)ccc2cccc[n+]12,pyridinium,-789.258186,0.259875,0.326139,583.52156,-0.35155,-0.21475,6.2251,-788.9983110000001,-788.932047,3.720959999999999,Gaussian,QC,"opt+freq: b3lyp/6-311G** em=gd3bj
energy: M062X/6-311G+(2d, p) em=gd3"
1440,c-c33+c-b78,CCCCCC[n+]1ccc(CCCCC)cc1,pyridinium,-680.9841202,0.350411,0.422026,630.6417680000001,-0.42446,-0.22344,3.8063,-680.6337092,-680.5620942,5.467744,Gaussian,QC,"opt+freq: b3lyp/6-311G** em=gd3bj
energy: M062X/6-311G+(2d, p) em=gd3"
1441,c-c133+c-b74+c-b76,COc1cc[n+](CCC(C)=O)cc1,pyridinium,-594.3905247,0.179597,0.23562,493.3312560000001,-0.38847,-0.21114,2.3784,-594.2109277000001,-594.1549047,4.823376,Gaussian,QC,"opt+freq: b3lyp/6-311G** em=gd3bj
energy: M062X/6-311G+(2d, p) em=gd3"
1442,c-c111+c-b22+c-b74,CC(=O)c1c(-c2ccc(Cl)cc2)ccc2cccc[n+]12,pyridinium,-1245.4802669,0.202017,0.265826,561.902832,-0.3634,-0.23108,10.3022,-1245.2782499,-1245.2144409,3.599104,Gaussian,QC,"opt+freq: b3lyp/6-311G** em=gd3bj
energy: M062X/6-311G+(2d, p) em=gd3"
1443,c-c25+c-b28,C=CCCCCC[n+]1ccccc1C,pyridinium,-561.8349008,0.252319,0.3118,523.782408,-0.34843,-0.23347,8.115,-561.5825818,-561.5231008000001,3.126912,Gaussian,QC,"opt+freq: b3lyp/6-311G** em=gd3bj
energy: M062X/6-311G+(2d, p) em=gd3"
1444,c-c111+c-b28+c-b45,C=CCCc1c(C(=O)O)ccc2cccc[n+]12,pyridinium,-746.7954503,0.202795,0.261546,517.355784,-0.37734,-0.23632,5.2466,-746.5926552999999,-746.5339043,3.835744,Gaussian,QC,"opt+freq: b3lyp/6-311G** em=gd3bj
energy: M062X/6-311G+(2d, p) em=gd3"
1445,c-c133+c-b38+c-b72,C#CCCC[n+]1ccc(CC(C)CC)cc1,pyridinium,-639.2121334,0.280065,0.345833,579.153464,-0.39533,-0.22342,4.4902,-638.9320683999999,-638.8663004,4.675952,Gaussian,QC,"opt+freq: b3lyp/6-311G** em=gd3bj
energy: M062X/6-311G+(2d, p) em=gd3"
1446,c-c133+c-b22+c-b65,CCC#CCCC[n+]1ccc(-c2ccc(Cl)cc2)cc1,pyridinium,-1211.9276535,0.262801,0.335413,639.4156160000001,-0.36405,-0.22757,6.3123,-1211.6648525,-1211.5922405,3.712256,Gaussian,QC,"opt+freq: b3lyp/6-311G** em=gd3bj
energy: M062X/6-311G+(2d, p) em=gd3"
1447,c-c108+c-b10+c-b23,CCCCC[n+]1ccc(-c2cccc(Cl)c2)cc1,pyridinium,-1135.7758914,0.25798,0.323627,578.078176,-0.36704,-0.23286,6.9219,-1135.5179114,-1135.4522644,3.649695999999999,Gaussian,QC,"opt+freq: b3lyp/6-311G** em=gd3bj
energy: M062X/6-311G+(2d, p) em=gd3"
1448,c-c108+c-b28+c-b65,C=CCCc1cc[n+](CCCCC#CCC)cc1,pyridinium,-716.5942138,0.304789,0.381287,673.6365519999999,-0.33772,-0.22586,8.2057,-716.2894248,-716.2129268,3.042592,Gaussian,QC,"opt+freq: b3lyp/6-311G** em=gd3bj
energy: M062X/6-311G+(2d, p) em=gd3"
1449,c-c108+c-b18+c-b53,CCC(=O)CCC[n+]1ccc(-c2cccnc2)cc1,pyridinium,-805.5416942,0.26471,0.331472,587.9063920000001,-0.37233,-0.22841,3.3488,-805.2769842,-805.2102222000001,3.914624,Gaussian,QC,"opt+freq: b3lyp/6-311G** em=gd3bj
energy: M062X/6-311G+(2d, p) em=gd3"
1450,c-c111+c-b38+c-b81,C#CCc1c(CCC)ccc2cccc[n+]12,pyridinium,-635.5953305,0.220573,0.278335,508.653064,-0.3932,-0.22194,3.5432,-635.3747575000001,-635.3169955000001,4.658272,Gaussian,QC,"opt+freq: b3lyp/6-311G** em=gd3bj
energy: M062X/6-311G+(2d, p) em=gd3"
1451,c-c25+c-b55,Cc1cccc[n+]1CCCc1cscn1,pyridinium,-973.7003457,0.202633,0.258756,494.209896,-0.36214,-0.21996,6.2285,-973.4977127,-973.4415897,3.867296000000001,Gaussian,QC,"opt+freq: b3lyp/6-311G** em=gd3bj
energy: M062X/6-311G+(2d, p) em=gd3"
1452,c-c111+c-b51+c-b74,CC(=O)c1ccc2cccc[n+]2c1C1CCCCC1,pyridinium,-789.492685,0.281084,0.343368,548.463824,-0.38702,-0.22486,7.3488,-789.2116010000001,-789.149317,4.410751999999999,Gaussian,QC,"opt+freq: b3lyp/6-311G** em=gd3bj
energy: M062X/6-311G+(2d, p) em=gd3"
1453,c-c3+c-b18,CCC(=O)CC[n+]1cccc(C)c1,pyridinium,-558.4784548,0.200345,0.259004,516.548272,-0.38644,-0.23133,4.89,-558.2781098,-558.2194508,4.218992,Gaussian,QC,"opt+freq: b3lyp/6-311G** em=gd3bj
energy: M062X/6-311G+(2d, p) em=gd3"
1454,c-c111+c-b39+c-b72,CCC(C)Cc1c(COC)ccc2cccc[n+]12,pyridinium,-752.5776539,0.293583,0.359232,578.094912,-0.38569,-0.21885,6.1015,-752.2840709,-752.2184219,4.538048,Gaussian,QC,"opt+freq: b3lyp/6-311G** em=gd3bj
energy: M062X/6-311G+(2d, p) em=gd3"
1455,c-c133+c-b13+c-b86,N#CCCc1cc[n+](CCc2ccc(Cl)cc2Cl)cc1,pyridinium,-1648.3161625,0.219122,0.287571,602.763776,-0.36891,-0.23601,9.2184,-1648.0970405,-1648.0285915,3.61488,Gaussian,QC,"opt+freq: b3lyp/6-311G** em=gd3bj
energy: M062X/6-311G+(2d, p) em=gd3"
1456,c-c108+c-b3+c-b18,CCC(=O)c1cc[n+](CCCC2CCCC2)cc1,pyridinium,-753.7883066,0.312418,0.382329,615.6337599999999,-0.39822,-0.25452,3.4646,-753.4758886000001,-753.4059776,3.90864,Gaussian,QC,"opt+freq: b3lyp/6-311G** em=gd3bj
energy: M062X/6-311G+(2d, p) em=gd3"
1457,c-c133+c-b12+c-b65,CCC#CCc1cc[n+](CCC(=O)C(C)(C)C)cc1,pyridinium,-791.8504081,0.307766,0.385141,681.360216,-0.36672,-0.22104,3.5973,-791.5426421,-791.4652671,3.962496,Gaussian,QC,"opt+freq: b3lyp/6-311G** em=gd3bj
energy: M062X/6-311G+(2d, p) em=gd3"
1458,c-c65+c-b24,Cc1ccccc1-c1ccc[n+](C)c1,pyridinium,-558.2539559,0.190832,0.244296,470.800416,-0.36623,-0.23436,7.5126,-558.0631239,-558.0096599000001,3.586863999999999,Gaussian,QC,"opt+freq: b3lyp/6-311G** em=gd3bj
energy: M062X/6-311G+(2d, p) em=gd3"
1459,c-c133+c-b65+c-b80,CCC#CCc1cc[n+](CCC(C)C)cc1,pyridinium,-639.2150288,0.277199,0.345832,604.387168,-0.36951,-0.22551,3.308,-638.9378298,-638.8691968,3.9168,Gaussian,QC,"opt+freq: b3lyp/6-311G** em=gd3bj
energy: M062X/6-311G+(2d, p) em=gd3"
1460,c-c88+c-b77,Cc1cc[n+](CCCCC(F)(F)F)cc1,pyridinium,-782.2127345,0.195343,0.257028,543.1961680000001,-0.46004,-0.23593,10.6131,-782.0173915,-781.9557065,6.095792,Gaussian,QC,"opt+freq: b3lyp/6-311G** em=gd3bj
energy: M062X/6-311G+(2d, p) em=gd3"
1461,c-c111+c-b27+c-b45,CC(C#N)c1ccc2cccc[n+]2c1C(=O)O,pyridinium,-761.6333271,0.168157,0.226918,517.439464,-0.41539,-0.24608,7.0284,-761.4651701,-761.4064091,4.605232,Gaussian,QC,"opt+freq: b3lyp/6-311G** em=gd3bj
energy: M062X/6-311G+(2d, p) em=gd3"
1462,c-c111+c-b27+c-b47,CC(C#N)c1c(C(C)(C)C)ccc2cccc[n+]12,pyridinium,-730.2885991,0.262351,0.324644,548.54332,-0.3991,-0.22758,5.8765,-730.0262481000001,-729.9639551,4.665344,Gaussian,QC,"opt+freq: b3lyp/6-311G** em=gd3bj
energy: M062X/6-311G+(2d, p) em=gd3"
1463,c-c65+c-b54,CCCCCCCCCCCc1ccc[n+](C)c1,pyridinium,-720.2778908,0.374897,0.451204,671.9587680000001,-0.37428,-0.23619,17.6572,-719.9029938,-719.8266868000001,3.756048,Gaussian,QC,"opt+freq: b3lyp/6-311G** em=gd3bj
energy: M062X/6-311G+(2d, p) em=gd3"
1464,c-c108+c-b8+c-b35,CC#CCCCC[n+]1ccc(C(C)CC)cc1,pyridinium,-678.5246759,0.302128,0.375224,643.679112,-0.35332,-0.22253,2.7001,-678.2225479,-678.1494519,3.557488,Gaussian,QC,"opt+freq: b3lyp/6-311G** em=gd3bj
energy: M062X/6-311G+(2d, p) em=gd3"
1465,c-c108+c-b40+c-b56,CCCCCCCCCC[n+]1ccc(N(C)C)cc1,pyridinium,-775.6415947,0.391399,0.469061,683.8915360000001,-0.37437,-0.1899,13.6161,-775.2501957000001,-775.1725337,5.017583999999999,Gaussian,QC,"opt+freq: b3lyp/6-311G** em=gd3bj
energy: M062X/6-311G+(2d, p) em=gd3"
1466,c-c108+c-b68+c-b74,CC(=O)CCC[n+]1ccc(CCCC(C)C)cc1,pyridinium,-755.0120018,0.330766,0.403467,640.206392,-0.37741,-0.21747,6.9072,-754.6812358,-754.6085348,4.350368,Gaussian,QC,"opt+freq: b3lyp/6-311G** em=gd3bj
energy: M062X/6-311G+(2d, p) em=gd3"
1467,c-c40+c-b84,CCCCCCCCCC(=O)C[n+]1cccc(C)c1,pyridinium,-794.2983824,0.354443,0.432385,686.351728,-0.38093,-0.23246,14.7203,-793.9439394000001,-793.8659974000001,4.038384,Gaussian,QC,"opt+freq: b3lyp/6-311G** em=gd3bj
energy: M062X/6-311G+(2d, p) em=gd3"
1468,c-c101+c-b18,CCC(=O)CC[n+]1ccccc1,pyridinium,-519.1655535,0.177514,0.23077,468.967824,-0.38924,-0.23789,5.4988,-518.9880395,-518.9347835,4.116719999999999,Gaussian,QC,"opt+freq: b3lyp/6-311G** em=gd3bj
energy: M062X/6-311G+(2d, p) em=gd3"
1469,c-c18+c-b70,O=S(=O)(O)CCCC[n+]1ccccc1,pyridinium,-1029.661746,0.180727,0.23898,512.970952,-0.42319,-0.24587,10.7209,-1029.481019,-1029.422766,4.823104,Gaussian,QC,"opt+freq: b3lyp/6-311G** em=gd3bj
energy: M062X/6-311G+(2d, p) em=gd3"
1470,c-c133+c-b9+c-b77,CC(F)CC[n+]1ccc(CC(F)(F)F)cc1,pyridinium,-881.4456104,0.187074,0.250069,554.727272,-0.45413,-0.25045,3.5567,-881.2585363999999,-881.1955413999999,5.540095999999999,Gaussian,QC,"opt+freq: b3lyp/6-311G** em=gd3bj
energy: M062X/6-311G+(2d, p) em=gd3"
1471,c-c70+c-b51,CCCCCC[n+]1ccc(C2CCCCC2)c(C)c1,pyridinium,-758.4097083,0.386222,0.458189,633.72956,-0.40679,-0.21449,3.3559,-758.0234863000001,-757.9515193000001,5.23056,Gaussian,QC,"opt+freq: b3lyp/6-311G** em=gd3bj
energy: M062X/6-311G+(2d, p) em=gd3"
1472,c-c33+c-b67,CCCCCC[n+]1ccc(-c2ccc(C)c(F)c2)cc1,pyridinium,-854.0347097,0.30981,0.381903,634.846688,-0.36394,-0.22707,4.8048,-853.7248997,-853.6528067,3.722864,Gaussian,QC,"opt+freq: b3lyp/6-311G** em=gd3bj
energy: M062X/6-311G+(2d, p) em=gd3"
1473,c-c103+c-b75,Clc1cccc(Cl)c1CCC[n+]1ccccc1,pyridinium,-1516.7652539,0.198531,0.258567,528.673504,-0.37211,-0.23564,7.9541,-1516.5667229,-1516.5066869,3.711984,Gaussian,QC,"opt+freq: b3lyp/6-311G** em=gd3bj
energy: M062X/6-311G+(2d, p) em=gd3"
1474,c-c133+c-b39+c-b77,COCc1cc[n+](CCCC(F)(F)F)cc1,pyridinium,-857.4166286,0.199856,0.262487,551.518144,-0.39492,-0.23187,5.8078,-857.2167726,-857.1541416,4.43496,Gaussian,QC,"opt+freq: b3lyp/6-311G** em=gd3bj
energy: M062X/6-311G+(2d, p) em=gd3"
1475,c-c133+c-b60+c-b73,C=CCc1cc[n+](CCCC(C)C)cc1,pyridinium,-601.1460668,0.275957,0.339919,563.241712,-0.38882,-0.22681,3.5333,-600.8701098,-600.8061478,4.406671999999999,Gaussian,QC,"opt+freq: b3lyp/6-311G** em=gd3bj
energy: M062X/6-311G+(2d, p) em=gd3"
1476,c-c108+c-b9+c-b43,CC(F)c1cc[n+](CCCCC#N)cc1,pyridinium,-675.931185,0.2097,0.271206,541.6188,-0.44181,-0.24371,3.5166,-675.721485,-675.659979,5.388319999999999,Gaussian,QC,"opt+freq: b3lyp/6-311G** em=gd3bj
energy: M062X/6-311G+(2d, p) em=gd3"
1477,c-c133+c-b18+c-b40,CCC(=O)c1cc[n+](CCN(C)C)cc1,pyridinium,-653.1049675,0.243264,0.305475,547.823672,-0.3592,-0.24837,4.6199,-652.8617035000001,-652.7994925,3.014576,Gaussian,QC,"opt+freq: b3lyp/6-311G** em=gd3bj
energy: M062X/6-311G+(2d, p) em=gd3"
1478,c-c108+c-b9+c-b80,CC(C)CCC[n+]1ccc(C(C)F)cc1,pyridinium,-662.3105604,0.264636,0.327599,554.451128,-0.43586,-0.23442,2.3357,-662.0459244,-661.9829614,5.479168,Gaussian,QC,"opt+freq: b3lyp/6-311G** em=gd3bj
energy: M062X/6-311G+(2d, p) em=gd3"
1479,c-c133+c-b2+c-b74,CCCCCCC(O)CCC[n+]1ccc(C(C)=O)cc1,pyridinium,-869.5292566,0.361748,0.438586,676.632296,-0.39358,-0.24514,6.0415,-869.1675086,-869.0906706000001,4.037567999999999,Gaussian,QC,"opt+freq: b3lyp/6-311G** em=gd3bj
energy: M062X/6-311G+(2d, p) em=gd3"
1480,c-c111+c-b13+c-b45,N#CCCc1ccc2cccc[n+]2c1C(=O)O,pyridinium,-761.640216,0.169511,0.227501,510.6572,-0.40991,-0.24408,7.0811,-761.470705,-761.412715,4.510576,Gaussian,QC,"opt+freq: b3lyp/6-311G** em=gd3bj
energy: M062X/6-311G+(2d, p) em=gd3"
1481,c-c111+c-b45+c-b81,CCCc1c(C(=O)O)ccc2cccc[n+]12,pyridinium,-708.7180741,0.199603,0.256024,496.837448,-0.40046,-0.23757,5.0116,-708.5184710999999,-708.4620500999999,4.430607999999999,Gaussian,QC,"opt+freq: b3lyp/6-311G** em=gd3bj
energy: M062X/6-311G+(2d, p) em=gd3"
1482,c-c133+c-b9+c-b37,CC(O)Cc1cc[n+](CCC(C)F)cc1,pyridinium,-698.2255728,0.241178,0.304507,557.672808,-0.39023,-0.23601,4.0509,-697.9843948,-697.9210658000001,4.194784,Gaussian,QC,"opt+freq: b3lyp/6-311G** em=gd3bj
energy: M062X/6-311G+(2d, p) em=gd3"
1483,c-c101+c-b1,c1cc[n+](CCC23CC4CC(CC(C4)C2)C3)cc1,pyridinium,-716.7012822,0.329377,0.386191,500.305984,-0.38126,-0.23727,9.9581,-716.3719052,-716.3150912,3.916527999999999,Gaussian,QC,"opt+freq: b3lyp/6-311G** em=gd3bj
energy: M062X/6-311G+(2d, p) em=gd3"
1484,c-c108+c-b27+c-b46,Cc1ccc(CCC[n+]2ccc(C(C)C#N)cc2)cc1,pyridinium,-807.7174327,0.289266,0.360443,626.779936,-0.35136,-0.23186,8.5618,-807.4281667,-807.3569897,3.2504,Gaussian,QC,"opt+freq: b3lyp/6-311G** em=gd3bj
energy: M062X/6-311G+(2d, p) em=gd3"
1485,c-c108+c-b27+c-b58,CC(C#N)CCC[n+]1ccc(CC(=O)O)cc1,pyridinium,-765.274374,0.230239,0.295547,575.1033520000001,-0.41056,-0.22638,3.345,-765.044135,-764.9788269999999,5.009695999999999,Gaussian,QC,"opt+freq: b3lyp/6-311G** em=gd3bj
energy: M062X/6-311G+(2d, p) em=gd3"
1486,c-c108+c-b6+c-b11,NCCCCC[n+]1ccc(C(F)(F)F)cc1,pyridinium,-837.5309085,0.210236,0.275038,570.6432080000001,-0.33434,-0.26016,3.4612,-837.3206725,-837.2558705,2.017696,Gaussian,QC,"opt+freq: b3lyp/6-311G** em=gd3bj
energy: M062X/6-311G+(2d, p) em=gd3"
1487,c-c108+c-b39+c-b82,COCc1cc[n+](CCCCCCCC(C)C)cc1,pyridinium,-795.4895683,0.379134,0.455832,675.3980160000001,-0.38617,-0.22778,9.1411,-795.1104343,-795.0337363,4.308208,Gaussian,QC,"opt+freq: b3lyp/6-311G** em=gd3bj
energy: M062X/6-311G+(2d, p) em=gd3"
1488,c-c108+c-b22+c-b58,O=C(O)Cc1cc[n+](CCCc2ccc(Cl)cc2)cc1,pyridinium,-1285.0368238,0.243583,0.312109,603.441584,-0.34903,-0.23082,11.6667,-1284.7932408,-1284.7247148,3.215312,Gaussian,QC,"opt+freq: b3lyp/6-311G** em=gd3bj
energy: M062X/6-311G+(2d, p) em=gd3"
1489,c-c111+c-b27+c-b37,CC(O)Cc1c(C(C)C#N)ccc2cccc[n+]12,pyridinium,-766.2233927,0.240013,0.302091,546.66052,-0.39141,-0.223,6.5527,-765.9833797,-765.9213017,4.580751999999999,Gaussian,QC,"opt+freq: b3lyp/6-311G** em=gd3bj
energy: M062X/6-311G+(2d, p) em=gd3"
1490,c-c108+c-b9+c-b79,CC(F)c1cc[n+](CCCCCCO)cc1,pyridinium,-737.5271775,0.268707,0.334357,578.1158320000001,-0.36319,-0.23221,3.2176,-737.2584705,-737.1928205,3.562656,Gaussian,QC,"opt+freq: b3lyp/6-311G** em=gd3bj
energy: M062X/6-311G+(2d, p) em=gd3"
1491,c-c133+c-b30+c-b31,CCCCCC[n+]1ccc(CCC(F)(F)F)cc1,pyridinium,-900.1289669,0.274205,0.343961,614.265592,-0.42719,-0.23086,6.625,-899.8547619,-899.7850059,5.340176,Gaussian,QC,"opt+freq: b3lyp/6-311G** em=gd3bj
energy: M062X/6-311G+(2d, p) em=gd3"
1492,c-c133+c-b38+c-b51,C#CCc1cc[n+](CCC2CCCCC2)cc1,pyridinium,-677.3155275,0.28979,0.353493,560.9656160000001,-0.3962,-0.22928,5.4618,-677.0257375,-676.9620345000001,4.540223999999999,Gaussian,QC,"opt+freq: b3lyp/6-311G** em=gd3bj
energy: M062X/6-311G+(2d, p) em=gd3"
1493,c-c25+c-b47,Cc1cccc[n+]1CCCC(C)(C)C,pyridinium,-563.0686966,0.275093,0.333791,516.8913600000001,-0.42581,-0.23115,6.734,-562.7936036,-562.7349055999999,5.294752000000001,Gaussian,QC,"opt+freq: b3lyp/6-311G** em=gd3bj
energy: M062X/6-311G+(2d, p) em=gd3"
1494,c-c108+c-b11+c-b82,CC(C)CCCCCCC[n+]1ccc(C(F)(F)F)cc1,pyridinium,-978.714274,0.32362,0.401033,681.6991200000001,-0.39026,-0.25715,7.3421,-978.390654,-978.3132410000001,3.620592,Gaussian,QC,"opt+freq: b3lyp/6-311G** em=gd3bj
energy: M062X/6-311G+(2d, p) em=gd3"
1495,c-c133+c-b38+c-b40,C#CCCC[n+]1ccc(N(C)C)cc1,pyridinium,-576.6487989,0.218806,0.277613,517.849496,-0.37628,-0.19194,3.6779,-576.4299929,-576.3711859,5.014048,Gaussian,QC,"opt+freq: b3lyp/6-311G** em=gd3bj
energy: M062X/6-311G+(2d, p) em=gd3"
1496,c-c111+c-b11+c-b31,FC(F)(F)CCc1c(C(F)(F)F)ccc2cccc[n+]12,pyridinium,-1154.9500593,0.16386,0.226647,552.903048,-0.41245,-0.24024,7.5813,-1154.7861993,-1154.7234123,4.684111999999999,Gaussian,QC,"opt+freq: b3lyp/6-311G** em=gd3bj
energy: M062X/6-311G+(2d, p) em=gd3"
1497,c-c18+c-b75,Clc1cccc(Cl)c1C[n+]1ccccc1,pyridinium,-1438.1473977,0.145289,0.200321,484.6118,-0.38221,-0.23858,6.2262,-1438.0021087,-1437.9470767,3.906736,Gaussian,QC,"opt+freq: b3lyp/6-311G** em=gd3bj
energy: M062X/6-311G+(2d, p) em=gd3"
1498,c-c133+c-b13+c-b30,CCCCc1cc[n+](CCCCC#N)cc1,pyridinium,-655.3027905,0.269726,0.336054,584.0738480000001,-0.43726,-0.2333,4.7739,-655.0330645,-654.9667365,5.547711999999999,Gaussian,QC,"opt+freq: b3lyp/6-311G** em=gd3bj
energy: M062X/6-311G+(2d, p) em=gd3"
1499,c-c28+c-b79,Cc1ccc[n+](CCCCCCO)c1,pyridinium,-598.9797844,0.251342,0.312185,535.7779360000001,-0.36222,-0.23234,6.8097,-598.7284424,-598.6675994,3.532736,Gaussian,QC,"opt+freq: b3lyp/6-311G** em=gd3bj
energy: M062X/6-311G+(2d, p) em=gd3"
1500,c-c108+c-b13+c-b77,N#CCCCCC[n+]1ccc(CC(F)(F)F)cc1,pyridinium,-913.7453282,0.217966,0.286844,606.5419280000001,-0.42426,-0.24844,9.0528,-913.5273622,-913.4584842,4.782304000000001,Gaussian,QC,"opt+freq: b3lyp/6-311G** em=gd3bj
energy: M062X/6-311G+(2d, p) em=gd3"
1501,c-c133+c-b23+c-b37,CC(O)CCC[n+]1ccc(-c2cccc(Cl)c2)cc1,pyridinium,-1211.0094757,0.262708,0.329352,586.872944,-0.36139,-0.2228,7.112,-1210.7467677,-1210.6801237,3.769648,Gaussian,QC,"opt+freq: b3lyp/6-311G** em=gd3bj
energy: M062X/6-311G+(2d, p) em=gd3"
1502,c-c133+c-b2+c-b38,C#CCCC[n+]1ccc(CC(O)CCCCCC)cc1,pyridinium,-832.3501133,0.360977,0.438898,686.167632,-0.3829,-0.21744,8.1123,-831.9891362999999,-831.9112153,4.500512000000001,Gaussian,QC,"opt+freq: b3lyp/6-311G** em=gd3bj
energy: M062X/6-311G+(2d, p) em=gd3"
1503,c-c108+c-b46+c-b74,CC(=O)c1cc[n+](CCCc2ccc(C)cc2)cc1,pyridinium,-789.4970457,0.273434,0.341884,602.76796,-0.35436,-0.24986,3.8201,-789.2236117,-789.1551616999999,2.8424,Gaussian,QC,"opt+freq: b3lyp/6-311G** em=gd3bj
energy: M062X/6-311G+(2d, p) em=gd3"
1504,c-c99+c-b1,Cc1cc[n+](CC(=O)C23CC4CC(CC(C4)C2)C3)cc1,pyridinium,-830.0320101,0.330217,0.396435,583.111528,-0.37852,-0.22247,10.62,-829.7017931,-829.6355751,4.244560000000001,Gaussian,QC,"opt+freq: b3lyp/6-311G** em=gd3bj
energy: M062X/6-311G+(2d, p) em=gd3"
1505,c-c145+c-b78,CCCCCOC[n+]1ccccc1,pyridinium,-559.6533517,0.225472,0.282972,506.339312,-0.42619,-0.23892,7.3991,-559.4278797000001,-559.3703797000001,5.093744,Gaussian,QC,"opt+freq: b3lyp/6-311G** em=gd3bj
energy: M062X/6-311G+(2d, p) em=gd3"
1506,c-c18+c-b80,CC(C)C[n+]1ccccc1,pyridinium,-405.8411601,0.172585,0.219276,411.153312,-0.46246,-0.24311,3.2769,-405.6685751,-405.6218841,5.96632,Gaussian,QC,"opt+freq: b3lyp/6-311G** em=gd3bj
energy: M062X/6-311G+(2d, p) em=gd3"
1507,c-c133+c-b37+c-b41,CC(O)Cc1cc[n+](CCC2COC(C)(C)O2)cc1,pyridinium,-866.1450274,0.314532,0.38588,628.2819920000001,-0.37166,-0.22327,5.0615,-865.8304954,-865.7591474,4.036207999999999,Gaussian,QC,"opt+freq: b3lyp/6-311G** em=gd3bj
energy: M062X/6-311G+(2d, p) em=gd3"
1508,c-c65+c-b25,CC1CCN(c2ccc[n+](C)c2)CC1,pyridinium,-577.9072361,0.245722,0.302163,497.013176,-0.35999,-0.22047,7.3317,-577.6615141,-577.6050731,3.794943999999999,Gaussian,QC,"opt+freq: b3lyp/6-311G** em=gd3bj
energy: M062X/6-311G+(2d, p) em=gd3"
1509,c-c70+c-b81,CCCCCC[n+]1ccc(CCC)c(C)c1,pyridinium,-641.6867768,0.324959,0.392584,595.504536,-0.42466,-0.21998,3.783,-641.3618177999999,-641.2941927999999,5.567295999999999,Gaussian,QC,"opt+freq: b3lyp/6-311G** em=gd3bj
energy: M062X/6-311G+(2d, p) em=gd3"
1510,c-c133+c-b41+c-b76,COc1cc[n+](CCC2COC(C)(C)O2)cc1,pyridinium,-787.526629,0.264701,0.328472,561.563928,-0.37018,-0.20879,6.8041,-787.261928,-787.1981569999999,4.389808,Gaussian,QC,"opt+freq: b3lyp/6-311G** em=gd3bj
energy: M062X/6-311G+(2d, p) em=gd3"
1511,c-c133+c-b27+c-b75,CC(C#N)CC[n+]1ccc(-c2c(Cl)cccc2Cl)cc1,pyridinium,-1648.298522,0.216419,0.286934,620.94744,-0.37597,-0.24337,5.9746,-1648.082103,-1648.011588,3.606720000000001,Gaussian,QC,"opt+freq: b3lyp/6-311G** em=gd3bj
energy: M062X/6-311G+(2d, p) em=gd3"
1512,c-c84+c-b53,CCCC[n+]1ccc(-c2cccnc2)cc1,pyridinium,-652.9064009,0.232412,0.291121,516.991776,-0.37794,-0.23605,4.5593,-652.6739889,-652.6152799,3.859408,Gaussian,QC,"opt+freq: b3lyp/6-311G** em=gd3bj
energy: M062X/6-311G+(2d, p) em=gd3"
1513,c-c111+c-b35+c-b58,CCC(C)c1c(CC(=O)O)ccc2cccc[n+]12,pyridinium,-787.3297106,0.250102,0.313545,558.676968,-0.38719,-0.2216,6.8115,-787.0796086,-787.0161656,4.504047999999999,Gaussian,QC,"opt+freq: b3lyp/6-311G** em=gd3bj
energy: M062X/6-311G+(2d, p) em=gd3"
1514,c-c133+c-b13+c-b45,N#CCCc1cc[n+](CCC(=O)O)cc1,pyridinium,-686.6575469,0.181652,0.2379,495.318656,-0.4066,-0.23915,6.3493,-686.4758949000001,-686.4196469000001,4.55464,Gaussian,QC,"opt+freq: b3lyp/6-311G** em=gd3bj
energy: M062X/6-311G+(2d, p) em=gd3"
1515,c-c77+c-b61,CCCCCCCCCC[n+]1ccccc1C,pyridinium,-680.9807933,0.353194,0.422192,607.5921119999999,-0.38637,-0.23049,13.3807,-680.6275992999999,-680.5586013,4.239935999999999,Gaussian,QC,"opt+freq: b3lyp/6-311G** em=gd3bj
energy: M062X/6-311G+(2d, p) em=gd3"
1516,c-c133+c-b79+c-b81,CCCc1cc[n+](CCCCCO)cc1,pyridinium,-638.2886218,0.277228,0.341235,563.643376,-0.37342,-0.22409,4.0698,-638.0113938,-637.9473868,4.061775999999999,Gaussian,QC,"opt+freq: b3lyp/6-311G** em=gd3bj
energy: M062X/6-311G+(2d, p) em=gd3"
1517,c-c111+c-b38+c-b40,C#CCc1c(N(C)C)ccc2cccc[n+]12,pyridinium,-651.6227679,0.208739,0.266451,508.20956,-0.3531,-0.21423,2.1393,-651.4140289,-651.3563169,3.777264000000001,Gaussian,QC,"opt+freq: b3lyp/6-311G** em=gd3bj
energy: M062X/6-311G+(2d, p) em=gd3"
1518,c-c87+c-b58,Cc1cc[n+](CCCC(=O)O)cc1,pyridinium,-594.4210992,0.181329,0.23711,491.205784,-0.4034,-0.23194,6.5492,-594.2397702,-594.1839891999999,4.663711999999999,Gaussian,QC,"opt+freq: b3lyp/6-311G** em=gd3bj
energy: M062X/6-311G+(2d, p) em=gd3"
1519,c-c133+c-b4+c-b21,CCCCCCCCCc1cc[n+](CCCCO)cc1,pyridinium,-834.8121204,0.405637,0.486204,709.468328,-0.38463,-0.22136,10.1163,-834.4064834000001,-834.3259164,4.440944000000001,Gaussian,QC,"opt+freq: b3lyp/6-311G** em=gd3bj
energy: M062X/6-311G+(2d, p) em=gd3"
1520,c-c108+c-b71+c-b78,CCCCCCCCC[n+]1ccc(CCCCC)cc1,pyridinium,-798.8981804,0.427349,0.508976,718.8070160000001,-0.39295,-0.22241,7.1497,-798.4708314,-798.3892044,4.638688,Gaussian,QC,"opt+freq: b3lyp/6-311G** em=gd3bj
energy: M062X/6-311G+(2d, p) em=gd3"
1521,c-c133+c-b4+c-b60,C=CCc1cc[n+](CCCCO)cc1,pyridinium,-597.7531123,0.22825,0.28873,532.585544,-0.38869,-0.22589,1.1297,-597.5248623,-597.4643823,4.428159999999999,Gaussian,QC,"opt+freq: b3lyp/6-311G** em=gd3bj
energy: M062X/6-311G+(2d, p) em=gd3"
1522,c-c33+c-b11,CCCCCC[n+]1ccc(C(F)(F)F)cc1,pyridinium,-821.4930518,0.220535,0.285674,573.6138480000001,-0.4357,-0.25849,4.3916,-821.2725168,-821.2073778,4.820111999999999,Gaussian,QC,"opt+freq: b3lyp/6-311G** em=gd3bj
energy: M062X/6-311G+(2d, p) em=gd3"
1523,c-c108+c-b19+c-b46,Cc1ccc(CCC[n+]2ccc(CCCF)cc2)cc1,pyridinium,-854.0357148,0.311289,0.383179,633.0601200000001,-0.34518,-0.21959,6.7616,-853.7244258000001,-853.6525358,3.416048,Gaussian,QC,"opt+freq: b3lyp/6-311G** em=gd3bj
energy: M062X/6-311G+(2d, p) em=gd3"
1524,c-c33+c-b40,CCCCCC[n+]1ccc(N(C)C)cc1,pyridinium,-618.4230766,0.288496,0.35313,569.1578880000001,-0.37539,-0.191,6.3171,-618.1345805999999,-618.0699466,5.015408,Gaussian,QC,"opt+freq: b3lyp/6-311G** em=gd3bj
energy: M062X/6-311G+(2d, p) em=gd3"
1525,c-c111+c-b12+c-b58,CC(C)(C)C(=O)c1c(CC(=O)O)ccc2cccc[n+]12,pyridinium,-900.6512869,0.255262,0.323464,600.583912,-0.39233,-0.23012,7.1154,-900.3960248999999,-900.3278229,4.412112,Gaussian,QC,"opt+freq: b3lyp/6-311G** em=gd3bj
energy: M062X/6-311G+(2d, p) em=gd3"
1526,c-c108+c-b24+c-b29,Cc1ccccc1-c1cc[n+](CCCC(C)C)cc1,pyridinium,-754.7907625,0.319603,0.388533,606.997984,-0.36499,-0.22398,3.1685,-754.4711595,-754.4022295,3.835471999999999,Gaussian,QC,"opt+freq: b3lyp/6-311G** em=gd3bj
energy: M062X/6-311G+(2d, p) em=gd3"
1527,c-c108+c-b13+c-b78,CCCCCc1cc[n+](CCCCCC#N)cc1,pyridinium,-733.9138318,0.320793,0.394005,644.704192,-0.42049,-0.22981,4.7827,-733.5930388,-733.5198268,5.186495999999999,Gaussian,QC,"opt+freq: b3lyp/6-311G** em=gd3bj
energy: M062X/6-311G+(2d, p) em=gd3"
1528,c-c108+c-b60+c-b65,C=CCCCC[n+]1ccc(CC#CCC)cc1,pyridinium,-677.2869711,0.279278,0.352004,640.42396,-0.35904,-0.22532,4.2569,-677.0076931,-676.9349671,3.637184000000001,Gaussian,QC,"opt+freq: b3lyp/6-311G** em=gd3bj
energy: M062X/6-311G+(2d, p) em=gd3"
1529,c-c111+c-b25+c-b76,COc1ccc2cccc[n+]2c1N1CCC(C)CC1,pyridinium,-806.7320136,0.292212,0.354784,551.0035120000001,-0.34078,-0.20488,4.7022,-806.4398016,-806.3772296,3.696480000000001,Gaussian,QC,"opt+freq: b3lyp/6-311G** em=gd3bj
energy: M062X/6-311G+(2d, p) em=gd3"
1530,c-c108+c-b74+c-b75,CC(=O)c1cc[n+](CCCc2c(Cl)cccc2Cl)cc1,pyridinium,-1669.3936396,0.228366,0.297695,610.5041759999999,-0.37415,-0.25257,5.0705,-1669.1652736,-1669.0959446,3.306975999999999,Gaussian,QC,"opt+freq: b3lyp/6-311G** em=gd3bj
energy: M062X/6-311G+(2d, p) em=gd3"
1531,c-c133+c-b13+c-b27,CC(C#N)c1cc[n+](CCCCC#N)cc1,pyridinium,-668.918305,0.214437,0.27847,563.87768,-0.44448,-0.2505,2.081,-668.703868,-668.6398350000001,5.276255999999999,Gaussian,QC,"opt+freq: b3lyp/6-311G** em=gd3bj
energy: M062X/6-311G+(2d, p) em=gd3"
1532,c-c100+c-b41,C[n+]1ccc(C2COC(C)(C)O2)cc1,pyridinium,-633.687867,0.207548,0.264469,501.247384,-0.38174,-0.23653,10.6662,-633.480319,-633.423398,3.949712000000001,Gaussian,QC,"opt+freq: b3lyp/6-311G** em=gd3bj
energy: M062X/6-311G+(2d, p) em=gd3"
1533,c-c108+c-b4+c-b60,C=CCCCC[n+]1ccc(CCO)cc1,pyridinium,-637.0589944,0.254441,0.317864,558.505424,-0.35775,-0.22297,5.1069,-636.8045533999999,-636.7411304,3.666016,Gaussian,QC,"opt+freq: b3lyp/6-311G** em=gd3bj
energy: M062X/6-311G+(2d, p) em=gd3"
1534,c-c133+c-b18+c-b29,CCC(=O)CC[n+]1ccc(C(C)C)cc1,pyridinium,-637.0930605,0.252024,0.31671,569.6223120000001,-0.38293,-0.22152,3.9384,-636.8410365,-636.7763505,4.390352,Gaussian,QC,"opt+freq: b3lyp/6-311G** em=gd3bj
energy: M062X/6-311G+(2d, p) em=gd3"
1535,c-c65+c-b20,C[n+]1cccc(-c2ccc(Cl)c(Cl)c2)c1,pyridinium,-1438.1418483,0.142993,0.199668,499.075888,-0.36613,-0.2429,15.1732,-1437.9988553,-1437.9421803,3.351856,Gaussian,QC,"opt+freq: b3lyp/6-311G** em=gd3bj
energy: M062X/6-311G+(2d, p) em=gd3"
1536,c-c3+c-b79,Cc1ccc[n+](CCCCCO)c1,pyridinium,-559.6749088,0.225679,0.283179,506.335128,-0.37516,-0.23295,5.293,-559.4492298,-559.3917298,3.868112,Gaussian,QC,"opt+freq: b3lyp/6-311G** em=gd3bj
energy: M062X/6-311G+(2d, p) em=gd3"
1537,c-c16+c-b76,CCCCCCCC[n+]1cc(OC)ccc1C,pyridinium,-716.8889665,0.329272,0.398122,606.295072,-0.39844,-0.2228,7.015,-716.5596945000001,-716.4908445000001,4.777408,Gaussian,QC,"opt+freq: b3lyp/6-311G** em=gd3bj
energy: M062X/6-311G+(2d, p) em=gd3"
1538,c-c108+c-b37+c-b60,C=CCc1cc[n+](CCCCC(C)O)cc1,pyridinium,-676.3651085,0.278885,0.346059,591.53392,-0.36747,-0.22723,4.724,-676.0862235000001,-676.0190495,3.814528000000001,Gaussian,QC,"opt+freq: b3lyp/6-311G** em=gd3bj
energy: M062X/6-311G+(2d, p) em=gd3"
1539,c-c65+c-b79,C[n+]1cccc(CCCO)c1,pyridinium,-481.0618137,0.175334,0.225703,443.550024,-0.3981,-0.23343,5.0015,-480.8864797,-480.8361107,4.479024,Gaussian,QC,"opt+freq: b3lyp/6-311G** em=gd3bj
energy: M062X/6-311G+(2d, p) em=gd3"
1540,c-c111+c-b6+c-b13,N#CCCc1c(CCN)ccc2cccc[n+]12,pyridinium,-707.0383915,0.225213,0.286379,538.62724,-0.35181,-0.22325,3.3436,-706.8131784999999,-706.7520125,3.496832,Gaussian,QC,"opt+freq: b3lyp/6-311G** em=gd3bj
energy: M062X/6-311G+(2d, p) em=gd3"
1541,c-c133+c-b12+c-b16,CC(C)(C)C(=O)CC[n+]1ccc(CCCC#N)cc1,pyridinium,-807.9459583,0.301916,0.374809,641.88836,-0.37686,-0.2247,6.3151,-807.6440423,-807.5711493,4.138751999999998,Gaussian,QC,"opt+freq: b3lyp/6-311G** em=gd3bj
energy: M062X/6-311G+(2d, p) em=gd3"
1542,c-c108+c-b13+c-b71,CCCCCCCCC[n+]1ccc(CCC#N)cc1,pyridinium,-773.2170187,0.34797,0.422975,660.494608,-0.39382,-0.23338,9.9192,-772.8690487,-772.7940437000001,4.363968,Gaussian,QC,"opt+freq: b3lyp/6-311G** em=gd3bj
energy: M062X/6-311G+(2d, p) em=gd3"
1543,c-c111+c-b51+c-b76,COc1c(C2CCCCC2)ccc2cccc[n+]12,pyridinium,-751.3932721,0.277188,0.337847,534.158728,-0.38281,-0.21674,6.5161,-751.1160841,-751.0554251,4.517104,Gaussian,QC,"opt+freq: b3lyp/6-311G** em=gd3bj
energy: M062X/6-311G+(2d, p) em=gd3"
1544,c-c108+c-b30+c-b51,CCCCCCC[n+]1ccc(C2CCCCC2)cc1,pyridinium,-758.4028552,0.385953,0.458642,640.097608,-0.40841,-0.21991,3.8487,-758.0169022,-757.9442131999999,5.1272,Gaussian,QC,"opt+freq: b3lyp/6-311G** em=gd3bj
energy: M062X/6-311G+(2d, p) em=gd3"
1545,c-c133+c-b9+c-b47,CC(F)c1cc[n+](CCC(C)(C)C)cc1,pyridinium,-662.3119764,0.265511,0.32686,540.2338960000001,-0.4396,-0.23418,3.2155,-662.0464654000001,-661.9851164,5.587424,Gaussian,QC,"opt+freq: b3lyp/6-311G** em=gd3bj
energy: M062X/6-311G+(2d, p) em=gd3"
1546,c-c111+c-b18+c-b39,CCC(=O)c1ccc2cccc[n+]2c1COC,pyridinium,-747.9734719,0.22045,0.283448,554.764928,-0.38821,-0.23019,5.7265,-747.7530219,-747.6900239,4.298144,Gaussian,QC,"opt+freq: b3lyp/6-311G** em=gd3bj
energy: M062X/6-311G+(2d, p) em=gd3"
1547,c-c133+c-b16+c-b47,CC(C)(C)c1cc[n+](CCCCCC#N)cc1,pyridinium,-694.6124188,0.295694,0.363898,600.600648,-0.42055,-0.22896,7.0081,-694.3167248,-694.2485208,5.211247999999999,Gaussian,QC,"opt+freq: b3lyp/6-311G** em=gd3bj
energy: M062X/6-311G+(2d, p) em=gd3"
1548,c-c108+c-b13+c-b37,CC(O)CCCC[n+]1ccc(CCC#N)cc1,pyridinium,-730.5260355,0.272106,0.341576,611.751008,-0.37037,-0.23276,6.3482,-730.2539295,-730.1844595,3.742991999999999,Gaussian,QC,"opt+freq: b3lyp/6-311G** em=gd3bj
energy: M062X/6-311G+(2d, p) em=gd3"
1549,c-c145+c-b31,FC(F)(F)CCOC[n+]1ccccc1,pyridinium,-778.7972011,0.150156,0.205233,485.0134640000001,-0.44847,-0.24603,7.3149,-778.6470451,-778.5919681,5.506367999999999,Gaussian,QC,"opt+freq: b3lyp/6-311G** em=gd3bj
energy: M062X/6-311G+(2d, p) em=gd3"
1550,c-c133+c-b3+c-b76,COCC[n+]1ccc(C2CCCC2)cc1,pyridinium,-637.0735712,0.257119,0.319216,546.819512,-0.3959,-0.21911,4.3946,-636.8164522,-636.7543552,4.808687999999999,Gaussian,QC,"opt+freq: b3lyp/6-311G** em=gd3bj
energy: M062X/6-311G+(2d, p) em=gd3"
1551,c-c111+c-b28+c-b60,C=CCCc1c(CC=C)ccc2cccc[n+]12,pyridinium,-674.918026,0.246543,0.307347,535.4306640000001,-0.37372,-0.21908,4.5459,-674.6714830000001,-674.610679,4.206208,Gaussian,QC,"opt+freq: b3lyp/6-311G** em=gd3bj
energy: M062X/6-311G+(2d, p) em=gd3"
1552,c-c18+c-b55,c1cc[n+](Cc2cscn2)cc1,pyridinium,-855.7643503,0.123547,0.171984,426.53788,-0.38994,-0.23692,5.4976,-855.6408033,-855.5923663000001,4.162144000000001,Gaussian,QC,"opt+freq: b3lyp/6-311G** em=gd3bj
energy: M062X/6-311G+(2d, p) em=gd3"
1553,c-c33+c-b65,CCC#CCc1cc[n+](CCCCCC)cc1,pyridinium,-678.5174527,0.303103,0.375428,636.8968480000001,-0.3684,-0.22435,2.3554,-678.2143497000001,-678.1420247,3.91816,Gaussian,QC,"opt+freq: b3lyp/6-311G** em=gd3bj
energy: M062X/6-311G+(2d, p) em=gd3"
1554,c-c33+c-b48,CCCCCC[n+]1ccc(-c2cccc(C)c2)cc1,pyridinium,-754.7918168,0.318421,0.389003,621.549936,-0.3639,-0.22359,2.3347,-754.4733958,-754.4028138,3.816432,Gaussian,QC,"opt+freq: b3lyp/6-311G** em=gd3bj
energy: M062X/6-311G+(2d, p) em=gd3"
1555,c-c111+c-b56+c-b74,CCCCCCCc1ccc2cccc[n+]2c1C(C)=O,pyridinium,-829.9905973,0.321307,0.393272,633.717008,-0.39513,-0.22554,10.294,-829.6692903,-829.5973253,4.612848,Gaussian,QC,"opt+freq: b3lyp/6-311G** em=gd3bj
energy: M062X/6-311G+(2d, p) em=gd3"
1556,c-c108+c-b4+c-b16,N#CCCCCCC[n+]1ccc(CCO)cc1,pyridinium,-730.526147,0.273562,0.342285,605.1695760000001,-0.40127,-0.22594,10.4984,-730.2525850000001,-730.1838620000001,4.768976,Gaussian,QC,"opt+freq: b3lyp/6-311G** em=gd3bj
energy: M062X/6-311G+(2d, p) em=gd3"
1557,c-c65+c-b61,CCCCCCCCc1ccc[n+](C)c1,pyridinium,-602.3641741,0.298179,0.364246,581.781016,-0.39723,-0.23662,11.9751,-602.0659951,-601.9999281,4.368592,Gaussian,QC,"opt+freq: b3lyp/6-311G** em=gd3bj
energy: M062X/6-311G+(2d, p) em=gd3"
1558,c-c108+c-b8+c-b30,CC#CCCCC[n+]1ccc(CCCC)cc1,pyridinium,-678.5224671,0.302309,0.375668,645.9928639999999,-0.35417,-0.22376,3.6311,-678.2201580999999,-678.1467991,3.547152,Gaussian,QC,"opt+freq: b3lyp/6-311G** em=gd3bj
energy: M062X/6-311G+(2d, p) em=gd3"
1559,c-c3+c-b61,CCCCCCCCCC[n+]1cccc(C)c1,pyridinium,-680.9796212,0.350984,0.421992,625.294616,-0.38582,-0.23299,13.3857,-680.6286372,-680.5576292,4.156975999999999,Gaussian,QC,"opt+freq: b3lyp/6-311G** em=gd3bj
energy: M062X/6-311G+(2d, p) em=gd3"
1560,c-c108+c-b10+c-b30,CCCCC[n+]1ccc(CCCC)cc1,pyridinium,-602.3743995,0.299517,0.364082,568.5553920000001,-0.43465,-0.22479,2.2129,-602.0748825,-602.0103174999999,5.708191999999999,Gaussian,QC,"opt+freq: b3lyp/6-311G** em=gd3bj
energy: M062X/6-311G+(2d, p) em=gd3"
1561,c-c108+c-b19+c-b45,O=C(O)c1cc[n+](CCCCCCF)cc1,pyridinium,-772.2393536,0.224521,0.288487,563.2793680000001,-0.4261,-0.26521,8.6637,-772.0148326,-771.9508665999999,4.376207999999999,Gaussian,QC,"opt+freq: b3lyp/6-311G** em=gd3bj
energy: M062X/6-311G+(2d, p) em=gd3"
1562,c-c108+c-b6+c-b65,CCC#CCCCC[n+]1ccc(CCN)cc1,pyridinium,-694.5661332,0.292807,0.365538,640.469984,-0.34896,-0.21706,7.3721,-694.2733261999999,-694.2005952,3.58768,Gaussian,QC,"opt+freq: b3lyp/6-311G** em=gd3bj
energy: M062X/6-311G+(2d, p) em=gd3"
1563,c-c108+c-b41+c-b58,CC1(C)OCC(CCC[n+]2ccc(CC(=O)O)cc2)O1,pyridinium,-940.1856567,0.296002,0.369277,645.252296,-0.3596,-0.22826,7.2267,-939.8896546999999,-939.8163797,3.572448,Gaussian,QC,"opt+freq: b3lyp/6-311G** em=gd3bj
energy: M062X/6-311G+(2d, p) em=gd3"
1564,c-c111+c-b45+c-b83,CCCCCCc1c(C(=O)O)ccc2cccc[n+]12,pyridinium,-826.6311353,0.276101,0.342843,587.72648,-0.39664,-0.23464,7.1317,-826.3550342999999,-826.2882923,4.4064,Gaussian,QC,"opt+freq: b3lyp/6-311G** em=gd3bj
energy: M062X/6-311G+(2d, p) em=gd3"
1565,c-c3+c-b41,Cc1ccc[n+](CCC2COC(C)(C)O2)c1,pyridinium,-712.3107223,0.260461,0.322564,546.878088,-0.3722,-0.22978,8.1693,-712.0502613,-711.9881582999999,3.873823999999999,Gaussian,QC,"opt+freq: b3lyp/6-311G** em=gd3bj
energy: M062X/6-311G+(2d, p) em=gd3"
1566,c-c111+c-b8+c-b30,CC#CCc1c(CCCC)ccc2cccc[n+]12,pyridinium,-714.2177695,0.269476,0.336432,589.613464,-0.38009,-0.21742,5.0769,-713.9482935,-713.8813375000001,4.424624,Gaussian,QC,"opt+freq: b3lyp/6-311G** em=gd3bj
energy: M062X/6-311G+(2d, p) em=gd3"
1567,c-c111+c-b9+c-b73,CC(C)Cc1c(C(C)F)ccc2cccc[n+]12,pyridinium,-737.3125013,0.25675,0.317798,537.585424,-0.39305,-0.22414,6.0095,-737.0557513,-736.9947033,4.594352,Gaussian,QC,"opt+freq: b3lyp/6-311G** em=gd3bj
energy: M062X/6-311G+(2d, p) em=gd3"
1568,c-c108+c-b6+c-b29,CC(C)c1cc[n+](CCCCCN)cc1,pyridinium,-618.4193531,0.289059,0.353339,566.0408080000001,-0.33783,-0.22125,2.3714,-618.1302941,-618.0660141,3.170976,Gaussian,QC,"opt+freq: b3lyp/6-311G** em=gd3bj
energy: M062X/6-311G+(2d, p) em=gd3"
1569,c-c3+c-b84,CCCCCCCCCCC[n+]1cccc(C)c1,pyridinium,-720.2841733,0.376921,0.450981,652.1684480000001,-0.37889,-0.23273,15.2238,-719.9072523,-719.8331923000001,3.975552,Gaussian,QC,"opt+freq: b3lyp/6-311G** em=gd3bj
energy: M062X/6-311G+(2d, p) em=gd3"
1570,c-c133+c-b6+c-b61,CCCCCCCCc1cc[n+](CCCCN)cc1,pyridinium,-775.6377681,0.392656,0.469825,679.552728,-0.35564,-0.21945,8.6734,-775.2451121,-775.1679431,3.704368,Gaussian,QC,"opt+freq: b3lyp/6-311G** em=gd3bj
energy: M062X/6-311G+(2d, p) em=gd3"
1571,c-c40+c-b51,Cc1ccc[n+](CC(=O)C2CCCCC2)c1,pyridinium,-675.1933835,0.262547,0.324306,543.844688,-0.39337,-0.23097,8.4075,-674.9308364999999,-674.8690775,4.41728,Gaussian,QC,"opt+freq: b3lyp/6-311G** em=gd3bj
energy: M062X/6-311G+(2d, p) em=gd3"
1572,c-c100+c-b39,COCc1cc[n+](C)cc1,pyridinium,-441.7364044,0.147527,0.195791,425.01072,-0.40324,-0.23894,5.8092,-441.5888774,-441.5406134,4.468959999999999,Gaussian,QC,"opt+freq: b3lyp/6-311G** em=gd3bj
energy: M062X/6-311G+(2d, p) em=gd3"
1573,c-c133+c-b38+c-b74,C#CCc1cc[n+](CCC(C)=O)cc1,pyridinium,-595.3098199,0.181688,0.240793,520.481232,-0.39181,-0.22916,2.857,-595.1281319,-595.0690268999999,4.42408,Gaussian,QC,"opt+freq: b3lyp/6-311G** em=gd3bj
energy: M062X/6-311G+(2d, p) em=gd3"
1574,c-c108+c-b23+c-b40,CN(C)c1cc[n+](CCCc2cccc(Cl)c2)cc1,pyridinium,-1191.134313,0.271479,0.341659,618.010272,-0.34573,-0.19114,11.4464,-1190.862834,-1190.792654,4.204847999999999,Gaussian,QC,"opt+freq: b3lyp/6-311G** em=gd3bj
energy: M062X/6-311G+(2d, p) em=gd3"
1575,c-c25+c-b9,Cc1cccc[n+]1CCCC(C)F,pyridinium,-583.7103611,0.216591,0.270644,475.99276,-0.43862,-0.22755,4.2907,-583.4937701,-583.4397171,5.741104,Gaussian,QC,"opt+freq: b3lyp/6-311G** em=gd3bj
energy: M062X/6-311G+(2d, p) em=gd3"
1576,c-c133+c-b28+c-b46,C=CCCc1cc[n+](CCc2ccc(C)cc2)cc1,pyridinium,-753.5648881,0.295376,0.365479,617.319912,-0.35239,-0.2186,4.2055,-753.2695120999999,-753.1994090999999,3.639088,Gaussian,QC,"opt+freq: b3lyp/6-311G** em=gd3bj
energy: M062X/6-311G+(2d, p) em=gd3"
1577,c-c100+c-b61,CCCCCCCCc1cc[n+](C)cc1,pyridinium,-602.3662194,0.298851,0.36431,576.4296800000001,-0.39447,-0.23162,13.414,-602.0673684,-602.0019093999999,4.42952,Gaussian,QC,"opt+freq: b3lyp/6-311G** em=gd3bj
energy: M062X/6-311G+(2d, p) em=gd3"
1578,c-c133+c-b45+c-b50,C=Cc1ccc(-c2cc[n+](CCC(=O)O)cc2)cc1,pyridinium,-824.2258341,0.230687,0.29677,581.923272,-0.34029,-0.22354,4.6033,-823.9951471,-823.9290641,3.1756,Gaussian,QC,"opt+freq: b3lyp/6-311G** em=gd3bj
energy: M062X/6-311G+(2d, p) em=gd3"
1579,c-c25+c-b61,CCCCCCCCCCC[n+]1ccccc1C,pyridinium,-720.285349,0.378783,0.451149,637.252488,-0.37885,-0.23034,15.3328,-719.906566,-719.8342,4.039472000000001,Gaussian,QC,"opt+freq: b3lyp/6-311G** em=gd3bj
energy: M062X/6-311G+(2d, p) em=gd3"
1580,c-c111+c-b74+c-b78,CCCCCc1c(C(C)=O)ccc2cccc[n+]12,pyridinium,-751.3787172,0.270788,0.335608,570.806384,-0.3901,-0.22848,6.9463,-751.1079292,-751.0431092,4.396064,Gaussian,QC,"opt+freq: b3lyp/6-311G** em=gd3bj
energy: M062X/6-311G+(2d, p) em=gd3"
1581,c-c133+c-b11+c-b45,O=C(O)CC[n+]1ccc(C(F)(F)F)cc1,pyridinium,-852.8376805,0.128412,0.187286,518.43944,-0.43037,-0.26062,8.5035,-852.7092685,-852.6503945000001,4.617199999999999,Gaussian,QC,"opt+freq: b3lyp/6-311G** em=gd3bj
energy: M062X/6-311G+(2d, p) em=gd3"
1582,c-c133+c-b65+c-b79,CCC#CCc1cc[n+](CCCCCO)cc1,pyridinium,-714.4315126,0.281179,0.352544,628.432616,-0.36837,-0.22311,4.1947,-714.1503336000001,-714.0789686,3.951071999999999,Gaussian,QC,"opt+freq: b3lyp/6-311G** em=gd3bj
energy: M062X/6-311G+(2d, p) em=gd3"
1583,c-c108+c-b71+c-b74,CCCCCCc1cc[n+](CCCC(C)=O)cc1,pyridinium,-755.0095901,0.331055,0.404074,643.0013040000001,-0.37759,-0.21771,5.058,-754.6785351,-754.6055160999999,4.348736,Gaussian,QC,"opt+freq: b3lyp/6-311G** em=gd3bj
energy: M062X/6-311G+(2d, p) em=gd3"
1584,c-c111+c-b35+c-b40,CCC(C)c1c(N(C)C)ccc2cccc[n+]12,pyridinium,-693.4008214,0.279828,0.342043,547.869696,-0.34676,-0.20982,2.7434,-693.1209934000001,-693.0587784,3.724768,Gaussian,QC,"opt+freq: b3lyp/6-311G** em=gd3bj
energy: M062X/6-311G+(2d, p) em=gd3"
1585,c-c33+c-b27,CCCCCC[n+]1ccc(C(C)C#N)cc1,pyridinium,-655.2956559,0.269822,0.335473,578.1158320000001,-0.4325,-0.24114,2.4546,-655.0258339000001,-654.9601829000001,5.204992,Gaussian,QC,"opt+freq: b3lyp/6-311G** em=gd3bj
energy: M062X/6-311G+(2d, p) em=gd3"
1586,c-c25+c-b22,Cc1cccc[n+]1CCCc1ccc(Cl)cc1,pyridinium,-1096.472494,0.232915,0.294831,545.229592,-0.35453,-0.22911,9.9443,-1096.239579,-1096.177663,3.411424,Gaussian,QC,"opt+freq: b3lyp/6-311G** em=gd3bj
energy: M062X/6-311G+(2d, p) em=gd3"
1587,c-c108+c-b35+c-b45,CCC(C)c1cc[n+](CCCC(=O)O)cc1,pyridinium,-712.3387717,0.25826,0.32382,577.320872,-0.40055,-0.22474,3.5643,-712.0805117000001,-712.0149517000001,4.782032,Gaussian,QC,"opt+freq: b3lyp/6-311G** em=gd3bj
energy: M062X/6-311G+(2d, p) em=gd3"
1588,c-c108+c-b45+c-b78,CCCCCCCC[n+]1ccc(C(=O)O)cc1,pyridinium,-751.6278403,0.285251,0.352864,595.395752,-0.40673,-0.25767,5.5196,-751.3425893,-751.2749763,4.054431999999999,Gaussian,QC,"opt+freq: b3lyp/6-311G** em=gd3bj
energy: M062X/6-311G+(2d, p) em=gd3"
1589,c-c133+c-b22+c-b81,CCCCC[n+]1ccc(-c2ccc(Cl)cc2)cc1,pyridinium,-1135.7767264,0.25772,0.323645,580.5341840000001,-0.36609,-0.2307,6.6314,-1135.5190064,-1135.4530814,3.682608000000001,Gaussian,QC,"opt+freq: b3lyp/6-311G** em=gd3bj
energy: M062X/6-311G+(2d, p) em=gd3"
1590,c-c108+c-b6+c-b76,COCCC[n+]1ccc(CCN)cc1,pyridinium,-615.0189396,0.241408,0.301636,530.368024,-0.36444,-0.21495,2.4572,-614.7775316,-614.7173035999999,4.066127999999999,Gaussian,QC,"opt+freq: b3lyp/6-311G** em=gd3bj
energy: M062X/6-311G+(2d, p) em=gd3"
1591,c-c133+c-b11+c-b67,Cc1ccc(CC[n+]2ccc(C(F)(F)F)cc2)cc1F,pyridinium,-1033.8525459,0.204758,0.274464,613.826272,-0.36548,-0.25339,7.9588,-1033.6477879,-1033.5780819,3.048848,Gaussian,QC,"opt+freq: b3lyp/6-311G** em=gd3bj
energy: M062X/6-311G+(2d, p) em=gd3"
1592,c-c133+c-b41+c-b80,CC(C)c1cc[n+](CCC2COC(C)(C)O2)cc1,pyridinium,-790.9254461,0.311316,0.380221,606.776232,-0.37015,-0.22003,6.2054,-790.6141301,-790.5452251,4.083263999999999,Gaussian,QC,"opt+freq: b3lyp/6-311G** em=gd3bj
energy: M062X/6-311G+(2d, p) em=gd3"
1593,c-c111+c-b65+c-b72,CCC#CCc1ccc2cccc[n+]2c1CC(C)CC,pyridinium,-792.8267211,0.321413,0.39427,641.578744,-0.3638,-0.2157,6.6349,-792.5053081,-792.4324511,4.02832,Gaussian,QC,"opt+freq: b3lyp/6-311G** em=gd3bj
energy: M062X/6-311G+(2d, p) em=gd3"
1594,c-c133+c-b45+c-b79,O=C(O)CC[n+]1ccc(CCCO)cc1,pyridinium,-708.9415149,0.211848,0.272019,529.865944,-0.39536,-0.22289,3.9378,-708.7296669,-708.6694959,4.691184,Gaussian,QC,"opt+freq: b3lyp/6-311G** em=gd3bj
energy: M062X/6-311G+(2d, p) em=gd3"
1595,c-c108+c-b11+c-b31,FC(F)(F)CCC[n+]1ccc(CCC(F)(F)F)cc1,pyridinium,-1119.2742857,0.197278,0.265988,605.056608,-0.45854,-0.23733,7.3959,-1119.0770077,-1119.0082977,6.016912,Gaussian,QC,"opt+freq: b3lyp/6-311G** em=gd3bj
energy: M062X/6-311G+(2d, p) em=gd3"
1596,c-c108+c-b47+c-b73,CC(C)CCCC[n+]1ccc(C(C)(C)C)cc1,pyridinium,-680.989606,0.350696,0.420325,613.152648,-0.41623,-0.22208,4.2225,-680.63891,-680.5692809999999,5.28088,Gaussian,QC,"opt+freq: b3lyp/6-311G** em=gd3bj
energy: M062X/6-311G+(2d, p) em=gd3"
1597,c-c111+c-b37+c-b77,CC(O)Cc1ccc2cccc[n+]2c1CC(F)(F)F,pyridinium,-971.7349818,0.216537,0.281199,569.404744,-0.38897,-0.23009,8.314,-971.5184448,-971.4537828,4.321536,Gaussian,QC,"opt+freq: b3lyp/6-311G** em=gd3bj
energy: M062X/6-311G+(2d, p) em=gd3"
1598,c-c111+c-b9+c-b28,C=CCCc1c(C(C)F)ccc2cccc[n+]12,pyridinium,-736.0781752,0.234162,0.294784,533.8365600000001,-0.36338,-0.22536,6.1701,-735.8440132000001,-735.7833912,3.754143999999999,Gaussian,QC,"opt+freq: b3lyp/6-311G** em=gd3bj
energy: M062X/6-311G+(2d, p) em=gd3"
1599,c-c25+c-b65,CCC#CCCCC[n+]1ccccc1C,pyridinium,-599.9088575,0.253299,0.317873,568.6390719999999,-0.35288,-0.23082,8.7128,-599.6555585,-599.5909845,3.320032000000001,Gaussian,QC,"opt+freq: b3lyp/6-311G** em=gd3bj
energy: M062X/6-311G+(2d, p) em=gd3"
1600,c-c108+c-b22+c-b74,CC(=O)CCC[n+]1ccc(-c2ccc(Cl)cc2)cc1,pyridinium,-1209.8024974,0.238653,0.305708,590.483736,-0.36253,-0.22542,7.9295,-1209.5638444,-1209.4967894,3.729392,Gaussian,QC,"opt+freq: b3lyp/6-311G** em=gd3bj
energy: M062X/6-311G+(2d, p) em=gd3"
1601,c-c108+c-b3+c-b10,CCCCC[n+]1ccc(C2CCCC2)cc1,pyridinium,-640.4772799,0.305933,0.371507,577.438024,-0.42583,-0.22208,3.0448,-640.1713469,-640.1057729,5.542,Gaussian,QC,"opt+freq: b3lyp/6-311G** em=gd3bj
energy: M062X/6-311G+(2d, p) em=gd3"
1602,c-c133+c-b61+c-b76,CCCCCCCCCC[n+]1ccc(OC)cc1,pyridinium,-756.1951026,0.354908,0.42786,642.41136,-0.38373,-0.21238,13.4182,-755.8401946,-755.7672426,4.66072,Gaussian,QC,"opt+freq: b3lyp/6-311G** em=gd3bj
energy: M062X/6-311G+(2d, p) em=gd3"
1603,c-c133+c-b45+c-b68,CC(C)CCCCC[n+]1ccc(C(=O)O)cc1,pyridinium,-751.6302299,0.284849,0.352255,593.575712,-0.40829,-0.25777,6.6605,-751.3453809,-751.2779749,4.094143999999999,Gaussian,QC,"opt+freq: b3lyp/6-311G** em=gd3bj
energy: M062X/6-311G+(2d, p) em=gd3"
1604,c-c3+c-b40,Cc1ccc[n+](CCN(C)C)c1,pyridinium,-500.4852233,0.211227,0.265257,475.787744,-0.35432,-0.227,2.5407,-500.2739963,-500.2199663,3.463104,Gaussian,QC,"opt+freq: b3lyp/6-311G** em=gd3bj
energy: M062X/6-311G+(2d, p) em=gd3"
1605,c-c133+c-b3+c-b45,O=C(O)CC[n+]1ccc(C2CCCC2)cc1,pyridinium,-711.1273908,0.239326,0.302068,552.505568,-0.41556,-0.22363,5.8055,-710.8880647999999,-710.8253228,5.220496,Gaussian,QC,"opt+freq: b3lyp/6-311G** em=gd3bj
energy: M062X/6-311G+(2d, p) em=gd3"
1606,c-c111+c-b35+c-b37,CCC(C)c1c(CC(C)O)ccc2cccc[n+]12,pyridinium,-752.5865156,0.293956,0.35922,574.7142400000001,-0.37723,-0.2195,6.1225,-752.2925596,-752.2272955999999,4.290256,Gaussian,QC,"opt+freq: b3lyp/6-311G** em=gd3bj
energy: M062X/6-311G+(2d, p) em=gd3"
1607,c-c108+c-b10+c-b21,CCCCCCCCCc1cc[n+](CCCCC)cc1,pyridinium,-798.8978516,0.427872,0.508998,714.388712,-0.3847,-0.22276,10.2328,-798.4699796,-798.3888536,4.404767999999999,Gaussian,QC,"opt+freq: b3lyp/6-311G** em=gd3bj
energy: M062X/6-311G+(2d, p) em=gd3"
1608,c-c133+c-b43+c-b72,CCC(C)Cc1cc[n+](CCCC#N)cc1,pyridinium,-655.3075513,0.270314,0.335468,573.7435519999999,-0.42952,-0.23061,5.6457,-655.0372373,-654.9720833,5.410352,Gaussian,QC,"opt+freq: b3lyp/6-311G** em=gd3bj
energy: M062X/6-311G+(2d, p) em=gd3"
1609,c-c111+c-b10+c-b81,CCCc1c(CC)ccc2cccc[n+]12,pyridinium,-598.7676805,0.240197,0.296292,493.975592,-0.38915,-0.21929,2.8896,-598.5274835,-598.4713885,4.620191999999999,Gaussian,QC,"opt+freq: b3lyp/6-311G** em=gd3bj
energy: M062X/6-311G+(2d, p) em=gd3"
1610,c-c133+c-b73+c-b79,CC(C)Cc1cc[n+](CCCCCO)cc1,pyridinium,-677.5962125,0.302407,0.369585,591.571576,-0.3729,-0.22268,3.9804,-677.2938055,-677.2266275,4.085984000000001,Gaussian,QC,"opt+freq: b3lyp/6-311G** em=gd3bj
energy: M062X/6-311G+(2d, p) em=gd3"
1611,c-c87+c-b77,Cc1cc[n+](CCCC(F)(F)F)cc1,pyridinium,-742.907922,0.170954,0.22805,502.7829120000001,-0.45986,-0.23605,8.4996,-742.7369679999999,-742.6798719999999,6.087631999999999,Gaussian,QC,"opt+freq: b3lyp/6-311G** em=gd3bj
energy: M062X/6-311G+(2d, p) em=gd3"
1612,c-c108+c-b11+c-b79,OCCCCCC[n+]1ccc(C(F)(F)F)cc1,pyridinium,-896.7120384,0.224738,0.291847,590.9648960000001,-0.36742,-0.25635,5.3545,-896.4873004,-896.4201914,3.021104,Gaussian,QC,"opt+freq: b3lyp/6-311G** em=gd3bj
energy: M062X/6-311G+(2d, p) em=gd3"
1613,c-c99+c-b70,Cc1cc[n+](CC(=O)CCCS(=O)(=O)O)cc1,pyridinium,-1182.3054232,0.211555,0.27793,584.496432,-0.39533,-0.22959,9.4528,-1182.0938682,-1182.0274932,4.508128000000001,Gaussian,QC,"opt+freq: b3lyp/6-311G** em=gd3bj
energy: M062X/6-311G+(2d, p) em=gd3"
1614,c-c133+c-b56+c-b76,CCCCCCCCC[n+]1ccc(OC)cc1,pyridinium,-716.8906856,0.329462,0.398899,611.462312,-0.39287,-0.21214,10.3035,-716.5612236,-716.4917866,4.915856,Gaussian,QC,"opt+freq: b3lyp/6-311G** em=gd3bj
energy: M062X/6-311G+(2d, p) em=gd3"
1615,c-c65+c-b17,CCCCCCCCCC(=O)c1ccc[n+](C)c1,pyridinium,-754.9836233,0.330635,0.404347,649.109944,-0.37779,-0.25038,18.2484,-754.6529883,-754.5792763,3.465552000000001,Gaussian,QC,"opt+freq: b3lyp/6-311G** em=gd3bj
energy: M062X/6-311G+(2d, p) em=gd3"
1616,c-c108+c-b74+c-b78,CCCCCc1cc[n+](CCCC(C)=O)cc1,pyridinium,-715.7048147,0.305693,0.375115,611.3284239999999,-0.37786,-0.21818,3.6927,-715.3991217,-715.3296997,4.343295999999999,Gaussian,QC,"opt+freq: b3lyp/6-311G** em=gd3bj
energy: M062X/6-311G+(2d, p) em=gd3"
1617,c-c70+c-b39,CCCCCC[n+]1ccc(COC)c(C)c1,pyridinium,-677.5790699,0.301205,0.369031,597.2743680000001,-0.39367,-0.22759,2.9279,-677.2778649,-677.2100389000001,4.517376000000001,Gaussian,QC,"opt+freq: b3lyp/6-311G** em=gd3bj
energy: M062X/6-311G+(2d, p) em=gd3"
1618,c-c111+c-b27+c-b29,CC(C)c1c(C(C)C#N)ccc2cccc[n+]12,pyridinium,-690.9769628,0.237328,0.296562,521.615096,-0.40114,-0.2307,7.8711,-690.7396348,-690.6804008,4.635968,Gaussian,QC,"opt+freq: b3lyp/6-311G** em=gd3bj
energy: M062X/6-311G+(2d, p) em=gd3"
1619,c-c101+c-b12,CC(C)(C)C(=O)CC[n+]1ccccc1,pyridinium,-597.7810121,0.229019,0.287469,514.711496,-0.38237,-0.23711,7.1695,-597.5519931,-597.4935431,3.951072,Gaussian,QC,"opt+freq: b3lyp/6-311G** em=gd3bj
energy: M062X/6-311G+(2d, p) em=gd3"
1620,c-c99+c-b44,Cc1cc[n+](CC(=O)CCC(C)C)cc1,pyridinium,-637.0842625,0.250433,0.315764,575.3083680000001,-0.40005,-0.22878,8.8034,-636.8338295,-636.7684985000001,4.658544,Gaussian,QC,"opt+freq: b3lyp/6-311G** em=gd3bj
energy: M062X/6-311G+(2d, p) em=gd3"
1621,c-c133+c-b30+c-b47,CCCCCC[n+]1ccc(C(C)(C)C)cc1,pyridinium,-641.6824959,0.325282,0.39193,586.898048,-0.42608,-0.22247,2.9675,-641.3572139,-641.2905659,5.538192,Gaussian,QC,"opt+freq: b3lyp/6-311G** em=gd3bj
energy: M062X/6-311G+(2d, p) em=gd3"
1622,c-c77+c-b8,CC#CCCC[n+]1ccccc1C,pyridinium,-521.3036531,0.203126,0.259892,499.870848,-0.37519,-0.22949,4.3792,-521.1005271,-521.0437611,3.96304,Gaussian,QC,"opt+freq: b3lyp/6-311G** em=gd3bj
energy: M062X/6-311G+(2d, p) em=gd3"
1623,c-c108+c-b29+c-b41,CC(C)CCC[n+]1ccc(C2COC(C)(C)O2)cc1,pyridinium,-830.2222671,0.335966,0.408574,639.382144,-0.37738,-0.22701,4.7122,-829.8863011,-829.8136930999999,4.090064,Gaussian,QC,"opt+freq: b3lyp/6-311G** em=gd3bj
energy: M062X/6-311G+(2d, p) em=gd3"
1624,c-c111+c-b76+c-b81,CCCc1c(OC)ccc2cccc[n+]12,pyridinium,-634.6691342,0.21727,0.272682,487.954816,-0.3744,-0.21716,2.6317,-634.4518642,-634.3964522,4.276928000000001,Gaussian,QC,"opt+freq: b3lyp/6-311G** em=gd3bj
energy: M062X/6-311G+(2d, p) em=gd3"
1625,c-c133+c-b28+c-b55,C=CCCCC[n+]1ccc(-c2cscn2)cc1,pyridinium,-1051.0736013,0.228287,0.292872,568.73112,-0.35682,-0.23121,1.9684,-1050.8453143,-1050.7807293,3.416592000000001,Gaussian,QC,"opt+freq: b3lyp/6-311G** em=gd3bj
energy: M062X/6-311G+(2d, p) em=gd3"
1626,c-c133+c-b6+c-b46,Cc1ccc(-c2cc[n+](CCCCN)cc2)cc1,pyridinium,-731.5323837,0.282706,0.349803,590.851928,-0.35086,-0.21944,2.765,-731.2496777,-731.1825807,3.574624,Gaussian,QC,"opt+freq: b3lyp/6-311G** em=gd3bj
energy: M062X/6-311G+(2d, p) em=gd3"
1627,c-c111+c-b74+c-b81,CCCc1ccc2cccc[n+]2c1C(C)=O,pyridinium,-672.771257,0.21792,0.277291,522.8200879999999,-0.39836,-0.22869,4.7596,-672.5533369999999,-672.493966,4.615023999999999,Gaussian,QC,"opt+freq: b3lyp/6-311G** em=gd3bj
energy: M062X/6-311G+(2d, p) em=gd3"
1628,c-c18+c-b3,c1cc[n+](CC2CCCC2)cc1,pyridinium,-483.24602,0.206302,0.256217,439.545936,-0.43284,-0.24034,5.1661,-483.039718,-482.989803,5.236,Gaussian,QC,"opt+freq: b3lyp/6-311G** em=gd3bj
energy: M062X/6-311G+(2d, p) em=gd3"
1629,c-c108+c-b4+c-b74,CC(=O)CCC[n+]1ccc(CCO)cc1,pyridinium,-673.0100352,0.232364,0.29433,545.6689120000001,-0.37553,-0.21658,4.1931,-672.7776712,-672.7157052,4.32344,Gaussian,QC,"opt+freq: b3lyp/6-311G** em=gd3bj
energy: M062X/6-311G+(2d, p) em=gd3"
1630,c-c133+c-b43+c-b81,CCCCC[n+]1ccc(CC#N)cc1,pyridinium,-576.6828044,0.218755,0.277695,519.021016,-0.44899,-0.2449,6.0054,-576.4640494,-576.4051094,5.551247999999999,Gaussian,QC,"opt+freq: b3lyp/6-311G** em=gd3bj
energy: M062X/6-311G+(2d, p) em=gd3"
1631,c-c111+c-b74+c-b80,CC(=O)c1c(C(C)C)ccc2cccc[n+]12,pyridinium,-672.7681915,0.218981,0.277026,511.13836,-0.3986,-0.2279,4.9252,-672.5492105,-672.4911655,4.64304,Gaussian,QC,"opt+freq: b3lyp/6-311G** em=gd3bj
energy: M062X/6-311G+(2d, p) em=gd3"
1632,c-c111+c-b12+c-b37,CC(O)Cc1c(C(=O)C(C)(C)C)ccc2cccc[n+]12,pyridinium,-865.9121173,0.299011,0.368996,616.286464,-0.37974,-0.22605,7.9857,-865.6131063,-865.5431212999999,4.180368000000001,Gaussian,QC,"opt+freq: b3lyp/6-311G** em=gd3bj
energy: M062X/6-311G+(2d, p) em=gd3"
1633,c-c133+c-b10+c-b38,C#CCc1cc[n+](CCCC)cc1,pyridinium,-521.2866866,0.20283,0.259132,495.791448,-0.39789,-0.23213,2.6344,-521.0838566000001,-521.0275546,4.508672000000001,Gaussian,QC,"opt+freq: b3lyp/6-311G** em=gd3bj
energy: M062X/6-311G+(2d, p) em=gd3"
1634,c-c88+c-b24,Cc1cc[n+](CCCc2ccccc2C)cc1,pyridinium,-676.1825165,0.268129,0.331126,554.748192,-0.35605,-0.22148,6.4935,-675.9143875,-675.8513905,3.660303999999999,Gaussian,QC,"opt+freq: b3lyp/6-311G** em=gd3bj
energy: M062X/6-311G+(2d, p) em=gd3"
1635,c-c133+c-b11+c-b36,FC(F)(F)CC[n+]1ccc(-c2ccccc2)cc1,pyridinium,-895.3171933,0.192621,0.253664,537.547768,-0.38065,-0.23414,4.9409,-895.1245723,-895.0635293,3.985072,Gaussian,QC,"opt+freq: b3lyp/6-311G** em=gd3bj
energy: M062X/6-311G+(2d, p) em=gd3"
1636,c-c133+c-b13+c-b47,CC(C)(C)CC[n+]1ccc(CCC#N)cc1,pyridinium,-655.3065287,0.270883,0.334678,561.768944,-0.43873,-0.23454,3.8177,-655.0356456999999,-654.9718506999999,5.553968,Gaussian,QC,"opt+freq: b3lyp/6-311G** em=gd3bj
energy: M062X/6-311G+(2d, p) em=gd3"
1637,c-c133+c-b43+c-b44,CC(C)CCc1cc[n+](CCCC#N)cc1,pyridinium,-655.3075924,0.270337,0.335459,573.4590400000001,-0.43084,-0.2315,5.618,-655.0372553999999,-654.9721334,5.422047999999999,Gaussian,QC,"opt+freq: b3lyp/6-311G** em=gd3bj
energy: M062X/6-311G+(2d, p) em=gd3"
1638,c-c100+c-b13,C[n+]1ccc(CCC#N)cc1,pyridinium,-458.7706511,0.141392,0.191339,439.8346320000001,-0.45167,-0.24485,6.8779,-458.6292591,-458.5793121,5.625504,Gaussian,QC,"opt+freq: b3lyp/6-311G** em=gd3bj
energy: M062X/6-311G+(2d, p) em=gd3"
1639,c-c133+c-b35+c-b40,CCC(C)CC[n+]1ccc(N(C)C)cc1,pyridinium,-618.4247514,0.287697,0.352544,571.044872,-0.37559,-0.19126,5.4754,-618.1370544,-618.0722074,5.013775999999999,Gaussian,QC,"opt+freq: b3lyp/6-311G** em=gd3bj
energy: M062X/6-311G+(2d, p) em=gd3"
1640,c-c108+c-b35+c-b39,CCC(C)c1cc[n+](CCCCOC)cc1,pyridinium,-677.58197,0.300889,0.369322,602.617336,-0.36873,-0.2214,2.0071,-677.281081,-677.212648,4.007376,Gaussian,QC,"opt+freq: b3lyp/6-311G** em=gd3bj
energy: M062X/6-311G+(2d, p) em=gd3"
1641,c-c133+c-b8+c-b23,CC#CCCC[n+]1ccc(-c2cccc(Cl)c2)cc1,pyridinium,-1172.6221744,0.237037,0.30628,609.7552400000001,-0.36545,-0.23007,7.2396,-1172.3851374,-1172.3158944,3.682336,Gaussian,QC,"opt+freq: b3lyp/6-311G** em=gd3bj
energy: M062X/6-311G+(2d, p) em=gd3"
1642,c-c133+c-b40+c-b43,CN(C)c1cc[n+](CCCC#N)cc1,pyridinium,-592.7454483,0.208776,0.267205,514.523216,-0.38205,-0.1984,5.7871,-592.5366723000001,-592.4782433,4.99528,Gaussian,QC,"opt+freq: b3lyp/6-311G** em=gd3bj
energy: M062X/6-311G+(2d, p) em=gd3"
1643,c-c133+c-b74+c-b86,CC(=O)CC[n+]1ccc(-c2ccc(Cl)cc2Cl)cc1,pyridinium,-1630.0919635,0.199641,0.268099,602.83072,-0.36803,-0.23123,10.3636,-1629.8923225,-1629.8238645,3.720960000000001,Gaussian,QC,"opt+freq: b3lyp/6-311G** em=gd3bj
energy: M062X/6-311G+(2d, p) em=gd3"
1644,c-c88+c-b18,CCC(=O)CCC[n+]1ccc(C)cc1,pyridinium,-597.7887773,0.228308,0.288362,528.83668,-0.37445,-0.22231,5.2745,-597.5604693,-597.5004153,4.138208,Gaussian,QC,"opt+freq: b3lyp/6-311G** em=gd3bj
energy: M062X/6-311G+(2d, p) em=gd3"
1645,c-c133+c-b25+c-b39,COCc1cc[n+](CCN2CCC(C)CC2)cc1,pyridinium,-771.0308554,0.325474,0.393667,600.504416,-0.34472,-0.21443,6.5709,-770.7053814,-770.6371883999999,3.543888,Gaussian,QC,"opt+freq: b3lyp/6-311G** em=gd3bj
energy: M062X/6-311G+(2d, p) em=gd3"
1646,c-c108+c-b39+c-b58,COCCCC[n+]1ccc(CC(=O)O)cc1,pyridinium,-748.23521,0.234624,0.300408,579.2915360000001,-0.36965,-0.2291,2.66,-748.000586,-747.9348020000001,3.822959999999999,Gaussian,QC,"opt+freq: b3lyp/6-311G** em=gd3bj
energy: M062X/6-311G+(2d, p) em=gd3"
1647,c-c145+c-b74,CC(=O)OC[n+]1ccccc1,pyridinium,-515.7867129,0.130046,0.178561,427.215688,-0.43353,-0.24972,4.3444,-515.6566669,-515.6081519,4.999632000000001,Gaussian,QC,"opt+freq: b3lyp/6-311G** em=gd3bj
energy: M062X/6-311G+(2d, p) em=gd3"
1648,c-c133+c-b55+c-b81,CCCc1cc[n+](CCc2cscn2)cc1,pyridinium,-1013.0029168,0.226149,0.287415,539.50588,-0.37224,-0.21835,4.5785,-1012.7767678,-1012.7155018,4.185808000000001,Gaussian,QC,"opt+freq: b3lyp/6-311G** em=gd3bj
energy: M062X/6-311G+(2d, p) em=gd3"
1649,c-c87+c-b50,C=Cc1ccc(CC[n+]2ccc(C)cc2)cc1,pyridinium,-674.9562543,0.244249,0.307617,558.011712,-0.33267,-0.22283,7.5786,-674.7120053,-674.6486372999999,2.987648000000001,Gaussian,QC,"opt+freq: b3lyp/6-311G** em=gd3bj
energy: M062X/6-311G+(2d, p) em=gd3"
1650,c-c133+c-b41+c-b58,CC1(C)OCC(c2cc[n+](CCCC(=O)O)cc2)O1,pyridinium,-900.8791248,0.270978,0.340436,611.63804,-0.38335,-0.2272,5.8408,-900.6081468,-900.5386888,4.24728,Gaussian,QC,"opt+freq: b3lyp/6-311G** em=gd3bj
energy: M062X/6-311G+(2d, p) em=gd3"
1651,c-c133+c-b31+c-b79,OCCCCC[n+]1ccc(CCC(F)(F)F)cc1,pyridinium,-936.0427555,0.251696,0.321088,611.064832,-0.37342,-0.22958,7.4484,-935.7910595,-935.7216675,3.912447999999999,Gaussian,QC,"opt+freq: b3lyp/6-311G** em=gd3bj
energy: M062X/6-311G+(2d, p) em=gd3"
1652,c-c111+c-b10+c-b53,CCc1ccc2cccc[n+]2c1-c1cccnc1,pyridinium,-727.9082684,0.221459,0.280582,520.63604,-0.37661,-0.2201,5.3408,-727.6868094,-727.6276864,4.257072,Gaussian,QC,"opt+freq: b3lyp/6-311G** em=gd3bj
energy: M062X/6-311G+(2d, p) em=gd3"
1653,c-c108+c-b38+c-b58,C#CCc1cc[n+](CCCCC(=O)O)cc1,pyridinium,-709.8609243,0.21274,0.276912,565.1035919999999,-0.38613,-0.23278,5.0116,-709.6481842999999,-709.5840122999999,4.171119999999999,Gaussian,QC,"opt+freq: b3lyp/6-311G** em=gd3bj
energy: M062X/6-311G+(2d, p) em=gd3"
1654,c-c28+c-b69,CCCCCCCCCCCCC[n+]1cccc(C)c1,pyridinium,-798.893215,0.427706,0.508917,715.137648,-0.36667,-0.23256,19.1413,-798.4655090000001,-798.3842980000001,3.647792,Gaussian,QC,"opt+freq: b3lyp/6-311G** em=gd3bj
energy: M062X/6-311G+(2d, p) em=gd3"
1655,c-c100+c-b10,CCc1cc[n+](C)cc1,pyridinium,-366.5368054,0.144707,0.190505,403.29576,-0.4608,-0.237,3.5568,-366.3920984,-366.3463004,6.087359999999999,Gaussian,QC,"opt+freq: b3lyp/6-311G** em=gd3bj
energy: M062X/6-311G+(2d, p) em=gd3"
1656,c-c108+c-b8+c-b80,CC#CCc1cc[n+](CCCC(C)C)cc1,pyridinium,-639.2156694,0.276362,0.345636,610.0230160000001,-0.37212,-0.22509,3.9503,-638.9393074000001,-638.8700334,3.999216,Gaussian,QC,"opt+freq: b3lyp/6-311G** em=gd3bj
energy: M062X/6-311G+(2d, p) em=gd3"
1657,c-c108+c-b47+c-b53,CC(C)(C)c1cc[n+](CCCc2cccnc2)cc1,pyridinium,-770.8287571,0.308797,0.377036,600.9102640000001,-0.36073,-0.22275,5.5318,-770.5199600999999,-770.4517211,3.753056,Gaussian,QC,"opt+freq: b3lyp/6-311G** em=gd3bj
energy: M062X/6-311G+(2d, p) em=gd3"
1658,c-c133+c-b37+c-b76,COc1cc[n+](CCCC(C)O)cc1,pyridinium,-634.9053804,0.231253,0.28869,505.787024,-0.40183,-0.20229,1.6372,-634.6741274,-634.6166904,5.427488,Gaussian,QC,"opt+freq: b3lyp/6-311G** em=gd3bj
energy: M062X/6-311G+(2d, p) em=gd3"
1659,c-c77+c-b20,Cc1cccc[n+]1CCc1ccc(Cl)c(Cl)c1,pyridinium,-1516.7647697,0.195849,0.257569,543.5057840000001,-0.36138,-0.23406,12.478,-1516.5689207,-1516.5072007,3.463104,Gaussian,QC,"opt+freq: b3lyp/6-311G** em=gd3bj
energy: M062X/6-311G+(2d, p) em=gd3"
1660,c-c108+c-b81+c-b83,CCCCCCCCC[n+]1ccc(CCC)cc1,pyridinium,-720.2887099,0.376738,0.451022,654.143296,-0.39299,-0.22414,8.7844,-719.9119718999999,-719.8376879,4.59272,Gaussian,QC,"opt+freq: b3lyp/6-311G** em=gd3bj
energy: M062X/6-311G+(2d, p) em=gd3"
1661,c-c103+c-b39,COCCCC[n+]1ccccc1,pyridinium,-520.3492383,0.200713,0.254422,472.9593600000001,-0.37442,-0.24032,5.9889,-520.1485253000001,-520.0948163,3.647519999999999,Gaussian,QC,"opt+freq: b3lyp/6-311G** em=gd3bj
energy: M062X/6-311G+(2d, p) em=gd3"
1662,c-c133+c-b6+c-b8,CC#CCc1cc[n+](CCCCN)cc1,pyridinium,-615.9529196,0.24188,0.3071,574.325128,-0.35629,-0.22237,1.702,-615.7110395999999,-615.6458196,3.642624,Gaussian,QC,"opt+freq: b3lyp/6-311G** em=gd3bj
energy: M062X/6-311G+(2d, p) em=gd3"
1663,c-c133+c-b24+c-b78,CCCCCc1cc[n+](CCc2ccccc2C)cc1,pyridinium,-794.0984165,0.344668,0.417974,645.52844,-0.35723,-0.21746,3.9783,-793.7537485,-793.6804425,3.801744,Gaussian,QC,"opt+freq: b3lyp/6-311G** em=gd3bj
energy: M062X/6-311G+(2d, p) em=gd3"
1664,c-c65+c-b21,CCCCCCCCCc1ccc[n+](C)c1,pyridinium,-641.6681879,0.324578,0.393243,604.667496,-0.38586,-0.23574,15.5171,-641.3436099,-641.2749449,4.083263999999999,Gaussian,QC,"opt+freq: b3lyp/6-311G** em=gd3bj
energy: M062X/6-311G+(2d, p) em=gd3"
1665,c-c28+c-b40,Cc1ccc[n+](CCCN(C)C)c1,pyridinium,-539.7821706,0.236182,0.293944,508.644696,-0.32733,-0.23509,5.7675,-539.5459886,-539.4882266,2.508928,Gaussian,QC,"opt+freq: b3lyp/6-311G** em=gd3bj
energy: M062X/6-311G+(2d, p) em=gd3"
1666,c-c111+c-b47+c-b76,COc1c(C(C)(C)C)ccc2cccc[n+]12,pyridinium,-673.9705586,0.241595,0.300072,514.949984,-0.38769,-0.21978,4.3807,-673.7289636,-673.6704866,4.567151999999999,Gaussian,QC,"opt+freq: b3lyp/6-311G** em=gd3bj
energy: M062X/6-311G+(2d, p) em=gd3"
1667,c-c133+c-b18+c-b36,CCC(=O)c1cc[n+](CCc2ccccc2)cc1,pyridinium,-750.1866166,0.249439,0.313819,566.927816,-0.37363,-0.25114,4.1032,-749.9371775999999,-749.8727976,3.331728000000001,Gaussian,QC,"opt+freq: b3lyp/6-311G** em=gd3bj
energy: M062X/6-311G+(2d, p) em=gd3"
1668,c-c133+c-b40+c-b67,Cc1ccc(CC[n+]2ccc(N(C)C)cc2)cc1F,pyridinium,-830.7821865,0.272382,0.341916,612.3116640000001,-0.34851,-0.18868,6.927,-830.5098045,-830.4402705,4.347376,Gaussian,QC,"opt+freq: b3lyp/6-311G** em=gd3bj
energy: M062X/6-311G+(2d, p) em=gd3"
1669,c-c108+c-b8+c-b83,CC#CCCCC[n+]1ccc(CCCCCC)cc1,pyridinium,-757.1318968,0.354323,0.433639,698.451856,-0.35304,-0.22211,3.4774,-756.7775738,-756.6982578000001,3.561296,Gaussian,QC,"opt+freq: b3lyp/6-311G** em=gd3bj
energy: M062X/6-311G+(2d, p) em=gd3"
1670,c-c108+c-b45+c-b74,CC(=O)c1cc[n+](CCCC(=O)O)cc1,pyridinium,-707.7335295,0.188162,0.248041,527.296968,-0.40715,-0.26008,2.5787,-707.5453675,-707.4854885000001,4.000304000000001,Gaussian,QC,"opt+freq: b3lyp/6-311G** em=gd3bj
energy: M062X/6-311G+(2d, p) em=gd3"
1671,c-c111+c-b18+c-b71,CCCCCCc1c(C(=O)CC)ccc2cccc[n+]12,pyridinium,-829.9951302,0.323767,0.394169,619.9642000000001,-0.38456,-0.23111,8.9763,-829.6713632,-829.6009611999999,4.17384,Gaussian,QC,"opt+freq: b3lyp/6-311G** em=gd3bj
energy: M062X/6-311G+(2d, p) em=gd3"
1672,c-c133+c-b28+c-b74,C=CCCc1cc[n+](CCC(C)=O)cc1,pyridinium,-635.8627178,0.230027,0.293382,557.9029280000001,-0.37066,-0.22342,4.4892,-635.6326908000001,-635.5693358000001,4.004928,Gaussian,QC,"opt+freq: b3lyp/6-311G** em=gd3bj
energy: M062X/6-311G+(2d, p) em=gd3"
1673,c-c133+c-b8+c-b38,C#CCCC[n+]1ccc(CC#CC)cc1,pyridinium,-597.4387178,0.207397,0.270723,557.6477040000001,-0.37215,-0.22584,3.5946,-597.2313207999999,-597.1679948,3.979631999999999,Gaussian,QC,"opt+freq: b3lyp/6-311G** em=gd3bj
energy: M062X/6-311G+(2d, p) em=gd3"
1674,c-c87+c-b68,Cc1cc[n+](CCCCCC(C)C)cc1,pyridinium,-602.3750149,0.29798,0.363311,575.2958160000001,-0.4053,-0.22847,9.5842,-602.0770349,-602.0117039,4.809775999999999,Gaussian,QC,"opt+freq: b3lyp/6-311G** em=gd3bj
energy: M062X/6-311G+(2d, p) em=gd3"
1675,c-c111+c-b28+c-b29,C=CCCc1ccc2cccc[n+]2c1C(C)C,pyridinium,-676.1423067,0.267905,0.330541,551.572536,-0.36691,-0.21708,4.0697,-675.8744016999999,-675.8117656999999,4.075376,Gaussian,QC,"opt+freq: b3lyp/6-311G** em=gd3bj
energy: M062X/6-311G+(2d, p) em=gd3"
1676,c-c25+c-b37,Cc1cccc[n+]1CCCCC(C)O,pyridinium,-598.9830667,0.252697,0.311734,519.874552,-0.36891,-0.23253,7.5341,-598.7303697,-598.6713327,3.709536000000001,Gaussian,QC,"opt+freq: b3lyp/6-311G** em=gd3bj
energy: M062X/6-311G+(2d, p) em=gd3"
1677,c-c133+c-b51+c-b83,CCCCCCCC[n+]1ccc(C2CCCCC2)cc1,pyridinium,-797.70753,0.412144,0.487655,664.950568,-0.40137,-0.21957,4.9194,-797.295386,-797.219875,4.94496,Gaussian,QC,"opt+freq: b3lyp/6-311G** em=gd3bj
energy: M062X/6-311G+(2d, p) em=gd3"
1678,c-c28+c-b6,Cc1ccc[n+](CCCCCN)c1,pyridinium,-539.8047563,0.238071,0.295666,507.18448,-0.33988,-0.23113,4.6169,-539.5666853,-539.5090903,2.958,Gaussian,QC,"opt+freq: b3lyp/6-311G** em=gd3bj
energy: M062X/6-311G+(2d, p) em=gd3"
1679,c-c111+c-b40+c-b60,C=CCc1c(N(C)C)ccc2cccc[n+]12,pyridinium,-652.8701801,0.231226,0.289737,515.2470480000001,-0.3488,-0.21119,1.8934,-652.6389541,-652.5804431,3.742992,Gaussian,QC,"opt+freq: b3lyp/6-311G** em=gd3bj
energy: M062X/6-311G+(2d, p) em=gd3"
1680,c-c25+c-b10,CCCCC[n+]1ccccc1C,pyridinium,-484.457127,0.224238,0.277248,466.804696,-0.44318,-0.23266,4.351,-484.232889,-484.179879,5.726144000000001,Gaussian,QC,"opt+freq: b3lyp/6-311G** em=gd3bj
energy: M062X/6-311G+(2d, p) em=gd3"
1681,c-c133+c-b80+c-b82,CC(C)CCCCCC[n+]1ccc(C(C)C)cc1,pyridinium,-720.2920873,0.375803,0.450039,653.720712,-0.39355,-0.22336,8.7295,-719.9162843,-719.8420483000001,4.629168,Gaussian,QC,"opt+freq: b3lyp/6-311G** em=gd3bj
energy: M062X/6-311G+(2d, p) em=gd3"
1682,c-c84+c-b3,CCCC[n+]1ccc(C2CCCC2)cc1,pyridinium,-601.1725866,0.280581,0.342531,545.535024,-0.42638,-0.22299,3.6316,-600.8920056000001,-600.8300556,5.532208,Gaussian,QC,"opt+freq: b3lyp/6-311G** em=gd3bj
energy: M062X/6-311G+(2d, p) em=gd3"
1683,c-c108+c-b58+c-b65,CCC#CCCCC[n+]1ccc(CC(=O)O)cc1,pyridinium,-788.481557,0.262246,0.335533,645.365264,-0.3529,-0.22896,4.913,-788.219311,-788.1460239999999,3.371168,Gaussian,QC,"opt+freq: b3lyp/6-311G** em=gd3bj
energy: M062X/6-311G+(2d, p) em=gd3"
1684,c-c25+c-b3,Cc1cccc[n+]1CCCC1CCCC1,pyridinium,-601.1702088,0.282361,0.342349,528.2551040000001,-0.40893,-0.23081,8.1937,-600.8878477999999,-600.8278597999999,4.844864,Gaussian,QC,"opt+freq: b3lyp/6-311G** em=gd3bj
energy: M062X/6-311G+(2d, p) em=gd3"
1685,c-c133+c-b4+c-b86,OCCCC[n+]1ccc(-c2ccc(Cl)cc2Cl)cc1,pyridinium,-1631.2883736,0.22405,0.292653,604.111024,-0.36958,-0.2321,7.6624,-1631.0643236,-1630.9957206,3.739456000000001,Gaussian,QC,"opt+freq: b3lyp/6-311G** em=gd3bj
energy: M062X/6-311G+(2d, p) em=gd3"
1686,c-c108+c-b18+c-b65,CCC#CCCCC[n+]1ccc(C(=O)CC)cc1,pyridinium,-752.5273409,0.282048,0.357953,668.4191040000001,-0.35578,-0.25467,5.2276,-752.2452929,-752.1693879000001,2.750191999999999,Gaussian,QC,"opt+freq: b3lyp/6-311G** em=gd3bj
energy: M062X/6-311G+(2d, p) em=gd3"
1687,c-c111+c-b18+c-b74,CCC(=O)c1c(C(C)=O)ccc2cccc[n+]12,pyridinium,-746.7767768,0.197895,0.259404,541.648088,-0.39751,-0.24173,6.7747,-746.5788818,-746.5173728,4.237215999999999,Gaussian,QC,"opt+freq: b3lyp/6-311G** em=gd3bj
energy: M062X/6-311G+(2d, p) em=gd3"
1688,c-c133+c-b8+c-b51,CC#CCc1cc[n+](CCC2CCCCC2)cc1,pyridinium,-716.6324215,0.312795,0.382647,615.1107599999999,-0.37137,-0.22395,4.8481,-716.3196264999999,-716.2497745,4.009823999999999,Gaussian,QC,"opt+freq: b3lyp/6-311G** em=gd3bj
energy: M062X/6-311G+(2d, p) em=gd3"
1689,c-c18+c-b28,C=CCCC[n+]1ccccc1,pyridinium,-443.9122666,0.175352,0.225361,440.38692,-0.37945,-0.24365,4.7931,-443.7369146,-443.6869056,3.69376,Gaussian,QC,"opt+freq: b3lyp/6-311G** em=gd3bj
energy: M062X/6-311G+(2d, p) em=gd3"
1690,c-c84+c-b11,CCCC[n+]1ccc(C(F)(F)F)cc1,pyridinium,-742.8831089,0.169582,0.227733,512.0797600000001,-0.47085,-0.26061,6.4783,-742.7135269,-742.6553759000001,5.718527999999999,Gaussian,QC,"opt+freq: b3lyp/6-311G** em=gd3bj
energy: M062X/6-311G+(2d, p) em=gd3"
1691,c-c133+c-b36+c-b40,CN(C)c1cc[n+](CCc2ccccc2)cc1,pyridinium,-692.2286744,0.257916,0.320679,552.693848,-0.35784,-0.1879,5.6651,-691.9707584,-691.9079954,4.622367999999999,Gaussian,QC,"opt+freq: b3lyp/6-311G** em=gd3bj
energy: M062X/6-311G+(2d, p) em=gd3"
1692,c-c28+c-b41,Cc1ccc[n+](CCCC2COC(C)(C)O2)c1,pyridinium,-751.6119179,0.28482,0.351454,586.772528,-0.35936,-0.23285,10.0011,-751.3270979,-751.2604639,3.441072,Gaussian,QC,"opt+freq: b3lyp/6-311G** em=gd3bj
energy: M062X/6-311G+(2d, p) em=gd3"
1693,c-c108+c-b16+c-b65,CCC#CCCCC[n+]1ccc(CCCC#N)cc1,pyridinium,-770.7597739,0.299197,0.376883,684.100736,-0.35499,-0.22953,4.5604,-770.4605769,-770.3828909,3.412512,Gaussian,QC,"opt+freq: b3lyp/6-311G** em=gd3bj
energy: M062X/6-311G+(2d, p) em=gd3"
1694,c-c111+c-b27+c-b40,CC(C#N)c1c(N(C)C)ccc2cccc[n+]12,pyridinium,-707.0098156,0.224475,0.284349,527.24676,-0.35405,-0.22418,6.1453,-706.7853406,-706.7254666,3.532464,Gaussian,QC,"opt+freq: b3lyp/6-311G** em=gd3bj
energy: M062X/6-311G+(2d, p) em=gd3"
1695,c-c133+c-b67+c-b81,CCCCC[n+]1ccc(-c2ccc(C)c(F)c2)cc1,pyridinium,-814.7297686,0.284167,0.352933,605.546136,-0.36432,-0.2277,4.4828,-814.4456016,-814.3768356,3.716063999999999,Gaussian,QC,"opt+freq: b3lyp/6-311G** em=gd3bj
energy: M062X/6-311G+(2d, p) em=gd3"
1696,c-c108+c-b18+c-b45,CCC(=O)CCC[n+]1ccc(C(=O)O)cc1,pyridinium,-747.0441437,0.214948,0.277294,549.02448,-0.37917,-0.25189,5.0031,-746.8291956999999,-746.7668497,3.462016,Gaussian,QC,"opt+freq: b3lyp/6-311G** em=gd3bj
energy: M062X/6-311G+(2d, p) em=gd3"
1697,c-c108+c-b30+c-b81,CCCCCCC[n+]1ccc(CCC)cc1,pyridinium,-641.6794486,0.325137,0.393077,598.2785279999999,-0.41368,-0.22474,5.0957,-641.3543116,-641.2863716,5.139168,Gaussian,QC,"opt+freq: b3lyp/6-311G** em=gd3bj
energy: M062X/6-311G+(2d, p) em=gd3"
1698,c-c88+c-b83,CCCCCCCCC[n+]1ccc(C)cc1,pyridinium,-641.6772493,0.324635,0.392963,601.696856,-0.39402,-0.2281,11.5939,-641.3526143,-641.2842863,4.513024,Gaussian,QC,"opt+freq: b3lyp/6-311G** em=gd3bj
energy: M062X/6-311G+(2d, p) em=gd3"
1699,c-c111+c-b9+c-b58,CC(F)c1c(CC(=O)O)ccc2cccc[n+]12,pyridinium,-807.9655765,0.190643,0.249096,514.7366000000001,-0.40078,-0.22992,4.4194,-807.7749335,-807.7164805,4.647392,Gaussian,QC,"opt+freq: b3lyp/6-311G** em=gd3bj
energy: M062X/6-311G+(2d, p) em=gd3"
1700,c-c111+c-b40+c-b74,CC(=O)c1c(N(C)C)ccc2cccc[n+]12,pyridinium,-688.8037739,0.208845,0.266261,505.611296,-0.36361,-0.22919,3.9293,-688.5949289,-688.5375129,3.656223999999999,Gaussian,QC,"opt+freq: b3lyp/6-311G** em=gd3bj
energy: M062X/6-311G+(2d, p) em=gd3"
1701,c-c133+c-b37+c-b73,CC(C)Cc1cc[n+](CCCC(C)O)cc1,pyridinium,-677.6108537,0.303818,0.369211,575.852288,-0.40173,-0.21346,2.9789,-677.3070357,-677.2416427,5.120943999999999,Gaussian,QC,"opt+freq: b3lyp/6-311G** em=gd3bj
energy: M062X/6-311G+(2d, p) em=gd3"
1702,c-c111+c-b12+c-b45,CC(C)(C)C(=O)c1c(C(=O)O)ccc2cccc[n+]12,pyridinium,-861.3406286,0.230797,0.294271,558.948928,-0.39364,-0.24289,7.4903,-861.1098315999999,-861.0463576,4.1004,Gaussian,QC,"opt+freq: b3lyp/6-311G** em=gd3bj
energy: M062X/6-311G+(2d, p) em=gd3"
1703,c-c133+c-b56+c-b74,CCCCCCCCC[n+]1ccc(C(C)=O)cc1,pyridinium,-754.9898585,0.330837,0.403819,642.6707680000001,-0.39573,-0.25653,9.2655,-754.6590215,-754.5860395,3.786240000000001,Gaussian,QC,"opt+freq: b3lyp/6-311G** em=gd3bj
energy: M062X/6-311G+(2d, p) em=gd3"
1704,c-c40+c-b6,Cc1ccc[n+](CC(=O)CCN)c1,pyridinium,-574.5186459,0.193086,0.248831,490.891984,-0.38662,-0.22607,3.0929,-574.3255599,-574.2698149,4.366960000000001,Gaussian,QC,"opt+freq: b3lyp/6-311G** em=gd3bj
energy: M062X/6-311G+(2d, p) em=gd3"
1705,c-c87+c-b79,Cc1cc[n+](CCCCCO)cc1,pyridinium,-559.6771137,0.224882,0.283102,512.682256,-0.37451,-0.22788,5.4471,-559.4522317,-559.3940117,3.988336,Gaussian,QC,"opt+freq: b3lyp/6-311G** em=gd3bj
energy: M062X/6-311G+(2d, p) em=gd3"
1706,c-c84+c-b45,CCCC[n+]1ccc(C(=O)O)cc1,pyridinium,-594.4085016,0.182636,0.236944,478.227016,-0.4356,-0.26046,3.7011,-594.2258656,-594.1715576,4.763807999999999,Gaussian,QC,"opt+freq: b3lyp/6-311G** em=gd3bj
energy: M062X/6-311G+(2d, p) em=gd3"
1707,c-c133+c-b10+c-b65,CCC#CCCC[n+]1ccc(CC)cc1,pyridinium,-599.9144571,0.25242,0.317995,577.4505760000001,-0.3707,-0.22363,5.1115,-599.6620371,-599.5964621,4.000303999999999,Gaussian,QC,"opt+freq: b3lyp/6-311G** em=gd3bj
energy: M062X/6-311G+(2d, p) em=gd3"
1708,c-c133+c-b6+c-b23,NCCc1cc[n+](CCc2cccc(Cl)c2)cc1,pyridinium,-1151.8205472,0.249187,0.312934,561.354728,-0.36256,-0.22782,8.4297,-1151.5713602,-1151.5076132,3.664928,Gaussian,QC,"opt+freq: b3lyp/6-311G** em=gd3bj
energy: M062X/6-311G+(2d, p) em=gd3"
1709,c-c133+c-b9+c-b18,CCC(=O)c1cc[n+](CCC(C)F)cc1,pyridinium,-697.0098616,0.219174,0.281407,548.0161360000001,-0.40431,-0.26357,5.0275,-696.7906876000001,-696.7284546000001,3.828127999999999,Gaussian,QC,"opt+freq: b3lyp/6-311G** em=gd3bj
energy: M062X/6-311G+(2d, p) em=gd3"
1710,c-c108+c-b45+c-b47,CC(C)(C)c1cc[n+](CCCC(=O)O)cc1,pyridinium,-712.3405215,0.259394,0.323085,560.8652000000001,-0.40062,-0.22519,3.719,-712.0811275,-712.0174365,4.771695999999999,Gaussian,QC,"opt+freq: b3lyp/6-311G** em=gd3bj
energy: M062X/6-311G+(2d, p) em=gd3"
1711,c-c133+c-b23+c-b78,CCCCCCC[n+]1ccc(-c2cccc(Cl)c2)cc1,pyridinium,-1214.3855695,0.309071,0.381569,638.411456,-0.36628,-0.23179,2.9702,-1214.0764985,-1214.0040005,3.658128,Gaussian,QC,"opt+freq: b3lyp/6-311G** em=gd3bj
energy: M062X/6-311G+(2d, p) em=gd3"
1712,c-c108+c-b51+c-b79,OCCCCCC[n+]1ccc(C2CCCCC2)cc1,pyridinium,-794.3169382,0.364526,0.43585,628.0769760000001,-0.35928,-0.21835,3.7837,-793.9524122,-793.8810882,3.833296,Gaussian,QC,"opt+freq: b3lyp/6-311G** em=gd3bj
energy: M062X/6-311G+(2d, p) em=gd3"
1713,c-c133+c-b24+c-b39,COCc1cc[n+](CCc2ccccc2C)cc1,pyridinium,-751.3830505,0.270757,0.336469,578.655568,-0.36082,-0.22336,3.2354,-751.1122935,-751.0465815,3.738911999999999,Gaussian,QC,"opt+freq: b3lyp/6-311G** em=gd3bj
energy: M062X/6-311G+(2d, p) em=gd3"
1714,c-c133+c-b38+c-b83,C#CCCC[n+]1ccc(CCCCCC)cc1,pyridinium,-678.5142569,0.3063,0.375484,609.23224,-0.39508,-0.2236,5.9995,-678.2079569,-678.1387728999999,4.664256,Gaussian,QC,"opt+freq: b3lyp/6-311G** em=gd3bj
energy: M062X/6-311G+(2d, p) em=gd3"
1715,c-c101+c-b65,CCC#CCCC[n+]1ccccc1,pyridinium,-521.2937156,0.203075,0.260564,506.251448,-0.3751,-0.23774,6.8887,-521.0906406,-521.0331516,3.736192,Gaussian,QC,"opt+freq: b3lyp/6-311G** em=gd3bj
energy: M062X/6-311G+(2d, p) em=gd3"
1716,c-c111+c-b44+c-b45,CC(C)CCc1ccc2cccc[n+]2c1C(=O)O,pyridinium,-787.3257546,0.249996,0.312937,554.2586640000001,-0.40181,-0.23277,6.488,-787.0757586,-787.0128176,4.597888,Gaussian,QC,"opt+freq: b3lyp/6-311G** em=gd3bj
energy: M062X/6-311G+(2d, p) em=gd3"
1717,c-c108+c-b29+c-b30,CCCCCCC[n+]1ccc(C(C)C)cc1,pyridinium,-641.6804122,0.324436,0.392678,600.935368,-0.41372,-0.22381,5.2501,-641.3559762,-641.2877341999999,5.165551999999999,Gaussian,QC,"opt+freq: b3lyp/6-311G** em=gd3bj
energy: M062X/6-311G+(2d, p) em=gd3"
1718,c-c133+c-b13+c-b37,CC(O)CCC[n+]1ccc(CCC#N)cc1,pyridinium,-691.2318414,0.249697,0.312762,555.346504,-0.40368,-0.22371,5.2358,-690.9821444,-690.9190794,4.895184,Gaussian,QC,"opt+freq: b3lyp/6-311G** em=gd3bj
energy: M062X/6-311G+(2d, p) em=gd3"
1719,c-c88+c-b29,Cc1cc[n+](CCCC(C)C)cc1,pyridinium,-523.7654648,0.246227,0.305358,520.6988,-0.4338,-0.22949,5.5106,-523.5192378,-523.4601068000001,5.557232,Gaussian,QC,"opt+freq: b3lyp/6-311G** em=gd3bj
energy: M062X/6-311G+(2d, p) em=gd3"
1720,c-c133+c-b22+c-b45,O=C(O)c1cc[n+](CCc2ccc(Cl)cc2)cc1,pyridinium,-1206.4066644,0.190813,0.253891,555.4594720000001,-0.36484,-0.26111,11.4841,-1206.2158514,-1206.1527734,2.821456,Gaussian,QC,"opt+freq: b3lyp/6-311G** em=gd3bj
energy: M062X/6-311G+(2d, p) em=gd3"
1721,c-c108+c-b27+c-b77,CC(C#N)CCC[n+]1ccc(CC(F)(F)F)cc1,pyridinium,-913.7556977,0.219789,0.286665,588.906368,-0.44812,-0.23796,7.1635,-913.5359087,-913.4690327000001,5.716352000000001,Gaussian,QC,"opt+freq: b3lyp/6-311G** em=gd3bj
energy: M062X/6-311G+(2d, p) em=gd3"
1722,c-c133+c-b13+c-b80,CC(C)CC[n+]1ccc(CCC#N)cc1,pyridinium,-616.0003921,0.244597,0.306458,544.7484320000001,-0.4453,-0.23546,4.5867,-615.7557951,-615.6939341,5.707647999999999,Gaussian,QC,"opt+freq: b3lyp/6-311G** em=gd3bj
energy: M062X/6-311G+(2d, p) em=gd3"
1723,c-c108+c-b4+c-b40,CN(C)CCC[n+]1ccc(CCO)cc1,pyridinium,-654.3095426,0.265924,0.329227,557.446872,-0.31508,-0.22269,3.3429,-654.0436186,-653.9803156,2.513008000000001,Gaussian,QC,"opt+freq: b3lyp/6-311G** em=gd3bj
energy: M062X/6-311G+(2d, p) em=gd3"
1724,c-c108+c-b8+c-b82,CC#CCc1cc[n+](CCCCCCCC(C)C)cc1,pyridinium,-796.4343115,0.379763,0.461594,720.6019520000001,-0.37119,-0.22391,9.6418,-796.0545485,-795.9727175,4.006016000000001,Gaussian,QC,"opt+freq: b3lyp/6-311G** em=gd3bj
energy: M062X/6-311G+(2d, p) em=gd3"
1725,c-c108+c-b35+c-b78,CCCCCCCC[n+]1ccc(C(C)CC)cc1,pyridinium,-720.2910887,0.376001,0.450579,656.729008,-0.40244,-0.22243,6.5373,-719.9150877000001,-719.8405097000001,4.896272000000001,Gaussian,QC,"opt+freq: b3lyp/6-311G** em=gd3bj
energy: M062X/6-311G+(2d, p) em=gd3"
1726,c-c101+c-b38,C#CCCC[n+]1ccccc1,pyridinium,-442.673237,0.154413,0.202244,421.199096,-0.40239,-0.24237,4.0234,-442.518824,-442.470993,4.352544000000001,Gaussian,QC,"opt+freq: b3lyp/6-311G** em=gd3bj
energy: M062X/6-311G+(2d, p) em=gd3"
1727,c-c99+c-b48,Cc1cc[n+](CC(=O)c2cccc(C)c2)cc1,pyridinium,-710.8909292,0.219655,0.283922,565.92784,-0.36109,-0.22253,7.6498,-710.6712742,-710.6070072,3.768832,Gaussian,QC,"opt+freq: b3lyp/6-311G** em=gd3bj
energy: M062X/6-311G+(2d, p) em=gd3"
1728,c-c108+c-b16+c-b35,CCC(C)c1cc[n+](CCCCCCC#N)cc1,pyridinium,-733.917366,0.320092,0.393662,647.863112,-0.41092,-0.22614,8.4012,-733.597274,-733.5237040000001,5.026016,Gaussian,QC,"opt+freq: b3lyp/6-311G** em=gd3bj
energy: M062X/6-311G+(2d, p) em=gd3"
1729,c-c136+c-b13,CCCCCCCC[n+]1ccc(CCC#N)cc1,pyridinium,-733.9123804,0.321874,0.393984,634.9973120000001,-0.40363,-0.23365,8.2409,-733.5905064,-733.5183963999999,4.623456,Gaussian,QC,"opt+freq: b3lyp/6-311G** em=gd3bj
energy: M062X/6-311G+(2d, p) em=gd3"
1730,c-c108+c-b16+c-b53,N#CCCCCCC[n+]1ccc(-c2cccnc2)cc1,pyridinium,-823.7527174,0.279784,0.350095,619.165056,-0.37873,-0.23794,6.5264,-823.4729334000001,-823.4026224,3.829488,Gaussian,QC,"opt+freq: b3lyp/6-311G** em=gd3bj
energy: M062X/6-311G+(2d, p) em=gd3"
1731,c-c40+c-b23,Cc1ccc[n+](CC(=O)c2cccc(Cl)c2)c1,pyridinium,-1131.1771476,0.185124,0.247545,549.673,-0.36352,-0.23335,11.4795,-1130.9920236,-1130.9296026,3.540624,Gaussian,QC,"opt+freq: b3lyp/6-311G** em=gd3bj
energy: M062X/6-311G+(2d, p) em=gd3"
1732,c-c111+c-b76+c-b82,COc1ccc2cccc[n+]2c1CCCCC(C)C,pyridinium,-791.888985,0.318826,0.387884,608.119296,-0.37115,-0.21402,7.5691,-791.5701590000001,-791.5011010000001,4.273936,Gaussian,QC,"opt+freq: b3lyp/6-311G** em=gd3bj
energy: M062X/6-311G+(2d, p) em=gd3"
1733,c-c108+c-b77+c-b81,CCCCCC[n+]1ccc(CC(F)(F)F)cc1,pyridinium,-860.8158164,0.247675,0.314873,591.7473040000001,-0.43161,-0.24163,3.4762,-860.5681414000001,-860.5009434,5.167456,Gaussian,QC,"opt+freq: b3lyp/6-311G** em=gd3bj
energy: M062X/6-311G+(2d, p) em=gd3"
1734,c-c133+c-b3+c-b16,N#CCCCCC[n+]1ccc(C2CCCC2)cc1,pyridinium,-732.71207,0.302192,0.372485,618.997696,-0.41997,-0.22799,6.2034,-732.409878,-732.339585,5.221856,Gaussian,QC,"opt+freq: b3lyp/6-311G** em=gd3bj
energy: M062X/6-311G+(2d, p) em=gd3"
1735,c-c108+c-b6+c-b24,Cc1ccccc1CCC[n+]1ccc(CCN)cc1,pyridinium,-770.8376148,0.309872,0.378933,608.148584,-0.34896,-0.2117,6.0996,-770.5277427999999,-770.4586818,3.733472,Gaussian,QC,"opt+freq: b3lyp/6-311G** em=gd3bj
energy: M062X/6-311G+(2d, p) em=gd3"
1736,c-c133+c-b53+c-b79,OCCCCC[n+]1ccc(-c2cccnc2)cc1,pyridinium,-767.4300727,0.2613,0.326215,571.634816,-0.37251,-0.23311,5.065,-767.1687727,-767.1038576999999,3.79168,Gaussian,QC,"opt+freq: b3lyp/6-311G** em=gd3bj
energy: M062X/6-311G+(2d, p) em=gd3"
1737,c-c108+c-b28+c-b83,C=CCCc1cc[n+](CCCCCCCCC)cc1,pyridinium,-758.3635517,0.379493,0.456646,679.406288,-0.37216,-0.22374,7.8036,-757.9840587,-757.9069057,4.037024,Gaussian,QC,"opt+freq: b3lyp/6-311G** em=gd3bj
energy: M062X/6-311G+(2d, p) em=gd3"
1738,c-c108+c-b10+c-b73,CCc1cc[n+](CCCCC(C)C)cc1,pyridinium,-602.3759365,0.298872,0.363561,569.6516,-0.41778,-0.22642,6.2483,-602.0770645,-602.0123755,5.204991999999999,Gaussian,QC,"opt+freq: b3lyp/6-311G** em=gd3bj
energy: M062X/6-311G+(2d, p) em=gd3"
1739,c-c108+c-b12+c-b18,CCC(=O)c1cc[n+](CCCC(=O)C(C)(C)C)cc1,pyridinium,-829.0212861,0.312438,0.385386,642.382072,-0.37214,-0.24771,2.7224,-828.7088481,-828.6359001,3.384496,Gaussian,QC,"opt+freq: b3lyp/6-311G** em=gd3bj
energy: M062X/6-311G+(2d, p) em=gd3"
1740,c-c25+c-b41,Cc1cccc[n+]1CCCC1COC(C)(C)O1,pyridinium,-751.6132624,0.28704,0.351609,568.597232,-0.35956,-0.23032,10.6893,-751.3262224,-751.2616534,3.515328,Gaussian,QC,"opt+freq: b3lyp/6-311G** em=gd3bj
energy: M062X/6-311G+(2d, p) em=gd3"
1741,c-c111+c-b8+c-b38,C#CCc1c(CC#CC)ccc2cccc[n+]12,pyridinium,-672.4342154,0.198078,0.260763,552.007672,-0.37018,-0.22165,4.5218,-672.2361374,-672.1734524,4.040016,Gaussian,QC,"opt+freq: b3lyp/6-311G** em=gd3bj
energy: M062X/6-311G+(2d, p) em=gd3"
1742,c-c133+c-b36+c-b68,CC(C)CCCCC[n+]1ccc(-c2ccccc2)cc1,pyridinium,-794.0938293,0.346282,0.418142,632.800712,-0.37558,-0.22581,5.353,-793.7475473000001,-793.6756873,4.073744,Gaussian,QC,"opt+freq: b3lyp/6-311G** em=gd3bj
energy: M062X/6-311G+(2d, p) em=gd3"
1743,c-c111+c-b27+c-b65,CCC#CCc1ccc2cccc[n+]2c1C(C)C#N,pyridinium,-767.1326152,0.238214,0.307875,613.432976,-0.3717,-0.22752,5.9348,-766.8944012000001,-766.8247402000001,3.921695999999999,Gaussian,QC,"opt+freq: b3lyp/6-311G** em=gd3bj
energy: M062X/6-311G+(2d, p) em=gd3"
1744,c-c133+c-b28+c-b43,C=CCCCC[n+]1ccc(CC#N)cc1,pyridinium,-614.7571055,0.221458,0.283254,544.1752240000001,-0.36461,-0.24524,6.5208,-614.5356475,-614.4738514999999,3.246863999999999,Gaussian,QC,"opt+freq: b3lyp/6-311G** em=gd3bj
energy: M062X/6-311G+(2d, p) em=gd3"
1745,c-c108+c-b37+c-b78,CCCCCCCC[n+]1ccc(CC(C)O)cc1,pyridinium,-756.2034056,0.353805,0.427402,648.0890479999999,-0.3883,-0.22677,4.3429,-755.8496006,-755.7760036,4.393616,Gaussian,QC,"opt+freq: b3lyp/6-311G** em=gd3bj
energy: M062X/6-311G+(2d, p) em=gd3"
1746,c-c133+c-b37+c-b81,CCCCC[n+]1ccc(CC(C)O)cc1,pyridinium,-638.2890072,0.276388,0.340436,564.0032000000001,-0.38968,-0.22851,4.1558,-638.0126192,-637.9485712000001,4.383824000000001,Gaussian,QC,"opt+freq: b3lyp/6-311G** em=gd3bj
energy: M062X/6-311G+(2d, p) em=gd3"
1747,c-c108+c-b29+c-b43,CC(C)CCC[n+]1ccc(CC#N)cc1,pyridinium,-615.989998,0.243812,0.306071,548.246256,-0.43955,-0.24452,3.3043,-615.746186,-615.683927,5.304816,Gaussian,QC,"opt+freq: b3lyp/6-311G** em=gd3bj
energy: M062X/6-311G+(2d, p) em=gd3"
1748,c-c25+c-b36,Cc1cccc[n+]1CCCc1ccccc1,pyridinium,-636.8723704,0.244102,0.30285,517.33068,-0.35748,-0.228,7.0033,-636.6282684,-636.5695204,3.521856,Gaussian,QC,"opt+freq: b3lyp/6-311G** em=gd3bj
energy: M062X/6-311G+(2d, p) em=gd3"
1749,c-c133+c-b16+c-b18,CCC(=O)c1cc[n+](CCCCCC#N)cc1,pyridinium,-729.3093992,0.250338,0.318188,597.479384,-0.40351,-0.2618,6.4346,-729.0590612,-728.9912112000001,3.854512,Gaussian,QC,"opt+freq: b3lyp/6-311G** em=gd3bj
energy: M062X/6-311G+(2d, p) em=gd3"
1750,c-c40+c-b4,Cc1ccc[n+](CC(=O)CCO)c1,pyridinium,-594.3818541,0.180341,0.236354,493.247576,-0.3952,-0.23648,4.3185,-594.2015131,-594.1455001,4.317184,Gaussian,QC,"opt+freq: b3lyp/6-311G** em=gd3bj
energy: M062X/6-311G+(2d, p) em=gd3"
1751,c-c133+c-b18+c-b25,CCC(=O)CC[n+]1ccc(N2CCC(C)CC2)cc1,pyridinium,-809.1723311,0.328589,0.400332,631.7630800000001,-0.36119,-0.18069,3.0816,-808.8437421,-808.7719990999999,4.9096,Gaussian,QC,"opt+freq: b3lyp/6-311G** em=gd3bj
energy: M062X/6-311G+(2d, p) em=gd3"
1752,c-c65+c-b44,CC(C)CCc1ccc[n+](C)c1,pyridinium,-484.4523047,0.220867,0.276683,491.5154,-0.42921,-0.23832,6.9473,-484.2314377,-484.1756217,5.192207999999999,Gaussian,QC,"opt+freq: b3lyp/6-311G** em=gd3bj
energy: M062X/6-311G+(2d, p) em=gd3"
1753,c-c133+c-b8+c-b68,CC#CCc1cc[n+](CCCCCC(C)C)cc1,pyridinium,-717.8251795,0.32845,0.403629,662.0217680000001,-0.37149,-0.22412,6.4706,-717.4967295,-717.4215505,4.008463999999999,Gaussian,QC,"opt+freq: b3lyp/6-311G** em=gd3bj
energy: M062X/6-311G+(2d, p) em=gd3"
1754,c-c108+c-b43+c-b71,CCCCCCCCC[n+]1ccc(CC#N)cc1,pyridinium,-733.9018341,0.32142,0.393583,635.470104,-0.39743,-0.24315,6.4994,-733.5804141,-733.5082510999999,4.196416,Gaussian,QC,"opt+freq: b3lyp/6-311G** em=gd3bj
energy: M062X/6-311G+(2d, p) em=gd3"
1755,c-c111+c-b73+c-b76,COc1c(CC(C)C)ccc2cccc[n+]12,pyridinium,-673.9766604,0.241198,0.300587,522.983264,-0.38726,-0.22018,4.6584,-673.7354624,-673.6760734000001,4.544576,Gaussian,QC,"opt+freq: b3lyp/6-311G** em=gd3bj
energy: M062X/6-311G+(2d, p) em=gd3"
1756,c-c111+c-b38+c-b46,C#CCc1ccc2cccc[n+]2c1-c1ccc(C)cc1,pyridinium,-788.013752,0.237074,0.302783,578.630464,-0.36657,-0.21663,5.3005,-787.776678,-787.710969,4.078368,Gaussian,QC,"opt+freq: b3lyp/6-311G** em=gd3bj
energy: M062X/6-311G+(2d, p) em=gd3"
1757,c-c70+c-b40,CCCCCC[n+]1ccc(N(C)C)c(C)c1,pyridinium,-657.7247721,0.314448,0.381655,591.818432,-0.36626,-0.19079,5.5351,-657.4103241,-657.3431171,4.772784,Gaussian,QC,"opt+freq: b3lyp/6-311G** em=gd3bj
energy: M062X/6-311G+(2d, p) em=gd3"
1758,c-c111+c-b58+c-b60,C=CCc1ccc2cccc[n+]2c1CC(=O)O,pyridinium,-746.8010956,0.201759,0.261645,527.35136,-0.38222,-0.22303,3.5381,-746.5993366,-746.5394506,4.329968,Gaussian,QC,"opt+freq: b3lyp/6-311G** em=gd3bj
energy: M062X/6-311G+(2d, p) em=gd3"
1759,c-c111+c-b35+c-b39,CCC(C)c1ccc2cccc[n+]2c1COC,pyridinium,-713.2692124,0.267547,0.330401,553.484624,-0.39122,-0.21991,4.2596,-713.0016654,-712.9388114,4.659632,Gaussian,QC,"opt+freq: b3lyp/6-311G** em=gd3bj
energy: M062X/6-311G+(2d, p) em=gd3"
1760,c-c108+c-b29+c-b47,CC(C)c1cc[n+](CCCC(C)(C)C)cc1,pyridinium,-641.682667,0.324159,0.391264,590.9272400000001,-0.4225,-0.22362,4.4699,-641.358508,-641.2914030000001,5.409535999999999,Gaussian,QC,"opt+freq: b3lyp/6-311G** em=gd3bj
energy: M062X/6-311G+(2d, p) em=gd3"
1761,c-c100+c-b32,C[n+]1ccc(CCC(F)(F)C(F)(F)C(F)F)cc1,pyridinium,-1079.9260539,0.170655,0.236175,576.961048,-0.44836,-0.23568,11.9599,-1079.7553989,-1079.6898789,5.784895999999999,Gaussian,QC,"opt+freq: b3lyp/6-311G** em=gd3bj
energy: M062X/6-311G+(2d, p) em=gd3"
1762,c-c133+c-b24+c-b60,C=CCc1cc[n+](CCc2ccccc2C)cc1,pyridinium,-714.2581729,0.270884,0.336515,577.948472,-0.35882,-0.22088,4.5031,-713.9872889,-713.9216579,3.751967999999999,Gaussian,QC,"opt+freq: b3lyp/6-311G** em=gd3bj
energy: M062X/6-311G+(2d, p) em=gd3"
1763,c-c145+c-b16,N#CCCCOC[n+]1ccccc1,pyridinium,-573.2889658,0.173562,0.226347,464.82148,-0.43871,-0.23914,4.1933,-573.1154038000001,-573.0626188,5.428304,Gaussian,QC,"opt+freq: b3lyp/6-311G** em=gd3bj
energy: M062X/6-311G+(2d, p) em=gd3"
1764,c-c108+c-b30+c-b46,CCCCc1cc[n+](CCCc2ccc(C)cc2)cc1,pyridinium,-794.0998071,0.343694,0.417954,653.9299120000001,-0.34542,-0.21692,4.8633,-793.7561131,-793.6818531,3.4952,Gaussian,QC,"opt+freq: b3lyp/6-311G** em=gd3bj
energy: M062X/6-311G+(2d, p) em=gd3"
1765,c-c33+c-b80,CCCCCC[n+]1ccc(C(C)C)cc1,pyridinium,-602.3756295,0.298925,0.36372,570.588816,-0.4268,-0.2243,3.5337,-602.0767044999999,-602.0119095,5.508,Gaussian,QC,"opt+freq: b3lyp/6-311G** em=gd3bj
energy: M062X/6-311G+(2d, p) em=gd3"
1766,c-c70+c-b13,CCCCCC[n+]1ccc(CCC#N)c(C)c1,pyridinium,-694.6160324,0.295584,0.364514,606.997984,-0.42504,-0.22867,6.5439,-694.3204484,-694.2515184,5.341263999999999,Gaussian,QC,"opt+freq: b3lyp/6-311G** em=gd3bj
energy: M062X/6-311G+(2d, p) em=gd3"
1767,c-c108+c-b16+c-b39,COCc1cc[n+](CCCCCCC#N)cc1,pyridinium,-730.5050033,0.272832,0.341509,604.767912,-0.39988,-0.23282,10.1896,-730.2321713,-730.1634943,4.544032000000001,Gaussian,QC,"opt+freq: b3lyp/6-311G** em=gd3bj
energy: M062X/6-311G+(2d, p) em=gd3"
1768,c-c111+c-b8+c-b45,CC#CCc1c(C(=O)O)ccc2cccc[n+]12,pyridinium,-745.5577243,0.17639,0.238268,544.8906880000001,-0.37885,-0.23662,5.4769,-745.3813343,-745.3194563000001,3.868656000000001,Gaussian,QC,"opt+freq: b3lyp/6-311G** em=gd3bj
energy: M062X/6-311G+(2d, p) em=gd3"
1769,c-c88+c-b74,CC(=O)CCC[n+]1ccc(C)cc1,pyridinium,-558.4841055,0.202282,0.259042,499.824824,-0.38048,-0.22356,4.1736,-558.2818235000001,-558.2250635,4.268223999999999,Gaussian,QC,"opt+freq: b3lyp/6-311G** em=gd3bj
energy: M062X/6-311G+(2d, p) em=gd3"
1770,c-c108+c-b28+c-b53,C=CCCc1cc[n+](CCCc2cccnc2)cc1,pyridinium,-769.5981585,0.287997,0.354998,590.010944,-0.36064,-0.22181,6.574,-769.3101614999999,-769.2431604999999,3.776176,Gaussian,QC,"opt+freq: b3lyp/6-311G** em=gd3bj
energy: M062X/6-311G+(2d, p) em=gd3"
1771,c-c3+c-b82,Cc1ccc[n+](CCCCCCC(C)C)c1,pyridinium,-641.6774249,0.324721,0.392399,595.96896,-0.39512,-0.23331,11.2263,-641.3527039,-641.2850259,4.401232000000001,Gaussian,QC,"opt+freq: b3lyp/6-311G** em=gd3bj
energy: M062X/6-311G+(2d, p) em=gd3"
1772,c-c133+c-b39+c-b74,COCc1cc[n+](CCC(C)=O)cc1,pyridinium,-633.6819051,0.203903,0.26418,530.798976,-0.39164,-0.22748,2.7828,-633.4780021,-633.4177251,4.465152,Gaussian,QC,"opt+freq: b3lyp/6-311G** em=gd3bj
energy: M062X/6-311G+(2d, p) em=gd3"
1773,c-c133+c-b25+c-b28,C=CCCCC[n+]1ccc(N2CCC(C)CC2)cc1,pyridinium,-773.2243348,0.35182,0.423952,635.1939600000001,-0.35011,-0.18393,2.0129,-772.8725148,-772.8003828,4.520095999999999,Gaussian,QC,"opt+freq: b3lyp/6-311G** em=gd3bj
energy: M062X/6-311G+(2d, p) em=gd3"
1774,c-c28+c-b63,Cc1ccc[n+](CCCc2ccc3ccccc3c2)c1,pyridinium,-790.4975095,0.285645,0.350648,572.408856,-0.32663,-0.22408,7.8786,-790.2118644999999,-790.1468615,2.789359999999999,Gaussian,QC,"opt+freq: b3lyp/6-311G** em=gd3bj
energy: M062X/6-311G+(2d, p) em=gd3"
1775,c-c133+c-b4+c-b40,CN(C)CC[n+]1ccc(CCO)cc1,pyridinium,-615.0061684,0.240164,0.300162,528.338784,-0.33084,-0.22397,2.3358,-614.7660043999999,-614.7060064,2.906864000000001,Gaussian,QC,"opt+freq: b3lyp/6-311G** em=gd3bj
energy: M062X/6-311G+(2d, p) em=gd3"
1776,c-c99+c-b83,CCCCCCC(=O)C[n+]1ccc(C)cc1,pyridinium,-676.3869365,0.277012,0.345375,601.99392,-0.39744,-0.22807,10.0497,-676.1099245,-676.0415615000001,4.606864000000001,Gaussian,QC,"opt+freq: b3lyp/6-311G** em=gd3bj
energy: M062X/6-311G+(2d, p) em=gd3"
1777,c-c99+c-b50,C=Cc1ccc(C(=O)C[n+]2ccc(C)cc2)cc1,pyridinium,-748.9690883,0.223649,0.289804,582.55924,-0.33841,-0.22097,8.5417,-748.7454392999999,-748.6792843,3.194367999999999,Gaussian,QC,"opt+freq: b3lyp/6-311G** em=gd3bj
energy: M062X/6-311G+(2d, p) em=gd3"
1778,c-c103+c-b51,c1cc[n+](CCCC2CCCCC2)cc1,pyridinium,-601.1688111,0.285158,0.343105,510.272272,-0.39345,-0.23921,9.9101,-600.8836531,-600.8257060999999,4.195328,Gaussian,QC,"opt+freq: b3lyp/6-311G** em=gd3bj
energy: M062X/6-311G+(2d, p) em=gd3"
1779,c-c28+c-b16,Cc1ccc[n+](CCCCCCC#N)c1,pyridinium,-615.9973522,0.244039,0.307042,554.810952,-0.41303,-0.23865,10.8808,-615.7533132,-615.6903102,4.743136,Gaussian,QC,"opt+freq: b3lyp/6-311G** em=gd3bj
energy: M062X/6-311G+(2d, p) em=gd3"
1780,c-c108+c-b40+c-b61,CCCCCCCCCCC[n+]1ccc(N(C)C)cc1,pyridinium,-814.946126,0.416828,0.498049,715.23388,-0.37349,-0.18978,15.5484,-814.529298,-814.448077,4.996911999999999,Gaussian,QC,"opt+freq: b3lyp/6-311G** em=gd3bj
energy: M062X/6-311G+(2d, p) em=gd3"
1781,c-c133+c-b16+c-b31,N#CCCCCC[n+]1ccc(CCC(F)(F)F)cc1,pyridinium,-953.0581623,0.244355,0.315948,630.4493040000001,-0.42211,-0.2375,3.0219,-952.8138073,-952.7422143,5.021392,Gaussian,QC,"opt+freq: b3lyp/6-311G** em=gd3bj
energy: M062X/6-311G+(2d, p) em=gd3"
1782,c-c18+c-b12,CC(C)(C)C(=O)C[n+]1ccccc1,pyridinium,-558.4665938,0.20336,0.258301,483.808472,-0.40242,-0.23864,6.0814,-558.2632338000001,-558.2082928000001,4.454816,Gaussian,QC,"opt+freq: b3lyp/6-311G** em=gd3bj
energy: M062X/6-311G+(2d, p) em=gd3"
1783,c-c133+c-b10+c-b25,CCCC[n+]1ccc(N2CCC(C)CC2)cc1,pyridinium,-695.8451685,0.323682,0.389398,578.6932240000001,-0.36519,-0.18423,2.9617,-695.5214865,-695.4557705,4.922112,Gaussian,QC,"opt+freq: b3lyp/6-311G** em=gd3bj
energy: M062X/6-311G+(2d, p) em=gd3"
1784,c-c133+c-b9+c-b13,CC(F)CC[n+]1ccc(CCC#N)cc1,pyridinium,-675.9329959,0.2098,0.271216,540.828024,-0.44861,-0.24301,8.0858,-675.7231959000001,-675.6617799,5.59232,Gaussian,QC,"opt+freq: b3lyp/6-311G** em=gd3bj
energy: M062X/6-311G+(2d, p) em=gd3"
1785,c-c133+c-b19+c-b43,N#CCCC[n+]1ccc(CCCF)cc1,pyridinium,-675.9358363,0.212593,0.272281,525.606632,-0.45069,-0.23483,7.4138,-675.7232433,-675.6635553,5.871391999999999,Gaussian,QC,"opt+freq: b3lyp/6-311G** em=gd3bj
energy: M062X/6-311G+(2d, p) em=gd3"
1786,c-c133+c-b4+c-b38,C#CCCC[n+]1ccc(CCO)cc1,pyridinium,-596.5150633,0.207653,0.265755,511.644624,-0.39477,-0.22277,1.2697,-596.3074102999999,-596.2493082999999,4.6784,Gaussian,QC,"opt+freq: b3lyp/6-311G** em=gd3bj
energy: M062X/6-311G+(2d, p) em=gd3"
1787,c-c108+c-b10+c-b38,C#CCCCC[n+]1ccc(CC)cc1,pyridinium,-560.5964797,0.228355,0.288611,530.61488,-0.37822,-0.22912,4.1116,-560.3681247000001,-560.3078687000001,4.05552,Gaussian,QC,"opt+freq: b3lyp/6-311G** em=gd3bj
energy: M062X/6-311G+(2d, p) em=gd3"
1788,c-c65+c-b51,C[n+]1cccc(C2CCCCC2)c1,pyridinium,-522.5635908,0.231304,0.284905,472.013776,-0.41275,-0.23452,7.9236,-522.3322868,-522.2786858000001,4.847856,Gaussian,QC,"opt+freq: b3lyp/6-311G** em=gd3bj
energy: M062X/6-311G+(2d, p) em=gd3"
1789,c-c133+c-b36+c-b53,c1ccc(CC[n+]2ccc(-c3cccnc3)cc2)cc1,pyridinium,-805.3221929,0.25304,0.316647,560.124632,-0.36795,-0.23074,3.3717,-805.0691529,-805.0055459,3.732112,Gaussian,QC,"opt+freq: b3lyp/6-311G** em=gd3bj
energy: M062X/6-311G+(2d, p) em=gd3"
1790,c-c133+c-b43+c-b48,Cc1cccc(CC[n+]2ccc(CC#N)cc2)c1,pyridinium,-729.1040371,0.237615,0.302462,571.03232,-0.36211,-0.23637,8.0074,-728.8664221,-728.8015751,3.420128,Gaussian,QC,"opt+freq: b3lyp/6-311G** em=gd3bj
energy: M062X/6-311G+(2d, p) em=gd3"
1791,c-c145+c-b67,Cc1ccc(OC[n+]2ccccc2)cc1F,pyridinium,-732.7024876,0.184036,0.242576,515.5022720000001,-0.36282,-0.24573,8.7812,-732.5184516,-732.4599116,3.184847999999999,Gaussian,QC,"opt+freq: b3lyp/6-311G** em=gd3bj
energy: M062X/6-311G+(2d, p) em=gd3"
1792,c-c108+c-b13+c-b58,N#CCCCCC[n+]1ccc(CC(=O)O)cc1,pyridinium,-765.2636222,0.228753,0.29573,589.8059280000001,-0.41622,-0.23667,6.3272,-765.0348692,-764.9678921999999,4.88376,Gaussian,QC,"opt+freq: b3lyp/6-311G** em=gd3bj
energy: M062X/6-311G+(2d, p) em=gd3"
1793,c-c133+c-b3+c-b8,CC#CCCC[n+]1ccc(C2CCCC2)cc1,pyridinium,-677.323518,0.284701,0.354162,611.667328,-0.37046,-0.21882,2.829,-677.038817,-676.9693560000001,4.124608,Gaussian,QC,"opt+freq: b3lyp/6-311G** em=gd3bj
energy: M062X/6-311G+(2d, p) em=gd3"
1794,c-c108+c-b36+c-b37,CC(O)Cc1cc[n+](CCCc2ccccc2)cc1,pyridinium,-790.7066098,0.297366,0.366041,604.751176,-0.36207,-0.22214,3.986,-790.4092438,-790.3405688,3.806096,Gaussian,QC,"opt+freq: b3lyp/6-311G** em=gd3bj
energy: M062X/6-311G+(2d, p) em=gd3"
1795,c-c108+c-b10+c-b41,CCc1cc[n+](CCCC2COC(C)(C)O2)cc1,pyridinium,-790.9184152,0.314092,0.380727,586.7892640000001,-0.36476,-0.2203,7.3979,-790.6043232000001,-790.5376882,3.929311999999999,Gaussian,QC,"opt+freq: b3lyp/6-311G** em=gd3bj
energy: M062X/6-311G+(2d, p) em=gd3"
1796,c-c33+c-b18,CCCCCC[n+]1ccc(C(=O)CC)cc1,pyridinium,-676.3801894,0.279803,0.34623,584.956672,-0.39891,-0.2555,2.5605,-676.1003863999999,-676.0339594,3.900751999999999,Gaussian,QC,"opt+freq: b3lyp/6-311G** em=gd3bj
energy: M062X/6-311G+(2d, p) em=gd3"
1797,c-c111+c-b4+c-b27,CC(C#N)c1ccc2cccc[n+]2c1CCO,pyridinium,-726.9072968,0.214109,0.27383,525.9036960000001,-0.39433,-0.22458,6.2188,-726.6931878,-726.6334668000001,4.6172,Gaussian,QC,"opt+freq: b3lyp/6-311G** em=gd3bj
energy: M062X/6-311G+(2d, p) em=gd3"
1798,c-c84+c-b77,CCCC[n+]1ccc(CC(F)(F)F)cc1,pyridinium,-782.2062241,0.196489,0.256925,532.1922480000001,-0.46066,-0.24361,7.2923,-782.0097351,-781.9492991,5.90376,Gaussian,QC,"opt+freq: b3lyp/6-311G** em=gd3bj
energy: M062X/6-311G+(2d, p) em=gd3"
1799,c-c108+c-b68+c-b79,CC(C)CCCc1cc[n+](CCCCCCO)cc1,pyridinium,-795.5101304,0.379186,0.456572,681.460632,-0.36031,-0.22123,5.1668,-795.1309444,-795.0535583999999,3.782976,Gaussian,QC,"opt+freq: b3lyp/6-311G** em=gd3bj
energy: M062X/6-311G+(2d, p) em=gd3"
1800,c-c99+c-b53,Cc1cc[n+](CC(=O)c2cccnc2)cc1,pyridinium,-687.6140356,0.184561,0.243946,522.945608,-0.36856,-0.2293,8.801,-687.4294745999999,-687.3700895999999,3.787872,Gaussian,QC,"opt+freq: b3lyp/6-311G** em=gd3bj
energy: M062X/6-311G+(2d, p) em=gd3"
1801,c-c133+c-b9+c-b38,C#CCCC[n+]1ccc(C(C)F)cc1,pyridinium,-620.5336758,0.195482,0.252682,503.7033920000001,-0.40067,-0.23528,2.0954,-620.3381938,-620.2809937999999,4.498608000000001,Gaussian,QC,"opt+freq: b3lyp/6-311G** em=gd3bj
energy: M062X/6-311G+(2d, p) em=gd3"
1802,c-c65+c-b36,C[n+]1cccc(-c2ccccc2)c1,pyridinium,-518.9466713,0.166047,0.21594,439.353472,-0.37707,-0.23582,6.8339,-518.7806243,-518.7307313,3.842,Gaussian,QC,"opt+freq: b3lyp/6-311G** em=gd3bj
energy: M062X/6-311G+(2d, p) em=gd3"
1803,c-c133+c-b12+c-b73,CC(C)Cc1cc[n+](CCC(=O)C(C)(C)C)cc1,pyridinium,-755.01546,0.329634,0.40215,638.583,-0.37633,-0.22065,4.98,-754.6858259999999,-754.61331,4.234495999999999,Gaussian,QC,"opt+freq: b3lyp/6-311G** em=gd3bj
energy: M062X/6-311G+(2d, p) em=gd3"
1804,c-c136+c-b55,CCCCCCCC[n+]1ccc(-c2cscn2)cc1,pyridinium,-1130.9135029,0.302444,0.374228,632.131272,-0.38075,-0.22933,6.3342,-1130.6110589,-1130.5392749,4.118623999999999,Gaussian,QC,"opt+freq: b3lyp/6-311G** em=gd3bj
energy: M062X/6-311G+(2d, p) em=gd3"
1805,c-c77+c-b13,Cc1cccc[n+]1CCCCC#N,pyridinium,-537.3848848,0.194416,0.24916,482.076296,-0.43961,-0.24145,8.2902,-537.1904688,-537.1357248,5.389952,Gaussian,QC,"opt+freq: b3lyp/6-311G** em=gd3bj
energy: M062X/6-311G+(2d, p) em=gd3"
1806,c-c133+c-b65+c-b81,CCC#CCCC[n+]1ccc(CCC)cc1,pyridinium,-639.2202937,0.278315,0.346899,603.947848,-0.37007,-0.22232,4.3332,-638.9419786999999,-638.8733947,4.018800000000001,Gaussian,QC,"opt+freq: b3lyp/6-311G** em=gd3bj
energy: M062X/6-311G+(2d, p) em=gd3"
1807,c-c108+c-b40+c-b65,CCC#CCc1cc[n+](CCCN(C)C)cc1,pyridinium,-694.538633,0.290341,0.363294,642.4239120000001,-0.32448,-0.2253,2.8035,-694.248292,-694.175339,2.697696,Gaussian,QC,"opt+freq: b3lyp/6-311G** em=gd3bj
energy: M062X/6-311G+(2d, p) em=gd3"
1808,c-c111+c-b10+c-b39,CCc1c(COC)ccc2cccc[n+]12,pyridinium,-634.6631791,0.217196,0.272787,489.528,-0.38864,-0.22296,4.3117,-634.4459831,-634.3903921,4.506495999999999,Gaussian,QC,"opt+freq: b3lyp/6-311G** em=gd3bj
energy: M062X/6-311G+(2d, p) em=gd3"
1809,c-c145+c-b71,CCCCCCOC[n+]1ccccc1,pyridinium,-598.9582127,0.251511,0.312002,532.677592,-0.41653,-0.23838,8.9249,-598.7067016999999,-598.6462107,4.84568,Gaussian,QC,"opt+freq: b3lyp/6-311G** em=gd3bj
energy: M062X/6-311G+(2d, p) em=gd3"
1810,c-c108+c-b56+c-b79,CCCCCCCc1cc[n+](CCCCCCO)cc1,pyridinium,-834.8123825,0.405605,0.486174,709.4892480000001,-0.36003,-0.22052,6.4185,-834.4067775,-834.3262085,3.794672000000001,Gaussian,QC,"opt+freq: b3lyp/6-311G** em=gd3bj
energy: M062X/6-311G+(2d, p) em=gd3"
1811,c-c77+c-b78,CCCCCCC[n+]1ccccc1C,pyridinium,-563.0652529,0.275876,0.335316,523.426768,-0.41859,-0.23178,7.2845,-562.7893769,-562.7299369,5.081232,Gaussian,QC,"opt+freq: b3lyp/6-311G** em=gd3bj
energy: M062X/6-311G+(2d, p) em=gd3"
1812,c-c133+c-b39+c-b53,COCCC[n+]1ccc(-c2cccnc2)cc1,pyridinium,-728.1160977,0.235609,0.296925,539.949384,-0.37549,-0.2316,3.9243,-727.8804887,-727.8191727,3.913808,Gaussian,QC,"opt+freq: b3lyp/6-311G** em=gd3bj
energy: M062X/6-311G+(2d, p) em=gd3"
1813,c-c84+c-b48,CCCC[n+]1ccc(-c2cccc(C)c2)cc1,pyridinium,-676.1822053,0.267446,0.331061,560.187392,-0.36501,-0.22517,4.0227,-675.9147593,-675.8511443,3.803647999999999,Gaussian,QC,"opt+freq: b3lyp/6-311G** em=gd3bj
energy: M062X/6-311G+(2d, p) em=gd3"
1814,c-c65+c-b60,C=CCc1ccc[n+](C)c1,pyridinium,-404.6094212,0.147605,0.195935,425.592296,-0.3925,-0.24133,4.9751,-404.4618162,-404.4134862,4.111824,Gaussian,QC,"opt+freq: b3lyp/6-311G** em=gd3bj
energy: M062X/6-311G+(2d, p) em=gd3"
1815,c-c133+c-b29+c-b56,CCCCCCCCC[n+]1ccc(C(C)C)cc1,pyridinium,-720.2896379,0.376431,0.450718,654.172584,-0.39304,-0.22338,9.052,-719.9132069,-719.8389199,4.614752,Gaussian,QC,"opt+freq: b3lyp/6-311G** em=gd3bj
energy: M062X/6-311G+(2d, p) em=gd3"
1816,c-c111+c-b20+c-b76,COc1c(-c2ccc(Cl)c(Cl)c2)ccc2cccc[n+]12,pyridinium,-1666.9733564,0.18784,0.252612,570.375432,-0.35828,-0.22207,12.3707,-1666.7855164,-1666.7207444,3.704912,Gaussian,QC,"opt+freq: b3lyp/6-311G** em=gd3bj
energy: M062X/6-311G+(2d, p) em=gd3"
1817,c-c133+c-b28+c-b65,C=CCCc1cc[n+](CCCC#CCC)cc1,pyridinium,-677.2877412,0.279626,0.352321,640.143632,-0.3486,-0.22716,4.6095,-677.0081152,-676.9354202000001,3.303168,Gaussian,QC,"opt+freq: b3lyp/6-311G** em=gd3bj
energy: M062X/6-311G+(2d, p) em=gd3"
1818,c-c111+c-b27+c-b74,CC(=O)c1c(C(C)C#N)ccc2cccc[n+]12,pyridinium,-725.689623,0.189361,0.248661,522.196672,-0.40835,-0.24007,8.8993,-725.500262,-725.440962,4.577215999999999,Gaussian,QC,"opt+freq: b3lyp/6-311G** em=gd3bj
energy: M062X/6-311G+(2d, p) em=gd3"
1819,c-c133+c-b69+c-b76,CCCCCCCCCCc1cc[n+](CCOC)cc1,pyridinium,-834.7985636,0.405429,0.485709,706.937008,-0.37684,-0.21978,13.6092,-834.3931345999999,-834.3128545999999,4.272032,Gaussian,QC,"opt+freq: b3lyp/6-311G** em=gd3bj
energy: M062X/6-311G+(2d, p) em=gd3"
1820,c-c108+c-b39+c-b56,CCCCCCCCCC[n+]1ccc(COC)cc1,pyridinium,-795.4871665,0.379225,0.456424,679.820504,-0.38573,-0.22761,9.4015,-795.1079414999999,-795.0307425,4.300864,Gaussian,QC,"opt+freq: b3lyp/6-311G** em=gd3bj
energy: M062X/6-311G+(2d, p) em=gd3"
1821,c-c133+c-b30+c-b55,CCCCCC[n+]1ccc(-c2cscn2)cc1,pyridinium,-1052.3041029,0.251242,0.316276,572.6891840000001,-0.38129,-0.23017,2.1029,-1052.0528609,-1051.9878269,4.110464,Gaussian,QC,"opt+freq: b3lyp/6-311G** em=gd3bj
energy: M062X/6-311G+(2d, p) em=gd3"
1822,c-c133+c-b58+c-b65,CCC#CCCC[n+]1ccc(CC(=O)O)cc1,pyridinium,-749.1799216,0.237752,0.306541,605.7511519999999,-0.37085,-0.22693,4.6039,-748.9421695999999,-748.8733805999999,3.914624,Gaussian,QC,"opt+freq: b3lyp/6-311G** em=gd3bj
energy: M062X/6-311G+(2d, p) em=gd3"
1823,c-c133+c-b48+c-b80,Cc1cccc(-c2cc[n+](CCC(C)C)cc2)c1,pyridinium,-715.4893404,0.292495,0.35943,589.421,-0.36459,-0.22445,3.2355,-715.1968453999999,-715.1299104,3.811808,Gaussian,QC,"opt+freq: b3lyp/6-311G** em=gd3bj
energy: M062X/6-311G+(2d, p) em=gd3"
1824,c-c133+c-b36+c-b80,CC(C)c1cc[n+](CCc2ccccc2)cc1,pyridinium,-676.1816168,0.268131,0.331271,556.015944,-0.36741,-0.22007,3.9523,-675.9134858,-675.8503458,4.007648000000001,Gaussian,QC,"opt+freq: b3lyp/6-311G** em=gd3bj
energy: M062X/6-311G+(2d, p) em=gd3"
1825,c-c133+c-b37+c-b80,CC(C)CC[n+]1ccc(CC(C)O)cc1,pyridinium,-638.2914282,0.276071,0.339845,561.593216,-0.38993,-0.22873,4.3581,-638.0153572,-637.9515832000001,4.38464,Gaussian,QC,"opt+freq: b3lyp/6-311G** em=gd3bj
energy: M062X/6-311G+(2d, p) em=gd3"
1826,c-c100+c-b50,C=Cc1ccc(-c2cc[n+](C)cc2)cc1,pyridinium,-596.338654,0.193653,0.250211,498.050808,-0.34468,-0.23017,8.4969,-596.145001,-596.088443,3.114671999999999,Gaussian,QC,"opt+freq: b3lyp/6-311G** em=gd3bj
energy: M062X/6-311G+(2d, p) em=gd3"
1827,c-c133+c-b4+c-b71,CCCCCCc1cc[n+](CCCCO)cc1,pyridinium,-716.8982079,0.327821,0.399224,628.775704,-0.38903,-0.22198,4.2675,-716.5703869,-716.4989839,4.543759999999999,Gaussian,QC,"opt+freq: b3lyp/6-311G** em=gd3bj
energy: M062X/6-311G+(2d, p) em=gd3"
1828,c-c101+c-b8,CC#CCCC[n+]1ccccc1,pyridinium,-481.9893627,0.177596,0.231448,474.222928,-0.37782,-0.23851,4.9768,-481.8117667,-481.7579147,3.789232,Gaussian,QC,"opt+freq: b3lyp/6-311G** em=gd3bj
energy: M062X/6-311G+(2d, p) em=gd3"
1829,c-c108+c-b6+c-b22,NCCCCC[n+]1ccc(-c2ccc(Cl)cc2)cc1,pyridinium,-1191.1198024,0.272966,0.342015,608.0398,-0.32567,-0.23163,4.3038,-1190.8468364,-1190.7777874,2.557888,Gaussian,QC,"opt+freq: b3lyp/6-311G** em=gd3bj
energy: M062X/6-311G+(2d, p) em=gd3"
1830,c-c108+c-b35+c-b80,CCC(C)c1cc[n+](CCCC(C)C)cc1,pyridinium,-641.6830451,0.323943,0.392074,599.96468,-0.43053,-0.22239,3.2527,-641.3591021,-641.2909711,5.661408000000001,Gaussian,QC,"opt+freq: b3lyp/6-311G** em=gd3bj
energy: M062X/6-311G+(2d, p) em=gd3"
1831,c-c111+c-b27+c-b78,CCCCCc1c(C(C)C#N)ccc2cccc[n+]12,pyridinium,-769.5986937,0.28791,0.354637,587.596776,-0.39525,-0.22708,7.4793,-769.3107837,-769.2440567,4.574223999999999,Gaussian,QC,"opt+freq: b3lyp/6-311G** em=gd3bj
energy: M062X/6-311G+(2d, p) em=gd3"
1832,c-c133+c-b68+c-b80,CC(C)CCCCC[n+]1ccc(C(C)C)cc1,pyridinium,-680.9874182,0.34947,0.42105,630.3279679999999,-0.40406,-0.22373,7.0342,-680.6379482,-680.5663681999999,4.904975999999999,Gaussian,QC,"opt+freq: b3lyp/6-311G** em=gd3bj
energy: M062X/6-311G+(2d, p) em=gd3"
1833,c-c84+c-b19,CCCC[n+]1ccc(CCCF)cc1,pyridinium,-623.0054422,0.240954,0.300258,522.230144,-0.44576,-0.22869,4.2466,-622.7644882,-622.7051842,5.904304,Gaussian,QC,"opt+freq: b3lyp/6-311G** em=gd3bj
energy: M062X/6-311G+(2d, p) em=gd3"
1834,c-c133+c-b10+c-b75,CCCC[n+]1ccc(-c2c(Cl)cccc2Cl)cc1,pyridinium,-1556.0693306,0.220779,0.286453,578.329216,-0.37082,-0.23292,5.2618,-1555.8485516,-1555.7828776,3.75088,Gaussian,QC,"opt+freq: b3lyp/6-311G** em=gd3bj
energy: M062X/6-311G+(2d, p) em=gd3"
1835,c-c108+c-b27+c-b44,CC(C)CCc1cc[n+](CCCC(C)C#N)cc1,pyridinium,-733.9261753,0.321603,0.393167,630.1940800000001,-0.425,-0.22055,4.6401,-733.6045723,-733.5330083,5.561039999999999,Gaussian,QC,"opt+freq: b3lyp/6-311G** em=gd3bj
energy: M062X/6-311G+(2d, p) em=gd3"
1836,c-c3+c-b1,Cc1ccc[n+](CCC23CC4CC(CC(C4)C2)C3)c1,pyridinium,-756.0143255,0.353092,0.41448,540.5728,-0.37932,-0.23066,9.3363,-755.6612335000001,-755.5998455,4.043551999999999,Gaussian,QC,"opt+freq: b3lyp/6-311G** em=gd3bj
energy: M062X/6-311G+(2d, p) em=gd3"
1837,c-c108+c-b43+c-b77,N#CCc1cc[n+](CCCCC(F)(F)F)cc1,pyridinium,-874.4368003,0.193326,0.257725,567.0951759999999,-0.46092,-0.25095,5.5018,-874.2434743,-874.1790752999999,5.711183999999999,Gaussian,QC,"opt+freq: b3lyp/6-311G** em=gd3bj
energy: M062X/6-311G+(2d, p) em=gd3"
1838,c-c133+c-b30+c-b73,CCCCc1cc[n+](CCCC(C)C)cc1,pyridinium,-641.6816549,0.324444,0.392438,598.75132,-0.43091,-0.22431,3.0156,-641.3572109,-641.2892169,5.61952,Gaussian,QC,"opt+freq: b3lyp/6-311G** em=gd3bj
energy: M062X/6-311G+(2d, p) em=gd3"
1839,c-c133+c-b27+c-b38,C#CCc1cc[n+](CCC(C)C#N)cc1,pyridinium,-613.5153781,0.19862,0.259612,537.091712,-0.40309,-0.24348,7.3529,-613.3167581,-613.2557661000001,4.341392,Gaussian,QC,"opt+freq: b3lyp/6-311G** em=gd3bj
energy: M062X/6-311G+(2d, p) em=gd3"
1840,c-c111+c-b12+c-b18,CCC(=O)c1c(C(=O)C(C)(C)C)ccc2cccc[n+]12,pyridinium,-864.699498,0.274255,0.345069,623.591728,-0.38503,-0.2342,8.4428,-864.4252429999999,-864.354429,4.102576,Gaussian,QC,"opt+freq: b3lyp/6-311G** em=gd3bj
energy: M062X/6-311G+(2d, p) em=gd3"
1841,c-c111+c-b4+c-b39,COCc1ccc2cccc[n+]2c1CCO,pyridinium,-709.8823115,0.21969,0.278738,519.974968,-0.38572,-0.21479,3.1998,-709.6626215,-709.6035735,4.649296,Gaussian,QC,"opt+freq: b3lyp/6-311G** em=gd3bj
energy: M062X/6-311G+(2d, p) em=gd3"
1842,c-c28+c-b51,Cc1ccc[n+](CCCC2CCCCC2)c1,pyridinium,-640.4817801,0.308867,0.371367,550.3759120000001,-0.39122,-0.23241,9.1633,-640.1729131000001,-640.1104131000001,4.319632,Gaussian,QC,"opt+freq: b3lyp/6-311G** em=gd3bj
energy: M062X/6-311G+(2d, p) em=gd3"
1843,c-c111+c-b11+c-b44,CC(C)CCc1c(C(F)(F)F)ccc2cccc[n+]12,pyridinium,-935.8068206,0.240313,0.304129,561.9614080000001,-0.40424,-0.23583,7.8472,-935.5665076,-935.5026916,4.580751999999999,Gaussian,QC,"opt+freq: b3lyp/6-311G** em=gd3bj
energy: M062X/6-311G+(2d, p) em=gd3"
1844,c-c99+c-b29,Cc1cc[n+](CC(=O)C(C)C)cc1,pyridinium,-558.4731777,0.200597,0.258382,508.849712,-0.39933,-0.22807,4.3363,-558.2725806999999,-558.2147957,4.658272,Gaussian,QC,"opt+freq: b3lyp/6-311G** em=gd3bj
energy: M062X/6-311G+(2d, p) em=gd3"
1845,c-c133+c-b58+c-b78,CCCCCc1cc[n+](CCCC(=O)O)cc1,pyridinium,-751.6420795,0.284475,0.353164,604.88088,-0.40096,-0.22606,4.0671,-751.3576045,-751.2889155,4.757279999999999,Gaussian,QC,"opt+freq: b3lyp/6-311G** em=gd3bj
energy: M062X/6-311G+(2d, p) em=gd3"
1846,c-c133+c-b78+c-b83,CCCCCCC[n+]1ccc(CCCCCC)cc1,pyridinium,-759.5936171,0.402533,0.480029,682.422952,-0.41173,-0.22215,3.4628,-759.1910841,-759.1135881,5.156575999999999,Gaussian,QC,"opt+freq: b3lyp/6-311G** em=gd3bj
energy: M062X/6-311G+(2d, p) em=gd3"
1847,c-c87+c-b25,Cc1cc[n+](CCN2CCC(C)CC2)cc1,pyridinium,-656.5225242,0.29643,0.359219,552.911416,-0.34797,-0.21848,7.0033,-656.2260942,-656.1633052,3.522128,Gaussian,QC,"opt+freq: b3lyp/6-311G** em=gd3bj
energy: M062X/6-311G+(2d, p) em=gd3"
1848,c-c133+c-b45+c-b86,O=C(O)c1cc[n+](CCc2ccc(Cl)cc2Cl)cc1,pyridinium,-1666.0094073,0.179384,0.245941,586.098904,-0.37174,-0.26279,10.8501,-1665.8300233,-1665.7634663,2.96344,Gaussian,QC,"opt+freq: b3lyp/6-311G** em=gd3bj
energy: M062X/6-311G+(2d, p) em=gd3"
1849,c-c108+c-b8+c-b58,CC#CCc1cc[n+](CCCCC(=O)O)cc1,pyridinium,-749.1780209,0.23571,0.306059,619.4914080000001,-0.37349,-0.22725,4.5772,-748.9423108999999,-748.8719619,3.977727999999999,Gaussian,QC,"opt+freq: b3lyp/6-311G** em=gd3bj
energy: M062X/6-311G+(2d, p) em=gd3"
1850,c-c108+c-b4+c-b83,CCCCCCCCC[n+]1ccc(CCO)cc1,pyridinium,-756.2035665,0.354022,0.428204,653.243736,-0.39237,-0.22069,9.0063,-755.8495445,-755.7753624999999,4.669696,Gaussian,QC,"opt+freq: b3lyp/6-311G** em=gd3bj
energy: M062X/6-311G+(2d, p) em=gd3"
1851,c-c25+c-b38,C#CCCCC[n+]1ccccc1C,pyridinium,-521.2874039,0.20452,0.259556,484.636904,-0.37374,-0.23568,6.1094,-521.0828839,-521.0278479,3.755232,Gaussian,QC,"opt+freq: b3lyp/6-311G** em=gd3bj
energy: M062X/6-311G+(2d, p) em=gd3"
1852,c-c33+c-b10,CCCCCC[n+]1ccc(CC)cc1,pyridinium,-563.0688213,0.273698,0.335191,541.501648,-0.42745,-0.22675,4.5891,-562.7951233,-562.7336303,5.45904,Gaussian,QC,"opt+freq: b3lyp/6-311G** em=gd3bj
energy: M062X/6-311G+(2d, p) em=gd3"
1853,c-c133+c-b58+c-b79,O=C(O)CCC[n+]1ccc(CCCO)cc1,pyridinium,-748.2502606,0.237901,0.301491,559.974008,-0.39454,-0.21839,3.3374,-748.0123596000001,-747.9487696,4.79128,Gaussian,QC,"opt+freq: b3lyp/6-311G** em=gd3bj
energy: M062X/6-311G+(2d, p) em=gd3"
1854,c-c100+c-b47,C[n+]1ccc(C(C)(C)C)cc1,pyridinium,-445.1507375,0.19594,0.247238,451.72556,-0.4492,-0.23193,5.6787,-444.9547975,-444.9034995,5.909744,Gaussian,QC,"opt+freq: b3lyp/6-311G** em=gd3bj
energy: M062X/6-311G+(2d, p) em=gd3"
1855,c-c108+c-b10+c-b43,CCc1cc[n+](CCCCC#N)cc1,pyridinium,-576.692026,0.218349,0.277994,525.2300720000001,-0.4386,-0.23563,6.4992,-576.4736770000001,-576.414032,5.520783999999999,Gaussian,QC,"opt+freq: b3lyp/6-311G** em=gd3bj
energy: M062X/6-311G+(2d, p) em=gd3"
1856,c-c108+c-b8+c-b40,CC#CCc1cc[n+](CCCN(C)C)cc1,pyridinium,-655.2345628,0.265717,0.33418,602.880928,-0.32471,-0.22582,2.7898,-654.9688458,-654.9003828000001,2.689808,Gaussian,QC,"opt+freq: b3lyp/6-311G** em=gd3bj
energy: M062X/6-311G+(2d, p) em=gd3"
1857,c-c133+c-b4+c-b84,CCCCCCCCCCC[n+]1ccc(CCO)cc1,pyridinium,-834.8127282,0.406054,0.486207,705.824064,-0.37684,-0.22038,12.8289,-834.4066742,-834.3265212,4.255712,Gaussian,QC,"opt+freq: b3lyp/6-311G** em=gd3bj
energy: M062X/6-311G+(2d, p) em=gd3"
1858,c-c111+c-b11+c-b58,O=C(O)Cc1ccc2cccc[n+]2c1C(F)(F)F,pyridinium,-967.1376886,0.147373,0.205826,514.7366000000001,-0.40905,-0.2446,8.518,-966.9903156,-966.9318626,4.47304,Gaussian,QC,"opt+freq: b3lyp/6-311G** em=gd3bj
energy: M062X/6-311G+(2d, p) em=gd3"
1859,c-c65+c-b27,CC(C#N)c1ccc[n+](C)c1,pyridinium,-458.7623525,0.140944,0.190784,438.884864,-0.45911,-0.25447,7.2827,-458.6214085,-458.5715685,5.566208000000001,Gaussian,QC,"opt+freq: b3lyp/6-311G** em=gd3bj
energy: M062X/6-311G+(2d, p) em=gd3"
1860,c-c108+c-b8+c-b10,CC#CCCCC[n+]1ccc(CC)cc1,pyridinium,-599.9118895,0.251218,0.317806,586.3666800000001,-0.35486,-0.22628,5.1099,-599.6606715,-599.5940835,3.497376,Gaussian,QC,"opt+freq: b3lyp/6-311G** em=gd3bj
energy: M062X/6-311G+(2d, p) em=gd3"
1861,c-c28+c-b10,CCCCC[n+]1cccc(C)c1,pyridinium,-484.4559805,0.222,0.277043,484.708032,-0.44188,-0.23511,4.1439,-484.2339805,-484.1789375,5.624143999999999,Gaussian,QC,"opt+freq: b3lyp/6-311G** em=gd3bj
energy: M062X/6-311G+(2d, p) em=gd3"
1862,c-c108+c-b40+c-b76,COCCC[n+]1ccc(N(C)C)cc1,pyridinium,-615.0229055,0.240529,0.30095,532.070912,-0.37311,-0.18823,3.5416,-614.7823764999999,-614.7219555,5.028735999999999,Gaussian,QC,"opt+freq: b3lyp/6-311G** em=gd3bj
energy: M062X/6-311G+(2d, p) em=gd3"
1863,c-c99+c-b56,CCCCCCCC(=O)C[n+]1ccc(C)cc1,pyridinium,-715.6915877,0.302809,0.374377,630.227552,-0.39273,-0.22778,11.8481,-715.3887787,-715.3172107,4.48664,Gaussian,QC,"opt+freq: b3lyp/6-311G** em=gd3bj
energy: M062X/6-311G+(2d, p) em=gd3"
1864,c-c133+c-b18+c-b77,CCC(=O)CC[n+]1ccc(CC(F)(F)F)cc1,pyridinium,-895.5337622,0.200926,0.26783,589.1615919999999,-0.3884,-0.23884,7.1538,-895.3328362,-895.2659322,4.068032000000001,Gaussian,QC,"opt+freq: b3lyp/6-311G** em=gd3bj
energy: M062X/6-311G+(2d, p) em=gd3"
1865,c-c99+c-b72,CCC(C)CC(=O)C[n+]1ccc(C)cc1,pyridinium,-637.0840895,0.250598,0.315783,574.0155120000001,-0.39957,-0.22835,8.8454,-636.8334915,-636.7683065,4.657183999999999,Gaussian,QC,"opt+freq: b3lyp/6-311G** em=gd3bj
energy: M062X/6-311G+(2d, p) em=gd3"
1866,c-c133+c-b60+c-b79,C=CCc1cc[n+](CCCCCO)cc1,pyridinium,-637.0576672,0.254283,0.317673,558.204176,-0.37345,-0.22524,3.6307,-636.8033842,-636.7399942,4.031312,Gaussian,QC,"opt+freq: b3lyp/6-311G** em=gd3bj
energy: M062X/6-311G+(2d, p) em=gd3"
1867,c-c133+c-b16+c-b24,Cc1ccccc1CC[n+]1ccc(CCCC#N)cc1,pyridinium,-807.7271186,0.291037,0.361076,616.7550719999999,-0.35815,-0.2242,7.3226,-807.4360816000001,-807.3660426,3.64344,Gaussian,QC,"opt+freq: b3lyp/6-311G** em=gd3bj
energy: M062X/6-311G+(2d, p) em=gd3"
1868,c-c133+c-b9+c-b79,CC(F)c1cc[n+](CCCCCO)cc1,pyridinium,-698.2222795,0.242994,0.30534,549.016112,-0.37525,-0.23262,4.3545,-697.9792855000001,-697.9169395,3.879535999999999,Gaussian,QC,"opt+freq: b3lyp/6-311G** em=gd3bj
energy: M062X/6-311G+(2d, p) em=gd3"
1869,c-c101+c-b36,c1ccc(CC[n+]2ccccc2)cc1,pyridinium,-558.2540532,0.193771,0.245342,454.13136,-0.3727,-0.23604,5.9821,-558.0602822000001,-558.0087112,3.717151999999999,Gaussian,QC,"opt+freq: b3lyp/6-311G** em=gd3bj
energy: M062X/6-311G+(2d, p) em=gd3"
1870,c-c65+c-b70,C[n+]1cccc(CCCS(=O)(=O)O)c1,pyridinium,-1029.6608727,0.178926,0.238449,524.1506,-0.41435,-0.24363,14.654,-1029.4819467,-1029.4224237,4.643584,Gaussian,QC,"opt+freq: b3lyp/6-311G** em=gd3bj
energy: M062X/6-311G+(2d, p) em=gd3"
1871,c-c108+c-b9+c-b58,CC(F)c1cc[n+](CCCCC(=O)O)cc1,pyridinium,-772.27291,0.223827,0.288004,565.137064,-0.38676,-0.23637,5.2112,-772.049083,-771.984906,4.090608,Gaussian,QC,"opt+freq: b3lyp/6-311G** em=gd3bj
energy: M062X/6-311G+(2d, p) em=gd3"
1872,c-c145+c-b9,CC(F)OC[n+]1ccccc1,pyridinium,-540.9937786,0.140551,0.189498,431.023128,-0.45498,-0.24195,3.5482,-540.8532276000001,-540.8042806000001,5.794416,Gaussian,QC,"opt+freq: b3lyp/6-311G** em=gd3bj
energy: M062X/6-311G+(2d, p) em=gd3"
1873,c-c65+c-b47,C[n+]1cccc(C(C)(C)C)c1,pyridinium,-445.1486863,0.195233,0.247192,457.549688,-0.44112,-0.23721,5.1484,-444.9534533,-444.9014943,5.546352,Gaussian,QC,"opt+freq: b3lyp/6-311G** em=gd3bj
energy: M062X/6-311G+(2d, p) em=gd3"
1874,c-c133+c-b28+c-b29,C=CCCc1cc[n+](CCC(C)C)cc1,pyridinium,-601.1469914,0.276418,0.340133,561.0660320000001,-0.37329,-0.22571,1.8999,-600.8705734,-600.8068584,4.014176,Gaussian,QC,"opt+freq: b3lyp/6-311G** em=gd3bj
energy: M062X/6-311G+(2d, p) em=gd3"
1875,c-c133+c-b27+c-b50,C=Cc1ccc(-c2cc[n+](CCC(C)C#N)cc2)cc1,pyridinium,-806.4902021,0.267115,0.337451,619.37844,-0.34678,-0.23333,6.0963,-806.2230871,-806.1527511,3.085839999999999,Gaussian,QC,"opt+freq: b3lyp/6-311G** em=gd3bj
energy: M062X/6-311G+(2d, p) em=gd3"
1876,c-c111+c-b28+c-b76,C=CCCc1c(OC)ccc2cccc[n+]12,pyridinium,-672.7457756,0.220363,0.278239,509.65304,-0.36664,-0.21699,3.4296,-672.5254126,-672.4675366,4.070480000000001,Gaussian,QC,"opt+freq: b3lyp/6-311G** em=gd3bj
energy: M062X/6-311G+(2d, p) em=gd3"
1877,c-c133+c-b18+c-b81,CCCCC[n+]1ccc(C(=O)CC)cc1,pyridinium,-637.0752189,0.254088,0.317245,556.1582000000001,-0.39945,-0.25623,3.1191,-636.8211309,-636.7579739,3.895584,Gaussian,QC,"opt+freq: b3lyp/6-311G** em=gd3bj
energy: M062X/6-311G+(2d, p) em=gd3"
1878,c-c88+c-b1,Cc1cc[n+](CCCC23CC4CC(CC(C4)C2)C3)cc1,pyridinium,-795.3193362,0.377081,0.443282,582.969272,-0.36792,-0.22558,12.5119,-794.9422552,-794.8760542,3.871648,Gaussian,QC,"opt+freq: b3lyp/6-311G** em=gd3bj
energy: M062X/6-311G+(2d, p) em=gd3"
1879,c-c108+c-b45+c-b80,CC(C)c1cc[n+](CCCC(=O)O)cc1,pyridinium,-673.0335865,0.232936,0.294853,545.23796,-0.40157,-0.22718,4.5544,-672.8006505,-672.7387335,4.743408,Gaussian,QC,"opt+freq: b3lyp/6-311G** em=gd3bj
energy: M062X/6-311G+(2d, p) em=gd3"
1880,c-c87+c-b19,Cc1cc[n+](CCCCCF)cc1,pyridinium,-583.6962377,0.2129,0.270997,511.6069680000001,-0.43448,-0.23293,7.4881,-583.4833377,-583.4252407,5.482159999999999,Gaussian,QC,"opt+freq: b3lyp/6-311G** em=gd3bj
energy: M062X/6-311G+(2d, p) em=gd3"
1881,c-c108+c-b11+c-b68,CC(C)CCCCCC[n+]1ccc(C(F)(F)F)cc1,pyridinium,-939.4096347,0.29772,0.371995,654.067984,-0.39978,-0.25738,5.9517,-939.1119146999999,-939.0376397,3.873280000000001,Gaussian,QC,"opt+freq: b3lyp/6-311G** em=gd3bj
energy: M062X/6-311G+(2d, p) em=gd3"
1882,c-c111+c-b11+c-b79,OCCCc1c(C(F)(F)F)ccc2cccc[n+]12,pyridinium,-932.415081,0.192274,0.252749,532.543704,-0.38389,-0.2372,8.7976,-932.222807,-932.162332,3.989968,Gaussian,QC,"opt+freq: b3lyp/6-311G** em=gd3bj
energy: M062X/6-311G+(2d, p) em=gd3"
1883,c-c111+c-b4+c-b29,CC(C)c1ccc2cccc[n+]2c1CCO,pyridinium,-673.9887782,0.242734,0.301939,521.355688,-0.38208,-0.21237,2.0097,-673.7460441999999,-673.6868392,4.616111999999999,Gaussian,QC,"opt+freq: b3lyp/6-311G** em=gd3bj
energy: M062X/6-311G+(2d, p) em=gd3"
1884,c-c133+c-b45+c-b74,CC(=O)c1cc[n+](CCC(=O)O)cc1,pyridinium,-668.4314264,0.162147,0.218786,498.766272,-0.40551,-0.25838,3.2511,-668.2692794,-668.2126403999999,4.001936,Gaussian,QC,"opt+freq: b3lyp/6-311G** em=gd3bj
energy: M062X/6-311G+(2d, p) em=gd3"
1885,c-c108+c-b47+c-b79,CC(C)(C)CCC[n+]1ccc(CCCO)cc1,pyridinium,-716.9030102,0.329201,0.39798,605.6674720000001,-0.3937,-0.21975,5.2726,-716.5738092,-716.5050302000001,4.73144,Gaussian,QC,"opt+freq: b3lyp/6-311G** em=gd3bj
energy: M062X/6-311G+(2d, p) em=gd3"
1886,c-c108+c-b58+c-b73,CC(C)Cc1cc[n+](CCCCC(=O)O)cc1,pyridinium,-751.6469481,0.283074,0.352239,609.06488,-0.38454,-0.22633,4.4612,-751.3638741,-751.2947091,4.303312,Gaussian,QC,"opt+freq: b3lyp/6-311G** em=gd3bj
energy: M062X/6-311G+(2d, p) em=gd3"
1887,c-c133+c-b41+c-b77,CC1(C)OCC(CC[n+]2ccc(CC(F)(F)F)cc2)O1,pyridinium,-1049.3676007,0.260616,0.331443,623.6963280000001,-0.37702,-0.23605,6.0427,-1049.1069847,-1049.0361577,3.834384,Gaussian,QC,"opt+freq: b3lyp/6-311G** em=gd3bj
energy: M062X/6-311G+(2d, p) em=gd3"
1888,c-c28+c-b50,C=Cc1ccc(CCC[n+]2cccc(C)c2)cc1,pyridinium,-714.2607043,0.271993,0.336914,571.689208,-0.33341,-0.22584,7.3461,-713.9887113000001,-713.9237903000001,2.925903999999999,Gaussian,QC,"opt+freq: b3lyp/6-311G** em=gd3bj
energy: M062X/6-311G+(2d, p) em=gd3"
1889,c-c108+c-b30+c-b68,CCCCCCC[n+]1ccc(CCCC(C)C)cc1,pyridinium,-759.5960806,0.401565,0.479411,685.510744,-0.41338,-0.22264,5.059,-759.1945156,-759.1166696,5.188128000000001,Gaussian,QC,"opt+freq: b3lyp/6-311G** em=gd3bj
energy: M062X/6-311G+(2d, p) em=gd3"
1890,c-c77+c-b12,Cc1cccc[n+]1CCC(=O)C(C)(C)C,pyridinium,-637.094583,0.254805,0.315951,538.4473280000001,-0.38032,-0.22847,6.7626,-636.8397779999999,-636.7786319999999,4.130319999999999,Gaussian,QC,"opt+freq: b3lyp/6-311G** em=gd3bj
energy: M062X/6-311G+(2d, p) em=gd3"
1891,c-c133+c-b10+c-b68,CCc1cc[n+](CCCCCC(C)C)cc1,pyridinium,-641.6806565,0.324617,0.392528,598.023304,-0.40457,-0.226,8.0844,-641.3560395000001,-641.2881285000001,4.857104,Gaussian,QC,"opt+freq: b3lyp/6-311G** em=gd3bj
energy: M062X/6-311G+(2d, p) em=gd3"
1892,c-c133+c-b18+c-b80,CCC(=O)c1cc[n+](CCC(C)C)cc1,pyridinium,-637.0776553,0.253809,0.316648,553.359104,-0.39964,-0.25641,3.775,-636.8238462999999,-636.7610073,3.895855999999999,Gaussian,QC,"opt+freq: b3lyp/6-311G** em=gd3bj
energy: M062X/6-311G+(2d, p) em=gd3"
1893,c-c108+c-b13+c-b65,CCC#CCc1cc[n+](CCCCCC#N)cc1,pyridinium,-731.4472331,0.273546,0.347403,650.390248,-0.37174,-0.23101,6.3347,-731.1736870999999,-731.0998301,3.827856000000001,Gaussian,QC,"opt+freq: b3lyp/6-311G** em=gd3bj
energy: M062X/6-311G+(2d, p) em=gd3"
1894,c-c133+c-b36+c-b73,CC(C)Cc1cc[n+](CCc2ccccc2)cc1,pyridinium,-715.4881247,0.294068,0.359993,580.5341840000001,-0.36629,-0.21957,3.3702,-715.1940566999999,-715.1281316999999,3.990784000000001,Gaussian,QC,"opt+freq: b3lyp/6-311G** em=gd3bj
energy: M062X/6-311G+(2d, p) em=gd3"
1895,c-c100+c-b77,C[n+]1ccc(CC(F)(F)F)cc1,pyridinium,-664.2830791,0.11864,0.170206,454.0895200000001,-0.47258,-0.25249,10.0189,-664.1644391,-664.1128731,5.986448,Gaussian,QC,"opt+freq: b3lyp/6-311G** em=gd3bj
energy: M062X/6-311G+(2d, p) em=gd3"
1896,c-c108+c-b44+c-b74,CC(=O)c1cc[n+](CCCCCC(C)C)cc1,pyridinium,-715.6876912,0.305184,0.374269,608.357784,-0.40512,-0.25688,4.9284,-715.3825072,-715.3134222,4.032127999999999,Gaussian,QC,"opt+freq: b3lyp/6-311G** em=gd3bj
energy: M062X/6-311G+(2d, p) em=gd3"
1897,c-c133+c-b9+c-b43,CC(F)c1cc[n+](CCCC#N)cc1,pyridinium,-636.6291242,0.185481,0.242252,499.921056,-0.45945,-0.24214,3.3694,-636.4436432,-636.3868722,5.910832000000001,Gaussian,QC,"opt+freq: b3lyp/6-311G** em=gd3bj
energy: M062X/6-311G+(2d, p) em=gd3"
1898,c-c111+c-b29+c-b73,CC(C)Cc1c(C(C)C)ccc2cccc[n+]12,pyridinium,-677.3747205,0.291181,0.353301,547.028712,-0.38548,-0.21686,4.0836,-677.0835394999999,-677.0214195,4.586463999999999,Gaussian,QC,"opt+freq: b3lyp/6-311G** em=gd3bj
energy: M062X/6-311G+(2d, p) em=gd3"
1899,c-c133+c-b12+c-b28,C=CCCc1cc[n+](CCC(=O)C(C)(C)C)cc1,pyridinium,-753.7828054,0.307231,0.379409,635.599808,-0.37257,-0.22156,5.0915,-753.4755744,-753.4033964,4.107472,Gaussian,QC,"opt+freq: b3lyp/6-311G** em=gd3bj
energy: M062X/6-311G+(2d, p) em=gd3"
1900,c-c133+c-b56+c-b65,CCC#CCCC[n+]1ccc(CCCCCCC)cc1,pyridinium,-796.4395307,0.381755,0.462787,713.564464,-0.36983,-0.21956,6.0067,-796.0577757,-795.9767436999999,4.087344,Gaussian,QC,"opt+freq: b3lyp/6-311G** em=gd3bj
energy: M062X/6-311G+(2d, p) em=gd3"
1901,c-c77+c-b60,C=CCCC[n+]1ccccc1C,pyridinium,-483.2256289,0.20162,0.253847,459.9094640000001,-0.37565,-0.23527,4.4905,-483.0240089,-482.9717819,3.818335999999999,Gaussian,QC,"opt+freq: b3lyp/6-311G** em=gd3bj
energy: M062X/6-311G+(2d, p) em=gd3"
1902,c-c108+c-b8+c-b51,CC#CCCCC[n+]1ccc(C2CCCCC2)cc1,pyridinium,-755.9411528,0.338665,0.412308,648.49908,-0.35239,-0.21987,3.2128,-755.6024878000001,-755.5288448,3.604543999999999,Gaussian,QC,"opt+freq: b3lyp/6-311G** em=gd3bj
energy: M062X/6-311G+(2d, p) em=gd3"
1903,c-c108+c-b3+c-b58,O=C(O)CCCC[n+]1ccc(C2CCCC2)cc1,pyridinium,-789.7382747,0.292175,0.360842,604.6758639999999,-0.39879,-0.22015,4.7526,-789.4460997,-789.3774327,4.859007999999999,Gaussian,QC,"opt+freq: b3lyp/6-311G** em=gd3bj
energy: M062X/6-311G+(2d, p) em=gd3"
1904,c-c133+c-b38+c-b46,C#CCc1cc[n+](CCc2ccc(C)cc2)cc1,pyridinium,-713.0119707,0.2472,0.312904,578.588624,-0.35491,-0.22399,4.5919,-712.7647707,-712.6990667,3.561024,Gaussian,QC,"opt+freq: b3lyp/6-311G** em=gd3bj
energy: M062X/6-311G+(2d, p) em=gd3"
1905,c-c133+c-b29+c-b73,CC(C)CC[n+]1ccc(CC(C)C)cc1,pyridinium,-602.379754,0.298632,0.362876,565.7228240000001,-0.43435,-0.22473,1.9594,-602.081122,-602.016878,5.701664,Gaussian,QC,"opt+freq: b3lyp/6-311G** em=gd3bj
energy: M062X/6-311G+(2d, p) em=gd3"
1906,c-c108+c-b37+c-b38,C#CCCCC[n+]1ccc(CC(C)O)cc1,pyridinium,-675.1216109,0.257075,0.322847,579.1911200000001,-0.37791,-0.22978,1.0479,-674.8645359,-674.7987638999999,4.029136,Gaussian,QC,"opt+freq: b3lyp/6-311G** em=gd3bj
energy: M062X/6-311G+(2d, p) em=gd3"
1907,c-c84+c-b65,CCC#CCc1cc[n+](CCCC)cc1,pyridinium,-599.90777,0.250709,0.317451,587.72648,-0.36936,-0.22616,4.4414,-599.657061,-599.590319,3.89504,Gaussian,QC,"opt+freq: b3lyp/6-311G** em=gd3bj
energy: M062X/6-311G+(2d, p) em=gd3"
1908,c-c133+c-b77+c-b79,OCCCc1cc[n+](CCCC(F)(F)F)cc1,pyridinium,-896.7410211,0.228004,0.292514,568.074232,-0.39657,-0.22692,7.473,-896.5130171,-896.4485071,4.614479999999999,Gaussian,QC,"opt+freq: b3lyp/6-311G** em=gd3bj
energy: M062X/6-311G+(2d, p) em=gd3"
1909,c-c108+c-b11+c-b56,CCCCCCCCCC[n+]1ccc(C(F)(F)F)cc1,pyridinium,-978.7118684,0.324261,0.401658,681.548496,-0.38969,-0.257,7.2014,-978.3876074,-978.3102104,3.609167999999999,Gaussian,QC,"opt+freq: b3lyp/6-311G** em=gd3bj
energy: M062X/6-311G+(2d, p) em=gd3"
1910,c-c133+c-b19+c-b76,COc1cc[n+](CCCCCF)cc1,pyridinium,-658.9096993,0.217553,0.276949,523.0418400000001,-0.42537,-0.21687,6.7161,-658.6921463000001,-658.6327503000001,5.671200000000001,Gaussian,QC,"opt+freq: b3lyp/6-311G** em=gd3bj
energy: M062X/6-311G+(2d, p) em=gd3"
1911,c-c70+c-b48,CCCCCC[n+]1ccc(-c2cccc(C)c2)c(C)c1,pyridinium,-794.1013921,0.343325,0.417385,652.176816,-0.35958,-0.2179,2.4586,-793.7580671,-793.6840071,3.853696,Gaussian,QC,"opt+freq: b3lyp/6-311G** em=gd3bj
energy: M062X/6-311G+(2d, p) em=gd3"
1912,c-c111+c-b18+c-b36,CCC(=O)c1c(-c2ccccc2)ccc2cccc[n+]12,pyridinium,-825.1845854,0.239847,0.303249,558.317144,-0.36948,-0.22445,6.4675,-824.9447383999999,-824.8813363999999,3.944815999999999,Gaussian,QC,"opt+freq: b3lyp/6-311G** em=gd3bj
energy: M062X/6-311G+(2d, p) em=gd3"
1913,c-c133+c-b71+c-b79,CCCCCCc1cc[n+](CCCCCO)cc1,pyridinium,-756.2026929,0.353632,0.428129,656.026096,-0.3721,-0.2213,3.9603,-755.8490609,-755.7745639,4.10176,Gaussian,QC,"opt+freq: b3lyp/6-311G** em=gd3bj
energy: M062X/6-311G+(2d, p) em=gd3"
1914,c-c145+c-b80,CC(C)OC[n+]1ccccc1,pyridinium,-481.0495874,0.174938,0.22445,436.002088,-0.43677,-0.239,4.0201,-480.8746494,-480.8251374,5.379344,Gaussian,QC,"opt+freq: b3lyp/6-311G** em=gd3bj
energy: M062X/6-311G+(2d, p) em=gd3"
1915,c-c28+c-b70,Cc1ccc[n+](CCCCCCS(=O)(=O)O)c1,pyridinium,-1147.5838823,0.255567,0.325082,612.144304,-0.39357,-0.23798,16.4377,-1147.3283153,-1147.2588003,4.232047999999999,Gaussian,QC,"opt+freq: b3lyp/6-311G** em=gd3bj
energy: M062X/6-311G+(2d, p) em=gd3"
1916,c-c111+c-b8+c-b79,CC#CCc1ccc2cccc[n+]2c1CCCO,pyridinium,-750.133979,0.248326,0.313926,577.6765120000001,-0.36557,-0.21173,2.6364,-749.8856529999999,-749.8200529999999,4.184448,Gaussian,QC,"opt+freq: b3lyp/6-311G** em=gd3bj
energy: M062X/6-311G+(2d, p) em=gd3"
1917,c-c111+c-b45+c-b48,Cc1cccc(-c2c(C(=O)O)ccc3cccc[n+]23)c1,pyridinium,-861.1345471,0.215043,0.280084,572.74776,-0.36206,-0.23105,6.6123,-860.9195040999999,-860.8544631,3.563472,Gaussian,QC,"opt+freq: b3lyp/6-311G** em=gd3bj
energy: M062X/6-311G+(2d, p) em=gd3"
1918,c-c103+c-b1,c1cc[n+](CCCC23CC4CC(CC(C4)C2)C3)cc1,pyridinium,-756.0041945,0.354187,0.415068,536.112656,-0.37018,-0.23729,12.9647,-755.6500075,-755.5891265,3.614608,Gaussian,QC,"opt+freq: b3lyp/6-311G** em=gd3bj
energy: M062X/6-311G+(2d, p) em=gd3"
1919,c-c133+c-b43+c-b70,N#CCc1cc[n+](CCCCCS(=O)(=O)O)cc1,pyridinium,-1200.504254,0.226522,0.296683,617.83036,-0.40404,-0.24922,13.0435,-1200.277732,-1200.207571,4.211104000000001,Gaussian,QC,"opt+freq: b3lyp/6-311G** em=gd3bj
energy: M062X/6-311G+(2d, p) em=gd3"
1920,c-c133+c-b9+c-b80,CC(C)CC[n+]1ccc(C(C)F)cc1,pyridinium,-623.0056863,0.239204,0.298639,523.3891120000001,-0.44963,-0.23518,2.5514,-622.7664823,-622.7070473,5.83304,Gaussian,QC,"opt+freq: b3lyp/6-311G** em=gd3bj
energy: M062X/6-311G+(2d, p) em=gd3"
1921,c-c108+c-b45+c-b70,O=C(O)c1cc[n+](CCCCCCS(=O)(=O)O)cc1,pyridinium,-1296.8231621,0.240582,0.313503,642.1310320000001,-0.39632,-0.26658,14.8041,-1296.5825801,-1296.5096591,3.528928000000001,Gaussian,QC,"opt+freq: b3lyp/6-311G** em=gd3bj
energy: M062X/6-311G+(2d, p) em=gd3"
1922,c-c25+c-b83,CCCCCCCCC[n+]1ccccc1C,pyridinium,-641.6762093,0.327562,0.39323,578.2748240000001,-0.39503,-0.23069,11.4349,-641.3486473,-641.2829793,4.470047999999999,Gaussian,QC,"opt+freq: b3lyp/6-311G** em=gd3bj
energy: M062X/6-311G+(2d, p) em=gd3"
1923,c-c145+c-b65,CCC#CCOC[n+]1ccccc1,pyridinium,-557.1882519,0.178614,0.236786,512.259672,-0.38563,-0.24158,6.5211,-557.0096378999999,-556.9514658999999,3.918159999999999,Gaussian,QC,"opt+freq: b3lyp/6-311G** em=gd3bj
energy: M062X/6-311G+(2d, p) em=gd3"
1924,c-c111+c-b4+c-b38,C#CCc1ccc2cccc[n+]2c1CCO,pyridinium,-671.5098733,0.198007,0.255641,507.523384,-0.385,-0.2172,2.3545,-671.3118663,-671.2542323,4.56416,Gaussian,QC,"opt+freq: b3lyp/6-311G** em=gd3bj
energy: M062X/6-311G+(2d, p) em=gd3"
1925,c-c133+c-b4+c-b24,Cc1ccccc1-c1cc[n+](CCCCO)cc1,pyridinium,-751.3977417,0.272001,0.337342,575.3878639999999,-0.3649,-0.22329,2.2572,-751.1257406999999,-751.0603997,3.851792,Gaussian,QC,"opt+freq: b3lyp/6-311G** em=gd3bj
energy: M062X/6-311G+(2d, p) em=gd3"
1926,c-c133+c-b6+c-b60,C=CCc1cc[n+](CCCCN)cc1,pyridinium,-577.883371,0.241451,0.301367,527.614952,-0.35701,-0.22388,1.1689,-577.64192,-577.582004,3.621136,Gaussian,QC,"opt+freq: b3lyp/6-311G** em=gd3bj
energy: M062X/6-311G+(2d, p) em=gd3"
1927,c-c84+c-b41,CCCC[n+]1ccc(C2COC(C)(C)O2)cc1,pyridinium,-751.6102094,0.285572,0.351247,578.329216,-0.37849,-0.22855,7.306,-751.3246374,-751.2589624000001,4.078367999999999,Gaussian,QC,"opt+freq: b3lyp/6-311G** em=gd3bj
energy: M062X/6-311G+(2d, p) em=gd3"
1928,c-c133+c-b12+c-b74,CC(=O)CC[n+]1ccc(C(=O)C(C)(C)C)cc1,pyridinium,-750.4047084,0.257908,0.326591,604.81812,-0.38878,-0.24708,6.652,-750.1468004,-750.0781174,3.85424,Gaussian,QC,"opt+freq: b3lyp/6-311G** em=gd3bj
energy: M062X/6-311G+(2d, p) em=gd3"
1929,c-c108+c-b18+c-b76,CCC(=O)CCC[n+]1ccc(OC)cc1,pyridinium,-673.0019292,0.233178,0.2943,538.242312,-0.3709,-0.20735,5.8251,-672.7687512,-672.7076291999999,4.44856,Gaussian,QC,"opt+freq: b3lyp/6-311G** em=gd3bj
energy: M062X/6-311G+(2d, p) em=gd3"
1930,c-c33+c-b37,CCCCCC[n+]1ccc(CC(C)O)cc1,pyridinium,-677.5939545,0.302364,0.369437,590.646912,-0.38878,-0.22758,1.3967,-677.2915905,-677.2245175,4.38464,Gaussian,QC,"opt+freq: b3lyp/6-311G** em=gd3bj
energy: M062X/6-311G+(2d, p) em=gd3"
1931,c-c103+c-b37,CC(O)CCCC[n+]1ccccc1,pyridinium,-559.6701682,0.225798,0.283203,505.51088,-0.37027,-0.24065,7.5179,-559.4443702,-559.3869652000001,3.525663999999999,Gaussian,QC,"opt+freq: b3lyp/6-311G** em=gd3bj
energy: M062X/6-311G+(2d, p) em=gd3"
1932,c-c77+c-b16,Cc1cccc[n+]1CCCCCC#N,pyridinium,-576.6917709,0.220374,0.278198,509.188616,-0.42437,-0.23882,10.08,-576.4713969000001,-576.4135729000001,5.04696,Gaussian,QC,"opt+freq: b3lyp/6-311G** em=gd3bj
energy: M062X/6-311G+(2d, p) em=gd3"
1933,c-c3+c-b11,Cc1ccc[n+](CCC(F)(F)F)c1,pyridinium,-703.5953377,0.145371,0.198924,471.587008,-0.45066,-0.24389,6.5357,-703.4499667,-703.3964136999999,5.624144,Gaussian,QC,"opt+freq: b3lyp/6-311G** em=gd3bj
energy: M062X/6-311G+(2d, p) em=gd3"
1934,c-c111+c-b27+c-b38,C#CCc1c(C(C)C#N)ccc2cccc[n+]12,pyridinium,-688.5164838,0.191329,0.249779,514.707312,-0.40545,-0.23369,7.4245,-688.3251548,-688.2667048,4.671871999999999,Gaussian,QC,"opt+freq: b3lyp/6-311G** em=gd3bj
energy: M062X/6-311G+(2d, p) em=gd3"
1935,c-c133+c-b13+c-b82,CC(C)CCCCc1cc[n+](CCCCC#N)cc1,pyridinium,-773.2194388,0.346318,0.422398,669.950448,-0.40834,-0.23186,2.8502,-772.8731208,-772.7970408,4.800255999999999,Gaussian,QC,"opt+freq: b3lyp/6-311G** em=gd3bj
energy: M062X/6-311G+(2d, p) em=gd3"
1936,c-c108+c-b44+c-b68,CC(C)CCCCC[n+]1ccc(CCCC(C)C)cc1,pyridinium,-798.902988,0.426878,0.50774,712.066592,-0.40325,-0.22211,4.2136,-798.4761100000001,-798.395248,4.927008,Gaussian,QC,"opt+freq: b3lyp/6-311G** em=gd3bj
energy: M062X/6-311G+(2d, p) em=gd3"
1937,c-c111+c-b8+c-b13,CC#CCc1c(CCC#N)ccc2cccc[n+]12,pyridinium,-727.7434478,0.221367,0.278238,500.80388,-0.32318,-0.23163,8.6151,-727.5220808,-727.4652098,2.49016,Gaussian,QC,"opt+freq: b3lyp/6-311G** em=gd3bj
energy: M062X/6-311G+(2d, p) em=gd3"
1938,c-c133+c-b18+c-b47,CCC(=O)CC[n+]1ccc(C(C)(C)C)cc1,pyridinium,-676.3999699,0.278173,0.344905,587.6428,-0.38196,-0.22001,3.5446,-676.1217968999999,-676.0550648999999,4.405040000000001,Gaussian,QC,"opt+freq: b3lyp/6-311G** em=gd3bj
energy: M062X/6-311G+(2d, p) em=gd3"
1939,c-c111+c-b47+c-b73,CC(C)Cc1ccc2cccc[n+]2c1C(C)(C)C,pyridinium,-716.6607511,0.315809,0.381067,574.6640320000001,-0.38012,-0.21737,4.1754,-716.3449421,-716.2796840999999,4.4268,Gaussian,QC,"opt+freq: b3lyp/6-311G** em=gd3bj
energy: M062X/6-311G+(2d, p) em=gd3"
1940,c-c133+c-b50+c-b80,C=Cc1ccc(-c2cc[n+](CCC(C)C)cc2)cc1,pyridinium,-753.5676143,0.29652,0.36533,605.935248,-0.34068,-0.22358,3.6821,-753.2710943,-753.2022843,3.18512,Gaussian,QC,"opt+freq: b3lyp/6-311G** em=gd3bj
energy: M062X/6-311G+(2d, p) em=gd3"
1941,c-c133+c-b76+c-b80,COCC[n+]1ccc(C(C)C)cc1,pyridinium,-559.6669866,0.224481,0.282439,510.376872,-0.3979,-0.22219,2.2716,-559.4425056,-559.3845476,4.779311999999999,Gaussian,QC,"opt+freq: b3lyp/6-311G** em=gd3bj
energy: M062X/6-311G+(2d, p) em=gd3"
1942,c-c133+c-b8+c-b12,CC#CCc1cc[n+](CCC(=O)C(C)(C)C)cc1,pyridinium,-752.5461859,0.282283,0.355969,648.8756400000001,-0.36892,-0.22104,5.1516,-752.2639029,-752.1902169,4.022336000000001,Gaussian,QC,"opt+freq: b3lyp/6-311G** em=gd3bj
energy: M062X/6-311G+(2d, p) em=gd3"
1943,c-c133+c-b6+c-b58,NCCCC[n+]1ccc(CC(=O)O)cc1,pyridinium,-689.0672308,0.22228,0.28412,544.56852,-0.34067,-0.23257,3.2286,-688.8449508,-688.7831107999999,2.940319999999999,Gaussian,QC,"opt+freq: b3lyp/6-311G** em=gd3bj
energy: M062X/6-311G+(2d, p) em=gd3"
1944,c-c133+c-b47+c-b67,Cc1ccc(CC[n+]2ccc(C(C)(C)C)cc2)cc1F,pyridinium,-854.0417095,0.310666,0.380746,617.1232640000001,-0.3595,-0.21965,5.9118,-853.7310435,-853.6609635,3.803919999999999,Gaussian,QC,"opt+freq: b3lyp/6-311G** em=gd3bj
energy: M062X/6-311G+(2d, p) em=gd3"
1945,c-c108+c-b27+c-b60,C=CCc1cc[n+](CCCC(C)C#N)cc1,pyridinium,-654.0835112,0.248335,0.312304,563.3086559999999,-0.38701,-0.22332,3.9326,-653.8351762,-653.7712071999999,4.452368000000001,Gaussian,QC,"opt+freq: b3lyp/6-311G** em=gd3bj
energy: M062X/6-311G+(2d, p) em=gd3"
1946,c-c133+c-b10+c-b84,CCCCCCCCCCC[n+]1ccc(CC)cc1,pyridinium,-759.5920002,0.401987,0.480087,687.745,-0.37782,-0.22541,14.0728,-759.1900132000001,-759.1119132,4.145551999999999,Gaussian,QC,"opt+freq: b3lyp/6-311G** em=gd3bj
energy: M062X/6-311G+(2d, p) em=gd3"
1947,c-c18+c-b21,CCCCCCCCCC[n+]1ccccc1,pyridinium,-641.6666163,0.32702,0.393692,587.115616,-0.38734,-0.23984,14.274,-641.3395963,-641.2729243,4.012,Gaussian,QC,"opt+freq: b3lyp/6-311G** em=gd3bj
energy: M062X/6-311G+(2d, p) em=gd3"
1948,c-c3+c-b60,C=CCCC[n+]1cccc(C)c1,pyridinium,-483.2254157,0.19911,0.253643,480.214416,-0.37733,-0.23655,4.2061,-483.0263057,-482.9717727,3.829216,Gaussian,QC,"opt+freq: b3lyp/6-311G** em=gd3bj
energy: M062X/6-311G+(2d, p) em=gd3"
1949,c-c101+c-b82,CC(C)CCCCCC[n+]1ccccc1,pyridinium,-602.3644091,0.30088,0.364105,556.756512,-0.39686,-0.2402,12.096,-602.0635291,-602.0003041,4.261152,Gaussian,QC,"opt+freq: b3lyp/6-311G** em=gd3bj
energy: M062X/6-311G+(2d, p) em=gd3"
1950,c-c100+c-b67,Cc1ccc(-c2cc[n+](C)cc2)cc1F,pyridinium,-657.5030081,0.180759,0.2372,497.0173600000001,-0.36897,-0.2352,9.9679,-657.3222491,-657.2658081,3.638544,Gaussian,QC,"opt+freq: b3lyp/6-311G** em=gd3bj
energy: M062X/6-311G+(2d, p) em=gd3"
1951,c-c111+c-b12+c-b79,CC(C)(C)C(=O)c1ccc2cccc[n+]2c1CCCO,pyridinium,-865.9153621,0.301358,0.370039,604.7972000000001,-0.37841,-0.21955,5.5858,-865.6140041,-865.5453231,4.320992,Gaussian,QC,"opt+freq: b3lyp/6-311G** em=gd3bj
energy: M062X/6-311G+(2d, p) em=gd3"
1952,c-c108+c-b12+c-b40,CN(C)CCC[n+]1ccc(C(=O)C(C)(C)C)cc1,pyridinium,-771.0108794,0.318851,0.390816,633.717008,-0.31807,-0.2493,5.3864,-770.6920284,-770.6200634,1.870544000000001,Gaussian,QC,"opt+freq: b3lyp/6-311G** em=gd3bj
energy: M062X/6-311G+(2d, p) em=gd3"
1953,c-c3+c-b36,Cc1ccc[n+](CCc2ccccc2)c1,pyridinium,-597.5668073,0.21741,0.273603,494.837496,-0.36929,-0.22969,5.3587,-597.3493973000001,-597.2932043000001,3.79712,Gaussian,QC,"opt+freq: b3lyp/6-311G** em=gd3bj
energy: M062X/6-311G+(2d, p) em=gd3"
1954,c-c108+c-b19+c-b39,COCc1cc[n+](CCCCCCF)cc1,pyridinium,-737.5075413,0.268121,0.334529,584.789312,-0.399,-0.23083,5.3637,-737.2394203,-737.1730123,4.574224,Gaussian,QC,"opt+freq: b3lyp/6-311G** em=gd3bj
energy: M062X/6-311G+(2d, p) em=gd3"
1955,c-c87+c-b63,Cc1cc[n+](CCc2ccc3ccccc3c2)cc1,pyridinium,-751.194563,0.258672,0.321405,552.4218880000001,-0.32863,-0.22062,7.9667,-750.935891,-750.873158,2.937871999999999,Gaussian,QC,"opt+freq: b3lyp/6-311G** em=gd3bj
energy: M062X/6-311G+(2d, p) em=gd3"
1956,c-c133+c-b36+c-b60,C=CCc1cc[n+](CCc2ccccc2)cc1,pyridinium,-674.9495699,0.24615,0.308103,545.560128,-0.36753,-0.22221,4.3738,-674.7034199000001,-674.6414669000001,3.952704000000001,Gaussian,QC,"opt+freq: b3lyp/6-311G** em=gd3bj
energy: M062X/6-311G+(2d, p) em=gd3"
1957,c-c99+c-b22,Cc1cc[n+](CC(=O)c2ccc(Cl)cc2)cc1,pyridinium,-1131.1810715,0.184771,0.247531,552.660376,-0.36626,-0.22664,11.3995,-1130.9963005,-1130.9335405,3.797663999999999,Gaussian,QC,"opt+freq: b3lyp/6-311G** em=gd3bj
energy: M062X/6-311G+(2d, p) em=gd3"
1958,c-c133+c-b4+c-b39,COCc1cc[n+](CCCCO)cc1,pyridinium,-634.8810114,0.227806,0.288617,535.501792,-0.38987,-0.22452,2.196,-634.6532054,-634.5923944,4.49752,Gaussian,QC,"opt+freq: b3lyp/6-311G** em=gd3bj
energy: M062X/6-311G+(2d, p) em=gd3"
1959,c-c133+c-b13+c-b50,C=Cc1ccc(-c2cc[n+](CCCCC#N)cc2)cc1,pyridinium,-806.4939778,0.267305,0.337928,621.9013920000001,-0.34565,-0.23077,2.7669,-806.2266728000001,-806.1560498,3.124736,Gaussian,QC,"opt+freq: b3lyp/6-311G** em=gd3bj
energy: M062X/6-311G+(2d, p) em=gd3"
1960,c-c145+c-b72,CCC(C)COC[n+]1ccccc1,pyridinium,-559.6569182,0.22451,0.282414,509.895712,-0.41823,-0.24127,9.1141,-559.4324081999999,-559.3745041999999,4.813311999999999,Gaussian,QC,"opt+freq: b3lyp/6-311G** em=gd3bj
energy: M062X/6-311G+(2d, p) em=gd3"
1961,c-c133+c-b24+c-b28,C=CCCc1cc[n+](CCc2ccccc2C)cc1,pyridinium,-753.5638451,0.296829,0.365656,606.090056,-0.35756,-0.21914,3.8277,-753.2670161,-753.1981891,3.765023999999999,Gaussian,QC,"opt+freq: b3lyp/6-311G** em=gd3bj
energy: M062X/6-311G+(2d, p) em=gd3"
1962,c-c133+c-b4+c-b65,CCC#CCc1cc[n+](CCCCO)cc1,pyridinium,-675.1268347,0.254062,0.32362,612.529232,-0.36837,-0.22376,3.3175,-674.8727727,-674.8032147,3.933392,Gaussian,QC,"opt+freq: b3lyp/6-311G** em=gd3bj
energy: M062X/6-311G+(2d, p) em=gd3"
1963,c-c111+c-b18+c-b45,CCC(=O)c1ccc2cccc[n+]2c1C(=O)O,pyridinium,-782.7177401,0.177422,0.237385,528.033352,-0.38987,-0.24793,6.5179,-782.5403181,-782.4803551,3.860767999999999,Gaussian,QC,"opt+freq: b3lyp/6-311G** em=gd3bj
energy: M062X/6-311G+(2d, p) em=gd3"
1964,c-c111+c-b27+c-b76,COc1c(C(C)C#N)ccc2cccc[n+]12,pyridinium,-687.5882248,0.186639,0.243704,502.515136,-0.39644,-0.23026,7.1138,-687.4015858,-687.3445208,4.520096000000001,Gaussian,QC,"opt+freq: b3lyp/6-311G** em=gd3bj
energy: M062X/6-311G+(2d, p) em=gd3"
1965,c-c133+c-b45+c-b70,O=C(O)c1cc[n+](CCCCCS(=O)(=O)O)cc1,pyridinium,-1257.5168346,0.214972,0.284448,611.809584,-0.40568,-0.26831,12.3381,-1257.3018626,-1257.2323866,3.736464,Gaussian,QC,"opt+freq: b3lyp/6-311G** em=gd3bj
energy: M062X/6-311G+(2d, p) em=gd3"
1966,c-c111+c-b4+c-b40,CN(C)c1c(CCO)ccc2cccc[n+]12,pyridinium,-690.0171055,0.231886,0.290262,514.054608,-0.35505,-0.20966,1.8367,-689.7852194999999,-689.7268435,3.954607999999999,Gaussian,QC,"opt+freq: b3lyp/6-311G** em=gd3bj
energy: M062X/6-311G+(2d, p) em=gd3"
1967,c-c16+c-b29,CCCCCCCC[n+]1cc(C(C)C)ccc1C,pyridinium,-720.2946904,0.376122,0.450099,651.4404320000001,-0.40066,-0.22187,6.785,-719.9185684,-719.8445914,4.863088,Gaussian,QC,"opt+freq: b3lyp/6-311G** em=gd3bj
energy: M062X/6-311G+(2d, p) em=gd3"
1968,c-c133+c-b6+c-b71,CCCCCCc1cc[n+](CCCCN)cc1,pyridinium,-697.0284403,0.34117,0.411855,622.4536800000001,-0.35548,-0.2199,5.302,-696.6872703,-696.6165853000001,3.687776,Gaussian,QC,"opt+freq: b3lyp/6-311G** em=gd3bj
energy: M062X/6-311G+(2d, p) em=gd3"
1969,c-c111+c-b38+c-b74,C#CCc1c(C(C)=O)ccc2cccc[n+]12,pyridinium,-670.2929929,0.174015,0.231038,502.138576,-0.39726,-0.23454,5.6921,-670.1189778999999,-670.0619548999999,4.425984,Gaussian,QC,"opt+freq: b3lyp/6-311G** em=gd3bj
energy: M062X/6-311G+(2d, p) em=gd3"
1970,c-c108+c-b8+c-b55,CC#CCCCC[n+]1ccc(-c2cscn2)cc1,pyridinium,-1089.1471524,0.228691,0.298918,618.4119360000001,-0.3508,-0.22974,2.1868,-1088.9184614,-1088.8482344,3.292832,Gaussian,QC,"opt+freq: b3lyp/6-311G** em=gd3bj
energy: M062X/6-311G+(2d, p) em=gd3"
1971,c-c111+c-b36+c-b43,N#CCc1c(-c2ccccc2)ccc2cccc[n+]12,pyridinium,-764.7938581,0.205252,0.264178,518.89968,-0.37642,-0.2306,7.037,-764.5886061,-764.5296801,3.966303999999999,Gaussian,QC,"opt+freq: b3lyp/6-311G** em=gd3bj
energy: M062X/6-311G+(2d, p) em=gd3"
1972,c-c3+c-b43,Cc1ccc[n+](CCCC#N)c1,pyridinium,-498.081569,0.168236,0.220096,456.671048,-0.44911,-0.2427,5.3421,-497.913333,-497.861473,5.614352,Gaussian,QC,"opt+freq: b3lyp/6-311G** em=gd3bj
energy: M062X/6-311G+(2d, p) em=gd3"
1973,c-c111+c-b16+c-b18,CCC(=O)c1ccc2cccc[n+]2c1CCCC#N,pyridinium,-804.3154976,0.241811,0.308056,583.3500160000001,-0.39349,-0.23504,5.848,-804.0736866,-804.0074416,4.30984,Gaussian,QC,"opt+freq: b3lyp/6-311G** em=gd3bj
energy: M062X/6-311G+(2d, p) em=gd3"
1974,c-c133+c-b10+c-b19,CCc1cc[n+](CCCCCF)cc1,pyridinium,-623.0019261,0.239244,0.300205,536.823936,-0.43354,-0.23038,6.0014,-622.7626821,-622.7017211,5.525951999999999,Gaussian,QC,"opt+freq: b3lyp/6-311G** em=gd3bj
energy: M062X/6-311G+(2d, p) em=gd3"
1975,c-c84+c-b61,CCCCCCCCc1cc[n+](CCCC)cc1,pyridinium,-720.2884819,0.376983,0.451065,652.3609120000001,-0.39309,-0.22392,9.685,-719.9114989,-719.8374169,4.601424,Gaussian,QC,"opt+freq: b3lyp/6-311G** em=gd3bj
energy: M062X/6-311G+(2d, p) em=gd3"
1976,c-c108+c-b10+c-b55,CCCCC[n+]1ccc(-c2cscn2)cc1,pyridinium,-1012.999192,0.225587,0.287299,543.434656,-0.38177,-0.23078,1.8041,-1012.773605,-1012.711893,4.106928,Gaussian,QC,"opt+freq: b3lyp/6-311G** em=gd3bj
energy: M062X/6-311G+(2d, p) em=gd3"
1977,c-c84+c-b8,CC#CCc1cc[n+](CCCC)cc1,pyridinium,-560.6036604,0.226278,0.288309,546.24212,-0.37289,-0.22669,3.2427,-560.3773824,-560.3153513999999,3.97664,Gaussian,QC,"opt+freq: b3lyp/6-311G** em=gd3bj
energy: M062X/6-311G+(2d, p) em=gd3"
1978,c-c133+c-b47+c-b77,CC(C)(C)CC[n+]1ccc(CC(F)(F)F)cc1,pyridinium,-860.820026,0.248208,0.313528,575.2079520000001,-0.44092,-0.24145,7.0431,-860.571818,-860.506498,5.425584,Gaussian,QC,"opt+freq: b3lyp/6-311G** em=gd3bj
energy: M062X/6-311G+(2d, p) em=gd3"
1979,c-c40+c-b20,Cc1ccc[n+](CC(=O)c2ccc(Cl)c(Cl)c2)c1,pyridinium,-1590.77426,0.173753,0.239437,578.412896,-0.36469,-0.23456,14.8465,-1590.600507,-1590.534823,3.539536,Gaussian,QC,"opt+freq: b3lyp/6-311G** em=gd3bj
energy: M062X/6-311G+(2d, p) em=gd3"
1980,c-c108+c-b38+c-b39,C#CCCCC[n+]1ccc(COC)cc1,pyridinium,-635.7962452,0.231245,0.293897,551.710608,-0.37787,-0.2309,4.0271,-635.5650002000001,-635.5023482,3.997584,Gaussian,QC,"opt+freq: b3lyp/6-311G** em=gd3bj
energy: M062X/6-311G+(2d, p) em=gd3"
1981,c-c108+c-b38+c-b60,C#CCCCC[n+]1ccc(CC=C)cc1,pyridinium,-598.6713908,0.231448,0.293981,550.660424,-0.37762,-0.22886,2.9596,-598.4399428,-598.3774098,4.046272,Gaussian,QC,"opt+freq: b3lyp/6-311G** em=gd3bj
energy: M062X/6-311G+(2d, p) em=gd3"
1982,c-c108+c-b23+c-b45,O=C(O)CCC[n+]1ccc(-c2cccc(Cl)c2)cc1,pyridinium,-1245.7352395,0.217293,0.283629,584.1533440000001,-0.36538,-0.23023,8.657,-1245.5179465,-1245.4516105,3.67608,Gaussian,QC,"opt+freq: b3lyp/6-311G** em=gd3bj
energy: M062X/6-311G+(2d, p) em=gd3"
1983,c-c133+c-b13+c-b65,CCC#CCc1cc[n+](CCCCC#N)cc1,pyridinium,-692.1408856,0.24703,0.318411,628.5874239999999,-0.37363,-0.23369,1.9723,-691.8938556,-691.8224746000001,3.806368,Gaussian,QC,"opt+freq: b3lyp/6-311G** em=gd3bj
energy: M062X/6-311G+(2d, p) em=gd3"
1984,c-c133+c-b27+c-b41,CC(C#N)CC[n+]1ccc(C2COC(C)(C)O2)cc1,pyridinium,-843.8406985,0.281354,0.351797,620.324024,-0.38834,-0.23724,7.4294,-843.5593445000001,-843.4889015,4.10992,Gaussian,QC,"opt+freq: b3lyp/6-311G** em=gd3bj
energy: M062X/6-311G+(2d, p) em=gd3"
1985,c-c111+c-b39+c-b58,COCc1ccc2cccc[n+]2c1CC(=O)O,pyridinium,-783.9261271,0.201353,0.261424,528.974752,-0.39333,-0.22426,3.8898,-783.7247741,-783.6647031,4.598704000000001,Gaussian,QC,"opt+freq: b3lyp/6-311G** em=gd3bj
energy: M062X/6-311G+(2d, p) em=gd3"
1986,c-c108+c-b43+c-b79,N#CCc1cc[n+](CCCCCCO)cc1,pyridinium,-691.2066838,0.247776,0.312821,572.781232,-0.36562,-0.24229,3.3963,-690.9589077999999,-690.8938628,3.354576,Gaussian,QC,"opt+freq: b3lyp/6-311G** em=gd3bj
energy: M062X/6-311G+(2d, p) em=gd3"
1987,c-c3+c-b77,Cc1ccc[n+](CCCC(F)(F)F)c1,pyridinium,-742.9055235,0.171648,0.228125,497.335344,-0.44909,-0.2413,8.337,-742.7338755,-742.6773985,5.651888,Gaussian,QC,"opt+freq: b3lyp/6-311G** em=gd3bj
energy: M062X/6-311G+(2d, p) em=gd3"
1988,c-c111+c-b4+c-b28,C=CCCc1c(CCO)ccc2cccc[n+]12,pyridinium,-712.0642419,0.247012,0.307927,536.422272,-0.36821,-0.21423,3.8123,-711.8172298999999,-711.7563149,4.188255999999999,Gaussian,QC,"opt+freq: b3lyp/6-311G** em=gd3bj
energy: M062X/6-311G+(2d, p) em=gd3"
1989,c-c108+c-b68+c-b76,COCCC[n+]1ccc(CCCC(C)C)cc1,pyridinium,-716.8912078,0.327667,0.398247,621.5290160000001,-0.38807,-0.22001,4.4776,-716.5635407999999,-716.4929608,4.571232,Gaussian,QC,"opt+freq: b3lyp/6-311G** em=gd3bj
energy: M062X/6-311G+(2d, p) em=gd3"
1990,c-c111+c-b47+c-b58,CC(C)(C)c1c(CC(=O)O)ccc2cccc[n+]12,pyridinium,-787.3163699,0.250553,0.31288,548.848752,-0.38545,-0.21878,3.95,-787.0658169000001,-787.0034899000001,4.533424,Gaussian,QC,"opt+freq: b3lyp/6-311G** em=gd3bj
energy: M062X/6-311G+(2d, p) em=gd3"
1991,c-c108+c-b20+c-b39,COCCCC[n+]1ccc(-c2ccc(Cl)c(Cl)c2)cc1,pyridinium,-1670.5788568,0.248329,0.321113,640.9344080000001,-0.36507,-0.23367,8.0889,-1670.3305278,-1670.2577438,3.57408,Gaussian,QC,"opt+freq: b3lyp/6-311G** em=gd3bj
energy: M062X/6-311G+(2d, p) em=gd3"
1992,c-c84+c-b16,CCCC[n+]1ccc(CCCC#N)cc1,pyridinium,-616.002952,0.245557,0.307156,542.4346800000001,-0.43953,-0.23213,6.1496,-615.7573950000001,-615.6957960000001,5.641279999999999,Gaussian,QC,"opt+freq: b3lyp/6-311G** em=gd3bj
energy: M062X/6-311G+(2d, p) em=gd3"
1993,c-c108+c-b8+c-b18,CC#CCCCC[n+]1ccc(C(=O)CC)cc1,pyridinium,-713.2232885,0.257622,0.328839,627.131392,-0.35849,-0.25495,2.2602,-712.9656665,-712.8944495,2.816287999999999,Gaussian,QC,"opt+freq: b3lyp/6-311G** em=gd3bj
energy: M062X/6-311G+(2d, p) em=gd3"
1994,c-c103+c-b25,CC1CCN(CCC[n+]2ccccc2)CC1,pyridinium,-656.5168441,0.30048,0.360265,526.4601680000001,-0.34623,-0.23141,8.7599,-656.2163641,-656.1565790999999,3.123103999999999,Gaussian,QC,"opt+freq: b3lyp/6-311G** em=gd3bj
energy: M062X/6-311G+(2d, p) em=gd3"
1995,c-c133+c-b19+c-b81,CCCc1cc[n+](CCCCCF)cc1,pyridinium,-662.3078151,0.265197,0.329123,562.927912,-0.43329,-0.22901,5.5981,-662.0426181,-661.9786921,5.556416,Gaussian,QC,"opt+freq: b3lyp/6-311G** em=gd3bj
energy: M062X/6-311G+(2d, p) em=gd3"
1996,c-c133+c-b4+c-b18,CCC(=O)CC[n+]1ccc(CCO)cc1,pyridinium,-673.007182,0.23044,0.29427,562.091112,-0.38117,-0.21895,2.6472,-672.7767419999999,-672.712912,4.412384,Gaussian,QC,"opt+freq: b3lyp/6-311G** em=gd3bj
energy: M062X/6-311G+(2d, p) em=gd3"
1997,c-c77+c-b40,Cc1cccc[n+]1CCN(C)C,pyridinium,-500.4867234,0.212852,0.265444,463.118592,-0.35492,-0.22477,2.681,-500.2738714,-500.2212794,3.54008,Gaussian,QC,"opt+freq: b3lyp/6-311G** em=gd3bj
energy: M062X/6-311G+(2d, p) em=gd3"
1998,c-c25+c-b39,COCCCC[n+]1ccccc1C,pyridinium,-559.6611293,0.226094,0.282773,499.113544,-0.36598,-0.23291,6.1133,-559.4350353,-559.3783563,3.619504,Gaussian,QC,"opt+freq: b3lyp/6-311G** em=gd3bj
energy: M062X/6-311G+(2d, p) em=gd3"
1999,c-c100+c-b81,CCCc1cc[n+](C)cc1,pyridinium,-405.8426942,0.170505,0.2194,430.567072,-0.45167,-0.23528,4.8589,-405.6721892,-405.6232942,5.885808000000001,Gaussian,QC,"opt+freq: b3lyp/6-311G** em=gd3bj
energy: M062X/6-311G+(2d, p) em=gd3"
2000,c-c65+c-b35,CCC(C)c1ccc[n+](C)c1,pyridinium,-445.1464262,0.195384,0.247916,462.587224,-0.43623,-0.238,6.0813,-444.9510422,-444.8985102,5.391856000000001,Gaussian,QC,"opt+freq: b3lyp/6-311G** em=gd3bj
energy: M062X/6-311G+(2d, p) em=gd3"
2001,c-c87+c-b65,CCC#CCCC[n+]1ccc(C)cc1,pyridinium,-560.608871,0.226129,0.288789,551.78592,-0.37159,-0.22595,6.2309,-560.382742,-560.3200820000001,3.961407999999999,Gaussian,QC,"opt+freq: b3lyp/6-311G** em=gd3bj
energy: M062X/6-311G+(2d, p) em=gd3"
2002,c-c108+c-b8+c-b68,CC#CCc1cc[n+](CCCCCCC(C)C)cc1,pyridinium,-757.129717,0.353875,0.432604,693.2887999999999,-0.37131,-0.2241,7.8049,-756.775842,-756.6971130000001,4.004111999999999,Gaussian,QC,"opt+freq: b3lyp/6-311G** em=gd3bj
energy: M062X/6-311G+(2d, p) em=gd3"
2003,c-c108+c-b18+c-b74,CCC(=O)c1cc[n+](CCCC(C)=O)cc1,pyridinium,-711.1015524,0.235046,0.29933,566.0784639999999,-0.38474,-0.25014,3.8669,-710.8665063999999,-710.8022223999999,3.661120000000001,Gaussian,QC,"opt+freq: b3lyp/6-311G** em=gd3bj
energy: M062X/6-311G+(2d, p) em=gd3"
2004,c-c108+c-b6+c-b48,Cc1cccc(-c2cc[n+](CCCCCN)cc2)c1,pyridinium,-770.8315216,0.307225,0.378448,627.189968,-0.32812,-0.22276,3.7468,-770.5242966,-770.4530735999999,2.865792,Gaussian,QC,"opt+freq: b3lyp/6-311G** em=gd3bj
energy: M062X/6-311G+(2d, p) em=gd3"
2005,c-c111+c-b16+c-b40,CN(C)c1ccc2cccc[n+]2c1CCCC#N,pyridinium,-746.3377309,0.251603,0.314379,552.806816,-0.35084,-0.21088,3.5797,-746.0861279,-746.0233519,3.806911999999999,Gaussian,QC,"opt+freq: b3lyp/6-311G** em=gd3bj
energy: M062X/6-311G+(2d, p) em=gd3"
2006,c-c108+c-b4+c-b28,C=CCCCCC[n+]1ccc(CCO)cc1,pyridinium,-676.3640737,0.280287,0.346863,586.2620800000001,-0.34609,-0.22226,6.8147,-676.0837866999999,-676.0172107,3.368176,Gaussian,QC,"opt+freq: b3lyp/6-311G** em=gd3bj
energy: M062X/6-311G+(2d, p) em=gd3"
2007,c-c133+c-b16+c-b77,N#CCCCc1cc[n+](CCCC(F)(F)F)cc1,pyridinium,-913.7574747,0.220186,0.287183,589.977472,-0.44343,-0.23695,3.6599,-913.5372887,-913.4702917,5.616256,Gaussian,QC,"opt+freq: b3lyp/6-311G** em=gd3bj
energy: M062X/6-311G+(2d, p) em=gd3"
2008,c-c33+c-b25,CCCCCC[n+]1ccc(N2CCC(C)CC2)cc1,pyridinium,-774.4545884,0.3749,0.447358,638.0683680000001,-0.36386,-0.18282,3.3794,-774.0796884,-774.0072304,4.924288,Gaussian,QC,"opt+freq: b3lyp/6-311G** em=gd3bj
energy: M062X/6-311G+(2d, p) em=gd3"
2009,c-c133+c-b60+c-b81,C=CCCC[n+]1ccc(CCC)cc1,pyridinium,-561.8392023,0.250763,0.311688,536.5059520000001,-0.37422,-0.22741,2.0832,-561.5884393,-561.5275143,3.993232,Gaussian,QC,"opt+freq: b3lyp/6-311G** em=gd3bj
energy: M062X/6-311G+(2d, p) em=gd3"
2010,c-c133+c-b6+c-b79,NCCCC[n+]1ccc(CCCO)cc1,pyridinium,-654.3291918,0.268088,0.330808,552.3172880000001,-0.33893,-0.22308,2.3558,-654.0611038,-653.9983837999999,3.15112,Gaussian,QC,"opt+freq: b3lyp/6-311G** em=gd3bj
energy: M062X/6-311G+(2d, p) em=gd3"
2011,c-c111+c-b13+c-b65,CCC#CCc1c(CCC#N)ccc2cccc[n+]12,pyridinium,-767.1452673,0.241329,0.308526,591.734752,-0.36917,-0.22347,6.8964,-766.9039383,-766.8367413,3.96304,Gaussian,QC,"opt+freq: b3lyp/6-311G** em=gd3bj
energy: M062X/6-311G+(2d, p) em=gd3"
2012,c-c111+c-b37+c-b40,CC(O)Cc1c(N(C)C)ccc2cccc[n+]12,pyridinium,-729.318918,0.258705,0.318992,530.882656,-0.34765,-0.21131,3.5232,-729.0602130000001,-728.9999260000001,3.708448,Gaussian,QC,"opt+freq: b3lyp/6-311G** em=gd3bj
energy: M062X/6-311G+(2d, p) em=gd3"
2013,c-c25+c-b40,Cc1cccc[n+]1CCCN(C)C,pyridinium,-539.7829145,0.238091,0.294154,493.686896,-0.32836,-0.23265,5.8696,-539.5448234999999,-539.4887604999999,2.603312,Gaussian,QC,"opt+freq: b3lyp/6-311G** em=gd3bj
energy: M062X/6-311G+(2d, p) em=gd3"
2014,c-c133+c-b73+c-b74,CC(=O)c1cc[n+](CCCC(C)C)cc1,pyridinium,-637.0781008,0.253459,0.316294,553.317264,-0.40584,-0.25781,2.702,-636.8246418,-636.7618068,4.026415999999999,Gaussian,QC,"opt+freq: b3lyp/6-311G** em=gd3bj
energy: M062X/6-311G+(2d, p) em=gd3"
2015,c-c108+c-b43+c-b72,CCC(C)Cc1cc[n+](CCCCC#N)cc1,pyridinium,-694.6099531,0.294682,0.364427,614.173544,-0.43103,-0.2321,3.4953,-694.3152711,-694.2455261,5.410896,Gaussian,QC,"opt+freq: b3lyp/6-311G** em=gd3bj
energy: M062X/6-311G+(2d, p) em=gd3"
2016,c-c111+c-b58+c-b77,O=C(O)Cc1c(CC(F)(F)F)ccc2cccc[n+]12,pyridinium,-1006.4657795,0.172924,0.235171,548.14584,-0.40034,-0.23178,9.1248,-1006.2928555,-1006.2306085,4.584831999999999,Gaussian,QC,"opt+freq: b3lyp/6-311G** em=gd3bj
energy: M062X/6-311G+(2d, p) em=gd3"
2017,c-c108+c-b39+c-b40,COCCCC[n+]1ccc(N(C)C)cc1,pyridinium,-654.3242541,0.264911,0.32976,571.061608,-0.36143,-0.19039,5.8654,-654.0593431,-653.9944941,4.652287999999999,Gaussian,QC,"opt+freq: b3lyp/6-311G** em=gd3bj
energy: M062X/6-311G+(2d, p) em=gd3"
2018,c-c133+c-b39+c-b43,COCCC[n+]1ccc(CC#N)cc1,pyridinium,-612.5879015,0.196487,0.254552,511.314088,-0.39754,-0.24085,3.5485,-612.3914145,-612.3333495,4.261968,Gaussian,QC,"opt+freq: b3lyp/6-311G** em=gd3bj
energy: M062X/6-311G+(2d, p) em=gd3"
2019,c-c108+c-b27+c-b29,CC(C)CCC[n+]1ccc(C(C)C#N)cc1,pyridinium,-655.2979683,0.269185,0.334849,578.237168,-0.43875,-0.24134,2.6763,-655.0287833,-654.9631193,5.369551999999999,Gaussian,QC,"opt+freq: b3lyp/6-311G** em=gd3bj
energy: M062X/6-311G+(2d, p) em=gd3"
2020,c-c40+c-b55,Cc1ccc[n+](CC(=O)c2cscn2)c1,pyridinium,-1008.3989143,0.153773,0.211519,508.50244,-0.39233,-0.23267,5.3061,-1008.2451413,-1008.1873953,4.342752000000001,Gaussian,QC,"opt+freq: b3lyp/6-311G** em=gd3bj
energy: M062X/6-311G+(2d, p) em=gd3"
2021,c-c133+c-b45+c-b51,O=C(O)c1cc[n+](CCC2CCCCC2)cc1,pyridinium,-750.4185514,0.268725,0.330846,547.0370800000001,-0.40728,-0.26216,8.1945,-750.1498263999999,-750.0877054,3.947263999999999,Gaussian,QC,"opt+freq: b3lyp/6-311G** em=gd3bj
energy: M062X/6-311G+(2d, p) em=gd3"
2022,c-c88+c-b40,Cc1cc[n+](CCCN(C)C)cc1,pyridinium,-539.7844277,0.235426,0.293866,514.615264,-0.32675,-0.22997,5.9284,-539.5490017000001,-539.4905617000001,2.632415999999999,Gaussian,QC,"opt+freq: b3lyp/6-311G** em=gd3bj
energy: M062X/6-311G+(2d, p) em=gd3"
2023,c-c84+c-b44,CCCC[n+]1ccc(CCC(C)C)cc1,pyridinium,-602.3767999,0.299045,0.363459,567.229064,-0.42704,-0.22542,4.7775,-602.0777549000001,-602.0133409,5.484063999999999,Gaussian,QC,"opt+freq: b3lyp/6-311G** em=gd3bj
energy: M062X/6-311G+(2d, p) em=gd3"
2024,c-c111+c-b30+c-b47,CCCCc1c(C(C)(C)C)ccc2cccc[n+]12,pyridinium,-716.6708467,0.318439,0.382312,562.467672,-0.38154,-0.2134,3.6493,-716.3524077,-716.2885347,4.573408,Gaussian,QC,"opt+freq: b3lyp/6-311G** em=gd3bj
energy: M062X/6-311G+(2d, p) em=gd3"
2025,c-c133+c-b24+c-b76,COCC[n+]1ccc(-c2ccccc2C)cc1,pyridinium,-712.079769,0.246021,0.307864,544.585256,-0.36351,-0.22181,4.8979,-711.833748,-711.7719050000001,3.85424,Gaussian,QC,"opt+freq: b3lyp/6-311G** em=gd3bj
energy: M062X/6-311G+(2d, p) em=gd3"
2026,c-c111+c-b47+c-b60,C=CCc1ccc2cccc[n+]2c1C(C)(C)C,pyridinium,-676.1221888,0.269699,0.329631,527.753024,-0.3772,-0.2198,3.7929,-675.8524898000001,-675.7925578,4.28128,Gaussian,QC,"opt+freq: b3lyp/6-311G** em=gd3bj
energy: M062X/6-311G+(2d, p) em=gd3"
2027,c-c133+c-b8+c-b71,CC#CCCC[n+]1ccc(CCCCCC)cc1,pyridinium,-717.8301509,0.329445,0.404706,662.7497840000001,-0.37137,-0.22043,5.2489,-717.5007059000001,-717.4254449,4.105568,Gaussian,QC,"opt+freq: b3lyp/6-311G** em=gd3bj
energy: M062X/6-311G+(2d, p) em=gd3"
2028,c-c133+c-b13+c-b41,CC1(C)OCC(c2cc[n+](CCCCC#N)cc2)O1,pyridinium,-843.8446644,0.28158,0.352297,622.7256400000001,-0.38771,-0.23389,4.6596,-843.5630844000001,-843.4923674,4.183904,Gaussian,QC,"opt+freq: b3lyp/6-311G** em=gd3bj
energy: M062X/6-311G+(2d, p) em=gd3"
2029,c-c108+c-b40+c-b83,CCCCCCCCC[n+]1ccc(N(C)C)cc1,pyridinium,-736.3370367,0.365883,0.440091,653.4780400000001,-0.37453,-0.19007,11.6676,-735.9711537,-735.8969457,5.017312,Gaussian,QC,"opt+freq: b3lyp/6-311G** em=gd3bj
energy: M062X/6-311G+(2d, p) em=gd3"
2030,c-c111+c-b35+c-b45,CCC(C)c1c(C(=O)O)ccc2cccc[n+]12,pyridinium,-748.0186981,0.224751,0.284435,525.57316,-0.39777,-0.23124,5.6097,-747.7939471000001,-747.7342631,4.529616,Gaussian,QC,"opt+freq: b3lyp/6-311G** em=gd3bj
energy: M062X/6-311G+(2d, p) em=gd3"
2031,c-c18+c-b77,FC(F)(F)CC[n+]1ccccc1,pyridinium,-664.2818927,0.121627,0.170667,431.843192,-0.47009,-0.25122,7.1617,-664.1602657,-664.1112257,5.953264,Gaussian,QC,"opt+freq: b3lyp/6-311G** em=gd3bj
energy: M062X/6-311G+(2d, p) em=gd3"
2032,c-c70+c-b73,CCCCCC[n+]1ccc(CC(C)C)c(C)c1,pyridinium,-680.9943483,0.350396,0.420969,621.466256,-0.42323,-0.21832,2.0199,-680.6439522999999,-680.5733792999999,5.573552,Gaussian,QC,"opt+freq: b3lyp/6-311G** em=gd3bj
energy: M062X/6-311G+(2d, p) em=gd3"
2033,c-c87+c-b44,Cc1cc[n+](CCCCC(C)C)cc1,pyridinium,-563.0702687,0.271736,0.334335,551.2420000000001,-0.41848,-0.22887,7.4903,-562.7985327,-562.7359337,5.157392000000001,Gaussian,QC,"opt+freq: b3lyp/6-311G** em=gd3bj
energy: M062X/6-311G+(2d, p) em=gd3"
2034,c-c111+c-b28+c-b80,C=CCCc1c(C(C)C)ccc2cccc[n+]12,pyridinium,-676.1400208,0.269366,0.330595,539.183712,-0.37431,-0.21633,3.5516,-675.8706548,-675.8094258,4.297056,Gaussian,QC,"opt+freq: b3lyp/6-311G** em=gd3bj
energy: M062X/6-311G+(2d, p) em=gd3"
2035,c-c133+c-b18+c-b61,CCCCCCCCc1cc[n+](CCC(=O)CC)cc1,pyridinium,-833.6155973,0.381249,0.461961,710.744448,-0.38137,-0.21929,9.5717,-833.2343483,-833.1536363,4.408575999999999,Gaussian,QC,"opt+freq: b3lyp/6-311G** em=gd3bj
energy: M062X/6-311G+(2d, p) em=gd3"
2036,c-c70+c-b23,CCCCCC[n+]1ccc(-c2cccc(Cl)c2)c(C)c1,pyridinium,-1214.3910123,0.308381,0.380977,639.281728,-0.3628,-0.22564,6.2868,-1214.0826313,-1214.0100353,3.730752,Gaussian,QC,"opt+freq: b3lyp/6-311G** em=gd3bj
energy: M062X/6-311G+(2d, p) em=gd3"
2037,c-c108+c-b8+c-b56,CC#CCCCC[n+]1ccc(CCCCCCC)cc1,pyridinium,-796.4366728,0.379484,0.462608,731.9908,-0.3534,-0.22195,5.8098,-796.0571888,-795.9740648,3.57544,Gaussian,QC,"opt+freq: b3lyp/6-311G** em=gd3bj
energy: M062X/6-311G+(2d, p) em=gd3"
2038,c-c111+c-b18+c-b60,C=CCc1ccc2cccc[n+]2c1C(=O)CC,pyridinium,-710.846598,0.222611,0.283211,533.635728,-0.38356,-0.22916,5.2563,-710.6239869999999,-710.5633869999999,4.19968,Gaussian,QC,"opt+freq: b3lyp/6-311G** em=gd3bj
energy: M062X/6-311G+(2d, p) em=gd3"
2039,c-c88+c-b81,CCCCCC[n+]1ccc(C)cc1,pyridinium,-523.7631756,0.247296,0.305988,516.8411520000001,-0.42838,-0.22923,6.0669,-523.5158796,-523.4571876,5.41688,Gaussian,QC,"opt+freq: b3lyp/6-311G** em=gd3bj
energy: M062X/6-311G+(2d, p) em=gd3"
2040,c-c108+c-b10+c-b40,CCCCC[n+]1ccc(N(C)C)cc1,pyridinium,-579.118211,0.262747,0.324147,540.681584,-0.37597,-0.19162,4.5641,-578.855464,-578.7940639999999,5.014320000000001,Gaussian,QC,"opt+freq: b3lyp/6-311G** em=gd3bj
energy: M062X/6-311G+(2d, p) em=gd3"
2041,c-c103+c-b20,Clc1ccc(CCC[n+]2ccccc2)cc1Cl,pyridinium,-1516.7578503,0.196679,0.258303,542.6564320000001,-0.36246,-0.23948,11.2967,-1516.5611713,-1516.4995473,3.345056,Gaussian,QC,"opt+freq: b3lyp/6-311G** em=gd3bj
energy: M062X/6-311G+(2d, p) em=gd3"
2042,c-c133+c-b11+c-b46,Cc1ccc(CC[n+]2ccc(C(F)(F)F)cc2)cc1,pyridinium,-934.6096995,0.214091,0.28147,593.3414080000001,-0.36371,-0.25045,6.2069,-934.3956085,-934.3282295,3.080671999999999,Gaussian,QC,"opt+freq: b3lyp/6-311G** em=gd3bj
energy: M062X/6-311G+(2d, p) em=gd3"
2043,c-c16+c-b40,CCCCCCCC[n+]1cc(N(C)C)ccc1C,pyridinium,-736.3273412,0.365424,0.439282,650.386064,-0.3513,-0.20884,7.5917,-735.9619172,-735.8880591999999,3.874912,Gaussian,QC,"opt+freq: b3lyp/6-311G** em=gd3bj
energy: M062X/6-311G+(2d, p) em=gd3"
2044,c-c108+c-b10+c-b77,CCCCC[n+]1ccc(CC(F)(F)F)cc1,pyridinium,-821.5108343,0.22193,0.285886,563.199872,-0.44827,-0.24241,4.9253,-821.2889043,-821.2249483,5.599392,Gaussian,QC,"opt+freq: b3lyp/6-311G** em=gd3bj
energy: M062X/6-311G+(2d, p) em=gd3"
2045,c-c25+c-b68,Cc1cccc[n+]1CCCCCCC(C)C,pyridinium,-641.6785962,0.326723,0.392538,579.5634960000001,-0.39582,-0.23081,11.2433,-641.3518732,-641.2860582000001,4.488272,Gaussian,QC,"opt+freq: b3lyp/6-311G** em=gd3bj
energy: M062X/6-311G+(2d, p) em=gd3"
2046,c-c77+c-b45,Cc1cccc[n+]1CCC(=O)O,pyridinium,-555.1172318,0.157804,0.208099,442.89732,-0.42453,-0.23354,3.5871,-554.9594278,-554.9091328000001,5.194928,Gaussian,QC,"opt+freq: b3lyp/6-311G** em=gd3bj
energy: M062X/6-311G+(2d, p) em=gd3"
2047,c-c111+c-b27+c-b28,C=CCCc1c(C(C)C#N)ccc2cccc[n+]12,pyridinium,-729.0687405,0.2403,0.302249,545.5182880000001,-0.3748,-0.22837,7.8627,-728.8284404999999,-728.7664915,3.982896000000001,Gaussian,QC,"opt+freq: b3lyp/6-311G** em=gd3bj
energy: M062X/6-311G+(2d, p) em=gd3"
2048,c-c100+c-b54,CCCCCCCCCCCc1cc[n+](C)cc1,pyridinium,-720.2799226,0.37641,0.451302,659.494632,-0.3721,-0.23107,19.3221,-719.9035126,-719.8286205999999,3.836015999999999,Gaussian,QC,"opt+freq: b3lyp/6-311G** em=gd3bj
energy: M062X/6-311G+(2d, p) em=gd3"
2049,c-c111+c-b36+c-b45,O=C(O)c1ccc2cccc[n+]2c1-c1ccccc1,pyridinium,-821.8147108,0.192704,0.251746,519.920576,-0.40296,-0.23658,8.7885,-821.6220067999999,-821.5629647999999,4.525535999999999,Gaussian,QC,"opt+freq: b3lyp/6-311G** em=gd3bj
energy: M062X/6-311G+(2d, p) em=gd3"
2050,c-c133+c-b4+c-b50,C=Cc1ccc(-c2cc[n+](CCCCO)cc2)cc1,pyridinium,-789.479487,0.274467,0.34312,604.554528,-0.34011,-0.22243,2.8804,-789.20502,-789.136367,3.200896000000001,Gaussian,QC,"opt+freq: b3lyp/6-311G** em=gd3bj
energy: M062X/6-311G+(2d, p) em=gd3"
2051,c-c108+c-b73+c-b79,CC(C)Cc1cc[n+](CCCCCCO)cc1,pyridinium,-716.9010619,0.327951,0.398579,621.943232,-0.36001,-0.22189,3.7167,-716.5731109,-716.5024828999999,3.756864,Gaussian,QC,"opt+freq: b3lyp/6-311G** em=gd3bj
energy: M062X/6-311G+(2d, p) em=gd3"
2052,c-c108+c-b16+c-b43,N#CCCCCCC[n+]1ccc(CC#N)cc1,pyridinium,-708.2238969,0.240588,0.307681,590.8184560000001,-0.41524,-0.24827,11.2128,-707.9833089,-707.9162159,4.541584,Gaussian,QC,"opt+freq: b3lyp/6-311G** em=gd3bj
energy: M062X/6-311G+(2d, p) em=gd3"
2053,c-c108+c-b4+c-b56,CCCCCCCc1cc[n+](CCCCCO)cc1,pyridinium,-795.5074848,0.379174,0.457117,686.36428,-0.37234,-0.22115,7.4238,-795.1283108,-795.0503678,4.112368,Gaussian,QC,"opt+freq: b3lyp/6-311G** em=gd3bj
energy: M062X/6-311G+(2d, p) em=gd3"
2054,c-c28+c-b23,Cc1ccc[n+](CCCc2cccc(Cl)c2)c1,pyridinium,-1096.4724636,0.231325,0.294601,557.2042,-0.35587,-0.23265,10.2269,-1096.2411386,-1096.1778626,3.351584000000001,Gaussian,QC,"opt+freq: b3lyp/6-311G** em=gd3bj
energy: M062X/6-311G+(2d, p) em=gd3"
2055,c-c108+c-b12+c-b80,CC(C)c1cc[n+](CCCC(=O)C(C)(C)C)cc1,pyridinium,-755.0147747,0.329818,0.402585,640.7796000000001,-0.36601,-0.22102,5.2721,-754.6849566999999,-754.6121896999999,3.943728,Gaussian,QC,"opt+freq: b3lyp/6-311G** em=gd3bj
energy: M062X/6-311G+(2d, p) em=gd3"
2056,c-c100+c-b11,C[n+]1ccc(C(F)(F)F)cc1,pyridinium,-624.9594435,0.091689,0.141035,434.537688,-0.48662,-0.2702,9.8082,-624.8677545,-624.8184085,5.886624,Gaussian,QC,"opt+freq: b3lyp/6-311G** em=gd3bj
energy: M062X/6-311G+(2d, p) em=gd3"
2057,c-c77+c-b76,COCC[n+]1ccccc1C,pyridinium,-481.0536926,0.175651,0.224961,434.219704,-0.40233,-0.23166,2.4331,-480.8780416,-480.8287316,4.642224000000001,Gaussian,QC,"opt+freq: b3lyp/6-311G** em=gd3bj
energy: M062X/6-311G+(2d, p) em=gd3"
2058,c-c108+c-b30+c-b39,CCCCCCC[n+]1ccc(COC)cc1,pyridinium,-677.5733165,0.302548,0.369501,589.58836,-0.39783,-0.22846,3.9855,-677.2707685,-677.2038155,4.606864000000001,Gaussian,QC,"opt+freq: b3lyp/6-311G** em=gd3bj
energy: M062X/6-311G+(2d, p) em=gd3"
2059,c-c133+c-b13+c-b22,N#CCCCC[n+]1ccc(-c2ccc(Cl)cc2)cc1,pyridinium,-1188.7051943,0.228181,0.295652,594.14892,-0.3714,-0.23835,2.8612,-1188.4770133,-1188.4095423,3.61896,Gaussian,QC,"opt+freq: b3lyp/6-311G** em=gd3bj
energy: M062X/6-311G+(2d, p) em=gd3"
2060,c-c111+c-b12+c-b39,COCc1ccc2cccc[n+]2c1C(=O)C(C)(C)C,pyridinium,-826.5916055,0.275054,0.340208,573.7435519999999,-0.38683,-0.22613,6.7167,-826.3165515000001,-826.2513975,4.37104,Gaussian,QC,"opt+freq: b3lyp/6-311G** em=gd3bj
energy: M062X/6-311G+(2d, p) em=gd3"
2061,c-c108+c-b79+c-b83,CCCCCCc1cc[n+](CCCCCCO)cc1,pyridinium,-795.5076253,0.379984,0.457185,679.828872,-0.35964,-0.22074,4.6269,-795.1276412999999,-795.0504403,3.778080000000001,Gaussian,QC,"opt+freq: b3lyp/6-311G** em=gd3bj
energy: M062X/6-311G+(2d, p) em=gd3"
2062,c-c101+c-b47,CC(C)(C)CC[n+]1ccccc1,pyridinium,-484.4514431,0.224252,0.276381,459.039192,-0.44277,-0.24122,5.3634,-484.2271911,-484.1750621,5.48216,Gaussian,QC,"opt+freq: b3lyp/6-311G** em=gd3bj
energy: M062X/6-311G+(2d, p) em=gd3"
2063,c-c103+c-b9,CC(F)CCC[n+]1ccccc1,pyridinium,-544.3965964,0.190986,0.242162,450.654456,-0.45053,-0.23641,4.7953,-544.2056104000001,-544.1544344,5.824063999999999,Gaussian,QC,"opt+freq: b3lyp/6-311G** em=gd3bj
energy: M062X/6-311G+(2d, p) em=gd3"
2064,c-c100+c-b21,CCCCCCCCCc1cc[n+](C)cc1,pyridinium,-641.6707698,0.32427,0.393258,607.5084320000001,-0.38607,-0.23137,15.3447,-641.3464998000001,-641.2775118000001,4.207840000000001,Gaussian,QC,"opt+freq: b3lyp/6-311G** em=gd3bj
energy: M062X/6-311G+(2d, p) em=gd3"
2065,c-c101+c-b10,CCCC[n+]1ccccc1,pyridinium,-405.8380994,0.172829,0.219787,413.513088,-0.4619,-0.24339,3.3021,-405.6652704,-405.6183124,5.943471999999999,Gaussian,QC,"opt+freq: b3lyp/6-311G** em=gd3bj
energy: M062X/6-311G+(2d, p) em=gd3"
2066,c-c87+c-b2,CCCCCCC(O)CCC[n+]1ccc(C)cc1,pyridinium,-756.2159516,0.354775,0.427651,641.7461040000001,-0.38954,-0.21563,11.1738,-755.8611766,-755.7883006000001,4.730352,Gaussian,QC,"opt+freq: b3lyp/6-311G** em=gd3bj
energy: M062X/6-311G+(2d, p) em=gd3"
2067,c-c133+c-b10+c-b43,CCc1cc[n+](CCCC#N)cc1,pyridinium,-537.3897834,0.193911,0.249247,487.2895600000001,-0.455,-0.23478,5.0763,-537.1958724000001,-537.1405364000001,5.989984000000001,Gaussian,QC,"opt+freq: b3lyp/6-311G** em=gd3bj
energy: M062X/6-311G+(2d, p) em=gd3"
2068,c-c145+c-b20,Clc1ccc(OC[n+]2ccccc2)cc1Cl,pyridinium,-1513.3460975,0.14632,0.205099,517.60264,-0.36662,-0.25098,12.2186,-1513.1997775,-1513.1409985,3.145408000000001,Gaussian,QC,"opt+freq: b3lyp/6-311G** em=gd3bj
energy: M062X/6-311G+(2d, p) em=gd3"
2069,c-c25+c-b18,CCC(=O)CCC[n+]1ccccc1C,pyridinium,-597.787425,0.230813,0.288636,509.196984,-0.37589,-0.22524,5.3022,-597.556612,-597.498789,4.09768,Gaussian,QC,"opt+freq: b3lyp/6-311G** em=gd3bj
energy: M062X/6-311G+(2d, p) em=gd3"
2070,c-c111+c-b13+c-b18,CCC(=O)c1ccc2cccc[n+]2c1CCC#N,pyridinium,-765.0107684,0.21659,0.279041,549.94496,-0.39585,-0.23675,5.8176,-764.7941784,-764.7317274,4.32752,Gaussian,QC,"opt+freq: b3lyp/6-311G** em=gd3bj
energy: M062X/6-311G+(2d, p) em=gd3"
2071,c-c28+c-b12,Cc1ccc[n+](CCCC(=O)C(C)(C)C)c1,pyridinium,-676.4013867,0.280257,0.345159,571.5218480000001,-0.36854,-0.22603,7.5406,-676.1211297,-676.0562277,3.876271999999999,Gaussian,QC,"opt+freq: b3lyp/6-311G** em=gd3bj
energy: M062X/6-311G+(2d, p) em=gd3"
2072,c-c133+c-b13+c-b29,CC(C)c1cc[n+](CCCCC#N)cc1,pyridinium,-615.998988,0.242967,0.306719,561.400752,-0.43812,-0.23387,5.5483,-615.756021,-615.692269,5.5556,Gaussian,QC,"opt+freq: b3lyp/6-311G** em=gd3bj
energy: M062X/6-311G+(2d, p) em=gd3"
2073,c-c108+c-b16+c-b19,N#CCCCc1cc[n+](CCCCCCF)cc1,pyridinium,-793.8517439,0.28795,0.359152,626.997504,-0.42192,-0.23229,5.8874,-793.5637939,-793.4925919,5.157936,Gaussian,QC,"opt+freq: b3lyp/6-311G** em=gd3bj
energy: M062X/6-311G+(2d, p) em=gd3"
2074,c-c133+c-b38+c-b50,C#CCc1cc[n+](CCc2ccc(C=C)cc2)cc1,pyridinium,-751.0895722,0.251267,0.318766,594.395776,-0.33306,-0.22437,5.795,-750.8383052,-750.7708062,2.956368,Gaussian,QC,"opt+freq: b3lyp/6-311G** em=gd3bj
energy: M062X/6-311G+(2d, p) em=gd3"
2075,c-c133+c-b3+c-b47,CC(C)(C)c1cc[n+](CCC2CCCC2)cc1,pyridinium,-679.7862608,0.332457,0.399094,586.810184,-0.41941,-0.22167,3.9343,-679.4538038000001,-679.3871668,5.378528,Gaussian,QC,"opt+freq: b3lyp/6-311G** em=gd3bj
energy: M062X/6-311G+(2d, p) em=gd3"
2076,c-c108+c-b27+c-b41,CC(C#N)CCC[n+]1ccc(C2COC(C)(C)O2)cc1,pyridinium,-883.1599118,0.30854,0.380981,637.9177440000001,-0.37518,-0.22366,6.1605,-882.8513718,-882.7789308,4.121344000000001,Gaussian,QC,"opt+freq: b3lyp/6-311G** em=gd3bj
energy: M062X/6-311G+(2d, p) em=gd3"
2077,c-c77+c-b67,Cc1ccc(CC[n+]2ccccc2C)cc1F,pyridinium,-736.1211636,0.233702,0.295005,539.828048,-0.35769,-0.22839,7.5656,-735.8874616,-735.8261586000001,3.51696,Gaussian,QC,"opt+freq: b3lyp/6-311G** em=gd3bj
energy: M062X/6-311G+(2d, p) em=gd3"
2078,c-c133+c-b27+c-b72,CCC(C)Cc1cc[n+](CCC(C)C#N)cc1,pyridinium,-694.6061747,0.294222,0.363911,613.679832,-0.43203,-0.23575,8.1369,-694.3119527,-694.2422637,5.338816,Gaussian,QC,"opt+freq: b3lyp/6-311G** em=gd3bj
energy: M062X/6-311G+(2d, p) em=gd3"
2079,c-c111+c-b44+c-b60,C=CCc1ccc2cccc[n+]2c1CCC(C)C,pyridinium,-715.4519068,0.293747,0.35909,575.412968,-0.37816,-0.21668,4.0963,-715.1581597999999,-715.0928167999999,4.392256,Gaussian,QC,"opt+freq: b3lyp/6-311G** em=gd3bj
energy: M062X/6-311G+(2d, p) em=gd3"
2080,c-c84+c-b4,CCCC[n+]1ccc(CCO)cc1,pyridinium,-559.6798831,0.226087,0.283307,503.883304,-0.40079,-0.22358,0.9484,-559.4537961,-559.3965761,4.820111999999999,Gaussian,QC,"opt+freq: b3lyp/6-311G** em=gd3bj
energy: M062X/6-311G+(2d, p) em=gd3"
2081,c-c108+c-b3+c-b12,CC(C)(C)C(=O)CCC[n+]1ccc(C2CCCC2)cc1,pyridinium,-832.421847,0.364395,0.439284,659.473712,-0.36463,-0.21804,5.0699,-832.057452,-831.9825629999999,3.987248,Gaussian,QC,"opt+freq: b3lyp/6-311G** em=gd3bj
energy: M062X/6-311G+(2d, p) em=gd3"
2082,c-c108+c-b60+c-b74,C=CCCCC[n+]1ccc(C(C)=O)cc1,pyridinium,-635.8450868,0.23115,0.293502,549.070504,-0.36378,-0.25868,4.9752,-635.6139368,-635.5515848,2.858719999999999,Gaussian,QC,"opt+freq: b3lyp/6-311G** em=gd3bj
energy: M062X/6-311G+(2d, p) em=gd3"
2083,c-c108+c-b20+c-b74,CC(=O)c1cc[n+](CCCc2ccc(Cl)c(Cl)c2)cc1,pyridinium,-1669.3879044,0.228265,0.29755,610.1192480000001,-0.37115,-0.25348,9.1891,-1669.1596394,-1669.0903544,3.200624,Gaussian,QC,"opt+freq: b3lyp/6-311G** em=gd3bj
energy: M062X/6-311G+(2d, p) em=gd3"
2084,c-c108+c-b6+c-b41,CC1(C)OCC(c2cc[n+](CCCCCN)cc2)O1,pyridinium,-846.2648756,0.327193,0.398929,631.70032,-0.33703,-0.22163,4.9461,-845.9376826,-845.8659466,3.13888,Gaussian,QC,"opt+freq: b3lyp/6-311G** em=gd3bj
energy: M062X/6-311G+(2d, p) em=gd3"
2085,c-c111+c-b53+c-b76,COc1c(-c2cccnc2)ccc2cccc[n+]12,pyridinium,-763.8119537,0.199539,0.257242,508.12588,-0.36857,-0.22112,6.3831,-763.6124147,-763.5547117,4.01064,Gaussian,QC,"opt+freq: b3lyp/6-311G** em=gd3bj
energy: M062X/6-311G+(2d, p) em=gd3"
2086,c-c133+c-b43+c-b74,CC(=O)CC[n+]1ccc(CC#N)cc1,pyridinium,-611.4009019,0.171634,0.230329,516.866256,-0.39742,-0.24222,8.069,-611.2292679,-611.1705729,4.22144,Gaussian,QC,"opt+freq: b3lyp/6-311G** em=gd3bj
energy: M062X/6-311G+(2d, p) em=gd3"
2087,c-c111+c-b44+c-b73,CC(C)CCc1c(CC(C)C)ccc2cccc[n+]12,pyridinium,-755.9926981,0.342236,0.410889,604.562896,-0.38475,-0.21602,5.8131,-755.6504621,-755.5818091,4.589455999999999,Gaussian,QC,"opt+freq: b3lyp/6-311G** em=gd3bj
energy: M062X/6-311G+(2d, p) em=gd3"
2088,c-c84+c-b63,CCCC[n+]1ccc(-c2ccc3ccccc3c2)cc1,pyridinium,-790.4974485,0.285525,0.350692,573.85652,-0.33159,-0.22233,6.2445,-790.2119235,-790.1467565,2.971872,Gaussian,QC,"opt+freq: b3lyp/6-311G** em=gd3bj
energy: M062X/6-311G+(2d, p) em=gd3"
2089,c-c108+c-b41+c-b79,CC1(C)OCC(c2cc[n+](CCCCCCO)cc2)O1,pyridinium,-905.4399422,0.340392,0.41543,660.7874879999999,-0.35977,-0.22269,6.2926,-905.0995502000001,-905.0245122,3.728575999999999,Gaussian,QC,"opt+freq: b3lyp/6-311G** em=gd3bj
energy: M062X/6-311G+(2d, p) em=gd3"
2090,c-c133+c-b8+c-b18,CC#CCc1cc[n+](CCC(=O)CC)cc1,pyridinium,-673.9307925,0.230595,0.299219,604.307672,-0.36902,-0.22196,4.4979,-673.7001975000001,-673.6315735000001,4.000032000000001,Gaussian,QC,"opt+freq: b3lyp/6-311G** em=gd3bj
energy: M062X/6-311G+(2d, p) em=gd3"
2091,c-c133+c-b46+c-b81,CCCCC[n+]1ccc(-c2ccc(C)cc2)cc1,pyridinium,-715.4879,0.292301,0.360009,596.2325519999999,-0.36269,-0.22234,2.6551,-715.195599,-715.127891,3.81752,Gaussian,QC,"opt+freq: b3lyp/6-311G** em=gd3bj
energy: M062X/6-311G+(2d, p) em=gd3"
2092,c-c133+c-b13+c-b46,Cc1ccc(CC[n+]2ccc(CCC#N)cc2)cc1,pyridinium,-768.4184941,0.263721,0.331823,599.701088,-0.35498,-0.22772,6.4808,-768.1547730999999,-768.0866711,3.461472,Gaussian,QC,"opt+freq: b3lyp/6-311G** em=gd3bj
energy: M062X/6-311G+(2d, p) em=gd3"
2093,c-c108+c-b47+c-b58,CC(C)(C)CCC[n+]1ccc(CC(=O)O)cc1,pyridinium,-751.6411244,0.283635,0.35134,596.211632,-0.4118,-0.22915,4.7461,-751.3574894,-751.2897843999999,4.96808,Gaussian,QC,"opt+freq: b3lyp/6-311G** em=gd3bj
energy: M062X/6-311G+(2d, p) em=gd3"
2094,c-c88+c-b58,Cc1cc[n+](CCCCC(=O)O)cc1,pyridinium,-633.7277606,0.205562,0.265759,530.096064,-0.38613,-0.23168,7.7273,-633.5221986,-633.4620016,4.201039999999999,Gaussian,QC,"opt+freq: b3lyp/6-311G** em=gd3bj
energy: M062X/6-311G+(2d, p) em=gd3"
2095,c-c87+c-b10,CCCC[n+]1ccc(C)cc1,pyridinium,-445.1534631,0.195932,0.248003,458.528744,-0.45304,-0.23118,2.6805,-444.9575311,-444.9054601,6.034592,Gaussian,QC,"opt+freq: b3lyp/6-311G** em=gd3bj
energy: M062X/6-311G+(2d, p) em=gd3"
2096,c-c145+c-b38,C#CCOC[n+]1ccccc1,pyridinium,-478.565831,0.1298,0.178522,429.04828,-0.41378,-0.24711,4.2359,-478.436031,-478.387309,4.533423999999999,Gaussian,QC,"opt+freq: b3lyp/6-311G** em=gd3bj
energy: M062X/6-311G+(2d, p) em=gd3"
2097,c-c108+c-b16+c-b79,N#CCCCCCC[n+]1ccc(CCCO)cc1,pyridinium,-769.832684,0.300629,0.371459,623.7298,-0.39596,-0.22451,9.5757,-769.532055,-769.461225,4.66344,Gaussian,QC,"opt+freq: b3lyp/6-311G** em=gd3bj
energy: M062X/6-311G+(2d, p) em=gd3"
2098,c-c84+c-b22,CCCC[n+]1ccc(-c2ccc(Cl)cc2)cc1,pyridinium,-1096.4720014,0.232299,0.294666,549.200208,-0.3667,-0.23164,8.0537,-1096.2397024,-1096.1773354,3.673632,Gaussian,QC,"opt+freq: b3lyp/6-311G** em=gd3bj
energy: M062X/6-311G+(2d, p) em=gd3"
2099,c-c111+c-b61+c-b76,CCCCCCCCc1c(OC)ccc2cccc[n+]12,pyridinium,-831.1934881,0.345402,0.417605,635.817376,-0.3729,-0.21604,9.8375,-830.8480860999999,-830.7758831,4.266592,Gaussian,QC,"opt+freq: b3lyp/6-311G** em=gd3bj
energy: M062X/6-311G+(2d, p) em=gd3"
2100,c-c133+c-b38+c-b79,C#CCc1cc[n+](CCCCCO)cc1,pyridinium,-635.8103785,0.23215,0.294258,546.919928,-0.3743,-0.22891,3.8746,-635.5782284999999,-635.5161204999999,3.954608,Gaussian,QC,"opt+freq: b3lyp/6-311G** em=gd3bj
energy: M062X/6-311G+(2d, p) em=gd3"
2101,c-c108+c-b3+c-b74,CC(=O)CCC[n+]1ccc(C2CCCC2)cc1,pyridinium,-714.5029807,0.286146,0.353555,593.605,-0.37663,-0.2159,3.7748,-714.2168346999999,-714.1494256999999,4.371856,Gaussian,QC,"opt+freq: b3lyp/6-311G** em=gd3bj
energy: M062X/6-311G+(2d, p) em=gd3"
2102,c-c16+c-b60,C=CCc1ccc(C)[n+](CCCCCCCC)c1,pyridinium,-719.0628,0.353895,0.427079,644.453152,-0.38261,-0.22314,6.5716,-718.7089050000001,-718.635721,4.337584,Gaussian,QC,"opt+freq: b3lyp/6-311G** em=gd3bj
energy: M062X/6-311G+(2d, p) em=gd3"
2103,c-c108+c-b40+c-b79,CN(C)CCC[n+]1ccc(CCCO)cc1,pyridinium,-693.6160205,0.292707,0.358373,578.258088,-0.31492,-0.2214,3.3083,-693.3233135,-693.2576475,2.543743999999999,Gaussian,QC,"opt+freq: b3lyp/6-311G** em=gd3bj
energy: M062X/6-311G+(2d, p) em=gd3"
2104,c-c3+c-b68,Cc1ccc[n+](CCCCCC(C)C)c1,pyridinium,-602.3727904,0.298965,0.363397,567.388056,-0.40583,-0.23353,9.4048,-602.0738254,-602.0093934,4.686560000000001,Gaussian,QC,"opt+freq: b3lyp/6-311G** em=gd3bj
energy: M062X/6-311G+(2d, p) em=gd3"
2105,c-c101+c-b41,CC1(C)OCC(CC[n+]2ccccc2)O1,pyridinium,-672.9992715,0.237189,0.294339,503.259888,-0.37786,-0.23527,8.7605,-672.7620825,-672.7049324999999,3.878447999999999,Gaussian,QC,"opt+freq: b3lyp/6-311G** em=gd3bj
energy: M062X/6-311G+(2d, p) em=gd3"
2106,c-c99+c-b86,Cc1cc[n+](CC(=O)c2ccc(Cl)cc2Cl)cc1,pyridinium,-1590.7757485,0.173283,0.239355,581.82704,-0.37345,-0.22644,10.9869,-1590.6024655,-1590.5363935,3.998672,Gaussian,QC,"opt+freq: b3lyp/6-311G** em=gd3bj
energy: M062X/6-311G+(2d, p) em=gd3"
2107,c-c111+c-b8+c-b73,CC#CCc1c(CC(C)C)ccc2cccc[n+]12,pyridinium,-714.2211164,0.268702,0.335915,591.8770079999999,-0.38031,-0.21633,4.9882,-713.9524144000001,-713.8852014,4.460255999999999,Gaussian,QC,"opt+freq: b3lyp/6-311G** em=gd3bj
energy: M062X/6-311G+(2d, p) em=gd3"
2108,c-c133+c-b45+c-b61,CCCCCCCCc1cc[n+](CCC(=O)O)cc1,pyridinium,-830.2536817,0.335947,0.410857,659.64944,-0.39271,-0.22338,9.0515,-829.9177347,-829.8428247,4.605776000000001,Gaussian,QC,"opt+freq: b3lyp/6-311G** em=gd3bj
energy: M062X/6-311G+(2d, p) em=gd3"
2109,c-c101+c-b28,C=CCCCC[n+]1ccccc1,pyridinium,-483.2172611,0.201153,0.254362,468.553608,-0.36404,-0.2425,6.6384,-483.0161081,-482.9628991,3.305887999999999,Gaussian,QC,"opt+freq: b3lyp/6-311G** em=gd3bj
energy: M062X/6-311G+(2d, p) em=gd3"
2110,c-c108+c-b4+c-b30,CCCCCCC[n+]1ccc(CCO)cc1,pyridinium,-677.5943393,0.303493,0.370296,588.2620320000001,-0.39943,-0.22127,5.4429,-677.2908463,-677.2240433,4.845952,Gaussian,QC,"opt+freq: b3lyp/6-311G** em=gd3bj
energy: M062X/6-311G+(2d, p) em=gd3"
2111,c-c133+c-b40+c-b58,CN(C)c1cc[n+](CCCC(=O)O)cc1,pyridinium,-689.0817051,0.222482,0.284289,544.2756400000001,-0.37795,-0.19363,6.8967,-688.8592231,-688.7974161000001,5.013504,Gaussian,QC,"opt+freq: b3lyp/6-311G** em=gd3bj
energy: M062X/6-311G+(2d, p) em=gd3"
2112,c-c111+c-b12+c-b74,CC(=O)c1ccc2cccc[n+]2c1C(=O)C(C)(C)C,pyridinium,-825.3977087,0.251458,0.316315,571.120184,-0.38833,-0.24348,8.4536,-825.1462507,-825.0813936999999,3.93992,Gaussian,QC,"opt+freq: b3lyp/6-311G** em=gd3bj
energy: M062X/6-311G+(2d, p) em=gd3"
2113,c-c133+c-b37+c-b44,CC(C)CCc1cc[n+](CCCC(C)O)cc1,pyridinium,-716.915024,0.329041,0.398171,608.755264,-0.40136,-0.21272,3.8309,-716.585983,-716.516853,5.131008,Gaussian,QC,"opt+freq: b3lyp/6-311G** em=gd3bj
energy: M062X/6-311G+(2d, p) em=gd3"
2114,c-c133+c-b19+c-b80,CC(C)c1cc[n+](CCCCCF)cc1,pyridinium,-662.3087284,0.2643,0.328737,567.43408,-0.4329,-0.22805,5.1366,-662.0444283999999,-661.9799913999999,5.57192,Gaussian,QC,"opt+freq: b3lyp/6-311G** em=gd3bj
energy: M062X/6-311G+(2d, p) em=gd3"
2115,c-c133+c-b10+c-b39,CCc1cc[n+](CCCOC)cc1,pyridinium,-559.6687852,0.225856,0.282855,501.9335600000001,-0.38948,-0.22258,2.472,-559.4429292,-559.3859302,4.53968,Gaussian,QC,"opt+freq: b3lyp/6-311G** em=gd3bj
energy: M062X/6-311G+(2d, p) em=gd3"
2116,c-c133+c-b2+c-b10,CCCCCCC(O)CCC[n+]1ccc(CC)cc1,pyridinium,-795.5214094,0.381172,0.456837,666.306184,-0.38893,-0.21356,9.876,-795.1402374,-795.0645724000001,4.770064,Gaussian,QC,"opt+freq: b3lyp/6-311G** em=gd3bj
energy: M062X/6-311G+(2d, p) em=gd3"
2117,c-c111+c-b40+c-b45,CN(C)c1ccc2cccc[n+]2c1C(=O)O,pyridinium,-724.7456598,0.188034,0.244134,494.013248,-0.36357,-0.2293,3.227,-724.5576258,-724.5015258,3.652144,Gaussian,QC,"opt+freq: b3lyp/6-311G** em=gd3bj
energy: M062X/6-311G+(2d, p) em=gd3"
2118,c-c111+c-b27+c-b79,CC(C#N)c1ccc2cccc[n+]2c1CCCO,pyridinium,-766.2137355,0.241468,0.303048,542.271504,-0.39317,-0.22388,5.983,-765.9722674999999,-765.9106875,4.604688,Gaussian,QC,"opt+freq: b3lyp/6-311G** em=gd3bj
energy: M062X/6-311G+(2d, p) em=gd3"
2119,c-c133+c-b46+c-b55,Cc1ccc(CC[n+]2ccc(-c3cscn3)cc2)cc1,pyridinium,-1165.4194356,0.244224,0.312064,597.399888,-0.34985,-0.22511,3.4462,-1165.1752116,-1165.1073716,3.392927999999999,Gaussian,QC,"opt+freq: b3lyp/6-311G** em=gd3bj
energy: M062X/6-311G+(2d, p) em=gd3"
2120,c-c108+c-b9+c-b82,CC(C)CCCCCCC[n+]1ccc(C(C)F)cc1,pyridinium,-819.5293915,0.36757,0.443512,668.745456,-0.38603,-0.23278,11.0354,-819.1618215,-819.0858794999999,4.1684,Gaussian,QC,"opt+freq: b3lyp/6-311G** em=gd3bj
energy: M062X/6-311G+(2d, p) em=gd3"
2121,c-c111+c-b4+c-b74,CC(=O)c1c(CCO)ccc2cccc[n+]12,pyridinium,-708.6883806,0.196636,0.254536,509.86224,-0.3928,-0.22511,4.7135,-708.4917446,-708.4338445999999,4.561167999999999,Gaussian,QC,"opt+freq: b3lyp/6-311G** em=gd3bj
energy: M062X/6-311G+(2d, p) em=gd3"
2122,c-c133+c-b13+c-b83,CCCCCCc1cc[n+](CCCCC#N)cc1,pyridinium,-733.9123711,0.321304,0.394044,640.545296,-0.41582,-0.23183,4.2996,-733.5910670999999,-733.5183271,5.004528000000001,Gaussian,QC,"opt+freq: b3lyp/6-311G** em=gd3bj
energy: M062X/6-311G+(2d, p) em=gd3"
2123,c-c108+c-b27+c-b38,C#CCCCC[n+]1ccc(C(C)C#N)cc1,pyridinium,-652.8233367,0.224443,0.288875,567.3922400000001,-0.38113,-0.24318,6.2321,-652.5988937000001,-652.5344617000001,3.75224,Gaussian,QC,"opt+freq: b3lyp/6-311G** em=gd3bj
energy: M062X/6-311G+(2d, p) em=gd3"
2124,c-c108+c-b8+c-b37,CC#CCc1cc[n+](CCCCC(C)O)cc1,pyridinium,-714.4346686,0.279347,0.351781,637.8507999999999,-0.36677,-0.22574,3.6445,-714.1553216,-714.0828876,3.836015999999999,Gaussian,QC,"opt+freq: b3lyp/6-311G** em=gd3bj
energy: M062X/6-311G+(2d, p) em=gd3"
2125,c-c84+c-b10,CCCC[n+]1ccc(CC)cc1,pyridinium,-484.4591231,0.222454,0.277229,482.348256,-0.44924,-0.22865,1.5413,-484.2366691,-484.1818941,6.000048,Gaussian,QC,"opt+freq: b3lyp/6-311G** em=gd3bj
energy: M062X/6-311G+(2d, p) em=gd3"
2126,c-c103+c-b80,CC(C)CCC[n+]1ccccc1,pyridinium,-484.4501973,0.223547,0.277147,472.001224,-0.43753,-0.24146,6.207,-484.2266503,-484.1730503,5.333103999999999,Gaussian,QC,"opt+freq: b3lyp/6-311G** em=gd3bj
energy: M062X/6-311G+(2d, p) em=gd3"
2127,c-c133+c-b22+c-b39,COCCC[n+]1ccc(-c2ccc(Cl)cc2)cc1,pyridinium,-1171.6816497,0.235546,0.300473,571.7436,-0.36428,-0.22749,7.2862,-1171.4461037,-1171.3811767,3.720688,Gaussian,QC,"opt+freq: b3lyp/6-311G** em=gd3bj
energy: M062X/6-311G+(2d, p) em=gd3"
2128,c-c108+c-b39+c-b81,CCCCCC[n+]1ccc(COC)cc1,pyridinium,-638.2685942,0.276747,0.340514,561.5262720000001,-0.39782,-0.22865,4.5862,-637.9918472,-637.9280802000001,4.601424000000001,Gaussian,QC,"opt+freq: b3lyp/6-311G** em=gd3bj
energy: M062X/6-311G+(2d, p) em=gd3"
2129,c-c108+c-b11+c-b37,CC(O)CCCC[n+]1ccc(C(F)(F)F)cc1,pyridinium,-896.7153041,0.22278,0.291139,601.968816,-0.37374,-0.25782,5.2783,-896.4925241000001,-896.4241651,3.153024000000001,Gaussian,QC,"opt+freq: b3lyp/6-311G** em=gd3bj
energy: M062X/6-311G+(2d, p) em=gd3"
2130,c-c133+c-b12+c-b30,CCCCc1cc[n+](CCC(=O)C(C)(C)C)cc1,pyridinium,-755.0126144,0.329788,0.402746,642.4699360000001,-0.3766,-0.22103,4.9001,-754.6828264,-754.6098684,4.231503999999999,Gaussian,QC,"opt+freq: b3lyp/6-311G** em=gd3bj
energy: M062X/6-311G+(2d, p) em=gd3"
2131,c-c133+c-b12+c-b29,CC(C)c1cc[n+](CCC(=O)C(C)(C)C)cc1,pyridinium,-715.7085769,0.304076,0.373425,610.684088,-0.37643,-0.2206,4.7668,-715.4045009,-715.3351519,4.238576,Gaussian,QC,"opt+freq: b3lyp/6-311G** em=gd3bj
energy: M062X/6-311G+(2d, p) em=gd3"
2132,c-c108+c-b3+c-b38,C#CCc1cc[n+](CCCC2CCCC2)cc1,pyridinium,-677.3023208,0.285805,0.353271,594.098712,-0.39599,-0.22857,6.3664,-677.0165158,-676.9490498,4.553824000000001,Gaussian,QC,"opt+freq: b3lyp/6-311G** em=gd3bj
energy: M062X/6-311G+(2d, p) em=gd3"
2133,c-c111+c-b43+c-b76,COc1ccc2cccc[n+]2c1CC#N,pyridinium,-648.2831416,0.161688,0.215323,472.31084,-0.39475,-0.23476,6.0282,-648.1214536,-648.0678186,4.351728,Gaussian,QC,"opt+freq: b3lyp/6-311G** em=gd3bj
energy: M062X/6-311G+(2d, p) em=gd3"
2134,c-c133+c-b8+c-b16,CC#CCc1cc[n+](CCCCCC#N)cc1,pyridinium,-692.143036,0.247863,0.318235,619.696424,-0.37525,-0.23174,7.1711,-691.895173,-691.8248010000001,3.903471999999999,Gaussian,QC,"opt+freq: b3lyp/6-311G** em=gd3bj
energy: M062X/6-311G+(2d, p) em=gd3"
2135,c-c145+c-b60,C=CCOC[n+]1ccccc1,pyridinium,-479.8153014,0.152388,0.201842,435.49164,-0.4056,-0.2425,4.3199,-479.6629134,-479.6134594,4.43632,Gaussian,QC,"opt+freq: b3lyp/6-311G** em=gd3bj
energy: M062X/6-311G+(2d, p) em=gd3"
2136,c-c133+c-b46+c-b77,Cc1ccc(CC[n+]2ccc(CC(F)(F)F)cc2)cc1,pyridinium,-973.9316879,0.240674,0.310663,616.3241200000001,-0.35901,-0.23458,4.3925,-973.6910139,-973.6210249000001,3.384496,Gaussian,QC,"opt+freq: b3lyp/6-311G** em=gd3bj
energy: M062X/6-311G+(2d, p) em=gd3"
2137,c-c133+c-b68+c-b76,COc1cc[n+](CCCCCC(C)C)cc1,pyridinium,-677.5884451,0.303042,0.369271,583.20776,-0.40354,-0.21247,8.481,-677.2854030999999,-677.2191740999999,5.197104,Gaussian,QC,"opt+freq: b3lyp/6-311G** em=gd3bj
energy: M062X/6-311G+(2d, p) em=gd3"
2138,c-c111+c-b36+c-b76,COc1ccc2cccc[n+]2c1-c1ccccc1,pyridinium,-747.7745479,0.209905,0.268815,518.757424,-0.37269,-0.21513,4.375,-747.5646429,-747.5057329,4.285632000000001,Gaussian,QC,"opt+freq: b3lyp/6-311G** em=gd3bj
energy: M062X/6-311G+(2d, p) em=gd3"
2139,c-c111+c-b29+c-b44,CC(C)CCc1ccc2cccc[n+]2c1C(C)C,pyridinium,-716.6761918,0.315277,0.382172,589.0695440000001,-0.38465,-0.21555,5.2592,-716.3609147999999,-716.2940198,4.59952,Gaussian,QC,"opt+freq: b3lyp/6-311G** em=gd3bj
energy: M062X/6-311G+(2d, p) em=gd3"
2140,c-c133+c-b46+c-b79,Cc1ccc(-c2cc[n+](CCCCCO)cc2)cc1,pyridinium,-790.7066697,0.295666,0.36612,620.416072,-0.3614,-0.22061,3.121,-790.4110037,-790.3405497,3.829488,Gaussian,QC,"opt+freq: b3lyp/6-311G** em=gd3bj
energy: M062X/6-311G+(2d, p) em=gd3"
2141,c-c28+c-b71,CCCCCCCCC[n+]1cccc(C)c1,pyridinium,-641.675011,0.325271,0.393019,596.5840079999999,-0.39499,-0.23309,11.3494,-641.34974,-641.2819920000001,4.40368,Gaussian,QC,"opt+freq: b3lyp/6-311G** em=gd3bj
energy: M062X/6-311G+(2d, p) em=gd3"
2142,c-c108+c-b40+c-b41,CN(C)c1cc[n+](CCCC2COC(C)(C)O2)cc1,pyridinium,-846.280267,0.327693,0.399039,628.273624,-0.3655,-0.18179,8.1897,-845.952574,-845.881228,4.996911999999999,Gaussian,QC,"opt+freq: b3lyp/6-311G** em=gd3bj
energy: M062X/6-311G+(2d, p) em=gd3"
2143,c-c133+c-b27+c-b83,CCCCCCCC[n+]1ccc(C(C)C#N)cc1,pyridinium,-733.9053108,0.321418,0.393428,634.1228560000001,-0.40521,-0.24003,8.8044,-733.5838928000001,-733.5118828000001,4.492896000000001,Gaussian,QC,"opt+freq: b3lyp/6-311G** em=gd3bj
energy: M062X/6-311G+(2d, p) em=gd3"
2144,c-c133+c-b43+c-b53,N#CCCC[n+]1ccc(-c2cccnc2)cc1,pyridinium,-705.837126,0.203886,0.263142,521.8033760000001,-0.38048,-0.24125,7.3554,-705.63324,-705.573984,3.787056,Gaussian,QC,"opt+freq: b3lyp/6-311G** em=gd3bj
energy: M062X/6-311G+(2d, p) em=gd3"
2145,c-c99+c-b65,CCC#CCC(=O)C[n+]1ccc(C)cc1,pyridinium,-634.6155324,0.205993,0.270401,567.174672,-0.37759,-0.22822,5.2194,-634.4095394,-634.3451314,4.062863999999999,Gaussian,QC,"opt+freq: b3lyp/6-311G** em=gd3bj
energy: M062X/6-311G+(2d, p) em=gd3"
2146,c-c133+c-b43+c-b71,CCCCCCCC[n+]1ccc(CC#N)cc1,pyridinium,-694.5972133,0.29595,0.364634,604.8348560000001,-0.40753,-0.24343,5.0784,-694.3012633000001,-694.2325793,4.46352,Gaussian,QC,"opt+freq: b3lyp/6-311G** em=gd3bj
energy: M062X/6-311G+(2d, p) em=gd3"
2147,c-c111+c-b37+c-b73,CC(C)Cc1c(CC(C)O)ccc2cccc[n+]12,pyridinium,-752.6005696,0.293752,0.358931,573.9653040000001,-0.37748,-0.21965,5.8159,-752.3068175999999,-752.2416386,4.292975999999999,Gaussian,QC,"opt+freq: b3lyp/6-311G** em=gd3bj
energy: M062X/6-311G+(2d, p) em=gd3"
2148,c-c111+c-b38+c-b47,C#CCc1c(C(C)(C)C)ccc2cccc[n+]12,pyridinium,-674.8938759,0.246934,0.306458,524.1631520000001,-0.39092,-0.21872,4.1582,-674.6469419,-674.5874179,4.68384,Gaussian,QC,"opt+freq: b3lyp/6-311G** em=gd3bj
energy: M062X/6-311G+(2d, p) em=gd3"
2149,c-c108+c-b37+c-b56,CCCCCCCCCC[n+]1ccc(CC(C)O)cc1,pyridinium,-834.8126241,0.405173,0.485361,706.13368,-0.38531,-0.22652,10.1146,-834.4074511,-834.3272631,4.319088,Gaussian,QC,"opt+freq: b3lyp/6-311G** em=gd3bj
energy: M062X/6-311G+(2d, p) em=gd3"
2150,c-c133+c-b16+c-b65,CCC#CCCC[n+]1ccc(CCCC#N)cc1,pyridinium,-731.4583026,0.275532,0.347913,637.382192,-0.37306,-0.2274,2.6597,-731.1827706,-731.1103896000001,3.961952,Gaussian,QC,"opt+freq: b3lyp/6-311G** em=gd3bj
energy: M062X/6-311G+(2d, p) em=gd3"
2151,c-c133+c-b44+c-b45,CC(C)CCCC[n+]1ccc(C(=O)O)cc1,pyridinium,-712.3254612,0.258938,0.323252,566.3462400000001,-0.42189,-0.25809,5.2738,-712.0665232,-712.0022091999999,4.45536,Gaussian,QC,"opt+freq: b3lyp/6-311G** em=gd3bj
energy: M062X/6-311G+(2d, p) em=gd3"
2152,c-c108+c-b29+c-b39,COCCCC[n+]1ccc(C(C)C)cc1,pyridinium,-638.2769299,0.275352,0.340344,572.316808,-0.36943,-0.22348,2.7183,-638.0015779,-637.9365859000001,3.969839999999999,Gaussian,QC,"opt+freq: b3lyp/6-311G** em=gd3bj
energy: M062X/6-311G+(2d, p) em=gd3"
2153,c-c145+c-b47,CC(C)(C)OC[n+]1ccccc1,pyridinium,-520.3614479,0.200009,0.252295,460.432464,-0.43206,-0.237,5.1037,-520.1614389,-520.1091529,5.305632,Gaussian,QC,"opt+freq: b3lyp/6-311G** em=gd3bj
energy: M062X/6-311G+(2d, p) em=gd3"
2154,c-c133+c-b30+c-b41,CCCCCC[n+]1ccc(C2COC(C)(C)O2)cc1,pyridinium,-830.2211497,0.337078,0.409317,636.13536,-0.38178,-0.2246,5.2428,-829.8840716999999,-829.8118327,4.275296,Gaussian,QC,"opt+freq: b3lyp/6-311G** em=gd3bj
energy: M062X/6-311G+(2d, p) em=gd3"
2155,c-c108+c-b27+c-b28,C=CCCCCC[n+]1ccc(C(C)C#N)cc1,pyridinium,-693.370162,0.272699,0.341054,601.9311600000001,-0.35232,-0.24152,2.2916,-693.0974630000001,-693.0291080000001,3.01376,Gaussian,QC,"opt+freq: b3lyp/6-311G** em=gd3bj
energy: M062X/6-311G+(2d, p) em=gd3"
2156,c-c133+c-b36+c-b43,N#CCCC[n+]1ccc(-c2ccccc2)cc1,pyridinium,-689.8033846,0.215496,0.274852,522.6862,-0.38053,-0.23334,4.9798,-689.5878885999999,-689.5285326,4.003568,Gaussian,QC,"opt+freq: b3lyp/6-311G** em=gd3bj
energy: M062X/6-311G+(2d, p) em=gd3"
2157,c-c133+c-b11+c-b48,Cc1cccc(-c2cc[n+](CCC(F)(F)F)cc2)c1,pyridinium,-934.6271422,0.215971,0.281882,580.412848,-0.36794,-0.23118,5.1026,-934.4111712,-934.3452602,3.719872,Gaussian,QC,"opt+freq: b3lyp/6-311G** em=gd3bj
energy: M062X/6-311G+(2d, p) em=gd3"
2158,c-c133+c-b16+c-b79,N#CCCCc1cc[n+](CCCCCO)cc1,pyridinium,-730.5265753,0.274504,0.342268,596.72208,-0.37549,-0.22917,5.3244,-730.2520713,-730.1843073,3.979903999999999,Gaussian,QC,"opt+freq: b3lyp/6-311G** em=gd3bj
energy: M062X/6-311G+(2d, p) em=gd3"
2159,c-c108+c-b41+c-b47,CC(C)(C)CCC[n+]1ccc(C2COC(C)(C)O2)cc1,pyridinium,-869.5269463,0.361734,0.436738,660.4820560000001,-0.37694,-0.2261,3.905,-869.1652123,-869.0902083,4.102848,Gaussian,QC,"opt+freq: b3lyp/6-311G** em=gd3bj
energy: M062X/6-311G+(2d, p) em=gd3"
2160,c-c108+c-b8+c-b39,CC#CCc1cc[n+](CCCCOC)cc1,pyridinium,-675.1145807,0.253646,0.322912,609.947704,-0.36902,-0.22425,1.892,-674.8609347,-674.7916687000001,3.937744,Gaussian,QC,"opt+freq: b3lyp/6-311G** em=gd3bj
energy: M062X/6-311G+(2d, p) em=gd3"
2161,c-c133+c-b18+c-b72,CCC(=O)c1cc[n+](CCCC(C)CC)cc1,pyridinium,-715.6879246,0.305466,0.374632,609.073248,-0.39793,-0.25413,3.303,-715.3824586,-715.3132926,3.911359999999999,Gaussian,QC,"opt+freq: b3lyp/6-311G** em=gd3bj
energy: M062X/6-311G+(2d, p) em=gd3"
2162,c-c133+c-b53+c-b60,C=CCc1cc[n+](CCc2cccnc2)cc1,pyridinium,-690.9840307,0.234136,0.296469,548.903144,-0.36783,-0.22843,6.0878,-690.7498946999999,-690.6875617,3.79168,Gaussian,QC,"opt+freq: b3lyp/6-311G** em=gd3bj
energy: M062X/6-311G+(2d, p) em=gd3"
2163,c-c111+c-b27+c-b58,CC(C#N)c1ccc2cccc[n+]2c1CC(=O)O,pyridinium,-800.9515336,0.195405,0.256433,537.4096959999999,-0.40372,-0.23471,7.5137,-800.7561285999999,-800.6951005999999,4.597072000000001,Gaussian,QC,"opt+freq: b3lyp/6-311G** em=gd3bj
energy: M062X/6-311G+(2d, p) em=gd3"
2164,c-c108+c-b10+c-b80,CCCCC[n+]1ccc(C(C)C)cc1,pyridinium,-563.0706587,0.273152,0.334726,542.2254800000001,-0.44118,-0.22518,2.5157,-562.7975067,-562.7359326999999,5.8752,Gaussian,QC,"opt+freq: b3lyp/6-311G** em=gd3bj
energy: M062X/6-311G+(2d, p) em=gd3"
2165,c-c108+c-b37+c-b45,CC(O)CCCC[n+]1ccc(C(=O)O)cc1,pyridinium,-748.2404735,0.235679,0.30034,569.404744,-0.37023,-0.25792,5.6287,-748.0047945,-747.9401335,3.054832000000001,Gaussian,QC,"opt+freq: b3lyp/6-311G** em=gd3bj
energy: M062X/6-311G+(2d, p) em=gd3"
2166,c-c100+c-b45,C[n+]1ccc(C(=O)O)cc1,pyridinium,-476.4853144,0.104532,0.150205,402.199552,-0.441,-0.26904,6.3856,-476.3807824,-476.3351094,4.677312,Gaussian,QC,"opt+freq: b3lyp/6-311G** em=gd3bj
energy: M062X/6-311G+(2d, p) em=gd3"
2167,c-c101+c-b35,CCC(C)CC[n+]1ccccc1,pyridinium,-484.4496039,0.223442,0.277194,473.340104,-0.43871,-0.2414,5.8825,-484.2261619,-484.1724099,5.366832,Gaussian,QC,"opt+freq: b3lyp/6-311G** em=gd3bj
energy: M062X/6-311G+(2d, p) em=gd3"
2168,c-c111+c-b6+c-b45,NCCc1c(C(=O)O)ccc2cccc[n+]12,pyridinium,-724.7555701,0.187892,0.244803,501.151152,-0.35339,-0.23711,5.4802,-724.5676781,-724.5107671,3.162816,Gaussian,QC,"opt+freq: b3lyp/6-311G** em=gd3bj
energy: M062X/6-311G+(2d, p) em=gd3"
2169,c-c103+c-b35,CCC(C)CCC[n+]1ccccc1,pyridinium,-523.7541395,0.24889,0.306149,504.222208,-0.42394,-0.24072,7.6623,-523.5052495,-523.4479905,4.983584,Gaussian,QC,"opt+freq: b3lyp/6-311G** em=gd3bj
energy: M062X/6-311G+(2d, p) em=gd3"
2170,c-c133+c-b11+c-b12,CC(C)(C)C(=O)CC[n+]1ccc(C(F)(F)F)cc1,pyridinium,-934.8266553,0.226085,0.295405,610.433048,-0.38782,-0.25412,5.9329,-934.6005703,-934.5312503,3.636639999999999,Gaussian,QC,"opt+freq: b3lyp/6-311G** em=gd3bj
energy: M062X/6-311G+(2d, p) em=gd3"
2171,c-c133+c-b13+c-b40,CN(C)CC[n+]1ccc(CCC#N)cc1,pyridinium,-632.0190702,0.233218,0.294864,542.848896,-0.33546,-0.23669,4.0261,-631.7858522,-631.7242062,2.686543999999999,Gaussian,QC,"opt+freq: b3lyp/6-311G** em=gd3bj
energy: M062X/6-311G+(2d, p) em=gd3"
2172,c-c133+c-b27+c-b53,CC(C#N)c1cc[n+](CCc2cccnc2)cc1,pyridinium,-745.1361997,0.227281,0.291408,564.69356,-0.37534,-0.24304,2.9256,-744.9089187000001,-744.8447917,3.59856,Gaussian,QC,"opt+freq: b3lyp/6-311G** em=gd3bj
energy: M062X/6-311G+(2d, p) em=gd3"
2173,c-c18+c-b36,c1ccc(C[n+]2ccccc2)cc1,pyridinium,-518.9424107,0.166377,0.216243,439.119168,-0.38487,-0.2364,5.6986,-518.7760337,-518.7261677,4.038384,Gaussian,QC,"opt+freq: b3lyp/6-311G** em=gd3bj
energy: M062X/6-311G+(2d, p) em=gd3"
2174,c-c111+c-b8+c-b36,CC#CCc1c(-c2ccccc2)ccc2cccc[n+]12,pyridinium,-788.0201365,0.238457,0.303959,576.8020560000001,-0.3626,-0.21579,5.5141,-787.7816795,-787.7161775000001,3.993231999999999,Gaussian,QC,"opt+freq: b3lyp/6-311G** em=gd3bj
energy: M062X/6-311G+(2d, p) em=gd3"
2175,c-c111+c-b6+c-b76,COc1c(CCN)ccc2cccc[n+]12,pyridinium,-650.713764,0.206716,0.261954,486.423472,-0.36684,-0.21756,2.8167,-650.5070479999999,-650.45181,4.060416,Gaussian,QC,"opt+freq: b3lyp/6-311G** em=gd3bj
energy: M062X/6-311G+(2d, p) em=gd3"
2176,c-c25+c-b84,CCCCCCCCCCCC[n+]1ccccc1C,pyridinium,-759.5898958,0.404658,0.480154,664.81668,-0.37234,-0.23023,17.289,-759.1852378,-759.1097418,3.865392,Gaussian,QC,"opt+freq: b3lyp/6-311G** em=gd3bj
energy: M062X/6-311G+(2d, p) em=gd3"
2177,c-c133+c-b6+c-b55,NCCc1cc[n+](CCc2cscn2)cc1,pyridinium,-1029.0443691,0.218281,0.277014,517.2009760000001,-0.35628,-0.22125,5.3518,-1028.8260881,-1028.7673551,3.672816,Gaussian,QC,"opt+freq: b3lyp/6-311G** em=gd3bj
energy: M062X/6-311G+(2d, p) em=gd3"
2178,c-c3+c-b80,Cc1ccc[n+](CCC(C)C)c1,pyridinium,-484.458405,0.221782,0.276458,481.477984,-0.44233,-0.23534,4.0017,-484.236623,-484.181947,5.630128,Gaussian,QC,"opt+freq: b3lyp/6-311G** em=gd3bj
energy: M062X/6-311G+(2d, p) em=gd3"
2179,c-c133+c-b38+c-b58,C#CCc1cc[n+](CCCC(=O)O)cc1,pyridinium,-670.5542948,0.188328,0.248245,527.62332,-0.39833,-0.23314,3.9274,-670.3659668,-670.3060498,4.493168000000001,Gaussian,QC,"opt+freq: b3lyp/6-311G** em=gd3bj
energy: M062X/6-311G+(2d, p) em=gd3"
2180,c-c133+c-b13+c-b43,N#CCCCC[n+]1ccc(CC#N)cc1,pyridinium,-629.6104015,0.188767,0.249663,536.24236,-0.44369,-0.25361,6.8875,-629.4216345,-629.3607384999999,5.170175999999999,Gaussian,QC,"opt+freq: b3lyp/6-311G** em=gd3bj
energy: M062X/6-311G+(2d, p) em=gd3"
2181,c-c145+c-b23,Clc1cccc(OC[n+]2ccccc2)c1,pyridinium,-1053.7500982,0.158069,0.213224,485.691272,-0.36076,-0.24618,9.2992,-1053.5920292,-1053.5368742,3.116576,Gaussian,QC,"opt+freq: b3lyp/6-311G** em=gd3bj
energy: M062X/6-311G+(2d, p) em=gd3"
2182,c-c133+c-b60+c-b75,C=CCCC[n+]1ccc(-c2c(Cl)cccc2Cl)cc1,pyridinium,-1594.1435675,0.223218,0.292016,605.830648,-0.37078,-0.23322,4.4788,-1593.9203495,-1593.8515515,3.741632,Gaussian,QC,"opt+freq: b3lyp/6-311G** em=gd3bj
energy: M062X/6-311G+(2d, p) em=gd3"
2183,c-c99+c-b2,CCCCCCC(O)CC(=O)C[n+]1ccc(C)cc1,pyridinium,-830.2109325,0.330413,0.408636,688.83284,-0.36868,-0.23971,15.2702,-829.8805195,-829.8022965,3.507984,Gaussian,QC,"opt+freq: b3lyp/6-311G** em=gd3bj
energy: M062X/6-311G+(2d, p) em=gd3"
2184,c-c108+c-b22+c-b30,CCCCCCC[n+]1ccc(-c2ccc(Cl)cc2)cc1,pyridinium,-1214.3864377,0.309322,0.38162,636.6499920000001,-0.36538,-0.22964,4.7135,-1214.0771157,-1214.0048177,3.692127999999999,Gaussian,QC,"opt+freq: b3lyp/6-311G** em=gd3bj
energy: M062X/6-311G+(2d, p) em=gd3"
2185,c-c133+c-b13+c-b38,C#CCCC[n+]1ccc(CCC#N)cc1,pyridinium,-613.5288818,0.200362,0.260485,529.4433600000001,-0.39864,-0.23539,4.8008,-613.3285198,-613.2683968,4.4404,Gaussian,QC,"opt+freq: b3lyp/6-311G** em=gd3bj
energy: M062X/6-311G+(2d, p) em=gd3"
2186,c-c108+c-b13+c-b35,CCC(C)c1cc[n+](CCCCCC#N)cc1,pyridinium,-694.6105897,0.29457,0.364636,617.006112,-0.42044,-0.22875,6.5402,-694.3160197,-694.2459537,5.213967999999999,Gaussian,QC,"opt+freq: b3lyp/6-311G** em=gd3bj
energy: M062X/6-311G+(2d, p) em=gd3"
2187,c-c111+c-b37+c-b47,CC(O)Cc1ccc2cccc[n+]2c1C(C)(C)C,pyridinium,-752.5740847,0.293844,0.358862,572.5427440000001,-0.38265,-0.21885,5.3926,-752.2802406999999,-752.2152226999999,4.45536,Gaussian,QC,"opt+freq: b3lyp/6-311G** em=gd3bj
energy: M062X/6-311G+(2d, p) em=gd3"
2188,c-c111+c-b40+c-b46,Cc1ccc(-c2c(N(C)C)ccc3cccc[n+]23)cc1,pyridinium,-806.5189889,0.271389,0.338012,586.684664,-0.33535,-0.20241,3.3611,-806.2475999,-806.1809768999999,3.615967999999999,Gaussian,QC,"opt+freq: b3lyp/6-311G** em=gd3bj
energy: M062X/6-311G+(2d, p) em=gd3"
2189,c-c84+c-b23,CCCC[n+]1ccc(-c2cccc(Cl)c2)cc1,pyridinium,-1096.4710821,0.232236,0.294622,549.363384,-0.36752,-0.23386,7.2922,-1096.2388461,-1096.1764601,3.635552,Gaussian,QC,"opt+freq: b3lyp/6-311G** em=gd3bj
energy: M062X/6-311G+(2d, p) em=gd3"
2190,c-c108+c-b6+c-b60,C=CCc1cc[n+](CCCCCN)cc1,pyridinium,-617.1874694,0.266784,0.330159,558.070288,-0.33821,-0.22349,2.6176,-616.9206854,-616.8573104000001,3.120384,Gaussian,QC,"opt+freq: b3lyp/6-311G** em=gd3bj
energy: M062X/6-311G+(2d, p) em=gd3"
2191,c-c101+c-b51,c1cc[n+](CCC2CCCCC2)cc1,pyridinium,-561.8671042,0.259658,0.314144,479.808568,-0.40516,-0.23997,8.1758,-561.6074462,-561.5529601999999,4.493168000000001,Gaussian,QC,"opt+freq: b3lyp/6-311G** em=gd3bj
energy: M062X/6-311G+(2d, p) em=gd3"
2192,c-c25+c-b53,Cc1cccc[n+]1CCCc1cccnc1,pyridinium,-652.9094325,0.233487,0.291407,510.042152,-0.36895,-0.22863,6.4541,-652.6759455,-652.6180254999999,3.816704,Gaussian,QC,"opt+freq: b3lyp/6-311G** em=gd3bj
energy: M062X/6-311G+(2d, p) em=gd3"
2193,c-c133+c-b13+c-b58,N#CCCc1cc[n+](CCCC(=O)O)cc1,pyridinium,-725.9612295,0.204499,0.267146,551.664584,-0.40379,-0.23702,6.1987,-725.7567304999999,-725.6940834999999,4.536143999999999,Gaussian,QC,"opt+freq: b3lyp/6-311G** em=gd3bj
energy: M062X/6-311G+(2d, p) em=gd3"
2194,c-c111+c-b16+c-b80,CC(C)c1c(CCCC#N)ccc2cccc[n+]12,pyridinium,-730.3057846,0.262098,0.325871,561.5848480000001,-0.39129,-0.2223,7.1435,-730.0436866,-729.9799136,4.596528000000001,Gaussian,QC,"opt+freq: b3lyp/6-311G** em=gd3bj
energy: M062X/6-311G+(2d, p) em=gd3"
2195,c-c133+c-b47+c-b48,Cc1cccc(CC[n+]2ccc(C(C)(C)C)cc2)c1,pyridinium,-754.7980968,0.318346,0.387725,610.9476800000001,-0.35539,-0.21656,4.3167,-754.4797508,-754.4103718,3.776176,Gaussian,QC,"opt+freq: b3lyp/6-311G** em=gd3bj
energy: M062X/6-311G+(2d, p) em=gd3"
2196,c-c111+c-b43+c-b48,Cc1cccc(-c2c(CC#N)ccc3cccc[n+]23)c1,pyridinium,-804.1080821,0.227895,0.29233,567.4131600000001,-0.37141,-0.22677,8.0164,-803.8801871000001,-803.8157521,3.934208,Gaussian,QC,"opt+freq: b3lyp/6-311G** em=gd3bj
energy: M062X/6-311G+(2d, p) em=gd3"
2197,c-c108+c-b76+c-b86,COc1cc[n+](CCCc2ccc(Cl)cc2Cl)cc1,pyridinium,-1631.2898021,0.225057,0.292556,594.39996,-0.36325,-0.2122,9.0049,-1631.0647451,-1630.9972461,4.108560000000001,Gaussian,QC,"opt+freq: b3lyp/6-311G** em=gd3bj
energy: M062X/6-311G+(2d, p) em=gd3"
2198,c-c111+c-b39+c-b76,COCc1c(OC)ccc2cccc[n+]12,pyridinium,-670.556705,0.193739,0.249143,487.883688,-0.3791,-0.22422,4.066,-670.3629659999999,-670.307562,4.212736,Gaussian,QC,"opt+freq: b3lyp/6-311G** em=gd3bj
energy: M062X/6-311G+(2d, p) em=gd3"
2199,c-c28+c-b22,Cc1ccc[n+](CCCc2ccc(Cl)cc2)c1,pyridinium,-1096.4719535,0.231295,0.294611,557.55984,-0.35209,-0.23273,10.3468,-1096.2406585,-1096.1773425,3.246592000000001,Gaussian,QC,"opt+freq: b3lyp/6-311G** em=gd3bj
energy: M062X/6-311G+(2d, p) em=gd3"
2200,c-c108+c-b19+c-b43,N#CCc1cc[n+](CCCCCCF)cc1,pyridinium,-715.2266046,0.236043,0.300708,569.438216,-0.42406,-0.246,8.8182,-714.9905616,-714.9258966,4.843232,Gaussian,QC,"opt+freq: b3lyp/6-311G** em=gd3bj
energy: M062X/6-311G+(2d, p) em=gd3"
2201,c-c77+c-b48,Cc1cccc(CC[n+]2ccccc2C)c1,pyridinium,-636.8780016,0.242669,0.302006,522.523024,-0.35821,-0.22546,6.2703,-636.6353326,-636.5759955999999,3.610799999999999,Gaussian,QC,"opt+freq: b3lyp/6-311G** em=gd3bj
energy: M062X/6-311G+(2d, p) em=gd3"
2202,c-c108+c-b4+c-b6,NCCc1cc[n+](CCCCCO)cc1,pyridinium,-654.3267269,0.266874,0.330433,559.697864,-0.35349,-0.22453,2.1594,-654.0598529,-653.9962939000001,3.507712000000001,Gaussian,QC,"opt+freq: b3lyp/6-311G** em=gd3bj
energy: M062X/6-311G+(2d, p) em=gd3"
2203,c-c133+c-b8+c-b13,CC#CCCC[n+]1ccc(CCC#N)cc1,pyridinium,-652.8443509,0.223927,0.2897,579.1911200000001,-0.37361,-0.23192,5.9727,-652.6204239,-652.5546509,3.853968,Gaussian,QC,"opt+freq: b3lyp/6-311G** em=gd3bj
energy: M062X/6-311G+(2d, p) em=gd3"
2204,c-c108+c-b29+c-b76,COCCC[n+]1ccc(C(C)C)cc1,pyridinium,-598.9755916,0.25078,0.311562,535.246568,-0.38886,-0.22132,2.0377,-598.7248116000001,-598.6640296,4.557087999999999,Gaussian,QC,"opt+freq: b3lyp/6-311G** em=gd3bj
energy: M062X/6-311G+(2d, p) em=gd3"
2205,c-c133+c-b43+c-b82,CC(C)CCCCCC[n+]1ccc(CC#N)cc1,pyridinium,-733.9042397,0.320961,0.393001,634.3822640000001,-0.39823,-0.24328,6.7656,-733.5832786999999,-733.5112386999999,4.214639999999999,Gaussian,QC,"opt+freq: b3lyp/6-311G** em=gd3bj
energy: M062X/6-311G+(2d, p) em=gd3"
2206,c-c108+c-b40+c-b50,C=Cc1ccc(-c2cc[n+](CCCN(C)C)cc2)cc1,pyridinium,-808.8914677,0.311074,0.38284,631.963912,-0.31894,-0.22345,2.7307,-808.5803937000001,-808.5086277,2.597328,Gaussian,QC,"opt+freq: b3lyp/6-311G** em=gd3bj
energy: M062X/6-311G+(2d, p) em=gd3"
2207,c-c25+c-b82,Cc1cccc[n+]1CCCCCCCC(C)C,pyridinium,-680.983175,0.352422,0.421538,608.6297440000001,-0.38672,-0.23061,13.0861,-680.6307529999999,-680.5616369999999,4.246192,Gaussian,QC,"opt+freq: b3lyp/6-311G** em=gd3bj
energy: M062X/6-311G+(2d, p) em=gd3"
2208,c-c111+c-b44+c-b74,CC(=O)c1ccc2cccc[n+]2c1CCC(C)C,pyridinium,-751.3843571,0.270396,0.335164,570.346144,-0.39045,-0.23194,6.4116,-751.1139611,-751.0491931,4.311472,Gaussian,QC,"opt+freq: b3lyp/6-311G** em=gd3bj
energy: M062X/6-311G+(2d, p) em=gd3"
2209,c-c84+c-b1,CCCC[n+]1ccc(C23CC4CC(CC(C4)C2)C3)cc1,pyridinium,-795.3236133,0.379123,0.443813,569.6599679999999,-0.38547,-0.21799,7.6736,-794.9444903,-794.8798003,4.555456,Gaussian,QC,"opt+freq: b3lyp/6-311G** em=gd3bj
energy: M062X/6-311G+(2d, p) em=gd3"
2210,c-c33+c-b61,CCCCCCCCc1cc[n+](CCCCCC)cc1,pyridinium,-798.8981746,0.427765,0.508974,715.1250960000001,-0.39248,-0.22222,7.6212,-798.4704095999999,-798.3892006,4.631072,Gaussian,QC,"opt+freq: b3lyp/6-311G** em=gd3bj
energy: M062X/6-311G+(2d, p) em=gd3"
2211,c-c28+c-b31,Cc1ccc[n+](CCCCCC(F)(F)F)c1,pyridinium,-821.5161358,0.22239,0.286055,560.630896,-0.44674,-0.23888,12.7449,-821.2937458,-821.2300808,5.653792,Gaussian,QC,"opt+freq: b3lyp/6-311G** em=gd3bj
energy: M062X/6-311G+(2d, p) em=gd3"
2212,c-c108+c-b6+c-b8,CC#CCCCC[n+]1ccc(CCN)cc1,pyridinium,-655.2619833,0.266691,0.336399,613.8430079999999,-0.35047,-0.21748,5.4229,-654.9952923,-654.9255843,3.617328,Gaussian,QC,"opt+freq: b3lyp/6-311G** em=gd3bj
energy: M062X/6-311G+(2d, p) em=gd3"
2213,c-c133+c-b31+c-b47,CC(C)(C)c1cc[n+](CCCCC(F)(F)F)cc1,pyridinium,-900.1324057,0.274211,0.343004,605.788808,-0.446,-0.22869,7.1352,-899.8581947,-899.7894017000001,5.910832,Gaussian,QC,"opt+freq: b3lyp/6-311G** em=gd3bj
energy: M062X/6-311G+(2d, p) em=gd3"
2214,c-c133+c-b23+c-b76,COc1cc[n+](CCc2cccc(Cl)c2)cc1,pyridinium,-1132.3827868,0.209672,0.271386,543.451392,-0.36097,-0.21299,8.0519,-1132.1731148,-1132.1114008,4.025056,Gaussian,QC,"opt+freq: b3lyp/6-311G** em=gd3bj
energy: M062X/6-311G+(2d, p) em=gd3"
2215,c-c108+c-b71+c-b79,CCCCCCCCC[n+]1ccc(CCCO)cc1,pyridinium,-795.5100637,0.381454,0.457372,668.532072,-0.39222,-0.21943,8.3682,-795.1286097000001,-795.0526917000001,4.699888000000001,Gaussian,QC,"opt+freq: b3lyp/6-311G** em=gd3bj
energy: M062X/6-311G+(2d, p) em=gd3"
2216,c-c18+c-b39,COCC[n+]1ccccc1,pyridinium,-441.7393455,0.149944,0.196509,410.05292,-0.4048,-0.23909,2.7702,-441.5894015,-441.5428365,4.507312,Gaussian,QC,"opt+freq: b3lyp/6-311G** em=gd3bj
energy: M062X/6-311G+(2d, p) em=gd3"
2217,c-c133+c-b44+c-b46,Cc1ccc(CC[n+]2ccc(CCC(C)C)cc2)cc1,pyridinium,-794.1018041,0.343329,0.417214,650.63292,-0.35213,-0.21704,3.7256,-793.7584750999999,-793.6845901,3.674447999999999,Gaussian,QC,"opt+freq: b3lyp/6-311G** em=gd3bj
energy: M062X/6-311G+(2d, p) em=gd3"
2218,c-c133+c-b6+c-b36,NCCc1cc[n+](CCc2ccccc2)cc1,pyridinium,-692.2188471,0.258863,0.320891,546.212832,-0.35207,-0.22175,3.1214,-691.9599840999999,-691.8979561,3.544704,Gaussian,QC,"opt+freq: b3lyp/6-311G** em=gd3bj
energy: M062X/6-311G+(2d, p) em=gd3"
2219,c-c111+c-b74+c-b79,CC(=O)c1ccc2cccc[n+]2c1CCCO,pyridinium,-747.9994064,0.224904,0.284266,522.740592,-0.38911,-0.23011,4.4533,-747.7745024,-747.7151404,4.3248,Gaussian,QC,"opt+freq: b3lyp/6-311G** em=gd3bj
energy: M062X/6-311G+(2d, p) em=gd3"
2220,c-c133+c-b60+c-b74,C=CCCC[n+]1ccc(C(C)=O)cc1,pyridinium,-596.54007,0.2053,0.264503,521.338952,-0.37915,-0.25968,4.7417,-596.33477,-596.275567,3.249583999999999,Gaussian,QC,"opt+freq: b3lyp/6-311G** em=gd3bj
energy: M062X/6-311G+(2d, p) em=gd3"
2221,c-c133+c-b43+c-b84,CCCCCCCCCc1cc[n+](CCCC#N)cc1,pyridinium,-812.5238369,0.373705,0.452023,689.6696400000001,-0.3845,-0.22941,12.8014,-812.1501319,-812.0718138999999,4.218448,Gaussian,QC,"opt+freq: b3lyp/6-311G** em=gd3bj
energy: M062X/6-311G+(2d, p) em=gd3"
2222,c-c70+c-b24,CCCCCC[n+]1ccc(-c2ccccc2C)c(C)c1,pyridinium,-794.0994857,0.344291,0.417393,643.737688,-0.35913,-0.2181,2.663,-793.7551947,-793.6820927,3.836016,Gaussian,QC,"opt+freq: b3lyp/6-311G** em=gd3bj
energy: M062X/6-311G+(2d, p) em=gd3"
2223,c-c108+c-b65+c-b78,CCC#CCCCC[n+]1ccc(CCCCC)cc1,pyridinium,-757.1313364,0.354449,0.433791,698.6777920000001,-0.35212,-0.22248,4.2435,-756.7768874,-756.6975454,3.526207999999999,Gaussian,QC,"opt+freq: b3lyp/6-311G** em=gd3bj
energy: M062X/6-311G+(2d, p) em=gd3"
2224,c-c133+c-b31+c-b36,FC(F)(F)CCc1cc[n+](CCc2ccccc2)cc1,pyridinium,-973.9362336,0.244462,0.311517,590.483736,-0.36749,-0.22712,7.2182,-973.6917716,-973.6247166,3.818064,Gaussian,QC,"opt+freq: b3lyp/6-311G** em=gd3bj
energy: M062X/6-311G+(2d, p) em=gd3"
2225,c-c108+c-b35+c-b47,CCC(C)CCC[n+]1ccc(C(C)(C)C)cc1,pyridinium,-680.9887282,0.349941,0.420317,619.725712,-0.41868,-0.22206,4.1354,-680.6387872,-680.5684112,5.348064,Gaussian,QC,"opt+freq: b3lyp/6-311G** em=gd3bj
energy: M062X/6-311G+(2d, p) em=gd3"
2226,c-c133+c-b60+c-b78,C=CCCC[n+]1ccc(CCCCC)cc1,pyridinium,-640.4486133,0.301849,0.369624,596.818312,-0.37337,-0.22534,3.702,-640.1467643000001,-640.0789893,4.026415999999999,Gaussian,QC,"opt+freq: b3lyp/6-311G** em=gd3bj
energy: M062X/6-311G+(2d, p) em=gd3"
2227,c-c40+c-b43,Cc1ccc[n+](CC(=O)CC#N)c1,pyridinium,-572.084844,0.147407,0.201659,477.745856,-0.43188,-0.24393,4.1016,-571.9374369999999,-571.883185,5.112239999999999,Gaussian,QC,"opt+freq: b3lyp/6-311G** em=gd3bj
energy: M062X/6-311G+(2d, p) em=gd3"
2228,c-c133+c-b37+c-b46,Cc1ccc(CC[n+]2ccc(CC(C)O)cc2)cc1,pyridinium,-790.709486,0.295199,0.36521,616.508216,-0.3538,-0.2213,3.3577,-790.414287,-790.3442759999999,3.604,Gaussian,QC,"opt+freq: b3lyp/6-311G** em=gd3bj
energy: M062X/6-311G+(2d, p) em=gd3"
2229,c-c108+c-b3+c-b60,C=CCCCC[n+]1ccc(C2CCCC2)cc1,pyridinium,-678.5516836,0.308743,0.377081,601.7805360000001,-0.3585,-0.22252,3.1113,-678.2429406,-678.1746026000001,3.698656,Gaussian,QC,"opt+freq: b3lyp/6-311G** em=gd3bj
energy: M062X/6-311G+(2d, p) em=gd3"
2230,c-c133+c-b28+c-b53,C=CCCCC[n+]1ccc(-c2cccnc2)cc1,pyridinium,-730.2855906,0.260661,0.325678,572.5385600000001,-0.35909,-0.23536,4.7679,-730.0249296,-729.9599125999999,3.365456,Gaussian,QC,"opt+freq: b3lyp/6-311G** em=gd3bj
energy: M062X/6-311G+(2d, p) em=gd3"
2231,c-c3+c-b30,CCCCCC[n+]1cccc(C)c1,pyridinium,-523.760898,0.247836,0.306042,512.556736,-0.4296,-0.23425,6.0046,-523.513062,-523.454856,5.313519999999999,Gaussian,QC,"opt+freq: b3lyp/6-311G** em=gd3bj
energy: M062X/6-311G+(2d, p) em=gd3"
2232,c-c133+c-b10+c-b23,CCc1cc[n+](CCc2cccc(Cl)c2)cc1,pyridinium,-1096.4747363,0.231364,0.294642,557.216752,-0.36122,-0.22631,8.5762,-1096.2433723,-1096.1800943,3.669551999999999,Gaussian,QC,"opt+freq: b3lyp/6-311G** em=gd3bj
energy: M062X/6-311G+(2d, p) em=gd3"
2233,c-c108+c-b10+c-b28,C=CCCc1cc[n+](CCCCC)cc1,pyridinium,-601.1445956,0.276684,0.340714,563.844208,-0.37392,-0.22564,3.0907,-600.8679116,-600.8038816,4.033215999999999,Gaussian,QC,"opt+freq: b3lyp/6-311G** em=gd3bj
energy: M062X/6-311G+(2d, p) em=gd3"
2234,c-c108+c-b18+c-b38,C#CCCCC[n+]1ccc(C(=O)CC)cc1,pyridinium,-673.9077615,0.234697,0.299665,572.107608,-0.38224,-0.25758,2.4247,-673.6730645,-673.6080965,3.390752000000001,Gaussian,QC,"opt+freq: b3lyp/6-311G** em=gd3bj
energy: M062X/6-311G+(2d, p) em=gd3"
2235,c-c87+c-b81,CCCCC[n+]1ccc(C)cc1,pyridinium,-484.4582329,0.221442,0.276984,489.105416,-0.4441,-0.23,4.3019,-484.2367909,-484.1812489,5.823519999999999,Gaussian,QC,"opt+freq: b3lyp/6-311G** em=gd3bj
energy: M062X/6-311G+(2d, p) em=gd3"
2236,c-c65+c-b31,C[n+]1cccc(CCC(F)(F)F)c1,pyridinium,-703.5935929,0.144586,0.199274,481.582584,-0.45309,-0.24351,9.5539,-703.4490069,-703.3943189,5.700576,Gaussian,QC,"opt+freq: b3lyp/6-311G** em=gd3bj
energy: M062X/6-311G+(2d, p) em=gd3"
2237,c-c111+c-b11+c-b13,N#CCCc1ccc2cccc[n+]2c1C(F)(F)F,pyridinium,-910.115999,0.159174,0.218477,522.2175920000001,-0.41847,-0.24681,6.0793,-909.956825,-909.897522,4.669152,Gaussian,QC,"opt+freq: b3lyp/6-311G** em=gd3bj
energy: M062X/6-311G+(2d, p) em=gd3"
2238,c-c65+c-b83,CCCCCCc1ccc[n+](C)c1,pyridinium,-523.7543156,0.247494,0.306283,517.694688,-0.4153,-0.23666,9.8814,-523.5068216000001,-523.4480326,4.859007999999999,Gaussian,QC,"opt+freq: b3lyp/6-311G** em=gd3bj
energy: M062X/6-311G+(2d, p) em=gd3"
2239,c-c108+c-b4+c-b23,OCCc1cc[n+](CCCc2cccc(Cl)c2)cc1,pyridinium,-1211.001091,0.260754,0.329857,608.5125919999999,-0.35306,-0.22044,8.341,-1210.740337,-1210.671234,3.607263999999999,Gaussian,QC,"opt+freq: b3lyp/6-311G** em=gd3bj
energy: M062X/6-311G+(2d, p) em=gd3"
2240,c-c18+c-b11,FC(F)(F)C[n+]1ccccc1,pyridinium,-624.9633473,0.095612,0.141549,404.525856,-0.48036,-0.26326,6.931,-624.8677353,-624.8217983,5.90512,Gaussian,QC,"opt+freq: b3lyp/6-311G** em=gd3bj
energy: M062X/6-311G+(2d, p) em=gd3"
2241,c-c108+c-b37+c-b76,COCCC[n+]1ccc(CC(C)O)cc1,pyridinium,-674.193958,0.254188,0.317274,555.538968,-0.3881,-0.22467,4.0402,-673.93977,-673.876684,4.445296,Gaussian,QC,"opt+freq: b3lyp/6-311G** em=gd3bj
energy: M062X/6-311G+(2d, p) em=gd3"
2242,c-c133+c-b44+c-b58,CC(C)CCCC[n+]1ccc(CC(=O)O)cc1,pyridinium,-751.6412503,0.283668,0.352134,602.9144,-0.41198,-0.22947,4.8215,-751.3575823,-751.2891163,4.964272,Gaussian,QC,"opt+freq: b3lyp/6-311G** em=gd3bj
energy: M062X/6-311G+(2d, p) em=gd3"
2243,c-c133+c-b43+c-b58,N#CCCC[n+]1ccc(CC(=O)O)cc1,pyridinium,-686.6555245,0.178699,0.237823,520.644408,-0.41696,-0.23761,4.1491,-686.4768254999999,-686.4177014999999,4.87832,Gaussian,QC,"opt+freq: b3lyp/6-311G** em=gd3bj
energy: M062X/6-311G+(2d, p) em=gd3"
2244,c-c133+c-b65+c-b68,CCC#CCCC[n+]1ccc(CCCC(C)C)cc1,pyridinium,-757.1368257,0.354886,0.433205,689.6738240000001,-0.36901,-0.22001,4.1617,-756.7819397000001,-756.7036207,4.0528,Gaussian,QC,"opt+freq: b3lyp/6-311G** em=gd3bj
energy: M062X/6-311G+(2d, p) em=gd3"
2245,c-c108+c-b27+c-b73,CC(C)Cc1cc[n+](CCCC(C)C#N)cc1,pyridinium,-694.6220237,0.296545,0.364224,595.977328,-0.43204,-0.22043,4.7283,-694.3254787,-694.2577997,5.755792,Gaussian,QC,"opt+freq: b3lyp/6-311G** em=gd3bj
energy: M062X/6-311G+(2d, p) em=gd3"
2246,c-c100+c-b36,C[n+]1ccc(-c2ccccc2)cc1,pyridinium,-518.9503507,0.166187,0.216082,439.3743920000001,-0.38163,-0.23481,6.6638,-518.7841636999999,-518.7342686999999,3.993504000000001,Gaussian,QC,"opt+freq: b3lyp/6-311G** em=gd3bj
energy: M062X/6-311G+(2d, p) em=gd3"
2247,c-c77+c-b46,Cc1ccc(CC[n+]2ccccc2C)cc1,pyridinium,-636.8778729,0.242525,0.301993,523.677808,-0.35533,-0.22538,6.2824,-636.6353479,-636.5758799,3.53464,Gaussian,QC,"opt+freq: b3lyp/6-311G** em=gd3bj
energy: M062X/6-311G+(2d, p) em=gd3"
2248,c-c133+c-b24+c-b81,CCCCC[n+]1ccc(-c2ccccc2C)cc1,pyridinium,-715.4834301,0.294463,0.360156,578.488208,-0.36513,-0.22437,2.842,-715.1889671,-715.1232741,3.828672,Gaussian,QC,"opt+freq: b3lyp/6-311G** em=gd3bj
energy: M062X/6-311G+(2d, p) em=gd3"
2249,c-c133+c-b28+c-b76,C=CCCc1cc[n+](CCOC)cc1,pyridinium,-597.7408582,0.228299,0.288427,529.4852,-0.37122,-0.22278,3.7466,-597.5125592,-597.4524312000001,4.037567999999999,Gaussian,QC,"opt+freq: b3lyp/6-311G** em=gd3bj
energy: M062X/6-311G+(2d, p) em=gd3"
2250,c-c111+c-b10+c-b47,CCc1c(C(C)(C)C)ccc2cccc[n+]12,pyridinium,-638.064885,0.266817,0.324404,507.113352,-0.38739,-0.2165,3.86,-637.7980680000001,-637.740481,4.648208,Gaussian,QC,"opt+freq: b3lyp/6-311G** em=gd3bj
energy: M062X/6-311G+(2d, p) em=gd3"
2251,c-c133+c-b45+c-b77,O=C(O)c1cc[n+](CCCC(F)(F)F)cc1,pyridinium,-892.1443964,0.156719,0.216549,526.861832,-0.43428,-0.26966,8.2292,-891.9876774,-891.9278474,4.477664,Gaussian,QC,"opt+freq: b3lyp/6-311G** em=gd3bj
energy: M062X/6-311G+(2d, p) em=gd3"
2252,c-c133+c-b20+c-b81,CCCCC[n+]1ccc(-c2ccc(Cl)c(Cl)c2)cc1,pyridinium,-1595.3726969,0.24652,0.315518,607.596296,-0.36573,-0.23493,10.0963,-1595.1261769,-1595.0571789,3.55776,Gaussian,QC,"opt+freq: b3lyp/6-311G** em=gd3bj
energy: M062X/6-311G+(2d, p) em=gd3"
2253,c-c133+c-b8+c-b45,CC#CCCC[n+]1ccc(C(=O)O)cc1,pyridinium,-670.5598683,0.187268,0.24858,539.915912,-0.37916,-0.25606,2.1521,-670.3726002999999,-670.3112883,3.34832,Gaussian,QC,"opt+freq: b3lyp/6-311G** em=gd3bj
energy: M062X/6-311G+(2d, p) em=gd3"
2254,c-c133+c-b50+c-b76,C=Cc1ccc(-c2cc[n+](CCOC)cc2)cc1,pyridinium,-750.1614647,0.248311,0.313609,575.0113040000001,-0.33903,-0.22106,5.6261,-749.9131537000001,-749.8478557,3.208784,Gaussian,QC,"opt+freq: b3lyp/6-311G** em=gd3bj
energy: M062X/6-311G+(2d, p) em=gd3"
2255,c-c145+c-b17,CCCCCCCCCC(=O)OC[n+]1ccccc1,pyridinium,-830.2278164,0.337097,0.410623,647.474,-0.39428,-0.24505,10.087,-829.8907194000001,-829.8171934000001,4.059056000000001,Gaussian,QC,"opt+freq: b3lyp/6-311G** em=gd3bj
energy: M062X/6-311G+(2d, p) em=gd3"
2256,c-c133+c-b6+c-b81,CCCc1cc[n+](CCCCN)cc1,pyridinium,-579.114299,0.264111,0.324892,535.234016,-0.35652,-0.22248,0.5259,-578.850188,-578.789407,3.645888,Gaussian,QC,"opt+freq: b3lyp/6-311G** em=gd3bj
energy: M062X/6-311G+(2d, p) em=gd3"
2257,c-c108+c-b23+c-b30,CCCCc1cc[n+](CCCc2cccc(Cl)c2)cc1,pyridinium,-1214.3909608,0.308431,0.381624,644.532648,-0.35393,-0.22251,7.7009,-1214.0825298,-1214.0093368,3.574624,Gaussian,QC,"opt+freq: b3lyp/6-311G** em=gd3bj
energy: M062X/6-311G+(2d, p) em=gd3"
2258,c-c111+c-b37+c-b44,CC(C)CCc1c(CC(C)O)ccc2cccc[n+]12,pyridinium,-791.8689507,0.310715,0.381418,622.6043040000001,-0.37466,-0.21943,8.9237,-791.5582357000001,-791.4875327,4.222256,Gaussian,QC,"opt+freq: b3lyp/6-311G** em=gd3bj
energy: M062X/6-311G+(2d, p) em=gd3"
2259,c-c136+c-b53,CCCCCCCC[n+]1ccc(-c2cccnc2)cc1,pyridinium,-810.1256015,0.335026,0.407047,634.21072,-0.37648,-0.23356,6.7359,-809.7905755,-809.7185545,3.887424,Gaussian,QC,"opt+freq: b3lyp/6-311G** em=gd3bj
energy: M062X/6-311G+(2d, p) em=gd3"
2260,c-c133+c-b25+c-b65,CCC#CCCC[n+]1ccc(N2CCC(C)CC2)cc1,pyridinium,-811.3003175,0.354074,0.430133,669.778904,-0.35893,-0.18048,2.6525,-810.9462435,-810.8701845,4.853840000000001,Gaussian,QC,"opt+freq: b3lyp/6-311G** em=gd3bj
energy: M062X/6-311G+(2d, p) em=gd3"
2261,c-c101+c-b54,CCCCCCCCCCCCC[n+]1ccccc1,pyridinium,-759.5802498,0.404544,0.480682,670.4692640000001,-0.3672,-0.23949,20.3026,-759.1757058000001,-759.0995678,3.473712,Gaussian,QC,"opt+freq: b3lyp/6-311G** em=gd3bj
energy: M062X/6-311G+(2d, p) em=gd3"
2262,c-c133+c-b74+c-b82,CC(=O)c1cc[n+](CCCCCCC(C)C)cc1,pyridinium,-754.9923083,0.330394,0.403211,641.227288,-0.39757,-0.25665,6.8283,-754.6619143,-754.5890972999999,3.833024,Gaussian,QC,"opt+freq: b3lyp/6-311G** em=gd3bj
energy: M062X/6-311G+(2d, p) em=gd3"
2263,c-c108+c-b13+c-b47,CC(C)(C)CCC[n+]1ccc(CCC#N)cc1,pyridinium,-694.6102318,0.295592,0.363566,598.575592,-0.42409,-0.23371,6.617,-694.3146397999999,-694.2466658,5.178336000000001,Gaussian,QC,"opt+freq: b3lyp/6-311G** em=gd3bj
energy: M062X/6-311G+(2d, p) em=gd3"
2264,c-c133+c-b10+c-b69,CCCCCCCCCCc1cc[n+](CCCC)cc1,pyridinium,-798.8975657,0.428162,0.508993,711.798816,-0.377,-0.22337,13.3914,-798.4694036999999,-798.3885726999999,4.178736,Gaussian,QC,"opt+freq: b3lyp/6-311G** em=gd3bj
energy: M062X/6-311G+(2d, p) em=gd3"
2265,c-c108+c-b60+c-b82,C=CCc1cc[n+](CCCCCCCC(C)C)cc1,pyridinium,-758.3647444,0.379052,0.455859,676.3519679999999,-0.3851,-0.22541,10.7664,-757.9856924,-757.9088853999999,4.343567999999999,Gaussian,QC,"opt+freq: b3lyp/6-311G** em=gd3bj
energy: M062X/6-311G+(2d, p) em=gd3"
2266,c-c100+c-b75,C[n+]1ccc(-c2c(Cl)cccc2Cl)cc1,pyridinium,-1438.1467856,0.142954,0.19971,499.791352,-0.37412,-0.24052,8.2043,-1438.0038316,-1437.9470756,3.63392,Gaussian,QC,"opt+freq: b3lyp/6-311G** em=gd3bj
energy: M062X/6-311G+(2d, p) em=gd3"
2267,c-c133+c-b10+c-b46,CCc1cc[n+](CCc2ccc(C)cc2)cc1,pyridinium,-676.1842728,0.266682,0.330967,566.0952000000001,-0.35353,-0.22025,5.3756,-675.9175908000001,-675.8533058,3.625216,Gaussian,QC,"opt+freq: b3lyp/6-311G** em=gd3bj
energy: M062X/6-311G+(2d, p) em=gd3"
2268,c-c87+c-b71,CCCCCCCC[n+]1ccc(C)cc1,pyridinium,-602.3726335,0.298761,0.363962,574.161952,-0.40372,-0.22837,9.6771,-602.0738725,-602.0086715,4.769520000000001,Gaussian,QC,"opt+freq: b3lyp/6-311G** em=gd3bj
energy: M062X/6-311G+(2d, p) em=gd3"
2269,c-c65+c-b23,C[n+]1cccc(-c2cccc(Cl)c2)c1,pyridinium,-978.5454533,0.154436,0.20778,469.741864,-0.36811,-0.24087,11.5587,-978.3910172999999,-978.3376733,3.460928,Gaussian,QC,"opt+freq: b3lyp/6-311G** em=gd3bj
energy: M062X/6-311G+(2d, p) em=gd3"
2270,c-c99+c-b31,Cc1cc[n+](CC(=O)CCC(F)(F)F)cc1,pyridinium,-856.2225667,0.176116,0.238515,549.4889039999999,-0.40553,-0.23982,8.6415,-856.0464507,-855.9840517,4.507312,Gaussian,QC,"opt+freq: b3lyp/6-311G** em=gd3bj
energy: M062X/6-311G+(2d, p) em=gd3"
2271,c-c111+c-b9+c-b29,CC(C)c1ccc2cccc[n+]2c1C(C)F,pyridinium,-698.0021165,0.231004,0.288958,510.339216,-0.3968,-0.22653,3.7494,-697.7711125000001,-697.7131585000001,4.631343999999999,Gaussian,QC,"opt+freq: b3lyp/6-311G** em=gd3bj
energy: M062X/6-311G+(2d, p) em=gd3"
2272,c-c108+c-b10+c-b84,CCCCCCCCCCCC[n+]1ccc(CC)cc1,pyridinium,-798.8965874,0.428433,0.509145,710.748632,-0.37149,-0.22533,16.0029,-798.4681544,-798.3874424,3.975552,Gaussian,QC,"opt+freq: b3lyp/6-311G** em=gd3bj
energy: M062X/6-311G+(2d, p) em=gd3"
2273,c-c108+c-b27+c-b71,CCCCCCc1cc[n+](CCCC(C)C#N)cc1,pyridinium,-773.2285827,0.348243,0.422793,656.4905200000001,-0.4091,-0.21928,7.3155,-772.8803396999999,-772.8057897,5.163104000000001,Gaussian,QC,"opt+freq: b3lyp/6-311G** em=gd3bj
energy: M062X/6-311G+(2d, p) em=gd3"
2274,c-c133+c-b16+c-b30,CCCCCC[n+]1ccc(CCCC#N)cc1,pyridinium,-694.6126575,0.29672,0.36512,602.324456,-0.42711,-0.23028,6.3239,-694.3159374999999,-694.2475374999999,5.353775999999999,Gaussian,QC,"opt+freq: b3lyp/6-311G** em=gd3bj
energy: M062X/6-311G+(2d, p) em=gd3"
2275,c-c133+c-b18+c-b68,CCC(=O)c1cc[n+](CCCCCC(C)C)cc1,pyridinium,-754.992094,0.331129,0.403617,638.33196,-0.39835,-0.25475,4.1337,-754.6609649999999,-754.5884769999999,3.90592,Gaussian,QC,"opt+freq: b3lyp/6-311G** em=gd3bj
energy: M062X/6-311G+(2d, p) em=gd3"
2276,c-c111+c-b3+c-b47,CC(C)(C)c1c(C2CCCC2)ccc2cccc[n+]12,pyridinium,-754.7611473,0.324293,0.38906,570.337776,-0.37774,-0.21545,4.8426,-754.4368542999999,-754.3720873,4.414288,Gaussian,QC,"opt+freq: b3lyp/6-311G** em=gd3bj
energy: M062X/6-311G+(2d, p) em=gd3"
2277,c-c28+c-b86,Cc1ccc[n+](CCCc2ccc(Cl)cc2Cl)c1,pyridinium,-1556.0737231,0.22112,0.286662,577.16188,-0.36424,-0.23309,10.4101,-1555.8526031,-1555.7870611,3.56728,Gaussian,QC,"opt+freq: b3lyp/6-311G** em=gd3bj
energy: M062X/6-311G+(2d, p) em=gd3"
2278,c-c108+c-b56+c-b60,C=CCc1cc[n+](CCCCCCCCCC)cc1,pyridinium,-758.3623782,0.379935,0.45653,674.498456,-0.38483,-0.22526,10.9924,-757.9824431999999,-757.9058481999999,4.340304000000001,Gaussian,QC,"opt+freq: b3lyp/6-311G** em=gd3bj
energy: M062X/6-311G+(2d, p) em=gd3"
2279,c-c77+c-b31,Cc1cccc[n+]1CCCCC(F)(F)F,pyridinium,-782.2115257,0.19898,0.257261,513.221992,-0.44992,-0.23826,10.5399,-782.0125457,-781.9542647000001,5.757152,Gaussian,QC,"opt+freq: b3lyp/6-311G** em=gd3bj
energy: M062X/6-311G+(2d, p) em=gd3"
2280,c-c77+c-b32,Cc1cccc[n+]1CCCCC(F)(F)C(F)(F)C(F)F,pyridinium,-1158.5390763,0.223656,0.294226,621.436968,-0.43198,-0.23702,15.9944,-1158.3154203,-1158.2448503,5.302911999999999,Gaussian,QC,"opt+freq: b3lyp/6-311G** em=gd3bj
energy: M062X/6-311G+(2d, p) em=gd3"
2281,c-c133+c-b39+c-b41,COCCC[n+]1ccc(C2COC(C)(C)O2)cc1,pyridinium,-826.8198425,0.288549,0.357044,603.161256,-0.37633,-0.22369,6.5963,-826.5312935000001,-826.4627985000001,4.151808,Gaussian,QC,"opt+freq: b3lyp/6-311G** em=gd3bj
energy: M062X/6-311G+(2d, p) em=gd3"
2282,c-c40+c-b28,C=CCCC(=O)C[n+]1cccc(C)c1,pyridinium,-596.5376248,0.20477,0.264465,525.673576,-0.3896,-0.24302,6.456,-596.3328548,-596.2731598,3.986975999999999,Gaussian,QC,"opt+freq: b3lyp/6-311G** em=gd3bj
energy: M062X/6-311G+(2d, p) em=gd3"
2283,c-c108+c-b19+c-b74,CC(=O)c1cc[n+](CCCCCCF)cc1,pyridinium,-736.3146647,0.245557,0.310945,575.80208,-0.4068,-0.25935,5.326,-736.0691077,-736.0037197,4.010639999999999,Gaussian,QC,"opt+freq: b3lyp/6-311G** em=gd3bj
energy: M062X/6-311G+(2d, p) em=gd3"
2284,c-c108+c-b36+c-b81,CCCCCC[n+]1ccc(-c2ccccc2)cc1,pyridinium,-715.4820118,0.295217,0.360787,577.41292,-0.37602,-0.22642,2.6051,-715.1867948,-715.1212248,4.06912,Gaussian,QC,"opt+freq: b3lyp/6-311G** em=gd3bj
energy: M062X/6-311G+(2d, p) em=gd3"
2285,c-c133+c-b18+c-b31,CCC(=O)c1cc[n+](CCCCC(F)(F)F)cc1,pyridinium,-934.8295118,0.22869,0.297278,603.98132,-0.40353,-0.26156,4.7382,-934.6008218,-934.5322338,3.861584,Gaussian,QC,"opt+freq: b3lyp/6-311G** em=gd3bj
energy: M062X/6-311G+(2d, p) em=gd3"
2286,c-c111+c-b4+c-b9,CC(F)c1ccc2cccc[n+]2c1CCO,pyridinium,-733.9223291,0.209735,0.266609,500.837352,-0.38925,-0.21916,3.4458,-733.7125940999999,-733.6557200999999,4.626448,Gaussian,QC,"opt+freq: b3lyp/6-311G** em=gd3bj
energy: M062X/6-311G+(2d, p) em=gd3"
2287,c-c87+c-b27,Cc1cc[n+](CCC(C)C#N)cc1,pyridinium,-537.382265,0.191348,0.248489,503.180392,-0.43633,-0.24268,8.6479,-537.190917,-537.133776,5.26728,Gaussian,QC,"opt+freq: b3lyp/6-311G** em=gd3bj
energy: M062X/6-311G+(2d, p) em=gd3"
2288,c-c108+c-b19+c-b38,C#CCc1cc[n+](CCCCCCF)cc1,pyridinium,-699.1354076,0.24594,0.311152,574.249816,-0.39758,-0.23212,7.2374,-698.8894676,-698.8242556,4.500512,Gaussian,QC,"opt+freq: b3lyp/6-311G** em=gd3bj
energy: M062X/6-311G+(2d, p) em=gd3"
2289,c-c133+c-b36+c-b71,CCCCCCCC[n+]1ccc(-c2ccccc2)cc1,pyridinium,-794.0914296,0.346535,0.418739,635.8257440000001,-0.37551,-0.22571,5.602,-793.7448946,-793.6726906,4.07456,Gaussian,QC,"opt+freq: b3lyp/6-311G** em=gd3bj
energy: M062X/6-311G+(2d, p) em=gd3"
2290,c-c133+c-b53+c-b76,COc1cc[n+](CCc2cccnc2)cc1,pyridinium,-688.8193386,0.210135,0.267919,508.83716,-0.37069,-0.2126,5.0441,-688.6092036,-688.5514196,4.300048,Gaussian,QC,"opt+freq: b3lyp/6-311G** em=gd3bj
energy: M062X/6-311G+(2d, p) em=gd3"
2291,c-c108+c-b43+c-b44,CC(C)CCc1cc[n+](CCCCC#N)cc1,pyridinium,-694.6099131,0.294518,0.364416,615.524976,-0.43043,-0.2326,4.0994,-694.3153950999999,-694.2454971,5.380976,Gaussian,QC,"opt+freq: b3lyp/6-311G** em=gd3bj
energy: M062X/6-311G+(2d, p) em=gd3"
2292,c-c133+c-b61+c-b79,CCCCCCCCCC[n+]1ccc(CCCO)cc1,pyridinium,-834.8146288,0.407453,0.486411,695.305488,-0.38274,-0.21921,11.3715,-834.4071758,-834.3282178000001,4.448016000000001,Gaussian,QC,"opt+freq: b3lyp/6-311G** em=gd3bj
energy: M062X/6-311G+(2d, p) em=gd3"
2293,c-c108+c-b27+c-b53,CC(C#N)CCC[n+]1ccc(-c2cccnc2)cc1,pyridinium,-784.4560104,0.255352,0.320854,576.814608,-0.37475,-0.23129,4.3354,-784.2006584,-784.1351563999999,3.902112000000001,Gaussian,QC,"opt+freq: b3lyp/6-311G** em=gd3bj
energy: M062X/6-311G+(2d, p) em=gd3"
2294,c-c111+c-b13+c-b40,CN(C)c1ccc2cccc[n+]2c1CCC#N,pyridinium,-707.0266857,0.224206,0.285107,536.292568,-0.35959,-0.21892,3.8298,-706.8024797,-706.7415787,3.826224,Gaussian,QC,"opt+freq: b3lyp/6-311G** em=gd3bj
energy: M062X/6-311G+(2d, p) em=gd3"
2295,c-c25+c-b24,Cc1ccccc1CCC[n+]1ccccc1C,pyridinium,-676.1800473,0.270783,0.331444,534.175464,-0.3578,-0.22309,6.294,-675.9092642999999,-675.8486032999999,3.664112,Gaussian,QC,"opt+freq: b3lyp/6-311G** em=gd3bj
energy: M062X/6-311G+(2d, p) em=gd3"
2296,c-c133+c-b48+c-b58,Cc1cccc(-c2cc[n+](CCCC(=O)O)cc2)c1,pyridinium,-825.4500161,0.252578,0.320154,595.077768,-0.36566,-0.22604,3.3082,-825.1974381,-825.1298621,3.797664,Gaussian,QC,"opt+freq: b3lyp/6-311G** em=gd3bj
energy: M062X/6-311G+(2d, p) em=gd3"
2297,c-c101+c-b79,OCCCCC[n+]1ccccc1,pyridinium,-520.3618775,0.201917,0.254906,466.6206,-0.37754,-0.23984,6.0739,-520.1599605,-520.1069715,3.745439999999999,Gaussian,QC,"opt+freq: b3lyp/6-311G** em=gd3bj
energy: M062X/6-311G+(2d, p) em=gd3"
2298,c-c101+c-b58,O=C(O)CCC[n+]1ccccc1,pyridinium,-555.1023108,0.158101,0.208815,446.591792,-0.41237,-0.23862,6.2558,-554.9442098000001,-554.8934958000001,4.726,Gaussian,QC,"opt+freq: b3lyp/6-311G** em=gd3bj
energy: M062X/6-311G+(2d, p) em=gd3"
2299,c-c65+c-b86,C[n+]1cccc(-c2ccc(Cl)cc2Cl)c1,pyridinium,-1438.1444668,0.14276,0.19966,501.050736,-0.37174,-0.24096,12.6505,-1438.0017068,-1437.9448068,3.557216,Gaussian,QC,"opt+freq: b3lyp/6-311G** em=gd3bj
energy: M062X/6-311G+(2d, p) em=gd3"
2300,c-c40+c-b1,Cc1ccc[n+](CC(=O)C23CC4CC(CC(C4)C2)C3)c1,pyridinium,-830.0296498,0.332486,0.396523,563.9027840000001,-0.37951,-0.2277,10.4333,-829.6971638,-829.6331268,4.129232,Gaussian,QC,"opt+freq: b3lyp/6-311G** em=gd3bj
energy: M062X/6-311G+(2d, p) em=gd3"
2301,c-c108+c-b23+c-b76,COCCC[n+]1ccc(-c2cccc(Cl)c2)cc1,pyridinium,-1171.6807902,0.235588,0.300445,571.128552,-0.36529,-0.22953,6.6169,-1171.4452022,-1171.3803452,3.692672,Gaussian,QC,"opt+freq: b3lyp/6-311G** em=gd3bj
energy: M062X/6-311G+(2d, p) em=gd3"
2302,c-c111+c-b11+c-b76,COc1c(C(F)(F)F)ccc2cccc[n+]12,pyridinium,-853.7919747,0.139399,0.194045,481.206024,-0.40087,-0.23757,7.1441,-853.6525756999999,-853.5979297,4.441759999999999,Gaussian,QC,"opt+freq: b3lyp/6-311G** em=gd3bj
energy: M062X/6-311G+(2d, p) em=gd3"
2303,c-c40+c-b50,C=Cc1ccc(C(=O)C[n+]2cccc(C)c2)cc1,pyridinium,-748.9666047,0.224481,0.289871,575.818816,-0.33905,-0.22622,8.329,-748.7421237,-748.6767337,3.068976,Gaussian,QC,"opt+freq: b3lyp/6-311G** em=gd3bj
energy: M062X/6-311G+(2d, p) em=gd3"
2304,c-c133+c-b36+c-b81,CCCc1cc[n+](CCc2ccccc2)cc1,pyridinium,-676.1812826,0.269264,0.331646,549.329912,-0.36954,-0.22185,4.6167,-675.9120186,-675.8496366,4.017168,Gaussian,QC,"opt+freq: b3lyp/6-311G** em=gd3bj
energy: M062X/6-311G+(2d, p) em=gd3"
2305,c-c133+c-b13+c-b31,N#CCCCC[n+]1ccc(CCC(F)(F)F)cc1,pyridinium,-913.7515502,0.21835,0.28697,604.265832,-0.439,-0.24015,6.4757,-913.5332002,-913.4645802,5.40872,Gaussian,QC,"opt+freq: b3lyp/6-311G** em=gd3bj
energy: M062X/6-311G+(2d, p) em=gd3"
2306,c-c111+c-b9+c-b18,CCC(=O)c1c(C(C)F)ccc2cccc[n+]12,pyridinium,-772.0127014,0.209726,0.27046,534.8198,-0.39893,-0.23342,7.2194,-771.8029753999999,-771.7422414,4.501872000000001,Gaussian,QC,"opt+freq: b3lyp/6-311G** em=gd3bj
energy: M062X/6-311G+(2d, p) em=gd3"
2307,c-c108+c-b28+c-b60,C=CCCCC[n+]1ccc(CCC=C)cc1,pyridinium,-639.2189893,0.279629,0.346304,587.144904,-0.35997,-0.22608,3.7643,-638.9393603,-638.8726853,3.641808,Gaussian,QC,"opt+freq: b3lyp/6-311G** em=gd3bj
energy: M062X/6-311G+(2d, p) em=gd3"
2308,c-c99+c-b10,CCC(=O)C[n+]1ccc(C)cc1,pyridinium,-519.1659343,0.174997,0.229758,482.2227360000001,-0.40479,-0.2298,3.741,-518.9909373,-518.9361763,4.759727999999999,Gaussian,QC,"opt+freq: b3lyp/6-311G** em=gd3bj
energy: M062X/6-311G+(2d, p) em=gd3"
2309,c-c111+c-b43+c-b81,CCCc1ccc2cccc[n+]2c1CC#N,pyridinium,-651.6857473,0.210393,0.2678,505.527616,-0.40602,-0.23308,5.1466,-651.4753543,-651.4179473,4.703968,Gaussian,QC,"opt+freq: b3lyp/6-311G** em=gd3bj
energy: M062X/6-311G+(2d, p) em=gd3"
2310,c-c133+c-b40+c-b86,CN(C)c1cc[n+](CCc2ccc(Cl)cc2Cl)cc1,pyridinium,-1611.4335407,0.236316,0.304625,601.525312,-0.35752,-0.18986,9.0431,-1611.1972247,-1611.1289157,4.560352,Gaussian,QC,"opt+freq: b3lyp/6-311G** em=gd3bj
energy: M062X/6-311G+(2d, p) em=gd3"
2311,c-c133+c-b18+c-b76,CCC(=O)c1cc[n+](CCOC)cc1,pyridinium,-633.6717185,0.205703,0.264983,522.0209440000001,-0.39738,-0.25363,5.0136,-633.4660155,-633.4067355,3.91,Gaussian,QC,"opt+freq: b3lyp/6-311G** em=gd3bj
energy: M062X/6-311G+(2d, p) em=gd3"
2312,c-c77+c-b3,Cc1cccc[n+]1CCC1CCCC1,pyridinium,-561.8658991,0.257207,0.313405,494.879336,-0.42391,-0.23116,6.5147,-561.6086921,-561.5524941,5.2428,Gaussian,QC,"opt+freq: b3lyp/6-311G** em=gd3bj
energy: M062X/6-311G+(2d, p) em=gd3"
2313,c-c133+c-b11+c-b24,Cc1ccccc1CC[n+]1ccc(C(F)(F)F)cc1,pyridinium,-934.6085624,0.215479,0.281655,582.743336,-0.36911,-0.25104,5.8483,-934.3930834,-934.3269074,3.211504,Gaussian,QC,"opt+freq: b3lyp/6-311G** em=gd3bj
energy: M062X/6-311G+(2d, p) em=gd3"
2314,c-c65+c-b50,C=Cc1ccc(-c2ccc[n+](C)c2)cc1,pyridinium,-596.3342784,0.193374,0.250034,498.950368,-0.33881,-0.2314,9.1924,-596.1409044000001,-596.0842444,2.921552,Gaussian,QC,"opt+freq: b3lyp/6-311G** em=gd3bj
energy: M062X/6-311G+(2d, p) em=gd3"
2315,c-c40+c-b47,Cc1ccc[n+](CC(=O)C(C)(C)C)c1,pyridinium,-597.7794621,0.227135,0.286588,523.54392,-0.398,-0.23216,5.4194,-597.5523271000001,-597.4928741,4.510848,Gaussian,QC,"opt+freq: b3lyp/6-311G** em=gd3bj
energy: M062X/6-311G+(2d, p) em=gd3"
2316,c-c133+c-b51+c-b76,COc1cc[n+](CCC2CCCCC2)cc1,pyridinium,-676.3942151,0.287849,0.348304,532.363792,-0.39954,-0.21233,6.5281,-676.1063661,-676.0459111,5.092112,Gaussian,QC,"opt+freq: b3lyp/6-311G** em=gd3bj
energy: M062X/6-311G+(2d, p) em=gd3"
2317,c-c33+c-b8,CC#CCc1cc[n+](CCCCCC)cc1,pyridinium,-639.2133498,0.277564,0.34628,605.111,-0.3719,-0.22485,3.6905,-638.9357858,-638.8670698,3.99976,Gaussian,QC,"opt+freq: b3lyp/6-311G** em=gd3bj
energy: M062X/6-311G+(2d, p) em=gd3"
2318,c-c111+c-b80+c-b81,CCCc1c(C(C)C)ccc2cccc[n+]12,pyridinium,-638.0656398,0.26662,0.325085,514.8370160000001,-0.38593,-0.21703,3.194,-637.7990198,-637.7405548,4.59408,Gaussian,QC,"opt+freq: b3lyp/6-311G** em=gd3bj
energy: M062X/6-311G+(2d, p) em=gd3"
2319,c-c111+c-b10+c-b78,CCCCCc1c(CC)ccc2cccc[n+]12,pyridinium,-677.3734551,0.2913,0.35411,553.10388,-0.38578,-0.217,4.1622,-677.0821551,-677.0193451,4.590816,Gaussian,QC,"opt+freq: b3lyp/6-311G** em=gd3bj
energy: M062X/6-311G+(2d, p) em=gd3"
2320,c-c133+c-b21+c-b74,CCCCCCCCCc1cc[n+](CCC(C)=O)cc1,pyridinium,-833.6158569,0.38107,0.461652,709.6064,-0.38231,-0.2203,12.8055,-833.2347869,-833.1542049000001,4.406671999999999,Gaussian,QC,"opt+freq: b3lyp/6-311G** em=gd3bj
energy: M062X/6-311G+(2d, p) em=gd3"
2321,c-c65+c-b16,C[n+]1cccc(CCCC#N)c1,pyridinium,-498.0773539,0.167856,0.220413,462.817344,-0.44319,-0.24325,8.834,-497.9094979,-497.8569409,5.438368,Gaussian,QC,"opt+freq: b3lyp/6-311G** em=gd3bj
energy: M062X/6-311G+(2d, p) em=gd3"
2322,c-c133+c-b16+c-b71,CCCCCCCC[n+]1ccc(CCCC#N)cc1,pyridinium,-773.2221171,0.348378,0.423101,658.009312,-0.40498,-0.22966,5.4608,-772.8737391,-772.7990161,4.768704,Gaussian,QC,"opt+freq: b3lyp/6-311G** em=gd3bj
energy: M062X/6-311G+(2d, p) em=gd3"
2323,c-c100+c-b16,C[n+]1ccc(CCCC#N)cc1,pyridinium,-498.0804084,0.167482,0.220427,466.231488,-0.44388,-0.24038,8.1031,-497.9129264,-497.8599814,5.5352,Gaussian,QC,"opt+freq: b3lyp/6-311G** em=gd3bj
energy: M062X/6-311G+(2d, p) em=gd3"
2324,c-c108+c-b38+c-b78,C#CCCCC[n+]1ccc(CCCCC)cc1,pyridinium,-678.5117516,0.305449,0.375453,616.453824,-0.37641,-0.22537,2.831,-678.2063026000001,-678.1362986,4.108288000000001,Gaussian,QC,"opt+freq: b3lyp/6-311G** em=gd3bj
energy: M062X/6-311G+(2d, p) em=gd3"
2325,c-c111+c-b10+c-b86,CCc1c(-c2ccc(Cl)cc2Cl)ccc2cccc[n+]12,pyridinium,-1631.0742118,0.210896,0.2763,575.94852,-0.36284,-0.22288,11.0999,-1630.8633158,-1630.7979118,3.806912,Gaussian,QC,"opt+freq: b3lyp/6-311G** em=gd3bj
energy: M062X/6-311G+(2d, p) em=gd3"
2326,c-c133+c-b28+c-b45,C=CCCc1cc[n+](CCC(=O)O)cc1,pyridinium,-671.8051302,0.210468,0.271569,538.045664,-0.37368,-0.22609,3.3761,-671.5946622,-671.5335612,4.014448,Gaussian,QC,"opt+freq: b3lyp/6-311G** em=gd3bj
energy: M062X/6-311G+(2d, p) em=gd3"
2327,c-c108+c-b16+c-b40,CN(C)c1cc[n+](CCCCCCC#N)cc1,pyridinium,-710.6603182,0.284814,0.354169,610.742664,-0.37882,-0.1949,10.7751,-710.3755042,-710.3061492,5.002624,Gaussian,QC,"opt+freq: b3lyp/6-311G** em=gd3bj
energy: M062X/6-311G+(2d, p) em=gd3"
2328,c-c108+c-b45+c-b68,CC(C)CCCCCC[n+]1ccc(C(=O)O)cc1,pyridinium,-790.9348561,0.310538,0.381246,622.6503280000001,-0.39704,-0.25752,8.557,-790.6243181000001,-790.5536101,3.794943999999999,Gaussian,QC,"opt+freq: b3lyp/6-311G** em=gd3bj
energy: M062X/6-311G+(2d, p) em=gd3"
2329,c-c108+c-b47+c-b78,CCCCCCCC[n+]1ccc(C(C)(C)C)cc1,pyridinium,-720.2919285,0.376998,0.449924,642.189608,-0.40204,-0.22165,6.1736,-719.9149305000001,-719.8420045,4.906607999999999,Gaussian,QC,"opt+freq: b3lyp/6-311G** em=gd3bj
energy: M062X/6-311G+(2d, p) em=gd3"
2330,c-c108+c-b30+c-b82,CCCCc1cc[n+](CCCCCCCC(C)C)cc1,pyridinium,-798.9004165,0.427643,0.508373,710.9118080000001,-0.38511,-0.22317,9.6498,-798.4727735,-798.3920435,4.404768,Gaussian,QC,"opt+freq: b3lyp/6-311G** em=gd3bj
energy: M062X/6-311G+(2d, p) em=gd3"
2331,c-c100+c-b30,CCCCc1cc[n+](C)cc1,pyridinium,-445.1473893,0.195889,0.248352,461.988912,-0.44112,-0.23395,6.2982,-444.9515003,-444.8990373,5.635024,Gaussian,QC,"opt+freq: b3lyp/6-311G** em=gd3bj
energy: M062X/6-311G+(2d, p) em=gd3"
2332,c-c133+c-b22+c-b74,CC(=O)CC[n+]1ccc(-c2ccc(Cl)cc2)cc1,pyridinium,-1170.4950836,0.21107,0.276322,574.605456,-0.36433,-0.22863,8.8081,-1170.2840136,-1170.2187616,3.69104,Gaussian,QC,"opt+freq: b3lyp/6-311G** em=gd3bj
energy: M062X/6-311G+(2d, p) em=gd3"
2333,c-c18+c-b1,c1cc[n+](CC23CC4CC(CC(C4)C2)C3)cc1,pyridinium,-677.4007806,0.303688,0.357335,472.419624,-0.39287,-0.23476,8.7461,-677.0970926,-677.0434455999999,4.300592,Gaussian,QC,"opt+freq: b3lyp/6-311G** em=gd3bj
energy: M062X/6-311G+(2d, p) em=gd3"
2334,c-c101+c-b56,CCCCCCCCC[n+]1ccccc1,pyridinium,-602.3620127,0.301267,0.364694,558.538896,-0.39611,-0.24004,12.2881,-602.0607457,-601.9973187,4.245104,Gaussian,QC,"opt+freq: b3lyp/6-311G** em=gd3bj
energy: M062X/6-311G+(2d, p) em=gd3"
2335,c-c25+c-b73,Cc1cccc[n+]1CCCCC(C)C,pyridinium,-563.0691919,0.275285,0.334602,522.343112,-0.4197,-0.23141,7.4829,-562.7939068999999,-562.7345899,5.121488,Gaussian,QC,"opt+freq: b3lyp/6-311G** em=gd3bj
energy: M062X/6-311G+(2d, p) em=gd3"
2336,c-c108+c-b27+c-b68,CC(C)CCCc1cc[n+](CCCC(C)C#N)cc1,pyridinium,-773.2309306,0.346284,0.42215,668.0802000000001,-0.41192,-0.21946,7.2743,-772.8846466,-772.8087806,5.234912,Gaussian,QC,"opt+freq: b3lyp/6-311G** em=gd3bj
energy: M062X/6-311G+(2d, p) em=gd3"
2337,c-c108+c-b19+c-b47,CC(C)(C)c1cc[n+](CCCCCCF)cc1,pyridinium,-740.9215754,0.316895,0.385986,608.4121759999999,-0.4188,-0.22433,6.0116,-740.6046804,-740.5355894,5.289584,Gaussian,QC,"opt+freq: b3lyp/6-311G** em=gd3bj
energy: M062X/6-311G+(2d, p) em=gd3"
2338,c-c99+c-b47,Cc1cc[n+](CC(=O)C(C)(C)C)cc1,pyridinium,-597.7819669,0.225966,0.286512,533.1629360000001,-0.39667,-0.22692,5.5002,-597.5560009000001,-597.4954549,4.6172,Gaussian,QC,"opt+freq: b3lyp/6-311G** em=gd3bj
energy: M062X/6-311G+(2d, p) em=gd3"
2339,c-c111+c-b29+c-b45,CC(C)c1ccc2cccc[n+]2c1C(=O)O,pyridinium,-708.7143148,0.197754,0.255117,505.1343200000001,-0.40283,-0.23238,3.9487,-708.5165608,-708.4591978,4.636240000000001,Gaussian,QC,"opt+freq: b3lyp/6-311G** em=gd3bj
energy: M062X/6-311G+(2d, p) em=gd3"
2340,c-c133+c-b40+c-b41,CN(C)c1cc[n+](CCC2COC(C)(C)O2)cc1,pyridinium,-806.972776,0.301106,0.369654,603.638232,-0.36234,-0.18743,8.5088,-806.67167,-806.603122,4.757552,Gaussian,QC,"opt+freq: b3lyp/6-311G** em=gd3bj
energy: M062X/6-311G+(2d, p) em=gd3"
2341,c-c108+c-b29+c-b46,Cc1ccc(CCC[n+]2ccc(C(C)C)cc2)cc1,pyridinium,-754.7961375,0.317731,0.388659,624.58752,-0.34668,-0.21738,5.4501,-754.4784065,-754.4074785,3.51696,Gaussian,QC,"opt+freq: b3lyp/6-311G** em=gd3bj
energy: M062X/6-311G+(2d, p) em=gd3"
2342,c-c28+c-b29,Cc1ccc[n+](CCCC(C)C)c1,pyridinium,-523.7632591,0.247337,0.305424,511.5107360000001,-0.43389,-0.23456,5.4151,-523.5159221,-523.4578351,5.421776,Gaussian,QC,"opt+freq: b3lyp/6-311G** em=gd3bj
energy: M062X/6-311G+(2d, p) em=gd3"
2343,c-c108+c-b10+c-b45,CCc1cc[n+](CCCC(=O)O)cc1,pyridinium,-633.7267587,0.207752,0.266117,513.96256,-0.40214,-0.22851,5.5535,-633.5190067,-633.4606417,4.722736,Gaussian,QC,"opt+freq: b3lyp/6-311G** em=gd3bj
energy: M062X/6-311G+(2d, p) em=gd3"
2344,c-c108+c-b43+c-b61,CCCCCCCCc1cc[n+](CCCCC#N)cc1,pyridinium,-812.5216872,0.372336,0.451997,701.4894400000001,-0.39476,-0.23119,6.6926,-812.1493512,-812.0696902,4.449103999999999,Gaussian,QC,"opt+freq: b3lyp/6-311G** em=gd3bj
energy: M062X/6-311G+(2d, p) em=gd3"
2345,c-c111+c-b10+c-b43,CCc1c(CC#N)ccc2cccc[n+]12,pyridinium,-612.3828758,0.185377,0.238972,471.959384,-0.40506,-0.23379,6.7632,-612.1974988,-612.1439038,4.658543999999999,Gaussian,QC,"opt+freq: b3lyp/6-311G** em=gd3bj
energy: M062X/6-311G+(2d, p) em=gd3"
2346,c-c111+c-b11+c-b37,CC(O)Cc1c(C(F)(F)F)ccc2cccc[n+]12,pyridinium,-932.4156825,0.191163,0.252098,536.5896319999999,-0.39776,-0.23872,8.3856,-932.2245195,-932.1635845,4.325888,Gaussian,QC,"opt+freq: b3lyp/6-311G** em=gd3bj
energy: M062X/6-311G+(2d, p) em=gd3"
2347,c-c108+c-b12+c-b28,C=CCCCCC[n+]1ccc(C(=O)C(C)(C)C)cc1,pyridinium,-793.0655132,0.333374,0.408507,661.6201040000001,-0.34969,-0.2493,4.1396,-792.7321392,-792.6570062000001,2.730608,Gaussian,QC,"opt+freq: b3lyp/6-311G** em=gd3bj
energy: M062X/6-311G+(2d, p) em=gd3"
2348,c-c145+c-b8,CC#CCOC[n+]1ccccc1,pyridinium,-517.8836936,0.152615,0.207658,484.708032,-0.38832,-0.24246,4.9331,-517.7310786,-517.6760356,3.967392,Gaussian,QC,"opt+freq: b3lyp/6-311G** em=gd3bj
energy: M062X/6-311G+(2d, p) em=gd3"
2349,c-c111+c-b11+c-b39,COCc1c(C(F)(F)F)ccc2cccc[n+]12,pyridinium,-893.0930641,0.165536,0.223287,508.552648,-0.41295,-0.24055,7.5127,-892.9275281,-892.8697771,4.689279999999999,Gaussian,QC,"opt+freq: b3lyp/6-311G** em=gd3bj
energy: M062X/6-311G+(2d, p) em=gd3"
2350,c-c133+c-b70+c-b74,CC(=O)CC[n+]1ccc(CCCS(=O)(=O)O)cc1,pyridinium,-1221.6089657,0.235037,0.306841,632.302816,-0.39225,-0.2289,12.831,-1221.3739287,-1221.3021247,4.44312,Gaussian,QC,"opt+freq: b3lyp/6-311G** em=gd3bj
energy: M062X/6-311G+(2d, p) em=gd3"
2351,c-c108+c-b6+c-b83,CCCCCCCCC[n+]1ccc(CCN)cc1,pyridinium,-736.3330323,0.366223,0.440716,655.98844,-0.36549,-0.2169,10.39,-735.9668093,-735.8923163000001,4.041647999999999,Gaussian,QC,"opt+freq: b3lyp/6-311G** em=gd3bj
energy: M062X/6-311G+(2d, p) em=gd3"
2352,c-c133+c-b40+c-b53,CN(C)c1cc[n+](CCc2cccnc2)cc1,pyridinium,-708.2659889,0.246539,0.30913,551.175056,-0.36309,-0.19095,5.4195,-708.0194499,-707.9568589,4.682208,Gaussian,QC,"opt+freq: b3lyp/6-311G** em=gd3bj
energy: M062X/6-311G+(2d, p) em=gd3"
2353,c-c18+c-b30,CCCCC[n+]1ccccc1,pyridinium,-445.1429276,0.198407,0.248797,443.725752,-0.44833,-0.2421,4.973,-444.9445206,-444.8941306,5.609456,Gaussian,QC,"opt+freq: b3lyp/6-311G** em=gd3bj
energy: M062X/6-311G+(2d, p) em=gd3"
2354,c-c136+c-b10,CCCCCCCC[n+]1ccc(CC)cc1,pyridinium,-641.6782758,0.325257,0.393162,597.964728,-0.40301,-0.22592,8.2057,-641.3530188000001,-641.2851138000001,4.816847999999999,Gaussian,QC,"opt+freq: b3lyp/6-311G** em=gd3bj
energy: M062X/6-311G+(2d, p) em=gd3"
2355,c-c108+c-b36+c-b40,CN(C)CCC[n+]1ccc(-c2ccccc2)cc1,pyridinium,-731.5019697,0.283647,0.348717,572.9988,-0.31283,-0.22734,2.9196,-731.2183227,-731.1532527,2.325328,Gaussian,QC,"opt+freq: b3lyp/6-311G** em=gd3bj
energy: M062X/6-311G+(2d, p) em=gd3"
2356,c-c133+c-b24+c-b35,CCC(C)c1cc[n+](CCc2ccccc2C)cc1,pyridinium,-754.7953363,0.318582,0.388594,616.5249520000001,-0.35839,-0.21659,4.2704,-754.4767543,-754.4067423,3.856959999999999,Gaussian,QC,"opt+freq: b3lyp/6-311G** em=gd3bj
energy: M062X/6-311G+(2d, p) em=gd3"
2357,c-c108+c-b29+c-b80,CC(C)CCC[n+]1ccc(C(C)C)cc1,pyridinium,-602.3779215,0.298007,0.363085,573.078296,-0.43192,-0.22469,3.7859,-602.0799145,-602.0148365,5.636656,Gaussian,QC,"opt+freq: b3lyp/6-311G** em=gd3bj
energy: M062X/6-311G+(2d, p) em=gd3"
2358,c-c111+c-b58+c-b73,CC(C)Cc1ccc2cccc[n+]2c1CC(=O)O,pyridinium,-787.3374352,0.249626,0.313077,558.748096,-0.39317,-0.22376,5.9043,-787.0878091999999,-787.0243581999999,4.607952000000001,Gaussian,QC,"opt+freq: b3lyp/6-311G** em=gd3bj
energy: M062X/6-311G+(2d, p) em=gd3"
2359,c-c108+c-b23+c-b60,C=CCCCC[n+]1ccc(-c2cccc(Cl)c2)cc1,pyridinium,-1173.8502344,0.260479,0.329177,604.956192,-0.35886,-0.23327,4.2543,-1173.5897554,-1173.5210574,3.416048,Gaussian,QC,"opt+freq: b3lyp/6-311G** em=gd3bj
energy: M062X/6-311G+(2d, p) em=gd3"
2360,c-c133+c-b43+c-b50,C=Cc1ccc(CC[n+]2ccc(CC#N)cc2)cc1,pyridinium,-767.1813556,0.241415,0.308328,589.241088,-0.33868,-0.23762,5.0268,-766.9399406,-766.8730276,2.748831999999999,Gaussian,QC,"opt+freq: b3lyp/6-311G** em=gd3bj
energy: M062X/6-311G+(2d, p) em=gd3"
2361,c-c136+c-b71,CCCCCCCC[n+]1ccc(CCCCCC)cc1,pyridinium,-798.898258,0.428186,0.509015,711.777896,-0.40175,-0.22181,4.2496,-798.4700720000001,-798.3892430000001,4.894367999999999,Gaussian,QC,"opt+freq: b3lyp/6-311G** em=gd3bj
energy: M062X/6-311G+(2d, p) em=gd3"
2362,c-c136+c-b78,CCCCCCCC[n+]1ccc(CCCCC)cc1,pyridinium,-759.5935421,0.401616,0.479992,690.175904,-0.40241,-0.22263,5.7543,-759.1919261,-759.1135501,4.890016,Gaussian,QC,"opt+freq: b3lyp/6-311G** em=gd3bj
energy: M062X/6-311G+(2d, p) em=gd3"
2363,c-c133+c-b50+c-b81,C=Cc1ccc(CC[n+]2ccc(CCC)cc2)cc1,pyridinium,-753.5676487,0.296294,0.365724,611.3953680000001,-0.33112,-0.21919,5.8468,-753.2713547,-753.2019247,3.044496000000001,Gaussian,QC,"opt+freq: b3lyp/6-311G** em=gd3bj
energy: M062X/6-311G+(2d, p) em=gd3"
2364,c-c133+c-b27+c-b79,CC(C#N)c1cc[n+](CCCCCO)cc1,pyridinium,-691.209804,0.247523,0.312585,572.93604,-0.37686,-0.23955,6.5164,-690.962281,-690.897219,3.734831999999999,Gaussian,QC,"opt+freq: b3lyp/6-311G** em=gd3bj
energy: M062X/6-311G+(2d, p) em=gd3"
2365,c-c108+c-b78+c-b81,CCCCCCCC[n+]1ccc(CCC)cc1,pyridinium,-680.9840896,0.35069,0.422044,628.344752,-0.40254,-0.22441,6.8992,-680.6333996,-680.5620455999999,4.845136,Gaussian,QC,"opt+freq: b3lyp/6-311G** em=gd3bj
energy: M062X/6-311G+(2d, p) em=gd3"
2366,c-c136+c-b40,CCCCCCCC[n+]1ccc(N(C)C)cc1,pyridinium,-697.032416,0.339524,0.411074,630.06856,-0.37473,-0.19029,9.7906,-696.692892,-696.621342,5.016768000000001,Gaussian,QC,"opt+freq: b3lyp/6-311G** em=gd3bj
energy: M062X/6-311G+(2d, p) em=gd3"
2367,c-c133+c-b4+c-b23,OCCCC[n+]1ccc(-c2cccc(Cl)c2)cc1,pyridinium,-1171.6901421,0.235329,0.300791,576.463152,-0.36656,-0.23176,6.0978,-1171.4548131,-1171.3893511,3.66656,Gaussian,QC,"opt+freq: b3lyp/6-311G** em=gd3bj
energy: M062X/6-311G+(2d, p) em=gd3"
2368,c-c108+c-b39+c-b45,COCc1cc[n+](CCCC(=O)O)cc1,pyridinium,-708.926433,0.210605,0.271633,537.41388,-0.39976,-0.23161,2.8079,-708.715828,-708.6548,4.57368,Gaussian,QC,"opt+freq: b3lyp/6-311G** em=gd3bj
energy: M062X/6-311G+(2d, p) em=gd3"
2369,c-c133+c-b29+c-b74,CC(=O)CC[n+]1ccc(C(C)C)cc1,pyridinium,-597.7889509,0.226519,0.287396,536.0833680000001,-0.38959,-0.22273,3.2434,-597.5624319,-597.5015549000001,4.538592,Gaussian,QC,"opt+freq: b3lyp/6-311G** em=gd3bj
energy: M062X/6-311G+(2d, p) em=gd3"
2370,c-c103+c-b30,CCCCCCC[n+]1ccccc1,pyridinium,-523.7527353,0.250022,0.306758,499.61144,-0.41779,-0.24072,8.5457,-523.5027133000001,-523.4459773000001,4.816304,Gaussian,QC,"opt+freq: b3lyp/6-311G** em=gd3bj
energy: M062X/6-311G+(2d, p) em=gd3"
2371,c-c70+c-b9,CCCCCC[n+]1ccc(C(C)F)c(C)c1,pyridinium,-701.6178008,0.290598,0.356708,582.165944,-0.4283,-0.23024,1.3243,-701.3272028,-701.2610928,5.387232,Gaussian,QC,"opt+freq: b3lyp/6-311G** em=gd3bj
energy: M062X/6-311G+(2d, p) em=gd3"
2372,c-c133+c-b45+c-b81,CCCCC[n+]1ccc(C(=O)O)cc1,pyridinium,-633.7133476,0.207957,0.2659,510.247168,-0.43475,-0.25929,3.5038,-633.5053906,-633.4474476,4.772512,Gaussian,QC,"opt+freq: b3lyp/6-311G** em=gd3bj
energy: M062X/6-311G+(2d, p) em=gd3"
2373,c-c111+c-b8+c-b27,CC#CCc1c(C(C)C#N)ccc2cccc[n+]12,pyridinium,-727.8330599,0.214779,0.278845,564.158008,-0.37797,-0.22837,7.7313,-727.6182809,-727.5542148999999,4.06912,Gaussian,QC,"opt+freq: b3lyp/6-311G** em=gd3bj
energy: M062X/6-311G+(2d, p) em=gd3"
2374,c-c133+c-b23+c-b27,CC(C#N)CC[n+]1ccc(-c2cccc(Cl)c2)cc1,pyridinium,-1188.7002511,0.227877,0.295111,592.05692,-0.37294,-0.24363,8.1357,-1188.4723741,-1188.4051401,3.517231999999999,Gaussian,QC,"opt+freq: b3lyp/6-311G** em=gd3bj
energy: M062X/6-311G+(2d, p) em=gd3"
2375,c-c111+c-b6+c-b9,CC(F)c1c(CCN)ccc2cccc[n+]12,pyridinium,-714.0489971,0.222346,0.279123,499.975448,-0.37124,-0.2225,3.4555,-713.8266510999999,-713.7698740999999,4.045728,Gaussian,QC,"opt+freq: b3lyp/6-311G** em=gd3bj
energy: M062X/6-311G+(2d, p) em=gd3"
2376,c-c111+c-b29+c-b65,CCC#CCc1ccc2cccc[n+]2c1C(C)C,pyridinium,-714.2106275,0.269264,0.336506,592.128048,-0.36643,-0.2171,5.4897,-713.9413635,-713.8741215,4.061776,Gaussian,QC,"opt+freq: b3lyp/6-311G** em=gd3bj
energy: M062X/6-311G+(2d, p) em=gd3"
2377,c-c108+c-b25+c-b30,CCCCCCC[n+]1ccc(N2CCC(C)CC2)cc1,pyridinium,-813.7594028,0.401187,0.476387,662.205864,-0.36347,-0.18247,3.5574,-813.3582157999999,-813.2830157999999,4.9232,Gaussian,QC,"opt+freq: b3lyp/6-311G** em=gd3bj
energy: M062X/6-311G+(2d, p) em=gd3"
2378,c-c28+c-b2,CCCCCCC(O)CCCC[n+]1cccc(C)c1,pyridinium,-795.5074711,0.377803,0.456422,692.313928,-0.36222,-0.23175,13.1643,-795.1296681,-795.0510491,3.548783999999999,Gaussian,QC,"opt+freq: b3lyp/6-311G** em=gd3bj
energy: M062X/6-311G+(2d, p) em=gd3"
2379,c-c103+c-b82,CC(C)CCCCCCC[n+]1ccccc1,pyridinium,-641.6689978,0.326768,0.393101,584.132424,-0.38769,-0.23997,13.9417,-641.3422298,-641.2758968,4.017983999999999,Gaussian,QC,"opt+freq: b3lyp/6-311G** em=gd3bj
energy: M062X/6-311G+(2d, p) em=gd3"
2380,c-c133+c-b79+c-b83,CCCCCCCC[n+]1ccc(CCCO)cc1,pyridinium,-756.2054443,0.355665,0.428426,640.7293920000001,-0.39405,-0.21966,6.6247,-755.8497792999999,-755.7770183,4.743408000000001,Gaussian,QC,"opt+freq: b3lyp/6-311G** em=gd3bj
energy: M062X/6-311G+(2d, p) em=gd3"
2381,c-c101+c-b4,OCCCC[n+]1ccccc1,pyridinium,-481.0573253,0.17606,0.225996,439.742584,-0.39576,-0.24056,4.3224,-480.8812653,-480.8313293,4.22144,Gaussian,QC,"opt+freq: b3lyp/6-311G** em=gd3bj
energy: M062X/6-311G+(2d, p) em=gd3"
2382,c-c108+c-b24+c-b39,COCc1cc[n+](CCCc2ccccc2C)cc1,pyridinium,-790.687843,0.297578,0.365676,599.6676160000001,-0.35666,-0.22189,3.4885,-790.390265,-790.322167,3.665743999999999,Gaussian,QC,"opt+freq: b3lyp/6-311G** em=gd3bj
energy: M062X/6-311G+(2d, p) em=gd3"
2383,c-c133+c-b10+c-b29,CCCC[n+]1ccc(C(C)C)cc1,pyridinium,-523.7659168,0.247775,0.30575600000000003,510.577704,-0.44508,-0.2263,2.0691,-523.5181418,-523.4601608,5.950815999999999,Gaussian,QC,"opt+freq: b3lyp/6-311G** em=gd3bj
energy: M062X/6-311G+(2d, p) em=gd3"
2384,c-c88+c-b56,CCCCCCCCCC[n+]1ccc(C)cc1,pyridinium,-680.9818421,0.350466,0.421963,629.599952,-0.38547,-0.2279,13.5813,-680.6313761,-680.5598791,4.285903999999999,Gaussian,QC,"opt+freq: b3lyp/6-311G** em=gd3bj
energy: M062X/6-311G+(2d, p) em=gd3"
2385,c-c133+c-b38+c-b78,C#CCCC[n+]1ccc(CCCCC)cc1,pyridinium,-639.2094936,0.280951,0.346521,577.404552,-0.3954,-0.22417,4.4569,-638.9285426,-638.8629725999999,4.657455999999999,Gaussian,QC,"opt+freq: b3lyp/6-311G** em=gd3bj
energy: M062X/6-311G+(2d, p) em=gd3"
2386,c-c133+c-b16+c-b73,CC(C)CCC[n+]1ccc(CCCC#N)cc1,pyridinium,-694.6149811,0.295987,0.364498,603.2993280000001,-0.43513,-0.23074,4.1196,-694.3189941,-694.2504831,5.559408,Gaussian,QC,"opt+freq: b3lyp/6-311G** em=gd3bj
energy: M062X/6-311G+(2d, p) em=gd3"
2387,c-c108+c-b9+c-b61,CCCCCCCCCCC[n+]1ccc(C(C)F)cc1,pyridinium,-858.8315511,0.393867,0.473138,698.05856,-0.37822,-0.23249,13.0324,-858.4376841,-858.3584131,3.963856,Gaussian,QC,"opt+freq: b3lyp/6-311G** em=gd3bj
energy: M062X/6-311G+(2d, p) em=gd3"
2388,c-c77+c-b18,CCC(=O)CC[n+]1ccccc1C,pyridinium,-558.4791227,0.203444,0.259198,490.963112,-0.38701,-0.22911,4.455,-558.2756787,-558.2199247,4.29488,Gaussian,QC,"opt+freq: b3lyp/6-311G** em=gd3bj
energy: M062X/6-311G+(2d, p) em=gd3"
2389,c-c84+c-b43,CCCC[n+]1ccc(CC#N)cc1,pyridinium,-537.3778543,0.193151,0.248715,489.289512,-0.45709,-0.24634,4.7027,-537.1847033,-537.1291393,5.732399999999999,Gaussian,QC,"opt+freq: b3lyp/6-311G** em=gd3bj
energy: M062X/6-311G+(2d, p) em=gd3"
2390,c-c108+c-b35+c-b71,CCCCCCCCC[n+]1ccc(C(C)CC)cc1,pyridinium,-759.5957233,0.401911,0.479586,684.00032,-0.39295,-0.22219,8.2191,-759.1938123,-759.1161373,4.644672000000001,Gaussian,QC,"opt+freq: b3lyp/6-311G** em=gd3bj
energy: M062X/6-311G+(2d, p) em=gd3"
2391,c-c103+c-b16,N#CCCCCCC[n+]1ccccc1,pyridinium,-576.6841239,0.220285,0.278774,515.058768,-0.4148,-0.24568,11.6755,-576.4638389,-576.4053499,4.600064,Gaussian,QC,"opt+freq: b3lyp/6-311G** em=gd3bj
energy: M062X/6-311G+(2d, p) em=gd3"
2392,c-c108+c-b40+c-b74,CC(=O)CCC[n+]1ccc(N(C)C)cc1,pyridinium,-653.1437239,0.243643,0.306204,550.911464,-0.36842,-0.18622,4.3736,-652.9000809,-652.8375199000001,4.95584,Gaussian,QC,"opt+freq: b3lyp/6-311G** em=gd3bj
energy: M062X/6-311G+(2d, p) em=gd3"
2393,c-c133+c-b38+c-b84,C#CCCC[n+]1ccc(CCCCCCCCC)cc1,pyridinium,-796.4282053,0.383731,0.462436,693.075416,-0.38503,-0.22308,10.7509,-796.0444742999999,-795.9657692999999,4.40504,Gaussian,QC,"opt+freq: b3lyp/6-311G** em=gd3bj
energy: M062X/6-311G+(2d, p) em=gd3"
2394,c-c77+c-b28,C=CCCCC[n+]1ccccc1C,pyridinium,-522.5300916,0.226848,0.28279,492.615792,-0.36007,-0.23425,6.3423,-522.3032436,-522.2473016,3.422304,Gaussian,QC,"opt+freq: b3lyp/6-311G** em=gd3bj
energy: M062X/6-311G+(2d, p) em=gd3"
2395,c-c108+c-b13+c-b24,Cc1ccccc1CCC[n+]1ccc(CCC#N)cc1,pyridinium,-807.7222719,0.291548,0.361148,612.8890560000001,-0.35654,-0.22672,6.5809,-807.4307239,-807.3611239,3.531104,Gaussian,QC,"opt+freq: b3lyp/6-311G** em=gd3bj
energy: M062X/6-311G+(2d, p) em=gd3"
2396,c-c99+c-b4,Cc1cc[n+](CC(=O)CCO)cc1,pyridinium,-594.3843187,0.179748,0.236271,497.745376,-0.39318,-0.23138,4.5194,-594.2045707,-594.1480477,4.40096,Gaussian,QC,"opt+freq: b3lyp/6-311G** em=gd3bj
energy: M062X/6-311G+(2d, p) em=gd3"
2397,c-c133+c-b10+c-b47,CCCC[n+]1ccc(C(C)(C)C)cc1,pyridinium,-563.0728365,0.274028,0.33397,527.8450720000001,-0.44062,-0.22426,2.454,-562.7988085,-562.7388665,5.884992,Gaussian,QC,"opt+freq: b3lyp/6-311G** em=gd3bj
energy: M062X/6-311G+(2d, p) em=gd3"
2398,c-c133+c-b6+c-b38,C#CCCC[n+]1ccc(CCN)cc1,pyridinium,-576.6444826,0.219491,0.278271,517.615192,-0.36728,-0.219,2.0997,-576.4249916,-576.3662115999999,4.033215999999999,Gaussian,QC,"opt+freq: b3lyp/6-311G** em=gd3bj
energy: M062X/6-311G+(2d, p) em=gd3"
2399,c-c65+c-b32,C[n+]1cccc(CCC(F)(F)C(F)(F)C(F)F)c1,pyridinium,-1079.9236315,0.170689,0.236147,576.417128,-0.44614,-0.23754,12.3159,-1079.7529425,-1079.6874845,5.673919999999999,Gaussian,QC,"opt+freq: b3lyp/6-311G** em=gd3bj
energy: M062X/6-311G+(2d, p) em=gd3"
2400,c-c18+c-b54,CCCCCCCCCCCC[n+]1ccccc1,pyridinium,-720.2757504,0.378956,0.451718,640.741944,-0.37306,-0.23961,18.2504,-719.8967944,-719.8240324,3.62984,Gaussian,QC,"opt+freq: b3lyp/6-311G** em=gd3bj
energy: M062X/6-311G+(2d, p) em=gd3"
2401,c-c108+c-b47+c-b83,CCCCCCCCC[n+]1ccc(C(C)(C)C)cc1,pyridinium,-759.5966281,0.402972,0.478949,669.0508880000001,-0.39256,-0.22119,7.9364,-759.1936561,-759.1176791,4.661264,Gaussian,QC,"opt+freq: b3lyp/6-311G** em=gd3bj
energy: M062X/6-311G+(2d, p) em=gd3"
2402,c-c111+c-b10+c-b80,CCc1ccc2cccc[n+]2c1C(C)C,pyridinium,-598.7615217,0.239403,0.296006,498.444104,-0.38862,-0.2187,2.4353,-598.5221187,-598.4655157,4.621824,Gaussian,QC,"opt+freq: b3lyp/6-311G** em=gd3bj
energy: M062X/6-311G+(2d, p) em=gd3"
2403,c-c108+c-b30+c-b56,CCCCCCCCCC[n+]1ccc(CCCC)cc1,pyridinium,-798.8979554,0.428047,0.508981,712.7025600000001,-0.38429,-0.22279,9.5139,-798.4699084,-798.3889744,4.392800000000001,Gaussian,QC,"opt+freq: b3lyp/6-311G** em=gd3bj
energy: M062X/6-311G+(2d, p) em=gd3"
2404,c-c99+c-b73,Cc1cc[n+](CC(=O)CC(C)C)cc1,pyridinium,-597.7799347,0.225434,0.286801,540.3887040000001,-0.40159,-0.22898,7.1978,-597.5545007000001,-597.4931337,4.694992,Gaussian,QC,"opt+freq: b3lyp/6-311G** em=gd3bj
energy: M062X/6-311G+(2d, p) em=gd3"
2405,c-c18+c-b25,CC1CCN(C[n+]2ccccc2)CC1,pyridinium,-577.8984044,0.247373,0.301828,479.532424,-0.36775,-0.22817,5.0582,-577.6510314,-577.5965764,3.796576,Gaussian,QC,"opt+freq: b3lyp/6-311G** em=gd3bj
energy: M062X/6-311G+(2d, p) em=gd3"
2406,c-c133+c-b38+c-b80,C#CCc1cc[n+](CCC(C)C)cc1,pyridinium,-560.5938961,0.228115,0.287532,523.225936,-0.39743,-0.23118,3.0275,-560.3657811,-560.3063641,4.522,Gaussian,QC,"opt+freq: b3lyp/6-311G** em=gd3bj
energy: M062X/6-311G+(2d, p) em=gd3"
2407,c-c133+c-b47+c-b58,CC(C)(C)CC[n+]1ccc(CC(=O)O)cc1,pyridinium,-712.3375264,0.25843,0.322389,563.216608,-0.4119,-0.22998,2.0793,-712.0790964,-712.0151374,4.948224,Gaussian,QC,"opt+freq: b3lyp/6-311G** em=gd3bj
energy: M062X/6-311G+(2d, p) em=gd3"
2408,c-c133+c-b13+c-b60,C=CCc1cc[n+](CCCCC#N)cc1,pyridinium,-614.7670682,0.221326,0.283545,547.903168,-0.39413,-0.2359,5.6369,-614.5457422000001,-614.4835232,4.303856,Gaussian,QC,"opt+freq: b3lyp/6-311G** em=gd3bj
energy: M062X/6-311G+(2d, p) em=gd3"
2409,c-c108+c-b4+c-b81,CCCCCC[n+]1ccc(CCO)cc1,pyridinium,-638.2895397,0.277376,0.341275,562.693608,-0.39971,-0.22175,3.7484,-638.0121637,-637.9482647,4.840512,Gaussian,QC,"opt+freq: b3lyp/6-311G** em=gd3bj
energy: M062X/6-311G+(2d, p) em=gd3"
2410,c-c111+c-b37+c-b76,COc1ccc2cccc[n+]2c1CC(C)O,pyridinium,-709.8881979,0.219966,0.277997,511.01284,-0.37179,-0.21956,4.9482,-709.6682319,-709.6102009,4.140656,Gaussian,QC,"opt+freq: b3lyp/6-311G** em=gd3bj
energy: M062X/6-311G+(2d, p) em=gd3"
2411,c-c133+c-b11+c-b23,FC(F)(F)c1cc[n+](CCc2cccc(Cl)c2)cc1,pyridinium,-1354.8994232,0.178942,0.245141,582.948352,-0.37019,-0.25692,7.1561,-1354.7204812,-1354.6542822,3.080944000000001,Gaussian,QC,"opt+freq: b3lyp/6-311G** em=gd3bj
energy: M062X/6-311G+(2d, p) em=gd3"
2412,c-c133+c-b25+c-b60,C=CCCC[n+]1ccc(N2CCC(C)CC2)cc1,pyridinium,-733.9196003,0.326119,0.394975,606.34528,-0.36218,-0.18471,1.546,-733.5934813,-733.5246252999999,4.827184,Gaussian,QC,"opt+freq: b3lyp/6-311G** em=gd3bj
energy: M062X/6-311G+(2d, p) em=gd3"
2413,c-c108+c-b61+c-b80,CCCCCCCCCCC[n+]1ccc(C(C)C)cc1,pyridinium,-798.89881,0.427182,0.508609,717.0497359999999,-0.37731,-0.22291,12.7086,-798.471628,-798.390201,4.199679999999999,Gaussian,QC,"opt+freq: b3lyp/6-311G** em=gd3bj
energy: M062X/6-311G+(2d, p) em=gd3"
2414,c-c133+c-b65+c-b71,CCC#CCc1cc[n+](CCCCCCCC)cc1,pyridinium,-757.1268815,0.353338,0.433413,705.1337040000001,-0.36798,-0.22355,4.5211,-756.7735435,-756.6934685,3.928495999999999,Gaussian,QC,"opt+freq: b3lyp/6-311G** em=gd3bj
energy: M062X/6-311G+(2d, p) em=gd3"
2415,c-c133+c-b28+c-b39,C=CCCc1cc[n+](CCCOC)cc1,pyridinium,-637.0495286,0.254524,0.317557,555.0661759999999,-0.37117,-0.22167,2.8518,-636.7950046000001,-636.7319716000001,4.0664,Gaussian,QC,"opt+freq: b3lyp/6-311G** em=gd3bj
energy: M062X/6-311G+(2d, p) em=gd3"
2416,c-c112+c-b21+c-b39+c-b76,CCCCCCCCC[N+](C)(COC)OC,quaternaryammonium,-718.2185355,0.3627,0.436154,646.8338480000001,-0.39099,-0.13425,12.0572,-717.8558355,-717.7823815,6.983327999999999,Gaussian,QC,"opt+freq: b3lyp/6-311G** em=gd3bj
energy: M062X/6-311G+(2d, p) em=gd3"
2417,c-c58+c-b10+c-b40+c-b45+c-b76,CC[N+](OC)(C(=O)O)N(C)C,quaternaryammonium,-572.4320733,0.178832,0.232259,470.474064,-0.41807,-0.19446,1.6074,-572.2532412999999,-572.1998143,6.082192,Gaussian,QC,"opt+freq: b3lyp/6-311G** em=gd3bj
energy: M062X/6-311G+(2d, p) em=gd3"
2418,c-c58+c-b10+c-b12+c-b16+c-b74,CC[N+](CCCC#N)(C(C)=O)C(=O)C(C)(C)C,quaternaryammonium,-768.8258178,0.285177,0.359156,651.4488,-0.4336,-0.21164,4.488,-768.5406408,-768.4666618,6.037312,Gaussian,QC,"opt+freq: b3lyp/6-311G** em=gd3bj
energy: M062X/6-311G+(2d, p) em=gd3"
2419,c-c37+c-b21+c-b83,CCCCCCCCC[N+](C)(C)CCCCCC,quaternaryammonium,-725.0729627,0.466146,0.542981,676.607192,-0.39698,-0.11512,10.5338,-724.6068167,-724.5299816999999,7.666592,Gaussian,QC,"opt+freq: b3lyp/6-311G** em=gd3bj
energy: M062X/6-311G+(2d, p) em=gd3"
2420,c-c58+c-b10+c-b40+c-b46+c-b77,CC[N+](CC(F)(F)F)(c1ccc(C)cc1)N(C)C,quaternaryammonium,-916.0858408,0.264228,0.330707,585.416912,-0.38552,-0.15941,4.7507,-915.8216128,-915.7551338000001,6.150192,Gaussian,QC,"opt+freq: b3lyp/6-311G** em=gd3bj
energy: M062X/6-311G+(2d, p) em=gd3"
2421,c-c58+c-b6+c-b36+c-b60+c-b76,C=CC[N+](CCN)(OC)c1ccccc1,quaternaryammonium,-653.0183698,0.245932,0.305769,526.9245920000001,-0.37756,-0.15957,2.0857,-652.7724377999999,-652.7126007999999,5.929328,Gaussian,QC,"opt+freq: b3lyp/6-311G** em=gd3bj
energy: M062X/6-311G+(2d, p) em=gd3"
2422,c-c4+c-b32+c-b45+c-b76,COC[N+](CCC(F)(F)C(F)(F)C(F)F)(OC)C(=O)O,quaternaryammonium,-1305.7153054,0.19023,0.266728,673.632368,-0.44052,-0.21268,12.8832,-1305.5250754,-1305.4485774,6.197248,Gaussian,QC,"opt+freq: b3lyp/6-311G** em=gd3bj
energy: M062X/6-311G+(2d, p) em=gd3"
2423,c-c4+c-b38+c-b40+c-b75,C#CC[N+](COC)(c1c(Cl)cccc1Cl)N(C)C,quaternaryammonium,-1610.2441667,0.225173,0.293878,605.010584,-0.37829,-0.17887,3.2739,-1610.0189937,-1609.9502887,5.424224000000001,Gaussian,QC,"opt+freq: b3lyp/6-311G** em=gd3bj
energy: M062X/6-311G+(2d, p) em=gd3"
2424,c-c58+c-b29+c-b30+c-b36+c-b80,CCCC[N+](c1ccccc1)(C(C)C)C(C)C,quaternaryammonium,-680.9436179,0.356264,0.422255,581.111576,-0.39353,-0.15581,1.5457,-680.5873539,-680.5213629000001,6.465984,Gaussian,QC,"opt+freq: b3lyp/6-311G** em=gd3bj
energy: M062X/6-311G+(2d, p) em=gd3"
2425,c-c142+c-b22+c-b36+c-b39,COC[NH+](c1ccccc1)c1ccc(Cl)cc1,quaternaryammonium,-1132.346726,0.209171,0.271514,548.991008,-0.38483,-0.17487,4.9598,-1132.137555,-1132.075212,5.710912,Gaussian,QC,"opt+freq: b3lyp/6-311G** em=gd3bj
energy: M062X/6-311G+(2d, p) em=gd3"
2426,c-c4+c-b43+c-b63+c-b80,COC[N+](CC#N)(c1ccc2ccccc2c1)C(C)C,quaternaryammonium,-844.7887598,0.291192,0.359633,602.692648,-0.34973,-0.18223,5.613,-844.4975678,-844.4291268,4.555999999999999,Gaussian,QC,"opt+freq: b3lyp/6-311G** em=gd3bj
energy: M062X/6-311G+(2d, p) em=gd3"
2427,c-c112+c-b45+c-b46+c-b83,CCCCCC[N+](C)(C(=O)O)c1ccc(C)cc1,quaternaryammonium,-790.9060092,0.308958,0.380384,628.976536,-0.38637,-0.17612,3.2104,-790.5970512,-790.5256251999999,5.7188,Gaussian,QC,"opt+freq: b3lyp/6-311G** em=gd3bj
energy: M062X/6-311G+(2d, p) em=gd3"
2428,c-c112+c-b16+c-b23+c-b68,CC(C)CCC[N+](C)(CCCC#N)c1cccc(Cl)c1,quaternaryammonium,-1232.7916776,0.3403,0.41507,658.41516,-0.38604,-0.17376,7.6959,-1232.4513776,-1232.3766076,5.774016,Gaussian,QC,"opt+freq: b3lyp/6-311G** em=gd3bj
energy: M062X/6-311G+(2d, p) em=gd3"
2429,c-c4+c-b3+c-b43+c-b51,COC[N+](CC#N)(C1CCCCC1)C1CCCC1,quaternaryammonium,-772.2007689,0.352176,0.418774,586.454544,-0.42735,-0.14677,3.2916,-771.8485929,-771.7819949,7.631775999999999,Gaussian,QC,"opt+freq: b3lyp/6-311G** em=gd3bj
energy: M062X/6-311G+(2d, p) em=gd3"
2430,c-c58+c-b30+c-b46+c-b76+c-b83,CCCCCC[N+](CCCC)(OC)c1ccc(C)cc1,quaternaryammonium,-834.7363709,0.404976,0.483787,694.008448,-0.38021,-0.1504,2.9326,-834.3313949,-834.2525839,6.250831999999999,Gaussian,QC,"opt+freq: b3lyp/6-311G** em=gd3bj
energy: M062X/6-311G+(2d, p) em=gd3"
2431,c-c58+c-b3+c-b8+c-b75+c-b76,CC#CC[N+](OC)(c1c(Cl)cccc1Cl)C1CCCC1,quaternaryammonium,-1671.6213308,0.269329,0.341825,638.3947200000001,-0.385,-0.18619,1.7987,-1671.3520018,-1671.2795058,5.407632,Gaussian,QC,"opt+freq: b3lyp/6-311G** em=gd3bj
energy: M062X/6-311G+(2d, p) em=gd3"
2432,c-c58+c-b6+c-b46+c-b76+c-b78,CCCCC[N+](CCN)(OC)c1ccc(C)cc1,quaternaryammonium,-772.1703627,0.343763,0.415533,632.005752,-0.37265,-0.15202,3.5117,-771.8265997000001,-771.7548297000001,6.001136,Gaussian,QC,"opt+freq: b3lyp/6-311G** em=gd3bj
energy: M062X/6-311G+(2d, p) em=gd3"
2433,c-c58+c-b10+c-b29+c-b39+c-b43,CC[N+](CC#N)(COC)C(C)C,quaternaryammonium,-538.7580426,0.229185,0.286995,509.06728,-0.44396,-0.15971,2.8926,-538.5288575999999,-538.4710475999999,7.7316,Gaussian,QC,"opt+freq: b3lyp/6-311G** em=gd3bj
energy: M062X/6-311G+(2d, p) em=gd3"
2434,c-c112+c-b30+c-b69+c-b81,CCCCCCCCCC[N+](C)(CCC)CCCC,quaternaryammonium,-764.3760617,0.490306,0.571756,717.250568,-0.3851,-0.11004,11.4348,-763.8857557,-763.8043057,7.481631999999999,Gaussian,QC,"opt+freq: b3lyp/6-311G** em=gd3bj
energy: M062X/6-311G+(2d, p) em=gd3"
2435,c-c4+c-b40+c-b48+c-b80,COC[N+](c1cccc(C)c1)(C(C)C)N(C)C,quaternaryammonium,-732.8557459,0.318201,0.385345,591.26196,-0.37863,-0.15711,1.7672,-732.5375449,-732.4704009,6.025344,Gaussian,QC,"opt+freq: b3lyp/6-311G** em=gd3bj
energy: M062X/6-311G+(2d, p) em=gd3"
2436,c-c58+c-b29+c-b71+c-b76+c-b83,CCCCCC[N+](CCCCCC)(OC)C(C)C,quaternaryammonium,-760.9309014,0.438978,0.517392,690.510624,-0.42057,-0.13042,4.7146,-760.4919234,-760.4135094000001,7.89208,Gaussian,QC,"opt+freq: b3lyp/6-311G** em=gd3bj
energy: M062X/6-311G+(2d, p) em=gd3"
2437,c-c4+c-b11+c-b38+c-b75,C#CC[N+](COC)(c1c(Cl)cccc1Cl)C(F)(F)F,quaternaryammonium,-1813.3610697,0.151091,0.22498,650.6622080000001,-0.3806,-0.28031,9.2955,-1813.2099787,-1813.1360897,2.727888,Gaussian,QC,"opt+freq: b3lyp/6-311G** em=gd3bj
energy: M062X/6-311G+(2d, p) em=gd3"
2438,c-c58+c-b13+c-b30+c-b38+c-b47,C#CC[N+](CCC#N)(CCCC)C(C)(C)C,quaternaryammonium,-657.6008018,0.312903,0.379335,584.9985120000001,-0.43298,-0.14372,5.3324,-657.2878988,-657.2214668,7.867871999999998,Gaussian,QC,"opt+freq: b3lyp/6-311G** em=gd3bj
energy: M062X/6-311G+(2d, p) em=gd3"
2439,c-c142+c-b20+c-b27+c-b74,CC(=O)[NH+](c1ccc(Cl)c(Cl)c1)C(C)C#N,quaternaryammonium,-1530.5340051,0.14541,0.211491,581.9023520000001,-0.39162,-0.30827,8.5594,-1530.3885951,-1530.3225141,2.267120000000001,Gaussian,QC,"opt+freq: b3lyp/6-311G** em=gd3bj
energy: M062X/6-311G+(2d, p) em=gd3"
2440,c-c112+c-b75+c-b80+c-b83,CCCCCC[N+](C)(c1c(Cl)cccc1Cl)C(C)C,quaternaryammonium,-1600.1330717,0.333124,0.406065,642.310944,-0.39047,-0.18693,3.3484,-1599.7999477,-1599.7270067,5.536287999999999,Gaussian,QC,"opt+freq: b3lyp/6-311G** em=gd3bj
energy: M062X/6-311G+(2d, p) em=gd3"
2441,c-c58+c-b18+c-b29+c-b45+c-b75,CCC(=O)[N+](C(=O)O)(c1c(Cl)cccc1Cl)C(C)C,quaternaryammonium,-1705.4871674,0.217804,0.286958,608.972832,-0.39517,-0.19606,2.2424,-1705.2693634,-1705.2002094,5.415792,Gaussian,QC,"opt+freq: b3lyp/6-311G** em=gd3bj
energy: M062X/6-311G+(2d, p) em=gd3"
2442,c-c58+c-b16+c-b28+c-b45+c-b58,C=CCC[N+](CCCC#N)(CC(=O)O)C(=O)O,quaternaryammonium,-839.4716406,0.22779,0.293066,574.814656,-0.39493,-0.18093,2.4312,-839.2438506,-839.1785746,5.820799999999999,Gaussian,QC,"opt+freq: b3lyp/6-311G** em=gd3bj
energy: M062X/6-311G+(2d, p) em=gd3"
2443,c-c142+c-b28+c-b46+c-b73,C=CCC[NH+](CC(C)C)c1ccc(C)cc1,quaternaryammonium,-640.4488409,0.30256,0.369513,589.58836,-0.38556,-0.15694,2.4086,-640.1462809000001,-640.0793279000001,6.218464,Gaussian,QC,"opt+freq: b3lyp/6-311G** em=gd3bj
energy: M062X/6-311G+(2d, p) em=gd3"
2444,c-c85+c-b8+c-b44,CC#CCOC[N+](C)(C)CCC(C)C,quaternaryammonium,-601.3026271,0.287945,0.355654,596.245104,-0.38542,-0.11515,4.9978,-601.0146821,-600.9469731,7.351344,Gaussian,QC,"opt+freq: b3lyp/6-311G** em=gd3bj
energy: M062X/6-311G+(2d, p) em=gd3"
2445,c-c58+c-b16+c-b29+c-b31+c-b79,CC(C)[N+](CCCO)(CCCC#N)CCC(F)(F)F,quaternaryammonium,-993.7560891,0.311017,0.384685,648.716648,-0.41826,-0.11789,4.3732,-993.4450721000001,-993.3714041000001,8.170064,Gaussian,QC,"opt+freq: b3lyp/6-311G** em=gd3bj
energy: M062X/6-311G+(2d, p) em=gd3"
2446,c-c58+c-b13+c-b18+c-b76+c-b84,CCCCCCCCC[N+](CCC#N)(OC)C(=O)CC,quaternaryammonium,-887.8723409,0.388985,0.470518,717.9869520000001,-0.39516,-0.21375,6.2156,-887.4833559,-887.4018229000001,4.934352000000001,Gaussian,QC,"opt+freq: b3lyp/6-311G** em=gd3bj
energy: M062X/6-311G+(2d, p) em=gd3"
2447,c-c58+c-b4+c-b30+c-b43+c-b80,CCCC[N+](CC#N)(CCO)C(C)C,quaternaryammonium,-617.3756044,0.28412,0.345605,541.438888,-0.43209,-0.1541,3.4001,-617.0914844,-617.0299994000001,7.561327999999999,Gaussian,QC,"opt+freq: b3lyp/6-311G** em=gd3bj
energy: M062X/6-311G+(2d, p) em=gd3"
2448,c-c112+c-b3+c-b22+c-b80,CC(C)[N+](C)(c1ccc(Cl)cc1)C1CCCC1,quaternaryammonium,-1100.0467681,0.30183,0.363581,543.7819280000001,-0.38136,-0.16711,6.2331,-1099.7449381,-1099.6831871,5.827599999999999,Gaussian,QC,"opt+freq: b3lyp/6-311G** em=gd3bj
energy: M062X/6-311G+(2d, p) em=gd3"
2449,c-c58+c-b24+c-b27+c-b60+c-b80,C=CC[N+](c1ccccc1C)(C(C)C)C(C)C#N,quaternaryammonium,-732.6361527,0.303389,0.369233,579.822904,-0.39172,-0.16431,4.2373,-732.3327637,-732.2669197,6.185551999999999,Gaussian,QC,"opt+freq: b3lyp/6-311G** em=gd3bj
energy: M062X/6-311G+(2d, p) em=gd3"
2450,c-c58+c-b29+c-b68+c-b76+c-b79,CO[N+](CCCO)(CCCC(C)C)C(C)C,quaternaryammonium,-718.2334009,0.366447,0.436399,615.9977680000001,-0.41374,-0.11411,4.3708,-717.8669539,-717.7970018999999,8.149936,Gaussian,QC,"opt+freq: b3lyp/6-311G** em=gd3bj
energy: M062X/6-311G+(2d, p) em=gd3"
2451,c-c112+c-b31+c-b37+c-b80,CC(O)C[N+](C)(CCC(F)(F)F)C(C)C,quaternaryammonium,-822.912988,0.261562,0.324622,555.304664,-0.42895,-0.11805,5.9492,-822.651426,-822.5883660000001,8.45648,Gaussian,QC,"opt+freq: b3lyp/6-311G** em=gd3bj
energy: M062X/6-311G+(2d, p) em=gd3"
2452,c-c112+c-b28+c-b72+c-b83,C=CCC[N+](C)(CCCCCC)CC(C)CC,quaternaryammonium,-684.54128,0.415059,0.489968,659.64944,-0.39084,-0.13067,3.2183,-684.126221,-684.051312,7.076624,Gaussian,QC,"opt+freq: b3lyp/6-311G** em=gd3bj
energy: M062X/6-311G+(2d, p) em=gd3"
2453,c-c58+c-b3+c-b28+c-b40+c-b60,C=CCC[N+](CC=C)(C1CCCC1)N(C)C,quaternaryammonium,-658.7988433,0.337611,0.403596,581.069736,-0.3858,-0.14497,2.5566,-658.4612323,-658.3952473,6.550576,Gaussian,QC,"opt+freq: b3lyp/6-311G** em=gd3bj
energy: M062X/6-311G+(2d, p) em=gd3"
2454,c-c142+c-b36+c-b38+c-b71,C#CC[NH+](CCCCCC)c1ccccc1,quaternaryammonium,-639.1832744,0.282586,0.347176,568.77296,-0.40404,-0.16618,4.5602,-638.9006883999999,-638.8360984,6.469792,Gaussian,QC,"opt+freq: b3lyp/6-311G** em=gd3bj
energy: M062X/6-311G+(2d, p) em=gd3"
2455,c-c58+c-b16+c-b18+c-b30+c-b78,CCCCC[N+](CCCC)(CCCC#N)C(=O)CC,quaternaryammonium,-812.7155259,0.390065,0.467012,677.5946160000001,-0.4388,-0.19923,4.6425,-812.3254608999999,-812.2485139,6.516304000000001,Gaussian,QC,"opt+freq: b3lyp/6-311G** em=gd3bj
energy: M062X/6-311G+(2d, p) em=gd3"
2456,c-c112+c-b29+c-b46+c-b68,Cc1ccc([N+](C)(CCCC(C)C)C(C)C)cc1,quaternaryammonium,-720.2624946,0.377971,0.450234,636.3529280000001,-0.37936,-0.14951,1.9899,-719.8845236,-719.8122606,6.251919999999999,Gaussian,QC,"opt+freq: b3lyp/6-311G** em=gd3bj
energy: M062X/6-311G+(2d, p) em=gd3"
2457,c-c58+c-b45+c-b60+c-b76+c-b78,C=CC[N+](CCCCC)(OC)C(=O)O,quaternaryammonium,-673.1209001,0.244919,0.307651,552.4135200000001,-0.43354,-0.1729,4.2646,-672.8759811,-672.8132491,7.089408,Gaussian,QC,"opt+freq: b3lyp/6-311G** em=gd3bj
energy: M062X/6-311G+(2d, p) em=gd3"
2458,c-c58+c-b6+c-b13+c-b24+c-b39,COC[N+](CCN)(CCC#N)c1ccccc1C,quaternaryammonium,-785.8269226,0.293467,0.360659,591.6887280000001,-0.38163,-0.16668,3.9105,-785.5334556,-785.4662635999999,5.846640000000001,Gaussian,QC,"opt+freq: b3lyp/6-311G** em=gd3bj
energy: M062X/6-311G+(2d, p) em=gd3"
2459,c-c135+c-b54+c-b86,CCCCCCCCCCC[NH2+]c1ccc(Cl)cc1Cl,quaternaryammonium,-1639.4690689,0.356767,0.436657,703.506128,-0.38402,-0.18967,12.227,-1639.1123019,-1639.0324119,5.286319999999999,Gaussian,QC,"opt+freq: b3lyp/6-311G** em=gd3bj
energy: M062X/6-311G+(2d, p) em=gd3"
2460,c-c112+c-b27+c-b29+c-b84,CCCCCCCCC[N+](C)(C(C)C)C(C)C#N,quaternaryammonium,-738.6837443,0.409304,0.48426400000000003,660.097128,-0.39439,-0.14858,11.3802,-738.2744402999999,-738.1994802999999,6.686032000000001,Gaussian,QC,"opt+freq: b3lyp/6-311G** em=gd3bj
energy: M062X/6-311G+(2d, p) em=gd3"
2461,c-c112+c-b16+c-b20+c-b60,C=CC[N+](C)(CCCC#N)c1ccc(Cl)c(Cl)c1,quaternaryammonium,-1573.243012,0.229412,0.296729,592.793304,-0.38781,-0.18062,9.524,-1573.0136,-1572.946283,5.635567999999999,Gaussian,QC,"opt+freq: b3lyp/6-311G** em=gd3bj
energy: M062X/6-311G+(2d, p) em=gd3"
2462,c-c4+c-b3+c-b29+c-b60,C=CC[N+](COC)(C(C)C)C1CCCC1,quaternaryammonium,-640.6349228,0.323516,0.386734,556.697936,-0.40752,-0.14511,0.8609,-640.3114068,-640.2481888,7.137552,Gaussian,QC,"opt+freq: b3lyp/6-311G** em=gd3bj
energy: M062X/6-311G+(2d, p) em=gd3"
2463,c-c142+c-b21+c-b37+c-b79,CCCCCCCCC[NH+](CCCO)CC(C)O,quaternaryammonium,-796.9208982,0.41803,0.496874,694.297144,-0.39933,-0.11904,6.6783,-796.5028682,-796.4240242,7.623888000000001,Gaussian,QC,"opt+freq: b3lyp/6-311G** em=gd3bj
energy: M062X/6-311G+(2d, p) em=gd3"
2464,c-c142+c-b3+c-b53+c-b79,OCCC[NH+](c1cccnc1)C1CCCC1,quaternaryammonium,-692.4127067,0.276893,0.338215,540.003776,-0.39598,-0.17932,4.2936,-692.1358137,-692.0744917,5.893152,Gaussian,QC,"opt+freq: b3lyp/6-311G** em=gd3bj
energy: M062X/6-311G+(2d, p) em=gd3"
2465,c-c85+c-b12+c-b84,CCCCCCCCC[N+](C)(C)COC(=O)C(C)(C)C,quaternaryammonium,-874.3422848,0.446058,0.529137,731.584952,-0.39711,-0.14103,8.2283,-873.8962268,-873.8131478,6.965376000000001,Gaussian,QC,"opt+freq: b3lyp/6-311G** em=gd3bj
energy: M062X/6-311G+(2d, p) em=gd3"
2466,c-c127+c-b28+c-b37,C=CCCC(=O)C([NH3+])CCC(C)O,quaternaryammonium,-597.9497269,0.243403,0.304285,536.1335760000001,-0.37512,-0.1918,10.0758,-597.7063239,-597.6454418999999,4.986304000000001,Gaussian,QC,"opt+freq: b3lyp/6-311G** em=gd3bj
energy: M062X/6-311G+(2d, p) em=gd3"
2467,c-c112+c-b11+c-b23+c-b24,Cc1ccccc1[N+](C)(c1cccc(Cl)c1)C(F)(F)F,quaternaryammonium,-1394.1552779,0.207923,0.272609,569.618128,-0.38955,-0.17791,4.985,-1393.9473549,-1393.8826689,5.756608,Gaussian,QC,"opt+freq: b3lyp/6-311G** em=gd3bj
energy: M062X/6-311G+(2d, p) em=gd3"
2468,c-c142+c-b8+c-b11+c-b46,CC#CC[NH+](c1ccc(C)cc1)C(F)(F)F,quaternaryammonium,-819.0115695,0.172714,0.238476,579.099072,-0.39855,-0.17178,2.8011,-818.8388554999999,-818.7730935,6.168144000000001,Gaussian,QC,"opt+freq: b3lyp/6-311G** em=gd3bj
energy: M062X/6-311G+(2d, p) em=gd3"
2469,c-c112+c-b28+c-b53+c-b76,C=CCC[N+](C)(OC)c1cccnc1,quaternaryammonium,-613.6941543,0.218223,0.275551,504.8247040000001,-0.39862,-0.18726,4.8322,-613.4759313000001,-613.4186033000001,5.748991999999999,Gaussian,QC,"opt+freq: b3lyp/6-311G** em=gd3bj
energy: M062X/6-311G+(2d, p) em=gd3"
2470,c-c58+c-b23+c-b29+c-b35+c-b45,CCC(C)[N+](C(=O)O)(c1cccc(Cl)c1)C(C)C,quaternaryammonium,-1211.1961641,0.27659,0.343492,589.144856,-0.38548,-0.18448,5.1681,-1210.9195741,-1210.8526721,5.467199999999999,Gaussian,QC,"opt+freq: b3lyp/6-311G** em=gd3bj
energy: M062X/6-311G+(2d, p) em=gd3"
2471,c-c115+c-b23+c-b73,CC(C)C[NH2+]c1cccc(Cl)c1,quaternaryammonium,-904.737734,0.186466,0.241083,480.963352,-0.39518,-0.18044,5.8537,-904.551268,-904.496651,5.840928,Gaussian,QC,"opt+freq: b3lyp/6-311G** em=gd3bj
energy: M062X/6-311G+(2d, p) em=gd3"
2472,c-c58+c-b16+c-b43+c-b60+c-b61,C=CC[N+](CC#N)(CCCC#N)CCCCCCCC,quaternaryammonium,-829.6981833,0.382828,0.462432,700.991544,-0.39903,-0.17479,7.488,-829.3153553,-829.2357513,6.099328,Gaussian,QC,"opt+freq: b3lyp/6-311G** em=gd3bj
energy: M062X/6-311G+(2d, p) em=gd3"
2473,c-c130+c-b10+c-b39+c-b75,CCC1CCC[N+]1(COC)c1c(Cl)cccc1Cl,pyrrolidium,-1595.5294729,0.267266,0.331885,569.024,-0.38606,-0.18345,2.868,-1595.2622069,-1595.1975879,5.510992,Gaussian,QC,"opt+freq: b3lyp/6-311G** em=gd3bj
energy: M062X/6-311G+(2d, p) em=gd3"
2474,c-c139+c-b2+c-b60,C=CC[N+]1(CC(O)CCCCCC)CCCC1,pyrrolidium,-719.2701555,0.37507,0.445153,617.144184,-0.40564,-0.14511,6.2512,-718.8950854999999,-718.8250025,7.086416000000001,Gaussian,QC,"opt+freq: b3lyp/6-311G** em=gd3bj
energy: M062X/6-311G+(2d, p) em=gd3"
2475,c-c130+c-b24+c-b47+c-b80,Cc1ccccc1[N+]1(C(C)C)CCCC1C(C)(C)C,pyrrolidium,-758.3490833,0.391388,0.457722,584.136608,-0.37824,-0.14837,1.9252,-757.9576953,-757.8913613,6.252464000000001,Gaussian,QC,"opt+freq: b3lyp/6-311G** em=gd3bj
energy: M062X/6-311G+(2d, p) em=gd3"
2476,c-c130+c-b28+c-b74+c-b81,C=CCC[N+]1(C(C)=O)CCCC1CCC,pyrrolidium,-639.4492411,0.298488,0.362693,565.38392,-0.39793,-0.19908,4.725,-639.1507531,-639.0865481,5.40872,Gaussian,QC,"opt+freq: b3lyp/6-311G** em=gd3bj
energy: M062X/6-311G+(2d, p) em=gd3"
2477,c-c139+c-b41+c-b44,CC(C)CC[N+]1(C2COC(C)(C)O2)CCCC1,pyrrolidium,-755.209486,0.354895,0.420662,579.14928,-0.40371,-0.1066,2.1043,-754.8545909999999,-754.788824,8.081392,Gaussian,QC,"opt+freq: b3lyp/6-311G** em=gd3bj
energy: M062X/6-311G+(2d, p) em=gd3"
2478,c-c130+c-b10+c-b22+c-b39,CC[N+]1(COC)CCCC1c1ccc(Cl)cc1,pyrrolidium,-1135.9722315,0.277226,0.340761,559.48448,-0.37078,-0.16132,7.2372,-1135.6950055,-1135.6314705,5.697312,Gaussian,QC,"opt+freq: b3lyp/6-311G** em=gd3bj
energy: M062X/6-311G+(2d, p) em=gd3"
2479,c-c139+c-b53+c-b79,OCCC[N+]1(c2cccnc2)CCCC1,pyrrolidium,-653.1054475,0.252616,0.308902,495.649192,-0.39526,-0.1768,3.1813,-652.8528315,-652.7965455,5.942112,Gaussian,QC,"opt+freq: b3lyp/6-311G** em=gd3bj
energy: M062X/6-311G+(2d, p) em=gd3"
2480,c-c139+c-b24+c-b61,CCCCCCCC[N+]1(c2ccccc2C)CCCC1,pyrrolidium,-797.6010574,0.412004,0.485298,645.428024,-0.37177,-0.23648,6.5323,-797.1890533999999,-797.1157594,3.679888,Gaussian,QC,"opt+freq: b3lyp/6-311G** em=gd3bj
energy: M062X/6-311G+(2d, p) em=gd3"
2481,c-c139+c-b44+c-b60,C=CC[N+]1(CCC(C)C)CCCC1,pyrrolidium,-526.1294063,0.293243,0.352243,519.5523840000001,-0.41999,-0.15334,3.3158,-525.8361633000001,-525.7771633,7.252879999999998,Gaussian,QC,"opt+freq: b3lyp/6-311G** em=gd3bj
energy: M062X/6-311G+(2d, p) em=gd3"
2482,c-c130+c-b69+c-b74+c-b76,CCCCCCCCCC[N+]1(OC)CCCC1C(C)=O,pyrrolidium,-873.0462821,0.425594,0.506617,713.484968,-0.38257,-0.18522,12.7988,-872.6206880999999,-872.5396651,5.367920000000001,Gaussian,QC,"opt+freq: b3lyp/6-311G** em=gd3bj
energy: M062X/6-311G+(2d, p) em=gd3"
2483,c-c130+c-b16+c-b73+c-b74,CC(=O)[N+]1(CCCC#N)CCCC1CC(C)C,pyrrolidium,-732.9171728,0.318579,0.386233,595.7597599999999,-0.44206,-0.20596,2.3954,-732.5985938,-732.5309398,6.42192,Gaussian,QC,"opt+freq: b3lyp/6-311G** em=gd3bj
energy: M062X/6-311G+(2d, p) em=gd3"
2484,c-c86+c-b40,CN(C)[N+]1(C)CCCC1,pyrrolidium,-386.1356616,0.202859,0.248089,398.291696,-0.41405,-0.12521,2.0079,-385.9328026,-385.8875726,7.856447999999999,Gaussian,QC,"opt+freq: b3lyp/6-311G** em=gd3bj
energy: M062X/6-311G+(2d, p) em=gd3"
2485,c-c139+c-b40+c-b83,CCCCCC[N+]1(N(C)C)CCCC1,pyrrolidium,-582.6599022,0.33241,0.39314,534.782144,-0.3996,-0.11262,5.5436,-582.3274922,-582.2667622,7.805856,Gaussian,QC,"opt+freq: b3lyp/6-311G** em=gd3bj
energy: M062X/6-311G+(2d, p) em=gd3"
2486,c-c139+c-b47+c-b74,CC(=O)[N+]1(C(C)(C)C)CCCC1,pyrrolidium,-522.7658232,0.245247,0.298143,465.800536,-0.45304,-0.20584,2.6616,-522.5205762,-522.4676802,6.72384,Gaussian,QC,"opt+freq: b3lyp/6-311G** em=gd3bj
energy: M062X/6-311G+(2d, p) em=gd3"
2487,c-c139+c-b24+c-b47,Cc1ccccc1[N+]1(C(C)(C)C)CCCC1,pyrrolidium,-640.4830998,0.300473,0.36788,593.5798960000001,-0.35844,-0.20579,5.8553,-640.1826268,-640.1152198,4.15208,Gaussian,QC,"opt+freq: b3lyp/6-311G** em=gd3bj
energy: M062X/6-311G+(2d, p) em=gd3"
2488,c-c139+c-b46+c-b86,Cc1ccc([N+]2(c3ccc(Cl)cc3Cl)CCCC2)cc1,pyrrolidium,-1633.4475518,0.254341,0.322179,597.383152,-0.3767,-0.17353,5.657,-1633.1932108,-1633.1253728,5.526223999999999,Gaussian,QC,"opt+freq: b3lyp/6-311G** em=gd3bj
energy: M062X/6-311G+(2d, p) em=gd3"
2489,c-c130+c-b30+c-b38+c-b80,C#CC[N+]1(CCCC)CCCC1C(C)C,pyrrolidium,-603.4924855,0.32373,0.386442,552.241976,-0.42148,-0.13352,2.152,-603.1687555000001,-603.1060435,7.832511999999999,Gaussian,QC,"opt+freq: b3lyp/6-311G** em=gd3bj
energy: M062X/6-311G+(2d, p) em=gd3"
2490,c-c139+c-b40+c-b50,C=Cc1ccc([N+]2(N(C)C)CCCC2)cc1,pyrrolidium,-655.2356928,0.275238,0.335953,534.65244,-0.35224,-0.17343,4.667,-654.9604548000001,-654.8997398,4.863632,Gaussian,QC,"opt+freq: b3lyp/6-311G** em=gd3bj
energy: M062X/6-311G+(2d, p) em=gd3"
2491,c-c139+c-b28+c-b53,C=CCC[N+]1(c2cccnc2)CCCC1,pyrrolidium,-615.9566015,0.251436,0.308139,499.322744,-0.38471,-0.18014,4.9179,-615.7051655,-615.6484625,5.564304,Gaussian,QC,"opt+freq: b3lyp/6-311G** em=gd3bj
energy: M062X/6-311G+(2d, p) em=gd3"
2492,c-c139+c-b27+c-b32,CC(C#N)[N+]1(CCC(F)(F)C(F)(F)C(F)F)CCCC1,pyrrolidium,-1175.7464081,0.232737,0.30615,646.46984,-0.4446,-0.16315,12.7961,-1175.5136711,-1175.4402581,7.65544,Gaussian,QC,"opt+freq: b3lyp/6-311G** em=gd3bj
energy: M062X/6-311G+(2d, p) em=gd3"
2493,c-c130+c-b24+c-b58+c-b74,CC(=O)[N+]1(CC(=O)O)CCCC1c1ccccc1C,pyrrolidium,-863.7428652,0.276308,0.340859,568.4382400000001,-0.369,-0.19521,5.5132,-863.4665572,-863.4020062,4.727088,Gaussian,QC,"opt+freq: b3lyp/6-311G** em=gd3bj
energy: M062X/6-311G+(2d, p) em=gd3"
2494,c-c130+c-b8+c-b36+c-b81,CC#CCC1CCC[N+]1(CCC)c1ccccc1,pyrrolidium,-716.6039346,0.316807,0.383469,587.0152,-0.36379,-0.15248,2.9221,-716.2871276,-716.2204656,5.747631999999999,Gaussian,QC,"opt+freq: b3lyp/6-311G** em=gd3bj
energy: M062X/6-311G+(2d, p) em=gd3"
2495,c-c139+c-b4+c-b30,CCCC[N+]1(CCO)CCCC1,pyrrolidium,-523.9651116,0.269815,0.324358,480.310648,-0.42407,-0.11833,3.4605,-523.6952966,-523.6407536,8.316128,Gaussian,QC,"opt+freq: b3lyp/6-311G** em=gd3bj
energy: M062X/6-311G+(2d, p) em=gd3"
2496,c-c130+c-b4+c-b51+c-b58,O=C(O)CC1CCC[N+]1(CCO)C1CCCCC1,pyrrolidium,-829.2353953,0.342274,0.407458,574.011328,-0.40855,-0.1441,5.6277,-828.8931213000001,-828.8279373,7.19304,Gaussian,QC,"opt+freq: b3lyp/6-311G** em=gd3bj
energy: M062X/6-311G+(2d, p) em=gd3"
2497,c-c139+c-b79+c-b80,CC(C)[N+]1(CCCO)CCCC1,pyrrolidium,-523.9729986,0.270912,0.324111,468.469928,-0.40672,-0.10571,1.3606,-523.7020866,-523.6488876,8.187472,Gaussian,QC,"opt+freq: b3lyp/6-311G** em=gd3bj
energy: M062X/6-311G+(2d, p) em=gd3"
2498,c-c130+c-b36+c-b73+c-b74,CC(=O)[N+]1(c2ccccc2)CCCC1CC(C)C,pyrrolidium,-753.7822718,0.315634,0.381406,579.182752,-0.40208,-0.19616,1.861,-753.4666378,-753.4008658,5.601024,Gaussian,QC,"opt+freq: b3lyp/6-311G** em=gd3bj
energy: M062X/6-311G+(2d, p) em=gd3"
2499,c-c139+c-b9+c-b13,CC(F)[N+]1(CCC#N)CCCC1,pyrrolidium,-561.6042154,0.202787,0.253952,450.5582240000001,-0.47705,-0.13993,5.5953,-561.4014284000001,-561.3502634,9.169664,Gaussian,QC,"opt+freq: b3lyp/6-311G** em=gd3bj
energy: M062X/6-311G+(2d, p) em=gd3"
2500,c-c130+c-b28+c-b30+c-b74,C=CCC[N+]1(CCCC)CCCC1C(C)=O,pyrrolidium,-678.7519892,0.324461,0.391889,593.7681759999999,-0.39043,-0.17275,2.8369,-678.4275282,-678.3601002,5.920896,Gaussian,QC,"opt+freq: b3lyp/6-311G** em=gd3bj
energy: M062X/6-311G+(2d, p) em=gd3"
2501,c-c130+c-b65+c-b73+c-b80,CCC#CC[N+]1(C(C)C)CCCC1CC(C)C,pyrrolidium,-682.1198275,0.3728,0.444293,629.5664800000001,-0.39026,-0.12069,4.0769,-681.7470275000001,-681.6755345,7.332303999999999,Gaussian,QC,"opt+freq: b3lyp/6-311G** em=gd3bj
energy: M062X/6-311G+(2d, p) em=gd3"
2502,c-c130+c-b60+c-b74+c-b79,C=CC[N+]1(CCCO)CCCC1C(C)=O,pyrrolidium,-675.3608869,0.27827,0.340433,547.405272,-0.39868,-0.18053,3.692,-675.0826169,-675.0204539,5.933679999999999,Gaussian,QC,"opt+freq: b3lyp/6-311G** em=gd3bj
energy: M062X/6-311G+(2d, p) em=gd3"
2503,c-c130+c-b10+c-b80+c-b81,CCCC1CCC[N+]1(CC)C(C)C,pyrrolidium,-527.3620414,0.317736,0.375443,508.16772,-0.45557,-0.1046,2.5746,-527.0443054,-526.9865983999999,9.546384,Gaussian,QC,"opt+freq: b3lyp/6-311G** em=gd3bj
energy: M062X/6-311G+(2d, p) em=gd3"
2504,c-c139+c-b45+c-b60,C=CC[N+]1(C(=O)O)CCCC1,pyrrolidium,-518.1626174,0.174233,0.224688,444.29896,-0.42999,-0.18731,1.7371,-517.9883844000001,-517.9379294,6.600896,Gaussian,QC,"opt+freq: b3lyp/6-311G** em=gd3bj
energy: M062X/6-311G+(2d, p) em=gd3"
2505,c-c139+c-b22+c-b78,CCCCC[N+]1(c2ccc(Cl)cc2)CCCC1,pyrrolidium,-1100.0595284,0.300199,0.364141,563.0743520000001,-0.38346,-0.16729,7.0932,-1099.7593294,-1099.6953874,5.879824000000001,Gaussian,QC,"opt+freq: b3lyp/6-311G** em=gd3bj
energy: M062X/6-311G+(2d, p) em=gd3"
2506,c-c139+c-b28+c-b35,C=CCC[N+]1(C(C)CC)CCCC1,pyrrolidium,-526.1237489,0.295366,0.352548,503.5444,-0.39231,-0.12731,2.6446,-525.8283829000001,-525.7712009,7.208,Gaussian,QC,"opt+freq: b3lyp/6-311G** em=gd3bj
energy: M062X/6-311G+(2d, p) em=gd3"
2507,c-c139+c-b24+c-b41,Cc1ccccc1[N+]1(C2COC(C)(C)O2)CCCC1,pyrrolidium,-828.9968203,0.320141,0.386845,587.400128,-0.37395,-0.22924,6.2309,-828.6766792999999,-828.6099753,3.936112,Gaussian,QC,"opt+freq: b3lyp/6-311G** em=gd3bj
energy: M062X/6-311G+(2d, p) em=gd3"
2508,c-c130+c-b47+c-b73+c-b74,CC(=O)[N+]1(C(C)(C)C)CCCC1CC(C)C,pyrrolidium,-680.0099543,0.33649,0.410977,655.934048,-0.43042,-0.18558,4.4448,-679.6734643,-679.5989773,6.659648000000001,Gaussian,QC,"opt+freq: b3lyp/6-311G** em=gd3bj
energy: M062X/6-311G+(2d, p) em=gd3"
2509,c-c130+c-b18+c-b36+c-b38,C#CCC1CCC[N+]1(C(=O)CC)c1ccccc1,pyrrolidium,-751.30434,0.271418,0.334849,558.5681840000001,-0.39321,-0.18998,3.6677,-751.032922,-750.9694910000001,5.527856,Gaussian,QC,"opt+freq: b3lyp/6-311G** em=gd3bj
energy: M062X/6-311G+(2d, p) em=gd3"
2510,c-c130+c-b10+c-b29+c-b47,CCC1CCC[N+]1(C(C)C)C(C)(C)C,pyrrolidium,-566.642686,0.345228,0.40379,515.690552,-0.4617,-0.10443,1.2231,-566.297458,-566.2388960000001,9.717744,Gaussian,QC,"opt+freq: b3lyp/6-311G** em=gd3bj
energy: M062X/6-311G+(2d, p) em=gd3"
2511,c-c139+c-b4+c-b13,N#CCC[N+]1(CCO)CCCC1,pyrrolidium,-537.581205,0.213607,0.266909,469.377856,-0.43022,-0.13094,5.0659,-537.3675979999999,-537.3142959999999,8.140416,Gaussian,QC,"opt+freq: b3lyp/6-311G** em=gd3bj
energy: M062X/6-311G+(2d, p) em=gd3"
2512,c-c139+c-b10+c-b80,CC[N+]1(C(C)C)CCCC1,pyrrolidium,-409.446395,0.240107,0.289079,431.249064,-0.48729,-0.12171,0.574,-409.206288,-409.157316,9.943776,Gaussian,QC,"opt+freq: b3lyp/6-311G** em=gd3bj
energy: M062X/6-311G+(2d, p) em=gd3"
2513,c-c139+c-b13+c-b41,CC1(C)OCC([N+]2(CCC#N)CCCC2)O1,pyrrolidium,-729.5291513,0.274555,0.334973,532.0458080000001,-0.41409,-0.12962,6.1823,-729.2545963,-729.1941783,7.737584,Gaussian,QC,"opt+freq: b3lyp/6-311G** em=gd3bj
energy: M062X/6-311G+(2d, p) em=gd3"
2514,c-c130+c-b36+c-b37+c-b79,CC(O)CC1CCC[N+]1(CCCO)c1ccccc1,pyrrolidium,-830.2057882,0.344913,0.412745,597.32876,-0.37631,-0.15696,3.9841,-829.8608752,-829.7930432,5.96632,Gaussian,QC,"opt+freq: b3lyp/6-311G** em=gd3bj
energy: M062X/6-311G+(2d, p) em=gd3"
2515,c-c130+c-b36+c-b45+c-b51,O=C(O)C1CCC[N+]1(c1ccccc1)C1CCCCC1,pyrrolidium,-867.1185933,0.332329,0.396632,566.254192,-0.39296,-0.16537,5.9116,-866.7862643000001,-866.7219613000001,6.190447999999999,Gaussian,QC,"opt+freq: b3lyp/6-311G** em=gd3bj
energy: M062X/6-311G+(2d, p) em=gd3"
2516,c-c130+c-b28+c-b45+c-b81,C=CCCC1CCC[N+]1(CCC)C(=O)O,pyrrolidium,-675.383913,0.278693,0.340095,540.69832,-0.37419,-0.17869,3.2825,-675.10522,-675.043818,5.317600000000001,Gaussian,QC,"opt+freq: b3lyp/6-311G** em=gd3bj
energy: M062X/6-311G+(2d, p) em=gd3"
2517,c-c139+c-b18+c-b56,CCCCCCC[N+]1(C(=O)CC)CCCC1,pyrrolidium,-679.980418,0.348421,0.41566,592.107128,-0.41055,-0.20527,7.9732,-679.631997,-679.564758,5.583616,Gaussian,QC,"opt+freq: b3lyp/6-311G** em=gd3bj
energy: M062X/6-311G+(2d, p) em=gd3"
2518,c-c130+c-b30+c-b40+c-b77,CCCC[N+]1(N(C)C)CCCC1CC(F)(F)F,pyrrolidium,-880.3955841,0.306918,0.372712,579.383584,-0.39972,-0.11169,5.8061,-880.0886661,-880.0228721,7.834416,Gaussian,QC,"opt+freq: b3lyp/6-311G** em=gd3bj
energy: M062X/6-311G+(2d, p) em=gd3"
2519,c-c130+c-b29+c-b74+c-b79,CC(=O)[N+]1(CCCO)CCCC1C(C)C,pyrrolidium,-676.5872071,0.302728,0.363463,534.832352,-0.42014,-0.1805,3.6345,-676.2844791,-676.2237441,6.518208,Gaussian,QC,"opt+freq: b3lyp/6-311G** em=gd3bj
energy: M062X/6-311G+(2d, p) em=gd3"
2520,c-c130+c-b3+c-b40+c-b76,CO[N+]1(C2CCCC2)CCCC1N(C)C,pyrrolidium,-656.6592584,0.312052,0.374518,550.07048,-0.37449,-0.17613,3.8415,-656.3472064,-656.2847404,5.395391999999999,Gaussian,QC,"opt+freq: b3lyp/6-311G** em=gd3bj
energy: M062X/6-311G+(2d, p) em=gd3"
2521,c-c130+c-b45+c-b51+c-b60,C=CC[N+]1(C2CCCCC2)CCCC1C(=O)O,pyrrolidium,-752.8102235,0.315131,0.377928,552.9867280000001,-0.41448,-0.16718,3.6143,-752.4950925,-752.4322955,6.72656,Gaussian,QC,"opt+freq: b3lyp/6-311G** em=gd3bj
energy: M062X/6-311G+(2d, p) em=gd3"
2522,c-c130+c-b39+c-b60+c-b78,C=CC[N+]1(CCCCC)CCCC1COC,pyrrolidium,-679.9414982,0.346862,0.415842,607.43312,-0.38629,-0.14808,2.187,-679.5946362,-679.5256562,6.479312000000001,Gaussian,QC,"opt+freq: b3lyp/6-311G** em=gd3bj
energy: M062X/6-311G+(2d, p) em=gd3"
2523,c-c130+c-b3+c-b47+c-b58,CC(C)(C)[N+]1(CC(=O)O)CCCC1C1CCCC1,pyrrolidium,-793.3195466,0.362869,0.429166,583.8018880000001,-0.42867,-0.16393,3.3099,-792.9566775999999,-792.8903806,7.200927999999999,Gaussian,QC,"opt+freq: b3lyp/6-311G** em=gd3bj
energy: M062X/6-311G+(2d, p) em=gd3"
2524,c-c139+c-b65+c-b73,CCC#CC[N+]1(CC(C)C)CCCC1,pyrrolidium,-564.1994624,0.295028,0.358079,555.225168,-0.39746,-0.12628,1.7418,-563.9044344,-563.8413834,7.376096,Gaussian,QC,"opt+freq: b3lyp/6-311G** em=gd3bj
energy: M062X/6-311G+(2d, p) em=gd3"
2525,c-c139+c-b19+c-b47,CC(C)(C)[N+]1(CCCF)CCCC1,pyrrolidium,-587.2833667,0.285914,0.340666,482.139056,-0.46564,-0.11768,3.3015,-586.9974526999999,-586.9427006999999,9.464512,Gaussian,QC,"opt+freq: b3lyp/6-311G** em=gd3bj
energy: M062X/6-311G+(2d, p) em=gd3"
2526,c-c130+c-b22+c-b39+c-b47,COC[N+]1(c2ccc(Cl)cc2)CCCC1C(C)(C)C,pyrrolidium,-1214.5516534,0.328139,0.397156,607.7594720000001,-0.37651,-0.16191,5.3135,-1214.2235144,-1214.1544974,5.837120000000001,Gaussian,QC,"opt+freq: b3lyp/6-311G** em=gd3bj
energy: M062X/6-311G+(2d, p) em=gd3"
2527,c-c130+c-b39+c-b43+c-b79,COCC1CCC[N+]1(CC#N)CCCO,pyrrolidium,-691.3862029,0.267736,0.330154,549.6520800000001,-0.39283,-0.16353,5.2922,-691.1184668999999,-691.0560489,6.23696,Gaussian,QC,"opt+freq: b3lyp/6-311G** em=gd3bj
energy: M062X/6-311G+(2d, p) em=gd3"
2528,c-c130+c-b30+c-b45+c-b79,CCCCC1CCC[N+]1(CCCO)C(=O)O,pyrrolidium,-751.8340655,0.305518,0.369909,567.019864,-0.41075,-0.17026,3.8348,-751.5285475,-751.4641565,6.541328,Gaussian,QC,"opt+freq: b3lyp/6-311G** em=gd3bj
energy: M062X/6-311G+(2d, p) em=gd3"
2529,c-c139+c-b11+c-b12,CC(C)(C)C(=O)[N+]1(C(F)(F)F)CCCC1,pyrrolidium,-820.4845153,0.21643,0.276782,531.455864,-0.47425,-0.21839,3.8363,-820.2680853,-820.2077333,6.959391999999999,Gaussian,QC,"opt+freq: b3lyp/6-311G** em=gd3bj
energy: M062X/6-311G+(2d, p) em=gd3"
2530,c-c139+c-b8+c-b37,CC#CC[N+]1(CC(C)O)CCCC1,pyrrolidium,-560.8152516,0.246725,0.306009,522.0544160000001,-0.3966,-0.12571,1.5514,-560.5685266,-560.5092426,7.368208,Gaussian,QC,"opt+freq: b3lyp/6-311G** em=gd3bj
energy: M062X/6-311G+(2d, p) em=gd3"
2531,c-c139+c-b18+c-b46,CCC(=O)[N+]1(c2ccc(C)cc2)CCCC1,pyrrolidium,-675.165214,0.260297,0.323342,555.17496,-0.37837,-0.18882,4.7383,-674.904917,-674.841872,5.15576,Gaussian,QC,"opt+freq: b3lyp/6-311G** em=gd3bj
energy: M062X/6-311G+(2d, p) em=gd3"
2532,c-c130+c-b53+c-b72+c-b79,CCC(C)CC1CCC[N+]1(CCCO)c1cccnc1,pyrrolidium,-849.6287163,0.380653,0.453006,637.1437040000001,-0.38688,-0.16565,5.2291,-849.2480632999999,-849.1757103,6.017456,Gaussian,QC,"opt+freq: b3lyp/6-311G** em=gd3bj
energy: M062X/6-311G+(2d, p) em=gd3"
2533,c-c130+c-b53+c-b60+c-b78,C=CCC1CCC[N+]1(CCCCC)c1cccnc1,pyrrolidium,-773.1710737,0.354663,0.423528,606.424776,-0.38574,-0.17661,4.9335,-772.8164107,-772.7475456999999,5.688336000000001,Gaussian,QC,"opt+freq: b3lyp/6-311G** em=gd3bj
energy: M062X/6-311G+(2d, p) em=gd3"
2534,c-c130+c-b29+c-b30+c-b79,CCCC[N+]1(CCCO)CCCC1C(C)C,pyrrolidium,-681.1884141,0.37421,0.440237,581.42956,-0.40487,-0.10588,1.9008,-680.8142041000001,-680.7481771,8.132527999999999,Gaussian,QC,"opt+freq: b3lyp/6-311G** em=gd3bj
energy: M062X/6-311G+(2d, p) em=gd3"
2535,c-c139+c-b29+c-b30,CCCC[N+]1(C(C)C)CCCC1,pyrrolidium,-488.0528736,0.292252,0.346852,480.800176,-0.46117,-0.11478,2.5346,-487.7606216,-487.7060216,9.421808,Gaussian,QC,"opt+freq: b3lyp/6-311G** em=gd3bj
energy: M062X/6-311G+(2d, p) em=gd3"
2536,c-c130+c-b10+c-b39+c-b51,CCC1CCC[N+]1(COC)C1CCCCC1,pyrrolidium,-679.9740198,0.35616,0.418184,546.17936,-0.41546,-0.10943,3.998,-679.6178597999999,-679.5558358,8.324016,Gaussian,QC,"opt+freq: b3lyp/6-311G** em=gd3bj
energy: M062X/6-311G+(2d, p) em=gd3"
2537,c-c130+c-b11+c-b39+c-b40,COCC1CCC[N+]1(N(C)C)C(F)(F)F,pyrrolidium,-837.6712851,0.230202,0.289592,522.987448,-0.39647,-0.12615,4.6252,-837.4410831,-837.3816931,7.352704,Gaussian,QC,"opt+freq: b3lyp/6-311G** em=gd3bj
energy: M062X/6-311G+(2d, p) em=gd3"
2538,c-c67+c-b53,C[N+]1(C)CCCC1c1cccnc1,pyrrolidium,-538.5878765,0.22319,0.273909,446.625264,-0.38273,-0.17063,6.4837,-538.3646865,-538.3139675,5.76912,Gaussian,QC,"opt+freq: b3lyp/6-311G** em=gd3bj
energy: M062X/6-311G+(2d, p) em=gd3"
2539,c-c130+c-b29+c-b80+c-b83,CCCCCC[N+]1(C(C)C)CCCC1C(C)C,pyrrolidium,-684.5681572,0.421858,0.491471,613.006208,-0.42681,-0.10828,3.4227,-684.1462991999999,-684.0766861999999,8.664016,Gaussian,QC,"opt+freq: b3lyp/6-311G** em=gd3bj
energy: M062X/6-311G+(2d, p) em=gd3"
2540,c-c130+c-b37+c-b48+c-b79,Cc1cccc([N+]2(CCCO)CCCC2CC(C)O)c1,pyrrolidium,-869.5126151,0.366698,0.440665,651.352568,-0.37592,-0.15277,4.1001,-869.1459170999999,-869.0719501,6.069679999999999,Gaussian,QC,"opt+freq: b3lyp/6-311G** em=gd3bj
energy: M062X/6-311G+(2d, p) em=gd3"
2541,c-c130+c-b38+c-b39+c-b75,C#CC[N+]1(COC)CCCC1c1c(Cl)cccc1Cl,pyrrolidium,-1632.3881145,0.247098,0.314669,595.02756,-0.38251,-0.17678,3.5509,-1632.1410165,-1632.0734455,5.595856,Gaussian,QC,"opt+freq: b3lyp/6-311G** em=gd3bj
energy: M062X/6-311G+(2d, p) em=gd3"
2542,c-c130+c-b3+c-b43+c-b80,CC(C)[N+]1(CC#N)CCCC1C1CCCC1,pyrrolidium,-657.6788826,0.321278,0.383315,546.300696,-0.43728,-0.15571,1.5942,-657.3576046,-657.2955675999999,7.658703999999999,Gaussian,QC,"opt+freq: b3lyp/6-311G** em=gd3bj
energy: M062X/6-311G+(2d, p) em=gd3"
2543,c-c139+c-b60+c-b82,C=CC[N+]1(CCCCC(C)C)CCCC1,pyrrolidium,-604.7405188,0.344868,0.410227,575.546856,-0.41832,-0.15571,6.1996,-604.3956508,-604.3302918,7.142992,Gaussian,QC,"opt+freq: b3lyp/6-311G** em=gd3bj
energy: M062X/6-311G+(2d, p) em=gd3"
2544,c-c139+c-b4+c-b37,CC(O)C[N+]1(CCO)CCCC1,pyrrolidium,-559.8861638,0.248983,0.301304,460.737896,-0.40422,-0.122,3.728,-559.6371808,-559.5848598,7.676384000000001,Gaussian,QC,"opt+freq: b3lyp/6-311G** em=gd3bj
energy: M062X/6-311G+(2d, p) em=gd3"
2545,c-c130+c-b53+c-b80+c-b81,CCC[N+]1(c2cccnc2)CCCC1C(C)C,pyrrolidium,-695.7973926,0.326547,0.389089,550.744104,-0.39272,-0.17394,3.9334,-695.4708456,-695.4083036,5.950816,Gaussian,QC,"opt+freq: b3lyp/6-311G** em=gd3bj
energy: M062X/6-311G+(2d, p) em=gd3"
2546,c-c130+c-b3+c-b58+c-b74,CC(=O)[N+]1(C2CCCC2)CCCC1CC(=O)O,pyrrolidium,-788.7486307,0.288211,0.352892,569.584656,-0.42268,-0.19273,2.0172,-788.4604197,-788.3957387,6.254639999999999,Gaussian,QC,"opt+freq: b3lyp/6-311G** em=gd3bj
energy: M062X/6-311G+(2d, p) em=gd3"
2547,c-c139+c-b6+c-b65,CCC#CC[N+]1(CCN)CCCC1,pyrrolidium,-540.9416759,0.259272,0.319372,529.242528,-0.3816,-0.12026,3.5597,-540.6824038999999,-540.6223038999999,7.108448,Gaussian,QC,"opt+freq: b3lyp/6-311G** em=gd3bj
energy: M062X/6-311G+(2d, p) em=gd3"
2548,c-c130+c-b18+c-b29+c-b74,CCC(=O)C1CCC[N+]1(C(C)=O)C(C)C,pyrrolidium,-675.3860528,0.275587,0.338332,552.530672,-0.3917,-0.20007,5.5585,-675.1104658,-675.0477208,5.212336,Gaussian,QC,"opt+freq: b3lyp/6-311G** em=gd3bj
energy: M062X/6-311G+(2d, p) em=gd3"
2549,c-c139+c-b25+c-b39,COC[N+]1(N2CCC(C)CC2)CCCC1,pyrrolidium,-656.6747275,0.317197,0.376737,524.3095920000001,-0.38017,-0.10943,1.8802,-656.3575305,-656.2979905,7.364127999999999,Gaussian,QC,"opt+freq: b3lyp/6-311G** em=gd3bj
energy: M062X/6-311G+(2d, p) em=gd3"
2550,c-c139+c-b30+c-b39,CCCC[N+]1(COC)CCCC1,pyrrolidium,-523.9570041,0.268897,0.323973,485.000912,-0.42509,-0.11703,2.527,-523.6881070999999,-523.6330310999999,8.379232,Gaussian,QC,"opt+freq: b3lyp/6-311G** em=gd3bj
energy: M062X/6-311G+(2d, p) em=gd3"
2551,c-c139+c-b40+c-b75,CN(C)[N+]1(c2c(Cl)cccc2Cl)CCCC1,pyrrolidium,-1497.0199914,0.226518,0.285305,517.682136,-0.38944,-0.18836,2.6764,-1496.7934734,-1496.7346864,5.469376,Gaussian,QC,"opt+freq: b3lyp/6-311G** em=gd3bj
energy: M062X/6-311G+(2d, p) em=gd3"
2552,c-c130+c-b29+c-b70+c-b76,CO[N+]1(CCCS(=O)(=O)O)CCCC1C(C)C,pyrrolidium,-1187.0291597,0.299782,0.369865,617.1483680000001,-0.42602,-0.13907,8.2422,-1186.7293777,-1186.6592947,7.805040000000001,Gaussian,QC,"opt+freq: b3lyp/6-311G** em=gd3bj
energy: M062X/6-311G+(2d, p) em=gd3"
2553,c-c130+c-b4+c-b36+c-b47,CC(C)(C)C1CCC[N+]1(CCO)c1ccccc1,pyrrolidium,-754.9831894,0.341998,0.406092,564.409048,-0.39225,-0.15721,2.0533,-754.6411914,-754.5770974000001,6.393088,Gaussian,QC,"opt+freq: b3lyp/6-311G** em=gd3bj
energy: M062X/6-311G+(2d, p) em=gd3"
2554,c-c139+c-b43+c-b63,N#CC[N+]1(c2ccc3ccccc3c2)CCCC1,pyrrolidium,-729.080774,0.245671,0.304537,518.37668,-0.35216,-0.18584,6.7499,-728.835103,-728.776237,4.523903999999999,Gaussian,QC,"opt+freq: b3lyp/6-311G** em=gd3bj
energy: M062X/6-311G+(2d, p) em=gd3"
2555,c-c130+c-b12+c-b76+c-b82,CO[N+]1(CCCCC(C)C)CCCC1C(=O)C(C)(C)C,pyrrolidium,-873.0508932,0.426124,0.505311,697.3179920000001,-0.38848,-0.17539,8.1645,-872.6247692000001,-872.5455822,5.796048,Gaussian,QC,"opt+freq: b3lyp/6-311G** em=gd3bj
energy: M062X/6-311G+(2d, p) em=gd3"
2556,c-c130+c-b8+c-b76+c-b83,CC#CCC1CCC[N+]1(CCCCCC)OC,pyrrolidium,-717.957899,0.34848,0.420483,634.055912,-0.37607,-0.12905,3.2814,-717.609419,-717.537416,6.718944,Gaussian,QC,"opt+freq: b3lyp/6-311G** em=gd3bj
energy: M062X/6-311G+(2d, p) em=gd3"
2557,c-c139+c-b29+c-b39,COC[N+]1(C(C)C)CCCC1,pyrrolidium,-484.6535798,0.241184,0.294419,468.7879120000001,-0.42576,-0.11478,1.4662,-484.4123958,-484.3591608,8.458656000000001,Gaussian,QC,"opt+freq: b3lyp/6-311G** em=gd3bj
energy: M062X/6-311G+(2d, p) em=gd3"
2558,c-c139+c-b60+c-b61,C=CC[N+]1(CCCCCCCC)CCCC1,pyrrolidium,-644.0410145,0.371321,0.439915,604.04408,-0.40385,-0.15203,8.0023,-643.6696935,-643.6010994999999,6.849504,Gaussian,QC,"opt+freq: b3lyp/6-311G** em=gd3bj
energy: M062X/6-311G+(2d, p) em=gd3"
2559,c-c139+c-b23+c-b47,CC(C)(C)[N+]1(c2cccc(Cl)c2)CCCC1,pyrrolidium,-1060.7515355,0.275254,0.333841,515.9123040000001,-0.38216,-0.16782,5.6747,-1060.4762815,-1060.4176945,5.830048,Gaussian,QC,"opt+freq: b3lyp/6-311G** em=gd3bj
energy: M062X/6-311G+(2d, p) em=gd3"
2560,c-c130+c-b13+c-b76+c-b79,COC1CCC[N+]1(CCC#N)CCCO,pyrrolidium,-691.4028859,0.269029,0.330091,537.710944,-0.41021,-0.12933,5.4714,-691.1338569,-691.0727949,7.639936000000001,Gaussian,QC,"opt+freq: b3lyp/6-311G** em=gd3bj
energy: M062X/6-311G+(2d, p) em=gd3"
2561,c-c139+c-b46+c-b78,CCCCC[N+]1(c2ccc(C)cc2)CCCC1,pyrrolidium,-679.7717323,0.335168,0.40062,576.3627359999999,-0.38398,-0.15476,4.0887,-679.4365643000001,-679.3711123,6.234783999999999,Gaussian,QC,"opt+freq: b3lyp/6-311G** em=gd3bj
energy: M062X/6-311G+(2d, p) em=gd3"
2562,c-c139+c-b12+c-b27,CC(C#N)[N+]1(C(=O)C(C)(C)C)CCCC1,pyrrolidium,-654.2824282,0.26689,0.327386,532.723616,-0.45575,-0.21246,4.909,-654.0155382,-653.9550422,6.617487999999999,Gaussian,QC,"opt+freq: b3lyp/6-311G** em=gd3bj
energy: M062X/6-311G+(2d, p) em=gd3"
2563,c-c130+c-b44+c-b45+c-b46,Cc1ccc([N+]2(CCC(C)C)CCCC2C(=O)O)cc1,pyrrolidium,-868.3333476,0.345054,0.416875,632.449256,-0.38175,-0.16172,3.6761,-867.9882936,-867.9164726,5.984815999999999,Gaussian,QC,"opt+freq: b3lyp/6-311G** em=gd3bj
energy: M062X/6-311G+(2d, p) em=gd3"
2564,c-c139+c-b10+c-b16,CC[N+]1(CCCC#N)CCCC1,pyrrolidium,-501.6746728,0.236776,0.290584,473.833816,-0.45678,-0.12968,5.2488,-501.4378968,-501.3840888,8.897120000000001,Gaussian,QC,"opt+freq: b3lyp/6-311G** em=gd3bj
energy: M062X/6-311G+(2d, p) em=gd3"
2565,c-c139+c-b8+c-b11,CC#CC[N+]1(C(F)(F)F)CCCC1,pyrrolidium,-704.7083574,0.165382,0.221099,490.645128,-0.41151,-0.14794,3.6842,-704.5429753999999,-704.4872584,7.169103999999999,Gaussian,QC,"opt+freq: b3lyp/6-311G** em=gd3bj
energy: M062X/6-311G+(2d, p) em=gd3"
2566,c-c139+c-b24+c-b36,Cc1ccccc1[N+]1(c2ccccc2)CCCC1,pyrrolidium,-714.2568003,0.280669,0.338959,513.3014880000001,-0.38073,-0.1586,2.1825,-713.9761313,-713.9178413,6.041936000000001,Gaussian,QC,"opt+freq: b3lyp/6-311G** em=gd3bj
energy: M062X/6-311G+(2d, p) em=gd3"
2567,c-c139+c-b12+c-b46,Cc1ccc([N+]2(C(=O)C(C)(C)C)CCCC2)cc1,pyrrolidium,-753.7755904,0.312285,0.380359,599.458416,-0.37604,-0.1865,3.6167,-753.4633054000001,-753.3952314000001,5.155487999999999,Gaussian,QC,"opt+freq: b3lyp/6-311G** em=gd3bj
energy: M062X/6-311G+(2d, p) em=gd3"
2568,c-c139+c-b18+c-b43,CCC(=O)[N+]1(CC#N)CCCC1,pyrrolidium,-536.3682717,0.187532,0.241587,476.0094960000001,-0.476,-0.21642,5.4276,-536.1807397,-536.1266847,7.060575999999999,Gaussian,QC,"opt+freq: b3lyp/6-311G** em=gd3bj
energy: M062X/6-311G+(2d, p) em=gd3"
2569,c-c139+c-b9+c-b29,CC(C)[N+]1(C(C)F)CCCC1,pyrrolidium,-508.682912,0.231599,0.281862,442.612808,-0.4952,-0.1183,2.0075,-508.451313,-508.40105,10.25168,Gaussian,QC,"opt+freq: b3lyp/6-311G** em=gd3bj
energy: M062X/6-311G+(2d, p) em=gd3"
2570,c-c139+c-b25+c-b41,CC1CCN([N+]2(C3COC(C)(C)O3)CCCC2)CC1,pyrrolidium,-848.6207424,0.379392,0.444998,577.7225360000001,-0.37695,-0.10259,3.3306,-848.2413504,-848.1757444,7.462592,Gaussian,QC,"opt+freq: b3lyp/6-311G** em=gd3bj
energy: M062X/6-311G+(2d, p) em=gd3"
2571,c-c130+c-b29+c-b41+c-b58,CC(C)[N+]1(CC(=O)O)CCCC1C1COC(C)(C)O1,pyrrolidium,-904.4583643,0.339583,0.409569,616.294832,-0.37689,-0.16347,6.4981,-904.1187813,-904.0487952999999,5.805024,Gaussian,QC,"opt+freq: b3lyp/6-311G** em=gd3bj
energy: M062X/6-311G+(2d, p) em=gd3"
2572,c-c130+c-b10+c-b48+c-b76,CC[N+]1(OC)CCCC1c1cccc(C)c1,pyrrolidium,-676.3229914,0.28521,0.34671,541.568592,-0.36626,-0.14865,4.9086,-676.0377814,-675.9762814,5.918991999999999,Gaussian,QC,"opt+freq: b3lyp/6-311G** em=gd3bj
energy: M062X/6-311G+(2d, p) em=gd3"
2573,c-c130+c-b4+c-b36+c-b76,COC1CCC[N+]1(CCO)c1ccccc1,pyrrolidium,-712.2704636,0.264876,0.325201,531.2215600000001,-0.39138,-0.16133,4.3453,-712.0055876,-711.9452626,6.25736,Gaussian,QC,"opt+freq: b3lyp/6-311G** em=gd3bj
energy: M062X/6-311G+(2d, p) em=gd3"
2574,c-c139+c-b23+c-b70,O=S(=O)(O)CCC[N+]1(c2cccc(Cl)c2)CCCC1,pyrrolidium,-1645.2706571,0.258127,0.32541,592.492056,-0.37908,-0.16508,8.9378,-1645.0125301,-1644.9452471,5.820799999999999,Gaussian,QC,"opt+freq: b3lyp/6-311G** em=gd3bj
energy: M062X/6-311G+(2d, p) em=gd3"
2575,c-c130+c-b40+c-b51+c-b79,CN(C)[N+]1(CCCO)CCCC1C1CCCCC1,pyrrolidium,-774.6000464,0.398925,0.46475,579.647176,-0.37986,-0.1097,4.5371,-774.2011214,-774.1352964,7.348351999999998,Gaussian,QC,"opt+freq: b3lyp/6-311G** em=gd3bj
energy: M062X/6-311G+(2d, p) em=gd3"
2576,c-c130+c-b24+c-b47+c-b74,CC(=O)C1CCC[N+]1(c1ccccc1C)C(C)(C)C,pyrrolidium,-793.045701,0.3459,0.410686,570.5051360000001,-0.38603,-0.18184,2.5055,-792.699801,-792.635015,5.553967999999999,Gaussian,QC,"opt+freq: b3lyp/6-311G** em=gd3bj
energy: M062X/6-311G+(2d, p) em=gd3"
2577,c-c139+c-b39+c-b45,COC[N+]1(C(=O)O)CCCC1,pyrrolidium,-555.292301,0.173187,0.224582,452.58328,-0.45246,-0.18311,2.6067,-555.119114,-555.0677189999999,7.326319999999999,Gaussian,QC,"opt+freq: b3lyp/6-311G** em=gd3bj
energy: M062X/6-311G+(2d, p) em=gd3"
2578,c-c130+c-b38+c-b39+c-b78,C#CC[N+]1(CCCCC)CCCC1COC,pyrrolidium,-678.693584,0.324994,0.392258,592.3205120000001,-0.39155,-0.13734,2.2675,-678.36859,-678.301326,6.914512000000001,Gaussian,QC,"opt+freq: b3lyp/6-311G** em=gd3bj
energy: M062X/6-311G+(2d, p) em=gd3"
2579,c-c130+c-b21+c-b30+c-b76,CCCCCCCCC[N+]1(OC)CCCC1CCCC,pyrrolidium,-838.345104,0.473312,0.554404,714.0958320000001,-0.3943,-0.12817,8.0181,-837.871792,-837.7907,7.238735999999999,Gaussian,QC,"opt+freq: b3lyp/6-311G** em=gd3bj
energy: M062X/6-311G+(2d, p) em=gd3"
2580,c-c139+c-b10+c-b18,CCC(=O)[N+]1(CC)CCCC1,pyrrolidium,-483.4583456,0.218774,0.270439,454.959792,-0.45561,-0.20284,2.9219,-483.2395716,-483.1879066,6.875344000000001,Gaussian,QC,"opt+freq: b3lyp/6-311G** em=gd3bj
energy: M062X/6-311G+(2d, p) em=gd3"
2581,c-c130+c-b10+c-b53+c-b60,C=CCC1CCC[N+]1(CC)c1cccnc1,pyrrolidium,-655.2546994,0.268214,0.334057,579.8103520000001,-0.35265,-0.23804,7.5215,-654.9864854000001,-654.9206424,3.117392000000001,Gaussian,QC,"opt+freq: b3lyp/6-311G** em=gd3bj
energy: M062X/6-311G+(2d, p) em=gd3"
2582,c-c139+c-b11+c-b22,FC(F)(F)[N+]1(c2ccc(Cl)cc2)CCCC1,pyrrolidium,-1240.5655788,0.170359,0.22719,500.4524240000001,-0.39725,-0.18565,5.8796,-1240.3952198,-1240.3383888,5.75552,Gaussian,QC,"opt+freq: b3lyp/6-311G** em=gd3bj
energy: M062X/6-311G+(2d, p) em=gd3"
2583,c-c130+c-b8+c-b29+c-b80,CC#CCC1CCC[N+]1(C(C)C)C(C)C,pyrrolidium,-603.5011552,0.322439,0.387042,568.894296,-0.36924,-0.11025,2.9612,-603.1787161999999,-603.1141132,7.044528,Gaussian,QC,"opt+freq: b3lyp/6-311G** em=gd3bj
energy: M062X/6-311G+(2d, p) em=gd3"
2584,c-c130+c-b10+c-b46+c-b53,CCC1CCC[N+]1(c1ccc(C)cc1)c1cccnc1,pyrrolidium,-808.8984493,0.316189,0.384033,597.43336,-0.37726,-0.1736,3.9813,-808.5822603,-808.5144163,5.539552,Gaussian,QC,"opt+freq: b3lyp/6-311G** em=gd3bj
energy: M062X/6-311G+(2d, p) em=gd3"
2585,c-c139+c-b48+c-b78,CCCCC[N+]1(c2cccc(C)c2)CCCC1,pyrrolidium,-679.7283931,0.321909,0.396097,653.293944,-0.38174,-0.22887,3.0908,-679.4064841,-679.3322960999999,4.158064,Gaussian,QC,"opt+freq: b3lyp/6-311G** em=gd3bj
energy: M062X/6-311G+(2d, p) em=gd3"
2586,c-c139+c-b18+c-b48,CCC(=O)[N+]1(c2cccc(C)c2)CCCC1,pyrrolidium,-675.1806239,0.261173,0.323642,550.095584,-0.38963,-0.19733,2.9302,-674.9194509,-674.8569819,5.230559999999999,Gaussian,QC,"opt+freq: b3lyp/6-311G** em=gd3bj
energy: M062X/6-311G+(2d, p) em=gd3"
2587,c-c130+c-b60+c-b73+c-b80,C=CCC1CCC[N+]1(CC(C)C)C(C)C,pyrrolidium,-604.742163,0.346726,0.409642,554.036912,-0.38447,-0.11572,2.3523,-604.395437,-604.332521,7.31,Gaussian,QC,"opt+freq: b3lyp/6-311G** em=gd3bj
energy: M062X/6-311G+(2d, p) em=gd3"
2588,c-c139+c-b38+c-b41,C#CC[N+]1(C2COC(C)(C)O2)CCCC1,pyrrolidium,-674.1143991,0.256789,0.315846,520.054464,-0.40645,-0.14114,4.6551,-673.8576101,-673.7985531,7.216431999999999,Gaussian,QC,"opt+freq: b3lyp/6-311G** em=gd3bj
energy: M062X/6-311G+(2d, p) em=gd3"
2589,c-c139+c-b9+c-b65,CCC#CC[N+]1(C(C)F)CCCC1,pyrrolidium,-584.8327259,0.235056,0.293427,514.012768,-0.40292,-0.12859,2.6754,-584.5976699,-584.5392989000001,7.461775999999999,Gaussian,QC,"opt+freq: b3lyp/6-311G** em=gd3bj
energy: M062X/6-311G+(2d, p) em=gd3"
2590,c-c130+c-b43+c-b51+c-b76,CO[N+]1(CC#N)CCCC1C1CCCCC1,pyrrolidium,-693.5394657,0.297879,0.358955,537.83228,-0.42579,-0.16507,1.8995,-693.2415867000001,-693.1805107,7.091584,Gaussian,QC,"opt+freq: b3lyp/6-311G** em=gd3bj
energy: M062X/6-311G+(2d, p) em=gd3"
2591,c-c130+c-b4+c-b38+c-b48,C#CCC1CCC[N+]1(CCO)c1cccc(C)c1,pyrrolidium,-752.5050997,0.292787,0.359238,585.165872,-0.37549,-0.15769,4.0081,-752.2123127,-752.1458617,5.92416,Gaussian,QC,"opt+freq: b3lyp/6-311G** em=gd3bj
energy: M062X/6-311G+(2d, p) em=gd3"
2592,c-c130+c-b10+c-b45+c-b60,C=CC[N+]1(C(=O)O)CCCC1CC,pyrrolidium,-596.7768726,0.226564,0.282295,490.766464,-0.41695,-0.18056,2.3088,-596.5503086,-596.4945776000001,6.429808,Gaussian,QC,"opt+freq: b3lyp/6-311G** em=gd3bj
energy: M062X/6-311G+(2d, p) em=gd3"
2593,c-c130+c-b30+c-b39+c-b40,CCCC[N+]1(COC)CCCC1N(C)C,pyrrolidium,-657.8929786,0.330377,0.397422,590.395872,-0.36686,-0.19973,6.8906,-657.5626016,-657.4955566,4.545936000000001,Gaussian,QC,"opt+freq: b3lyp/6-311G** em=gd3bj
energy: M062X/6-311G+(2d, p) em=gd3"
2594,c-c139+c-b4+c-b45,O=C(O)[N+]1(CCO)CCCC1,pyrrolidium,-555.3071117,0.176398,0.22549,432.299248,-0.44374,-0.17017,1.503,-555.1307137,-555.0816216999999,7.441104000000001,Gaussian,QC,"opt+freq: b3lyp/6-311G** em=gd3bj
energy: M062X/6-311G+(2d, p) em=gd3"
2595,c-c130+c-b47+c-b80+c-b81,CCC[N+]1(C(C)C)CCCC1C(C)(C)C,pyrrolidium,-605.9568653,0.371409,0.433115,543.380264,-0.45202,-0.11054,1.9546,-605.5854563,-605.5237503,9.288256,Gaussian,QC,"opt+freq: b3lyp/6-311G** em=gd3bj
energy: M062X/6-311G+(2d, p) em=gd3"
2596,c-c139+c-b29+c-b72,CCC(C)C[N+]1(C(C)C)CCCC1,pyrrolidium,-527.3600578,0.318053,0.3757,507.636352,-0.4509,-0.11552,3.4301,-527.0420048000001,-526.9843578,9.122336,Gaussian,QC,"opt+freq: b3lyp/6-311G** em=gd3bj
energy: M062X/6-311G+(2d, p) em=gd3"
2597,c-c67+c-b75,C[N+]1(C)CCCC1c1c(Cl)cccc1Cl,pyrrolidium,-1441.7483372,0.213077,0.269593,497.678432,-0.38394,-0.17811,5.1214,-1441.5352602,-1441.4787442,5.598576,Gaussian,QC,"opt+freq: b3lyp/6-311G** em=gd3bj
energy: M062X/6-311G+(2d, p) em=gd3"
2598,c-c139+c-b12+c-b79,CC(C)(C)C(=O)[N+]1(CCCO)CCCC1,pyrrolidium,-676.5951514,0.302494,0.363124,533.903504,-0.4139,-0.18672,2.8091,-676.2926573999999,-676.2320274,6.179296,Gaussian,QC,"opt+freq: b3lyp/6-311G** em=gd3bj
energy: M062X/6-311G+(2d, p) em=gd3"
2599,c-c130+c-b40+c-b46+c-b60,C=CCC1CCC[N+]1(c1ccc(C)cc1)N(C)C,pyrrolidium,-733.7867011,0.323935,0.391514,595.098688,-0.33925,-0.22004,4.562,-733.4627661,-733.3951870999999,3.242512,Gaussian,QC,"opt+freq: b3lyp/6-311G** em=gd3bj
energy: M062X/6-311G+(2d, p) em=gd3"
2600,c-c139+c-b21+c-b30,CCCCCCCCC[N+]1(CCCC)CCCC1,pyrrolidium,-723.8771176,0.445032,0.521527,673.6114480000001,-0.39541,-0.11482,9.3581,-723.4320856,-723.3555906,7.632048,Gaussian,QC,"opt+freq: b3lyp/6-311G** em=gd3bj
energy: M062X/6-311G+(2d, p) em=gd3"
2601,c-c139+c-b36+c-b47,CC(C)(C)[N+]1(c2ccccc2)CCCC1,pyrrolidium,-601.0887644,0.282149,0.339724,507.0045680000001,-0.35275,-0.27192,4.0344,-600.8066153999999,-600.7490403999999,2.198576,Gaussian,QC,"opt+freq: b3lyp/6-311G** em=gd3bj
energy: M062X/6-311G+(2d, p) em=gd3"
2602,c-c139+c-b48+c-b75,Cc1cccc([N+]2(c3c(Cl)cccc3Cl)CCCC2)c1,pyrrolidium,-1633.4344316,0.255125,0.321669,585.985936,-0.37694,-0.17468,1.7044,-1633.1793066,-1633.1127626,5.501472,Gaussian,QC,"opt+freq: b3lyp/6-311G** em=gd3bj
energy: M062X/6-311G+(2d, p) em=gd3"
2603,c-c139+c-b47+c-b77,CC(C)(C)[N+]1(CC(F)(F)F)CCCC1,pyrrolidium,-746.4810193,0.241928,0.297037,485.28124,-0.48878,-0.12961,5.2083,-746.2390912999999,-746.1839822999999,9.769423999999999,Gaussian,QC,"opt+freq: b3lyp/6-311G** em=gd3bj
energy: M062X/6-311G+(2d, p) em=gd3"
2604,c-c130+c-b41+c-b76+c-b83,CCCCCC[N+]1(OC)CCCC1C1COC(C)(C)O1,pyrrolidium,-908.9701615,0.406086,0.483486,681.5736,-0.37397,-0.12279,6.0913,-908.5640755000001,-908.4866755,6.832096,Gaussian,QC,"opt+freq: b3lyp/6-311G** em=gd3bj
energy: M062X/6-311G+(2d, p) em=gd3"
2605,c-c130+c-b37+c-b39+c-b50,C=Cc1ccc([N+]2(COC)CCCC2CC(C)O)cc1,pyrrolidium,-868.2691405,0.343883,0.416758,641.74192,-0.34849,-0.16683,2.6664,-867.9252575,-867.8523825000001,4.941152000000001,Gaussian,QC,"opt+freq: b3lyp/6-311G** em=gd3bj
energy: M062X/6-311G+(2d, p) em=gd3"
2606,c-c139+c-b47+c-b70,CC(C)(C)[N+]1(CCCS(=O)(=O)O)CCCC1,pyrrolidium,-1111.8748416,0.301174,0.36565,567.7687999999999,-0.43285,-0.11018,7.3899,-1111.5736676,-1111.5091916,8.776624,Gaussian,QC,"opt+freq: b3lyp/6-311G** em=gd3bj
energy: M062X/6-311G+(2d, p) em=gd3"
2607,c-c139+c-b16+c-b73,CC(C)C[N+]1(CCCC#N)CCCC1,pyrrolidium,-580.2889303,0.289908,0.347996,511.523288,-0.4537,-0.12662,6.56,-579.9990223,-579.9409343,8.896576,Gaussian,QC,"opt+freq: b3lyp/6-311G** em=gd3bj
energy: M062X/6-311G+(2d, p) em=gd3"
2608,c-c130+c-b10+c-b36+c-b39,CCC1CCC[N+]1(COC)c1ccccc1,pyrrolidium,-676.3633283,0.288424,0.348466,528.73208,-0.39146,-0.15478,2.4125,-676.0749043000001,-676.0148623,6.437695999999999,Gaussian,QC,"opt+freq: b3lyp/6-311G** em=gd3bj
energy: M062X/6-311G+(2d, p) em=gd3"
2609,c-c130+c-b12+c-b28+c-b76,C=CCCC1CCC[N+]1(OC)C(=O)C(C)(C)C,pyrrolidium,-753.9111688,0.325643,0.394524,606.562848,-0.37418,-0.1968,4.2504,-753.5855258,-753.5166448,4.824736000000001,Gaussian,QC,"opt+freq: b3lyp/6-311G** em=gd3bj
energy: M062X/6-311G+(2d, p) em=gd3"
2610,c-c130+c-b29+c-b36+c-b38,C#CC[N+]1(c2ccccc2)CCCC1C(C)C,pyrrolidium,-677.2859243,0.292751,0.353519,535.1168640000001,-0.39313,-0.15771,2.3478,-676.9931733000001,-676.9324053,6.403423999999999,Gaussian,QC,"opt+freq: b3lyp/6-311G** em=gd3bj
energy: M062X/6-311G+(2d, p) em=gd3"
2611,c-c130+c-b10+c-b61+c-b80,CCCCCCCC[N+]1(C(C)C)CCCC1CC,pyrrolidium,-723.882061,0.446687,0.520815,652.76676,-0.40376,-0.1094,6.6506,-723.435374,-723.361246,8.006592,Gaussian,QC,"opt+freq: b3lyp/6-311G** em=gd3bj
energy: M062X/6-311G+(2d, p) em=gd3"
2612,c-c86+c-b8,CC#CC[N+]1(C)CCCC1,pyrrolidium,-406.9780992,0.18967,0.242321,463.645776,-0.40674,-0.13841,1.8824,-406.7884292,-406.7357782,7.298575999999999,Gaussian,QC,"opt+freq: b3lyp/6-311G** em=gd3bj
energy: M062X/6-311G+(2d, p) em=gd3"
2613,c-c130+c-b39+c-b60+c-b80,C=CC[N+]1(COC)CCCC1C(C)C,pyrrolidium,-601.3402573,0.296549,0.357382,535.694256,-0.40831,-0.13989,1.105,-601.0437082999999,-600.9828752999999,7.301024,Gaussian,QC,"opt+freq: b3lyp/6-311G** em=gd3bj
energy: M062X/6-311G+(2d, p) em=gd3"
2614,c-c130+c-b41+c-b58+c-b73,CC(C)C[N+]1(CC(=O)O)CCCC1C1COC(C)(C)O1,pyrrolidium,-943.7644196,0.365008,0.438298,645.3820000000001,-0.37627,-0.15323,4.6645,-943.3994116,-943.3261216,6.066687999999999,Gaussian,QC,"opt+freq: b3lyp/6-311G** em=gd3bj
energy: M062X/6-311G+(2d, p) em=gd3"
2615,c-c130+c-b30+c-b65+c-b74,CCC#CC[N+]1(CCCC)CCCC1C(C)=O,pyrrolidium,-716.826357,0.325566,0.397699,635.1981440000001,-0.39073,-0.17381,5.1502,-716.500791,-716.428658,5.900224000000001,Gaussian,QC,"opt+freq: b3lyp/6-311G** em=gd3bj
energy: M062X/6-311G+(2d, p) em=gd3"
2616,c-c130+c-b28+c-b29+c-b53,C=CCCC1CCC[N+]1(c1cccnc1)C(C)C,pyrrolidium,-733.8704816,0.327712,0.394299,586.3666800000001,-0.37005,-0.17388,3.1106,-733.5427695999999,-733.4761825999999,5.335824,Gaussian,QC,"opt+freq: b3lyp/6-311G** em=gd3bj
energy: M062X/6-311G+(2d, p) em=gd3"
2617,c-c130+c-b10+c-b46+c-b79,CCC1CCC[N+]1(CCCO)c1ccc(C)cc1,pyrrolidium,-754.9845528,0.340961,0.406504,577.170248,-0.37315,-0.14586,2.5194,-754.6435918,-754.5780487999999,6.182288,Gaussian,QC,"opt+freq: b3lyp/6-311G** em=gd3bj
energy: M062X/6-311G+(2d, p) em=gd3"
2618,c-c139+c-b16+c-b47,CC(C)(C)[N+]1(CCCC#N)CCCC1,pyrrolidium,-580.2779607,0.289974,0.34741,505.78284,-0.44876,-0.12228,5.6653,-579.9879867,-579.9305507,8.880256,Gaussian,QC,"opt+freq: b3lyp/6-311G** em=gd3bj
energy: M062X/6-311G+(2d, p) em=gd3"
2619,c-c139+c-b18+c-b20,CCC(=O)[N+]1(c2ccc(Cl)c(Cl)c2)CCCC1,pyrrolidium,-1555.056568,0.215823,0.279298,558.953112,-0.38922,-0.20704,7.1322,-1554.840745,-1554.77727,4.955296,Gaussian,QC,"opt+freq: b3lyp/6-311G** em=gd3bj
energy: M062X/6-311G+(2d, p) em=gd3"
2620,c-c130+c-b10+c-b30+c-b76,CCCCC1CCC[N+]1(CC)OC,pyrrolidium,-563.2131009,0.293633,0.350978,504.983696,-0.43517,-0.1267,5.0252,-562.9194679,-562.8621228999999,8.390384000000001,Gaussian,QC,"opt+freq: b3lyp/6-311G** em=gd3bj
energy: M062X/6-311G+(2d, p) em=gd3"
2621,c-c139+c-b53+c-b76,CO[N+]1(c2cccnc2)CCCC1,pyrrolidium,-574.4298858,0.197435,0.24883,452.591648,-0.40401,-0.19443,4.0921,-574.2324507999999,-574.1810558,5.700576,Gaussian,QC,"opt+freq: b3lyp/6-311G** em=gd3bj
energy: M062X/6-311G+(2d, p) em=gd3"
2622,c-c139+c-b41+c-b80,CC(C)[N+]1(C2COC(C)(C)O2)CCCC1,pyrrolidium,-676.5995103,0.304162,0.362749,515.9164880000001,-0.40619,-0.10929,4.291,-676.2953483,-676.2367613,8.07568,Gaussian,QC,"opt+freq: b3lyp/6-311G** em=gd3bj
energy: M062X/6-311G+(2d, p) em=gd3"
2623,c-c130+c-b60+c-b76+c-b84,C=CC[N+]1(OC)CCCC1CCCCCCCCC,pyrrolidium,-797.8080185,0.424788,0.501744,677.669928,-0.38911,-0.1519,9.9432,-797.3832305,-797.3062745,6.452112,Gaussian,QC,"opt+freq: b3lyp/6-311G** em=gd3bj
energy: M062X/6-311G+(2d, p) em=gd3"
2624,c-c130+c-b25+c-b60+c-b76,C=CC[N+]1(OC)CCCC1N1CCC(C)CC1,pyrrolidium,-734.0501049,0.340692,0.40886,600.2868480000001,-0.37215,-0.19602,2.4013,-733.7094129,-733.6412449,4.790735999999999,Gaussian,QC,"opt+freq: b3lyp/6-311G** em=gd3bj
energy: M062X/6-311G+(2d, p) em=gd3"
2625,c-c139+c-b2+c-b28,C=CCC[N+]1(CC(O)CCCCCC)CCCC1,pyrrolidium,-758.5739878,0.40116,0.474467,645.545176,-0.38601,-0.12344,5.8207,-758.1728278,-758.0995208,7.141904,Gaussian,QC,"opt+freq: b3lyp/6-311G** em=gd3bj
energy: M062X/6-311G+(2d, p) em=gd3"
2626,c-c130+c-b30+c-b45+c-b60,C=CC[N+]1(CCCC)CCCC1C(=O)O,pyrrolidium,-675.3930332,0.279663,0.341273,542.53928,-0.4171,-0.15762,3.1831,-675.1133702,-675.0517602,7.057856000000001,Gaussian,QC,"opt+freq: b3lyp/6-311G** em=gd3bj
energy: M062X/6-311G+(2d, p) em=gd3"
2627,c-c130+c-b39+c-b47+c-b53,COC[N+]1(c2cccnc2)CCCC1C(C)(C)C,pyrrolidium,-770.9420402,0.323753,0.389727,580.956768,-0.35365,-0.27612,6.5971,-770.6182871999999,-770.5523132,2.108816000000001,Gaussian,QC,"opt+freq: b3lyp/6-311G** em=gd3bj
energy: M062X/6-311G+(2d, p) em=gd3"
2628,c-c139+c-b63+c-b76,CO[N+]1(c2ccc3ccccc3c2)CCCC1,pyrrolidium,-712.0234084,0.25163,0.308564,501.360352,-0.35028,-0.18688,4.6222,-711.7717784,-711.7148444,4.44448,Gaussian,QC,"opt+freq: b3lyp/6-311G** em=gd3bj
energy: M062X/6-311G+(2d, p) em=gd3"
2629,c-c139+c-b78+c-b80,CCCCC[N+]1(C(C)C)CCCC1,pyrrolidium,-527.3606228,0.318449,0.375968,506.5150400000001,-0.44555,-0.11098,3.3792,-527.0421738,-526.9846548,9.100304000000001,Gaussian,QC,"opt+freq: b3lyp/6-311G** em=gd3bj
energy: M062X/6-311G+(2d, p) em=gd3"
2630,c-c139+c-b4+c-b53,OCC[N+]1(c2cccnc2)CCCC1,pyrrolidium,-613.7987927,0.226144,0.279779,472.302472,-0.39562,-0.17681,3.3619,-613.5726487000001,-613.5190137000001,5.951632000000001,Gaussian,QC,"opt+freq: b3lyp/6-311G** em=gd3bj
energy: M062X/6-311G+(2d, p) em=gd3"
2631,c-c130+c-b8+c-b24+c-b76,CC#CC[N+]1(c2ccccc2C)CCCC1OC,pyrrolidium,-752.5018685,0.291179,0.35902,597.4082559999999,-0.37385,-0.14827,3.3017,-752.2106895,-752.1428485,6.135776,Gaussian,QC,"opt+freq: b3lyp/6-311G** em=gd3bj
energy: M062X/6-311G+(2d, p) em=gd3"
2632,c-c130+c-b10+c-b18+c-b47,CCC(=O)C1CCC[N+]1(CC)C(C)(C)C,pyrrolidium,-640.6655274,0.322911,0.385299,549.392672,-0.39641,-0.17311,4.5548,-640.3426164,-640.2802283999999,6.073759999999999,Gaussian,QC,"opt+freq: b3lyp/6-311G** em=gd3bj
energy: M062X/6-311G+(2d, p) em=gd3"
2633,c-c130+c-b29+c-b36+c-b65,CCC#CCC1CCC[N+]1(c1ccccc1)C(C)C,pyrrolidium,-755.910464,0.343287,0.411885,604.0733680000001,-0.37682,-0.15129,3.0343,-755.567177,-755.4985790000001,6.134415999999999,Gaussian,QC,"opt+freq: b3lyp/6-311G** em=gd3bj
energy: M062X/6-311G+(2d, p) em=gd3"
2634,c-c130+c-b10+c-b39+c-b45,CCC1CCC[N+]1(COC)C(=O)O,pyrrolidium,-633.9073256,0.225132,0.282312,503.527664,-0.42752,-0.17909,1.6554,-633.6821936,-633.6250136,6.757296,Gaussian,QC,"opt+freq: b3lyp/6-311G** em=gd3bj
energy: M062X/6-311G+(2d, p) em=gd3"
2635,c-c130+c-b38+c-b46+c-b76,C#CCC1CCC[N+]1(OC)c1ccc(C)cc1,pyrrolidium,-713.1457545,0.265122,0.328577,558.781568,-0.38412,-0.16021,3.4372,-712.8806324999999,-712.8171775,6.090352,Gaussian,QC,"opt+freq: b3lyp/6-311G** em=gd3bj
energy: M062X/6-311G+(2d, p) em=gd3"
2636,c-c130+c-b10+c-b69+c-b76,CCCCCCCCCC[N+]1(OC)CCCC1CC,pyrrolidium,-799.0427662,0.446874,0.525153,689.326552,-0.38474,-0.12017,11.6093,-798.5958922,-798.5176131999999,7.196304,Gaussian,QC,"opt+freq: b3lyp/6-311G** em=gd3bj
energy: M062X/6-311G+(2d, p) em=gd3"
2637,c-c139+c-b45+c-b84,CCCCCCCCC[N+]1(C(=O)O)CCCC1,pyrrolidium,-755.2022502,0.350613,0.421572,624.855296,-0.3989,-0.17996,9.1967,-754.8516372,-754.7806782,5.955167999999999,Gaussian,QC,"opt+freq: b3lyp/6-311G** em=gd3bj
energy: M062X/6-311G+(2d, p) em=gd3"
2638,c-c139+c-b4+c-b6,NCC[N+]1(CCO)CCCC1,pyrrolidium,-500.6963428,0.232829,0.28416,452.014256,-0.36706,-0.11525,3.2348,-500.4635138,-500.4121828,6.849231999999999,Gaussian,QC,"opt+freq: b3lyp/6-311G** em=gd3bj
energy: M062X/6-311G+(2d, p) em=gd3"
2639,c-c139+c-b4+c-b32,OCC[N+]1(CCC(F)(F)C(F)(F)C(F)F)CCCC1,pyrrolidium,-1158.7413078,0.243815,0.31231,603.16544,-0.42839,-0.11904,9.7477,-1158.4974928,-1158.4289978,8.41432,Gaussian,QC,"opt+freq: b3lyp/6-311G** em=gd3bj
energy: M062X/6-311G+(2d, p) em=gd3"
2640,c-c130+c-b39+c-b55+c-b58,COCC1CCC[N+]1(CC(=O)O)c1cscn1,pyrrolidium,-1162.4398516,0.227561,0.292349,570.526056,-0.38718,-0.1815,1.6927,-1162.2122906,-1162.1475026,5.594496,Gaussian,QC,"opt+freq: b3lyp/6-311G** em=gd3bj
energy: M062X/6-311G+(2d, p) em=gd3"
2641,c-c130+c-b10+c-b76+c-b81,CCCC1CCC[N+]1(CC)OC,pyrrolidium,-523.9017708,0.267078,0.321992,483.569984,-0.44784,-0.13355,3.6154,-523.6346928,-523.5797788,8.548688,Gaussian,QC,"opt+freq: b3lyp/6-311G** em=gd3bj
energy: M062X/6-311G+(2d, p) em=gd3"
2642,c-c130+c-b10+c-b51+c-b76,CCC1CCC[N+]1(OC)C1CCCCC1,pyrrolidium,-640.6237511,0.330293,0.388227,510.163488,-0.43346,-0.12609,4.0578,-640.2934581000001,-640.2355241,8.360464,Gaussian,QC,"opt+freq: b3lyp/6-311G** em=gd3bj
energy: M062X/6-311G+(2d, p) em=gd3"
2643,c-c130+c-b43+c-b63+c-b76,CO[N+]1(CC#N)CCCC1c1ccc2ccccc2c1,pyrrolidium,-843.5526392,0.272162,0.337491,575.283264,-0.33582,-0.17386,4.6103,-843.2804772000001,-843.2151482,4.405312,Gaussian,QC,"opt+freq: b3lyp/6-311G** em=gd3bj
energy: M062X/6-311G+(2d, p) em=gd3"
2644,c-c139+c-b20+c-b43,N#CC[N+]1(c2ccc(Cl)c(Cl)c2)CCCC1,pyrrolidium,-1494.6377506,0.180488,0.23975,521.8535840000001,-0.40098,-0.26966,6.8636,-1494.4572626,-1494.3980006,3.571904,Gaussian,QC,"opt+freq: b3lyp/6-311G** em=gd3bj
energy: M062X/6-311G+(2d, p) em=gd3"
2645,c-c130+c-b8+c-b78+c-b80,CC#CCC1CCC[N+]1(CCCCC)C(C)C,pyrrolidium,-682.113885,0.372577,0.444929,637.131152,-0.36865,-0.09896,3.156,-681.741308,-681.668956,7.335567999999999,Gaussian,QC,"opt+freq: b3lyp/6-311G** em=gd3bj
energy: M062X/6-311G+(2d, p) em=gd3"
2646,c-c139+c-b6+c-b74,CC(=O)[N+]1(CCN)CCCC1,pyrrolidium,-499.4756478,0.191076,0.249566,515.062952,-0.42037,-0.23362,4.1752,-499.2845718,-499.2260818,5.079600000000001,Gaussian,QC,"opt+freq: b3lyp/6-311G** em=gd3bj
energy: M062X/6-311G+(2d, p) em=gd3"
2647,c-c139+c-b38+c-b58,C#CC[N+]1(CC(=O)O)CCCC1,pyrrolidium,-556.2204182,0.178786,0.23084,458.386488,-0.43297,-0.17775,3.5786,-556.0416322000001,-555.9895782000001,6.941984,Gaussian,QC,"opt+freq: b3lyp/6-311G** em=gd3bj
energy: M062X/6-311G+(2d, p) em=gd3"
2648,c-c130+c-b38+c-b39+c-b46,C#CC[N+]1(c2ccc(C)cc2)CCCC1COC,pyrrolidium,-752.4904976,0.291273,0.358673,593.517136,-0.38451,-0.15816,2.3358,-752.1992246,-752.1318246000001,6.156720000000001,Gaussian,QC,"opt+freq: b3lyp/6-311G** em=gd3bj
energy: M062X/6-311G+(2d, p) em=gd3"
2649,c-c139+c-b16+c-b69,CCCCCCCCCC[N+]1(CCCC#N)CCCC1,pyrrolidium,-816.1113551,0.444038,0.522236,688.6027200000001,-0.37967,-0.12582,14.9173,-815.6673171,-815.5891191,6.90472,Gaussian,QC,"opt+freq: b3lyp/6-311G** em=gd3bj
energy: M062X/6-311G+(2d, p) em=gd3"
2650,c-c130+c-b18+c-b39+c-b47,CCC(=O)C1CCC[N+]1(COC)C(C)(C)C,pyrrolidium,-715.8791486,0.32544,0.390663,574.350232,-0.39158,-0.17494,5.5792,-715.5537086,-715.4884856,5.892607999999999,Gaussian,QC,"opt+freq: b3lyp/6-311G** em=gd3bj
energy: M062X/6-311G+(2d, p) em=gd3"
2651,c-c130+c-b30+c-b40+c-b65,CCC#CC[N+]1(N(C)C)CCCC1CCCC,pyrrolidium,-698.1121947,0.360639,0.432972,636.959608,-0.38441,-0.11354,0.8735,-697.7515557,-697.6792227000001,7.367663999999999,Gaussian,QC,"opt+freq: b3lyp/6-311G** em=gd3bj
energy: M062X/6-311G+(2d, p) em=gd3"
2652,c-c139+c-b35+c-b65,CCC#CC[N+]1(C(C)CC)CCCC1,pyrrolidium,-564.1989979,0.296252,0.358266,546.09568,-0.39603,-0.12208,2.1873,-563.9027459,-563.8407319,7.451440000000001,Gaussian,QC,"opt+freq: b3lyp/6-311G** em=gd3bj
energy: M062X/6-311G+(2d, p) em=gd3"
2653,c-c130+c-b10+c-b25+c-b36,CC[N+]1(c2ccccc2)CCCC1N1CCC(C)CC1,pyrrolidium,-812.5337676,0.384092,0.453323,609.642272,-0.33417,-0.18305,3.0401,-812.1496756,-812.0804446000001,4.110464,Gaussian,QC,"opt+freq: b3lyp/6-311G** em=gd3bj
energy: M062X/6-311G+(2d, p) em=gd3"
2654,c-c139+c-b13+c-b24,Cc1ccccc1[N+]1(CCC#N)CCCC1,pyrrolidium,-654.0675228,0.256044,0.314623,515.849544,-0.38753,-0.16347,6.6003,-653.8114788,-653.7528998,6.094431999999999,Gaussian,QC,"opt+freq: b3lyp/6-311G** em=gd3bj
energy: M062X/6-311G+(2d, p) em=gd3"
2655,c-c67+c-b67,Cc1ccc(C2CCC[N+]2(C)C)cc1F,pyrrolidium,-661.1065292,0.249416,0.306728,504.690816,-0.37117,-0.15754,7.7696,-660.8571132,-660.7998011999999,5.810735999999999,Gaussian,QC,"opt+freq: b3lyp/6-311G** em=gd3bj
energy: M062X/6-311G+(2d, p) em=gd3"
2656,c-c130+c-b18+c-b39+c-b58,CCC(=O)[N+]1(CC(=O)O)CCCC1COC,pyrrolidium,-786.5332063,0.25518,0.321517,584.161712,-0.39315,-0.20192,3.7255,-786.2780263,-786.2116893,5.201456,Gaussian,QC,"opt+freq: b3lyp/6-311G** em=gd3bj
energy: M062X/6-311G+(2d, p) em=gd3"
2657,c-c139+c-b16+c-b78,CCCCC[N+]1(CCCC#N)CCCC1,pyrrolidium,-619.5875612,0.31524,0.377343,546.878088,-0.43149,-0.12745,7.8541,-619.2723212,-619.2102182,8.269888,Gaussian,QC,"opt+freq: b3lyp/6-311G** em=gd3bj
energy: M062X/6-311G+(2d, p) em=gd3"
2658,c-c130+c-b12+c-b38+c-b60,C#CC[N+]1(CC=C)CCCC1C(=O)C(C)(C)C,pyrrolidium,-715.5856465,0.306185,0.373189,590.0360479999999,-0.39239,-0.17155,4.4031,-715.2794615,-715.2124575,6.006848,Gaussian,QC,"opt+freq: b3lyp/6-311G** em=gd3bj
energy: M062X/6-311G+(2d, p) em=gd3"
2659,c-c130+c-b47+c-b60+c-b73,C=CC[N+]1(C(C)(C)C)CCCC1CC(C)C,pyrrolidium,-644.0440095,0.37294,0.437972,572.66408,-0.40525,-0.14252,3.2111,-643.6710695,-643.6060375000001,7.146256,Gaussian,QC,"opt+freq: b3lyp/6-311G** em=gd3bj
energy: M062X/6-311G+(2d, p) em=gd3"
2660,c-c130+c-b45+c-b53+c-b80,CC(C)C1CCC[N+]1(C(=O)O)c1cccnc1,pyrrolidium,-766.4153528,0.255591,0.317323,543.610384,-0.39734,-0.18797,6.5598,-766.1597618000001,-766.0980298000001,5.694864000000001,Gaussian,QC,"opt+freq: b3lyp/6-311G** em=gd3bj
energy: M062X/6-311G+(2d, p) em=gd3"
2661,c-c139+c-b23+c-b28,C=CCC[N+]1(c2cccc(Cl)c2)CCCC1,pyrrolidium,-1059.5235713,0.251699,0.311718,528.52288,-0.38162,-0.17285,6.412,-1059.2718723,-1059.2118533,5.678544,Gaussian,QC,"opt+freq: b3lyp/6-311G** em=gd3bj
energy: M062X/6-311G+(2d, p) em=gd3"
2662,c-c139+c-b78+c-b81,CCCCC[N+]1(CCC)CCCC1,pyrrolidium,-527.3563878,0.318836,0.376606,508.720008,-0.44554,-0.11543,3.6326,-527.0375518,-526.9797818,8.978992,Gaussian,QC,"opt+freq: b3lyp/6-311G** em=gd3bj
energy: M062X/6-311G+(2d, p) em=gd3"
2663,c-c139+c-b74+c-b75,CC(=O)[N+]1(c2c(Cl)cccc2Cl)CCCC1,pyrrolidium,-1515.7335323,0.190816,0.249889,520.19672,-0.3935,-0.20253,4.1521,-1515.5427163,-1515.4836433,5.194384,Gaussian,QC,"opt+freq: b3lyp/6-311G** em=gd3bj
energy: M062X/6-311G+(2d, p) em=gd3"
2664,c-c139+c-b18+c-b53,CCC(=O)[N+]1(c2cccnc2)CCCC1,pyrrolidium,-651.8984272,0.225754,0.283584,509.247192,-0.40393,-0.20669,4.7545,-651.6726732,-651.6148432,5.364928,Gaussian,QC,"opt+freq: b3lyp/6-311G** em=gd3bj
energy: M062X/6-311G+(2d, p) em=gd3"
2665,c-c130+c-b45+c-b60+c-b79,C=CC[N+]1(CCCO)CCCC1C(=O)O,pyrrolidium,-711.3060169,0.257548,0.31825,534.539472,-0.40074,-0.15032,2.6486,-711.0484689,-710.9877669,6.811423999999999,Gaussian,QC,"opt+freq: b3lyp/6-311G** em=gd3bj
energy: M062X/6-311G+(2d, p) em=gd3"
2666,c-c139+c-b22+c-b60,C=CC[N+]1(c2ccc(Cl)cc2)CCCC1,pyrrolidium,-1020.2189476,0.225642,0.282656,502.063264,-0.38514,-0.17116,6.9223,-1019.9933056,-1019.9362916,5.820255999999999,Gaussian,QC,"opt+freq: b3lyp/6-311G** em=gd3bj
energy: M062X/6-311G+(2d, p) em=gd3"
2667,c-c139+c-b46+c-b47,Cc1ccc([N+]2(C(C)(C)C)CCCC2)cc1,pyrrolidium,-640.4634929,0.308724,0.370463,543.66896,-0.37938,-0.14919,2.5338,-640.1547689,-640.0930299,6.261168,Gaussian,QC,"opt+freq: b3lyp/6-311G** em=gd3bj
energy: M062X/6-311G+(2d, p) em=gd3"
2668,c-c130+c-b45+c-b60+c-b73,C=CCC1CCC[N+]1(CC(C)C)C(=O)O,pyrrolidium,-675.3868725,0.277709,0.339823,546.970136,-0.39398,-0.1783,0.9341,-675.1091635,-675.0470495,5.866496,Gaussian,QC,"opt+freq: b3lyp/6-311G** em=gd3bj
energy: M062X/6-311G+(2d, p) em=gd3"
2669,c-c139+c-b16+c-b22,N#CCCC[N+]1(c2ccc(Cl)cc2)CCCC1,pyrrolidium,-1113.6840182,0.245491,0.307107,542.58112,-0.39229,-0.17877,3.0739,-1113.4385272,-1113.3769112,5.807744,Gaussian,QC,"opt+freq: b3lyp/6-311G** em=gd3bj
energy: M062X/6-311G+(2d, p) em=gd3"
2670,c-c139+c-b4+c-b35,CCC(C)[N+]1(CCO)CCCC1,pyrrolidium,-523.9706731,0.269653,0.323888,477.595232,-0.42365,-0.10836,2.781,-523.7010201,-523.6467851,8.575888,Gaussian,QC,"opt+freq: b3lyp/6-311G** em=gd3bj
energy: M062X/6-311G+(2d, p) em=gd3"
2671,c-c139+c-b29+c-b45,CC(C)[N+]1(C(=O)O)CCCC1,pyrrolidium,-519.3975818,0.196959,0.247658,446.457904,-0.48112,-0.18655,1.9482,-519.2006228,-519.1499238,8.012304,Gaussian,QC,"opt+freq: b3lyp/6-311G** em=gd3bj
energy: M062X/6-311G+(2d, p) em=gd3"
2672,c-c130+c-b39+c-b43+c-b81,CCC[N+]1(CC#N)CCCC1COC,pyrrolidium,-616.1649273,0.263512,0.323813,531.008176,-0.40175,-0.16319,1.3314,-615.9014153,-615.8411143000001,6.488831999999999,Gaussian,QC,"opt+freq: b3lyp/6-311G** em=gd3bj
energy: M062X/6-311G+(2d, p) em=gd3"
2673,c-c139+c-b40+c-b65,CCC#CC[N+]1(N(C)C)CCCC1,pyrrolidium,-540.8879097,0.257697,0.317263,524.531344,-0.39405,-0.13034,2.9044,-540.6302127,-540.5706467,7.172912,Gaussian,QC,"opt+freq: b3lyp/6-311G** em=gd3bj
energy: M062X/6-311G+(2d, p) em=gd3"
2674,c-c139+c-b4+c-b10,CC[N+]1(CCO)CCCC1,pyrrolidium,-445.3605362,0.217901,0.266271,425.947936,-0.42803,-0.11599,1.4612,-445.1426352,-445.0942652,8.487488,Gaussian,QC,"opt+freq: b3lyp/6-311G** em=gd3bj
energy: M062X/6-311G+(2d, p) em=gd3"
2675,c-c130+c-b4+c-b16+c-b79,N#CCCC[N+]1(CCCO)CCCC1CCO,pyrrolidium,-770.0322233,0.324226,0.38989,578.237168,-0.39857,-0.11132,5.6472,-769.7079973000001,-769.6423333,7.8132,Gaussian,QC,"opt+freq: b3lyp/6-311G** em=gd3bj
energy: M062X/6-311G+(2d, p) em=gd3"
2676,c-c130+c-b30+c-b65+c-b76,CCC#CC[N+]1(OC)CCCC1CCCC,pyrrolidium,-678.6585027,0.320978,0.391425,620.3574960000001,-0.38677,-0.12493,4.2309,-678.3375247,-678.2670777,7.122048,Gaussian,QC,"opt+freq: b3lyp/6-311G** em=gd3bj
energy: M062X/6-311G+(2d, p) em=gd3"
2677,c-c130+c-b24+c-b37+c-b39,COC[N+]1(c2ccccc2C)CCCC1CC(C)O,pyrrolidium,-830.1857516,0.342731,0.411517,605.730232,-0.37994,-0.15209,2.2217,-829.8430206,-829.7742346,6.19752,Gaussian,QC,"opt+freq: b3lyp/6-311G** em=gd3bj
energy: M062X/6-311G+(2d, p) em=gd3"
2678,c-c139+c-b20+c-b71,CCCCCC[N+]1(c2ccc(Cl)c(Cl)c2)CCCC1,pyrrolidium,-1598.9589323,0.314305,0.384942,622.018544,-0.38313,-0.17659,7.1854,-1598.6446273,-1598.5739903,5.617888000000001,Gaussian,QC,"opt+freq: b3lyp/6-311G** em=gd3bj
energy: M062X/6-311G+(2d, p) em=gd3"
2679,c-c139+c-b45+c-b54,CCCCCCCCCCC[N+]1(C(=O)O)CCCC1,pyrrolidium,-833.8309257,0.403587,0.48006,673.418984,-0.38077,-0.18188,12.4054,-833.4273387,-833.3508657,5.409808,Gaussian,QC,"opt+freq: b3lyp/6-311G** em=gd3bj
energy: M062X/6-311G+(2d, p) em=gd3"
2680,c-c130+c-b37+c-b61+c-b76,CCCCCCCC[N+]1(OC)CCCC1CC(C)O,pyrrolidium,-834.9574607,0.423298,0.501529,688.8956000000001,-0.3879,-0.12203,7.816,-834.5341626999999,-834.4559317,7.231664000000001,Gaussian,QC,"opt+freq: b3lyp/6-311G** em=gd3bj
energy: M062X/6-311G+(2d, p) em=gd3"
2681,c-c130+c-b4+c-b36+c-b80,CC(C)[N+]1(c2ccccc2)CCCC1CCO,pyrrolidium,-715.6787136,0.315706,0.377918,547.840408,-0.39199,-0.15509,1.764,-715.3630076000001,-715.3007956,6.44368,Gaussian,QC,"opt+freq: b3lyp/6-311G** em=gd3bj
energy: M062X/6-311G+(2d, p) em=gd3"
2682,c-c130+c-b43+c-b45+c-b53,N#CCC1CCC[N+]1(C(=O)O)c1cccnc1,pyrrolidium,-780.0525446,0.203024,0.26151,515.025296,-0.40056,-0.18759,4.5606,-779.8495206,-779.7910346,5.792784,Gaussian,QC,"opt+freq: b3lyp/6-311G** em=gd3bj
energy: M062X/6-311G+(2d, p) em=gd3"
2683,c-c130+c-b10+c-b60+c-b74,C=CC[N+]1(C(C)=O)CCCC1CC,pyrrolidium,-560.8423739,0.246656,0.304386,508.372736,-0.42345,-0.20263,2.1773,-560.5957179,-560.5379879,6.006303999999999,Gaussian,QC,"opt+freq: b3lyp/6-311G** em=gd3bj
energy: M062X/6-311G+(2d, p) em=gd3"
2684,c-c139+c-b6+c-b22,NCC[N+]1(c2ccc(Cl)cc2)CCCC1,pyrrolidium,-1037.4852682,0.237938,0.295201,504.247312,-0.36856,-0.17436,7.2688,-1037.2473302,-1037.1900672,5.28224,Gaussian,QC,"opt+freq: b3lyp/6-311G** em=gd3bj
energy: M062X/6-311G+(2d, p) em=gd3"
2685,c-c93+c-b27,CC(C#N)CC[n+]1ccccn1,pyrazinium,-514.07167,0.156122,0.208085,457.58316,-0.43553,-0.28175,10.6534,-513.9155480000001,-513.8635850000001,4.182815999999999,Gaussian,QC,"opt+freq: b3lyp/6-311G** em=gd3bj
energy: M062X/6-311G+(2d, p) em=gd3"
2686,c-c81+c-b36,c1ccc(CCC[n+]2ccccn2)cc1,pyrazinium,-613.5659632,0.208324,0.262341,475.666408,-0.3712,-0.25848,5.7672,-613.3576392000001,-613.3036222000001,3.065983999999999,Gaussian,QC,"opt+freq: b3lyp/6-311G** em=gd3bj
energy: M062X/6-311G+(2d, p) em=gd3"
2687,c-c93+c-b8,CC#CCCC[n+]1ccccn1,pyrazinium,-497.994985,0.165513,0.219222,472.9551760000001,-0.38158,-0.26384,4.9859,-497.829472,-497.775763,3.202527999999999,Gaussian,QC,"opt+freq: b3lyp/6-311G** em=gd3bj
energy: M062X/6-311G+(2d, p) em=gd3"
2688,c-c81+c-b55,c1cc[n+](CCCc2cscn2)nc1,pyrazinium,-950.3718823,0.162484,0.217651,485.795872,-0.35273,-0.26372,9.9223,-950.2093983000001,-950.1542313,2.421071999999999,Gaussian,QC,"opt+freq: b3lyp/6-311G** em=gd3bj
energy: M062X/6-311G+(2d, p) em=gd3"
2689,c-c93+c-b17,CCCCCCCCCC(=O)CC[n+]1ccccn1,pyrazinium,-810.3002124,0.346163,0.421288,661.5573440000001,-0.3785,-0.25565,16.7914,-809.9540493999999,-809.8789244,3.34152,Gaussian,QC,"opt+freq: b3lyp/6-311G** em=gd3bj
energy: M062X/6-311G+(2d, p) em=gd3"
2690,c-c81+c-b12,CC(C)(C)C(=O)CCC[n+]1ccccn1,pyrazinium,-653.0876728,0.241592,0.304155,550.932384,-0.35628,-0.26659,11.6498,-652.8460808,-652.7835177999999,2.439568,Gaussian,QC,"opt+freq: b3lyp/6-311G** em=gd3bj
energy: M062X/6-311G+(2d, p) em=gd3"
2691,c-c93+c-b3,c1cc[n+](CCC2CCCC2)nc1,pyrazinium,-538.5527103,0.219951,0.272926,466.49508,-0.42127,-0.26637,7.3643,-538.3327592999999,-538.2797843,4.213279999999999,Gaussian,QC,"opt+freq: b3lyp/6-311G** em=gd3bj
energy: M062X/6-311G+(2d, p) em=gd3"
2692,c-c81+c-b67,Cc1ccc(CCC[n+]2ccccn2)cc1F,pyrazinium,-752.1187535,0.222856,0.283584,534.773776,-0.36278,-0.25854,6.575,-751.8958975,-751.8351695,2.835328,Gaussian,QC,"opt+freq: b3lyp/6-311G** em=gd3bj
energy: M062X/6-311G+(2d, p) em=gd3"
2693,c-c81+c-b46,Cc1ccc(CCC[n+]2ccccn2)cc1,pyrazinium,-652.8754774,0.232088,0.290583,515.104792,-0.35805,-0.25589,6.1305,-652.6433894,-652.5848944,2.778751999999999,Gaussian,QC,"opt+freq: b3lyp/6-311G** em=gd3bj
energy: M062X/6-311G+(2d, p) em=gd3"
2694,c-c93+c-b4,OCCCC[n+]1ccccn1,pyrazinium,-497.0623402,0.163932,0.21372,438.432992,-0.39675,-0.26624,5.781,-496.8984082,-496.8486202,3.549872,Gaussian,QC,"opt+freq: b3lyp/6-311G** em=gd3bj
energy: M062X/6-311G+(2d, p) em=gd3"
2695,c-c93+c-b18,CCC(=O)CC[n+]1ccccn1,pyrazinium,-535.1735732,0.166139,0.218632,462.24832,-0.38983,-0.26234,5.1728,-535.0074341999999,-534.9549412,3.467728,Gaussian,QC,"opt+freq: b3lyp/6-311G** em=gd3bj
energy: M062X/6-311G+(2d, p) em=gd3"
2696,c-c93+c-b40,CN(C)CC[n+]1ccccn1,pyrazinium,-477.1740754,0.175158,0.224645,435.780336,-0.35025,-0.25923,4.9959,-476.9989174,-476.9494304,2.475744,Gaussian,QC,"opt+freq: b3lyp/6-311G** em=gd3bj
energy: M062X/6-311G+(2d, p) em=gd3"
2697,c-c81+c-b22,Clc1ccc(CCC[n+]2ccccn2)cc1,pyrazinium,-1073.1611015,0.19664,0.254019,505.28076,-0.35933,-0.26213,9.7353,-1072.9644615,-1072.9070825,2.64384,Gaussian,QC,"opt+freq: b3lyp/6-311G** em=gd3bj
energy: M062X/6-311G+(2d, p) em=gd3"
2698,c-c81+c-b50,C=Cc1ccc(CCC[n+]2ccccn2)cc1,pyrazinium,-690.9482603,0.236269,0.296194,527.702816,-0.33515,-0.2559,7.859,-690.7119913,-690.6520663,2.1556,Gaussian,QC,"opt+freq: b3lyp/6-311G** em=gd3bj
energy: M062X/6-311G+(2d, p) em=gd3"
2699,c-c93+c-b55,c1cc[n+](CCc2cscn2)nc1,pyrazinium,-911.0755677,0.137073,0.1886,453.742248,-0.36765,-0.26531,8.8761,-910.9384947,-910.8869677,2.783647999999999,Gaussian,QC,"opt+freq: b3lyp/6-311G** em=gd3bj
energy: M062X/6-311G+(2d, p) em=gd3"
2700,c-c81+c-b9,CC(F)CCC[n+]1ccccn1,pyrazinium,-560.4029301,0.178745,0.229931,450.74232,-0.45421,-0.26164,4.5589,-560.2241851,-560.1729991000001,5.237904,Gaussian,QC,"opt+freq: b3lyp/6-311G** em=gd3bj
energy: M062X/6-311G+(2d, p) em=gd3"
2701,c-c81+c-b72,CCC(C)CCCC[n+]1ccccn1,pyrazinium,-579.0641229,0.262551,0.322888,531.3219760000001,-0.41113,-0.26593,10.3421,-578.8015719,-578.7412349,3.94944,Gaussian,QC,"opt+freq: b3lyp/6-311G** em=gd3bj
energy: M062X/6-311G+(2d, p) em=gd3"
2702,c-c93+c-b36,c1ccc(CC[n+]2ccccn2)cc1,pyrazinium,-574.255985,0.18127,0.232979,455.34472,-0.36905,-0.26213,6.9686,-574.074715,-574.023006,2.908224,Gaussian,QC,"opt+freq: b3lyp/6-311G** em=gd3bj
energy: M062X/6-311G+(2d, p) em=gd3"
2703,c-c93+c-b37,CC(O)CCC[n+]1ccccn1,pyrazinium,-536.383534,0.191447,0.242353,448.282128,-0.41199,-0.25436,3.7491,-536.192087,-536.1411810000001,4.287536000000001,Gaussian,QC,"opt+freq: b3lyp/6-311G** em=gd3bj
energy: M062X/6-311G+(2d, p) em=gd3"
2704,c-c81+c-b79,OCCCCCC[n+]1ccccn1,pyrazinium,-575.6720641,0.215586,0.271707,494.2015280000001,-0.36473,-0.26471,7.8512,-575.4564780999999,-575.4003571,2.720544,Gaussian,QC,"opt+freq: b3lyp/6-311G** em=gd3bj
energy: M062X/6-311G+(2d, p) em=gd3"
2705,c-c93+c-b56,CCCCCCCCC[n+]1ccccn1,pyrazinium,-618.3671674,0.289024,0.352479,558.781568,-0.39671,-0.26565,12.5768,-618.0781433999999,-618.0146884,3.564832,Gaussian,QC,"opt+freq: b3lyp/6-311G** em=gd3bj
energy: M062X/6-311G+(2d, p) em=gd3"
2706,c-c81+c-b54,CCCCCCCCCCCCCC[n+]1ccccn1,pyrazinium,-814.8899233,0.4179,0.497428,700.3262880000001,-0.36234,-0.265,22.4884,-814.4720232999999,-814.3924953,2.647647999999999,Gaussian,QC,"opt+freq: b3lyp/6-311G** em=gd3bj
energy: M062X/6-311G+(2d, p) em=gd3"
2707,c-c81+c-b65,CCC#CCCCC[n+]1ccccn1,pyrazinium,-576.6003191,0.215626,0.277281,542.928392,-0.35715,-0.26587,9.8494,-576.3846930999999,-576.3230381,2.482816000000001,Gaussian,QC,"opt+freq: b3lyp/6-311G** em=gd3bj
energy: M062X/6-311G+(2d, p) em=gd3"
2708,c-c93+c-b24,Cc1ccccc1CC[n+]1ccccn1,pyrazinium,-613.5687598,0.206619,0.261525,483.498856,-0.36832,-0.25811,6.0297,-613.3621407999999,-613.3072348,2.997711999999999,Gaussian,QC,"opt+freq: b3lyp/6-311G** em=gd3bj
energy: M062X/6-311G+(2d, p) em=gd3"
2709,c-c93+c-b65,CCC#CCCC[n+]1ccccn1,pyrazinium,-537.2935988,0.190014,0.248188,512.2805920000001,-0.3641,-0.26545,8.1027,-537.1035848,-537.0454108,2.683279999999999,Gaussian,QC,"opt+freq: b3lyp/6-311G** em=gd3bj
energy: M062X/6-311G+(2d, p) em=gd3"
2710,c-c93+c-b70,O=S(=O)(O)CCCCC[n+]1ccccn1,pyrazinium,-1084.972069,0.194111,0.255657,541.97444,-0.40241,-0.27162,15.8424,-1084.777958,-1084.716412,3.557488,Gaussian,QC,"opt+freq: b3lyp/6-311G** em=gd3bj
energy: M062X/6-311G+(2d, p) em=gd3"
2711,c-c81+c-b75,Clc1cccc(Cl)c1CCC[n+]1ccccn1,pyrazinium,-1532.7689804,0.185719,0.246194,532.543704,-0.36321,-0.26108,9.8484,-1532.5832614,-1532.5227864,2.777936,Gaussian,QC,"opt+freq: b3lyp/6-311G** em=gd3bj
energy: M062X/6-311G+(2d, p) em=gd3"
2712,c-c93+c-b10,CCCC[n+]1ccccn1,pyrazinium,-421.8431255,0.160602,0.207577,413.663712,-0.46763,-0.26916,4.2539,-421.6825235,-421.6355485,5.398383999999999,Gaussian,QC,"opt+freq: b3lyp/6-311G** em=gd3bj
energy: M062X/6-311G+(2d, p) em=gd3"
2713,c-c93+c-b80,CC(C)CC[n+]1ccccn1,pyrazinium,-461.1498741,0.185894,0.235967,440.943392,-0.44973,-0.26858,6.3721,-460.9639801,-460.9139071,4.927280000000001,Gaussian,QC,"opt+freq: b3lyp/6-311G** em=gd3bj
energy: M062X/6-311G+(2d, p) em=gd3"
2714,c-c81+c-b77,FC(F)(F)CCCC[n+]1ccccn1,pyrazinium,-758.9022239,0.161026,0.216625,489.607496,-0.47601,-0.27413,11.8983,-758.7411979,-758.6855989,5.491136,Gaussian,QC,"opt+freq: b3lyp/6-311G** em=gd3bj
energy: M062X/6-311G+(2d, p) em=gd3"
2715,c-c81+c-b48,Cc1cccc(CCC[n+]2ccccn2)c1,pyrazinium,-652.8756755,0.232122,0.29056,514.602712,-0.3619,-0.25564,6.2238,-652.6435535,-652.5851155,2.890272,Gaussian,QC,"opt+freq: b3lyp/6-311G** em=gd3bj
energy: M062X/6-311G+(2d, p) em=gd3"
2716,c-c81+c-b39,COCCCC[n+]1ccccn1,pyrazinium,-536.3541821,0.188622,0.242227,472.047248,-0.36487,-0.26694,8.1569,-536.1655601,-536.1119551,2.663696,Gaussian,QC,"opt+freq: b3lyp/6-311G** em=gd3bj
energy: M062X/6-311G+(2d, p) em=gd3"
2717,c-c93+c-b48,Cc1cccc(CC[n+]2ccccn2)c1,pyrazinium,-613.569917,0.20543,0.261354,492.465168,-0.36653,-0.25738,6.1749,-613.364487,-613.308563,2.96888,Gaussian,QC,"opt+freq: b3lyp/6-311G** em=gd3bj
energy: M062X/6-311G+(2d, p) em=gd3"
2718,c-c93+c-b76,COCC[n+]1ccccn1,pyrazinium,-457.7403594,0.137027,0.184129,414.776656,-0.40043,-0.26539,4.2977,-457.6033324,-457.5562304,3.673088,Gaussian,QC,"opt+freq: b3lyp/6-311G** em=gd3bj
energy: M062X/6-311G+(2d, p) em=gd3"
2719,c-c81+c-b2,CCCCCCC(O)CCCC[n+]1ccccn1,pyrazinium,-772.2055091,0.344977,0.416391,628.863568,-0.39113,-0.25245,11.6986,-771.8605321,-771.7891181,3.772095999999999,Gaussian,QC,"opt+freq: b3lyp/6-311G** em=gd3bj
energy: M062X/6-311G+(2d, p) em=gd3"
2720,c-c81+c-b70,O=S(=O)(O)CCCCCC[n+]1ccccn1,pyrazinium,-1124.2775474,0.21976,0.284705,571.902592,-0.39399,-0.26937,16.4949,-1124.0577874,-1123.9928424,3.389664,Gaussian,QC,"opt+freq: b3lyp/6-311G** em=gd3bj
energy: M062X/6-311G+(2d, p) em=gd3"
2721,c-c81+c-b28,C=CCCCCC[n+]1ccccn1,pyrazinium,-538.5275465,0.214757,0.27113,496.414864,-0.35186,-0.26737,9.1535,-538.3127895,-538.2564165,2.298128,Gaussian,QC,"opt+freq: b3lyp/6-311G** em=gd3bj
energy: M062X/6-311G+(2d, p) em=gd3"
2722,c-c81+c-b3,c1cc[n+](CCCC2CCCC2)nc1,pyrazinium,-577.8557037,0.244727,0.301765,502.276648,-0.40244,-0.26652,11.2675,-577.6109767,-577.5539387,3.697024000000001,Gaussian,QC,"opt+freq: b3lyp/6-311G** em=gd3bj
energy: M062X/6-311G+(2d, p) em=gd3"
2723,c-c93+c-b39,COCCC[n+]1ccccn1,pyrazinium,-497.0478486,0.162151,0.213098,448.641952,-0.37999,-0.2669,6.4092,-496.8856976,-496.8347506,3.076047999999999,Gaussian,QC,"opt+freq: b3lyp/6-311G** em=gd3bj
energy: M062X/6-311G+(2d, p) em=gd3"
2724,c-c93+c-b61,CCCCCCCCCC[n+]1ccccn1,pyrazinium,-657.6717749,0.314927,0.381485,586.1114560000001,-0.38784,-0.26544,14.5427,-657.3568478999999,-657.2902899,3.32928,Gaussian,QC,"opt+freq: b3lyp/6-311G** em=gd3bj
energy: M062X/6-311G+(2d, p) em=gd3"
2725,c-c93+c-b23,Clc1cccc(CC[n+]2ccccn2)c1,pyrazinium,-1033.8559318,0.169492,0.22488,487.745616,-0.3621,-0.26621,11.099,-1033.6864398,-1033.6310518,2.608207999999999,Gaussian,QC,"opt+freq: b3lyp/6-311G** em=gd3bj
energy: M062X/6-311G+(2d, p) em=gd3"
2726,c-c93+c-b9,CC(F)CC[n+]1ccccn1,pyrazinium,-521.0823513,0.15105,0.200722,437.420464,-0.45364,-0.27657,7.8646,-520.9313013,-520.8816293,4.816304,Gaussian,QC,"opt+freq: b3lyp/6-311G** em=gd3bj
energy: M062X/6-311G+(2d, p) em=gd3"
2727,c-c93+c-b86,Clc1ccc(CC[n+]2ccccn2)c(Cl)c1,pyrazinium,-1493.4639636,0.159913,0.217027,502.946088,-0.37307,-0.26304,8.8729,-1493.3040506,-1493.2469366,2.992816,Gaussian,QC,"opt+freq: b3lyp/6-311G** em=gd3bj
energy: M062X/6-311G+(2d, p) em=gd3"
2728,c-c81+c-b27,CC(C#N)CCC[n+]1ccccn1,pyrazinium,-553.3954509,0.184041,0.237342,469.369488,-0.45081,-0.26212,5.0061,-553.2114099,-553.1581089,5.132367999999999,Gaussian,QC,"opt+freq: b3lyp/6-311G** em=gd3bj
energy: M062X/6-311G+(2d, p) em=gd3"
2729,c-c93+c-b6,NCCCC[n+]1ccccn1,pyrazinium,-477.1853008,0.175825,0.22589,440.863896,-0.3384,-0.27046,7.6993,-477.0094758,-476.9594108,1.847968,Gaussian,QC,"opt+freq: b3lyp/6-311G** em=gd3bj
energy: M062X/6-311G+(2d, p) em=gd3"
2730,c-c93+c-b47,CC(C)(C)CC[n+]1ccccn1,pyrazinium,-500.4565755,0.212248,0.264188,457.378144,-0.44257,-0.2668,6.6314,-500.2443275,-500.1923875,4.780944000000001,Gaussian,QC,"opt+freq: b3lyp/6-311G** em=gd3bj
energy: M062X/6-311G+(2d, p) em=gd3"
2731,c-c81+c-b19,FCCCCCC[n+]1ccccn1,pyrazinium,-599.691951,0.203613,0.259595,492.971432,-0.42396,-0.26897,9.8362,-599.488338,-599.432356,4.215728,Gaussian,QC,"opt+freq: b3lyp/6-311G** em=gd3bj
energy: M062X/6-311G+(2d, p) em=gd3"
2732,c-c93+c-b30,CCCCCC[n+]1ccccn1,pyrazinium,-500.452327,0.21202,0.265555,471.4280160000001,-0.4263,-0.26785,8.5828,-500.240307,-500.186772,4.309840000000001,Gaussian,QC,"opt+freq: b3lyp/6-311G** em=gd3bj
energy: M062X/6-311G+(2d, p) em=gd3"
2733,c-c93+c-b43,N#CCCC[n+]1ccccn1,pyrazinium,-474.7679757,0.131308,0.17951,424.4668,-0.44416,-0.27913,9.4435,-474.6366677,-474.5884657,4.488816,Gaussian,QC,"opt+freq: b3lyp/6-311G** em=gd3bj
energy: M062X/6-311G+(2d, p) em=gd3"
2734,c-c113+c-b40+c-b72,CCC(C)C[N+]1(N(C)C)CCCCC1,piperidinium,-582.6620636,0.33261,0.392747,529.560512,-0.39277,-0.1115,3.2365,-582.3294536,-582.2693166,7.650544,Gaussian,QC,"opt+freq: b3lyp/6-311G** em=gd3bj
energy: M062X/6-311G+(2d, p) em=gd3"
2735,c-c113+c-b17+c-b45,CCCCCCCCCC(=O)[N+]1(C(=O)O)CCCCC1,piperidinium,-907.8524256,0.383384,0.461112,684.4647440000001,-0.3932,-0.20315,9.2092,-907.4690416,-907.3913136,5.16936,Gaussian,QC,"opt+freq: b3lyp/6-311G** em=gd3bj
energy: M062X/6-311G+(2d, p) em=gd3"
2736,c-c113+c-b46+c-b56,CCCCCCC[N+]1(c2ccc(C)cc2)CCCCC1,piperidinium,-797.6934027,0.414659,0.487805,644.1142480000001,-0.38151,-0.15185,5.2973,-797.2787437,-797.2055977,6.246752,Gaussian,QC,"opt+freq: b3lyp/6-311G** em=gd3bj
energy: M062X/6-311G+(2d, p) em=gd3"
2737,c-c113+c-b6+c-b48,Cc1cccc([N+]2(CCN)CCCCC2)c1,piperidinium,-656.5148729,0.301065,0.361289,530.334552,-0.36467,-0.1573,2.8427,-656.2138079,-656.1535839,5.640464,Gaussian,QC,"opt+freq: b3lyp/6-311G** em=gd3bj
energy: M062X/6-311G+(2d, p) em=gd3"
2738,c-c113+c-b39+c-b74,COC[N+]1(C(C)=O)CCCCC1,piperidinium,-558.6692542,0.222725,0.275968,468.85904,-0.44546,-0.19568,2.2675,-558.4465292,-558.3932861999999,6.794016000000001,Gaussian,QC,"opt+freq: b3lyp/6-311G** em=gd3bj
energy: M062X/6-311G+(2d, p) em=gd3"
2739,c-c89+c-b39,COC[N+]1(C)CCCCC1,piperidinium,-445.3534128,0.217904,0.266108,424.483536,-0.42966,-0.11932,1.51,-445.1355088,-445.0873048,8.441248,Gaussian,QC,"opt+freq: b3lyp/6-311G** em=gd3bj
energy: M062X/6-311G+(2d, p) em=gd3"
2740,c-c113+c-b9+c-b28,C=CCC[N+]1(C(C)F)CCCCC1,piperidinium,-586.0709981,0.262792,0.317275,479.775096,-0.38745,-0.12466,3.4773,-585.8082061,-585.7537231,7.147888,Gaussian,QC,"opt+freq: b3lyp/6-311G** em=gd3bj
energy: M062X/6-311G+(2d, p) em=gd3"
2741,c-c113+c-b76+c-b78,CCCCC[N+]1(OC)CCCCC1,piperidinium,-563.2185982,0.294882,0.351949,502.536056,-0.44797,-0.13086,2.9798,-562.9237162,-562.8666492,8.625392,Gaussian,QC,"opt+freq: b3lyp/6-311G** em=gd3bj
energy: M062X/6-311G+(2d, p) em=gd3"
2742,c-c113+c-b16+c-b37,CC(O)C[N+]1(CCCC#N)CCCCC1,piperidinium,-655.5084829,0.293037,0.354044,537.221416,-0.41342,-0.11825,6.2827,-655.2154459,-655.1544389,8.028624,Gaussian,QC,"opt+freq: b3lyp/6-311G** em=gd3bj
energy: M062X/6-311G+(2d, p) em=gd3"
2743,c-c113+c-b13+c-b72,CCC(C)C[N+]1(CCC#N)CCCCC1,piperidinium,-619.6048411,0.319336,0.37729,510.347584,-0.36693,-0.13746,5.3074,-619.2855051,-619.2275511,6.241584,Gaussian,QC,"opt+freq: b3lyp/6-311G** em=gd3bj
energy: M062X/6-311G+(2d, p) em=gd3"
2744,c-c89+c-b74,CC(=O)[N+]1(C)CCCCC1,piperidinium,-444.1590686,0.194791,0.241554,411.797648,-0.46629,-0.21244,3.5216,-443.9642776,-443.9175146,6.90472,Gaussian,QC,"opt+freq: b3lyp/6-311G** em=gd3bj
energy: M062X/6-311G+(2d, p) em=gd3"
2745,c-c113+c-b38+c-b53,C#CC[N+]1(c2cccnc2)CCCCC1,piperidinium,-614.7122071,0.231048,0.284967,474.812872,-0.39433,-0.18077,3.6622,-614.4811591,-614.4272401,5.808832000000001,Gaussian,QC,"opt+freq: b3lyp/6-311G** em=gd3bj
energy: M062X/6-311G+(2d, p) em=gd3"
2746,c-c113+c-b11+c-b40,CN(C)[N+]1(C(F)(F)F)CCCCC1,piperidinium,-723.1682439,0.204471,0.256249,455.955584,-0.41934,-0.13154,4.1183,-722.9637729,-722.9119949,7.82816,Gaussian,QC,"opt+freq: b3lyp/6-311G** em=gd3bj
energy: M062X/6-311G+(2d, p) em=gd3"
2747,c-c113+c-b10+c-b81,CCC[N+]1(CC)CCCCC1,piperidinium,-448.7541651,0.268855,0.318799,439.80116,-0.4699,-0.11502,1.2302,-448.4853101,-448.4353661,9.652735999999999,Gaussian,QC,"opt+freq: b3lyp/6-311G** em=gd3bj
energy: M062X/6-311G+(2d, p) em=gd3"
2748,c-c113+c-b3+c-b11,FC(F)(F)[N+]1(C2CCCC2)CCCCC1,piperidinium,-784.5849787,0.25027,0.305399,485.461152,-0.45801,-0.111,2.641,-784.3347087,-784.2795797,9.438671999999999,Gaussian,QC,"opt+freq: b3lyp/6-311G** em=gd3bj
energy: M062X/6-311G+(2d, p) em=gd3"
2749,c-c113+c-b73+c-b76,CO[N+]1(CC(C)C)CCCCC1,piperidinium,-523.9110598,0.268827,0.322416,471.909176,-0.45123,-0.13514,2.0385,-523.6422328,-523.5886438,8.597648,Gaussian,QC,"opt+freq: b3lyp/6-311G** em=gd3bj
energy: M062X/6-311G+(2d, p) em=gd3"
2750,c-c113+c-b9+c-b45,CC(F)[N+]1(C(=O)O)CCCCC1,piperidinium,-618.6406723,0.190983,0.241261,442.738328,-0.48477,-0.18787,1.7812,-618.4496893,-618.3994113,8.075679999999998,Gaussian,QC,"opt+freq: b3lyp/6-311G** em=gd3bj
energy: M062X/6-311G+(2d, p) em=gd3"
2751,c-c89+c-b37,CC(O)C[N+]1(C)CCCCC1,piperidinium,-484.677118,0.245633,0.295289,437.265656,-0.4293,-0.11558,1.9615,-484.431485,-484.381829,8.533184,Gaussian,QC,"opt+freq: b3lyp/6-311G** em=gd3bj
energy: M062X/6-311G+(2d, p) em=gd3"
2752,c-c113+c-b40+c-b48,Cc1cccc([N+]2(N(C)C)CCCCC2)c1,piperidinium,-656.4605261,0.299853,0.359457,524.8702480000001,-0.37811,-0.15267,2.5258,-656.1606731,-656.1010691,6.131968,Gaussian,QC,"opt+freq: b3lyp/6-311G** em=gd3bj
energy: M062X/6-311G+(2d, p) em=gd3"
2753,c-c89+c-b36,C[N+]1(c2ccccc2)CCCCC1,piperidinium,-522.5482182,0.236743,0.285903,432.905928,-0.40089,-0.16216,1.9694,-522.3114751999999,-522.2623152,6.493456,Gaussian,QC,"opt+freq: b3lyp/6-311G** em=gd3bj
energy: M062X/6-311G+(2d, p) em=gd3"
2754,c-c113+c-b28+c-b30,C=CCC[N+]1(CCCC)CCCCC1,piperidinium,-565.4386121,0.324342,0.382445,511.657176,-0.39247,-0.12899,2.2563,-565.1142701,-565.0561671,7.166656,Gaussian,QC,"opt+freq: b3lyp/6-311G** em=gd3bj
energy: M062X/6-311G+(2d, p) em=gd3"
2755,c-c113+c-b39+c-b44,COC[N+]1(CCC(C)C)CCCCC1,piperidinium,-602.5751277,0.321042,0.381499,532.380528,-0.42096,-0.10506,1.884,-602.2540857,-602.1936287000001,8.59248,Gaussian,QC,"opt+freq: b3lyp/6-311G** em=gd3bj
energy: M062X/6-311G+(2d, p) em=gd3"
2756,c-c113+c-b24+c-b45,Cc1ccccc1[N+]1(C(=O)O)CCCCC1,piperidinium,-711.0982947,0.245407,0.302112,499.343664,-0.38753,-0.17597,2.8433,-710.8528877,-710.7961827,5.754432,Gaussian,QC,"opt+freq: b3lyp/6-311G** em=gd3bj
energy: M062X/6-311G+(2d, p) em=gd3"
2757,c-c113+c-b27+c-b38,C#CC[N+]1(C(C)C#N)CCCCC1,piperidinium,-538.4974368,0.218081,0.27159,471.197896,-0.43442,-0.1616,4.1671,-538.2793558,-538.2258468,7.420703999999999,Gaussian,QC,"opt+freq: b3lyp/6-311G** em=gd3bj
energy: M062X/6-311G+(2d, p) em=gd3"
2758,c-c113+c-b36+c-b79,OCCC[N+]1(c2ccccc2)CCCCC1,piperidinium,-676.383886,0.29218,0.349849,507.833,-0.38906,-0.15863,1.4234,-676.0917059999999,-676.034037,6.267696000000001,Gaussian,QC,"opt+freq: b3lyp/6-311G** em=gd3bj
energy: M062X/6-311G+(2d, p) em=gd3"
2759,c-c113+c-b22+c-b27,CC(C#N)[N+]1(c2ccc(Cl)cc2)CCCCC1,piperidinium,-1113.6771306,0.246318,0.306391,528.999856,-0.39434,-0.18608,1.8956,-1113.4308126,-1113.3707396,5.664672,Gaussian,QC,"opt+freq: b3lyp/6-311G** em=gd3bj
energy: M062X/6-311G+(2d, p) em=gd3"
2760,c-c113+c-b8+c-b28,C=CCC[N+]1(CC#CC)CCCCC1,piperidinium,-562.9765034,0.274908,0.335269,531.5353600000001,-0.38617,-0.13087,2.1716,-562.7015954,-562.6412343999999,6.94416,Gaussian,QC,"opt+freq: b3lyp/6-311G** em=gd3bj
energy: M062X/6-311G+(2d, p) em=gd3"
2761,c-c113+c-b10+c-b53,CC[N+]1(c2cccnc2)CCCCC1,piperidinium,-577.8747502,0.250245,0.303275,466.984608,-0.39559,-0.18318,3.2285,-577.6245052,-577.5714752,5.777551999999999,Gaussian,QC,"opt+freq: b3lyp/6-311G** em=gd3bj
energy: M062X/6-311G+(2d, p) em=gd3"
2762,c-c113+c-b39+c-b65,CCC#CC[N+]1(COC)CCCCC1,piperidinium,-600.1097426,0.272019,0.335279,557.061944,-0.39406,-0.1236,2.8076,-599.8377236,-599.7744636,7.356512,Gaussian,QC,"opt+freq: b3lyp/6-311G** em=gd3bj
energy: M062X/6-311G+(2d, p) em=gd3"
2763,c-c113+c-b10+c-b77,CC[N+]1(CC(F)(F)F)CCCCC1,piperidinium,-707.1911624,0.21644,0.269306,465.53276,-0.4886,-0.12143,5.4191,-706.9747224,-706.9218564,9.987024,Gaussian,QC,"opt+freq: b3lyp/6-311G** em=gd3bj
energy: M062X/6-311G+(2d, p) em=gd3"
2764,c-c113+c-b12+c-b23,CC(C)(C)C(=O)[N+]1(c2cccc(Cl)c2)CCCCC1,piperidinium,-1213.3865821,0.307636,0.37353,580.25804,-0.387,-0.19665,5.1757,-1213.0789461,-1213.0130521,5.17752,Gaussian,QC,"opt+freq: b3lyp/6-311G** em=gd3bj
energy: M062X/6-311G+(2d, p) em=gd3"
2765,c-c113+c-b38+c-b81,C#CC[N+]1(CCC)CCCCC1,piperidinium,-485.5825671,0.248697,0.300701,457.951352,-0.42652,-0.14151,0.7283,-485.3338701,-485.2818661,7.752272,Gaussian,QC,"opt+freq: b3lyp/6-311G** em=gd3bj
energy: M062X/6-311G+(2d, p) em=gd3"
2766,c-c113+c-b4+c-b45,O=C(O)[N+]1(CCO)CCCCC1,piperidinium,-594.6146478,0.203973,0.25395,440.102408,-0.46137,-0.16583,6.5814,-594.4106747999999,-594.3606977999999,8.038688,Gaussian,QC,"opt+freq: b3lyp/6-311G** em=gd3bj
energy: M062X/6-311G+(2d, p) em=gd3"
2767,c-c113+c-b20+c-b43,N#CC[N+]1(c2ccc(Cl)c(Cl)c2)CCCCC1,piperidinium,-1533.9435276,0.20801,0.269205,538.87828,-0.39189,-0.26615,5.8057,-1533.7355176,-1533.6743226,3.420128000000001,Gaussian,QC,"opt+freq: b3lyp/6-311G** em=gd3bj
energy: M062X/6-311G+(2d, p) em=gd3"
2768,c-c113+c-b10+c-b19,CC[N+]1(CCCF)CCCCC1,piperidinium,-547.990121,0.260835,0.312996,459.327888,-0.46898,-0.11338,2.5817,-547.729286,-547.677125,9.672320000000001,Gaussian,QC,"opt+freq: b3lyp/6-311G** em=gd3bj
energy: M062X/6-311G+(2d, p) em=gd3"
2769,c-c113+c-b9+c-b40,CC(F)[N+]1(N(C)C)CCCCC1,piperidinium,-563.9875505,0.247699,0.299213,453.6334640000001,-0.40004,-0.12121,1.8632,-563.7398515,-563.6883375,7.584176,Gaussian,QC,"opt+freq: b3lyp/6-311G** em=gd3bj
energy: M062X/6-311G+(2d, p) em=gd3"
2770,c-c113+c-b4+c-b6,NCC[N+]1(CCO)CCCCC1,piperidinium,-540.0084753,0.260995,0.313769,464.729432,-0.36249,-0.11212,2.1018,-539.7474803,-539.6947063,6.810064,Gaussian,QC,"opt+freq: b3lyp/6-311G** em=gd3bj
energy: M062X/6-311G+(2d, p) em=gd3"
2771,c-c113+c-b69+c-b79,CCCCCCCCCC[N+]1(CCCO)CCCCC1,piperidinium,-838.4128532,0.47771,0.557028,698.464408,-0.38492,-0.10248,10.0342,-837.9351432,-837.8558252,7.682367999999999,Gaussian,QC,"opt+freq: b3lyp/6-311G** em=gd3bj
energy: M062X/6-311G+(2d, p) em=gd3"
2772,c-c113+c-b44+c-b77,CC(C)CC[N+]1(CC(F)(F)F)CCCCC1,piperidinium,-825.1051033,0.293943,0.355645,543.346792,-0.45598,-0.11755,5.1768,-824.8111603,-824.7494583,9.205296,Gaussian,QC,"opt+freq: b3lyp/6-311G** em=gd3bj
energy: M062X/6-311G+(2d, p) em=gd3"
2773,c-c113+c-b23+c-b79,OCCC[N+]1(c2cccc(Cl)c2)CCCCC1,piperidinium,-1135.9820799,0.280386,0.34163,539.3134160000001,-0.38204,-0.16751,4.487,-1135.7016939,-1135.6404499,5.835216,Gaussian,QC,"opt+freq: b3lyp/6-311G** em=gd3bj
energy: M062X/6-311G+(2d, p) em=gd3"
2774,c-c89+c-b28,C=CCC[N+]1(C)CCCCC1,piperidinium,-447.5247551,0.244863,0.295265,443.83872,-0.39561,-0.13293,1.91,-447.2798921,-447.2294901,7.144896,Gaussian,QC,"opt+freq: b3lyp/6-311G** em=gd3bj
energy: M062X/6-311G+(2d, p) em=gd3"
2775,c-c90+c-b51,C1CCC([N+]23CCC(CC2)CC3)CC1,piperidinium,-564.2731468,0.312432,0.363193,447.006008,-0.43984,-0.11871,2.1277,-563.9607148,-563.9099537999999,8.734736,Gaussian,QC,"opt+freq: b3lyp/6-311G** em=gd3bj
energy: M062X/6-311G+(2d, p) em=gd3"
2776,c-c113+c-b9+c-b79,CC(F)[N+]1(CCCO)CCCCC1,piperidinium,-623.2183224,0.263879,0.317991,476.507392,-0.40523,-0.11222,1.7164,-622.9544434000001,-622.9003314,7.969872,Gaussian,QC,"opt+freq: b3lyp/6-311G** em=gd3bj
energy: M062X/6-311G+(2d, p) em=gd3"
2777,c-c113+c-b4+c-b39,COC[N+]1(CCO)CCCCC1,piperidinium,-559.8683341,0.248061,0.301158,467.574552,-0.4094,-0.11883,4.0518,-559.6202731,-559.5671761,7.903504,Gaussian,QC,"opt+freq: b3lyp/6-311G** em=gd3bj
energy: M062X/6-311G+(2d, p) em=gd3"
2778,c-c113+c-b6+c-b18,CCC(=O)[N+]1(CCN)CCCCC1,piperidinium,-578.1150676,0.261775,0.318564,500.084232,-0.3702,-0.20198,2.5355,-577.8532926,-577.7965035999999,4.575583999999999,Gaussian,QC,"opt+freq: b3lyp/6-311G** em=gd3bj
energy: M062X/6-311G+(2d, p) em=gd3"
2779,c-c113+c-b38+c-b71,C#CC[N+]1(CCCCCC)CCCCC1,piperidinium,-603.4978046,0.325788,0.38762,544.493208,-0.42364,-0.13825,3.9149,-603.1720166,-603.1101846,7.762608000000001,Gaussian,QC,"opt+freq: b3lyp/6-311G** em=gd3bj
energy: M062X/6-311G+(2d, p) em=gd3"
2780,c-c113+c-b23+c-b41,CC1(C)OCC([N+]2(c3cccc(Cl)c3)CCCCC2)O1,piperidinium,-1288.604821,0.313388,0.380669,592.47532,-0.379,-0.16535,5.6436,-1288.291433,-1288.224152,5.81128,Gaussian,QC,"opt+freq: b3lyp/6-311G** em=gd3bj
energy: M062X/6-311G+(2d, p) em=gd3"
2781,c-c113+c-b77+c-b81,CCC[N+]1(CC(F)(F)F)CCCCC1,piperidinium,-746.4871787,0.242605,0.298205,489.61168,-0.47584,-0.12738,5.5322,-746.2445736999999,-746.1889736999999,9.478112,Gaussian,QC,"opt+freq: b3lyp/6-311G** em=gd3bj
energy: M062X/6-311G+(2d, p) em=gd3"
2782,c-c113+c-b28+c-b53,C=CCC[N+]1(c2cccnc2)CCCCC1,piperidinium,-655.2510793,0.279478,0.337809,513.6571280000001,-0.39088,-0.18086,3.0532,-654.9716013,-654.9132703,5.712544,Gaussian,QC,"opt+freq: b3lyp/6-311G** em=gd3bj
energy: M062X/6-311G+(2d, p) em=gd3"
2783,c-c113+c-b22+c-b41,CC1(C)OCC([N+]2(c3ccc(Cl)cc3)CCCCC2)O1,piperidinium,-1288.6169683,0.314407,0.380569,582.6261840000001,-0.38261,-0.1685,3.5078,-1288.3025613,-1288.2363993,5.823792,Gaussian,QC,"opt+freq: b3lyp/6-311G** em=gd3bj
energy: M062X/6-311G+(2d, p) em=gd3"
2784,c-c113+c-b43+c-b46,Cc1ccc([N+]2(CC#N)CCCCC2)cc1,piperidinium,-654.0786799,0.254603,0.314231,525.0836320000001,-0.39123,-0.16302,4.9987,-653.8240769,-653.7644489,6.207312000000001,Gaussian,QC,"opt+freq: b3lyp/6-311G** em=gd3bj
energy: M062X/6-311G+(2d, p) em=gd3"
2785,c-c113+c-b37+c-b61,CCCCCCCC[N+]1(CC(C)O)CCCCC1,piperidinium,-759.7993427,0.42647,0.498222,631.8425760000001,-0.4075,-0.10641,6.0191,-759.3728727,-759.3011207,8.189647999999998,Gaussian,QC,"opt+freq: b3lyp/6-311G** em=gd3bj
energy: M062X/6-311G+(2d, p) em=gd3"
2786,c-c113+c-b36+c-b44,CC(C)CC[N+]1(c2ccccc2)CCCCC1,piperidinium,-679.7571119,0.339236,0.401369,547.1416800000001,-0.39513,-0.15879,1.9644,-679.4178759,-679.3557429,6.428447999999999,Gaussian,QC,"opt+freq: b3lyp/6-311G** em=gd3bj
energy: M062X/6-311G+(2d, p) em=gd3"
2787,c-c113+c-b29+c-b60,C=CC[N+]1(C(C)C)CCCCC1,piperidinium,-486.8331073,0.271901,0.323896,457.859304,-0.4188,-0.15442,0.6288,-486.5612063,-486.5092113,7.191136,Gaussian,QC,"opt+freq: b3lyp/6-311G** em=gd3bj
energy: M062X/6-311G+(2d, p) em=gd3"
2788,c-c113+c-b30+c-b65,CCC#CC[N+]1(CCCC)CCCCC1,piperidinium,-603.5115086,0.322474,0.387932,576.4213120000001,-0.39543,-0.12473,1.6933,-603.1890345999999,-603.1235766,7.36304,Gaussian,QC,"opt+freq: b3lyp/6-311G** em=gd3bj
energy: M062X/6-311G+(2d, p) em=gd3"
2789,c-c113+c-b4+c-b20,OCC[N+]1(c2ccc(Cl)c(Cl)c2)CCCCC1,piperidinium,-1556.2686674,0.242622,0.304541,545.25888,-0.37996,-0.17208,9.3312,-1556.0260454,-1555.9641264,5.654336,Gaussian,QC,"opt+freq: b3lyp/6-311G** em=gd3bj
energy: M062X/6-311G+(2d, p) em=gd3"
2790,c-c113+c-b3+c-b78,CCCCC[N+]1(C2CCCC2)CCCCC1,piperidinium,-644.071864,0.377932,0.442146,565.459232,-0.43769,-0.10673,1.9347,-643.693932,-643.629718,9.002112,Gaussian,QC,"opt+freq: b3lyp/6-311G** em=gd3bj
energy: M062X/6-311G+(2d, p) em=gd3"
2791,c-c113+c-b39+c-b72,CCC(C)C[N+]1(COC)CCCCC1,piperidinium,-602.5727015,0.320318,0.381797,541.384496,-0.41942,-0.10615,2.4852,-602.2523835,-602.1909045,8.520944000000002,Gaussian,QC,"opt+freq: b3lyp/6-311G** em=gd3bj
energy: M062X/6-311G+(2d, p) em=gd3"
2792,c-c89+c-b61,CCCCCCCC[N+]1(C)CCCCC1,piperidinium,-605.9739641,0.370168,0.434627,567.630728,-0.40475,-0.11712,8.1629,-605.6037961,-605.5393371,7.823536,Gaussian,QC,"opt+freq: b3lyp/6-311G** em=gd3bj
energy: M062X/6-311G+(2d, p) em=gd3"
2793,c-c113+c-b9+c-b44,CC(C)CC[N+]1(C(C)F)CCCCC1,piperidinium,-626.6078204,0.310625,0.369046,514.452088,-0.44064,-0.11412,4.529,-626.2971954000001,-626.2387744,8.881343999999999,Gaussian,QC,"opt+freq: b3lyp/6-311G** em=gd3bj
energy: M062X/6-311G+(2d, p) em=gd3"
2794,c-c113+c-b29+c-b31,CC(C)[N+]1(CCC(F)(F)F)CCCCC1,piperidinium,-785.8093825,0.267235,0.327179,527.865992,-0.48148,-0.11763,7.3996,-785.5421474999999,-785.4822035,9.89672,Gaussian,QC,"opt+freq: b3lyp/6-311G** em=gd3bj
energy: M062X/6-311G+(2d, p) em=gd3"
2795,c-c113+c-b8+c-b68,CC#CC[N+]1(CCCC(C)C)CCCCC1,piperidinium,-642.8192388,0.347476,0.416162,604.8474080000001,-0.39764,-0.12449,3.6843,-642.4717628,-642.4030768,7.42968,Gaussian,QC,"opt+freq: b3lyp/6-311G** em=gd3bj
energy: M062X/6-311G+(2d, p) em=gd3"
2796,c-c113+c-b7+c-b8,CC#CC[N+]1(CCC(C)CC)CCCCC1,piperidinium,-642.8206605,0.347214,0.416028,605.972904,-0.39716,-0.12503,4.5095,-642.4734465,-642.4046325,7.401935999999999,Gaussian,QC,"opt+freq: b3lyp/6-311G** em=gd3bj
energy: M062X/6-311G+(2d, p) em=gd3"
2797,c-c113+c-b43+c-b79,N#CC[N+]1(CCCO)CCCCC1,piperidinium,-576.8916702,0.242464,0.296272,473.8296320000001,-0.42895,-0.15542,4.0809,-576.6492062,-576.5953982,7.440016,Gaussian,QC,"opt+freq: b3lyp/6-311G** em=gd3bj
energy: M062X/6-311G+(2d, p) em=gd3"
2798,c-c113+c-b13+c-b16,N#CCCC[N+]1(CCC#N)CCCCC1,piperidinium,-633.2148271,0.260951,0.320458,524.008344,-0.46336,-0.13442,4.3391,-632.9538761,-632.8943691,8.947168,Gaussian,QC,"opt+freq: b3lyp/6-311G** em=gd3bj
energy: M062X/6-311G+(2d, p) em=gd3"
2799,c-c113+c-b73+c-b77,CC(C)C[N+]1(CC(F)(F)F)CCCCC1,piperidinium,-785.7938762,0.267719,0.326657,519.012648,-0.4695,-0.12571,5.2259,-785.5261572,-785.4672192,9.351087999999999,Gaussian,QC,"opt+freq: b3lyp/6-311G** em=gd3bj
energy: M062X/6-311G+(2d, p) em=gd3"
2800,c-c113+c-b28+c-b72,C=CCC[N+]1(CC(C)CC)CCCCC1,piperidinium,-604.7449785,0.348103,0.410925,553.212664,-0.39084,-0.1291,2.7294,-604.3968755,-604.3340535,7.119328,Gaussian,QC,"opt+freq: b3lyp/6-311G** em=gd3bj
energy: M062X/6-311G+(2d, p) em=gd3"
2801,c-c113+c-b8+c-b39,CC#CC[N+]1(COC)CCCCC1,piperidinium,-560.8063768,0.2462,0.306237,528.686056,-0.39846,-0.12608,0.8772,-560.5601767999999,-560.5001397999999,7.408735999999998,Gaussian,QC,"opt+freq: b3lyp/6-311G** em=gd3bj
energy: M062X/6-311G+(2d, p) em=gd3"
2802,c-c113+c-b30+c-b36,CCCC[N+]1(c2ccccc2)CCCCC1,piperidinium,-640.4638042,0.313467,0.372687,521.489576,-0.39723,-0.1582,0.7971,-640.1503372000001,-640.0911172,6.501616,Gaussian,QC,"opt+freq: b3lyp/6-311G** em=gd3bj
energy: M062X/6-311G+(2d, p) em=gd3"
2803,c-c113+c-b12+c-b46,Cc1ccc([N+]2(C(=O)C(C)(C)C)CCCCC2)cc1,piperidinium,-793.0898798,0.341696,0.410275,603.9060079999999,-0.38226,-0.19064,2.1023,-792.7481838,-792.6796048,5.212064,Gaussian,QC,"opt+freq: b3lyp/6-311G** em=gd3bj
energy: M062X/6-311G+(2d, p) em=gd3"
2804,c-c113+c-b16+c-b50,C=Cc1ccc([N+]2(CCCC#N)CCCCC2)cc1,piperidinium,-770.6890409,0.317013,0.378482,541.288264,-0.34516,-0.17005,7.1795,-770.3720279,-770.3105589,4.762992000000001,Gaussian,QC,"opt+freq: b3lyp/6-311G** em=gd3bj
energy: M062X/6-311G+(2d, p) em=gd3"
2805,c-c113+c-b45+c-b73,CC(C)C[N+]1(C(=O)O)CCCCC1,piperidinium,-598.0133104,0.25139,0.305977,480.6913920000001,-0.4707,-0.18202,1.8052,-597.7619204,-597.7073334,7.852096000000001,Gaussian,QC,"opt+freq: b3lyp/6-311G** em=gd3bj
energy: M062X/6-311G+(2d, p) em=gd3"
2806,c-c113+c-b75+c-b79,OCCC[N+]1(c2c(Cl)cccc2Cl)CCCCC1,piperidinium,-1595.5465833,0.270268,0.333824,559.668576,-0.38895,-0.19005,1.9069,-1595.2763153,-1595.2127593,5.410080000000001,Gaussian,QC,"opt+freq: b3lyp/6-311G** em=gd3bj
energy: M062X/6-311G+(2d, p) em=gd3"
2807,c-c113+c-b10+c-b80,CC[N+]1(C(C)C)CCCCC1,piperidinium,-448.7558298,0.268591,0.318517,439.646352,-0.47252,-0.11004,0.929,-448.4872388,-448.4373128,9.859456,Gaussian,QC,"opt+freq: b3lyp/6-311G** em=gd3bj
energy: M062X/6-311G+(2d, p) em=gd3"
2808,c-c113+c-b39+c-b78,CCCCC[N+]1(COC)CCCCC1,piperidinium,-602.571575,0.321595,0.382044,532.3094,-0.42405,-0.11128,3.842,-602.24998,-602.1895310000001,8.507344,Gaussian,QC,"opt+freq: b3lyp/6-311G** em=gd3bj
energy: M062X/6-311G+(2d, p) em=gd3"
2809,c-c113+c-b11+c-b13,N#CCC[N+]1(C(F)(F)F)CCCCC1,piperidinium,-760.0992454,0.186984,0.240484,471.1184,-0.48007,-0.14052,2.2345,-759.9122613999999,-759.8587613999999,9.23576,Gaussian,QC,"opt+freq: b3lyp/6-311G** em=gd3bj
energy: M062X/6-311G+(2d, p) em=gd3"
2810,c-c89+c-b65,CCC#CC[N+]1(C)CCCCC1,piperidinium,-485.5970633,0.244169,0.300857,499.188856,-0.40169,-0.1353,3.3583,-485.3528943,-485.2962063,7.245808,Gaussian,QC,"opt+freq: b3lyp/6-311G** em=gd3bj
energy: M062X/6-311G+(2d, p) em=gd3"
2811,c-c89+c-b86,C[N+]1(c2ccc(Cl)cc2Cl)CCCCC1,piperidinium,-1441.7281056,0.213215,0.269654,496.99644,-0.39324,-0.18091,7.1532,-1441.5148906,-1441.4584516,5.775376,Gaussian,QC,"opt+freq: b3lyp/6-311G** em=gd3bj
energy: M062X/6-311G+(2d, p) em=gd3"
2812,c-c113+c-b1+c-b45,O=C(O)[N+]1(C23CC4CC(CC(C4)C2)C3)CCCCC1,piperidinium,-830.1575556,0.345534,0.411188,578.149304,-0.38386,-0.1713,4.8119,-829.8120216,-829.7463676,5.781631999999999,Gaussian,QC,"opt+freq: b3lyp/6-311G** em=gd3bj
energy: M062X/6-311G+(2d, p) em=gd3"
2813,c-c113+c-b3+c-b60,C=CC[N+]1(C2CCCC2)CCCCC1,piperidinium,-564.2343112,0.305229,0.360897,490.214176,-0.41937,-0.15655,1.7553,-563.9290821999999,-563.8734142,7.148704000000001,Gaussian,QC,"opt+freq: b3lyp/6-311G** em=gd3bj
energy: M062X/6-311G+(2d, p) em=gd3"
2814,c-c90+c-b12,CC(C)(C)C(=O)[N+]12CCC(CC1)CC2,piperidinium,-600.1739714,0.279953,0.335514,489.272776,-0.44052,-0.19651,2.4877,-599.8940184,-599.8384574,6.637072000000001,Gaussian,QC,"opt+freq: b3lyp/6-311G** em=gd3bj
energy: M062X/6-311G+(2d, p) em=gd3"
2815,c-c113+c-b12+c-b74,CC(=O)[N+]1(C(=O)C(C)(C)C)CCCCC1,piperidinium,-675.3818449,0.27614,0.337748,542.522544,-0.44086,-0.20697,3.3593,-675.1057049,-675.0440969,6.361808,Gaussian,QC,"opt+freq: b3lyp/6-311G** em=gd3bj
energy: M062X/6-311G+(2d, p) em=gd3"
2816,c-c113+c-b6+c-b79,NCC[N+]1(CCCO)CCCCC1,piperidinium,-579.313336,0.287652,0.343328,490.28112,-0.36617,-0.10861,1.0453,-579.0256840000001,-578.970008,7.005632,Gaussian,QC,"opt+freq: b3lyp/6-311G** em=gd3bj
energy: M062X/6-311G+(2d, p) em=gd3"
2817,c-c113+c-b16+c-b53,N#CCCC[N+]1(c2cccnc2)CCCCC1,piperidinium,-709.431353,0.273821,0.332798,519.351552,-0.4023,-0.18539,5.1654,-709.157532,-709.0985549999999,5.899952,Gaussian,QC,"opt+freq: b3lyp/6-311G** em=gd3bj
energy: M062X/6-311G+(2d, p) em=gd3"
2818,c-c113+c-b10+c-b76,CC[N+]1(OC)CCCCC1,piperidinium,-445.3017795,0.217458,0.264959,418.291216,-0.46,-0.1393,1.8188,-445.0843215,-445.0368205,8.72304,Gaussian,QC,"opt+freq: b3lyp/6-311G** em=gd3bj
energy: M062X/6-311G+(2d, p) em=gd3"
2819,c-c113+c-b28+c-b80,C=CCC[N+]1(C(C)C)CCCCC1,piperidinium,-526.1322611,0.297212,0.353009,491.34804,-0.38874,-0.12345,1.7881,-525.8350491000001,-525.7792521,7.215887999999999,Gaussian,QC,"opt+freq: b3lyp/6-311G** em=gd3bj
energy: M062X/6-311G+(2d, p) em=gd3"
2820,c-c113+c-b3+c-b22,Clc1ccc([N+]2(C3CCCC3)CCCCC2)cc1,piperidinium,-1138.1699888,0.310621,0.371751,538.309256,-0.38044,-0.16592,5.3219,-1137.8593678,-1137.7982378,5.834943999999999,Gaussian,QC,"opt+freq: b3lyp/6-311G** em=gd3bj
energy: M062X/6-311G+(2d, p) em=gd3"
2821,c-c113+c-b37+c-b58,CC(O)C[N+]1(CC(=O)O)CCCCC1,piperidinium,-673.2481957,0.256009,0.312667,498.929448,-0.42761,-0.15178,0.9463,-672.9921867,-672.9355287,7.502576,Gaussian,QC,"opt+freq: b3lyp/6-311G** em=gd3bj
energy: M062X/6-311G+(2d, p) em=gd3"
2822,c-c113+c-b23+c-b46,Cc1ccc([N+]2(c3cccc(Cl)c3)CCCCC2)cc1,piperidinium,-1213.1462411,0.290272,0.358594,601.642464,-0.36972,-0.20807,4.5429,-1212.8559691,-1212.7876471,4.396879999999999,Gaussian,QC,"opt+freq: b3lyp/6-311G** em=gd3bj
energy: M062X/6-311G+(2d, p) em=gd3"
2823,c-c113+c-b40+c-b56,CCCCCCC[N+]1(N(C)C)CCCCC1,piperidinium,-661.2649118,0.385849,0.451395,577.1911680000001,-0.39057,-0.11293,6.5053,-660.8790628,-660.8135168,7.551807999999999,Gaussian,QC,"opt+freq: b3lyp/6-311G** em=gd3bj
energy: M062X/6-311G+(2d, p) em=gd3"
2824,c-c113+c-b31+c-b73,CC(C)C[N+]1(CCC(F)(F)F)CCCCC1,piperidinium,-825.115284,0.294943,0.356201,539.438936,-0.4674,-0.11188,5.5394,-824.820341,-824.7590829999999,9.670144,Gaussian,QC,"opt+freq: b3lyp/6-311G** em=gd3bj
energy: M062X/6-311G+(2d, p) em=gd3"
2825,c-c113+c-b13+c-b58,N#CCC[N+]1(CC(=O)O)CCCCC1,piperidinium,-650.9405401,0.223449,0.279001,489.19328,-0.45115,-0.16855,3.9655,-650.7170911000001,-650.6615391,7.686719999999998,Gaussian,QC,"opt+freq: b3lyp/6-311G** em=gd3bj
energy: M062X/6-311G+(2d, p) em=gd3"
2826,c-c113+c-b10+c-b45,CC[N+]1(C(=O)O)CCCCC1,piperidinium,-519.4018369,0.199814,0.248525,428.952048,-0.4784,-0.18534,2.3411,-519.2020229000001,-519.1533119000001,7.971232,Gaussian,QC,"opt+freq: b3lyp/6-311G** em=gd3bj
energy: M062X/6-311G+(2d, p) em=gd3"
2827,c-c113+c-b41+c-b48,Cc1cccc([N+]2(C3COC(C)(C)O3)CCCCC2)c1,piperidinium,-868.3176508,0.348638,0.416894,601.065072,-0.38373,-0.15642,2.5965,-867.9690128,-867.9007568000001,6.182832,Gaussian,QC,"opt+freq: b3lyp/6-311G** em=gd3bj
energy: M062X/6-311G+(2d, p) em=gd3"
2828,c-c113+c-b30+c-b60,C=CC[N+]1(CCCC)CCCCC1,piperidinium,-526.1365135,0.297332,0.353309,492.929592,-0.41979,-0.15531,1.337,-525.8391815,-525.7832045,7.193855999999999,Gaussian,QC,"opt+freq: b3lyp/6-311G** em=gd3bj
energy: M062X/6-311G+(2d, p) em=gd3"
2829,c-c113+c-b38+c-b47,C#CC[N+]1(C(C)(C)C)CCCCC1,piperidinium,-524.8768994,0.275342,0.328591,468.909248,-0.41923,-0.13855,0.6334,-524.6015573999999,-524.5483084,7.634496,Gaussian,QC,"opt+freq: b3lyp/6-311G** em=gd3bj
energy: M062X/6-311G+(2d, p) em=gd3"
2830,c-c113+c-b6+c-b12,CC(C)(C)C(=O)[N+]1(CCN)CCCCC1,piperidinium,-656.7302188,0.315938,0.375437,523.945584,-0.40016,-0.172,3.7529,-656.4142808,-656.3547818,6.205952000000001,Gaussian,QC,"opt+freq: b3lyp/6-311G** em=gd3bj
energy: M062X/6-311G+(2d, p) em=gd3"
2831,c-c113+c-b47+c-b83,CCCCCC[N+]1(C(C)(C)C)CCCCC1,piperidinium,-645.2650795,0.398649,0.462909,565.873448,-0.42535,-0.10773,3.763,-644.8664305,-644.8021705,8.639264,Gaussian,QC,"opt+freq: b3lyp/6-311G** em=gd3bj
energy: M062X/6-311G+(2d, p) em=gd3"
2832,c-c113+c-b31+c-b39,COC[N+]1(CCC(F)(F)F)CCCCC1,piperidinium,-821.7137867,0.245329,0.304035,516.9541200000001,-0.4248,-0.11185,5.1001,-821.4684577,-821.4097517,8.51224,Gaussian,QC,"opt+freq: b3lyp/6-311G** em=gd3bj
energy: M062X/6-311G+(2d, p) em=gd3"
2833,c-c113+c-b10+c-b31,CC[N+]1(CCC(F)(F)F)CCCCC1,piperidinium,-746.5065382,0.243253,0.298592,487.31048,-0.48426,-0.11677,5.863,-746.2632852,-746.2079462,9.995728000000002,Gaussian,QC,"opt+freq: b3lyp/6-311G** em=gd3bj
energy: M062X/6-311G+(2d, p) em=gd3"
2834,c-c113+c-b61+c-b78,CCCCCCCC[N+]1(CCCCC)CCCCC1,piperidinium,-763.1892978,0.476305,0.550934,657.185064,-0.40399,-0.10303,7.2367,-762.7129927999999,-762.6383638,8.186112,Gaussian,QC,"opt+freq: b3lyp/6-311G** em=gd3bj
energy: M062X/6-311G+(2d, p) em=gd3"
2835,c-c113+c-b79+c-b82,CC(C)CCCC[N+]1(CCCO)CCCCC1,piperidinium,-720.4984787,0.401439,0.469419,598.629984,-0.40691,-0.10391,6.4263,-720.0970397,-720.0290597,8.2416,Gaussian,QC,"opt+freq: b3lyp/6-311G** em=gd3bj
energy: M062X/6-311G+(2d, p) em=gd3"
2836,c-c113+c-b12+c-b13,CC(C)(C)C(=O)[N+]1(CCC#N)CCCCC1,piperidinium,-693.5996371,0.294006,0.357461,558.789936,-0.44947,-0.20951,4.5713,-693.3056311,-693.2421761,6.526911999999999,Gaussian,QC,"opt+freq: b3lyp/6-311G** em=gd3bj
energy: M062X/6-311G+(2d, p) em=gd3"
2837,c-c113+c-b29+c-b53,CC(C)[N+]1(c2cccnc2)CCCCC1,piperidinium,-617.1856807,0.276147,0.331902,490.979848,-0.39336,-0.17782,3.6227,-616.9095337,-616.8537787,5.862687999999999,Gaussian,QC,"opt+freq: b3lyp/6-311G** em=gd3bj
energy: M062X/6-311G+(2d, p) em=gd3"
2838,c-c113+c-b28+c-b58,C=CCC[N+]1(CC(=O)O)CCCCC1,piperidinium,-636.094251,0.255558,0.312617,502.45656,-0.3955,-0.15313,2.5526,-635.838693,-635.7816339999999,6.592464000000001,Gaussian,QC,"opt+freq: b3lyp/6-311G** em=gd3bj
energy: M062X/6-311G+(2d, p) em=gd3"
2839,c-c113+c-b9+c-b43,CC(F)[N+]1(CC#N)CCCCC1,piperidinium,-561.6020493,0.20256,0.253699,450.3322880000001,-0.48588,-0.15928,6.1645,-561.3994893,-561.3483503,8.883519999999999,Gaussian,QC,"opt+freq: b3lyp/6-311G** em=gd3bj
energy: M062X/6-311G+(2d, p) em=gd3"
2840,c-c113+c-b16+c-b80,CC(C)[N+]1(CCCC#N)CCCCC1,piperidinium,-580.2898951,0.290626,0.348239,507.3392880000001,-0.44942,-0.11824,5.6389,-579.9992691,-579.9416560999999,9.008095999999998,Gaussian,QC,"opt+freq: b3lyp/6-311G** em=gd3bj
energy: M062X/6-311G+(2d, p) em=gd3"
2841,c-c113+c-b12+c-b38,C#CC[N+]1(C(=O)C(C)(C)C)CCCCC1,piperidinium,-638.1933083,0.277821,0.3388,536.978744,-0.41743,-0.2019,1.815,-637.9154873,-637.8545083,5.862416000000001,Gaussian,QC,"opt+freq: b3lyp/6-311G** em=gd3bj
energy: M062X/6-311G+(2d, p) em=gd3"
2842,c-c89+c-b82,CC(C)CCCC[N+]1(C)CCCCC1,piperidinium,-566.6716683,0.343926,0.405015,537.945248,-0.41975,-0.11783,5.9509,-566.3277423,-566.2666532999999,8.212224,Gaussian,QC,"opt+freq: b3lyp/6-311G** em=gd3bj
energy: M062X/6-311G+(2d, p) em=gd3"
2843,c-c113+c-b41+c-b58,CC1(C)OCC([N+]2(CC(=O)O)CCCCC2)O1,piperidinium,-825.8722536,0.289873,0.352143,548.346672,-0.41098,-0.15778,2.7548,-825.5823806000001,-825.5201106000001,6.887039999999999,Gaussian,QC,"opt+freq: b3lyp/6-311G** em=gd3bj
energy: M062X/6-311G+(2d, p) em=gd3"
2844,c-c113+c-b20+c-b78,CCCCC[N+]1(c2ccc(Cl)c(Cl)c2)CCCCC1,piperidinium,-1598.9504755,0.316689,0.385441,605.4248,-0.37944,-0.16986,7.1481,-1598.6337865,-1598.5650345,5.700576,Gaussian,QC,"opt+freq: b3lyp/6-311G** em=gd3bj
energy: M062X/6-311G+(2d, p) em=gd3"
2845,c-c113+c-b12+c-b75,CC(C)(C)C(=O)[N+]1(c2c(Cl)cccc2Cl)CCCCC1,piperidinium,-1672.9524491,0.296698,0.365321,604.286752,-0.3844,-0.18937,3.4001,-1672.6557511,-1672.5871281,5.304816,Gaussian,QC,"opt+freq: b3lyp/6-311G** em=gd3bj
energy: M062X/6-311G+(2d, p) em=gd3"
2846,c-c113+c-b37+c-b65,CCC#CC[N+]1(CC(C)O)CCCCC1,piperidinium,-639.4310709,0.301255,0.364292,555.099648,-0.39234,-0.12699,2.3305,-639.1298159,-639.0667789,7.21752,Gaussian,QC,"opt+freq: b3lyp/6-311G** em=gd3bj
energy: M062X/6-311G+(2d, p) em=gd3"
2847,c-c113+c-b23+c-b78,CCCCC[N+]1(c2cccc(Cl)c2)CCCCC1,piperidinium,-1139.3692646,0.327951,0.393527,577.463128,-0.38405,-0.16729,6.0855,-1139.0413136,-1138.9757376,5.895872,Gaussian,QC,"opt+freq: b3lyp/6-311G** em=gd3bj
energy: M062X/6-311G+(2d, p) em=gd3"
2848,c-c113+c-b60+c-b61,C=CC[N+]1(CCCCCCCC)CCCCC1,piperidinium,-683.3546844,0.39981,0.469163,610.7217440000001,-0.40116,-0.14976,7.8817,-682.9548744,-682.8855214,6.83808,Gaussian,QC,"opt+freq: b3lyp/6-311G** em=gd3bj
energy: M062X/6-311G+(2d, p) em=gd3"
2849,c-c113+c-b13+c-b22,N#CCC[N+]1(c2ccc(Cl)cc2)CCCCC1,piperidinium,-1113.6805273,0.2465,0.30726,535.045736,-0.39004,-0.17639,2.9876,-1113.4340273,-1113.3732673,5.81128,Gaussian,QC,"opt+freq: b3lyp/6-311G** em=gd3bj
energy: M062X/6-311G+(2d, p) em=gd3"
2850,c-c113+c-b48+c-b73,Cc1cccc([N+]2(CC(C)C)CCCCC2)c1,piperidinium,-679.7778124,0.336442,0.400545,564.488544,-0.38065,-0.15345,2.1601,-679.4413704,-679.3772674,6.17984,Gaussian,QC,"opt+freq: b3lyp/6-311G** em=gd3bj
energy: M062X/6-311G+(2d, p) em=gd3"
2851,c-c113+c-b45+c-b51,O=C(O)[N+]1(C2CCCCC2)CCCCC1,piperidinium,-675.400384,0.287548,0.342744,486.05528,-0.44895,-0.1713,4.3495,-675.112836,-675.05764,7.55208,Gaussian,QC,"opt+freq: b3lyp/6-311G** em=gd3bj
energy: M062X/6-311G+(2d, p) em=gd3"
2852,c-c113+c-b16+c-b24,Cc1ccccc1[N+]1(CCCC#N)CCCCC1,piperidinium,-732.6925633,0.310814,0.373455,551.614376,-0.39083,-0.16327,5.4198,-732.3817492999999,-732.3191082999999,6.189632,Gaussian,QC,"opt+freq: b3lyp/6-311G** em=gd3bj
energy: M062X/6-311G+(2d, p) em=gd3"
2853,c-c113+c-b35+c-b41,CCC(C)[N+]1(C2COC(C)(C)O2)CCCCC1,piperidinium,-755.2097542,0.356925,0.421423,567.9696319999999,-0.40195,-0.10643,3.566,-754.8528292,-754.7883312,8.038143999999999,Gaussian,QC,"opt+freq: b3lyp/6-311G** em=gd3bj
energy: M062X/6-311G+(2d, p) em=gd3"
2854,c-c113+c-b19+c-b22,FCCC[N+]1(c2ccc(Cl)cc2)CCCCC1,piperidinium,-1159.9967645,0.268414,0.329637,539.12932,-0.38569,-0.17012,3.5003,-1159.7283505,-1159.6671275,5.863504,Gaussian,QC,"opt+freq: b3lyp/6-311G** em=gd3bj
energy: M062X/6-311G+(2d, p) em=gd3"
2855,c-c113+c-b43+c-b50,C=Cc1ccc([N+]2(CC#N)CCCCC2)cc1,piperidinium,-692.1573377,0.259444,0.320013,533.367952,-0.35983,-0.18091,5.6676,-691.8978936999999,-691.8373247,4.866624,Gaussian,QC,"opt+freq: b3lyp/6-311G** em=gd3bj
energy: M062X/6-311G+(2d, p) em=gd3"
2856,c-c113+c-b38+c-b50,C#CC[N+]1(c2ccc(C=C)cc2)CCCCC1,piperidinium,-676.0712392,0.269148,0.330713,542.1418,-0.35513,-0.17574,3.4237,-675.8020912000001,-675.7405262000001,4.879408,Gaussian,QC,"opt+freq: b3lyp/6-311G** em=gd3bj
energy: M062X/6-311G+(2d, p) em=gd3"
2857,c-c113+c-b51+c-b75,Clc1cccc(Cl)c1[N+]1(C2CCCCC2)CCCCC1,piperidinium,-1637.048355,0.32801,0.393018,572.459064,-0.38871,-0.18891,1.7911,-1636.720345,-1636.655337,5.43456,Gaussian,QC,"opt+freq: b3lyp/6-311G** em=gd3bj
energy: M062X/6-311G+(2d, p) em=gd3"
2858,c-c113+c-b47+c-b79,CC(C)(C)[N+]1(CCCO)CCCCC1,piperidinium,-602.5771696,0.324502,0.38202,506.502488,-0.40405,-0.10011,0.8867,-602.2526676,-602.1951496,8.267168,Gaussian,QC,"opt+freq: b3lyp/6-311G** em=gd3bj
energy: M062X/6-311G+(2d, p) em=gd3"
2859,c-c113+c-b79+c-b81,CCC[N+]1(CCCO)CCCCC1,piperidinium,-563.2756749,0.297944,0.35418,495.209872,-0.40754,-0.10468,0.166,-562.9777309,-562.9214949,8.237792,Gaussian,QC,"opt+freq: b3lyp/6-311G** em=gd3bj
energy: M062X/6-311G+(2d, p) em=gd3"
2860,c-c113+c-b65+c-b82,CCC#CC[N+]1(CCCCC(C)C)CCCCC1,piperidinium,-721.4284509,0.399247,0.474301,660.917192,-0.3937,-0.12258,4.1675,-721.0292039000001,-720.9541499000001,7.374464000000001,Gaussian,QC,"opt+freq: b3lyp/6-311G** em=gd3bj
energy: M062X/6-311G+(2d, p) em=gd3"
2861,c-c113+c-b55+c-b76,CO[N+]1(c2cscn2)CCCCC1,piperidinium,-934.5293911,0.193251,0.245248,457.8802240000001,-0.42205,-0.19767,2.0636,-934.3361401,-934.2841431,6.103135999999999,Gaussian,QC,"opt+freq: b3lyp/6-311G** em=gd3bj
energy: M062X/6-311G+(2d, p) em=gd3"
2862,c-c113+c-b6+c-b80,CC(C)[N+]1(CCN)CCCCC1,piperidinium,-504.1022441,0.284247,0.336888,463.557912,-0.38392,-0.10772,0.7818,-503.8179971,-503.7653561,7.51264,Gaussian,QC,"opt+freq: b3lyp/6-311G** em=gd3bj
energy: M062X/6-311G+(2d, p) em=gd3"
2863,c-c113+c-b15+c-b76,CCCCCCCCCCCC[N+]1(OC)CCCCC1,piperidinium,-838.3450296,0.474822,0.554739,703.752984,-0.37054,-0.13827,15.9033,-837.8702076,-837.7902905999999,6.317743999999999,Gaussian,QC,"opt+freq: b3lyp/6-311G** em=gd3bj
energy: M062X/6-311G+(2d, p) em=gd3"
2864,c-c113+c-b51+c-b78,CCCCC[N+]1(C2CCCCC2)CCCCC1,piperidinium,-683.3755707,0.408863,0.47181,554.3130560000001,-0.43686,-0.10537,0.3272,-682.9667077,-682.9037607,9.016528,Gaussian,QC,"opt+freq: b3lyp/6-311G** em=gd3bj
energy: M062X/6-311G+(2d, p) em=gd3"
2865,c-c113+c-b44+c-b74,CC(=O)[N+]1(CCC(C)C)CCCCC1,piperidinium,-601.3739984,0.297843,0.357221,522.882848,-0.44946,-0.19743,3.8114,-601.0761554000001,-601.0167774,6.855216,Gaussian,QC,"opt+freq: b3lyp/6-311G** em=gd3bj
energy: M062X/6-311G+(2d, p) em=gd3"
2866,c-c113+c-b29+c-b50,C=Cc1ccc([N+]2(C(C)C)CCCCC2)cc1,piperidinium,-678.5522596,0.314908,0.377333,549.710656,-0.35228,-0.17119,3.8141,-678.2373516,-678.1749265999999,4.925647999999999,Gaussian,QC,"opt+freq: b3lyp/6-311G** em=gd3bj
energy: M062X/6-311G+(2d, p) em=gd3"
2867,c-c89+c-b54,CCCCCCCCCCC[N+]1(C)CCCCC1,piperidinium,-723.888064,0.447943,0.52161,648.704096,-0.37956,-0.11596,13.7998,-723.440121,-723.366454,7.169919999999999,Gaussian,QC,"opt+freq: b3lyp/6-311G** em=gd3bj
energy: M062X/6-311G+(2d, p) em=gd3"
2868,c-c113+c-b18+c-b53,CCC(=O)[N+]1(c2cccnc2)CCCCC1,piperidinium,-691.0933151,0.250088,0.309749,525.372328,-0.37496,-0.25679,8.5111,-690.8432271,-690.7835661,3.214224,Gaussian,QC,"opt+freq: b3lyp/6-311G** em=gd3bj
energy: M062X/6-311G+(2d, p) em=gd3"
2869,c-c113+c-b6+c-b58,NCC[N+]1(CC(=O)O)CCCCC1,piperidinium,-614.046333,0.242338,0.296241,474.666432,-0.37277,-0.16326,4.1186,-613.803995,-613.750092,5.698672,Gaussian,QC,"opt+freq: b3lyp/6-311G** em=gd3bj
energy: M062X/6-311G+(2d, p) em=gd3"
2870,c-c113+c-b13+c-b45,N#CCC[N+]1(C(=O)O)CCCCC1,piperidinium,-611.5481141,0.188401,0.246218,509.138408,-0.39476,-0.2375,5.571,-611.3597131,-611.3018961,4.277472,Gaussian,QC,"opt+freq: b3lyp/6-311G** em=gd3bj
energy: M062X/6-311G+(2d, p) em=gd3"
2871,c-c113+c-b37+c-b75,CC(O)C[N+]1(c2c(Cl)cccc2Cl)CCCCC1,piperidinium,-1595.5401785,0.269407,0.333065,560.5681360000001,-0.38868,-0.18672,2.0146,-1595.2707715,-1595.2071135,5.493312,Gaussian,QC,"opt+freq: b3lyp/6-311G** em=gd3bj
energy: M062X/6-311G+(2d, p) em=gd3"
2872,c-c113+c-b8+c-b46,CC#CC[N+]1(c2ccc(C)cc2)CCCCC1,piperidinium,-677.3128707,0.288313,0.353905,577.597016,-0.37926,-0.15126,2.4179,-677.0245577,-676.9589656999999,6.201599999999999,Gaussian,QC,"opt+freq: b3lyp/6-311G** em=gd3bj
energy: M062X/6-311G+(2d, p) em=gd3"
2873,c-c113+c-b24+c-b58,Cc1ccccc1[N+]1(CC(=O)O)CCCCC1,piperidinium,-750.4111863,0.272894,0.332056,520.974944,-0.38787,-0.1693,3.3729,-750.1382923000001,-750.0791303000001,5.945104,Gaussian,QC,"opt+freq: b3lyp/6-311G** em=gd3bj
energy: M062X/6-311G+(2d, p) em=gd3"
2874,c-c113+c-b35+c-b36,CCC(C)[N+]1(c2ccccc2)CCCCC1,piperidinium,-640.4517802,0.314936,0.372783,509.393632,-0.39476,-0.15838,0.7416,-640.1368442,-640.0789972,6.429536,Gaussian,QC,"opt+freq: b3lyp/6-311G** em=gd3bj
energy: M062X/6-311G+(2d, p) em=gd3"
2875,c-c113+c-b31+c-b81,CCC[N+]1(CCC(F)(F)F)CCCCC1,piperidinium,-785.8007074,0.269215,0.327487,513.14668,-0.47062,-0.11873,6.4828,-785.5314923999999,-785.4732204,9.571408,Gaussian,QC,"opt+freq: b3lyp/6-311G** em=gd3bj
energy: M062X/6-311G+(2d, p) em=gd3"
2876,c-c90+c-b79,OCCC[N+]12CCC(CC1)CC2,piperidinium,-522.776826,0.254143,0.303509,434.713416,-0.41336,-0.12008,0.873,-522.522683,-522.4733170000001,7.977215999999999,Gaussian,QC,"opt+freq: b3lyp/6-311G** em=gd3bj
energy: M062X/6-311G+(2d, p) em=gd3"
2877,c-c113+c-b9+c-b30,CCCC[N+]1(C(C)F)CCCCC1,piperidinium,-587.3004471,0.2855,0.340665,485.7833200000001,-0.45331,-0.11527,3.303,-587.0149471000001,-586.9597821000001,9.194688,Gaussian,QC,"opt+freq: b3lyp/6-311G** em=gd3bj
energy: M062X/6-311G+(2d, p) em=gd3"
2878,c-c113+c-b51+c-b81,CCC[N+]1(C2CCCCC2)CCCCC1,piperidinium,-604.7667006,0.356147,0.413585,505.799576,-0.43902,-0.10765,2.4989,-604.4105536000001,-604.3531156,9.013264000000001,Gaussian,QC,"opt+freq: b3lyp/6-311G** em=gd3bj
energy: M062X/6-311G+(2d, p) em=gd3"
2879,c-c113+c-b27+c-b28,C=CCC[N+]1(C(C)C#N)CCCCC1,piperidinium,-579.050567,0.267343,0.324194,500.623968,-0.39227,-0.15096,5.4322,-578.783224,-578.726373,6.563632,Gaussian,QC,"opt+freq: b3lyp/6-311G** em=gd3bj
energy: M062X/6-311G+(2d, p) em=gd3"
2880,c-c113+c-b4+c-b9,CC(F)[N+]1(CCO)CCCCC1,piperidinium,-583.9081733,0.237588,0.288568,448.92228,-0.4214,-0.12027,3.3237,-583.6705853000001,-583.6196053,8.190736,Gaussian,QC,"opt+freq: b3lyp/6-311G** em=gd3bj
energy: M062X/6-311G+(2d, p) em=gd3"
2881,c-c113+c-b60+c-b78,C=CC[N+]1(CCCCC)CCCCC1,piperidinium,-565.4414238,0.322956,0.382317,522.7322240000001,-0.41882,-0.15431,2.5469,-565.1184678000001,-565.0591068000001,7.194672000000001,Gaussian,QC,"opt+freq: b3lyp/6-311G** em=gd3bj
energy: M062X/6-311G+(2d, p) em=gd3"
2882,c-c113+c-b43+c-b70,N#CC[N+]1(CCCS(=O)(=O)O)CCCCC1,piperidinium,-1125.4892758,0.247194,0.309029,544.514128,-0.44074,-0.16795,8.8822,-1125.2420818,-1125.1802468,7.419888,Gaussian,QC,"opt+freq: b3lyp/6-311G** em=gd3bj
energy: M062X/6-311G+(2d, p) em=gd3"
2883,c-c113+c-b75+c-b81,CCC[N+]1(c2c(Cl)cccc2Cl)CCCCC1,piperidinium,-1520.3321032,0.252832,0.323187,619.5458,-0.3891,-0.16745,3.1632,-1520.0792712,-1520.0089162,6.02888,Gaussian,QC,"opt+freq: b3lyp/6-311G** em=gd3bj
energy: M062X/6-311G+(2d, p) em=gd3"
2884,c-c113+c-b9+c-b73,CC(C)C[N+]1(C(C)F)CCCCC1,piperidinium,-587.3025995,0.285052,0.340261,486.164064,-0.46877,-0.1079,2.0164,-587.0175475000001,-586.9623385,9.815664,Gaussian,QC,"opt+freq: b3lyp/6-311G** em=gd3bj
energy: M062X/6-311G+(2d, p) em=gd3"
2885,c-c90+c-b15,CCCCCCCCCCCC[N+]12CCC(CC1)CC2,piperidinium,-801.2978205,0.48204,0.558271,671.2893280000001,-0.3725,-0.12042,15.0954,-800.8157805,-800.7395495,6.856575999999999,Gaussian,QC,"opt+freq: b3lyp/6-311G** em=gd3bj
energy: M062X/6-311G+(2d, p) em=gd3"
2886,c-c113+c-b22+c-b79,OCCC[N+]1(c2ccc(Cl)cc2)CCCCC1,piperidinium,-1135.9816856,0.280711,0.34177,537.690024,-0.38091,-0.16507,4.8927,-1135.7009746,-1135.6399156,5.870848000000001,Gaussian,QC,"opt+freq: b3lyp/6-311G** em=gd3bj
energy: M062X/6-311G+(2d, p) em=gd3"
2887,c-c113+c-b60+c-b69,C=CC[N+]1(CCCCCCCCCC)CCCCC1,piperidinium,-761.9610062,0.45085,0.527108,671.527816,-0.38481,-0.14921,11.304,-761.5101562000001,-761.4338982,6.408319999999999,Gaussian,QC,"opt+freq: b3lyp/6-311G** em=gd3bj
energy: M062X/6-311G+(2d, p) em=gd3"
2888,c-c113+c-b38+c-b86,C#CC[N+]1(c2ccc(Cl)cc2Cl)CCCCC1,piperidinium,-1517.8701184,0.219743,0.280407,534.208936,-0.3909,-0.17676,6.2899,-1517.6503754,-1517.5897114,5.824608,Gaussian,QC,"opt+freq: b3lyp/6-311G** em=gd3bj
energy: M062X/6-311G+(2d, p) em=gd3"
2889,c-c113+c-b7+c-b65,CCC#CC[N+]1(CCC(C)CC)CCCCC1,piperidinium,-682.120655,0.375427,0.445318,615.4580320000001,-0.39119,-0.12683,4.8777,-681.7452280000001,-681.675337,7.190592,Gaussian,QC,"opt+freq: b3lyp/6-311G** em=gd3bj
energy: M062X/6-311G+(2d, p) em=gd3"
2890,c-c113+c-b9+c-b41,CC(F)[N+]1(C2COC(C)(C)O2)CCCCC1,piperidinium,-775.8436247,0.296838,0.356526,525.606632,-0.40644,-0.11507,4.4949,-775.5467867,-775.4870986999999,7.925264,Gaussian,QC,"opt+freq: b3lyp/6-311G** em=gd3bj
energy: M062X/6-311G+(2d, p) em=gd3"
2891,c-c113+c-b13+c-b81,CCC[N+]1(CCC#N)CCCCC1,piperidinium,-540.979404,0.264662,0.319368,481.733208,-0.46414,-0.12875,4.9426,-540.714742,-540.660036,9.122608,Gaussian,QC,"opt+freq: b3lyp/6-311G** em=gd3bj
energy: M062X/6-311G+(2d, p) em=gd3"
2892,c-c89+c-b19,C[N+]1(CCCF)CCCCC1,piperidinium,-508.688853,0.234178,0.283734,436.387016,-0.47448,-0.1197,2.2702,-508.454675,-508.405119,9.650015999999999,Gaussian,QC,"opt+freq: b3lyp/6-311G** em=gd3bj
energy: M062X/6-311G+(2d, p) em=gd3"
2893,c-c113+c-b16+c-b77,N#CCCC[N+]1(CC(F)(F)F)CCCCC1,piperidinium,-838.7257202,0.239623,0.299339,525.861856,-0.46328,-0.12575,1.811,-838.4860971999999,-838.4263811999999,9.180816,Gaussian,QC,"opt+freq: b3lyp/6-311G** em=gd3bj
energy: M062X/6-311G+(2d, p) em=gd3"
2894,c-c113+c-b10+c-b60,C=CC[N+]1(CC)CCCCC1,piperidinium,-447.5305992,0.245177,0.295202,440.516624,-0.42265,-0.15683,0.3446,-447.2854222,-447.2353972,7.230304000000001,Gaussian,QC,"opt+freq: b3lyp/6-311G** em=gd3bj
energy: M062X/6-311G+(2d, p) em=gd3"
2895,c-c113+c-b70+c-b73,CC(C)C[N+]1(CCCS(=O)(=O)O)CCCCC1,piperidinium,-1151.183895,0.327174,0.395293,599.86008,-0.42726,-0.11574,7.8876,-1150.856721,-1150.788602,8.473343999999999,Gaussian,QC,"opt+freq: b3lyp/6-311G** em=gd3bj
energy: M062X/6-311G+(2d, p) em=gd3"
2896,c-c113+c-b18+c-b24,CCC(=O)[N+]1(c2ccccc2C)CCCCC1,piperidinium,-714.4796109,0.29202,0.353443,540.894968,-0.39278,-0.19443,2.2537,-714.1875909,-714.1261679,5.39512,Gaussian,QC,"opt+freq: b3lyp/6-311G** em=gd3bj
energy: M062X/6-311G+(2d, p) em=gd3"
2897,c-c113+c-b6+c-b24,Cc1ccccc1[N+]1(CCN)CCCCC1,piperidinium,-656.4905854,0.303987,0.361986,510.7366960000001,-0.36247,-0.15789,2.2437,-656.1865984,-656.1285994,5.564576,Gaussian,QC,"opt+freq: b3lyp/6-311G** em=gd3bj
energy: M062X/6-311G+(2d, p) em=gd3"
2898,c-c113+c-b8+c-b76,CC#CC[N+]1(OC)CCCCC1,piperidinium,-521.4508543,0.220697,0.275932,486.3941840000001,-0.40514,-0.13744,1.7123,-521.2301573,-521.1749222999999,7.28144,Gaussian,QC,"opt+freq: b3lyp/6-311G** em=gd3bj
energy: M062X/6-311G+(2d, p) em=gd3"
2899,c-c113+c-b16+c-b40,CN(C)[N+]1(CCCC#N)CCCCC1,piperidinium,-596.2944851,0.280168,0.33642,495.356312,-0.40651,-0.11725,5.5183,-596.0143171,-595.9580651,7.867871999999998,Gaussian,QC,"opt+freq: b3lyp/6-311G** em=gd3bj
energy: M062X/6-311G+(2d, p) em=gd3"
2900,c-c113+c-b16+c-b20,N#CCCC[N+]1(c2ccc(Cl)c(Cl)c2)CCCCC1,piperidinium,-1612.5875377,0.261748,0.328307,586.1198240000001,-0.37936,-0.17368,11.0749,-1612.3257897,-1612.2592307,5.594495999999999,Gaussian,QC,"opt+freq: b3lyp/6-311G** em=gd3bj
energy: M062X/6-311G+(2d, p) em=gd3"
2901,c-c113+c-b41+c-b79,CC1(C)OCC([N+]2(CCCO)CCCCC2)O1,piperidinium,-791.1390434,0.335852,0.399037,556.4092400000001,-0.40027,-0.10131,3.4755,-790.8031914,-790.7400064,8.131712,Gaussian,QC,"opt+freq: b3lyp/6-311G** em=gd3bj
energy: M062X/6-311G+(2d, p) em=gd3"
2902,c-c113+c-b4+c-b40,CN(C)[N+]1(CCO)CCCCC1,piperidinium,-539.963867,0.260551,0.312446,456.984848,-0.39546,-0.10855,0.9514,-539.7033160000001,-539.651421,7.803952,Gaussian,QC,"opt+freq: b3lyp/6-311G** em=gd3bj
energy: M062X/6-311G+(2d, p) em=gd3"
2903,c-c113+c-b24+c-b41,Cc1ccccc1[N+]1(C2COC(C)(C)O2)CCCCC1,piperidinium,-868.2983499,0.351829,0.417556,578.7894560000001,-0.38594,-0.15598,2.5196,-867.9465209,-867.8807939,6.254912,Gaussian,QC,"opt+freq: b3lyp/6-311G** em=gd3bj
energy: M062X/6-311G+(2d, p) em=gd3"
2904,c-c113+c-b38+c-b78,C#CC[N+]1(CCCCC)CCCCC1,piperidinium,-564.1939897,0.300363,0.358626,513.071368,-0.42261,-0.14009,3.0356,-563.8936267,-563.8353637,7.684544,Gaussian,QC,"opt+freq: b3lyp/6-311G** em=gd3bj
energy: M062X/6-311G+(2d, p) em=gd3"
2905,c-c113+c-b27+c-b60,C=CC[N+]1(C(C)C#N)CCCCC1,piperidinium,-539.7487012,0.24166,0.295073,470.352728,-0.42002,-0.16644,4.7942,-539.5070412,-539.4536282,6.897376,Gaussian,QC,"opt+freq: b3lyp/6-311G** em=gd3bj
energy: M062X/6-311G+(2d, p) em=gd3"
2906,c-c113+c-b10+c-b18,CCC(=O)[N+]1(CC)CCCCC1,piperidinium,-522.7758038,0.246057,0.299507,470.683264,-0.45449,-0.20237,3.4394,-522.5297468,-522.4762968,6.857664,Gaussian,QC,"opt+freq: b3lyp/6-311G** em=gd3bj
energy: M062X/6-311G+(2d, p) em=gd3"
2907,c-c113+c-b27+c-b56,CCCCCCC[N+]1(C(C)C#N)CCCCC1,piperidinium,-698.1898781,0.367196,0.434595,593.517136,-0.41372,-0.14864,8.3373,-697.8226821,-697.7552831,7.210176,Gaussian,QC,"opt+freq: b3lyp/6-311G** em=gd3bj
energy: M062X/6-311G+(2d, p) em=gd3"
2908,c-c113+c-b37+c-b73,CC(C)C[N+]1(CC(C)O)CCCCC1,piperidinium,-602.5762594,0.322227,0.3816,522.83264,-0.41656,-0.11197,2.1995,-602.2540324,-602.1946594,8.284847999999998,Gaussian,QC,"opt+freq: b3lyp/6-311G** em=gd3bj
energy: M062X/6-311G+(2d, p) em=gd3"
2909,c-c113+c-b36+c-b81,CCC[N+]1(c2ccccc2)CCCCC1,piperidinium,-601.1523504,0.287675,0.344006,496.050856,-0.40018,-0.16244,2.3507,-600.8646754,-600.8083444,6.466527999999999,Gaussian,QC,"opt+freq: b3lyp/6-311G** em=gd3bj
energy: M062X/6-311G+(2d, p) em=gd3"
2910,c-c113+c-b40+c-b65,CCC#CC[N+]1(N(C)C)CCCCC1,piperidinium,-580.1926175,0.285704,0.346544,535.7612,-0.38689,-0.13076,2.2981,-579.9069135,-579.8460735,6.966736,Gaussian,QC,"opt+freq: b3lyp/6-311G** em=gd3bj
energy: M062X/6-311G+(2d, p) em=gd3"
2911,c-c113+c-b20+c-b28,C=CCC[N+]1(c2ccc(Cl)c(Cl)c2)CCCCC1,piperidinium,-1558.4273217,0.2673,0.332891,577.592832,-0.38033,-0.17325,7.5673,-1558.1600217,-1558.0944307,5.632576,Gaussian,QC,"opt+freq: b3lyp/6-311G** em=gd3bj
energy: M062X/6-311G+(2d, p) em=gd3"
2912,c-c113+c-b9+c-b74,CC(=O)[N+]1(C(C)F)CCCCC1,piperidinium,-582.6930112,0.204246,0.261813,506.93344,-0.45757,-0.23859,3.8621,-582.4887652,-582.4311982,5.956255999999999,Gaussian,QC,"opt+freq: b3lyp/6-311G** em=gd3bj
energy: M062X/6-311G+(2d, p) em=gd3"
2913,c-c90+c-b6,NCC[N+]12CCC(CC1)CC2,piperidinium,-463.5908428,0.239005,0.286248,416.0276720000001,-0.37219,-0.12821,1.4031,-463.3518378,-463.3045948,6.636256,Gaussian,QC,"opt+freq: b3lyp/6-311G** em=gd3bj
energy: M062X/6-311G+(2d, p) em=gd3"
2914,c-c113+c-b6+c-b16,N#CCCC[N+]1(CCN)CCCCC1,piperidinium,-596.3380831,0.28067,0.33839,508.276504,-0.39321,-0.11564,5.2721,-596.0574131,-595.9996931,7.549904,Gaussian,QC,"opt+freq: b3lyp/6-311G** em=gd3bj
energy: M062X/6-311G+(2d, p) em=gd3"
2915,c-c113+c-b10+c-b75,CC[N+]1(c2c(Cl)cccc2Cl)CCCCC1,piperidinium,-1481.0217699,0.240061,0.298528,514.853752,-0.39269,-0.19424,2.0787,-1480.7817089,-1480.7232419,5.39784,Gaussian,QC,"opt+freq: b3lyp/6-311G** em=gd3bj
energy: M062X/6-311G+(2d, p) em=gd3"
2916,c-c113+c-b10+c-b73,CC[N+]1(CC(C)C)CCCCC1,piperidinium,-488.0634424,0.293392,0.347299,474.69572,-0.46936,-0.10967,1.9743,-487.7700504,-487.7161434,9.783568,Gaussian,QC,"opt+freq: b3lyp/6-311G** em=gd3bj
energy: M062X/6-311G+(2d, p) em=gd3"
2917,c-c89+c-b53,C[N+]1(c2cccnc2)CCCCC1,piperidinium,-538.5820266,0.224033,0.273989,439.914128,-0.40027,-0.18414,4.5612,-538.3579936,-538.3080375999999,5.878736,Gaussian,QC,"opt+freq: b3lyp/6-311G** em=gd3bj
energy: M062X/6-311G+(2d, p) em=gd3"
2918,c-c113+c-b12+c-b40,CN(C)[N+]1(C(=O)C(C)(C)C)CCCCC1,piperidinium,-656.6774557,0.311912,0.373424,541.677376,-0.38901,-0.19866,1.5723,-656.3655437,-656.3040317,5.17752,Gaussian,QC,"opt+freq: b3lyp/6-311G** em=gd3bj
energy: M062X/6-311G+(2d, p) em=gd3"
2919,c-c113+c-b22+c-b60,C=CC[N+]1(c2ccc(Cl)cc2)CCCCC1,piperidinium,-1059.5326363,0.253491,0.31195,514.7868080000001,-0.38399,-0.16938,6.4738,-1059.2791453,-1059.2206863,5.837391999999999,Gaussian,QC,"opt+freq: b3lyp/6-311G** em=gd3bj
energy: M062X/6-311G+(2d, p) em=gd3"
2920,c-c113+c-b36+c-b70,O=S(=O)(O)CCC[N+]1(c2ccccc2)CCCCC1,piperidinium,-1224.9740462,0.296753,0.362975,583.149184,-0.38827,-0.15027,6.2853,-1224.6772932,-1224.6110712,6.4736,Gaussian,QC,"opt+freq: b3lyp/6-311G** em=gd3bj
energy: M062X/6-311G+(2d, p) em=gd3"
2921,c-c90+c-b54,CCCCCCCCCCC[N+]12CCC(CC1)CC2,piperidinium,-761.9932666,0.456043,0.529257,644.7209280000001,-0.37903,-0.12051,13.1811,-761.5372236,-761.4640095999999,7.031743999999999,Gaussian,QC,"opt+freq: b3lyp/6-311G** em=gd3bj
energy: M062X/6-311G+(2d, p) em=gd3"
2922,c-c113+c-b11+c-b38,C#CC[N+]1(C(F)(F)F)CCCCC1,piperidinium,-704.696698,0.169698,0.221404,455.327984,-0.43689,-0.16079,3.5621,-704.5269999999999,-704.475294,7.50992,Gaussian,QC,"opt+freq: b3lyp/6-311G** em=gd3bj
energy: M062X/6-311G+(2d, p) em=gd3"
2923,c-c113+c-b16+c-b75,N#CCCC[N+]1(c2c(Cl)cccc2Cl)CCCCC1,piperidinium,-1612.5667864,0.262632,0.328207,577.4505760000001,-0.39905,-0.1991,3.3667,-1612.3041544,-1612.2385794,5.43864,Gaussian,QC,"opt+freq: b3lyp/6-311G** em=gd3bj
energy: M062X/6-311G+(2d, p) em=gd3"
2924,c-c90+c-b65,CCC#CC[N+]12CCC(CC1)CC2,piperidinium,-523.7015375,0.250979,0.308512,506.636376,-0.39936,-0.1349,2.477,-523.4505584999999,-523.3930255,7.193312000000001,Gaussian,QC,"opt+freq: b3lyp/6-311G** em=gd3bj
energy: M062X/6-311G+(2d, p) em=gd3"
2925,c-c113+c-b29+c-b46,Cc1ccc([N+]2(C(C)C)CCCCC2)cc1,piperidinium,-640.4637089,0.309748,0.371919,547.472216,-0.38014,-0.15007,2.368,-640.1539609,-640.0917899,6.257903999999999,Gaussian,QC,"opt+freq: b3lyp/6-311G** em=gd3bj
energy: M062X/6-311G+(2d, p) em=gd3"
2926,c-c113+c-b45+c-b48,Cc1cccc([N+]2(C(=O)O)CCCCC2)c1,piperidinium,-711.1085194,0.243045,0.301891,518.196768,-0.38851,-0.17883,2.0963,-710.8654743999999,-710.8066284,5.703296000000001,Gaussian,QC,"opt+freq: b3lyp/6-311G** em=gd3bj
energy: M062X/6-311G+(2d, p) em=gd3"
2927,c-c113+c-b37+c-b80,CC(O)C[N+]1(C(C)C)CCCCC1,piperidinium,-563.2781868,0.297188,0.352811,489.808328,-0.41019,-0.1085,1.4522,-562.9809988,-562.9253758,8.205968,Gaussian,QC,"opt+freq: b3lyp/6-311G** em=gd3bj
energy: M062X/6-311G+(2d, p) em=gd3"
2928,c-c113+c-b13+c-b77,N#CCC[N+]1(CC(F)(F)F)CCCCC1,piperidinium,-799.414853,0.212428,0.270044,507.368576,-0.47707,-0.1407,8.1742,-799.202425,-799.144809,9.149264,Gaussian,QC,"opt+freq: b3lyp/6-311G** em=gd3bj
energy: M062X/6-311G+(2d, p) em=gd3"
2929,c-c113+c-b8+c-b40,CC#CC[N+]1(N(C)C)CCCCC1,piperidinium,-540.8900389,0.2596,0.317335,508.4103920000001,-0.38416,-0.1273,1.2007,-540.6304389000001,-540.5727039000001,6.986591999999999,Gaussian,QC,"opt+freq: b3lyp/6-311G** em=gd3bj
energy: M062X/6-311G+(2d, p) em=gd3"
2930,c-c113+c-b13+c-b78,CCCCC[N+]1(CCC#N)CCCCC1,piperidinium,-619.5896175,0.316091,0.377411,539.978672,-0.44443,-0.12688,6.1458,-619.2735265,-619.2122065,8.63736,Gaussian,QC,"opt+freq: b3lyp/6-311G** em=gd3bj
energy: M062X/6-311G+(2d, p) em=gd3"
2931,c-c113+c-b3+c-b80,CC(C)[N+]1(C2CCCC2)CCCCC1,piperidinium,-565.4605514,0.32814,0.383921,491.205784,-0.45181,-0.10984,2.121,-565.1324114,-565.0766304,9.301584,Gaussian,QC,"opt+freq: b3lyp/6-311G** em=gd3bj
energy: M062X/6-311G+(2d, p) em=gd3"
2932,c-c113+c-b28+c-b67,C=CCC[N+]1(c2ccc(C)c(F)c2)CCCCC1,piperidinium,-777.7888438,0.305643,0.37032,569.5344480000001,-0.38371,-0.1623,3.9977,-777.4832008,-777.4185238,6.022352,Gaussian,QC,"opt+freq: b3lyp/6-311G** em=gd3bj
energy: M062X/6-311G+(2d, p) em=gd3"
2933,c-c113+c-b53+c-b78,CCCCC[N+]1(c2cccnc2)CCCCC1,piperidinium,-695.801951,0.328351,0.389936,542.3175279999999,-0.3941,-0.17442,3.142,-695.4736,-695.412015,5.975296,Gaussian,QC,"opt+freq: b3lyp/6-311G** em=gd3bj
energy: M062X/6-311G+(2d, p) em=gd3"
2934,c-c113+c-b36+c-b47,CC(C)(C)[N+]1(c2ccccc2)CCCCC1,piperidinium,-640.4387112,0.313764,0.37195,512.389376,-0.3929,-0.15923,1.1226,-640.1249472,-640.0667612,6.355824,Gaussian,QC,"opt+freq: b3lyp/6-311G** em=gd3bj
energy: M062X/6-311G+(2d, p) em=gd3"
2935,c-c113+c-b38+c-b54,C#CC[N+]1(CCCCCCCCCCC)CCCCC1,piperidinium,-800.0222344,0.454829,0.532537,684.297384,-0.3785,-0.13783,12.797,-799.5674054,-799.4896974,6.546224,Gaussian,QC,"opt+freq: b3lyp/6-311G** em=gd3bj
energy: M062X/6-311G+(2d, p) em=gd3"
2936,c-c113+c-b22+c-b40,CN(C)[N+]1(c2ccc(Cl)cc2)CCCCC1,piperidinium,-1076.7560447,0.264559,0.322978,514.431168,-0.38224,-0.17087,6.7072,-1076.4914857,-1076.4330667,5.749264000000001,Gaussian,QC,"opt+freq: b3lyp/6-311G** em=gd3bj
energy: M062X/6-311G+(2d, p) em=gd3"
2937,c-c113+c-b12+c-b39,COC[N+]1(C(=O)C(C)(C)C)CCCCC1,piperidinium,-676.5740445,0.300316,0.362463,547.2672000000001,-0.42895,-0.19468,3.2849,-676.2737285000001,-676.2115815,6.372144,Gaussian,QC,"opt+freq: b3lyp/6-311G** em=gd3bj
energy: M062X/6-311G+(2d, p) em=gd3"
2938,c-c113+c-b24+c-b48,Cc1cccc([N+]2(c3ccccc3C)CCCCC2)c1,piperidinium,-792.8678365,0.331581,0.396713,573.551088,-0.37684,-0.15488,1.5571,-792.5362554999999,-792.4711235,6.037312,Gaussian,QC,"opt+freq: b3lyp/6-311G** em=gd3bj
energy: M062X/6-311G+(2d, p) em=gd3"
2939,c-c113+c-b10+c-b16,CC[N+]1(CCCC#N)CCCCC1,piperidinium,-540.9914581,0.265614,0.319634,475.69988,-0.4578,-0.1228,4.7673,-540.7258441,-540.6718241000001,9.111999999999998,Gaussian,QC,"opt+freq: b3lyp/6-311G** em=gd3bj
energy: M062X/6-311G+(2d, p) em=gd3"
2940,c-c113+c-b24+c-b47,Cc1ccccc1[N+]1(C(C)(C)C)CCCCC1,piperidinium,-679.7503709,0.340872,0.40059,525.870224,-0.38305,-0.1532,1.4517,-679.4094989,-679.3497809,6.25192,Gaussian,QC,"opt+freq: b3lyp/6-311G** em=gd3bj
energy: M062X/6-311G+(2d, p) em=gd3"
2941,c-c113+c-b40+c-b69,CCCCCCCCCC[N+]1(N(C)C)CCCCC1,piperidinium,-779.1787393,0.462701,0.538285,665.59072,-0.38234,-0.1122,11.6231,-778.7160382999999,-778.6404543,7.347808000000001,Gaussian,QC,"opt+freq: b3lyp/6-311G** em=gd3bj
energy: M062X/6-311G+(2d, p) em=gd3"
2942,c-c113+c-b16+c-b68,CC(C)CCC[N+]1(CCCC#N)CCCCC1,piperidinium,-698.206153,0.367332,0.435158,597.2743680000001,-0.43463,-0.11552,4.8533,-697.8388209999999,-697.770995,8.679791999999999,Gaussian,QC,"opt+freq: b3lyp/6-311G** em=gd3bj
energy: M062X/6-311G+(2d, p) em=gd3"
2943,c-c113+c-b8+c-b55,CC#CC[N+]1(c2cscn2)CCCCC1,piperidinium,-974.8156843,0.221872,0.281363,523.87864,-0.39766,-0.17946,1.1364,-974.5938123000001,-974.5343213,5.93504,Gaussian,QC,"opt+freq: b3lyp/6-311G** em=gd3bj
energy: M062X/6-311G+(2d, p) em=gd3"
2944,c-c113+c-b22+c-b53,Clc1ccc([N+]2(c3cccnc3)CCCCC2)cc1,piperidinium,-1189.8903912,0.258729,0.319698,536.895064,-0.38194,-0.18063,4.9698,-1189.6316622,-1189.5706932,5.475631999999999,Gaussian,QC,"opt+freq: b3lyp/6-311G** em=gd3bj
energy: M062X/6-311G+(2d, p) em=gd3"
2945,c-c113+c-b39+c-b76,COC[N+]1(OC)CCCCC1,piperidinium,-520.5094384,0.218911,0.270314,452.650224,-0.44168,-0.13433,1.9167,-520.2905274,-520.2391244,8.35992,Gaussian,QC,"opt+freq: b3lyp/6-311G** em=gd3bj
energy: M062X/6-311G+(2d, p) em=gd3"
2946,c-c113+c-b47+c-b60,C=CC[N+]1(C(C)(C)C)CCCCC1,piperidinium,-526.1271279,0.298894,0.352284,470.151896,-0.41143,-0.14969,0.6933,-525.8282339,-525.7748439,7.119328,Gaussian,QC,"opt+freq: b3lyp/6-311G** em=gd3bj
energy: M062X/6-311G+(2d, p) em=gd3"
2947,c-c113+c-b70+c-b76,CO[N+]1(CCCS(=O)(=O)O)CCCCC1,piperidinium,-1108.4238098,0.250393,0.312879,550.250392,-0.43114,-0.14492,9.8527,-1108.1734168,-1108.1109308,7.785184000000001,Gaussian,QC,"opt+freq: b3lyp/6-311G** em=gd3bj
energy: M062X/6-311G+(2d, p) em=gd3"
2948,c-c113+c-b27+c-b30,CCCC[N+]1(C(C)C#N)CCCCC1,piperidinium,-580.2803897,0.290224,0.347614,505.376992,-0.45622,-0.14764,5.2064,-579.9901657,-579.9327757,8.393376,Gaussian,QC,"opt+freq: b3lyp/6-311G** em=gd3bj
energy: M062X/6-311G+(2d, p) em=gd3"
2949,c-c113+c-b25+c-b65,CCC#CC[N+]1(N2CCC(C)CC2)CCCCC1,piperidinium,-736.2199392,0.372572,0.440577,598.85592,-0.36515,-0.12831,3.2055,-735.8473672,-735.7793622,6.442047999999999,Gaussian,QC,"opt+freq: b3lyp/6-311G** em=gd3bj
energy: M062X/6-311G+(2d, p) em=gd3"
2950,c-c113+c-b13+c-b24,Cc1ccccc1[N+]1(CCC#N)CCCCC1,piperidinium,-693.3790703,0.283991,0.344208,530.263424,-0.38458,-0.16136,5.8001,-693.0950793,-693.0348623,6.071583999999999,Gaussian,QC,"opt+freq: b3lyp/6-311G** em=gd3bj
energy: M062X/6-311G+(2d, p) em=gd3"
2951,c-c113+c-b20+c-b80,CC(C)[N+]1(c2ccc(Cl)c(Cl)c2)CCCCC1,piperidinium,-1520.3574826,0.264186,0.326846,551.78592,-0.38132,-0.17379,8.704,-1520.0932966,-1520.0306366,5.644816,Gaussian,QC,"opt+freq: b3lyp/6-311G** em=gd3bj
energy: M062X/6-311G+(2d, p) em=gd3"
2952,c-c113+c-b39+c-b68,COC[N+]1(CCCC(C)C)CCCCC1,piperidinium,-641.8821509,0.347673,0.410624,554.346528,-0.41973,-0.10615,4.098,-641.5344779000001,-641.4715269000001,8.529376,Gaussian,QC,"opt+freq: b3lyp/6-311G** em=gd3bj
energy: M062X/6-311G+(2d, p) em=gd3"
2953,c-c113+c-b19+c-b43,N#CC[N+]1(CCCF)CCCCC1,piperidinium,-600.9046576,0.230465,0.284176,472.976096,-0.47192,-0.16541,4.3376,-600.6741926,-600.6204816,8.337072,Gaussian,QC,"opt+freq: b3lyp/6-311G** em=gd3bj
energy: M062X/6-311G+(2d, p) em=gd3"
2954,c-c113+c-b40+c-b41,CN(C)[N+]1(C2COC(C)(C)O2)CCCCC1,piperidinium,-731.9017202,0.320073,0.380304,530.388944,-0.39616,-0.11068,4.6482,-731.5816472,-731.5214162,7.765056,Gaussian,QC,"opt+freq: b3lyp/6-311G** em=gd3bj
energy: M062X/6-311G+(2d, p) em=gd3"
2955,c-c113+c-b16+c-b48,Cc1cccc([N+]2(CCCC#N)CCCCC2)c1,piperidinium,-732.7118593,0.310052,0.372872,553.1875600000001,-0.38693,-0.16129,5.6799,-732.4018073,-732.3389873,6.137408,Gaussian,QC,"opt+freq: b3lyp/6-311G** em=gd3bj
energy: M062X/6-311G+(2d, p) em=gd3"
2956,c-c113+c-b29+c-b80,CC(C)[N+]1(C(C)C)CCCCC1,piperidinium,-488.0570936,0.295113,0.347252,459.1354240000001,-0.46843,-0.11069,0.5541,-487.7619806,-487.7098415999999,9.730528,Gaussian,QC,"opt+freq: b3lyp/6-311G** em=gd3bj
energy: M062X/6-311G+(2d, p) em=gd3"
2957,c-c113+c-b4+c-b83,CCCCCC[N+]1(CCO)CCCCC1,piperidinium,-641.8873102,0.347939,0.411778,562.1580560000001,-0.42062,-0.10615,5.7722,-641.5393712,-641.4755322,8.553584,Gaussian,QC,"opt+freq: b3lyp/6-311G** em=gd3bj
energy: M062X/6-311G+(2d, p) em=gd3"
2958,c-c113+c-b46+c-b51,Cc1ccc([N+]2(C3CCCCC3)CCCCC2)cc1,piperidinium,-757.1889095,0.373331,0.437652,566.409,-0.37783,-0.15003,1.7575,-756.8155785,-756.7512575000001,6.19616,Gaussian,QC,"opt+freq: b3lyp/6-311G** em=gd3bj
energy: M062X/6-311G+(2d, p) em=gd3"
2959,c-c113+c-b40+c-b45,CN(C)[N+]1(C(=O)O)CCCCC1,piperidinium,-574.7022151,0.213094,0.265059,457.60408,-0.41701,-0.1926,1.6316,-574.4891211,-574.4371561,6.103952,Gaussian,QC,"opt+freq: b3lyp/6-311G** em=gd3bj
energy: M062X/6-311G+(2d, p) em=gd3"
2960,c-c113+c-b24+c-b37,Cc1ccccc1[N+]1(CC(C)O)CCCCC1,piperidinium,-715.6809497,0.316199,0.37773,541.8363680000001,-0.39099,-0.16067,1.9645,-715.3647507000001,-715.3032197,6.264704,Gaussian,QC,"opt+freq: b3lyp/6-311G** em=gd3bj
energy: M062X/6-311G+(2d, p) em=gd3"
2961,c-c113+c-b8+c-b50,C=Cc1ccc([N+]2(CC#CC)CCCCC2)cc1,piperidinium,-715.3879972,0.292597,0.359834,592.086208,-0.3491,-0.16731,3.2338,-715.0954002,-715.0281632,4.944688000000001,Gaussian,QC,"opt+freq: b3lyp/6-311G** em=gd3bj
energy: M062X/6-311G+(2d, p) em=gd3"
2962,c-c113+c-b43+c-b56,CCCCCCC[N+]1(CC#N)CCCCC1,piperidinium,-658.8871662,0.340185,0.40588,578.504944,-0.4193,-0.15827,6.0625,-658.5469812,-658.4812862,7.100015999999999,Gaussian,QC,"opt+freq: b3lyp/6-311G** em=gd3bj
energy: M062X/6-311G+(2d, p) em=gd3"
2963,c-c113+c-b13+c-b31,N#CCC[N+]1(CCC(F)(F)F)CCCCC1,piperidinium,-838.732773,0.240224,0.299466,521.686224,-0.46954,-0.12716,3.5105,-838.4925489999999,-838.4333069999999,9.312736000000001,Gaussian,QC,"opt+freq: b3lyp/6-311G** em=gd3bj
energy: M062X/6-311G+(2d, p) em=gd3"
2964,c-c89+c-b78,CCCCC[N+]1(C)CCCCC1,piperidinium,-488.0590322,0.293988,0.347856,474.3651840000001,-0.44722,-0.11801,3.4998,-487.7650442,-487.7111762,8.954512,Gaussian,QC,"opt+freq: b3lyp/6-311G** em=gd3bj
energy: M062X/6-311G+(2d, p) em=gd3"
2965,c-c113+c-b56+c-b60,C=CC[N+]1(CCCCCCC)CCCCC1,piperidinium,-644.0511772,0.374319,0.440222,580.333352,-0.41551,-0.15326,5.5877,-643.6768582,-643.6109552,7.1332,Gaussian,QC,"opt+freq: b3lyp/6-311G** em=gd3bj
energy: M062X/6-311G+(2d, p) em=gd3"
2966,c-c113+c-b76+c-b79,CO[N+]1(CCCO)CCCCC1,piperidinium,-559.8236128,0.247498,0.300159,463.729456,-0.39644,-0.14512,4.7968,-559.5761148,-559.5234538,6.835903999999999,Gaussian,QC,"opt+freq: b3lyp/6-311G** em=gd3bj
energy: M062X/6-311G+(2d, p) em=gd3"
2967,c-c113+c-b30+c-b69,CCCCCCCCCC[N+]1(CCCC)CCCCC1,piperidinium,-802.4926134,0.501398,0.579811,690.498072,-0.38622,-0.10317,10.2751,-801.9912154,-801.9128024,7.69896,Gaussian,QC,"opt+freq: b3lyp/6-311G** em=gd3bj
energy: M062X/6-311G+(2d, p) em=gd3"
2968,c-c113+c-b53+c-b65,CCC#CC[N+]1(c2cccnc2)CCCCC1,piperidinium,-693.3378554,0.280253,0.343239,554.647776,-0.391,-0.1767,4.1705,-693.0576024,-692.9946163999999,5.82896,Gaussian,QC,"opt+freq: b3lyp/6-311G** em=gd3bj
energy: M062X/6-311G+(2d, p) em=gd3"
2969,c-c113+c-b29+c-b47,CC(C)[N+]1(C(C)(C)C)CCCCC1,piperidinium,-527.3485377,0.322079,0.375723,472.390336,-0.46051,-0.11111,0.8051,-527.0264586999999,-526.9728147,9.50368,Gaussian,QC,"opt+freq: b3lyp/6-311G** em=gd3bj
energy: M062X/6-311G+(2d, p) em=gd3"
2970,c-c113+c-b40+c-b76,CO[N+]1(N(C)C)CCCCC1,piperidinium,-500.5956425,0.231548,0.281434,439.294896,-0.39939,-0.14858,1.3177,-500.3640945,-500.3142085,6.822032000000001,Gaussian,QC,"opt+freq: b3lyp/6-311G** em=gd3bj
energy: M062X/6-311G+(2d, p) em=gd3"
2971,c-c113+c-b10+c-b55,CC[N+]1(c2cscn2)CCCCC1,piperidinium,-898.6800876,0.218028,0.270112,458.6500800000001,-0.40911,-0.18288,2.3321,-898.4620596,-898.4099755999999,6.153455999999999,Gaussian,QC,"opt+freq: b3lyp/6-311G** em=gd3bj
energy: M062X/6-311G+(2d, p) em=gd3"
2972,c-c113+c-b16+c-b73,CC(C)C[N+]1(CCCC#N)CCCCC1,piperidinium,-619.5956264,0.316656,0.37735,534.476712,-0.45228,-0.11869,4.8064,-619.2789704,-619.2182764,9.073648,Gaussian,QC,"opt+freq: b3lyp/6-311G** em=gd3bj
energy: M062X/6-311G+(2d, p) em=gd3"
2973,c-c113+c-b4+c-b69,CCCCCCCCCC[N+]1(CCO)CCCCC1,piperidinium,-799.102347,0.452103,0.52764,665.17232,-0.3819,-0.1077,12.2354,-798.650244,-798.574707,7.45824,Gaussian,QC,"opt+freq: b3lyp/6-311G** em=gd3bj
energy: M062X/6-311G+(2d, p) em=gd3"
2974,c-c113+c-b72+c-b80,CCC(C)C[N+]1(C(C)C)CCCCC1,piperidinium,-566.6698768,0.34434,0.40491,533.3721360000001,-0.44599,-0.10629,2.7197,-566.3255368,-566.2649668,9.23984,Gaussian,QC,"opt+freq: b3lyp/6-311G** em=gd3bj
energy: M062X/6-311G+(2d, p) em=gd3"
2975,c-c113+c-b44+c-b60,C=CC[N+]1(CCC(C)C)CCCCC1,piperidinium,-565.4438501,0.322423,0.381615,521.24272,-0.4189,-0.1545,2.6388,-565.1214271,-565.0622351,7.191679999999999,Gaussian,QC,"opt+freq: b3lyp/6-311G** em=gd3bj
energy: M062X/6-311G+(2d, p) em=gd3"
2976,c-c113+c-b47+c-b58,CC(C)(C)[N+]1(CC(=O)O)CCCCC1,piperidinium,-637.3161023,0.279154,0.335088,492.548848,-0.43264,-0.15561,2.8864,-637.0369483000001,-636.9810143,7.535216,Gaussian,QC,"opt+freq: b3lyp/6-311G** em=gd3bj
energy: M062X/6-311G+(2d, p) em=gd3"
2977,c-c113+c-b72+c-b79,CCC(C)C[N+]1(CCCO)CCCCC1,piperidinium,-641.8840428,0.349105,0.411449,548.999376,-0.40501,-0.10551,2.6934,-641.5349378,-641.4725938,8.1464,Gaussian,QC,"opt+freq: b3lyp/6-311G** em=gd3bj
energy: M062X/6-311G+(2d, p) em=gd3"
2978,c-c113+c-b36+c-b71,CCCCCC[N+]1(c2ccccc2)CCCCC1,piperidinium,-719.0736628,0.364909,0.430689,579.25388,-0.39598,-0.15691,2.5275,-718.7087538,-718.6429737999999,6.502704,Gaussian,QC,"opt+freq: b3lyp/6-311G** em=gd3bj
energy: M062X/6-311G+(2d, p) em=gd3"
2979,c-c113+c-b45+c-b75,O=C(O)[N+]1(c2c(Cl)cccc2Cl)CCCCC1,piperidinium,-1590.9664257,0.197187,0.25632,520.71972,-0.41028,-0.21561,3.5888,-1590.7692387,-1590.7101057,5.295024,Gaussian,QC,"opt+freq: b3lyp/6-311G** em=gd3bj
energy: M062X/6-311G+(2d, p) em=gd3"
2980,c-c113+c-b30+c-b79,CCCC[N+]1(CCCO)CCCCC1,piperidinium,-602.5814727,0.324231,0.383017,517.673768,-0.41305,-0.10494,2.5281,-602.2572416999999,-602.1984557,8.380592,Gaussian,QC,"opt+freq: b3lyp/6-311G** em=gd3bj
energy: M062X/6-311G+(2d, p) em=gd3"
2981,c-c113+c-b39+c-b46,COC[N+]1(c2ccc(C)cc2)CCCCC1,piperidinium,-676.375874,0.287533,0.348378,535.80304,-0.38513,-0.15664,2.3249,-676.0883409999999,-676.0274959999999,6.214927999999999,Gaussian,QC,"opt+freq: b3lyp/6-311G** em=gd3bj
energy: M062X/6-311G+(2d, p) em=gd3"
2982,c-c113+c-b19+c-b40,CN(C)[N+]1(CCCF)CCCCC1,piperidinium,-603.2964935,0.274662,0.329595,483.73316,-0.40232,-0.10994,3.409,-603.0218315,-602.9668985,7.952736000000001,Gaussian,QC,"opt+freq: b3lyp/6-311G** em=gd3bj
energy: M062X/6-311G+(2d, p) em=gd3"
2983,c-c113+c-b47+c-b53,CC(C)(C)[N+]1(c2cccnc2)CCCCC1,piperidinium,-656.4882271,0.303362,0.359974,498.527784,-0.39126,-0.17399,3.2616,-656.1848651,-656.1282531,5.909744,Gaussian,QC,"opt+freq: b3lyp/6-311G** em=gd3bj
energy: M062X/6-311G+(2d, p) em=gd3"
2984,c-c113+c-b35+c-b76,CCC(C)[N+]1(OC)CCCCC1,piperidinium,-523.915302,0.26897,0.322475,471.1644240000001,-0.45446,-0.13136,1.4174,-523.646332,-523.5928269999999,8.788319999999999,Gaussian,QC,"opt+freq: b3lyp/6-311G** em=gd3bj
energy: M062X/6-311G+(2d, p) em=gd3"
2985,c-c113+c-b53+c-b56,CCCCCCC[N+]1(c2cccnc2)CCCCC1,piperidinium,-774.4119181,0.379392,0.447954,603.747016,-0.39341,-0.17408,5.285,-774.0325260999999,-773.9639641,5.965775999999999,Gaussian,QC,"opt+freq: b3lyp/6-311G** em=gd3bj
energy: M062X/6-311G+(2d, p) em=gd3"
2986,c-c113+c-b11+c-b58,O=C(O)C[N+]1(C(F)(F)F)CCCCC1,piperidinium,-817.1140177,0.173172,0.227437,477.85464,-0.44473,-0.1704,6.1279,-816.9408457,-816.8865807,7.461776,Gaussian,QC,"opt+freq: b3lyp/6-311G** em=gd3bj
energy: M062X/6-311G+(2d, p) em=gd3"
2987,c-c113+c-b38+c-b68,C#CC[N+]1(CCCC(C)C)CCCCC1,piperidinium,-603.5002576,0.325051,0.38699,545.438792,-0.42382,-0.13846,3.7423,-603.1752066,-603.1132676000001,7.761791999999998,Gaussian,QC,"opt+freq: b3lyp/6-311G** em=gd3bj
energy: M062X/6-311G+(2d, p) em=gd3"
2988,c-c113+c-b41+c-b76,CO[N+]1(C2COC(C)(C)O2)CCCCC1,piperidinium,-712.4543937,0.281103,0.33891,509.04636,-0.40936,-0.14101,4.1082,-712.1732906999999,-712.1154836999999,7.299119999999999,Gaussian,QC,"opt+freq: b3lyp/6-311G** em=gd3bj
energy: M062X/6-311G+(2d, p) em=gd3"
2989,c-c113+c-b24+c-b46,Cc1ccc([N+]2(c3ccccc3C)CCCCC2)cc1,piperidinium,-792.874182,0.330376,0.396593,583.1031600000001,-0.37297,-0.1531,1.6962,-792.543806,-792.477589,5.980464,Gaussian,QC,"opt+freq: b3lyp/6-311G** em=gd3bj
energy: M062X/6-311G+(2d, p) em=gd3"
2990,c-c113+c-b28+c-b39,C=CCC[N+]1(COC)CCCCC1,piperidinium,-562.0370169,0.273078,0.3298,499.48592,-0.39186,-0.12574,2.0818,-561.7639389,-561.7072169,7.238464,Gaussian,QC,"opt+freq: b3lyp/6-311G** em=gd3bj
energy: M062X/6-311G+(2d, p) em=gd3"
2991,c-c113+c-b11+c-b16,N#CCCC[N+]1(C(F)(F)F)CCCCC1,piperidinium,-799.4100105,0.21268,0.269408,499.544496,-0.45101,-0.13268,6.5554,-799.1973305,-799.1406025,8.658576,Gaussian,QC,"opt+freq: b3lyp/6-311G** em=gd3bj
energy: M062X/6-311G+(2d, p) em=gd3"
2992,c-c113+c-b36+c-b40,CN(C)[N+]1(c2ccccc2)CCCCC1,piperidinium,-617.1595203,0.275998,0.331391,487.79164,-0.3961,-0.16822,1.1227,-616.8835223000001,-616.8281293,6.198335999999999,Gaussian,QC,"opt+freq: b3lyp/6-311G** em=gd3bj
energy: M062X/6-311G+(2d, p) em=gd3"
2993,c-c113+c-b8+c-b10,CC#CC[N+]1(CC)CCCCC1,piperidinium,-485.6010017,0.244252,0.300825,498.184696,-0.40229,-0.12877,0.5659,-485.3567497,-485.3001767,7.439743999999999,Gaussian,QC,"opt+freq: b3lyp/6-311G** em=gd3bj
energy: M062X/6-311G+(2d, p) em=gd3"
2994,c-c113+c-b41+c-b70,CC1(C)OCC([N+]2(CCCS(=O)(=O)O)CCCCC2)O1,piperidinium,-1339.7350206,0.339601,0.411704,634.94292,-0.41259,-0.11295,6.3773,-1339.3954196,-1339.3233166,8.150208000000001,Gaussian,QC,"opt+freq: b3lyp/6-311G** em=gd3bj
energy: M062X/6-311G+(2d, p) em=gd3"
2995,c-c113+c-b37+c-b48,Cc1cccc([N+]2(CC(C)O)CCCCC2)c1,piperidinium,-715.6914697,0.313568,0.377129,559.7146,-0.3875,-0.16029,2.0377,-715.3779016999999,-715.3143407,6.180112,Gaussian,QC,"opt+freq: b3lyp/6-311G** em=gd3bj
energy: M062X/6-311G+(2d, p) em=gd3"
2996,c-c113+c-b78+c-b79,CCCCC[N+]1(CCCO)CCCCC1,piperidinium,-641.8858985,0.349336,0.412235,553.886288,-0.40519,-0.10402,2.009,-641.5365625000001,-641.4736635,8.191824,Gaussian,QC,"opt+freq: b3lyp/6-311G** em=gd3bj
energy: M062X/6-311G+(2d, p) em=gd3"
2997,c-c113+c-b6+c-b11,NCC[N+]1(C(F)(F)F)CCCCC1,piperidinium,-723.214763,0.205234,0.257459,459.888544,-0.37548,-0.12614,3.9804,-723.0095289999999,-722.9573039999999,6.782048,Gaussian,QC,"opt+freq: b3lyp/6-311G** em=gd3bj
energy: M062X/6-311G+(2d, p) em=gd3"
2998,c-c113+c-b18+c-b51,CCC(=O)[N+]1(C2CCCCC2)CCCCC1,piperidinium,-678.7821789,0.334043,0.394493,532.326136,-0.43828,-0.19597,2.3573,-678.4481359,-678.3876859,6.590832,Gaussian,QC,"opt+freq: b3lyp/6-311G** em=gd3bj
energy: M062X/6-311G+(2d, p) em=gd3"
2999,c-c113+c-b46+c-b70,Cc1ccc([N+]2(CCCS(=O)(=O)O)CCCCC2)cc1,piperidinium,-1264.2929165,0.319104,0.390967,632.825816,-0.38914,-0.15699,8.3502,-1263.9738125,-1263.9019495,6.31448,Gaussian,QC,"opt+freq: b3lyp/6-311G** em=gd3bj
energy: M062X/6-311G+(2d, p) em=gd3"
3000,c-c113+c-b71+c-b83,CCCCCC[N+]1(CCCCCC)CCCCC1,piperidinium,-723.8862162,0.448541,0.521552,642.93436,-0.42009,-0.10307,6.8747,-723.4376752000001,-723.3646642,8.622944,Gaussian,QC,"opt+freq: b3lyp/6-311G** em=gd3bj
energy: M062X/6-311G+(2d, p) em=gd3"
3001,c-c113+c-b10+c-b17,CCCCCCCCCC(=O)[N+]1(CC)CCCCC1,piperidinium,-797.9099918,0.426829,0.502463,666.0342240000001,-0.3912,-0.19761,10.3199,-797.4831628,-797.4075287999999,5.265648,Gaussian,QC,"opt+freq: b3lyp/6-311G** em=gd3bj
energy: M062X/6-311G+(2d, p) em=gd3"
3002,c-c113+c-b37+c-b69,CCCCCCCCCC[N+]1(CC(C)O)CCCCC1,piperidinium,-838.4085867,0.477852,0.556168,689.652904,-0.38883,-0.1059,9.0413,-837.9307347,-837.8524187,7.695696,Gaussian,QC,"opt+freq: b3lyp/6-311G** em=gd3bj
energy: M062X/6-311G+(2d, p) em=gd3"
3003,c-c113+c-b4+c-b53,OCC[N+]1(c2cccnc2)CCCCC1,piperidinium,-653.1078882,0.253507,0.309119,489.71628,-0.39565,-0.17564,2.4257,-652.8543812,-652.7987692,5.984272,Gaussian,QC,"opt+freq: b3lyp/6-311G** em=gd3bj
energy: M062X/6-311G+(2d, p) em=gd3"
3004,c-c113+c-b10+c-b70,CC[N+]1(CCCS(=O)(=O)O)CCCCC1,piperidinium,-1072.5768129,0.275966,0.337711,543.723352,-0.4278,-0.11759,9.3067,-1072.3008469,-1072.2391019,8.437712,Gaussian,QC,"opt+freq: b3lyp/6-311G** em=gd3bj
energy: M062X/6-311G+(2d, p) em=gd3"
3005,c-c113+c-b11+c-b81,CCC[N+]1(C(F)(F)F)CCCCC1,piperidinium,-707.1774063,0.216635,0.268829,459.6207680000001,-0.48341,-0.11543,3.0302,-706.9607713,-706.9085773,10.009056,Gaussian,QC,"opt+freq: b3lyp/6-311G** em=gd3bj
energy: M062X/6-311G+(2d, p) em=gd3"
3006,c-c113+c-b10+c-b67,CC[N+]1(c2ccc(C)c(F)c2)CCCCC1,piperidinium,-700.4007296,0.276341,0.33582,523.765672,-0.3854,-0.16317,4.6997,-700.1243886,-700.0649096,6.044656,Gaussian,QC,"opt+freq: b3lyp/6-311G** em=gd3bj
energy: M062X/6-311G+(2d, p) em=gd3"
3007,c-c89+c-b73,CC(C)C[N+]1(C)CCCCC1,piperidinium,-448.7565531,0.266799,0.318131,452.030992,-0.46994,-0.11764,1.6971,-448.4897541,-448.4384221,9.58256,Gaussian,QC,"opt+freq: b3lyp/6-311G** em=gd3bj
energy: M062X/6-311G+(2d, p) em=gd3"
3008,c-c113+c-b9+c-b60,C=CC[N+]1(C(C)F)CCCCC1,piperidinium,-546.7690295,0.235937,0.288187,460.11448,-0.42334,-0.1584,1.7983,-546.5330925,-546.4808425,7.206367999999999,Gaussian,QC,"opt+freq: b3lyp/6-311G** em=gd3bj
energy: M062X/6-311G+(2d, p) em=gd3"
3009,c-c113+c-b10+c-b58,CC[N+]1(CC(=O)O)CCCCC1,piperidinium,-558.707381,0.226383,0.278218,456.457664,-0.43913,-0.16645,3.1123,-558.480998,-558.429163,7.416896,Gaussian,QC,"opt+freq: b3lyp/6-311G** em=gd3bj
energy: M062X/6-311G+(2d, p) em=gd3"
3010,c-c113+c-b58+c-b69,CCCCCCCCCC[N+]1(CC(=O)O)CCCCC1,piperidinium,-873.1440584,0.432162,0.510215,687.3307840000001,-0.38607,-0.16643,10.4543,-872.7118964,-872.6338433999999,5.974208000000001,Gaussian,QC,"opt+freq: b3lyp/6-311G** em=gd3bj
energy: M062X/6-311G+(2d, p) em=gd3"
3011,c-c113+c-b43+c-b61,CCCCCCCC[N+]1(CC#N)CCCCC1,piperidinium,-698.1943994,0.367149,0.434909,596.684424,-0.40701,-0.15538,9.1012,-697.8272503999999,-697.7594904,6.844336,Gaussian,QC,"opt+freq: b3lyp/6-311G** em=gd3bj
energy: M062X/6-311G+(2d, p) em=gd3"
3012,c-c113+c-b23+c-b58,O=C(O)C[N+]1(c2cccc(Cl)c2)CCCCC1,piperidinium,-1170.7010044,0.234385,0.29449,529.2801840000001,-0.38525,-0.17056,6.559,-1170.4666194,-1170.4065144,5.839568,Gaussian,QC,"opt+freq: b3lyp/6-311G** em=gd3bj
energy: M062X/6-311G+(2d, p) em=gd3"
3013,c-c113+c-b24+c-b70,Cc1ccccc1[N+]1(CCCS(=O)(=O)O)CCCCC1,piperidinium,-1264.2681054,0.320801,0.391233,620.219424,-0.36148,-0.21067,7.1852,-1263.9473044,-1263.8768724,4.102032,Gaussian,QC,"opt+freq: b3lyp/6-311G** em=gd3bj
energy: M062X/6-311G+(2d, p) em=gd3"
3014,c-c113+c-b28+c-b69,C=CCC[N+]1(CCCCCCCCCC)CCCCC1,piperidinium,-801.2601028,0.476911,0.556232,698.49788,-0.38498,-0.12244,10.7098,-800.7831918,-800.7038708,7.141088,Gaussian,QC,"opt+freq: b3lyp/6-311G** em=gd3bj
energy: M062X/6-311G+(2d, p) em=gd3"
3015,c-c113+c-b8+c-b31,CC#CC[N+]1(CCC(F)(F)F)CCCCC1,piperidinium,-822.6423595,0.246859,0.309358,550.36336,-0.39818,-0.13602,6.1832,-822.3955005,-822.3330015,7.130751999999998,Gaussian,QC,"opt+freq: b3lyp/6-311G** em=gd3bj
energy: M062X/6-311G+(2d, p) em=gd3"
3016,c-c113+c-b13+c-b39,COC[N+]1(CCC#N)CCCCC1,piperidinium,-576.8893621,0.241132,0.295937,482.60348,-0.42396,-0.12913,4.3748,-576.6482301,-576.5934251,8.019376000000001,Gaussian,QC,"opt+freq: b3lyp/6-311G** em=gd3bj
energy: M062X/6-311G+(2d, p) em=gd3"
3017,c-c113+c-b41+c-b44,CC(C)CC[N+]1(C2COC(C)(C)O2)CCCCC1,piperidinium,-794.5167022,0.382759,0.450096,592.9648480000001,-0.40261,-0.10775,3.7372,-794.1339432000001,-794.0666062,8.020192,Gaussian,QC,"opt+freq: b3lyp/6-311G** em=gd3bj
energy: M062X/6-311G+(2d, p) em=gd3"
3018,c-c113+c-b43+c-b73,CC(C)C[N+]1(CC#N)CCCCC1,piperidinium,-540.9759848,0.263192,0.318544,487.423448,-0.47664,-0.1575,4.4505,-540.7127928,-540.6574408,8.680608,Gaussian,QC,"opt+freq: b3lyp/6-311G** em=gd3bj
energy: M062X/6-311G+(2d, p) em=gd3"
3019,c-c113+c-b4+c-b86,OCC[N+]1(c2ccc(Cl)cc2Cl)CCCCC1,piperidinium,-1556.2614024,0.243581,0.30467,537.949432,-0.38871,-0.17489,7.0206,-1556.0178214,-1555.9567324,5.815904,Gaussian,QC,"opt+freq: b3lyp/6-311G** em=gd3bj
energy: M062X/6-311G+(2d, p) em=gd3"
3020,c-c113+c-b13+c-b23,N#CCC[N+]1(c2cccc(Cl)c2)CCCCC1,piperidinium,-1113.6836483,0.247363,0.307029,525.418352,-0.38466,-0.17203,8.7576,-1113.4362853,-1113.3766193,5.783536,Gaussian,QC,"opt+freq: b3lyp/6-311G** em=gd3bj
energy: M062X/6-311G+(2d, p) em=gd3"
3021,c-c113+c-b4+c-b37,CC(O)C[N+]1(CCO)CCCCC1,piperidinium,-599.2018115,0.2749,0.330369,488.46108,-0.41926,-0.10503,1.5037,-598.9269115,-598.8714425,8.547056,Gaussian,QC,"opt+freq: b3lyp/6-311G** em=gd3bj
energy: M062X/6-311G+(2d, p) em=gd3"
3022,c-c113+c-b46+c-b79,Cc1ccc([N+]2(CCCO)CCCCC2)cc1,piperidinium,-715.6918724,0.315738,0.378217,550.187632,-0.37724,-0.14749,1.8814,-715.3761344,-715.3136554,6.2492,Gaussian,QC,"opt+freq: b3lyp/6-311G** em=gd3bj
energy: M062X/6-311G+(2d, p) em=gd3"
3023,c-c90+c-b18,CCC(=O)[N+]12CCC(CC1)CC2,piperidinium,-521.5677192,0.227719,0.278375,446.072976,-0.45425,-0.20115,2.44,-521.3400002000001,-521.2893442000001,6.88432,Gaussian,QC,"opt+freq: b3lyp/6-311G** em=gd3bj
energy: M062X/6-311G+(2d, p) em=gd3"
3024,c-c113+c-b41+c-b46,Cc1ccc([N+]2(C3COC(C)(C)O3)CCCCC2)cc1,piperidinium,-868.3109974,0.348595,0.417224,604.3453280000001,-0.37389,-0.14409,2.2139,-867.9624024,-867.8937734,6.25056,Gaussian,QC,"opt+freq: b3lyp/6-311G** em=gd3bj
energy: M062X/6-311G+(2d, p) em=gd3"
3025,c-c90+c-b74,CC(=O)[N+]12CCC(CC1)CC2,piperidinium,-482.2606624,0.202147,0.249334,415.525592,-0.46048,-0.20705,2.3822,-482.0585154,-482.0113284,6.893295999999999,Gaussian,QC,"opt+freq: b3lyp/6-311G** em=gd3bj
energy: M062X/6-311G+(2d, p) em=gd3"
3026,c-c113+c-b47+c-b74,CC(=O)[N+]1(C(C)(C)C)CCCCC1,piperidinium,-562.0754466,0.272547,0.327393,482.967488,-0.44853,-0.20269,2.5875,-561.8028995999999,-561.7480535999999,6.686847999999999,Gaussian,QC,"opt+freq: b3lyp/6-311G** em=gd3bj
energy: M062X/6-311G+(2d, p) em=gd3"
3027,c-c113+c-b31+c-b76,CO[N+]1(CCC(F)(F)F)CCCCC1,piperidinium,-782.3499861,0.218592,0.273648,484.825184,-0.46293,-0.14287,5.3247,-782.1313941000001,-782.0763381,8.705632,Gaussian,QC,"opt+freq: b3lyp/6-311G** em=gd3bj
energy: M062X/6-311G+(2d, p) em=gd3"
3028,c-c113+c-b47+c-b56,CCCCCCC[N+]1(C(C)(C)C)CCCCC1,piperidinium,-684.572832,0.42414,0.491958,597.20324,-0.41258,-0.10449,5.344,-684.148692,-684.080874,8.380047999999999,Gaussian,QC,"opt+freq: b3lyp/6-311G** em=gd3bj
energy: M062X/6-311G+(2d, p) em=gd3"
3029,c-c113+c-b46+c-b81,CCC[N+]1(c2ccc(C)cc2)CCCCC1,piperidinium,-640.4692366,0.310817,0.371977,538.572848,-0.38103,-0.15181,2.153,-640.1584196,-640.0972596,6.234783999999999,Gaussian,QC,"opt+freq: b3lyp/6-311G** em=gd3bj
energy: M062X/6-311G+(2d, p) em=gd3"
3030,c-c113+c-b47+c-b51,CC(C)(C)[N+]1(C2CCCCC2)CCCCC1,piperidinium,-644.0650939,0.384063,0.441872,509.058912,-0.43343,-0.10679,2.5733,-643.6810309,-643.6232219,8.884608,Gaussian,QC,"opt+freq: b3lyp/6-311G** em=gd3bj
energy: M062X/6-311G+(2d, p) em=gd3"
3031,c-c113+c-b38+c-b55,C#CC[N+]1(c2cscn2)CCCCC1,piperidinium,-935.507046,0.198246,0.251949,472.913336,-0.4082,-0.18194,1.9761,-935.3087999999999,-935.255097,6.154272000000001,Gaussian,QC,"opt+freq: b3lyp/6-311G** em=gd3bj
energy: M062X/6-311G+(2d, p) em=gd3"
3032,c-c113+c-b20+c-b79,OCCC[N+]1(c2ccc(Cl)c(Cl)c2)CCCCC1,piperidinium,-1595.5582881,0.269029,0.334012,572.237312,-0.3751,-0.16808,9.0349,-1595.2892591,-1595.2242761,5.630944,Gaussian,QC,"opt+freq: b3lyp/6-311G** em=gd3bj
energy: M062X/6-311G+(2d, p) em=gd3"
3033,c-c113+c-b8+c-b56,CC#CC[N+]1(CCCCCCC)CCCCC1,piperidinium,-682.1216899,0.373697,0.445745,634.457576,-0.39662,-0.12389,5.3394,-681.7479929,-681.6759449,7.418255999999999,Gaussian,QC,"opt+freq: b3lyp/6-311G** em=gd3bj
energy: M062X/6-311G+(2d, p) em=gd3"
3034,c-c113+c-b29+c-b39,COC[N+]1(C(C)C)CCCCC1,piperidinium,-523.9647666,0.269655,0.323827,477.03876,-0.42227,-0.10593,1.5183,-523.6951116,-523.6409395999999,8.604447999999998,Gaussian,QC,"opt+freq: b3lyp/6-311G** em=gd3bj
energy: M062X/6-311G+(2d, p) em=gd3"
3035,c-c113+c-b31+c-b41,CC1(C)OCC([N+]2(CCC(F)(F)F)CCCCC2)O1,piperidinium,-1013.6649961,0.306629,0.372564,580.626232,-0.41016,-0.1091,4.606,-1013.3583671,-1013.2924321,8.188832,Gaussian,QC,"opt+freq: b3lyp/6-311G** em=gd3bj
energy: M062X/6-311G+(2d, p) em=gd3"
3036,c-c113+c-b45+c-b83,CCCCCC[N+]1(C(=O)O)CCCCC1,piperidinium,-676.6198032,0.303524,0.364578,537.639816,-0.42654,-0.17815,5.2611,-676.3162791999999,-676.2552251999999,6.756207999999999,Gaussian,QC,"opt+freq: b3lyp/6-311G** em=gd3bj
energy: M062X/6-311G+(2d, p) em=gd3"
3037,c-c113+c-b48+c-b74,CC(=O)[N+]1(c2cccc(C)c2)CCCCC1,piperidinium,-675.185234,0.264406,0.323865,523.594128,-0.38995,-0.19904,2.6279,-674.920828,-674.8613690000001,5.192752,Gaussian,QC,"opt+freq: b3lyp/6-311G** em=gd3bj
energy: M062X/6-311G+(2d, p) em=gd3"
3038,c-c113+c-b39+c-b73,COC[N+]1(CC(C)C)CCCCC1,piperidinium,-563.2700178,0.295002,0.352726,508.31416,-0.42188,-0.10713,2.1939,-562.9750158,-562.9172918,8.5612,Gaussian,QC,"opt+freq: b3lyp/6-311G** em=gd3bj
energy: M062X/6-311G+(2d, p) em=gd3"
3039,c-c113+c-b11+c-b53,FC(F)(F)[N+]1(c2cccnc2)CCCCC1,piperidinium,-836.3024968,0.198753,0.252796,475.900712,-0.40446,-0.19277,5.0328,-836.1037438,-836.0497008,5.757968,Gaussian,QC,"opt+freq: b3lyp/6-311G** em=gd3bj
energy: M062X/6-311G+(2d, p) em=gd3"
3040,c-c113+c-b29+c-b48,Cc1cccc([N+]2(C(C)C)CCCCC2)c1,piperidinium,-640.4717185,0.31034,0.371673,540.100008,-0.38064,-0.15339,2.1697,-640.1613785,-640.1000455,6.1812,Gaussian,QC,"opt+freq: b3lyp/6-311G** em=gd3bj
energy: M062X/6-311G+(2d, p) em=gd3"
3041,c-c113+c-b37+c-b43,CC(O)C[N+]1(CC#N)CCCCC1,piperidinium,-576.8995882,0.241642,0.295501,474.27732,-0.43675,-0.153,3.3316,-576.6579462000001,-576.6040872000001,7.718000000000002,Gaussian,QC,"opt+freq: b3lyp/6-311G** em=gd3bj
energy: M062X/6-311G+(2d, p) em=gd3"
3042,c-c113+c-b19+c-b41,CC1(C)OCC([N+]2(CCCF)CCCCC2)O1,piperidinium,-815.1555009,0.324181,0.38684,551.769184,-0.40542,-0.10449,3.9658,-814.8313199,-814.7686609,8.185296000000001,Gaussian,QC,"opt+freq: b3lyp/6-311G** em=gd3bj
energy: M062X/6-311G+(2d, p) em=gd3"
3043,c-c113+c-b61+c-b76,CCCCCCCC[N+]1(OC)CCCCC1,piperidinium,-681.1267742,0.371932,0.438804,588.872896,-0.40123,-0.13901,8.5223,-680.7548422,-680.6879702,7.132384,Gaussian,QC,"opt+freq: b3lyp/6-311G** em=gd3bj
energy: M062X/6-311G+(2d, p) em=gd3"
3044,c-c113+c-b16+c-b79,N#CCCC[N+]1(CCCO)CCCCC1,piperidinium,-655.5098436,0.296557,0.354896,513.7282560000001,-0.40147,-0.12281,5.61,-655.2132866,-655.1549475999999,7.579552000000001,Gaussian,QC,"opt+freq: b3lyp/6-311G** em=gd3bj
energy: M062X/6-311G+(2d, p) em=gd3"
3045,c-c113+c-b13+c-b56,CCCCCCC[N+]1(CCC#N)CCCCC1,piperidinium,-698.19941,0.367207,0.435332,599.914472,-0.41402,-0.12585,8.6056,-697.8322029999999,-697.7640779999999,7.838224000000001,Gaussian,QC,"opt+freq: b3lyp/6-311G** em=gd3bj
energy: M062X/6-311G+(2d, p) em=gd3"
3046,c-c113+c-b20+c-b58,O=C(O)C[N+]1(c2ccc(Cl)c(Cl)c2)CCCCC1,piperidinium,-1630.2965419,0.222983,0.286351,558.015896,-0.38208,-0.17602,9.7688,-1630.0735589,-1630.0101909,5.604831999999999,Gaussian,QC,"opt+freq: b3lyp/6-311G** em=gd3bj
energy: M062X/6-311G+(2d, p) em=gd3"
3047,c-c113+c-b74+c-b77,CC(=O)[N+]1(CC(F)(F)F)CCCCC1,piperidinium,-781.2016478,0.194497,0.24987,487.615912,-0.47023,-0.21429,5.9377,-781.0071508000001,-780.9517778000001,6.961567999999998,Gaussian,QC,"opt+freq: b3lyp/6-311G** em=gd3bj
energy: M062X/6-311G+(2d, p) em=gd3"
3048,c-c113+c-b16+c-b38,C#CC[N+]1(CCCC#N)CCCCC1,piperidinium,-577.816218,0.244869,0.301503,498.724432,-0.42875,-0.14422,4.6487,-577.571349,-577.514715,7.739216000000002,Gaussian,QC,"opt+freq: b3lyp/6-311G** em=gd3bj
energy: M062X/6-311G+(2d, p) em=gd3"
3049,c-c113+c-b28+c-b86,C=CCC[N+]1(c2ccc(Cl)cc2Cl)CCCCC1,piperidinium,-1558.421299,0.26777,0.332812,572.764496,-0.3828,-0.17926,6.7442,-1558.153529,-1558.088487,5.536287999999999,Gaussian,QC,"opt+freq: b3lyp/6-311G** em=gd3bj
energy: M062X/6-311G+(2d, p) em=gd3"
3050,c-c113+c-b22+c-b39,COC[N+]1(c2ccc(Cl)cc2)CCCCC1,piperidinium,-1096.6612913,0.251172,0.311944,535.1587040000001,-0.38482,-0.17039,5.6361,-1096.4101193,-1096.3493473,5.832495999999999,Gaussian,QC,"opt+freq: b3lyp/6-311G** em=gd3bj
energy: M062X/6-311G+(2d, p) em=gd3"
3051,c-c113+c-b25+c-b30,CCCC[N+]1(N2CCC(C)CC2)CCCCC1,piperidinium,-699.3830724,0.394484,0.458262,561.6308720000001,-0.36632,-0.10835,3.3553,-698.9885883999999,-698.9248104,7.016783999999999,Gaussian,QC,"opt+freq: b3lyp/6-311G** em=gd3bj
energy: M062X/6-311G+(2d, p) em=gd3"
3052,c-c113+c-b6+c-b41,CC1(C)OCC([N+]2(CCN)CCCCC2)O1,piperidinium,-731.9622728,0.321858,0.382374,532.899344,-0.3883,-0.10515,4.4042,-731.6404148,-731.5798988,7.701680000000001,Gaussian,QC,"opt+freq: b3lyp/6-311G** em=gd3bj
energy: M062X/6-311G+(2d, p) em=gd3"
3053,c-c113+c-b8+c-b74,CC#CC[N+]1(C(C)=O)CCCCC1,piperidinium,-559.6102593,0.223213,0.281633,514.4353520000001,-0.4079,-0.20123,2.3199,-559.3870463000001,-559.3286263,5.621423999999999,Gaussian,QC,"opt+freq: b3lyp/6-311G** em=gd3bj
energy: M062X/6-311G+(2d, p) em=gd3"
3054,c-c113+c-b45+c-b86,O=C(O)[N+]1(c2ccc(Cl)cc2Cl)CCCCC1,piperidinium,-1590.9787598,0.196463,0.256455,528.284392,-0.40387,-0.19258,3.895,-1590.7822968,-1590.7223048,5.747088,Gaussian,QC,"opt+freq: b3lyp/6-311G** em=gd3bj
energy: M062X/6-311G+(2d, p) em=gd3"
3055,c-c113+c-b48+c-b77,Cc1cccc([N+]2(CC(F)(F)F)CCCCC2)c1,piperidinium,-898.9030363,0.258976,0.322486,559.266912,-0.39341,-0.16894,3.2938,-898.6440603000001,-898.5805503,6.105583999999999,Gaussian,QC,"opt+freq: b3lyp/6-311G** em=gd3bj
energy: M062X/6-311G+(2d, p) em=gd3"
3056,c-c113+c-b16+c-b39,COC[N+]1(CCCC#N)CCCCC1,piperidinium,-616.1981756,0.267818,0.324958,503.1678400000001,-0.42011,-0.12264,5.0558,-615.9303576,-615.8732176,8.091184,Gaussian,QC,"opt+freq: b3lyp/6-311G** em=gd3bj
energy: M062X/6-311G+(2d, p) em=gd3"
3057,c-c113+c-b48+c-b53,Cc1cccc([N+]2(c3cccnc3)CCCCC2)c1,piperidinium,-769.6026591,0.292734,0.356137,558.329696,-0.37967,-0.17497,2.832,-769.3099251,-769.2465221,5.56784,Gaussian,QC,"opt+freq: b3lyp/6-311G** em=gd3bj
energy: M062X/6-311G+(2d, p) em=gd3"
3058,c-c113+c-b16+c-b72,CCC(C)C[N+]1(CCCC#N)CCCCC1,piperidinium,-658.8995265,0.341743,0.40628,568.304352,-0.44659,-0.11791,4.9527,-658.5577835,-658.4932464999999,8.940095999999999,Gaussian,QC,"opt+freq: b3lyp/6-311G** em=gd3bj
energy: M062X/6-311G+(2d, p) em=gd3"
3059,c-c90+c-b24,Cc1ccccc1[N+]12CCC(CC1)CC2,piperidinium,-599.8877127,0.264796,0.318751,475.126672,-0.34178,-0.27473,5.282,-599.6229166999999,-599.5689616999999,1.82376,Gaussian,QC,"opt+freq: b3lyp/6-311G** em=gd3bj
energy: M062X/6-311G+(2d, p) em=gd3"
3060,c-c113+c-b38+c-b45,C#CC[N+]1(C(=O)O)CCCCC1,piperidinium,-556.2156687,0.179786,0.230518,446.738232,-0.4301,-0.18988,1.5844,-556.0358827,-555.9851507000001,6.533983999999999,Gaussian,QC,"opt+freq: b3lyp/6-311G** em=gd3bj
energy: M062X/6-311G+(2d, p) em=gd3"
3061,c-c113+c-b65+c-b79,CCC#CC[N+]1(CCCO)CCCCC1,piperidinium,-639.4244377,0.300647,0.365095,567.526128,-0.39417,-0.13464,4.436,-639.1237907,-639.0593427,7.059216000000001,Gaussian,QC,"opt+freq: b3lyp/6-311G** em=gd3bj
energy: M062X/6-311G+(2d, p) em=gd3"
3062,c-c113+c-b9+c-b71,CCCCCC[N+]1(C(C)F)CCCCC1,piperidinium,-665.9113605,0.336048,0.398724,551.9198080000001,-0.42721,-0.10681,5.2199,-665.5753125,-665.5126365,8.714879999999999,Gaussian,QC,"opt+freq: b3lyp/6-311G** em=gd3bj
energy: M062X/6-311G+(2d, p) em=gd3"
3063,c-c113+c-b6+c-b74,CC(=O)[N+]1(CCN)CCCCC1,piperidinium,-538.8221304,0.238732,0.289644,448.328152,-0.41031,-0.18033,2.0943,-538.5833984,-538.5324864,6.255456000000001,Gaussian,QC,"opt+freq: b3lyp/6-311G** em=gd3bj
energy: M062X/6-311G+(2d, p) em=gd3"
3064,c-c113+c-b8+c-b25,CC#CC[N+]1(N2CCC(C)CC2)CCCCC1,piperidinium,-696.9151467,0.34669,0.411422,570.0323440000001,-0.36598,-0.12845,3.1887,-696.5684567000001,-696.5037247,6.460816,Gaussian,QC,"opt+freq: b3lyp/6-311G** em=gd3bj
energy: M062X/6-311G+(2d, p) em=gd3"
3065,c-c113+c-b78+c-b81,CCCCC[N+]1(CCC)CCCCC1,piperidinium,-566.6674475,0.346776,0.405918,520.799216,-0.44339,-0.10665,2.7012,-566.3206715,-566.2615294999999,9.159328,Gaussian,QC,"opt+freq: b3lyp/6-311G** em=gd3bj
energy: M062X/6-311G+(2d, p) em=gd3"
3066,c-c113+c-b9+c-b54,CCCCCCCCCCC[N+]1(C(C)F)CCCCC1,piperidinium,-862.4325291,0.465317,0.543722,690.4311280000001,-0.37944,-0.10753,11.9518,-861.9672121,-861.8888071,7.395951999999999,Gaussian,QC,"opt+freq: b3lyp/6-311G** em=gd3bj
energy: M062X/6-311G+(2d, p) em=gd3"
3067,c-c113+c-b20+c-b45,O=C(O)[N+]1(c2ccc(Cl)c(Cl)c2)CCCCC1,piperidinium,-1590.9804124,0.195891,0.25645,533.284272,-0.39081,-0.19361,8.8188,-1590.7845214,-1590.7239624,5.36384,Gaussian,QC,"opt+freq: b3lyp/6-311G** em=gd3bj
energy: M062X/6-311G+(2d, p) em=gd3"
3068,c-c113+c-b46+c-b73,Cc1ccc([N+]2(CC(C)C)CCCCC2)cc1,piperidinium,-679.7781786,0.336327,0.400541,565.463416,-0.37977,-0.14935,2.4076,-679.4418516000001,-679.3776376000001,6.267423999999999,Gaussian,QC,"opt+freq: b3lyp/6-311G** em=gd3bj
energy: M062X/6-311G+(2d, p) em=gd3"
3069,c-c113+c-b27+c-b79,CC(C#N)[N+]1(CCCO)CCCCC1,piperidinium,-616.1971776,0.268734,0.325016,495.61572,-0.40905,-0.15184,3.5426,-615.9284436,-615.8721616,6.996112000000001,Gaussian,QC,"opt+freq: b3lyp/6-311G** em=gd3bj
energy: M062X/6-311G+(2d, p) em=gd3"
3070,c-c113+c-b22+c-b70,O=S(=O)(O)CCC[N+]1(c2ccc(Cl)cc2)CCCCC1,piperidinium,-1684.5845804,0.283797,0.354587,623.3741600000001,-0.38351,-0.16721,9.4453,-1684.3007834,-1684.2299934,5.883360000000001,Gaussian,QC,"opt+freq: b3lyp/6-311G** em=gd3bj
energy: M062X/6-311G+(2d, p) em=gd3"
3071,c-c113+c-b12+c-b24,Cc1ccccc1[N+]1(C(=O)C(C)(C)C)CCCCC1,piperidinium,-793.0776864,0.343844,0.410295,585.170056,-0.37699,-0.18815,2.9305,-792.7338424,-792.6673913999999,5.136448,Gaussian,QC,"opt+freq: b3lyp/6-311G** em=gd3bj
energy: M062X/6-311G+(2d, p) em=gd3"
3072,c-c113+c-b37+c-b72,CCC(C)C[N+]1(CC(C)O)CCCCC1,piperidinium,-641.8930405,0.347412,0.410698,557.296248,-0.41655,-0.10965,1.9482,-641.5456285,-641.4823425,8.347679999999999,Gaussian,QC,"opt+freq: b3lyp/6-311G** em=gd3bj
energy: M062X/6-311G+(2d, p) em=gd3"
3073,c-c113+c-b4+c-b72,CCC(C)C[N+]1(CCO)CCCCC1,piperidinium,-602.5866371,0.322389,0.382277,527.37228,-0.42768,-0.10695,3.8114,-602.2642480999999,-602.2043600999999,8.723856,Gaussian,QC,"opt+freq: b3lyp/6-311G** em=gd3bj
energy: M062X/6-311G+(2d, p) em=gd3"
3074,c-c90+c-b77,FC(F)(F)C[N+]12CCC(CC1)CC2,piperidinium,-705.9874502,0.198199,0.2479,437.658952,-0.48033,-0.13944,5.0835,-705.7892512,-705.7395502,9.272208,Gaussian,QC,"opt+freq: b3lyp/6-311G** em=gd3bj
energy: M062X/6-311G+(2d, p) em=gd3"
3075,c-c113+c-b41+c-b78,CCCCC[N+]1(C2COC(C)(C)O2)CCCCC1,piperidinium,-794.5143594,0.381809,0.450633,606.056584,-0.40474,-0.10709,2.2481,-794.1325504,-794.0637264,8.096079999999999,Gaussian,QC,"opt+freq: b3lyp/6-311G** em=gd3bj
energy: M062X/6-311G+(2d, p) em=gd3"
3076,c-c113+c-b18+c-b28,C=CCC[N+]1(C(=O)CC)CCCCC1,piperidinium,-600.1177146,0.274755,0.334042,522.07952,-0.3863,-0.2206,2.0734,-599.8429596,-599.7836726,4.50704,Gaussian,QC,"opt+freq: b3lyp/6-311G** em=gd3bj
energy: M062X/6-311G+(2d, p) em=gd3"
3077,c-c113+c-b4+c-b8,CC#CC[N+]1(CCO)CCCCC1,piperidinium,-560.8130549,0.248433,0.306639,512.56092,-0.3948,-0.12624,1.1845,-560.5646219,-560.5064159,7.304832,Gaussian,QC,"opt+freq: b3lyp/6-311G** em=gd3bj
energy: M062X/6-311G+(2d, p) em=gd3"
3078,c-c113+c-b12+c-b18,CCC(=O)[N+]1(C(=O)C(C)(C)C)CCCCC1,piperidinium,-714.6897692,0.303542,0.367043,559.187416,-0.43546,-0.2051,3.078,-714.3862272,-714.3227262,6.265792,Gaussian,QC,"opt+freq: b3lyp/6-311G** em=gd3bj
energy: M062X/6-311G+(2d, p) em=gd3"
3079,c-c113+c-b16+c-b27,CC(C#N)[N+]1(CCCC#N)CCCCC1,piperidinium,-633.2088727,0.260937,0.319512,515.80352,-0.45308,-0.16429,6.0136,-632.9479357,-632.8893607,7.855087999999999,Gaussian,QC,"opt+freq: b3lyp/6-311G** em=gd3bj
energy: M062X/6-311G+(2d, p) em=gd3"
3080,c-c113+c-b12+c-b16,CC(C)(C)C(=O)[N+]1(CCCC#N)CCCCC1,piperidinium,-732.9115978,0.320359,0.386693,584.132424,-0.43943,-0.20288,7.237,-732.5912387999999,-732.5249048,6.434159999999999,Gaussian,QC,"opt+freq: b3lyp/6-311G** em=gd3bj
energy: M062X/6-311G+(2d, p) em=gd3"
3081,c-c113+c-b41+c-b82,CC(C)CCCC[N+]1(C2COC(C)(C)O2)CCCCC1,piperidinium,-873.1260399,0.43391,0.508047,652.8420719999999,-0.40137,-0.10712,4.3689,-872.6921299,-872.6179929,8.0036,Gaussian,QC,"opt+freq: b3lyp/6-311G** em=gd3bj
energy: M062X/6-311G+(2d, p) em=gd3"
3082,c-c89+c-b22,C[N+]1(c2ccc(Cl)cc2)CCCCC1,piperidinium,-982.1460769,0.225124,0.277742,463.3570800000001,-0.38577,-0.17047,6.9245,-981.9209529,-981.8683349,5.85616,Gaussian,QC,"opt+freq: b3lyp/6-311G** em=gd3bj
energy: M062X/6-311G+(2d, p) em=gd3"
3083,c-c113+c-b36+c-b58,O=C(O)C[N+]1(c2ccccc2)CCCCC1,piperidinium,-711.0999313,0.245743,0.302722,501.7620160000001,-0.40001,-0.1606,5.3268,-710.8541883,-710.7972093,6.511951999999999,Gaussian,QC,"opt+freq: b3lyp/6-311G** em=gd3bj
energy: M062X/6-311G+(2d, p) em=gd3"
3084,c-c113+c-b8+c-b22,CC#CC[N+]1(c2ccc(Cl)cc2)CCCCC1,piperidinium,-1097.6004844,0.253517,0.317466,563.1329280000001,-0.38075,-0.16644,6.0849,-1097.3469674,-1097.2830184,5.829231999999999,Gaussian,QC,"opt+freq: b3lyp/6-311G** em=gd3bj
energy: M062X/6-311G+(2d, p) em=gd3"
3085,c-c113+c-b70+c-b78,CCCCC[N+]1(CCCS(=O)(=O)O)CCCCC1,piperidinium,-1190.4903394,0.354127,0.424833,622.633592,-0.43115,-0.11573,8.133,-1190.1362124,-1190.0655064,8.579424,Gaussian,QC,"opt+freq: b3lyp/6-311G** em=gd3bj
energy: M062X/6-311G+(2d, p) em=gd3"
3086,c-c113+c-b45+c-b50,C=Cc1ccc([N+]2(C(=O)O)CCCCC2)cc1,piperidinium,-749.1944073,0.247486,0.307549,528.9161760000001,-0.35691,-0.1843,3.0093,-748.9469213,-748.8868583,4.694992,Gaussian,QC,"opt+freq: b3lyp/6-311G** em=gd3bj
energy: M062X/6-311G+(2d, p) em=gd3"
3087,c-c113+c-b43+c-b71,CCCCCC[N+]1(CC#N)CCCCC1,piperidinium,-619.5853147,0.315385,0.376833,541.1083520000001,-0.42839,-0.15652,7.0586,-619.2699297,-619.2084817,7.394864,Gaussian,QC,"opt+freq: b3lyp/6-311G** em=gd3bj
energy: M062X/6-311G+(2d, p) em=gd3"
3088,c-c89+c-b38,C#CC[N+]1(C)CCCCC1,piperidinium,-406.9733435,0.196474,0.24262,406.358448,-0.4325,-0.14989,0.9052,-406.7768695,-406.7307235,7.686992000000001,Gaussian,QC,"opt+freq: b3lyp/6-311G** em=gd3bj
energy: M062X/6-311G+(2d, p) em=gd3"
3089,c-c113+c-b16+c-b56,CCCCCCC[N+]1(CCCC#N)CCCCC1,piperidinium,-737.5113408,0.3938,0.464693,624.282088,-0.41481,-0.1173,7.6628,-737.1175407999999,-737.0466478,8.092272,Gaussian,QC,"opt+freq: b3lyp/6-311G** em=gd3bj
energy: M062X/6-311G+(2d, p) em=gd3"
3090,c-c113+c-b4+c-b55,OCC[N+]1(c2cscn2)CCCCC1,piperidinium,-973.8958674,0.22151,0.2761,480.72068,-0.4086,-0.18135,1.6746,-973.6743574000001,-973.6197674,6.1812,Gaussian,QC,"opt+freq: b3lyp/6-311G** em=gd3bj
energy: M062X/6-311G+(2d, p) em=gd3"
3091,c-c113+c-b16+c-b28,C=CCC[N+]1(CCCC#N)CCCCC1,piperidinium,-618.3601762,0.293559,0.354178,533.807272,-0.39592,-0.1306,5.4654,-618.0666172,-618.0059981999999,7.216704,Gaussian,QC,"opt+freq: b3lyp/6-311G** em=gd3bj
energy: M062X/6-311G+(2d, p) em=gd3"
3092,c-c113+c-b4+c-b61,CCCCCCCC[N+]1(CCO)CCCCC1,piperidinium,-720.4991105,0.401541,0.469953,602.4332400000001,-0.39875,-0.106,8.0331,-720.0975695000001,-720.0291575,7.9628,Gaussian,QC,"opt+freq: b3lyp/6-311G** em=gd3bj
energy: M062X/6-311G+(2d, p) em=gd3"
3093,c-c113+c-b23+c-b30,CCCC[N+]1(c2cccc(Cl)c2)CCCCC1,piperidinium,-1100.0619524,0.301912,0.364506,551.2043440000001,-0.3834,-0.16749,4.8084,-1099.7600404,-1099.6974464,5.872752,Gaussian,QC,"opt+freq: b3lyp/6-311G** em=gd3bj
energy: M062X/6-311G+(2d, p) em=gd3"
3094,c-c113+c-b58+c-b60,C=CC[N+]1(CC(=O)O)CCCCC1,piperidinium,-596.7892767,0.229699,0.28367,475.264744,-0.42055,-0.15931,2.0176,-596.5595777,-596.5056066999999,7.105727999999999,Gaussian,QC,"opt+freq: b3lyp/6-311G** em=gd3bj
energy: M062X/6-311G+(2d, p) em=gd3"
3095,c-c113+c-b12+c-b43,CC(C)(C)C(=O)[N+]1(CC#N)CCCCC1,piperidinium,-654.2899861,0.268856,0.327916,520.087936,-0.45458,-0.20884,5.4558,-654.0211300999999,-653.9620701,6.684127999999999,Gaussian,QC,"opt+freq: b3lyp/6-311G** em=gd3bj
energy: M062X/6-311G+(2d, p) em=gd3"
3096,c-c113+c-b8+c-b78,CC#CC[N+]1(CCCCC)CCCCC1,piperidinium,-603.5080409,0.321408,0.387606,582.9358,-0.39628,-0.12861,3.2263,-603.1866329,-603.1204349,7.280624,Gaussian,QC,"opt+freq: b3lyp/6-311G** em=gd3bj
energy: M062X/6-311G+(2d, p) em=gd3"
3097,c-c113+c-b36+c-b60,C=CC[N+]1(c2ccccc2)CCCCC1,piperidinium,-599.9192537,0.265279,0.320381,485.226848,-0.39718,-0.16109,0.9644,-599.6539747,-599.5988727,6.421647999999999,Gaussian,QC,"opt+freq: b3lyp/6-311G** em=gd3bj
energy: M062X/6-311G+(2d, p) em=gd3"
3098,c-c113+c-b4+c-b24,Cc1ccccc1[N+]1(CCO)CCCCC1,piperidinium,-676.3643096,0.29099,0.3494,514.355856,-0.39347,-0.16568,3.178,-676.0733196,-676.0149096,6.195888,Gaussian,QC,"opt+freq: b3lyp/6-311G** em=gd3bj
energy: M062X/6-311G+(2d, p) em=gd3"
3099,c-c113+c-b60+c-b82,C=CC[N+]1(CCCCC(C)C)CCCCC1,piperidinium,-644.0535004,0.373889,0.439627,578.8898720000001,-0.41781,-0.15332,5.2358,-643.6796114,-643.6138734,7.194128,Gaussian,QC,"opt+freq: b3lyp/6-311G** em=gd3bj
energy: M062X/6-311G+(2d, p) em=gd3"
3100,c-c113+c-b9+c-b24,Cc1ccccc1[N+]1(C(C)F)CCCCC1,piperidinium,-700.3993193,0.279815,0.336434,498.577992,-0.38903,-0.16192,2.9378,-700.1195043,-700.0628853,6.177391999999999,Gaussian,QC,"opt+freq: b3lyp/6-311G** em=gd3bj
energy: M062X/6-311G+(2d, p) em=gd3"
3101,c-c113+c-b13+c-b46,Cc1ccc([N+]2(CCC#N)CCCCC2)cc1,piperidinium,-693.3944572,0.282418,0.343596,538.73184,-0.38077,-0.15328,6.3194,-693.1120392,-693.0508612,6.187728,Gaussian,QC,"opt+freq: b3lyp/6-311G** em=gd3bj
energy: M062X/6-311G+(2d, p) em=gd3"
3102,c-c113+c-b3+c-b30,CCCC[N+]1(C2CCCC2)CCCCC1,piperidinium,-604.7670721,0.353182,0.413322,529.593984,-0.447,-0.10729,2.2617,-604.4138901,-604.3537501,9.240112,Gaussian,QC,"opt+freq: b3lyp/6-311G** em=gd3bj
energy: M062X/6-311G+(2d, p) em=gd3"
3103,c-c113+c-b30+c-b76,CCCC[N+]1(OC)CCCCC1,piperidinium,-523.9077108,0.269257,0.322869,472.10164,-0.45083,-0.14167,2.4272,-523.6384538,-523.5848418,8.409151999999999,Gaussian,QC,"opt+freq: b3lyp/6-311G** em=gd3bj
energy: M062X/6-311G+(2d, p) em=gd3"
3104,c-c113+c-b24+c-b81,CCC[N+]1(c2ccccc2C)CCCCC1,piperidinium,-640.4626429,0.314316,0.372473,512.1299680000001,-0.38837,-0.15825,2.4385,-640.1483269,-640.0901699,6.259264,Gaussian,QC,"opt+freq: b3lyp/6-311G** em=gd3bj
energy: M062X/6-311G+(2d, p) em=gd3"
3105,c-c89+c-b60,C=CC[N+]1(C)CCCCC1,piperidinium,-408.2230888,0.219303,0.266212,413.073768,-0.42647,-0.16163,0.8221,-408.0037858,-407.9568768,7.203648,Gaussian,QC,"opt+freq: b3lyp/6-311G** em=gd3bj
energy: M062X/6-311G+(2d, p) em=gd3"
3106,c-c113+c-b39+c-b77,COC[N+]1(CC(F)(F)F)CCCCC1,piperidinium,-782.3949626,0.217263,0.274607,504.975328,-0.44284,-0.12195,3.903,-782.1776996,-782.1203556,8.728208,Gaussian,QC,"opt+freq: b3lyp/6-311G** em=gd3bj
energy: M062X/6-311G+(2d, p) em=gd3"
3107,c-c113+c-b3+c-b45,O=C(O)[N+]1(C2CCCC2)CCCCC1,piperidinium,-636.0933335,0.258369,0.313325,483.9423600000001,-0.46242,-0.17167,3.5908,-635.8349645,-635.7800085,7.9084,Gaussian,QC,"opt+freq: b3lyp/6-311G** em=gd3bj
energy: M062X/6-311G+(2d, p) em=gd3"
3108,c-c113+c-b11+c-b74,CC(=O)[N+]1(C(F)(F)F)CCCCC1,piperidinium,-741.8865298,0.167678,0.220284,463.248296,-0.48498,-0.22921,3.4559,-741.7188517999999,-741.6662458,6.956944000000001,Gaussian,QC,"opt+freq: b3lyp/6-311G** em=gd3bj
energy: M062X/6-311G+(2d, p) em=gd3"
3109,c-c113+c-b67+c-b78,CCCCC[N+]1(c2ccc(C)c(F)c2)CCCCC1,piperidinium,-818.3221819,0.353909,0.422838,606.9854320000001,-0.38184,-0.15835,3.591,-817.9682729,-817.8993439000001,6.078928,Gaussian,QC,"opt+freq: b3lyp/6-311G** em=gd3bj
energy: M062X/6-311G+(2d, p) em=gd3"
3110,c-c113+c-b11+c-b69,CCCCCCCCCC[N+]1(C(F)(F)F)CCCCC1,piperidinium,-982.3116604,0.396586,0.471685,661.314672,-0.39057,-0.10972,7.6359,-981.9150744000001,-981.8399754000001,7.639119999999999,Gaussian,QC,"opt+freq: b3lyp/6-311G** em=gd3bj
energy: M062X/6-311G+(2d, p) em=gd3"
3111,c-c113+c-b38+c-b40,C#CC[N+]1(N(C)C)CCCCC1,piperidinium,-501.5689046,0.23668,0.288252,454.1439120000001,-0.39728,-0.14581,0.594,-501.3322246,-501.2806526,6.839984,Gaussian,QC,"opt+freq: b3lyp/6-311G** em=gd3bj
energy: M062X/6-311G+(2d, p) em=gd3"
3112,c-c113+c-b28+c-b41,C=CCC[N+]1(C2COC(C)(C)O2)CCCCC1,piperidinium,-753.9765346,0.333746,0.398259,568.095152,-0.39194,-0.1268,3.2085,-753.6427886,-753.5782756,7.211808000000001,Gaussian,QC,"opt+freq: b3lyp/6-311G** em=gd3bj
energy: M062X/6-311G+(2d, p) em=gd3"
3113,c-c113+c-b45+c-b61,CCCCCCCC[N+]1(C(=O)O)CCCCC1,piperidinium,-755.2296561,0.354994,0.422483,594.299544,-0.40781,-0.17759,5.7506,-754.8746621,-754.8071731,6.261984,Gaussian,QC,"opt+freq: b3lyp/6-311G** em=gd3bj
energy: M062X/6-311G+(2d, p) em=gd3"
3114,c-c113+c-b77+c-b86,FC(F)(F)C[N+]1(c2ccc(Cl)cc2Cl)CCCCC1,piperidinium,-1778.7795075,0.213998,0.27803,563.869312,-0.40022,-0.18858,4.3641,-1778.5655095,-1778.5014775,5.756608000000001,Gaussian,QC,"opt+freq: b3lyp/6-311G** em=gd3bj
energy: M062X/6-311G+(2d, p) em=gd3"
3115,c-c113+c-b4+c-b13,N#CCC[N+]1(CCO)CCCCC1,piperidinium,-576.8992525,0.242404,0.296701,478.139152,-0.43416,-0.12543,4.5837,-576.6568485,-576.6025515,8.397455999999998,Gaussian,QC,"opt+freq: b3lyp/6-311G** em=gd3bj
energy: M062X/6-311G+(2d, p) em=gd3"
3116,c-c113+c-b53+c-b67,Cc1ccc([N+]2(c3cccnc3)CCCCC2)cc1F,piperidinium,-868.844238,0.285068,0.349016,563.1287440000001,-0.38373,-0.1777,4.9574,-868.55917,-868.495222,5.604016000000001,Gaussian,QC,"opt+freq: b3lyp/6-311G** em=gd3bj
energy: M062X/6-311G+(2d, p) em=gd3"
3117,c-c113+c-b12+c-b30,CCCC[N+]1(C(=O)C(C)(C)C)CCCCC1,piperidinium,-679.9850458,0.35135,0.414976,560.291992,-0.43496,-0.19232,1.5602,-679.6336957999999,-679.5700697999999,6.599808,Gaussian,QC,"opt+freq: b3lyp/6-311G** em=gd3bj
energy: M062X/6-311G+(2d, p) em=gd3"
3118,c-c113+c-b51+c-b60,C=CC[N+]1(C2CCCCC2)CCCCC1,piperidinium,-603.5394287,0.334336,0.390194,491.89196,-0.41802,-0.15647,2.5566,-603.2050927,-603.1492347000001,7.11416,Gaussian,QC,"opt+freq: b3lyp/6-311G** em=gd3bj
energy: M062X/6-311G+(2d, p) em=gd3"
3119,c-c113+c-b28+c-b56,C=CCC[N+]1(CCCCCCC)CCCCC1,piperidinium,-683.3537163,0.401504,0.469418,598.0484080000001,-0.38983,-0.12741,5.8886,-682.9522122999999,-682.8842983,7.137823999999999,Gaussian,QC,"opt+freq: b3lyp/6-311G** em=gd3bj
energy: M062X/6-311G+(2d, p) em=gd3"
3120,c-c113+c-b9+c-b65,CCC#CC[N+]1(C(C)F)CCCCC1,piperidinium,-624.1419668,0.262583,0.322777,530.062592,-0.39627,-0.1285,3.8503,-623.8793838,-623.8191898,7.283344,Gaussian,QC,"opt+freq: b3lyp/6-311G** em=gd3bj
energy: M062X/6-311G+(2d, p) em=gd3"
3121,c-c113+c-b10+c-b74,CC[N+]1(C(C)=O)CCCCC1,piperidinium,-483.4658602,0.220523,0.270668,441.575176,-0.45941,-0.20565,2.7714,-483.2453372,-483.1951922,6.902271999999999,Gaussian,QC,"opt+freq: b3lyp/6-311G** em=gd3bj
energy: M062X/6-311G+(2d, p) em=gd3"
3122,c-c113+c-b41+c-b83,CCCCCC[N+]1(C2COC(C)(C)O2)CCCCC1,piperidinium,-833.8189111,0.408691,0.47969,625.223488,-0.40172,-0.10745,3.7412,-833.4102201000001,-833.3392211,8.004144,Gaussian,QC,"opt+freq: b3lyp/6-311G** em=gd3bj
energy: M062X/6-311G+(2d, p) em=gd3"
3123,c-c113+c-b9+c-b36,CC(F)[N+]1(c2ccccc2)CCCCC1,piperidinium,-661.1004987,0.253422,0.307662,477.628704,-0.40753,-0.16971,0.4099,-660.8470767,-660.7928367,6.468704,Gaussian,QC,"opt+freq: b3lyp/6-311G** em=gd3bj
energy: M062X/6-311G+(2d, p) em=gd3"
3124,c-c113+c-b12+c-b79,CC(C)(C)C(=O)[N+]1(CCCO)CCCCC1,piperidinium,-715.8966308,0.326266,0.391918,578.132568,-0.38867,-0.19643,4.7618,-715.5703648,-715.5047128,5.228928000000001,Gaussian,QC,"opt+freq: b3lyp/6-311G** em=gd3bj
energy: M062X/6-311G+(2d, p) em=gd3"
3125,c-c113+c-b47+c-b70,CC(C)(C)[N+]1(CCCS(=O)(=O)O)CCCCC1,piperidinium,-1151.1890098,0.329031,0.394806,579.220408,-0.43015,-0.10906,8.0146,-1150.8599788,-1150.7942038,8.733647999999999,Gaussian,QC,"opt+freq: b3lyp/6-311G** em=gd3bj
energy: M062X/6-311G+(2d, p) em=gd3"
3126,c-c113+c-b53+c-b76,CO[N+]1(c2cccnc2)CCCCC1,piperidinium,-613.7439464,0.226046,0.278119,458.549664,-0.40147,-0.18976,3.5643,-613.5179004,-613.4658274000001,5.758512,Gaussian,QC,"opt+freq: b3lyp/6-311G** em=gd3bj
energy: M062X/6-311G+(2d, p) em=gd3"
3127,c-c113+c-b18+c-b40,CCC(=O)[N+]1(N(C)C)CCCCC1,piperidinium,-578.0698121,0.260023,0.316211,494.783104,-0.40032,-0.19598,2.4151,-577.8097891,-577.7536011000001,5.558048,Gaussian,QC,"opt+freq: b3lyp/6-311G** em=gd3bj
energy: M062X/6-311G+(2d, p) em=gd3"
3128,c-c113+c-b38+c-b46,C#CC[N+]1(c2ccc(C)cc2)CCCCC1,piperidinium,-637.9846775,0.264323,0.324806,532.610648,-0.38229,-0.15266,2.5504,-637.7203545,-637.6598715,6.245936,Gaussian,QC,"opt+freq: b3lyp/6-311G** em=gd3bj
energy: M062X/6-311G+(2d, p) em=gd3"
3129,c-c113+c-b6+c-b23,NCC[N+]1(c2cccc(Cl)c2)CCCCC1,piperidinium,-1076.7944901,0.265522,0.32451,519.439416,-0.36685,-0.17113,5.6103,-1076.5289681,-1076.4699801,5.323584,Gaussian,QC,"opt+freq: b3lyp/6-311G** em=gd3bj
energy: M062X/6-311G+(2d, p) em=gd3"
3130,c-c113+c-b16+c-b46,Cc1ccc([N+]2(CCCC#N)CCCCC2)cc1,piperidinium,-732.7085847,0.308839,0.372921,564.308632,-0.38756,-0.15567,5.7679,-732.3997456999999,-732.3356636999999,6.307408000000001,Gaussian,QC,"opt+freq: b3lyp/6-311G** em=gd3bj
energy: M062X/6-311G+(2d, p) em=gd3"
3131,c-c113+c-b25+c-b51,CC1CCN([N+]2(C3CCCCC3)CCCCC2)CC1,piperidinium,-776.7838573,0.432665,0.495537,553.6478,-0.37181,-0.10963,1.5863,-776.3511923,-776.2883203,7.131295999999999,Gaussian,QC,"opt+freq: b3lyp/6-311G** em=gd3bj
energy: M062X/6-311G+(2d, p) em=gd3"
3132,c-c113+c-b73+c-b74,CC(=O)[N+]1(CC(C)C)CCCCC1,piperidinium,-562.0760669,0.27179,0.328097,495.841656,-0.45376,-0.20414,3.2724,-561.8042769,-561.7479699,6.789664,Gaussian,QC,"opt+freq: b3lyp/6-311G** em=gd3bj
energy: M062X/6-311G+(2d, p) em=gd3"
3133,c-c113+c-b30+c-b51,CCCC[N+]1(C2CCCCC2)CCCCC1,piperidinium,-644.0716633,0.383142,0.44282,525.522952,-0.43735,-0.1075,2.3268,-643.6885212999999,-643.6288433,8.97192,Gaussian,QC,"opt+freq: b3lyp/6-311G** em=gd3bj
energy: M062X/6-311G+(2d, p) em=gd3"
3134,c-c113+c-b47+c-b69,CCCCCCCCCC[N+]1(C(C)(C)C)CCCCC1,piperidinium,-802.4866723,0.500902,0.578826,686.19692,-0.38467,-0.10375,10.1676,-801.9857703,-801.9078463,7.641024,Gaussian,QC,"opt+freq: b3lyp/6-311G** em=gd3bj
energy: M062X/6-311G+(2d, p) em=gd3"
3135,c-c113+c-b10+c-b84,CCCCCCCCC[N+]1(CC)CCCCC1,piperidinium,-684.5867165,0.422855,0.492611,614.269776,-0.39348,-0.10844,9.7142,-684.1638614999999,-684.0941055,7.753088,Gaussian,QC,"opt+freq: b3lyp/6-311G** em=gd3bj
energy: M062X/6-311G+(2d, p) em=gd3"
3136,c-c113+c-b16+c-b47,CC(C)(C)[N+]1(CCCC#N)CCCCC1,piperidinium,-619.5918917,0.31755,0.37667,520.610936,-0.44756,-0.11355,5.4143,-619.2743417,-619.2152217,9.085072,Gaussian,QC,"opt+freq: b3lyp/6-311G** em=gd3bj
energy: M062X/6-311G+(2d, p) em=gd3"
3137,c-c113+c-b8+c-b53,CC#CC[N+]1(c2cccnc2)CCCCC1,piperidinium,-654.032996,0.2537,0.314035,531.309424,-0.39086,-0.17646,3.3341,-653.779296,-653.718961,5.83168,Gaussian,QC,"opt+freq: b3lyp/6-311G** em=gd3bj
energy: M062X/6-311G+(2d, p) em=gd3"
3138,c-c113+c-b27+c-b48,Cc1cccc([N+]2(C(C)C#N)CCCCC2)c1,piperidinium,-693.387726,0.281243,0.342925,543.16688,-0.3878,-0.16638,4.3498,-693.106483,-693.044801,6.022624,Gaussian,QC,"opt+freq: b3lyp/6-311G** em=gd3bj
energy: M062X/6-311G+(2d, p) em=gd3"
3139,c-c113+c-b10+c-b78,CCCCC[N+]1(CC)CCCCC1,piperidinium,-527.3659441,0.320056,0.376819,499.854112,-0.44475,-0.10847,2.982,-527.0458881,-526.9891251,9.146816,Gaussian,QC,"opt+freq: b3lyp/6-311G** em=gd3bj
energy: M062X/6-311G+(2d, p) em=gd3"
3140,c-c113+c-b30+c-b39,CCCC[N+]1(COC)CCCCC1,piperidinium,-563.2694718,0.2961,0.35313,502.197152,-0.42522,-0.10911,2.2272,-562.9733718,-562.9163418,8.598192,Gaussian,QC,"opt+freq: b3lyp/6-311G** em=gd3bj
energy: M062X/6-311G+(2d, p) em=gd3"
3141,c-c113+c-b10+c-b37,CC[N+]1(CC(C)O)CCCCC1,piperidinium,-523.9675683,0.271196,0.32413,466.135256,-0.41892,-0.116,3.504,-523.6963723,-523.6434383000001,8.239424,Gaussian,QC,"opt+freq: b3lyp/6-311G** em=gd3bj
energy: M062X/6-311G+(2d, p) em=gd3"
3142,c-c113+c-b9+c-b78,CCCCC[N+]1(C(C)F)CCCCC1,piperidinium,-626.606373,0.310011,0.369724,525.828384,-0.44241,-0.10741,4.0317,-626.2963619999999,-626.2366489999999,9.112,Gaussian,QC,"opt+freq: b3lyp/6-311G** em=gd3bj
energy: M062X/6-311G+(2d, p) em=gd3"
3143,c-c89+c-b69,CCCCCCCCCC[N+]1(C)CCCCC1,piperidinium,-684.5826663,0.422436,0.49272,618.922384,-0.38744,-0.11566,11.8793,-684.1602303000001,-684.0899463000001,7.392416000000001,Gaussian,QC,"opt+freq: b3lyp/6-311G** em=gd3bj
energy: M062X/6-311G+(2d, p) em=gd3"
3144,c-c113+c-b40+c-b60,C=CC[N+]1(N(C)C)CCCCC1,piperidinium,-502.8210898,0.259626,0.311874,460.097744,-0.39548,-0.15883,0.3436,-502.5614638,-502.5092158,6.436879999999999,Gaussian,QC,"opt+freq: b3lyp/6-311G** em=gd3bj
energy: M062X/6-311G+(2d, p) em=gd3"
3145,c-c113+c-b47+c-b84,CCCCCCCCC[N+]1(C(C)(C)C)CCCCC1,piperidinium,-763.1816869,0.476138,0.549927,649.7793839999999,-0.39356,-0.10444,8.2035,-762.7055489,-762.6317599,7.864064000000001,Gaussian,QC,"opt+freq: b3lyp/6-311G** em=gd3bj
energy: M062X/6-311G+(2d, p) em=gd3"
3146,c-c113+c-b19+c-b39,COC[N+]1(CCCF)CCCCC1,piperidinium,-623.2010103,0.261529,0.317996,497.243296,-0.42672,-0.11382,3.9579,-622.9394813,-622.8830143,8.510879999999998,Gaussian,QC,"opt+freq: b3lyp/6-311G** em=gd3bj
energy: M062X/6-311G+(2d, p) em=gd3"
3147,c-c113+c-b8+c-b60,C=CC[N+]1(CC#CC)CCCCC1,piperidinium,-523.6750823,0.247182,0.30629,520.502152,-0.40061,-0.15606,0.7813,-523.4279003,-523.3687923,6.65176,Gaussian,QC,"opt+freq: b3lyp/6-311G** em=gd3bj
energy: M062X/6-311G+(2d, p) em=gd3"
3148,c-c113+c-b35+c-b60,C=CC[N+]1(C(C)CC)CCCCC1,piperidinium,-526.1351978,0.297893,0.353087,486.03436,-0.41814,-0.15231,0.5513,-525.8373048,-525.7821108,7.230576,Gaussian,QC,"opt+freq: b3lyp/6-311G** em=gd3bj
energy: M062X/6-311G+(2d, p) em=gd3"
3149,c-c113+c-b30+c-b47,CCCC[N+]1(C(C)(C)C)CCCCC1,piperidinium,-566.6552623,0.347363,0.404958,507.180296,-0.45307,-0.109,1.3468,-566.3078993,-566.2503043,9.358704,Gaussian,QC,"opt+freq: b3lyp/6-311G** em=gd3bj
energy: M062X/6-311G+(2d, p) em=gd3"
3150,c-c90+c-b70,O=S(=O)(O)CCC[N+]12CCC(CC1)CC2,piperidinium,-1071.3796906,0.25846,0.316505,511.1467280000001,-0.43519,-0.12435,7.1069,-1071.1212306,-1071.0631856,8.454848,Gaussian,QC,"opt+freq: b3lyp/6-311G** em=gd3bj
energy: M062X/6-311G+(2d, p) em=gd3"
3151,c-c113+c-b21+c-b60,C=CC[N+]1(CCCCCCCCC)CCCCC1,piperidinium,-722.6563282,0.42444,0.498086,648.524184,-0.39281,-0.14973,9.6179,-722.2318882,-722.1582422,6.611776,Gaussian,QC,"opt+freq: b3lyp/6-311G** em=gd3bj
energy: M062X/6-311G+(2d, p) em=gd3"
3152,c-c113+c-b22+c-b58,O=C(O)C[N+]1(c2ccc(Cl)cc2)CCCCC1,piperidinium,-1170.7023939,0.234556,0.294444,527.368096,-0.38476,-0.1727,8.4079,-1170.4678379,-1170.4079499,5.768032,Gaussian,QC,"opt+freq: b3lyp/6-311G** em=gd3bj
energy: M062X/6-311G+(2d, p) em=gd3"
3153,c-c90+c-b53,c1cncc([N+]23CCC(CC2)CC3)c1,piperidinium,-576.6850686,0.232444,0.28171,433.830592,-0.39634,-0.18192,3.5501,-576.4526246,-576.4033586,5.832224000000001,Gaussian,QC,"opt+freq: b3lyp/6-311G** em=gd3bj
energy: M062X/6-311G+(2d, p) em=gd3"
3154,c-c113+c-b58+c-b61,CCCCCCCC[N+]1(CC(=O)O)CCCCC1,piperidinium,-794.5366472,0.381192,0.452072,624.173304,-0.40279,-0.154,8.4328,-794.1554551999999,-794.0845751999999,6.767087999999999,Gaussian,QC,"opt+freq: b3lyp/6-311G** em=gd3bj
energy: M062X/6-311G+(2d, p) em=gd3"
3155,c-c113+c-b28+c-b78,C=CCC[N+]1(CCCCC)CCCCC1,piperidinium,-604.7365202,0.348058,0.41126,556.559864,-0.3885,-0.12393,3.5032,-604.3884621999999,-604.3252602,7.196304,Gaussian,QC,"opt+freq: b3lyp/6-311G** em=gd3bj
energy: M062X/6-311G+(2d, p) em=gd3"
3156,c-c113+c-b6+c-b75,NCC[N+]1(c2c(Cl)cccc2Cl)CCCCC1,piperidinium,-1536.350629,0.255703,0.316799,538.008008,-0.36732,-0.19162,0.6966,-1536.094926,-1536.03383,4.779039999999999,Gaussian,QC,"opt+freq: b3lyp/6-311G** em=gd3bj
energy: M062X/6-311G+(2d, p) em=gd3"
3157,c-c113+c-b39+c-b70,COC[N+]1(CCCS(=O)(=O)O)CCCCC1,piperidinium,-1147.7820751,0.276299,0.34293,586.755792,-0.41616,-0.11862,10.2156,-1147.5057761,-1147.4391451,8.093088,Gaussian,QC,"opt+freq: b3lyp/6-311G** em=gd3bj
energy: M062X/6-311G+(2d, p) em=gd3"
3158,c-c113+c-b8+c-b38,C#CC[N+]1(CC#CC)CCCCC1,piperidinium,-522.426945,0.225157,0.282678,506.527592,-0.402,-0.14142,1.0331,-522.2017880000001,-522.144267,7.087776000000001,Gaussian,QC,"opt+freq: b3lyp/6-311G** em=gd3bj
energy: M062X/6-311G+(2d, p) em=gd3"
3159,c-c113+c-b16+c-b18,CCC(=O)[N+]1(CCCC#N)CCCCC1,piperidinium,-654.3033114,0.269341,0.329795,532.3554240000001,-0.43953,-0.20749,7.724,-654.0339703999999,-653.9735164,6.311487999999999,Gaussian,QC,"opt+freq: b3lyp/6-311G** em=gd3bj
energy: M062X/6-311G+(2d, p) em=gd3"
3160,c-c113+c-b11+c-b51,FC(F)(F)[N+]1(C2CCCCC2)CCCCC1,piperidinium,-823.889903,0.279113,0.334579,488.427608,-0.45039,-0.11071,1.9079,-823.61079,-823.555324,9.239296,Gaussian,QC,"opt+freq: b3lyp/6-311G** em=gd3bj
energy: M062X/6-311G+(2d, p) em=gd3"
3161,c-c113+c-b58+c-b75,O=C(O)C[N+]1(c2c(Cl)cccc2Cl)CCCCC1,piperidinium,-1630.2731588,0.223838,0.286121,548.463824,-0.39086,-0.18966,5.4021,-1630.0493208,-1629.9870378,5.472639999999999,Gaussian,QC,"opt+freq: b3lyp/6-311G** em=gd3bj
energy: M062X/6-311G+(2d, p) em=gd3"
3162,c-c113+c-b38+c-b65,C#CC[N+]1(CC#CCC)CCCCC1,piperidinium,-561.7229166,0.250902,0.311808,536.342776,-0.39641,-0.14994,3.0254,-561.4720146,-561.4111085999999,6.703983999999999,Gaussian,QC,"opt+freq: b3lyp/6-311G** em=gd3bj
energy: M062X/6-311G+(2d, p) em=gd3"
3163,c-c113+c-b58+c-b65,CCC#CC[N+]1(CC(=O)O)CCCCC1,piperidinium,-674.1597063,0.254916,0.318334,558.4594,-0.40049,-0.15262,3.8115,-673.9047903000001,-673.8413723,6.742064,Gaussian,QC,"opt+freq: b3lyp/6-311G** em=gd3bj
energy: M062X/6-311G+(2d, p) em=gd3"
3164,c-c113+c-b8+c-b24,CC#CC[N+]1(c2ccccc2C)CCCCC1,piperidinium,-677.3021253,0.291622,0.354497,553.677088,-0.38258,-0.1543,1.9199,-677.0105033,-676.9476282999999,6.209216,Gaussian,QC,"opt+freq: b3lyp/6-311G** em=gd3bj
energy: M062X/6-311G+(2d, p) em=gd3"
3165,c-c113+c-b38+c-b51,C#CC[N+]1(C2CCCCC2)CCCCC1,piperidinium,-602.2911834,0.311262,0.366518,486.5824640000001,-0.42327,-0.14201,2.3251,-601.9799214,-601.9246654,7.650271999999998,Gaussian,QC,"opt+freq: b3lyp/6-311G** em=gd3bj
energy: M062X/6-311G+(2d, p) em=gd3"
3166,c-c113+c-b24+c-b28,C=CCC[N+]1(c2ccccc2C)CCCCC1,piperidinium,-678.5187734,0.316932,0.378485,542.0330160000001,-0.38276,-0.15213,1.0392,-678.2018414,-678.1402884,6.273136,Gaussian,QC,"opt+freq: b3lyp/6-311G** em=gd3bj
energy: M062X/6-311G+(2d, p) em=gd3"
3167,c-c113+c-b1+c-b58,O=C(O)C[N+]1(C23CC4CC(CC(C4)C2)C3)CCCCC1,piperidinium,-869.451583,0.367098,0.439077,633.846712,-0.3699,-0.14743,1.9701,-869.084485,-869.012506,6.051184,Gaussian,QC,"opt+freq: b3lyp/6-311G** em=gd3bj
energy: M062X/6-311G+(2d, p) em=gd3"
3168,c-c113+c-b53+c-b79,OCCC[N+]1(c2cccnc2)CCCCC1,piperidinium,-692.3944741,0.278223,0.336988,517.481304,-0.36003,-0.20822,3.4181,-692.1162511,-692.0574861,4.129232000000001,Gaussian,QC,"opt+freq: b3lyp/6-311G** em=gd3bj
energy: M062X/6-311G+(2d, p) em=gd3"
3169,c-c113+c-b9+c-b46,Cc1ccc([N+]2(C(C)F)CCCCC2)cc1,piperidinium,-700.408637,0.276328,0.335887,524.481136,-0.38454,-0.15308,2.9879,-700.132309,-700.07275,6.295712,Gaussian,QC,"opt+freq: b3lyp/6-311G** em=gd3bj
energy: M062X/6-311G+(2d, p) em=gd3"
3170,c-c113+c-b45+c-b47,CC(C)(C)[N+]1(C(=O)O)CCCCC1,piperidinium,-598.0154004,0.25238,0.305144,464.6332,-0.46881,-0.18012,1.7485,-597.7630204,-597.7102563999999,7.852368,Gaussian,QC,"opt+freq: b3lyp/6-311G** em=gd3bj
energy: M062X/6-311G+(2d, p) em=gd3"
3171,c-c113+c-b4+c-b54,CCCCCCCCCCC[N+]1(CCO)CCCCC1,piperidinium,-838.4087175,0.47698,0.556485,700.1087200000001,-0.37656,-0.10554,13.3671,-837.9317374999999,-837.8522325,7.371744000000001,Gaussian,QC,"opt+freq: b3lyp/6-311G** em=gd3bj
energy: M062X/6-311G+(2d, p) em=gd3"
3172,c-c113+c-b3+c-b20,Clc1ccc([N+]2(C3CCCC3)CCCCC2)cc1Cl,piperidinium,-1597.7550833,0.298051,0.363778,578.7894560000001,-0.37906,-0.17069,7.6504,-1597.4570323,-1597.3913053,5.667664,Gaussian,QC,"opt+freq: b3lyp/6-311G** em=gd3bj
energy: M062X/6-311G+(2d, p) em=gd3"
3173,c-c113+c-b40+c-b78,CCCCC[N+]1(N(C)C)CCCCC1,piperidinium,-582.6552773,0.334216,0.393431,521.4477360000001,-0.39189,-0.11404,3.4198,-582.3210613,-582.2618463,7.557520000000001,Gaussian,QC,"opt+freq: b3lyp/6-311G** em=gd3bj
energy: M062X/6-311G+(2d, p) em=gd3"
3174,c-c113+c-b36+c-b53,c1ccc([N+]2(c3cccnc3)CCCCC2)cc1,piperidinium,-730.2919674,0.270269,0.327864,507.180296,-0.38893,-0.17453,3.5211,-730.0216984,-729.9641034,5.83168,Gaussian,QC,"opt+freq: b3lyp/6-311G** em=gd3bj
energy: M062X/6-311G+(2d, p) em=gd3"
3175,c-c113+c-b27+c-b74,CC(=O)[N+]1(C(C)C#N)CCCCC1,piperidinium,-575.6802187,0.215622,0.270285,481.360832,-0.46135,-0.21795,6.7352,-575.4645966999999,-575.4099337,6.620479999999999,Gaussian,QC,"opt+freq: b3lyp/6-311G** em=gd3bj
energy: M062X/6-311G+(2d, p) em=gd3"
3176,c-c113+c-b43+c-b58,N#CC[N+]1(CC(=O)O)CCCCC1,piperidinium,-611.6253362,0.196824,0.249398,462.967968,-0.45822,-0.17657,4.408,-611.4285122,-611.3759382,7.66088,Gaussian,QC,"opt+freq: b3lyp/6-311G** em=gd3bj
energy: M062X/6-311G+(2d, p) em=gd3"
3177,c-c113+c-b44+c-b79,CC(C)CC[N+]1(CCCO)CCCCC1,piperidinium,-641.8914337,0.348344,0.411425,555.48876,-0.40716,-0.10314,2.9639,-641.5430897,-641.4800087,8.269344,Gaussian,QC,"opt+freq: b3lyp/6-311G** em=gd3bj
energy: M062X/6-311G+(2d, p) em=gd3"
3178,c-c113+c-b36+c-b61,CCCCCCCC[N+]1(c2ccccc2)CCCCC1,piperidinium,-797.6831075,0.416417,0.488679,636.336192,-0.39523,-0.15627,5.4783,-797.2666905,-797.1944285,6.499712000000001,Gaussian,QC,"opt+freq: b3lyp/6-311G** em=gd3bj
energy: M062X/6-311G+(2d, p) em=gd3"
3179,c-c113+c-b30+c-b50,C=Cc1ccc([N+]2(CCCC)CCCCC2)cc1,piperidinium,-717.853173,0.340502,0.406864,584.383464,-0.35153,-0.17021,3.8682,-717.512671,-717.4463089999999,4.931904,Gaussian,QC,"opt+freq: b3lyp/6-311G** em=gd3bj
energy: M062X/6-311G+(2d, p) em=gd3"
3180,c-c113+c-b13+c-b51,N#CCC[N+]1(C2CCCCC2)CCCCC1,piperidinium,-657.6905292,0.327499,0.385396,509.837136,-0.44035,-0.12909,5.3194,-657.3630302,-657.3051332,8.466272,Gaussian,QC,"opt+freq: b3lyp/6-311G** em=gd3bj
energy: M062X/6-311G+(2d, p) em=gd3"
3181,c-c89+c-b13,C[N+]1(CCC#N)CCCCC1,piperidinium,-462.3730966,0.212952,0.261485,427.378864,-0.47339,-0.13828,4.4632,-462.1601446,-462.1116116,9.114992,Gaussian,QC,"opt+freq: b3lyp/6-311G** em=gd3bj
energy: M062X/6-311G+(2d, p) em=gd3"
3182,c-c113+c-b23+c-b70,O=S(=O)(O)CCC[N+]1(c2cccc(Cl)c2)CCCCC1,piperidinium,-1684.5828289,0.28466,0.354671,616.5124,-0.38676,-0.17075,4.5932,-1684.2981689,-1684.2281579,5.875471999999999,Gaussian,QC,"opt+freq: b3lyp/6-311G** em=gd3bj
energy: M062X/6-311G+(2d, p) em=gd3"
3183,c-c113+c-b8+c-b18,CC#CC[N+]1(C(=O)CC)CCCCC1,piperidinium,-598.9149273,0.249146,0.311001,544.689856,-0.40425,-0.19875,2.2078,-598.6657813,-598.6039263,5.5896,Gaussian,QC,"opt+freq: b3lyp/6-311G** em=gd3bj
energy: M062X/6-311G+(2d, p) em=gd3"
3184,c-c113+c-b8+c-b30,CC#CC[N+]1(CCCC)CCCCC1,piperidinium,-564.2085557,0.297542,0.358742,538.9243040000001,-0.40014,-0.12626,2.1825,-563.9110137,-563.8498137,7.449536,Gaussian,QC,"opt+freq: b3lyp/6-311G** em=gd3bj
energy: M062X/6-311G+(2d, p) em=gd3"
3185,c-c113+c-b25+c-b78,CCCCC[N+]1(N2CCC(C)CC2)CCCCC1,piperidinium,-738.6846862,0.421031,0.487486,585.1951600000001,-0.36668,-0.09852,0.9418,-738.2636552,-738.1972002,7.293952,Gaussian,QC,"opt+freq: b3lyp/6-311G** em=gd3bj
energy: M062X/6-311G+(2d, p) em=gd3"
3186,c-c113+c-b8+c-b75,CC#CC[N+]1(c2c(Cl)cccc2Cl)CCCCC1,piperidinium,-1557.1688689,0.242832,0.30943,586.4629120000001,-0.38886,-0.18119,1.5395,-1556.9260369,-1556.8594389,5.648624,Gaussian,QC,"opt+freq: b3lyp/6-311G** em=gd3bj
energy: M062X/6-311G+(2d, p) em=gd3"
3187,c-c113+c-b56+c-b81,CCCCCCC[N+]1(CCC)CCCCC1,piperidinium,-645.2719194,0.397756,0.463752,581.1576,-0.41435,-0.10989,5.8765,-644.8741634,-644.8081674,8.281312,Gaussian,QC,"opt+freq: b3lyp/6-311G** em=gd3bj
energy: M062X/6-311G+(2d, p) em=gd3"
3188,c-c113+c-b43+c-b45,N#CC[N+]1(C(=O)O)CCCCC1,piperidinium,-572.309764,0.1698,0.219712,439.516648,-0.49082,-0.20983,3.6781,-572.139964,-572.090052,7.642927999999999,Gaussian,QC,"opt+freq: b3lyp/6-311G** em=gd3bj
energy: M062X/6-311G+(2d, p) em=gd3"
3189,c-c113+c-b16+c-b76,CO[N+]1(CCCC#N)CCCCC1,piperidinium,-576.8464336,0.24122,0.294973,473.3442880000001,-0.45115,-0.13877,5.0376,-576.6052136,-576.5514605999999,8.496736,Gaussian,QC,"opt+freq: b3lyp/6-311G** em=gd3bj
energy: M062X/6-311G+(2d, p) em=gd3"
3190,c-c113+c-b13+c-b61,CCCCCCCC[N+]1(CCC#N)CCCCC1,piperidinium,-737.5081747,0.394468,0.464473,616.458008,-0.40244,-0.12746,9.8482,-737.1137067000001,-737.0437017,7.479456,Gaussian,QC,"opt+freq: b3lyp/6-311G** em=gd3bj
energy: M062X/6-311G+(2d, p) em=gd3"
3191,c-c113+c-b45+c-b55,O=C(O)[N+]1(c2cscn2)CCCCC1,piperidinium,-1008.6123205,0.17408,0.228241,476.942528,-0.42634,-0.19858,2.6796,-1008.4382405,-1008.3840795,6.195072,Gaussian,QC,"opt+freq: b3lyp/6-311G** em=gd3bj
energy: M062X/6-311G+(2d, p) em=gd3"
3192,c-c113+c-b37+c-b79,CC(O)C[N+]1(CCCO)CCCCC1,piperidinium,-638.4916195,0.300617,0.359293,516.707264,-0.39764,-0.10676,2.1717,-638.1910025,-638.1323265,7.911936000000001,Gaussian,QC,"opt+freq: b3lyp/6-311G** em=gd3bj
energy: M062X/6-311G+(2d, p) em=gd3"
3193,c-c113+c-b22+c-b65,CCC#CC[N+]1(c2ccc(Cl)cc2)CCCCC1,piperidinium,-1136.8958786,0.279093,0.346865,596.8015760000001,-0.38151,-0.16666,4.3535,-1136.6167856,-1136.5490136,5.84392,Gaussian,QC,"opt+freq: b3lyp/6-311G** em=gd3bj
energy: M062X/6-311G+(2d, p) em=gd3"
3194,c-c113+c-b3+c-b48,Cc1cccc([N+]2(C3CCCC3)CCCCC2)c1,piperidinium,-717.8820508,0.345092,0.40819,555.639384,-0.37979,-0.1538,1.6674,-717.5369588,-717.4738608,6.146928000000001,Gaussian,QC,"opt+freq: b3lyp/6-311G** em=gd3bj
energy: M062X/6-311G+(2d, p) em=gd3"
3195,c-c113+c-b17+c-b76,CCCCCCCCCC(=O)[N+]1(OC)CCCCC1,piperidinium,-833.7557,0.400988,0.477611,674.736944,-0.38717,-0.20217,11.3349,-833.3547120000001,-833.278089,5.032000000000001,Gaussian,QC,"opt+freq: b3lyp/6-311G** em=gd3bj
energy: M062X/6-311G+(2d, p) em=gd3"
3196,c-c113+c-b12+c-b77,CC(C)(C)C(=O)[N+]1(CC(F)(F)F)CCCCC1,piperidinium,-899.1170055,0.272712,0.33633,560.220864,-0.4515,-0.20301,5.216,-898.8442935,-898.7806755,6.758928,Gaussian,QC,"opt+freq: b3lyp/6-311G** em=gd3bj
energy: M062X/6-311G+(2d, p) em=gd3"
3197,c-c113+c-b43+c-b54,CCCCCCCCCCC[N+]1(CC#N)CCCCC1,piperidinium,-816.1082348,0.444355,0.521883,682.707464,-0.3799,-0.15469,14.1048,-815.6638798,-815.5863518,6.125712,Gaussian,QC,"opt+freq: b3lyp/6-311G** em=gd3bj
energy: M062X/6-311G+(2d, p) em=gd3"
3198,c-c113+c-b4+c-b36,OCC[N+]1(c2ccccc2)CCCCC1,piperidinium,-637.0759877,0.265509,0.320849,487.327216,-0.39749,-0.15857,1.2918,-636.8104787000001,-636.7551387000001,6.498624,Gaussian,QC,"opt+freq: b3lyp/6-311G** em=gd3bj
energy: M062X/6-311G+(2d, p) em=gd3"
3199,c-c113+c-b30+c-b81,CCCC[N+]1(CCC)CCCCC1,piperidinium,-527.362384,0.321039,0.376863,491.582344,-0.45823,-0.10792,1.5733,-527.041345,-526.9855210000001,9.528432,Gaussian,QC,"opt+freq: b3lyp/6-311G** em=gd3bj
energy: M062X/6-311G+(2d, p) em=gd3"
3200,c-c113+c-b10+c-b51,CC[N+]1(C2CCCCC2)CCCCC1,piperidinium,-565.4633119,0.331323,0.384731,470.310888,-0.44042,-0.109,3.1096,-565.1319889,-565.0785809,9.014624,Gaussian,QC,"opt+freq: b3lyp/6-311G** em=gd3bj
energy: M062X/6-311G+(2d, p) em=gd3"
3201,c-c90+c-b46,Cc1ccc([N+]23CCC(CC2)CC3)cc1,piperidinium,-599.9641475,0.266915,0.321657,482.051192,-0.38316,-0.15156,2.5277,-599.6972324999999,-599.6424905,6.29952,Gaussian,QC,"opt+freq: b3lyp/6-311G** em=gd3bj
energy: M062X/6-311G+(2d, p) em=gd3"
3202,c-c113+c-b18+c-b58,CCC(=O)[N+]1(CC(=O)O)CCCCC1,piperidinium,-672.0340256,0.231021,0.287977,501.557,-0.44492,-0.18821,4.2022,-671.8030045999999,-671.7460486,6.982512,Gaussian,QC,"opt+freq: b3lyp/6-311G** em=gd3bj
energy: M062X/6-311G+(2d, p) em=gd3"
3203,c-c113+c-b3+c-b46,Cc1ccc([N+]2(C3CCCC3)CCCCC2)cc1,piperidinium,-717.8824276,0.345155,0.408152,554.752376,-0.37902,-0.15041,1.7349,-717.5372726,-717.4742756,6.218192000000001,Gaussian,QC,"opt+freq: b3lyp/6-311G** em=gd3bj
energy: M062X/6-311G+(2d, p) em=gd3"
3204,c-c113+c-b10+c-b65,CCC#CC[N+]1(CC)CCCCC1,piperidinium,-524.9054523,0.270454,0.329957,523.98324,-0.399,-0.12707,2.2908,-524.6349983,-524.5754953,7.396496,Gaussian,QC,"opt+freq: b3lyp/6-311G** em=gd3bj
energy: M062X/6-311G+(2d, p) em=gd3"
3205,c-c113+c-b21+c-b27,CCCCCCCCC[N+]1(C(C)C#N)CCCCC1,piperidinium,-776.8044031,0.41898,0.492555,647.8924,-0.39359,-0.14483,10.5766,-776.3854230999999,-776.3118480999999,6.766272,Gaussian,QC,"opt+freq: b3lyp/6-311G** em=gd3bj
energy: M062X/6-311G+(2d, p) em=gd3"
3206,c-c113+c-b20+c-b53,Clc1ccc([N+]2(c3cccnc3)CCCCC2)cc1Cl,piperidinium,-1649.4858351,0.247262,0.31154,566.0282559999999,-0.38206,-0.18257,7.7609,-1649.2385731,-1649.1742951,5.426128,Gaussian,QC,"opt+freq: b3lyp/6-311G** em=gd3bj
energy: M062X/6-311G+(2d, p) em=gd3"
3207,c-c113+c-b35+c-b39,CCC(C)[N+]1(COC)CCCCC1,piperidinium,-563.2670609,0.29557,0.352706,503.138552,-0.4218,-0.10742,1.6724,-562.9714909,-562.9143549,8.551136,Gaussian,QC,"opt+freq: b3lyp/6-311G** em=gd3bj
energy: M062X/6-311G+(2d, p) em=gd3"
3208,c-c113+c-b11+c-b29,CC(C)[N+]1(C(F)(F)F)CCCCC1,piperidinium,-707.1786069,0.215294,0.268148,465.432344,-0.48429,-0.12674,3.6826,-706.9633129,-706.9104589,9.72536,Gaussian,QC,"opt+freq: b3lyp/6-311G** em=gd3bj
energy: M062X/6-311G+(2d, p) em=gd3"
3209,c-c113+c-b19+c-b30,CCCC[N+]1(CCCF)CCCCC1,piperidinium,-626.600237,0.313219,0.370903,507.962704,-0.4503,-0.10892,3.8657,-626.287018,-626.229334,9.285535999999999,Gaussian,QC,"opt+freq: b3lyp/6-311G** em=gd3bj
energy: M062X/6-311G+(2d, p) em=gd3"
3210,c-c113+c-b4+c-b12,CC(C)(C)C(=O)[N+]1(CCO)CCCCC1,piperidinium,-676.6003949,0.303477,0.36286,522.9246880000001,-0.43125,-0.18012,3.6947,-676.2969178999999,-676.2375349,6.830736,Gaussian,QC,"opt+freq: b3lyp/6-311G** em=gd3bj
energy: M062X/6-311G+(2d, p) em=gd3"
3211,c-c113+c-b10+c-b27,CC[N+]1(C(C)C#N)CCCCC1,piperidinium,-501.6740154,0.23861,0.289688,449.796736,-0.48031,-0.15122,4.7957,-501.4354054,-501.3843274,8.951248,Gaussian,QC,"opt+freq: b3lyp/6-311G** em=gd3bj
energy: M062X/6-311G+(2d, p) em=gd3"
3212,c-c113+c-b48+c-b56,CCCCCCC[N+]1(c2cccc(C)c2)CCCCC1,piperidinium,-797.6887792,0.413174,0.487866,657.7415360000001,-0.38016,-0.15361,4.0313,-797.2756052,-797.2009132,6.16216,Gaussian,QC,"opt+freq: b3lyp/6-311G** em=gd3bj
energy: M062X/6-311G+(2d, p) em=gd3"
3213,c-c113+c-b58+c-b74,CC(=O)[N+]1(CC(=O)O)CCCCC1,piperidinium,-632.7261246,0.204815,0.258835,475.704064,-0.44914,-0.19311,4.0446,-632.5213096,-632.4672896000001,6.964015999999999,Gaussian,QC,"opt+freq: b3lyp/6-311G** em=gd3bj
energy: M062X/6-311G+(2d, p) em=gd3"
3214,c-c113+c-b45+c-b81,CCC[N+]1(C(=O)O)CCCCC1,piperidinium,-558.7058136,0.226143,0.277413,451.487072,-0.47519,-0.18348,1.2736,-558.4796706000001,-558.4284006,7.934512000000001,Gaussian,QC,"opt+freq: b3lyp/6-311G** em=gd3bj
energy: M062X/6-311G+(2d, p) em=gd3"
3215,c-c113+c-b18+c-b71,CCCCCC[N+]1(C(=O)CC)CCCCC1,piperidinium,-679.9890476,0.347852,0.415564,596.26184,-0.43001,-0.19394,3.8339,-679.6411956000001,-679.5734836,6.421104,Gaussian,QC,"opt+freq: b3lyp/6-311G** em=gd3bj
energy: M062X/6-311G+(2d, p) em=gd3"
3216,c-c113+c-b20+c-b27,CC(C#N)[N+]1(c2ccc(Cl)c(Cl)c2)CCCCC1,piperidinium,-1573.263901,0.234874,0.298317,558.676968,-0.39204,-0.19002,5.1609,-1573.029027,-1572.965584,5.494944,Gaussian,QC,"opt+freq: b3lyp/6-311G** em=gd3bj
energy: M062X/6-311G+(2d, p) em=gd3"
3217,c-c113+c-b35+c-b79,CCC(C)[N+]1(CCCO)CCCCC1,piperidinium,-602.5852189,0.323376,0.382638,521.8577680000001,-0.4111,-0.10105,1.8922,-602.2618428999999,-602.2025808999999,8.43336,Gaussian,QC,"opt+freq: b3lyp/6-311G** em=gd3bj
energy: M062X/6-311G+(2d, p) em=gd3"
3218,c-c113+c-b27+c-b69,CCCCCCCCCC[N+]1(C(C)C#N)CCCCC1,piperidinium,-816.103845,0.445011,0.521668,675.04656,-0.38491,-0.14778,12.6592,-815.658834,-815.582177,6.449935999999999,Gaussian,QC,"opt+freq: b3lyp/6-311G** em=gd3bj
energy: M062X/6-311G+(2d, p) em=gd3"
3219,c-c113+c-b24+c-b56,CCCCCCC[N+]1(c2ccccc2C)CCCCC1,piperidinium,-797.6828147,0.417685,0.488492,623.5206000000001,-0.38617,-0.15583,5.1572,-797.2651297,-797.1943227,6.265248000000001,Gaussian,QC,"opt+freq: b3lyp/6-311G** em=gd3bj
energy: M062X/6-311G+(2d, p) em=gd3"
3220,c-c113+c-b20+c-b83,CCCCCC[N+]1(c2ccc(Cl)c(Cl)c2)CCCCC1,piperidinium,-1638.270085,0.342296,0.41436,634.591464,-0.38082,-0.17241,8.7598,-1637.927789,-1637.855725,5.668752,Gaussian,QC,"opt+freq: b3lyp/6-311G** em=gd3bj
energy: M062X/6-311G+(2d, p) em=gd3"
3221,c-c113+c-b8+c-b36,CC#CC[N+]1(c2ccccc2)CCCCC1,piperidinium,-637.999648,0.265911,0.325856,527.870176,-0.3895,-0.15526,1.3858,-637.733737,-637.6737919999999,6.371328,Gaussian,QC,"opt+freq: b3lyp/6-311G** em=gd3bj
energy: M062X/6-311G+(2d, p) em=gd3"
3222,c-c113+c-b28+c-b71,C=CCC[N+]1(CCCCCC)CCCCC1,piperidinium,-644.0449279,0.373259,0.440248,589.9021600000001,-0.38812,-0.12438,3.7751,-643.6716689,-643.6046799,7.173728000000001,Gaussian,QC,"opt+freq: b3lyp/6-311G** em=gd3bj
energy: M062X/6-311G+(2d, p) em=gd3"
3223,c-c113+c-b29+c-b76,CO[N+]1(C(C)C)CCCCC1,piperidinium,-484.6091241,0.243518,0.293613,441.131672,-0.45292,-0.13421,1.2959,-484.3656061,-484.3155111,8.668911999999999,Gaussian,QC,"opt+freq: b3lyp/6-311G** em=gd3bj
energy: M062X/6-311G+(2d, p) em=gd3"
3224,c-c89+c-b50,C=Cc1ccc([N+]2(C)CCCCC2)cc1,piperidinium,-599.935988,0.263476,0.319909,496.9420480000001,-0.35385,-0.17231,4.207,-599.672512,-599.6160789999999,4.937888,Gaussian,QC,"opt+freq: b3lyp/6-311G** em=gd3bj
energy: M062X/6-311G+(2d, p) em=gd3"
3225,c-c113+c-b32+c-b81,CCC[N+]1(CCC(F)(F)C(F)(F)C(F)F)CCCCC1,piperidinium,-1162.1359835,0.294337,0.36466,619.2696559999999,-0.45503,-0.11198,9.0996,-1161.8416465,-1161.7713235,9.33096,Gaussian,QC,"opt+freq: b3lyp/6-311G** em=gd3bj
energy: M062X/6-311G+(2d, p) em=gd3"
3226,c-c113+c-b21+c-b45,CCCCCCCCC[N+]1(C(=O)O)CCCCC1,piperidinium,-794.5355088,0.380495,0.451281,623.336504,-0.39694,-0.17881,7.7801,-794.1550138,-794.0842278,5.933136,Gaussian,QC,"opt+freq: b3lyp/6-311G** em=gd3bj
energy: M062X/6-311G+(2d, p) em=gd3"
3227,c-c113+c-b17+c-b81,CCCCCCCCCC(=O)[N+]1(CCC)CCCCC1,piperidinium,-837.2119751,0.451867,0.531684,702.857608,-0.38494,-0.19228,11.0635,-836.7601081,-836.6802911,5.240352,Gaussian,QC,"opt+freq: b3lyp/6-311G** em=gd3bj
energy: M062X/6-311G+(2d, p) em=gd3"
3228,c-c113+c-b65+c-b68,CCC#CC[N+]1(CCCC(C)C)CCCCC1,piperidinium,-682.1251387,0.373719,0.44538,631.043432,-0.39281,-0.12523,4.2091,-681.7514196999999,-681.6797587,7.278175999999999,Gaussian,QC,"opt+freq: b3lyp/6-311G** em=gd3bj
energy: M062X/6-311G+(2d, p) em=gd3"
3229,c-c113+c-b60+c-b74,C=CC[N+]1(C(C)=O)CCCCC1,piperidinium,-521.5428628,0.223719,0.275946,459.9094640000001,-0.42654,-0.20286,3.0558,-521.3191438,-521.2669168,6.084095999999999,Gaussian,QC,"opt+freq: b3lyp/6-311G** em=gd3bj
energy: M062X/6-311G+(2d, p) em=gd3"
3230,c-c113+c-b22+c-b73,CC(C)C[N+]1(c2ccc(Cl)cc2)CCCCC1,piperidinium,-1100.0661691,0.301896,0.363979,546.70236,-0.38284,-0.16777,5.8843,-1099.7642731,-1099.7021901,5.849904,Gaussian,QC,"opt+freq: b3lyp/6-311G** em=gd3bj
energy: M062X/6-311G+(2d, p) em=gd3"
3231,c-c113+c-b3+c-b73,CC(C)C[N+]1(C2CCCC2)CCCCC1,piperidinium,-604.7676592,0.354007,0.413017,519.640248,-0.4465,-0.1049,0.6015,-604.4136522,-604.3546422000001,9.29152,Gaussian,QC,"opt+freq: b3lyp/6-311G** em=gd3bj
energy: M062X/6-311G+(2d, p) em=gd3"
3232,c-c113+c-b65+c-b76,CCC#CC[N+]1(OC)CCCCC1,piperidinium,-560.7553552,0.245511,0.305136,525.058528,-0.40382,-0.13799,2.3724,-560.5098442000001,-560.4502192000001,7.230576,Gaussian,QC,"opt+freq: b3lyp/6-311G** em=gd3bj
energy: M062X/6-311G+(2d, p) em=gd3"
3233,c-c113+c-b18+c-b50,C=Cc1ccc([N+]2(C(=O)CC)CCCCC2)cc1,piperidinium,-752.5664016,0.293007,0.358738,578.822928,-0.35753,-0.19279,1.9998,-752.2733946,-752.2076635999999,4.480928,Gaussian,QC,"opt+freq: b3lyp/6-311G** em=gd3bj
energy: M062X/6-311G+(2d, p) em=gd3"
3234,c-c113+c-b9+c-b38,C#CC[N+]1(C(C)F)CCCCC1,piperidinium,-545.5183145,0.213473,0.264559,449.86368,-0.42997,-0.1463,1.7759,-545.3048415,-545.2537555,7.715824,Gaussian,QC,"opt+freq: b3lyp/6-311G** em=gd3bj
energy: M062X/6-311G+(2d, p) em=gd3"
3235,c-c113+c-b13+c-b82,CC(C)CCCC[N+]1(CCC#N)CCCCC1,piperidinium,-698.206478,0.368696,0.434916,583.140816,-0.41589,-0.12854,8.4631,-697.837782,-697.7715619999999,7.815919999999999,Gaussian,QC,"opt+freq: b3lyp/6-311G** em=gd3bj
energy: M062X/6-311G+(2d, p) em=gd3"
3236,c-c113+c-b70+c-b77,O=S(=O)(O)CCC[N+]1(CC(F)(F)F)CCCCC1,piperidinium,-1370.3141316,0.249521,0.317046,594.621712,-0.42668,-0.12573,10.2593,-1370.0646106,-1369.9970856,8.185839999999999,Gaussian,QC,"opt+freq: b3lyp/6-311G** em=gd3bj
energy: M062X/6-311G+(2d, p) em=gd3"
3237,c-c113+c-b40+c-b47,CN(C)[N+]1(C(C)(C)C)CCCCC1,piperidinium,-543.3439095,0.308395,0.363179,482.427752,-0.38752,-0.11564,1.0116,-543.0355145,-542.9807305,7.395135999999998,Gaussian,QC,"opt+freq: b3lyp/6-311G** em=gd3bj
energy: M062X/6-311G+(2d, p) em=gd3"
3238,c-c113+c-b35+c-b73,CCC(C)[N+]1(CC(C)C)CCCCC1,piperidinium,-566.667974,0.344184,0.404938,534.999712,-0.45909,-0.10546,1.6654,-566.3237899999999,-566.2630359999999,9.618736,Gaussian,QC,"opt+freq: b3lyp/6-311G** em=gd3bj
energy: M062X/6-311G+(2d, p) em=gd3"
3239,c-c113+c-b36+c-b37,CC(O)C[N+]1(c2ccccc2)CCCCC1,piperidinium,-676.3785279,0.290471,0.349405,518.970808,-0.39544,-0.15689,1.7955,-676.0880569,-676.0291229,6.488560000000001,Gaussian,QC,"opt+freq: b3lyp/6-311G** em=gd3bj
energy: M062X/6-311G+(2d, p) em=gd3"
3240,c-c113+c-b40+c-b81,CCC[N+]1(N(C)C)CCCCC1,piperidinium,-504.0501232,0.282522,0.335384,465.503472,-0.39506,-0.11403,1.2049,-503.7676012,-503.7147392,7.644016,Gaussian,QC,"opt+freq: b3lyp/6-311G** em=gd3bj
energy: M062X/6-311G+(2d, p) em=gd3"
3241,c-c113+c-b11+c-b47,CC(C)(C)[N+]1(C(F)(F)F)CCCCC1,piperidinium,-746.4807842,0.242325,0.296324,475.507416,-0.47819,-0.12711,3.5484,-746.2384592,-746.1844602,9.549376,Gaussian,QC,"opt+freq: b3lyp/6-311G** em=gd3bj
energy: M062X/6-311G+(2d, p) em=gd3"
3242,c-c113+c-b9+c-b84,CCCCCCCCC[N+]1(C(C)F)CCCCC1,piperidinium,-783.8248792,0.41388,0.485719,632.616616,-0.39484,-0.10486,9.3526,-783.4109992000001,-783.3391602,7.887456,Gaussian,QC,"opt+freq: b3lyp/6-311G** em=gd3bj
energy: M062X/6-311G+(2d, p) em=gd3"
3243,c-c113+c-b9+c-b10,CC[N+]1(C(C)F)CCCCC1,piperidinium,-508.69426,0.233784,0.282736,431.064968,-0.48105,-0.11754,2.4373,-508.460476,-508.411524,9.887471999999999,Gaussian,QC,"opt+freq: b3lyp/6-311G** em=gd3bj
energy: M062X/6-311G+(2d, p) em=gd3"
3244,c-c113+c-b73+c-b80,CC(C)C[N+]1(C(C)C)CCCCC1,piperidinium,-527.3679875,0.32002,0.376013,493.067664,-0.46179,-0.10518,1.1826,-527.0479675,-526.9919745000001,9.699791999999999,Gaussian,QC,"opt+freq: b3lyp/6-311G** em=gd3bj
energy: M062X/6-311G+(2d, p) em=gd3"
3245,c-c113+c-b51+c-b80,CC(C)[N+]1(C2CCCCC2)CCCCC1,piperidinium,-604.7617891,0.356945,0.413529,498.276744,-0.43488,-0.11048,2.5515,-604.4048441,-604.3482601,8.82368,Gaussian,QC,"opt+freq: b3lyp/6-311G** em=gd3bj
energy: M062X/6-311G+(2d, p) em=gd3"
3246,c-c113+c-b39+c-b48,COC[N+]1(c2cccc(C)c2)CCCCC1,piperidinium,-676.3706515,0.286487,0.348429,545.459712,-0.37945,-0.15179,2.4739,-676.0841645,-676.0222225,6.192352,Gaussian,QC,"opt+freq: b3lyp/6-311G** em=gd3bj
energy: M062X/6-311G+(2d, p) em=gd3"
3247,c-c113+c-b23+c-b38,C#CC[N+]1(c2cccc(Cl)c2)CCCCC1,piperidinium,-1058.248491,0.228715,0.287631,518.807632,-0.37493,-0.21879,5.8948,-1058.019776,-1057.96086,4.247007999999999,Gaussian,QC,"opt+freq: b3lyp/6-311G** em=gd3bj
energy: M062X/6-311G+(2d, p) em=gd3"
3248,c-c113+c-b60+c-b76,C=CC[N+]1(OC)CCCCC1,piperidinium,-483.381294,0.220303,0.27044,441.499864,-0.42676,-0.16425,1.6287,-483.160991,-483.110854,7.140271999999999,Gaussian,QC,"opt+freq: b3lyp/6-311G** em=gd3bj
energy: M062X/6-311G+(2d, p) em=gd3"
3249,c-c113+c-b16+c-b81,CCC[N+]1(CCCC#N)CCCCC1,piperidinium,-580.291309,0.291023,0.348721,508.08404,-0.4549,-0.12038,4.5446,-580.000286,-579.942588,9.098944000000001,Gaussian,QC,"opt+freq: b3lyp/6-311G** em=gd3bj
energy: M062X/6-311G+(2d, p) em=gd3"
3250,c-c113+c-b8+c-b80,CC#CC[N+]1(C(C)C)CCCCC1,piperidinium,-524.9034682,0.272211,0.329474,504.25568,-0.3988,-0.12666,0.8462,-524.6312572,-524.5739942,7.402208,Gaussian,QC,"opt+freq: b3lyp/6-311G** em=gd3bj
energy: M062X/6-311G+(2d, p) em=gd3"
3251,c-c113+c-b41+c-b43,CC1(C)OCC([N+]2(CC#N)CCCCC2)O1,piperidinium,-729.5245491,0.275201,0.33488,525.535504,-0.42181,-0.15533,3.3241,-729.2493480999999,-729.1896691,7.248256000000001,Gaussian,QC,"opt+freq: b3lyp/6-311G** em=gd3bj
energy: M062X/6-311G+(2d, p) em=gd3"
3252,c-c113+c-b38+c-b41,C#CC[N+]1(C2COC(C)(C)O2)CCCCC1,piperidinium,-713.4284158,0.285738,0.345516,526.405776,-0.4101,-0.14248,3.7606,-713.1426778,-713.0828998000001,7.279264,Gaussian,QC,"opt+freq: b3lyp/6-311G** em=gd3bj
energy: M062X/6-311G+(2d, p) em=gd3"
3253,c-c113+c-b3+c-b76,CO[N+]1(C2CCCC2)CCCCC1,piperidinium,-562.0097527,0.276975,0.330541,471.70416,-0.44893,-0.13842,2.9373,-561.7327777,-561.6792117,8.445872,Gaussian,QC,"opt+freq: b3lyp/6-311G** em=gd3bj
energy: M062X/6-311G+(2d, p) em=gd3"
3254,c-c89+c-b16,C[N+]1(CCCC#N)CCCCC1,piperidinium,-501.683699,0.238436,0.290671,459.984776,-0.45897,-0.12754,4.6477,-501.445263,-501.393028,9.014896,Gaussian,QC,"opt+freq: b3lyp/6-311G** em=gd3bj
energy: M062X/6-311G+(2d, p) em=gd3"
3255,c-c113+c-b3+c-b81,CCC[N+]1(C2CCCC2)CCCCC1,piperidinium,-565.4609105,0.328597,0.384519,492.448432,-0.44757,-0.10684,1.4286,-565.1323135,-565.0763915,9.267856,Gaussian,QC,"opt+freq: b3lyp/6-311G** em=gd3bj
energy: M062X/6-311G+(2d, p) em=gd3"
3256,c-c113+c-b6+c-b53,NCC[N+]1(c2cccnc2)CCCCC1,piperidinium,-633.2144817,0.266077,0.321387,487.051072,-0.3737,-0.18303,2.492,-632.9484047,-632.8930947,5.186223999999999,Gaussian,QC,"opt+freq: b3lyp/6-311G** em=gd3bj
energy: M062X/6-311G+(2d, p) em=gd3"
3257,c-c113+c-b28+c-b63,C=CCC[N+]1(c2ccc3ccccc3c2)CCCCC1,piperidinium,-792.8631204,0.33252,0.397017,567.961264,-0.34578,-0.17332,4.7572,-792.5306003999999,-792.4661034,4.690911999999999,Gaussian,QC,"opt+freq: b3lyp/6-311G** em=gd3bj
energy: M062X/6-311G+(2d, p) em=gd3"
3258,c-c113+c-b36+c-b51,c1ccc([N+]2(C3CCCCC3)CCCCC2)cc1,piperidinium,-717.8782431,0.350087,0.409386,522.192488,-0.39427,-0.1572,1.5131,-717.5281560999999,-717.4688570999999,6.448304,Gaussian,QC,"opt+freq: b3lyp/6-311G** em=gd3bj
energy: M062X/6-311G+(2d, p) em=gd3"
3259,c-c113+c-b38+c-b60,C#CC[N+]1(CC=C)CCCCC1,piperidinium,-484.3559365,0.225533,0.277145,454.495368,-0.42112,-0.16272,0.6204,-484.1304035,-484.0787915,7.028479999999999,Gaussian,QC,"opt+freq: b3lyp/6-311G** em=gd3bj
energy: M062X/6-311G+(2d, p) em=gd3"
3260,c-c113+c-b3+c-b16,N#CCCC[N+]1(C2CCCC2)CCCCC1,piperidinium,-657.6951016,0.323909,0.38523,539.9912240000001,-0.44772,-0.11966,5.3597,-657.3711926000001,-657.3098716000001,8.923232,Gaussian,QC,"opt+freq: b3lyp/6-311G** em=gd3bj
energy: M062X/6-311G+(2d, p) em=gd3"
3261,c-c113+c-b13+c-b53,N#CCC[N+]1(c2cccnc2)CCCCC1,piperidinium,-670.1188396,0.247217,0.30359,496.414864,-0.40422,-0.18658,4.0746,-669.8716226,-669.8152496,5.919808000000001,Gaussian,QC,"opt+freq: b3lyp/6-311G** em=gd3bj
energy: M062X/6-311G+(2d, p) em=gd3"
3262,c-c113+c-b18+c-b81,CCC[N+]1(C(=O)CC)CCCCC1,piperidinium,-562.0636411,0.271528,0.328781,504.167816,-0.45115,-0.2003,2.6629,-561.7921131,-561.7348601,6.82312,Gaussian,QC,"opt+freq: b3lyp/6-311G** em=gd3bj
energy: M062X/6-311G+(2d, p) em=gd3"
3263,c-c113+c-b13+c-b69,CCCCCCCCCC[N+]1(CCC#N)CCCCC1,piperidinium,-816.1104722,0.445051,0.52217,679.113408,-0.3835,-0.1287,13.4971,-815.6654212,-815.5883022,6.930560000000001,Gaussian,QC,"opt+freq: b3lyp/6-311G** em=gd3bj
energy: M062X/6-311G+(2d, p) em=gd3"
3264,c-c113+c-b3+c-b18,CCC(=O)[N+]1(C2CCCC2)CCCCC1,piperidinium,-639.485657,0.305302,0.365215,527.589848,-0.44619,-0.1997,2.0643,-639.180355,-639.1204419999999,6.704528,Gaussian,QC,"opt+freq: b3lyp/6-311G** em=gd3bj
energy: M062X/6-311G+(2d, p) em=gd3"
3265,c-c113+c-b53+c-b75,Clc1cccc(Cl)c1[N+]1(c2cccnc2)CCCCC1,piperidinium,-1649.4615618,0.247648,0.311368,561.112056,-0.39023,-0.18278,2.3116,-1649.2139138,-1649.1501938,5.64264,Gaussian,QC,"opt+freq: b3lyp/6-311G** em=gd3bj
energy: M062X/6-311G+(2d, p) em=gd3"
3266,c-c113+c-b58+c-b79,O=C(O)C[N+]1(CCCO)CCCCC1,piperidinium,-673.2347822,0.257341,0.313217,492.042584,-0.39722,-0.17069,4.8712,-672.9774412,-672.9215652,6.161616,Gaussian,QC,"opt+freq: b3lyp/6-311G** em=gd3bj
energy: M062X/6-311G+(2d, p) em=gd3"
3267,c-c113+c-b4+c-b75,OCC[N+]1(c2c(Cl)cccc2Cl)CCCCC1,piperidinium,-1556.1724105,0.239594,0.301879,548.4847440000001,-0.35899,-0.30655,6.4548,-1555.9328165,-1555.8705315,1.426368,Gaussian,QC,"opt+freq: b3lyp/6-311G** em=gd3bj
energy: M062X/6-311G+(2d, p) em=gd3"
3268,c-c113+c-b10+c-b50,C=Cc1ccc([N+]2(CC)CCCCC2)cc1,piperidinium,-639.2470668,0.289575,0.348755,521.142304,-0.35399,-0.17235,4.1736,-638.9574918,-638.8983118,4.940608,Gaussian,QC,"opt+freq: b3lyp/6-311G** em=gd3bj
energy: M062X/6-311G+(2d, p) em=gd3"
3269,c-c113+c-b8+c-b77,CC#CC[N+]1(CC(F)(F)F)CCCCC1,piperidinium,-783.3310178,0.21995,0.280109,529.761344,-0.40109,-0.14203,5.2036,-783.1110678,-783.0509088,7.046432,Gaussian,QC,"opt+freq: b3lyp/6-311G** em=gd3bj
energy: M062X/6-311G+(2d, p) em=gd3"
3270,c-c113+c-b8+c-b41,CC#CC[N+]1(C2COC(C)(C)O2)CCCCC1,piperidinium,-752.749603,0.308419,0.374704,583.6972880000001,-0.39799,-0.12994,3.6886,-752.441184,-752.374899,7.29096,Gaussian,QC,"opt+freq: b3lyp/6-311G** em=gd3bj
energy: M062X/6-311G+(2d, p) em=gd3"
3271,c-c113+c-b30+c-b43,CCCC[N+]1(CC#N)CCCCC1,piperidinium,-540.9753367,0.263995,0.31889,483.4068080000001,-0.46127,-0.1584,5.2732,-540.7113416999999,-540.6564467,8.238064,Gaussian,QC,"opt+freq: b3lyp/6-311G** em=gd3bj
energy: M062X/6-311G+(2d, p) em=gd3"
3272,c-c113+c-b36+c-b41,CC1(C)OCC([N+]2(c3ccccc3)CCCCC2)O1,piperidinium,-829.0060813,0.326524,0.389065,550.731552,-0.38947,-0.15279,3.5206,-828.6795573,-828.6170163,6.437695999999999,Gaussian,QC,"opt+freq: b3lyp/6-311G** em=gd3bj
energy: M062X/6-311G+(2d, p) em=gd3"
3273,c-c113+c-b60+c-b77,C=CC[N+]1(CC(F)(F)F)CCCCC1,piperidinium,-745.2641609,0.218913,0.274775,491.917064,-0.43063,-0.16838,5.1331,-745.0452478999999,-744.9893859,7.1332,Gaussian,QC,"opt+freq: b3lyp/6-311G** em=gd3bj
energy: M062X/6-311G+(2d, p) em=gd3"
3274,c-c113+c-b4+c-b30,CCCC[N+]1(CCO)CCCCC1,piperidinium,-563.279942,0.298793,0.353994,486.0971200000001,-0.42865,-0.10825,2.2213,-562.981149,-562.9259480000001,8.714879999999999,Gaussian,QC,"opt+freq: b3lyp/6-311G** em=gd3bj
energy: M062X/6-311G+(2d, p) em=gd3"
3275,c-c113+c-b56+c-b80,CCCCCCC[N+]1(C(C)C)CCCCC1,piperidinium,-645.2790714,0.397856,0.46346,577.7058,-0.41485,-0.10712,5.6417,-644.8812154,-644.8156114,8.370256,Gaussian,QC,"opt+freq: b3lyp/6-311G** em=gd3bj
energy: M062X/6-311G+(2d, p) em=gd3"
3276,c-c113+c-b13+c-b84,CCCCCCCCC[N+]1(CCC#N)CCCCC1,piperidinium,-776.8059015,0.419342,0.493201,650.3986160000001,-0.39173,-0.12887,11.9104,-776.3865595,-776.3127005,7.149792,Gaussian,QC,"opt+freq: b3lyp/6-311G** em=gd3bj
energy: M062X/6-311G+(2d, p) em=gd3"
3277,c-c113+c-b12+c-b51,CC(C)(C)C(=O)[N+]1(C2CCCCC2)CCCCC1,piperidinium,-757.3870194,0.382296,0.450343,599.2199280000001,-0.38852,-0.21592,5.617,-757.0047234,-756.9366764,4.694719999999999,Gaussian,QC,"opt+freq: b3lyp/6-311G** em=gd3bj
energy: M062X/6-311G+(2d, p) em=gd3"
3278,c-c113+c-b25+c-b41,CC1CCN([N+]2(C3COC(C)(C)O3)CCCCC2)CC1,piperidinium,-887.9248311,0.406428,0.474526,599.675984,-0.3778,-0.11034,1.9114,-887.5184031,-887.4503051,7.274912,Gaussian,QC,"opt+freq: b3lyp/6-311G** em=gd3bj
energy: M062X/6-311G+(2d, p) em=gd3"
3279,c-c89+c-b4,C[N+]1(CCO)CCCCC1,piperidinium,-445.3665847,0.220437,0.266906,409.207752,-0.43336,-0.11622,0.76,-445.1461477,-445.0996787,8.626208,Gaussian,QC,"opt+freq: b3lyp/6-311G** em=gd3bj
energy: M062X/6-311G+(2d, p) em=gd3"
3280,c-c113+c-b24+c-b65,CCC#CC[N+]1(c2ccccc2C)CCCCC1,piperidinium,-716.6071118,0.317775,0.383693,580.4672400000001,-0.38189,-0.1543,2.4589,-716.2893368,-716.2234188,6.190448,Gaussian,QC,"opt+freq: b3lyp/6-311G** em=gd3bj
energy: M062X/6-311G+(2d, p) em=gd3"
3281,c-c113+c-b11+c-b65,CCC#CC[N+]1(C(F)(F)F)CCCCC1,piperidinium,-783.3219951,0.21825,0.27969,541.037224,-0.4045,-0.1466,3.8795,-783.1037451,-783.0423051,7.014880000000001,Gaussian,QC,"opt+freq: b3lyp/6-311G** em=gd3bj
energy: M062X/6-311G+(2d, p) em=gd3"
3282,c-c113+c-b8+c-b73,CC#CC[N+]1(CC(C)C)CCCCC1,piperidinium,-564.2086479,0.296306,0.358321,546.0998639999999,-0.39811,-0.1257,1.0036,-563.9123419,-563.8503268999999,7.409552000000001,Gaussian,QC,"opt+freq: b3lyp/6-311G** em=gd3bj
energy: M062X/6-311G+(2d, p) em=gd3"
3283,c-c89+c-b8,CC#CC[N+]1(C)CCCCC1,piperidinium,-446.2929901,0.218575,0.271741,468.177048,-0.40439,-0.13647,0.9747,-446.0744151,-446.0212491,7.287424000000001,Gaussian,QC,"opt+freq: b3lyp/6-311G** em=gd3bj
energy: M062X/6-311G+(2d, p) em=gd3"
3284,c-c113+c-b4+c-b73,CC(C)C[N+]1(CCO)CCCCC1,piperidinium,-563.28091,0.297972,0.353492,488.9004,-0.42851,-0.10729,2.6023,-562.982938,-562.927418,8.737184,Gaussian,QC,"opt+freq: b3lyp/6-311G** em=gd3bj
energy: M062X/6-311G+(2d, p) em=gd3"
3285,c-c113+c-b13+c-b50,C=Cc1ccc([N+]2(CCC#N)CCCCC2)cc1,piperidinium,-731.473317,0.286051,0.349284,556.8276400000001,-0.35179,-0.1724,7.2639,-731.1872659999999,-731.1240329999999,4.879408,Gaussian,QC,"opt+freq: b3lyp/6-311G** em=gd3bj
energy: M062X/6-311G+(2d, p) em=gd3"
3286,c-c113+c-b51+c-b58,O=C(O)C[N+]1(C2CCCCC2)CCCCC1,piperidinium,-714.7137516,0.315179,0.372732,506.80792,-0.42939,-0.15372,4.3771,-714.3985726000001,-714.3410196,7.498223999999999,Gaussian,QC,"opt+freq: b3lyp/6-311G** em=gd3bj
energy: M062X/6-311G+(2d, p) em=gd3"
3287,c-c89+c-b47,CC(C)(C)[N+]1(C)CCCCC1,piperidinium,-448.7568238,0.268511,0.317646,432.684176,-0.47427,-0.11215,0.7141,-448.4883128,-448.4391778,9.849663999999999,Gaussian,QC,"opt+freq: b3lyp/6-311G** em=gd3bj
energy: M062X/6-311G+(2d, p) em=gd3"
3288,c-c113+c-b13+c-b44,CC(C)CC[N+]1(CCC#N)CCCCC1,piperidinium,-619.5967145,0.316083,0.376686,533.6692,-0.44228,-0.13053,6.4612,-619.2806314999999,-619.2200285,8.4796,Gaussian,QC,"opt+freq: b3lyp/6-311G** em=gd3bj
energy: M062X/6-311G+(2d, p) em=gd3"
3289,c-c113+c-b6+c-b22,NCC[N+]1(c2ccc(Cl)cc2)CCCCC1,piperidinium,-1076.7787384,0.265361,0.324738,522.8702959999999,-0.37252,-0.16644,5.2062,-1076.5133774,-1076.4540004,5.605376000000001,Gaussian,QC,"opt+freq: b3lyp/6-311G** em=gd3bj
energy: M062X/6-311G+(2d, p) em=gd3"
3290,c-c113+c-b3+c-b12,CC(C)(C)C(=O)[N+]1(C2CCCC2)CCCCC1,piperidinium,-718.082631,0.357191,0.422288,573.237288,-0.43176,-0.1908,2.3934,-717.72544,-717.660343,6.554111999999999,Gaussian,QC,"opt+freq: b3lyp/6-311G** em=gd3bj
energy: M062X/6-311G+(2d, p) em=gd3"
3291,c-c113+c-b78+c-b86,CCCCC[N+]1(c2ccc(Cl)cc2Cl)CCCCC1,piperidinium,-1598.9591639,0.317581,0.385618,599.12788,-0.38919,-0.175,6.4748,-1598.6415829,-1598.5735459,5.825968,Gaussian,QC,"opt+freq: b3lyp/6-311G** em=gd3bj
energy: M062X/6-311G+(2d, p) em=gd3"
3292,c-c113+c-b40+c-b77,CN(C)[N+]1(CC(F)(F)F)CCCCC1,piperidinium,-762.4887966,0.230912,0.285916,484.364944,-0.41286,-0.11857,5.9628,-762.2578846,-762.2028806,8.004688,Gaussian,QC,"opt+freq: b3lyp/6-311G** em=gd3bj
energy: M062X/6-311G+(2d, p) em=gd3"
3293,c-c113+c-b27+c-b40,CC(C#N)[N+]1(N(C)C)CCCCC1,piperidinium,-556.9636187,0.250769,0.306111,487.339768,-0.40114,-0.15267,4.4841,-556.7128497,-556.6575077,6.758384,Gaussian,QC,"opt+freq: b3lyp/6-311G** em=gd3bj
energy: M062X/6-311G+(2d, p) em=gd3"
3294,c-c113+c-b24+c-b51,Cc1ccccc1[N+]1(C2CCCCC2)CCCCC1,piperidinium,-757.1516712,0.362497,0.43434,632.645904,-0.38525,-0.15598,6.5342,-756.7891742,-756.7173312,6.236143999999999,Gaussian,QC,"opt+freq: b3lyp/6-311G** em=gd3bj
energy: M062X/6-311G+(2d, p) em=gd3"
3295,c-c113+c-b38+c-b58,C#CC[N+]1(CC(=O)O)CCCCC1,piperidinium,-595.5421543,0.206941,0.260082,467.955296,-0.42805,-0.15831,1.9495,-595.3352133,-595.2820723,7.336927999999999,Gaussian,QC,"opt+freq: b3lyp/6-311G** em=gd3bj
energy: M062X/6-311G+(2d, p) em=gd3"
3296,c-c113+c-b81+c-b86,CCC[N+]1(c2ccc(Cl)cc2Cl)CCCCC1,piperidinium,-1520.3358652,0.265688,0.327679,545.890664,-0.38896,-0.17419,5.9192,-1520.0701772,-1520.0081862,5.841743999999998,Gaussian,QC,"opt+freq: b3lyp/6-311G** em=gd3bj
energy: M062X/6-311G+(2d, p) em=gd3"
3297,c-c113+c-b58+c-b73,CC(C)C[N+]1(CC(=O)O)CCCCC1,piperidinium,-637.3165532,0.278193,0.335774,507.063144,-0.43711,-0.16756,3.3803,-637.0383602,-636.9807792,7.33176,Gaussian,QC,"opt+freq: b3lyp/6-311G** em=gd3bj
energy: M062X/6-311G+(2d, p) em=gd3"
3298,c-c113+c-b16+c-b23,N#CCCC[N+]1(c2cccc(Cl)c2)CCCCC1,piperidinium,-1152.9944363,0.273892,0.336416,550.589296,-0.39238,-0.17643,1.7586,-1152.7205443,-1152.6580203,5.87384,Gaussian,QC,"opt+freq: b3lyp/6-311G** em=gd3bj
energy: M062X/6-311G+(2d, p) em=gd3"
3299,c-c113+c-b76+c-b83,CCCCCC[N+]1(OC)CCCCC1,piperidinium,-602.5256964,0.319111,0.380791,543.1543280000001,-0.42901,-0.13092,4.3792,-602.2065854,-602.1449054,8.108047999999998,Gaussian,QC,"opt+freq: b3lyp/6-311G** em=gd3bj
energy: M062X/6-311G+(2d, p) em=gd3"
3300,c-c113+c-b18+c-b73,CCC(=O)[N+]1(CC(C)C)CCCCC1,piperidinium,-601.3822024,0.299326,0.357636,513.477216,-0.44495,-0.19921,3.2207,-601.0828764,-601.0245664,6.684128,Gaussian,QC,"opt+freq: b3lyp/6-311G** em=gd3bj
energy: M062X/6-311G+(2d, p) em=gd3"
3301,c-c113+c-b27+c-b70,CC(C#N)[N+]1(CCCS(=O)(=O)O)CCCCC1,piperidinium,-1164.7961696,0.272039,0.337642,577.697432,-0.42949,-0.16273,9.8346,-1164.5241306,-1164.4585276,7.255872,Gaussian,QC,"opt+freq: b3lyp/6-311G** em=gd3bj
energy: M062X/6-311G+(2d, p) em=gd3"
3302,c-c113+c-b60+c-b75,C=CC[N+]1(c2c(Cl)cccc2Cl)CCCCC1,piperidinium,-1519.1207112,0.233722,0.301359,595.6133199999999,-0.38977,-0.2546,3.6218,-1518.8869892,-1518.8193522,3.676624,Gaussian,QC,"opt+freq: b3lyp/6-311G** em=gd3bj
energy: M062X/6-311G+(2d, p) em=gd3"
3303,c-c113+c-b10+c-b11,CC[N+]1(C(F)(F)F)CCCCC1,piperidinium,-667.8749946,0.190241,0.239665,435.223864,-0.48825,-0.1258,3.8544,-667.6847536,-667.6353296000001,9.858640000000001,Gaussian,QC,"opt+freq: b3lyp/6-311G** em=gd3bj
energy: M062X/6-311G+(2d, p) em=gd3"
3304,c-c113+c-b8+c-b63,CC#CC[N+]1(c2ccc3ccccc3c2)CCCCC1,piperidinium,-791.6253589,0.307675,0.373771,582.0362400000001,-0.34004,-0.16581,4.2007,-791.3176839,-791.2515879,4.739056,Gaussian,QC,"opt+freq: b3lyp/6-311G** em=gd3bj
energy: M062X/6-311G+(2d, p) em=gd3"
3305,c-c113+c-b11+c-b22,FC(F)(F)[N+]1(c2ccc(Cl)cc2)CCCCC1,piperidinium,-1279.8743289,0.197825,0.256419,515.975064,-0.39345,-0.17963,5.4099,-1279.6765039,-1279.6179099,5.815904,Gaussian,QC,"opt+freq: b3lyp/6-311G** em=gd3bj
energy: M062X/6-311G+(2d, p) em=gd3"
3306,c-c113+c-b8+c-b71,CC#CC[N+]1(CCCCCC)CCCCC1,piperidinium,-642.8182822,0.348998,0.416747,596.5965600000001,-0.39822,-0.12481,4.5634,-642.4692842,-642.4015352,7.436752000000001,Gaussian,QC,"opt+freq: b3lyp/6-311G** em=gd3bj
energy: M062X/6-311G+(2d, p) em=gd3"
3307,c-c113+c-b28+c-b38,C#CC[N+]1(CCC=C)CCCCC1,piperidinium,-523.6590028,0.251088,0.30611,484.523936,-0.39356,-0.14346,1.6149,-523.4079148000001,-523.3528928000001,6.80272,Gaussian,QC,"opt+freq: b3lyp/6-311G** em=gd3bj
energy: M062X/6-311G+(2d, p) em=gd3"
3308,c-c113+c-b47+c-b61,CCCCCCCC[N+]1(C(C)(C)C)CCCCC1,piperidinium,-723.8745076,0.449941,0.520862,624.528944,-0.4012,-0.10681,6.9248,-723.4245666,-723.3536456,8.007408,Gaussian,QC,"opt+freq: b3lyp/6-311G** em=gd3bj
energy: M062X/6-311G+(2d, p) em=gd3"
3309,c-c113+c-b40+c-b53,CN(C)[N+]1(c2cccnc2)CCCCC1,piperidinium,-633.1909451,0.264399,0.319728,487.218432,-0.39589,-0.18193,2.7051,-632.9265461,-632.8712171,5.819712,Gaussian,QC,"opt+freq: b3lyp/6-311G** em=gd3bj
energy: M062X/6-311G+(2d, p) em=gd3"
3310,c-c113+c-b10+c-b72,CCC(C)C[N+]1(CC)CCCCC1,piperidinium,-527.3665819,0.319714,0.376346,498.703512,-0.44986,-0.10697,2.8057,-527.0468679,-526.9902359,9.326607999999998,Gaussian,QC,"opt+freq: b3lyp/6-311G** em=gd3bj
energy: M062X/6-311G+(2d, p) em=gd3"
3311,c-c113+c-b13+c-b60,C=CC[N+]1(CCC#N)CCCCC1,piperidinium,-539.7547969,0.241883,0.295966,476.247984,-0.42472,-0.16272,4.6338,-539.5129139,-539.4588309,7.1264,Gaussian,QC,"opt+freq: b3lyp/6-311G** em=gd3bj
energy: M062X/6-311G+(2d, p) em=gd3"
3312,c-c113+c-b16+c-b44,CC(C)CC[N+]1(CCCC#N)CCCCC1,piperidinium,-658.9007635,0.340878,0.406048,573.885808,-0.44687,-0.11726,4.6789,-658.5598855000001,-658.4947155,8.965391999999998,Gaussian,QC,"opt+freq: b3lyp/6-311G** em=gd3bj
energy: M062X/6-311G+(2d, p) em=gd3"
3313,c-c113+c-b30+c-b61,CCCCCCCC[N+]1(CCCC)CCCCC1,piperidinium,-723.883345,0.449733,0.521809,634.700248,-0.4042,-0.10364,7.065,-723.4336119999999,-723.361536,8.175232,Gaussian,QC,"opt+freq: b3lyp/6-311G** em=gd3bj
energy: M062X/6-311G+(2d, p) em=gd3"
3314,c-c113+c-b51+c-b86,Clc1ccc([N+]2(C3CCCCC3)CCCCC2)c(Cl)c1,piperidinium,-1637.0632059,0.327569,0.393037,576.504992,-0.38725,-0.17476,5.4062,-1636.7356369,-1636.6701689,5.779728,Gaussian,QC,"opt+freq: b3lyp/6-311G** em=gd3bj
energy: M062X/6-311G+(2d, p) em=gd3"
3315,c-c113+c-b27+c-b36,CC(C#N)[N+]1(c2ccccc2)CCCCC1,piperidinium,-654.077093,0.257892,0.314599,499.356216,-0.40388,-0.17134,4.5128,-653.819201,-653.762494,6.325088000000001,Gaussian,QC,"opt+freq: b3lyp/6-311G** em=gd3bj
energy: M062X/6-311G+(2d, p) em=gd3"
3316,c-c113+c-b44+c-b81,CCC[N+]1(CCC(C)C)CCCCC1,piperidinium,-566.670643,0.34585,0.405247,523.054392,-0.44812,-0.10542,2.2751,-566.324793,-566.265396,9.321439999999999,Gaussian,QC,"opt+freq: b3lyp/6-311G** em=gd3bj
energy: M062X/6-311G+(2d, p) em=gd3"
3317,c-c113+c-b19+c-b47,CC(C)(C)[N+]1(CCCF)CCCCC1,piperidinium,-626.5971611,0.313321,0.369868,497.95876,-0.46318,-0.10601,2.9708,-626.2838401,-626.2272931,9.715024,Gaussian,QC,"opt+freq: b3lyp/6-311G** em=gd3bj
energy: M062X/6-311G+(2d, p) em=gd3"
3318,c-c113+c-b4+c-b78,CCCCC[N+]1(CCO)CCCCC1,piperidinium,-602.5823141,0.321669,0.382742,537.81136,-0.42646,-0.10659,4.2599,-602.2606450999999,-602.1995721,8.700464,Gaussian,QC,"opt+freq: b3lyp/6-311G** em=gd3bj
energy: M062X/6-311G+(2d, p) em=gd3"
3319,c-c113+c-b28+c-b40,C=CCC[N+]1(N(C)C)CCCCC1,piperidinium,-542.1229507,0.284778,0.340966,494.783104,-0.38807,-0.12237,1.5426,-541.8381727000001,-541.7819847000001,7.227040000000001,Gaussian,QC,"opt+freq: b3lyp/6-311G** em=gd3bj
energy: M062X/6-311G+(2d, p) em=gd3"
3320,c-c113+c-b28+c-b45,C=CCC[N+]1(C(=O)O)CCCCC1,piperidinium,-596.7798509,0.229072,0.283095,475.724984,-0.39996,-0.17918,1.943,-596.5507789000001,-596.4967559,6.005215999999999,Gaussian,QC,"opt+freq: b3lyp/6-311G** em=gd3bj
energy: M062X/6-311G+(2d, p) em=gd3"
3321,c-c113+c-b65+c-b72,CCC#CC[N+]1(CC(C)CC)CCCCC1,piperidinium,-642.8175144,0.346776,0.41643,613.3660320000001,-0.39395,-0.12298,0.6049,-642.4707384000001,-642.4010844000001,7.370384000000001,Gaussian,QC,"opt+freq: b3lyp/6-311G** em=gd3bj
energy: M062X/6-311G+(2d, p) em=gd3"
3322,c-c113+c-b60+c-b67,C=CC[N+]1(c2ccc(C)c(F)c2)CCCCC1,piperidinium,-738.4865129,0.279843,0.341283,541.037224,-0.38372,-0.16259,4.6639,-738.2066699,-738.1452299,6.014736,Gaussian,QC,"opt+freq: b3lyp/6-311G** em=gd3bj
energy: M062X/6-311G+(2d, p) em=gd3"
3323,c-c89+c-b81,CCC[N+]1(C)CCCCC1,piperidinium,-409.4496924,0.24219,0.289775,419.031784,-0.47308,-0.12123,1.1597,-409.2075024,-409.1599174,9.570319999999999,Gaussian,QC,"opt+freq: b3lyp/6-311G** em=gd3bj
energy: M062X/6-311G+(2d, p) em=gd3"
3324,c-c113+c-b10+c-b30,CCCC[N+]1(CC)CCCCC1,piperidinium,-488.0628235,0.294116,0.347687,471.746,-0.45803,-0.11136,1.5833,-487.7687075,-487.7151365,9.429424,Gaussian,QC,"opt+freq: b3lyp/6-311G** em=gd3bj
energy: M062X/6-311G+(2d, p) em=gd3"
3325,c-c113+c-b16+c-b21,CCCCCCCCC[N+]1(CCCC#N)CCCCC1,piperidinium,-816.1206709,0.445227,0.522648,681.774432,-0.39361,-0.11674,10.4304,-815.6754439,-815.5980229,7.530864,Gaussian,QC,"opt+freq: b3lyp/6-311G** em=gd3bj
energy: M062X/6-311G+(2d, p) em=gd3"
3326,c-c89+c-b29,CC(C)[N+]1(C)CCCCC1,piperidinium,-409.4530184,0.240053,0.289278,433.470768,-0.47765,-0.11694,0.8582,-409.2129654,-409.1637404,9.811312000000001,Gaussian,QC,"opt+freq: b3lyp/6-311G** em=gd3bj
energy: M062X/6-311G+(2d, p) em=gd3"
3327,c-c113+c-b4+c-b56,CCCCCCC[N+]1(CCO)CCCCC1,piperidinium,-681.1903463,0.374646,0.440629,581.0404480000001,-0.41123,-0.10641,6.5662,-680.8157003,-680.7497173,8.291103999999999,Gaussian,QC,"opt+freq: b3lyp/6-311G** em=gd3bj
energy: M062X/6-311G+(2d, p) em=gd3"
3328,c-c113+c-b41+c-b51,CC1(C)OCC([N+]2(C3CCCCC3)CCCCC2)O1,piperidinium,-832.6229417,0.394567,0.458662,564.417416,-0.4059,-0.10094,0.942,-832.2283746999999,-832.1642797,8.294912,Gaussian,QC,"opt+freq: b3lyp/6-311G** em=gd3bj
energy: M062X/6-311G+(2d, p) em=gd3"
3329,c-c113+c-b27+c-b53,CC(C#N)[N+]1(c2cccnc2)CCCCC1,piperidinium,-670.1102095,0.246255,0.30281,498.025704,-0.4079,-0.1918,2.7004,-669.8639545,-669.8073995,5.87792,Gaussian,QC,"opt+freq: b3lyp/6-311G** em=gd3bj
energy: M062X/6-311G+(2d, p) em=gd3"
3330,c-c113+c-b13+c-b37,CC(O)C[N+]1(CCC#N)CCCCC1,piperidinium,-616.1992186,0.267505,0.324796,504.502536,-0.41242,-0.12966,5.2646,-615.9317136,-615.8744226,7.691072,Gaussian,QC,"opt+freq: b3lyp/6-311G** em=gd3bj
energy: M062X/6-311G+(2d, p) em=gd3"
3331,c-c113+c-b23+c-b48,Cc1cccc([N+]2(c3cccc(Cl)c3)CCCCC2)c1,piperidinium,-1213.1677661,0.292894,0.359712,588.391736,-0.37654,-0.16242,5.0031,-1212.8748721,-1212.8080541,5.824063999999999,Gaussian,QC,"opt+freq: b3lyp/6-311G** em=gd3bj
energy: M062X/6-311G+(2d, p) em=gd3"
3332,c-c90+c-b23,Clc1cccc([N+]23CCC(CC2)CC3)c1,piperidinium,-1020.2512369,0.232495,0.285255,464.603912,-0.38469,-0.16879,5.7103,-1020.0187419,-1019.9659819,5.872479999999999,Gaussian,QC,"opt+freq: b3lyp/6-311G** em=gd3bj
energy: M062X/6-311G+(2d, p) em=gd3"
3333,c-c113+c-b56+c-b65,CCC#CC[N+]1(CCCCCCC)CCCCC1,piperidinium,-721.426115,0.399917,0.474895,660.251936,-0.39361,-0.1223,4.5651,-721.026198,-720.95122,7.379632,Gaussian,QC,"opt+freq: b3lyp/6-311G** em=gd3bj
energy: M062X/6-311G+(2d, p) em=gd3"
3334,c-c113+c-b6+c-b81,CCC[N+]1(CCN)CCCCC1,piperidinium,-504.1034376,0.284012,0.337353,469.71676,-0.3885,-0.10548,1.829,-503.8194256,-503.7660846,7.698143999999999,Gaussian,QC,"opt+freq: b3lyp/6-311G** em=gd3bj
energy: M062X/6-311G+(2d, p) em=gd3"
3335,c-c113+c-b37+c-b44,CC(C)CC[N+]1(CC(C)O)CCCCC1,piperidinium,-641.9036282,0.347141,0.410518,558.10376,-0.42163,-0.1051,2.0067,-641.5564872,-641.4931101999999,8.609615999999999,Gaussian,QC,"opt+freq: b3lyp/6-311G** em=gd3bj
energy: M062X/6-311G+(2d, p) em=gd3"
3336,c-c113+c-b21+c-b38,C#CC[N+]1(CCCCCCCCC)CCCCC1,piperidinium,-721.4119469,0.402964,0.474598,630.809128,-0.39594,-0.1371,8.857,-721.0089829,-720.9373489,7.040448,Gaussian,QC,"opt+freq: b3lyp/6-311G** em=gd3bj
energy: M062X/6-311G+(2d, p) em=gd3"
3337,c-c113+c-b56+c-b71,CCCCCCC[N+]1(CCCCCC)CCCCC1,piperidinium,-763.1856624,0.474216,0.550701,673.523584,-0.4131,-0.10781,5.5416,-762.7114464,-762.6349614,8.303888,Gaussian,QC,"opt+freq: b3lyp/6-311G** em=gd3bj
energy: M062X/6-311G+(2d, p) em=gd3"
3338,c-c113+c-b18+c-b20,CCC(=O)[N+]1(c2ccc(Cl)c(Cl)c2)CCCCC1,piperidinium,-1594.3726828,0.243501,0.30847,572.111792,-0.38556,-0.20667,6.2946,-1594.1291818,-1594.0642128,4.865808,Gaussian,QC,"opt+freq: b3lyp/6-311G** em=gd3bj
energy: M062X/6-311G+(2d, p) em=gd3"
3339,c-c113+c-b37+c-b47,CC(O)C[N+]1(C(C)(C)C)CCCCC1,piperidinium,-602.5727208,0.323919,0.381255,504.9000160000001,-0.40946,-0.10381,1.1454,-602.2488017999999,-602.1914658,8.31368,Gaussian,QC,"opt+freq: b3lyp/6-311G** em=gd3bj
energy: M062X/6-311G+(2d, p) em=gd3"
3340,c-c113+c-b61+c-b65,CCC#CC[N+]1(CCCCCCCC)CCCCC1,piperidinium,-760.7308026,0.424938,0.503865,695.02516,-0.39331,-0.122,5.9398,-760.3058646,-760.2269375999999,7.379632,Gaussian,QC,"opt+freq: b3lyp/6-311G** em=gd3bj
energy: M062X/6-311G+(2d, p) em=gd3"
3341,c-c113+c-b12+c-b56,CCCCCCC[N+]1(C(=O)C(C)(C)C)CCCCC1,piperidinium,-797.8967148,0.428702,0.501828,643.942704,-0.41139,-0.19529,5.8543,-797.4680128,-797.3948868,5.87792,Gaussian,QC,"opt+freq: b3lyp/6-311G** em=gd3bj
energy: M062X/6-311G+(2d, p) em=gd3"
3342,c-c113+c-b6+c-b86,NCC[N+]1(c2ccc(Cl)cc2Cl)CCCCC1,piperidinium,-1536.3812196,0.254227,0.316444,547.886432,-0.36885,-0.17827,5.3352,-1536.1269926,-1536.0647756,5.183776,Gaussian,QC,"opt+freq: b3lyp/6-311G** em=gd3bj
energy: M062X/6-311G+(2d, p) em=gd3"
3343,c-c113+c-b39+c-b47,COC[N+]1(C(C)(C)C)CCCCC1,piperidinium,-563.2609438,0.297401,0.352256,483.055352,-0.42286,-0.10908,1.6813,-562.9635427999999,-562.9086877999999,8.534816,Gaussian,QC,"opt+freq: b3lyp/6-311G** em=gd3bj
energy: M062X/6-311G+(2d, p) em=gd3"
3344,c-c113+c-b9+c-b61,CCCCCCCC[N+]1(C(C)F)CCCCC1,piperidinium,-744.5196085,0.388211,0.456593,602.1780160000001,-0.40099,-0.11277,8.603,-744.1313975,-744.0630155,7.839584,Gaussian,QC,"opt+freq: b3lyp/6-311G** em=gd3bj
energy: M062X/6-311G+(2d, p) em=gd3"
3345,c-c113+c-b17+c-b38,C#CC[N+]1(C(=O)CCCCCCCCC)CCCCC1,piperidinium,-834.7345284,0.406739,0.484283,682.845536,-0.39161,-0.19614,9.5306,-834.3277894,-834.2502454,5.316784,Gaussian,QC,"opt+freq: b3lyp/6-311G** em=gd3bj
energy: M062X/6-311G+(2d, p) em=gd3"
3346,c-c89+c-b3,C[N+]1(C2CCCC2)CCCCC1,piperidinium,-486.8533693,0.275952,0.326435,444.554184,-0.45156,-0.11698,2.8491,-486.5774173,-486.5269343,9.100576,Gaussian,QC,"opt+freq: b3lyp/6-311G** em=gd3bj
energy: M062X/6-311G+(2d, p) em=gd3"
3347,c-c89+c-b9,CC(F)[N+]1(C)CCCCC1,piperidinium,-469.3882331,0.207295,0.253621,407.9441840000001,-0.48692,-0.12137,1.7187,-469.1809381,-469.1346121,9.942960000000001,Gaussian,QC,"opt+freq: b3lyp/6-311G** em=gd3bj
energy: M062X/6-311G+(2d, p) em=gd3"
3348,c-c113+c-b8+c-b58,CC#CC[N+]1(CC(=O)O)CCCCC1,piperidinium,-634.8528187,0.230487,0.289096,516.108952,-0.4035,-0.16281,3.1065,-634.6223316999999,-634.5637227,6.546768,Gaussian,QC,"opt+freq: b3lyp/6-311G** em=gd3bj
energy: M062X/6-311G+(2d, p) em=gd3"
3349,c-c113+c-b36+c-b77,FC(F)(F)C[N+]1(c2ccccc2)CCCCC1,piperidinium,-859.5889486,0.236328,0.29421,509.711616,-0.40433,-0.16604,4.8273,-859.3526206,-859.2947386,6.481488000000001,Gaussian,QC,"opt+freq: b3lyp/6-311G** em=gd3bj
energy: M062X/6-311G+(2d, p) em=gd3"
3350,c-c113+c-b21+c-b40,CCCCCCCCC[N+]1(N(C)C)CCCCC1,piperidinium,-739.8772547,0.436544,0.509249,640.2356800000001,-0.39144,-0.10358,9.1658,-739.4407107,-739.3680057,7.829792,Gaussian,QC,"opt+freq: b3lyp/6-311G** em=gd3bj
energy: M062X/6-311G+(2d, p) em=gd3"
3351,c-c113+c-b18+c-b77,CCC(=O)[N+]1(CC(F)(F)F)CCCCC1,piperidinium,-820.5100171,0.220362,0.278937,515.80352,-0.46482,-0.20874,5.8591,-820.2896551,-820.2310801,6.965375999999999,Gaussian,QC,"opt+freq: b3lyp/6-311G** em=gd3bj
energy: M062X/6-311G+(2d, p) em=gd3"
3352,c-c113+c-b9+c-b69,CCCCCCCCCC[N+]1(C(C)F)CCCCC1,piperidinium,-823.1256833,0.439314,0.514603,662.9924560000001,-0.38353,-0.10971,12.1637,-822.6863693,-822.6110803,7.447903999999999,Gaussian,QC,"opt+freq: b3lyp/6-311G** em=gd3bj
energy: M062X/6-311G+(2d, p) em=gd3"
3353,c-c113+c-b77+c-b78,CCCCC[N+]1(CC(F)(F)F)CCCCC1,piperidinium,-825.0972041,0.294093,0.35615,546.468056,-0.44659,-0.12504,5.1417,-824.8031111,-824.7410541,8.74616,Gaussian,QC,"opt+freq: b3lyp/6-311G** em=gd3bj
energy: M062X/6-311G+(2d, p) em=gd3"
3354,c-c113+c-b4+c-b63,OCC[N+]1(c2ccc3ccccc3c2)CCCCC1,piperidinium,-790.7002286,0.306811,0.368681,544.827928,-0.34261,-0.17359,3.4609,-790.3934175999999,-790.3315475999999,4.597344000000001,Gaussian,QC,"opt+freq: b3lyp/6-311G** em=gd3bj
energy: M062X/6-311G+(2d, p) em=gd3"
3355,c-c113+c-b23+c-b47,CC(C)(C)[N+]1(c2cccc(Cl)c2)CCCCC1,piperidinium,-1100.0369479,0.301927,0.363702,543.986944,-0.37991,-0.16782,5.0373,-1099.7350209,-1099.6732459,5.768848,Gaussian,QC,"opt+freq: b3lyp/6-311G** em=gd3bj
energy: M062X/6-311G+(2d, p) em=gd3"
3356,c-c89+c-b32,C[N+]1(CCC(F)(F)C(F)(F)C(F)F)CCCCC1,piperidinium,-1083.5280501,0.241855,0.306534,569.563736,-0.45746,-0.1203,9.7982,-1083.2861951,-1083.2215161,9.170751999999998,Gaussian,QC,"opt+freq: b3lyp/6-311G** em=gd3bj
energy: M062X/6-311G+(2d, p) em=gd3"
3357,c-c113+c-b38+c-b75,C#CC[N+]1(c2c(Cl)cccc2Cl)CCCCC1,piperidinium,-1517.8524488,0.219387,0.280193,535.455768,-0.39454,-0.19749,1.8393,-1517.6330618,-1517.5722558,5.35976,Gaussian,QC,"opt+freq: b3lyp/6-311G** em=gd3bj
energy: M062X/6-311G+(2d, p) em=gd3"
3358,c-c113+c-b45+c-b46,Cc1ccc([N+]2(C(=O)O)CCCCC2)cc1,piperidinium,-711.1150685,0.24275,0.301734,519.4059440000001,-0.38974,-0.18068,2.249,-710.8723185,-710.8133345,5.686431999999999,Gaussian,QC,"opt+freq: b3lyp/6-311G** em=gd3bj
energy: M062X/6-311G+(2d, p) em=gd3"
3359,c-c113+c-b40+c-b58,CN(C)[N+]1(CC(=O)O)CCCCC1,piperidinium,-614.0047206,0.241242,0.294831,471.909176,-0.4103,-0.15737,3.2257,-613.7634786,-613.7098896,6.879695999999999,Gaussian,QC,"opt+freq: b3lyp/6-311G** em=gd3bj
energy: M062X/6-311G+(2d, p) em=gd3"
3360,c-c113+c-b18+c-b30,CCCC[N+]1(C(=O)CC)CCCCC1,piperidinium,-601.374748,0.297504,0.357479,528.129584,-0.4501,-0.19642,3.4265,-601.077244,-601.0172689999999,6.900096,Gaussian,QC,"opt+freq: b3lyp/6-311G** em=gd3bj
energy: M062X/6-311G+(2d, p) em=gd3"
3361,c-c113+c-b41+c-b47,CC1(C)OCC([N+]2(C(C)(C)C)CCCCC2)O1,piperidinium,-755.2072489,0.358486,0.420824,548.953352,-0.40657,-0.10286,2.6975,-754.8487629,-754.7864248999999,8.260912,Gaussian,QC,"opt+freq: b3lyp/6-311G** em=gd3bj
energy: M062X/6-311G+(2d, p) em=gd3"
3362,c-c113+c-b21+c-b30,CCCCCCCCC[N+]1(CCCC)CCCCC1,piperidinium,-763.1858432,0.474586,0.550651,669.829112,-0.39375,-0.10829,8.5541,-762.7112572,-762.6351922,7.764512,Gaussian,QC,"opt+freq: b3lyp/6-311G** em=gd3bj
energy: M062X/6-311G+(2d, p) em=gd3"
3363,c-c113+c-b19+c-b81,CCC[N+]1(CCCF)CCCCC1,piperidinium,-587.2977765,0.287436,0.34194,479.959192,-0.46934,-0.11044,2.9174,-587.0103405000001,-586.9558365,9.76208,Gaussian,QC,"opt+freq: b3lyp/6-311G** em=gd3bj
energy: M062X/6-311G+(2d, p) em=gd3"
3364,c-c113+c-b80+c-b86,CC(C)[N+]1(c2ccc(Cl)cc2Cl)CCCCC1,piperidinium,-1520.3433706,0.264932,0.327046,546.978504,-0.39023,-0.17552,6.4526,-1520.0784386,-1520.0163246,5.840112,Gaussian,QC,"opt+freq: b3lyp/6-311G** em=gd3bj
energy: M062X/6-311G+(2d, p) em=gd3"
3365,c-c113+c-b17+c-b40,CCCCCCCCCC(=O)[N+]1(N(C)C)CCCCC1,piperidinium,-853.2058906,0.441461,0.519344,685.8287280000001,-0.38863,-0.18952,9.8126,-852.7644296,-852.6865465999999,5.415792,Gaussian,QC,"opt+freq: b3lyp/6-311G** em=gd3bj
energy: M062X/6-311G+(2d, p) em=gd3"
3366,c-c113+c-b29+c-b45,CC(C)[N+]1(C(=O)O)CCCCC1,piperidinium,-558.7095622,0.22574,0.27692,450.687928,-0.47621,-0.1813,1.6443,-558.4838222000001,-558.4326422,8.021552,Gaussian,QC,"opt+freq: b3lyp/6-311G** em=gd3bj
energy: M062X/6-311G+(2d, p) em=gd3"
3367,c-c113+c-b6+c-b45,NCC[N+]1(C(=O)O)CCCCC1,piperidinium,-574.7392214,0.214637,0.266661,458.122896,-0.37252,-0.18503,2.8732,-574.5245844,-574.4725604,5.099728000000001,Gaussian,QC,"opt+freq: b3lyp/6-311G** em=gd3bj
energy: M062X/6-311G+(2d, p) em=gd3"
3368,c-c89+c-b30,CCCC[N+]1(C)CCCCC1,piperidinium,-448.7544785,0.267751,0.318729,448.909728,-0.46238,-0.1196,1.4181,-448.4867275,-448.4357495,9.323616000000001,Gaussian,QC,"opt+freq: b3lyp/6-311G** em=gd3bj
energy: M062X/6-311G+(2d, p) em=gd3"
3369,c-c113+c-b9+c-b13,CC(F)[N+]1(CCC#N)CCCCC1,piperidinium,-600.918054,0.229944,0.283173,468.729336,-0.45912,-0.13154,6.4432,-600.6881099999999,-600.634881,8.910176,Gaussian,QC,"opt+freq: b3lyp/6-311G** em=gd3bj
energy: M062X/6-311G+(2d, p) em=gd3"
3370,c-c113+c-b13+c-b83,CCCCCC[N+]1(CCC#N)CCCCC1,piperidinium,-658.8960229,0.340574,0.406383,579.513288,-0.42612,-0.12719,7.5667,-658.5554489000001,-658.4896399,8.130896,Gaussian,QC,"opt+freq: b3lyp/6-311G** em=gd3bj
energy: M062X/6-311G+(2d, p) em=gd3"
3371,c-c89+c-b58,C[N+]1(CC(=O)O)CCCCC1,piperidinium,-519.4076593,0.200936,0.249173,424.776416,-0.44594,-0.16171,2.4151,-519.2067233,-519.1584862999999,7.731056,Gaussian,QC,"opt+freq: b3lyp/6-311G** em=gd3bj
energy: M062X/6-311G+(2d, p) em=gd3"
3372,c-c90+c-b63,c1ccc2cc([N+]34CCC(CC3)CC4)ccc2c1,piperidinium,-714.2777101,0.285476,0.34126,491.235072,-0.34314,-0.1742,4.8441,-713.9922341,-713.9364501,4.595168,Gaussian,QC,"opt+freq: b3lyp/6-311G** em=gd3bj
energy: M062X/6-311G+(2d, p) em=gd3"
3373,c-c113+c-b9+c-b39,COC[N+]1(C(C)F)CCCCC1,piperidinium,-583.8961312,0.235779,0.288003,459.880176,-0.43827,-0.11607,2.7533,-583.6603522,-583.6081282,8.76384,Gaussian,QC,"opt+freq: b3lyp/6-311G** em=gd3bj
energy: M062X/6-311G+(2d, p) em=gd3"
3374,c-c89+c-b70,C[N+]1(CCCS(=O)(=O)O)CCCCC1,piperidinium,-1033.2708545,0.250805,0.308804,510.7366960000001,-0.43432,-0.12286,9.0332,-1033.0200495,-1032.9620505,8.471711999999998,Gaussian,QC,"opt+freq: b3lyp/6-311G** em=gd3bj
energy: M062X/6-311G+(2d, p) em=gd3"
3375,c-c113+c-b36+c-b48,Cc1cccc([N+]2(c3ccccc3)CCCCC2)c1,piperidinium,-753.5576837,0.299459,0.36589,584.9943280000001,-0.36696,-0.23396,3.8544,-753.2582247,-753.1917937,3.6176,Gaussian,QC,"opt+freq: b3lyp/6-311G** em=gd3bj
energy: M062X/6-311G+(2d, p) em=gd3"
3376,c-c113+c-b4+c-b60,C=CC[N+]1(CCO)CCCCC1,piperidinium,-522.7476765,0.249432,0.301436,457.947168,-0.4149,-0.15185,1.4354,-522.4982445,-522.4462405,7.15496,Gaussian,QC,"opt+freq: b3lyp/6-311G** em=gd3bj
energy: M062X/6-311G+(2d, p) em=gd3"
3377,c-c90+c-b86,Clc1ccc([N+]23CCC(CC2)CC3)c(Cl)c1,piperidinium,-1479.7449432,0.218771,0.273386,480.934064,-0.37153,-0.31107,2.2623,-1479.5261722,-1479.4715572,1.644512,Gaussian,QC,"opt+freq: b3lyp/6-311G** em=gd3bj
energy: M062X/6-311G+(2d, p) em=gd3"
3378,c-c113+c-b38+c-b80,C#CC[N+]1(C(C)C)CCCCC1,piperidinium,-485.5840529,0.24863,0.300292,454.934688,-0.42555,-0.14079,0.7372,-485.3354229,-485.2837609,7.745472,Gaussian,QC,"opt+freq: b3lyp/6-311G** em=gd3bj
energy: M062X/6-311G+(2d, p) em=gd3"
3379,c-c113+c-b58+c-b83,CCCCCC[N+]1(CC(=O)O)CCCCC1,piperidinium,-715.9247832,0.329853,0.394233,566.927816,-0.42977,-0.16248,4.7404,-715.5949302,-715.5305502,7.270287999999999,Gaussian,QC,"opt+freq: b3lyp/6-311G** em=gd3bj
energy: M062X/6-311G+(2d, p) em=gd3"
3380,c-c90+c-b4,OCC[N+]12CCC(CC1)CC2,piperidinium,-483.4711886,0.228139,0.274549,408.6805680000001,-0.43228,-0.12228,2.2849,-483.2430496,-483.1966396,8.432,Gaussian,QC,"opt+freq: b3lyp/6-311G** em=gd3bj
energy: M062X/6-311G+(2d, p) em=gd3"
3381,c-c113+c-b48+c-b79,Cc1cccc([N+]2(CCCO)CCCCC2)c1,piperidinium,-715.6945105,0.315488,0.378082,551.2001600000001,-0.37964,-0.15358,2.0628,-715.3790225,-715.3164285,6.148832,Gaussian,QC,"opt+freq: b3lyp/6-311G** em=gd3bj
energy: M062X/6-311G+(2d, p) em=gd3"
3382,c-c113+c-b75+c-b80,CC(C)[N+]1(c2c(Cl)cccc2Cl)CCCCC1,piperidinium,-1520.3338287,0.265739,0.326828,537.949432,-0.39145,-0.19123,1.9432,-1520.0680897,-1520.0070007,5.445984,Gaussian,QC,"opt+freq: b3lyp/6-311G** em=gd3bj
energy: M062X/6-311G+(2d, p) em=gd3"
3383,c-c113+c-b23+c-b65,CCC#CC[N+]1(c2cccc(Cl)c2)CCCCC1,piperidinium,-1136.8927692,0.280222,0.34694,587.513096,-0.38179,-0.16797,4.0382,-1136.6125472,-1136.5458292,5.815904,Gaussian,QC,"opt+freq: b3lyp/6-311G** em=gd3bj
energy: M062X/6-311G+(2d, p) em=gd3"
3384,c-c89+c-b55,C[N+]1(c2cscn2)CCCCC1,piperidinium,-859.3723778,0.19265,0.24126,428.052488,-0.41292,-0.18319,2.3965,-859.1797278,-859.1311178,6.248656,Gaussian,QC,"opt+freq: b3lyp/6-311G** em=gd3bj
energy: M062X/6-311G+(2d, p) em=gd3"
3385,c-c113+c-b47+c-b48,Cc1cccc([N+]2(C(C)(C)C)CCCCC2)c1,piperidinium,-679.7773109,0.33739,0.399793,549.518192,-0.37906,-0.15525,2.2282,-679.4399209,-679.3775178999999,6.087632,Gaussian,QC,"opt+freq: b3lyp/6-311G** em=gd3bj
energy: M062X/6-311G+(2d, p) em=gd3"
3386,c-c113+c-b13+c-b18,CCC(=O)[N+]1(CCC#N)CCCCC1,piperidinium,-614.9992283,0.242659,0.300378,508.27232,-0.45652,-0.20772,6.2321,-614.7565693,-614.6988503,6.76736,Gaussian,QC,"opt+freq: b3lyp/6-311G** em=gd3bj
energy: M062X/6-311G+(2d, p) em=gd3"
3387,c-c113+c-b38+c-b44,C#CC[N+]1(CCC(C)C)CCCCC1,piperidinium,-564.1953092,0.29979,0.358036,512.912376,-0.42431,-0.13917,2.5383,-563.8955192,-563.8372732,7.755808000000002,Gaussian,QC,"opt+freq: b3lyp/6-311G** em=gd3bj
energy: M062X/6-311G+(2d, p) em=gd3"
3388,c-c113+c-b27+c-b72,CCC(C)C[N+]1(C(C)C#N)CCCCC1,piperidinium,-619.5868408,0.315201,0.376155,536.7569920000001,-0.44566,-0.14745,6.1067,-619.2716398,-619.2106858,8.111312,Gaussian,QC,"opt+freq: b3lyp/6-311G** em=gd3bj
energy: M062X/6-311G+(2d, p) em=gd3"
3389,c-c113+c-b50+c-b81,C=Cc1ccc([N+]2(CCC)CCCCC2)cc1,piperidinium,-678.550329,0.315576,0.377693,546.999424,-0.35402,-0.17215,3.9572,-678.2347530000001,-678.172636,4.946864,Gaussian,QC,"opt+freq: b3lyp/6-311G** em=gd3bj
energy: M062X/6-311G+(2d, p) em=gd3"
3390,c-c113+c-b27+c-b78,CCCCC[N+]1(C(C)C#N)CCCCC1,piperidinium,-619.5869276,0.315113,0.376735,542.639696,-0.44292,-0.14896,5.7971,-619.2718146,-619.2101925999999,7.995712,Gaussian,QC,"opt+freq: b3lyp/6-311G** em=gd3bj
energy: M062X/6-311G+(2d, p) em=gd3"
3391,c-c113+c-b13+c-b30,CCCC[N+]1(CCC#N)CCCCC1,piperidinium,-580.2878597,0.291362,0.34851,503.238968,-0.46002,-0.12981,5.1522,-579.9964977,-579.9393497,8.981712,Gaussian,QC,"opt+freq: b3lyp/6-311G** em=gd3bj
energy: M062X/6-311G+(2d, p) em=gd3"
3392,c-c113+c-b40+c-b61,CCCCCCCC[N+]1(N(C)C)CCCCC1,piperidinium,-700.5695714,0.411444,0.480387,607.1151360000001,-0.39019,-0.1126,8.1703,-700.1581274,-700.0891844,7.550448,Gaussian,QC,"opt+freq: b3lyp/6-311G** em=gd3bj
energy: M062X/6-311G+(2d, p) em=gd3"
3393,c-c113+c-b16+c-b58,N#CCCC[N+]1(CC(=O)O)CCCCC1,piperidinium,-690.2508516,0.249154,0.308037,518.518936,-0.44665,-0.16479,5.5901,-690.0016976,-689.9428146,7.666592,Gaussian,QC,"opt+freq: b3lyp/6-311G** em=gd3bj
energy: M062X/6-311G+(2d, p) em=gd3"
3394,c-c113+c-b11+c-b60,C=CC[N+]1(C(F)(F)F)CCCCC1,piperidinium,-705.9492549,0.193092,0.244987,456.984848,-0.42869,-0.1662,3.5056,-705.7561629,-705.7042679,7.139728,Gaussian,QC,"opt+freq: b3lyp/6-311G** em=gd3bj
energy: M062X/6-311G+(2d, p) em=gd3"
3395,c-c113+c-b73+c-b78,CCCCC[N+]1(CC(C)C)CCCCC1,piperidinium,-605.9752321,0.37176,0.434427,551.844496,-0.44233,-0.10374,1.619,-605.6034721,-605.5408051,9.209648,Gaussian,QC,"opt+freq: b3lyp/6-311G** em=gd3bj
energy: M062X/6-311G+(2d, p) em=gd3"
3396,c-c113+c-b47+c-b75,CC(C)(C)[N+]1(c2c(Cl)cccc2Cl)CCCCC1,piperidinium,-1559.6331553,0.292735,0.355274,550.710632,-0.38865,-0.18088,1.8602,-1559.3404203,-1559.2778813,5.651343999999999,Gaussian,QC,"opt+freq: b3lyp/6-311G** em=gd3bj
energy: M062X/6-311G+(2d, p) em=gd3"
3397,c-c113+c-b39+c-b86,COC[N+]1(c2ccc(Cl)cc2Cl)CCCCC1,piperidinium,-1556.25029,0.241453,0.304046,551.191792,-0.39309,-0.17963,5.0609,-1556.008837,-1555.946244,5.806112,Gaussian,QC,"opt+freq: b3lyp/6-311G** em=gd3bj
energy: M062X/6-311G+(2d, p) em=gd3"
3398,c-c89+c-b75,C[N+]1(c2c(Cl)cccc2Cl)CCCCC1,piperidinium,-1441.7154246,0.213344,0.269522,494.703608,-0.39464,-0.18301,2.1501,-1441.5020806,-1441.4459026,5.756335999999999,Gaussian,QC,"opt+freq: b3lyp/6-311G** em=gd3bj
energy: M062X/6-311G+(2d, p) em=gd3"
3399,c-c113+c-b30+c-b45,CCCC[N+]1(C(=O)O)CCCCC1,piperidinium,-597.9822377,0.249372,0.305806,496.9546,-0.43818,-0.20573,3.2767,-597.7328657,-597.6764317000001,6.322640000000001,Gaussian,QC,"opt+freq: b3lyp/6-311G** em=gd3bj
energy: M062X/6-311G+(2d, p) em=gd3"
3400,c-c90+c-b38,C#CC[N+]12CCC(CC1)CC2,piperidinium,-445.0776587,0.204215,0.250274,405.588592,-0.43059,-0.1482,0.9104,-444.8734437,-444.8273847,7.681007999999999,Gaussian,QC,"opt+freq: b3lyp/6-311G** em=gd3bj
energy: M062X/6-311G+(2d, p) em=gd3"
3401,c-c113+c-b38+c-b61,C#CC[N+]1(CCCCCCCC)CCCCC1,piperidinium,-682.1034668,0.376756,0.445493,605.29928,-0.40196,-0.14011,7.9744,-681.7267108,-681.6579737999999,7.122319999999999,Gaussian,QC,"opt+freq: b3lyp/6-311G** em=gd3bj
energy: M062X/6-311G+(2d, p) em=gd3"
3402,c-c113+c-b4+c-b35,CCC(C)[N+]1(CCO)CCCCC1,piperidinium,-563.2726915,0.296808,0.353469,498.958736,-0.42388,-0.10435,1.9656,-562.9758834999999,-562.9192224999999,8.691215999999999,Gaussian,QC,"opt+freq: b3lyp/6-311G** em=gd3bj
energy: M062X/6-311G+(2d, p) em=gd3"
3403,c-c113+c-b8+c-b13,CC#CC[N+]1(CCC#N)CCCCC1,piperidinium,-577.75093,0.248972,0.30104,458.512008,-0.37003,-0.12057,4.3689,-577.5019580000001,-577.4498900000001,6.785312,Gaussian,QC,"opt+freq: b3lyp/6-311G** em=gd3bj
energy: M062X/6-311G+(2d, p) em=gd3"
3404,c-c113+c-b20+c-b30,CCCC[N+]1(c2ccc(Cl)c(Cl)c2)CCCCC1,piperidinium,-1559.6536401,0.290476,0.356306,579.6932,-0.38142,-0.17376,8.6618,-1559.3631641,-1559.2973341,5.648351999999999,Gaussian,QC,"opt+freq: b3lyp/6-311G** em=gd3bj
energy: M062X/6-311G+(2d, p) em=gd3"
3405,c-c113+c-b9+c-b56,CCCCCCC[N+]1(C(C)F)CCCCC1,piperidinium,-705.214006,0.361959,0.427717,579.0656,-0.41664,-0.1086,5.2145,-704.8520470000001,-704.786289,8.378687999999999,Gaussian,QC,"opt+freq: b3lyp/6-311G** em=gd3bj
energy: M062X/6-311G+(2d, p) em=gd3"
3406,c-c113+c-b65+c-b77,CCC#CC[N+]1(CC(F)(F)F)CCCCC1,piperidinium,-822.6391514,0.244006,0.309365,575.5510400000001,-0.40499,-0.1418,3.867,-822.3951453999999,-822.3297864,7.158768000000001,Gaussian,QC,"opt+freq: b3lyp/6-311G** em=gd3bj
energy: M062X/6-311G+(2d, p) em=gd3"
3407,c-c113+c-b4+c-b18,CCC(=O)[N+]1(CCO)CCCCC1,piperidinium,-597.9963794,0.250341,0.305515,485.862816,-0.43369,-0.18622,3.4147,-597.7460384,-597.6908644,6.731184000000001,Gaussian,QC,"opt+freq: b3lyp/6-311G** em=gd3bj
energy: M062X/6-311G+(2d, p) em=gd3"
3408,c-c113+c-b37+c-b41,CC(O)C[N+]1(C2COC(C)(C)O2)CCCCC1,piperidinium,-791.1326009,0.334978,0.39824,557.082864,-0.4027,-0.10952,4.2411,-790.7976229000001,-790.7343609000001,7.974495999999999,Gaussian,QC,"opt+freq: b3lyp/6-311G** em=gd3bj
energy: M062X/6-311G+(2d, p) em=gd3"
3409,c-c113+c-b75+c-b78,CCCCC[N+]1(c2c(Cl)cccc2Cl)CCCCC1,piperidinium,-1598.9410862,0.317161,0.385179,598.9647040000001,-0.39096,-0.19109,2.2072,-1598.6239252,-1598.5559072,5.436463999999999,Gaussian,QC,"opt+freq: b3lyp/6-311G** em=gd3bj
energy: M062X/6-311G+(2d, p) em=gd3"
3410,c-c113+c-b28+c-b77,C=CCC[N+]1(CC(F)(F)F)CCCCC1,piperidinium,-784.5626538,0.24537,0.303725,513.870512,-0.39357,-0.13265,5.5984,-784.3172838,-784.2589288,7.097023999999999,Gaussian,QC,"opt+freq: b3lyp/6-311G** em=gd3bj
energy: M062X/6-311G+(2d, p) em=gd3"
3411,c-c89+c-b51,C[N+]1(C2CCCCC2)CCCCC1,piperidinium,-526.1593169,0.305429,0.35574,443.039576,-0.44362,-0.11611,3.5693,-525.8538879,-525.8035769,8.908272,Gaussian,QC,"opt+freq: b3lyp/6-311G** em=gd3bj
energy: M062X/6-311G+(2d, p) em=gd3"
3412,c-c113+c-b22+c-b43,N#CC[N+]1(c2ccc(Cl)cc2)CCCCC1,piperidinium,-1074.3668349,0.220035,0.277811,508.7702160000001,-0.39664,-0.18818,2.4212,-1074.1467999,-1074.0890239,5.670112,Gaussian,QC,"opt+freq: b3lyp/6-311G** em=gd3bj
energy: M062X/6-311G+(2d, p) em=gd3"
3413,c-c113+c-b31+c-b43,N#CC[N+]1(CCC(F)(F)F)CCCCC1,piperidinium,-799.4178209,0.213246,0.269806,498.06336,-0.4898,-0.16676,7.3271,-799.2045749,-799.1480149,8.786688,Gaussian,QC,"opt+freq: b3lyp/6-311G** em=gd3bj
energy: M062X/6-311G+(2d, p) em=gd3"
3414,c-c113+c-b4+c-b46,Cc1ccc([N+]2(CCO)CCCCC2)cc1,piperidinium,-676.3801492,0.288657,0.348855,530.1002480000001,-0.38704,-0.1575,3.5583,-676.0914922000001,-676.0312942,6.243487999999999,Gaussian,QC,"opt+freq: b3lyp/6-311G** em=gd3bj
energy: M062X/6-311G+(2d, p) em=gd3"
3415,c-c113+c-b28+c-b65,C=CCC[N+]1(CC#CCC)CCCCC1,piperidinium,-602.2813055,0.300602,0.364401,561.8066,-0.38569,-0.13065,3.304,-601.9807035,-601.9169045,6.937087999999999,Gaussian,QC,"opt+freq: b3lyp/6-311G** em=gd3bj
energy: M062X/6-311G+(2d, p) em=gd3"
3416,c-c89+c-b67,Cc1ccc([N+]2(C)CCCCC2)cc1F,piperidinium,-661.1024235,0.250354,0.306893,497.879264,-0.38695,-0.16443,5.5149,-660.8520695,-660.7955305,6.052544,Gaussian,QC,"opt+freq: b3lyp/6-311G** em=gd3bj
energy: M062X/6-311G+(2d, p) em=gd3"
3417,c-c113+c-b40+c-b44,CC(C)CC[N+]1(N(C)C)CCCCC1,piperidinium,-582.6592063,0.333673,0.392767,520.3766320000001,-0.39146,-0.10529,2.5465,-582.3255333000001,-582.2664393,7.783823999999999,Gaussian,QC,"opt+freq: b3lyp/6-311G** em=gd3bj
energy: M062X/6-311G+(2d, p) em=gd3"
3418,c-c113+c-b13+c-b47,CC(C)(C)[N+]1(CCC#N)CCCCC1,piperidinium,-580.2831177,0.291451,0.347342,492.168104,-0.46053,-0.12437,5.011,-579.9916667,-579.9357757,9.143552,Gaussian,QC,"opt+freq: b3lyp/6-311G** em=gd3bj
energy: M062X/6-311G+(2d, p) em=gd3"
3419,c-c89+c-b83,CCCCCC[N+]1(C)CCCCC1,piperidinium,-527.3643146,0.31902200000000003,0.376728,508.150984,-0.43079,-0.11768,4.4332,-527.0452925999999,-526.9875866,8.516592,Gaussian,QC,"opt+freq: b3lyp/6-311G** em=gd3bj
energy: M062X/6-311G+(2d, p) em=gd3"
3420,c-c113+c-b30+c-b63,CCCC[N+]1(c2ccc3ccccc3c2)CCCCC1,piperidinium,-794.0903985,0.355319,0.420623,575.0573280000001,-0.34263,-0.17335,4.5968,-793.7350795,-793.6697755,4.604416,Gaussian,QC,"opt+freq: b3lyp/6-311G** em=gd3bj
energy: M062X/6-311G+(2d, p) em=gd3"
3421,c-c113+c-b41+c-b72,CCC(C)C[N+]1(C2COC(C)(C)O2)CCCCC1,piperidinium,-794.5167548,0.381895,0.450099,600.596464,-0.40445,-0.10385,1.6553,-794.1348598,-794.0666557999999,8.176319999999999,Gaussian,QC,"opt+freq: b3lyp/6-311G** em=gd3bj
energy: M062X/6-311G+(2d, p) em=gd3"
3422,c-c113+c-b29+c-b54,CCCCCCCCCCC[N+]1(C(C)C)CCCCC1,piperidinium,-802.499495,0.4999,0.579351,699.6484800000001,-0.37797,-0.10202,12.5481,-801.999595,-801.920144,7.505839999999999,Gaussian,QC,"opt+freq: b3lyp/6-311G** em=gd3bj
energy: M062X/6-311G+(2d, p) em=gd3"
3423,c-c113+c-b28+c-b76,C=CCC[N+]1(OC)CCCCC1,piperidinium,-522.6754549,0.245922,0.299375,470.708368,-0.38706,-0.1422,2.263,-522.4295329,-522.3760798999999,6.660192,Gaussian,QC,"opt+freq: b3lyp/6-311G** em=gd3bj
energy: M062X/6-311G+(2d, p) em=gd3"
3424,c-c113+c-b4+c-b19,OCC[N+]1(CCCF)CCCCC1,piperidinium,-623.2127478,0.265316,0.319094,473.5702240000001,-0.41761,-0.11446,3.6047,-622.9474318,-622.8936538,8.245679999999998,Gaussian,QC,"opt+freq: b3lyp/6-311G** em=gd3bj
energy: M062X/6-311G+(2d, p) em=gd3"
3425,c-c113+c-b3+c-b13,N#CCC[N+]1(C2CCCC2)CCCCC1,piperidinium,-618.3818013,0.297274,0.35578,515.201024,-0.45889,-0.12349,4.0081,-618.0845273,-618.0260213,9.12288,Gaussian,QC,"opt+freq: b3lyp/6-311G** em=gd3bj
energy: M062X/6-311G+(2d, p) em=gd3"
3426,c-c113+c-b3+c-b4,OCC[N+]1(C2CCCC2)CCCCC1,piperidinium,-601.3773124,0.306855,0.361455,480.800176,-0.42528,-0.1112,2.7391,-601.0704574,-601.0158574000001,8.542976000000001,Gaussian,QC,"opt+freq: b3lyp/6-311G** em=gd3bj
energy: M062X/6-311G+(2d, p) em=gd3"
3427,c-c90+c-b17,CCCCCCCCCC(=O)[N+]12CCC(CC1)CC2,piperidinium,-796.7027901,0.407888,0.481146,645.114224,-0.39035,-0.1956,10.3904,-796.2949021000001,-796.2216441,5.297199999999999,Gaussian,QC,"opt+freq: b3lyp/6-311G** em=gd3bj
energy: M062X/6-311G+(2d, p) em=gd3"
3428,c-c113+c-b44+c-b73,CC(C)CC[N+]1(CC(C)C)CCCCC1,piperidinium,-605.9768157,0.371625,0.433765,547.208624,-0.44707,-0.10478,2.7149,-605.6051907,-605.5430507,9.310288000000002,Gaussian,QC,"opt+freq: b3lyp/6-311G** em=gd3bj
energy: M062X/6-311G+(2d, p) em=gd3"
3429,c-c90+c-b61,CCCCCCCC[N+]12CCC(CC1)CC2,piperidinium,-644.0795083,0.378832,0.442282,558.73136,-0.40503,-0.12114,7.6685,-643.7006763,-643.6372263000001,7.721807999999999,Gaussian,QC,"opt+freq: b3lyp/6-311G** em=gd3bj
energy: M062X/6-311G+(2d, p) em=gd3"
3430,c-c113+c-b45+c-b54,CCCCCCCCCCC[N+]1(C(=O)O)CCCCC1,piperidinium,-873.1275896,0.431577,0.509656,687.565088,-0.37932,-0.17701,13.4509,-872.6960126,-872.6179336,5.502832,Gaussian,QC,"opt+freq: b3lyp/6-311G** em=gd3bj
energy: M062X/6-311G+(2d, p) em=gd3"
3431,c-c113+c-b13+c-b43,N#CCC[N+]1(CC#N)CCCCC1,piperidinium,-554.5883882,0.208201,0.261526,469.578688,-0.46764,-0.17433,8.2592,-554.3801872,-554.3268622,7.978031999999999,Gaussian,QC,"opt+freq: b3lyp/6-311G** em=gd3bj
energy: M062X/6-311G+(2d, p) em=gd3"
3432,c-c113+c-b24+c-b44,Cc1ccccc1[N+]1(CCC(C)C)CCCCC1,piperidinium,-719.0638773,0.36576,0.43019,567.37132,-0.38296,-0.15232,2.9252,-718.6981172999999,-718.6336872999999,6.273408,Gaussian,QC,"opt+freq: b3lyp/6-311G** em=gd3bj
energy: M062X/6-311G+(2d, p) em=gd3"
3433,c-c113+c-b11+c-b84,CCCCCCCCC[N+]1(C(F)(F)F)CCCCC1,piperidinium,-943.0070476,0.370832,0.442704,632.896944,-0.3998,-0.10997,5.997,-942.6362156,-942.5643435999999,7.883375999999999,Gaussian,QC,"opt+freq: b3lyp/6-311G** em=gd3bj
energy: M062X/6-311G+(2d, p) em=gd3"
3434,c-c113+c-b3+c-b74,CC(=O)[N+]1(C2CCCC2)CCCCC1,piperidinium,-600.171416,0.279882,0.336029,494.427464,-0.44868,-0.19844,2.7718,-599.891534,-599.835387,6.806528,Gaussian,QC,"opt+freq: b3lyp/6-311G** em=gd3bj
energy: M062X/6-311G+(2d, p) em=gd3"
3435,c-c113+c-b6+c-b30,CCCC[N+]1(CCN)CCCCC1,piperidinium,-543.4088509,0.310519,0.366423,492.2852560000001,-0.38794,-0.10574,1.375,-543.0983319,-543.0424278999999,7.67584,Gaussian,QC,"opt+freq: b3lyp/6-311G** em=gd3bj
energy: M062X/6-311G+(2d, p) em=gd3"
3436,c-c113+c-b8+c-b51,CC#CC[N+]1(C2CCCCC2)CCCCC1,piperidinium,-641.6108794,0.333527,0.395631,546.8906400000001,-0.39604,-0.12738,2.1623,-641.2773524,-641.2152484000001,7.307552,Gaussian,QC,"opt+freq: b3lyp/6-311G** em=gd3bj
energy: M062X/6-311G+(2d, p) em=gd3"
3437,c-c113+c-b11+c-b28,C=CCC[N+]1(C(F)(F)F)CCCCC1,piperidinium,-745.2522821,0.219451,0.27433,483.256184,-0.40686,-0.14077,2.2327,-745.0328311,-744.9779521,7.237647999999999,Gaussian,QC,"opt+freq: b3lyp/6-311G** em=gd3bj
energy: M062X/6-311G+(2d, p) em=gd3"
3438,c-c113+c-b24+c-b60,C=CC[N+]1(c2ccccc2C)CCCCC1,piperidinium,-639.2333712,0.292161,0.349081,501.234832,-0.38717,-0.1588,2.3647,-638.9412102,-638.8842902,6.211664000000001,Gaussian,QC,"opt+freq: b3lyp/6-311G** em=gd3bj
energy: M062X/6-311G+(2d, p) em=gd3"
3439,c-c113+c-b9+c-b11,CC(F)[N+]1(C(F)(F)F)CCCCC1,piperidinium,-767.1109842,0.181097,0.232286,450.775792,-0.49112,-0.13151,4.0365,-766.9298871999999,-766.8786981999999,9.781391999999999,Gaussian,QC,"opt+freq: b3lyp/6-311G** em=gd3bj
energy: M062X/6-311G+(2d, p) em=gd3"
3440,c-c113+c-b28+c-b60,C=CCC[N+]1(CC=C)CCCCC1,piperidinium,-524.9052956,0.27296,0.32967,499.389688,-0.38763,-0.15417,1.4037,-524.6323356,-524.5756256000001,6.350111999999999,Gaussian,QC,"opt+freq: b3lyp/6-311G** em=gd3bj
energy: M062X/6-311G+(2d, p) em=gd3"
3441,c-c90+c-b48,Cc1cccc([N+]23CCC(CC2)CC3)c1,piperidinium,-599.9609286,0.259746,0.318416,516.644504,-0.38452,-0.22195,2.4652,-599.7011826,-599.6425126,4.421903999999999,Gaussian,QC,"opt+freq: b3lyp/6-311G** em=gd3bj
energy: M062X/6-311G+(2d, p) em=gd3"
3442,c-c113+c-b25+c-b38,C#CC[N+]1(N2CCC(C)CC2)CCCCC1,piperidinium,-657.5993985,0.322976,0.382124,520.853608,-0.36877,-0.13513,3.3306,-657.2764225,-657.2172745,6.355008,Gaussian,QC,"opt+freq: b3lyp/6-311G** em=gd3bj
energy: M062X/6-311G+(2d, p) em=gd3"
3443,c-c113+c-b77+c-b79,OCCC[N+]1(CC(F)(F)F)CCCCC1,piperidinium,-821.713215,0.246301,0.304496,512.460504,-0.41901,-0.11638,4.9515,-821.466914,-821.408719,8.231536,Gaussian,QC,"opt+freq: b3lyp/6-311G** em=gd3bj
energy: M062X/6-311G+(2d, p) em=gd3"
3444,c-c113+c-b22+c-b28,C=CCC[N+]1(c2ccc(Cl)cc2)CCCCC1,piperidinium,-1098.8335739,0.279246,0.341123,544.886504,-0.38254,-0.16713,5.8247,-1098.5543279,-1098.4924509,5.859152,Gaussian,QC,"opt+freq: b3lyp/6-311G** em=gd3bj
energy: M062X/6-311G+(2d, p) em=gd3"
3445,c-c113+c-b10+c-b69,CCCCCCCCCC[N+]1(CC)CCCCC1,piperidinium,-723.8895642,0.448643,0.521727,643.5786959999999,-0.3864,-0.10621,11.2052,-723.4409212,-723.3678371999999,7.621168000000001,Gaussian,QC,"opt+freq: b3lyp/6-311G** em=gd3bj
energy: M062X/6-311G+(2d, p) em=gd3"
3446,c-c90+c-b56,CCCCCCC[N+]12CCC(CC1)CC2,piperidinium,-604.7747962,0.353048,0.413272,530.330368,-0.41652,-0.12152,5.9632,-604.4217482,-604.3615242,8.024,Gaussian,QC,"opt+freq: b3lyp/6-311G** em=gd3bj
energy: M062X/6-311G+(2d, p) em=gd3"
3447,c-c113+c-b10+c-b83,CCCCCC[N+]1(CC)CCCCC1,piperidinium,-566.6693096,0.346272,0.405777,523.991608,-0.42962,-0.112,4.4459,-566.3230376,-566.2635326000001,8.639264,Gaussian,QC,"opt+freq: b3lyp/6-311G** em=gd3bj
energy: M062X/6-311G+(2d, p) em=gd3"
3448,c-c90+c-b8,CC#CC[N+]12CCC(CC1)CC2,piperidinium,-484.3971235,0.226587,0.279387,464.959552,-0.40264,-0.13636,0.8825,-484.1705365,-484.1177365,7.242815999999999,Gaussian,QC,"opt+freq: b3lyp/6-311G** em=gd3bj
energy: M062X/6-311G+(2d, p) em=gd3"
3449,c-c113+c-b54+c-b60,C=CC[N+]1(CCCCCCCCCCC)CCCCC1,piperidinium,-801.2696433,0.477352,0.556204,694.372456,-0.37854,-0.15241,12.4962,-800.7922913,-800.7134393,6.150736,Gaussian,QC,"opt+freq: b3lyp/6-311G** em=gd3bj
energy: M062X/6-311G+(2d, p) em=gd3"
3450,c-c113+c-b58+c-b63,O=C(O)C[N+]1(c2ccc3ccccc3c2)CCCCC1,piperidinium,-864.7293301,0.287534,0.350487,554.3674480000001,-0.3449,-0.17608,6.4316,-864.4417960999999,-864.3788430999999,4.591904,Gaussian,QC,"opt+freq: b3lyp/6-311G** em=gd3bj
energy: M062X/6-311G+(2d, p) em=gd3"
3451,c-c113+c-b8+c-b45,CC#CC[N+]1(C(=O)O)CCCCC1,piperidinium,-595.5441801,0.202467,0.259605,503.155288,-0.40698,-0.17656,1.7153,-595.3417131,-595.2845751,6.267424,Gaussian,QC,"opt+freq: b3lyp/6-311G** em=gd3bj
energy: M062X/6-311G+(2d, p) em=gd3"
3452,c-c113+c-b48+c-b70,Cc1cccc([N+]2(CCCS(=O)(=O)O)CCCCC2)c1,piperidinium,-1264.2954244,0.319714,0.39088,626.683704,-0.3912,-0.16352,8.205,-1263.9757104,-1263.9045444,6.192895999999999,Gaussian,QC,"opt+freq: b3lyp/6-311G** em=gd3bj
energy: M062X/6-311G+(2d, p) em=gd3"
3453,c-c113+c-b46+c-b83,CCCCCC[N+]1(c2ccc(C)cc2)CCCCC1,piperidinium,-758.3496016,0.38691,0.457425,620.955808,-0.37473,-0.24142,4.0751,-757.9626916000001,-757.8921766000001,3.626032,Gaussian,QC,"opt+freq: b3lyp/6-311G** em=gd3bj
energy: M062X/6-311G+(2d, p) em=gd3"
3454,c-c113+c-b53+c-b58,O=C(O)C[N+]1(c2cccnc2)CCCCC1,piperidinium,-727.1353064,0.234602,0.290988,496.5362,-0.39786,-0.17797,5.3496,-726.9007044,-726.8443184,5.981008,Gaussian,QC,"opt+freq: b3lyp/6-311G** em=gd3bj
energy: M062X/6-311G+(2d, p) em=gd3"
3455,c-c113+c-b24+c-b76,CO[N+]1(c2ccccc2C)CCCCC1,piperidinium,-637.0080592,0.263905,0.318789,483.310576,-0.39625,-0.18194,1.2914,-636.7441542,-636.6892702,5.829232,Gaussian,QC,"opt+freq: b3lyp/6-311G** em=gd3bj
energy: M062X/6-311G+(2d, p) em=gd3"
3456,c-c113+c-b22+c-b77,FC(F)(F)C[N+]1(c2ccc(Cl)cc2)CCCCC1,piperidinium,-1319.1914127,0.224519,0.285876,540.30084,-0.38889,-0.17564,7.3814,-1318.9668937,-1318.9055367,5.800400000000001,Gaussian,QC,"opt+freq: b3lyp/6-311G** em=gd3bj
energy: M062X/6-311G+(2d, p) em=gd3"
3457,c-c113+c-b10+c-b24,CC[N+]1(c2ccccc2C)CCCCC1,piperidinium,-601.1536052,0.289003,0.343812,482.64532,-0.3863,-0.15502,1.9466,-600.8646022,-600.8097932000001,6.290816,Gaussian,QC,"opt+freq: b3lyp/6-311G** em=gd3bj
energy: M062X/6-311G+(2d, p) em=gd3"
3458,c-c113+c-b6+c-b10,CC[N+]1(CCN)CCCCC1,piperidinium,-464.8015678,0.25839,0.308435,440.692352,-0.39007,-0.10709,1.4111,-464.5431778,-464.4931328,7.697055999999998,Gaussian,QC,"opt+freq: b3lyp/6-311G** em=gd3bj
energy: M062X/6-311G+(2d, p) em=gd3"
3459,c-c113+c-b46+c-b47,Cc1ccc([N+]2(C(C)(C)C)CCCCC2)cc1,piperidinium,-679.6817767,0.315863,0.39306,679.7954,-0.34314,-0.27578,3.4718,-679.3659137,-679.2887167,1.832191999999999,Gaussian,QC,"opt+freq: b3lyp/6-311G** em=gd3bj
energy: M062X/6-311G+(2d, p) em=gd3"
3460,c-c113+c-b6+c-b76,CO[N+]1(CCN)CCCCC1,piperidinium,-500.6434439,0.232962,0.283193,442.33248,-0.37431,-0.14136,2.267,-500.4104819,-500.3602509,6.336239999999999,Gaussian,QC,"opt+freq: b3lyp/6-311G** em=gd3bj
energy: M062X/6-311G+(2d, p) em=gd3"
3461,c-c113+c-b43+c-b69,CCCCCCCCCC[N+]1(CC#N)CCCCC1,piperidinium,-776.8039928,0.418159,0.492741,656.766664,-0.38464,-0.15513,13.3031,-776.3858338,-776.3112517999999,6.242672,Gaussian,QC,"opt+freq: b3lyp/6-311G** em=gd3bj
energy: M062X/6-311G+(2d, p) em=gd3"
3462,c-c90+c-b81,CCC[N+]12CCC(CC1)CC2,piperidinium,-447.5548155,0.25031,0.297403,414.69716,-0.4663,-0.12483,1.1424,-447.3045055,-447.2574125,9.287984,Gaussian,QC,"opt+freq: b3lyp/6-311G** em=gd3bj
energy: M062X/6-311G+(2d, p) em=gd3"
3463,c-c113+c-b19+c-b28,C=CCC[N+]1(CCCF)CCCCC1,piperidinium,-625.3719303,0.290098,0.347296,503.682472,-0.38614,-0.12454,3.5343,-625.0818323000001,-625.0246343,7.11552,Gaussian,QC,"opt+freq: b3lyp/6-311G** em=gd3bj
energy: M062X/6-311G+(2d, p) em=gd3"
3464,c-c113+c-b6+c-b36,NCC[N+]1(c2ccccc2)CCCCC1,piperidinium,-617.1980557,0.277286,0.333001,490.624208,-0.36024,-0.16394,2.5427,-616.9207697,-616.8650547000001,5.33936,Gaussian,QC,"opt+freq: b3lyp/6-311G** em=gd3bj
energy: M062X/6-311G+(2d, p) em=gd3"
3465,c-c113+c-b39+c-b55,COC[N+]1(c2cscn2)CCCCC1,piperidinium,-973.8872598,0.222408,0.276301,474.586936,-0.38644,-0.16876,3.3266,-973.6648518000001,-973.6109588,5.920896,Gaussian,QC,"opt+freq: b3lyp/6-311G** em=gd3bj
energy: M062X/6-311G+(2d, p) em=gd3"
3466,c-c113+c-b38+c-b72,C#CC[N+]1(CC(C)CC)CCCCC1,piperidinium,-564.1950995,0.298889,0.358146,521.811744,-0.42408,-0.1387,2.5298,-563.8962104999999,-563.8369534999999,7.762336,Gaussian,QC,"opt+freq: b3lyp/6-311G** em=gd3bj
energy: M062X/6-311G+(2d, p) em=gd3"
3467,c-c90+c-b3,C1CCC([N+]23CCC(CC2)CC3)C1,piperidinium,-524.96652,0.283804,0.333579,438.31584,-0.45793,-0.11782,1.4019,-524.6827159999999,-524.632941,9.250992,Gaussian,QC,"opt+freq: b3lyp/6-311G** em=gd3bj
energy: M062X/6-311G+(2d, p) em=gd3"
3468,c-c90+c-b43,N#CC[N+]12CCC(CC1)CC2,piperidinium,-461.1624238,0.194067,0.23968,401.664,-0.48492,-0.16987,4.1108,-460.9683568,-460.9227438,8.569360000000001,Gaussian,QC,"opt+freq: b3lyp/6-311G** em=gd3bj
energy: M062X/6-311G+(2d, p) em=gd3"
3469,c-c113+c-b30+c-b75,CCCC[N+]1(c2c(Cl)cccc2Cl)CCCCC1,piperidinium,-1559.6358769,0.291168,0.356177,572.463248,-0.39167,-0.19186,1.8213,-1559.3447089,-1559.2796999,5.434832,Gaussian,QC,"opt+freq: b3lyp/6-311G** em=gd3bj
energy: M062X/6-311G+(2d, p) em=gd3"
3470,c-c89+c-b40,CN(C)[N+]1(C)CCCCC1,piperidinium,-425.4454004,0.229801,0.277523,420.236776,-0.40893,-0.1154,0.7446,-425.2155994,-425.1678774,7.984016,Gaussian,QC,"opt+freq: b3lyp/6-311G** em=gd3bj
energy: M062X/6-311G+(2d, p) em=gd3"
3471,c-c113+c-b39+c-b53,COC[N+]1(c2cccnc2)CCCCC1,piperidinium,-653.0965842,0.252244,0.308303,493.653424,-0.39769,-0.18322,4.215,-652.8443402,-652.7882812,5.833584,Gaussian,QC,"opt+freq: b3lyp/6-311G** em=gd3bj
energy: M062X/6-311G+(2d, p) em=gd3"
3472,c-c113+c-b11+c-b30,CCCC[N+]1(C(F)(F)F)CCCCC1,piperidinium,-746.482289,0.241368,0.297506,494.343784,-0.4594,-0.12458,4.0984,-746.2409210000001,-746.184783,9.107104,Gaussian,QC,"opt+freq: b3lyp/6-311G** em=gd3bj
energy: M062X/6-311G+(2d, p) em=gd3"
3473,c-c113+c-b11+c-b27,CC(C#N)[N+]1(C(F)(F)F)CCCCC1,piperidinium,-760.0884275,0.185735,0.239328,471.93428,-0.49285,-0.17596,5.3498,-759.9026925,-759.8490995,8.619408,Gaussian,QC,"opt+freq: b3lyp/6-311G** em=gd3bj
energy: M062X/6-311G+(2d, p) em=gd3"
3474,c-c113+c-b23+c-b29,CC(C)[N+]1(c2cccc(Cl)c2)CCCCC1,piperidinium,-1060.761776,0.27558,0.335008,523.326352,-0.3844,-0.1697,5.4188,-1060.486196,-1060.426768,5.839840000000001,Gaussian,QC,"opt+freq: b3lyp/6-311G** em=gd3bj
energy: M062X/6-311G+(2d, p) em=gd3"
3475,c-c113+c-b21+c-b28,C=CCC[N+]1(CCCCCCCCC)CCCCC1,piperidinium,-761.96083,0.45018,0.527178,678.03812,-0.3857,-0.1184,8.2171,-761.5106499999999,-761.4336519999999,7.27056,Gaussian,QC,"opt+freq: b3lyp/6-311G** em=gd3bj
energy: M062X/6-311G+(2d, p) em=gd3"
3476,c-c113+c-b74+c-b80,CC(=O)[N+]1(C(C)C)CCCCC1,piperidinium,-522.7707112,0.246939,0.299189,460.118664,-0.45061,-0.20315,2.4512,-522.5237722,-522.4715222000001,6.730912,Gaussian,QC,"opt+freq: b3lyp/6-311G** em=gd3bj
energy: M062X/6-311G+(2d, p) em=gd3"
3477,c-c113+c-b40+c-b73,CC(C)C[N+]1(N(C)C)CCCCC1,piperidinium,-543.3535734,0.308376,0.363985,489.691176,-0.3926,-0.10441,1.1863,-543.0451974,-542.9895884,7.838768,Gaussian,QC,"opt+freq: b3lyp/6-311G** em=gd3bj
energy: M062X/6-311G+(2d, p) em=gd3"
3478,c-c113+c-b43+c-b44,CC(C)CC[N+]1(CC#N)CCCCC1,piperidinium,-580.2806514,0.289329,0.347383,511.22204,-0.45809,-0.15992,3.4967,-579.9913224000001,-579.9332684,8.110223999999999,Gaussian,QC,"opt+freq: b3lyp/6-311G** em=gd3bj
energy: M062X/6-311G+(2d, p) em=gd3"
3479,c-c113+c-b37+c-b51,CC(O)C[N+]1(C2CCCCC2)CCCCC1,piperidinium,-679.9842323,0.359979,0.419086,520.493784,-0.40852,-0.10505,1.8222,-679.6242533000001,-679.5651463,8.254384,Gaussian,QC,"opt+freq: b3lyp/6-311G** em=gd3bj
energy: M062X/6-311G+(2d, p) em=gd3"
3480,c-c90+c-b13,N#CCC[N+]12CCC(CC1)CC2,piperidinium,-500.4774284,0.220124,0.269011,430.504312,-0.46479,-0.13939,5.2013,-500.2573044,-500.2084174,8.85088,Gaussian,QC,"opt+freq: b3lyp/6-311G** em=gd3bj
energy: M062X/6-311G+(2d, p) em=gd3"
3481,c-c90+c-b22,Clc1ccc([N+]23CCC(CC2)CC3)cc1,piperidinium,-1020.2512993,0.232441,0.285247,465.00976,-0.384,-0.1683,6.5228,-1020.0188583,-1019.9660523,5.86704,Gaussian,QC,"opt+freq: b3lyp/6-311G** em=gd3bj
energy: M062X/6-311G+(2d, p) em=gd3"
3482,c-c113+c-b41+c-b56,CCCCCCC[N+]1(C2COC(C)(C)O2)CCCCC1,piperidinium,-873.1242333,0.433898,0.508588,657.7206160000001,-0.40376,-0.10597,2.8664,-872.6903353,-872.6156453,8.099888,Gaussian,QC,"opt+freq: b3lyp/6-311G** em=gd3bj
energy: M062X/6-311G+(2d, p) em=gd3"
3483,c-c90+c-b20,Clc1ccc([N+]23CCC(CC2)CC3)cc1Cl,piperidinium,-1479.8467336,0.220999,0.277108,494.092744,-0.38181,-0.17391,9.0862,-1479.6257346,-1479.5696256,5.654879999999999,Gaussian,QC,"opt+freq: b3lyp/6-311G** em=gd3bj
energy: M062X/6-311G+(2d, p) em=gd3"
3484,c-c113+c-b38+c-b79,C#CC[N+]1(CCCO)CCCCC1,piperidinium,-560.8030586,0.251752,0.306677,483.666216,-0.39735,-0.13794,1.9644,-560.5513066,-560.4963816,7.055951999999999,Gaussian,QC,"opt+freq: b3lyp/6-311G** em=gd3bj
energy: M062X/6-311G+(2d, p) em=gd3"
3485,c-c113+c-b19+c-b38,C#CC[N+]1(CCCF)CCCCC1,piperidinium,-584.8214804,0.240559,0.294608,475.95092,-0.42617,-0.14176,2.3035,-584.5809214000001,-584.5268724,7.735951999999999,Gaussian,QC,"opt+freq: b3lyp/6-311G** em=gd3bj
energy: M062X/6-311G+(2d, p) em=gd3"
3486,c-c113+c-b71+c-b78,CCCCCC[N+]1(CCCCC)CCCCC1,piperidinium,-684.5826439,0.421706,0.49271,625.2611440000001,-0.42694,-0.1057,4.2414,-684.1609379,-684.0899339,8.737727999999999,Gaussian,QC,"opt+freq: b3lyp/6-311G** em=gd3bj
energy: M062X/6-311G+(2d, p) em=gd3"
3487,c-c113+c-b78+c-b84,CCCCCCCCC[N+]1(CCCCC)CCCCC1,piperidinium,-802.4967146,0.49866,0.579637,713.0791200000001,-0.39352,-0.10451,8.284,-801.9980546,-801.9170776,7.861071999999999,Gaussian,QC,"opt+freq: b3lyp/6-311G** em=gd3bj
energy: M062X/6-311G+(2d, p) em=gd3"
3488,c-c113+c-b10+c-b86,CC[N+]1(c2ccc(Cl)cc2Cl)CCCCC1,piperidinium,-1481.043537,0.239378,0.298527,520.861976,-0.392,-0.17859,6.6762,-1480.804159,-1480.74501,5.804752000000001,Gaussian,QC,"opt+freq: b3lyp/6-311G** em=gd3bj
energy: M062X/6-311G+(2d, p) em=gd3"
3489,c-c113+c-b23+c-b28,C=CCC[N+]1(c2cccc(Cl)c2)CCCCC1,piperidinium,-1098.8348799,0.279116,0.340936,544.3802400000001,-0.38602,-0.17079,4.8101,-1098.5557639,-1098.4939439,5.854255999999999,Gaussian,QC,"opt+freq: b3lyp/6-311G** em=gd3bj
energy: M062X/6-311G+(2d, p) em=gd3"
3490,c-c113+c-b18+c-b41,CCC(=O)[N+]1(C2COC(C)(C)O2)CCCCC1,piperidinium,-789.932204,0.308748,0.37343,569.58884,-0.41346,-0.18887,4.1843,-789.6234559999999,-789.558774,6.108847999999999,Gaussian,QC,"opt+freq: b3lyp/6-311G** em=gd3bj
energy: M062X/6-311G+(2d, p) em=gd3"
3491,c-c113+c-b27+c-b61,CCCCCCCC[N+]1(C(C)C#N)CCCCC1,piperidinium,-737.4994511,0.391923,0.463444,629.813336,-0.40856,-0.14475,8.2522,-737.1075281,-737.0360071,7.175631999999999,Gaussian,QC,"opt+freq: b3lyp/6-311G** em=gd3bj
energy: M062X/6-311G+(2d, p) em=gd3"
3492,c-c113+c-b28+c-b68,C=CCC[N+]1(CCCC(C)C)CCCCC1,piperidinium,-644.0489977,0.372612,0.439658,590.408424,-0.38673,-0.11953,3.7263,-643.6763857,-643.6093397,7.26784,Gaussian,QC,"opt+freq: b3lyp/6-311G** em=gd3bj
energy: M062X/6-311G+(2d, p) em=gd3"
3493,c-c113+c-b30+c-b80,CCCC[N+]1(C(C)C)CCCCC1,piperidinium,-527.3660794,0.319311,0.376471,503.3435680000001,-0.45267,-0.10594,1.7132,-527.0467684,-526.9896084,9.431056,Gaussian,QC,"opt+freq: b3lyp/6-311G** em=gd3bj
energy: M062X/6-311G+(2d, p) em=gd3"
3494,c-c113+c-b45+c-b79,O=C(O)[N+]1(CCCO)CCCCC1,piperidinium,-633.9231648,0.230014,0.282669,463.679248,-0.45815,-0.16932,4.0796,-633.6931508,-633.6404957999999,7.856176,Gaussian,QC,"opt+freq: b3lyp/6-311G** em=gd3bj
energy: M062X/6-311G+(2d, p) em=gd3"
3495,c-c113+c-b39+c-b81,CCC[N+]1(COC)CCCCC1,piperidinium,-523.9616058,0.270185,0.324091,474.69572,-0.42638,-0.11327,2.0708,-523.6914208000001,-523.6375148000001,8.516592,Gaussian,QC,"opt+freq: b3lyp/6-311G** em=gd3bj
energy: M062X/6-311G+(2d, p) em=gd3"
3496,c-c113+c-b10+c-b44,CC[N+]1(CCC(C)C)CCCCC1,piperidinium,-527.3696531,0.318992,0.376046,502.4189040000001,-0.44746,-0.10939,3.2404,-527.0506611000001,-526.9936071000001,9.195504000000001,Gaussian,QC,"opt+freq: b3lyp/6-311G** em=gd3bj
energy: M062X/6-311G+(2d, p) em=gd3"
3497,c-c113+c-b48+c-b83,CCCCCC[N+]1(c2cccc(C)c2)CCCCC1,piperidinium,-758.3869666,0.388732,0.45882,617.186024,-0.38162,-0.15474,2.983,-757.9982346,-757.9281466000001,6.171136000000001,Gaussian,QC,"opt+freq: b3lyp/6-311G** em=gd3bj
energy: M062X/6-311G+(2d, p) em=gd3"
3498,c-c113+c-b67+c-b81,CCC[N+]1(c2ccc(C)c(F)c2)CCCCC1,piperidinium,-739.7145817,0.302761,0.364726,545.6689120000001,-0.3843,-0.16104,4.9579,-739.4118207,-739.3498557,6.072672,Gaussian,QC,"opt+freq: b3lyp/6-311G** em=gd3bj
energy: M062X/6-311G+(2d, p) em=gd3"
3499,c-c113+c-b43+c-b65,CCC#CC[N+]1(CC#N)CCCCC1,piperidinium,-577.815354,0.24052,0.301054,533.0625200000001,-0.40818,-0.16507,3.5992,-577.574834,-577.5142999999999,6.612591999999999,Gaussian,QC,"opt+freq: b3lyp/6-311G** em=gd3bj
energy: M062X/6-311G+(2d, p) em=gd3"
3500,c-c113+c-b16+c-b71,CCCCCC[N+]1(CCCC#N)CCCCC1,piperidinium,-698.2039145,0.367669,0.435751,599.52536,-0.43082,-0.11554,5.515,-697.8362455,-697.7681635,8.575616,Gaussian,QC,"opt+freq: b3lyp/6-311G** em=gd3bj
energy: M062X/6-311G+(2d, p) em=gd3"
3501,c-c113+c-b28+c-b79,C=CCC[N+]1(CCCO)CCCCC1,piperidinium,-601.349077,0.301296,0.359565,513.113208,-0.38556,-0.12025,1.5254,-601.047781,-600.989512,7.216432000000001,Gaussian,QC,"opt+freq: b3lyp/6-311G** em=gd3bj
energy: M062X/6-311G+(2d, p) em=gd3"
3502,c-c113+c-b19+c-b77,FCCC[N+]1(CC(F)(F)F)CCCCC1,piperidinium,-845.7302084,0.234227,0.292055,509.2304560000001,-0.46738,-0.12433,6.8829,-845.4959814,-845.4381534,9.330960000000001,Gaussian,QC,"opt+freq: b3lyp/6-311G** em=gd3bj
energy: M062X/6-311G+(2d, p) em=gd3"
3503,c-c113+c-b35+c-b58,CCC(C)[N+]1(CC(=O)O)CCCCC1,piperidinium,-637.3193569,0.278148,0.335954,509.033808,-0.43636,-0.16894,2.9314,-637.0412089,-636.9834029,7.273823999999999,Gaussian,QC,"opt+freq: b3lyp/6-311G** em=gd3bj
energy: M062X/6-311G+(2d, p) em=gd3"
3504,c-c113+c-b40+c-b74,CC(=O)[N+]1(N(C)C)CCCCC1,piperidinium,-538.7704276,0.23486,0.287141,460.378072,-0.4113,-0.2059,2.6469,-538.5355675999999,-538.4832865999999,5.58688,Gaussian,QC,"opt+freq: b3lyp/6-311G** em=gd3bj
energy: M062X/6-311G+(2d, p) em=gd3"
3505,c-c113+c-b35+c-b37,CCC(C)[N+]1(CC(C)O)CCCCC1,piperidinium,-602.5915127,0.322989,0.381873,518.527304,-0.42053,-0.10463,0.6776,-602.2685237,-602.2096396999999,8.59248,Gaussian,QC,"opt+freq: b3lyp/6-311G** em=gd3bj
energy: M062X/6-311G+(2d, p) em=gd3"
3506,c-c89+c-b77,C[N+]1(CC(F)(F)F)CCCCC1,piperidinium,-667.8825062,0.190273,0.240326,440.767664,-0.49267,-0.13377,5.7508,-667.6922331999999,-667.6421802,9.76208,Gaussian,QC,"opt+freq: b3lyp/6-311G** em=gd3bj
energy: M062X/6-311G+(2d, p) em=gd3"
3507,c-c113+c-b8+c-b16,CC#CC[N+]1(CCCC#N)CCCCC1,piperidinium,-617.1356373,0.267439,0.330646,556.601704,-0.4016,-0.13072,4.7282,-616.8681983,-616.8049913,7.367936,Gaussian,QC,"opt+freq: b3lyp/6-311G** em=gd3bj
energy: M062X/6-311G+(2d, p) em=gd3"
3508,c-c113+c-b27+c-b45,CC(C#N)[N+]1(C(=O)O)CCCCC1,piperidinium,-611.6152881,0.19575,0.248475,464.29848,-0.47369,-0.19482,5.6474,-611.4195381000001,-611.3668131000001,7.585264,Gaussian,QC,"opt+freq: b3lyp/6-311G** em=gd3bj
energy: M062X/6-311G+(2d, p) em=gd3"
3509,c-c113+c-b23+c-b43,N#CC[N+]1(c2cccc(Cl)c2)CCCCC1,piperidinium,-1074.3630774,0.220693,0.277799,502.87496,-0.39084,-0.17833,7.7284,-1074.1423844,-1074.0852784,5.780272000000001,Gaussian,QC,"opt+freq: b3lyp/6-311G** em=gd3bj
energy: M062X/6-311G+(2d, p) em=gd3"
3510,c-c113+c-b36+c-b75,Clc1cccc(Cl)c1[N+]1(c2ccccc2)CCCCC1,piperidinium,-1633.4219891,0.2597,0.322983,557.26696,-0.38414,-0.18567,1.3307,-1633.1622891,-1633.0990061,5.398383999999999,Gaussian,QC,"opt+freq: b3lyp/6-311G** em=gd3bj
energy: M062X/6-311G+(2d, p) em=gd3"
3511,c-c113+c-b6+c-b13,N#CCC[N+]1(CCN)CCCCC1,piperidinium,-557.0331957,0.255808,0.309281,470.879912,-0.38983,-0.12511,4.211,-556.7773877,-556.7239146999999,7.200384,Gaussian,QC,"opt+freq: b3lyp/6-311G** em=gd3bj
energy: M062X/6-311G+(2d, p) em=gd3"
3512,c-c113+c-b4+c-b74,CC(=O)[N+]1(CCO)CCCCC1,piperidinium,-558.6884927,0.224594,0.276479,456.896984,-0.4354,-0.19026,3.001,-558.4638987,-558.4120137,6.667808,Gaussian,QC,"opt+freq: b3lyp/6-311G** em=gd3bj
energy: M062X/6-311G+(2d, p) em=gd3"
3513,c-c113+c-b3+c-b28,C=CCC[N+]1(C2CCCC2)CCCCC1,piperidinium,-603.536711,0.329962,0.389781,526.7656000000001,-0.38996,-0.13192,2.4687,-603.206749,-603.14693,7.018687999999998,Gaussian,QC,"opt+freq: b3lyp/6-311G** em=gd3bj
energy: M062X/6-311G+(2d, p) em=gd3"
3514,c-c113+c-b60+c-b86,C=CC[N+]1(c2ccc(Cl)cc2Cl)CCCCC1,piperidinium,-1519.1193404,0.242611,0.304017,540.735976,-0.39065,-0.17877,6.3055,-1518.8767294,-1518.8153234,5.763135999999999,Gaussian,QC,"opt+freq: b3lyp/6-311G** em=gd3bj
energy: M062X/6-311G+(2d, p) em=gd3"
3515,c-c113+c-b9+c-b81,CCC[N+]1(C(C)F)CCCCC1,piperidinium,-547.9939642,0.260064,0.311798,455.570656,-0.47365,-0.11347,1.6805,-547.7339002,-547.6821662000001,9.796896,Gaussian,QC,"opt+freq: b3lyp/6-311G** em=gd3bj
energy: M062X/6-311G+(2d, p) em=gd3"
3516,c-c113+c-b45+c-b60,C=CC[N+]1(C(=O)O)CCCCC1,piperidinium,-557.4751894,0.203026,0.254129,450.018488,-0.42288,-0.18434,1.7947,-557.2721634,-557.2210603999999,6.488287999999999,Gaussian,QC,"opt+freq: b3lyp/6-311G** em=gd3bj
energy: M062X/6-311G+(2d, p) em=gd3"
3517,c-c90+c-b83,CCCCCC[N+]12CCC(CC1)CC2,piperidinium,-565.4695154,0.326965,0.38425,504.452328,-0.42899,-0.12254,4.3746,-565.1425504,-565.0852654,8.33544,Gaussian,QC,"opt+freq: b3lyp/6-311G** em=gd3bj
energy: M062X/6-311G+(2d, p) em=gd3"
3518,c-c113+c-b40+c-b43,CN(C)[N+]1(CC#N)CCCCC1,piperidinium,-517.6627111,0.226139,0.277549,452.717168,-0.42056,-0.16313,4.3529,-517.4365721,-517.3851621,7.002096,Gaussian,QC,"opt+freq: b3lyp/6-311G** em=gd3bj
energy: M062X/6-311G+(2d, p) em=gd3"
3519,c-c113+c-b6+c-b37,CC(O)C[N+]1(CCN)CCCCC1,piperidinium,-579.3312745,0.287741,0.342949,486.168248,-0.38437,-0.10665,2.1029,-579.0435335,-578.9883255,7.553983999999999,Gaussian,QC,"opt+freq: b3lyp/6-311G** em=gd3bj
energy: M062X/6-311G+(2d, p) em=gd3"
3520,c-c113+c-b71+c-b81,CCCCCC[N+]1(CCC)CCCCC1,piperidinium,-605.9671205,0.3719,0.434718,553.1750079999999,-0.42771,-0.11049,4.344,-605.5952205,-605.5324025,8.628383999999999,Gaussian,QC,"opt+freq: b3lyp/6-311G** em=gd3bj
energy: M062X/6-311G+(2d, p) em=gd3"
3521,c-c113+c-b73+c-b81,CCC[N+]1(CC(C)C)CCCCC1,piperidinium,-527.3652802,0.320597,0.376495,492.243416,-0.46456,-0.10556,1.011,-527.0446832,-526.9887852,9.7648,Gaussian,QC,"opt+freq: b3lyp/6-311G** em=gd3bj
energy: M062X/6-311G+(2d, p) em=gd3"
3522,c-c113+c-b30+c-b58,CCCC[N+]1(CC(=O)O)CCCCC1,piperidinium,-637.3171887,0.278423,0.3362,508.778584,-0.43892,-0.15654,4.034,-637.0387657,-636.9809887,7.680735999999999,Gaussian,QC,"opt+freq: b3lyp/6-311G** em=gd3bj
energy: M062X/6-311G+(2d, p) em=gd3"
3523,c-c89+c-b12,CC(C)(C)C(=O)[N+]1(C)CCCCC1,piperidinium,-562.0708447,0.272602,0.327753,485.653616,-0.44544,-0.20208,3.4655,-561.7982427,-561.7430916999999,6.619391999999999,Gaussian,QC,"opt+freq: b3lyp/6-311G** em=gd3bj
energy: M062X/6-311G+(2d, p) em=gd3"
3524,c-c113+c-b11+c-b36,FC(F)(F)[N+]1(c2ccccc2)CCCCC1,piperidinium,-820.2823688,0.210059,0.264625,480.503112,-0.41003,-0.17602,2.8867,-820.0723098,-820.0177438,6.365072,Gaussian,QC,"opt+freq: b3lyp/6-311G** em=gd3bj
energy: M062X/6-311G+(2d, p) em=gd3"
3525,c-c113+c-b40+c-b80,CC(C)[N+]1(N(C)C)CCCCC1,piperidinium,-504.0503138,0.282644,0.33494,460.5161440000001,-0.39118,-0.11401,0.5079,-503.7676698,-503.7153738,7.539024,Gaussian,QC,"opt+freq: b3lyp/6-311G** em=gd3bj
energy: M062X/6-311G+(2d, p) em=gd3"
3526,c-c113+c-b20+c-b74,CC(=O)[N+]1(c2ccc(Cl)c(Cl)c2)CCCCC1,piperidinium,-1555.065021,0.217292,0.279281,545.878112,-0.38794,-0.20836,8.1154,-1554.847729,-1554.78574,4.884576,Gaussian,QC,"opt+freq: b3lyp/6-311G** em=gd3bj
energy: M062X/6-311G+(2d, p) em=gd3"
3527,c-c113+c-b6+c-b43,N#CC[N+]1(CCN)CCCCC1,piperidinium,-517.714666,0.228654,0.279498,447.72984,-0.39418,-0.15621,4.2439,-517.486012,-517.435168,6.472784,Gaussian,QC,"opt+freq: b3lyp/6-311G** em=gd3bj
energy: M062X/6-311G+(2d, p) em=gd3"
3528,c-c113+c-b28+c-b31,C=CCC[N+]1(CCC(F)(F)F)CCCCC1,piperidinium,-823.8760472,0.271905,0.333029,538.259048,-0.38737,-0.1245,6.6956,-823.6041422000001,-823.5430182,7.150064,Gaussian,QC,"opt+freq: b3lyp/6-311G** em=gd3bj
energy: M062X/6-311G+(2d, p) em=gd3"
3529,c-c113+c-b16+c-b43,N#CCCC[N+]1(CC#N)CCCCC1,piperidinium,-593.8992619,0.234399,0.290681,495.619904,-0.44805,-0.16608,9.0273,-593.6648629,-593.6085809000001,7.669584,Gaussian,QC,"opt+freq: b3lyp/6-311G** em=gd3bj
energy: M062X/6-311G+(2d, p) em=gd3"
3530,c-c113+c-b10+c-b25,CC[N+]1(N2CCC(C)CC2)CCCCC1,piperidinium,-620.7756743,0.343175,0.400318,503.197128,-0.37049,-0.10974,3.7895,-620.4324993,-620.3753563,7.0924,Gaussian,QC,"opt+freq: b3lyp/6-311G** em=gd3bj
energy: M062X/6-311G+(2d, p) em=gd3"
3531,c-c113+c-b43+c-b47,CC(C)(C)[N+]1(CC#N)CCCCC1,piperidinium,-540.9749262,0.264612,0.317723,467.691704,-0.47848,-0.15393,4.463,-540.7103142,-540.6572032,8.82776,Gaussian,QC,"opt+freq: b3lyp/6-311G** em=gd3bj
energy: M062X/6-311G+(2d, p) em=gd3"
3532,c-c113+c-b43+c-b77,N#CC[N+]1(CC(F)(F)F)CCCCC1,piperidinium,-760.094611,0.186397,0.240382,475.394448,-0.49288,-0.17674,8.2285,-759.9082139999999,-759.854229,8.599008,Gaussian,QC,"opt+freq: b3lyp/6-311G** em=gd3bj
energy: M062X/6-311G+(2d, p) em=gd3"
3533,c-c113+c-b13+c-b68,CC(C)CCC[N+]1(CCC#N)CCCCC1,piperidinium,-658.8939913,0.341616,0.405652,563.894416,-0.42885,-0.13003,7.7662,-658.5523753,-658.4883393,8.127904,Gaussian,QC,"opt+freq: b3lyp/6-311G** em=gd3bj
energy: M062X/6-311G+(2d, p) em=gd3"
3534,c-c113+c-b28+c-b70,C=CCC[N+]1(CCCS(=O)(=O)O)CCCCC1,piperidinium,-1149.9516501,0.307816,0.372289,567.752064,-0.41099,-0.14836,10.3011,-1149.6438341,-1149.5793611,7.143536000000001,Gaussian,QC,"opt+freq: b3lyp/6-311G** em=gd3bj
energy: M062X/6-311G+(2d, p) em=gd3"
3535,c-c113+c-b29+c-b32,CC(C)[N+]1(CCC(F)(F)C(F)(F)C(F)F)CCCCC1,piperidinium,-1162.1411853,0.291455,0.364224,640.796336,-0.44735,-0.11436,10.9387,-1161.8497303,-1161.7769613,9.057328,Gaussian,QC,"opt+freq: b3lyp/6-311G** em=gd3bj
energy: M062X/6-311G+(2d, p) em=gd3"
3536,c-c113+c-b11+c-b50,C=Cc1ccc([N+]2(C(F)(F)F)CCCCC2)cc1,piperidinium,-897.6705184,0.237268,0.298718,541.129272,-0.36212,-0.18413,3.3865,-897.4332504,-897.3718004,4.841328,Gaussian,QC,"opt+freq: b3lyp/6-311G** em=gd3bj
energy: M062X/6-311G+(2d, p) em=gd3"
3537,c-c113+c-b21+c-b43,CCCCCCCCC[N+]1(CC#N)CCCCC1,piperidinium,-737.497394,0.392704,0.463949,627.3866160000001,-0.39927,-0.15803,7.596,-737.10469,-737.033445,6.561728,Gaussian,QC,"opt+freq: b3lyp/6-311G** em=gd3bj
energy: M062X/6-311G+(2d, p) em=gd3"
3538,c-c113+c-b60+c-b68,C=CC[N+]1(CCCC(C)C)CCCCC1,piperidinium,-604.7487918,0.348184,0.410693,550.451224,-0.41828,-0.15389,3.8048,-604.4006078000001,-604.3380988,7.191408,Gaussian,QC,"opt+freq: b3lyp/6-311G** em=gd3bj
energy: M062X/6-311G+(2d, p) em=gd3"
3539,c-c113+c-b3+c-b27,CC(C#N)[N+]1(C2CCCC2)CCCCC1,piperidinium,-618.3771655,0.297012,0.355134,511.816168,-0.45402,-0.15464,4.4967,-618.0801535,-618.0220315,8.143135999999998,Gaussian,QC,"opt+freq: b3lyp/6-311G** em=gd3bj
energy: M062X/6-311G+(2d, p) em=gd3"
3540,c-c113+c-b47+c-b81,CCC[N+]1(C(C)(C)C)CCCCC1,piperidinium,-527.3532106,0.321699,0.375982,478.013632,-0.46158,-0.10826,0.8719,-527.0315116,-526.9772286,9.610304,Gaussian,QC,"opt+freq: b3lyp/6-311G** em=gd3bj
energy: M062X/6-311G+(2d, p) em=gd3"
3541,c-c113+c-b22+c-b30,CCCC[N+]1(c2ccc(Cl)cc2)CCCCC1,piperidinium,-1100.0637799,0.302293,0.364597,548.64792,-0.38233,-0.16655,6.4221,-1099.7614869,-1099.6991829,5.869216,Gaussian,QC,"opt+freq: b3lyp/6-311G** em=gd3bj
energy: M062X/6-311G+(2d, p) em=gd3"
3542,c-c113+c-b60+c-b71,C=CC[N+]1(CCCCCC)CCCCC1,piperidinium,-604.7463835,0.34867,0.411262,551.183424,-0.41822,-0.15371,4.0057,-604.3977135,-604.3351215,7.194671999999999,Gaussian,QC,"opt+freq: b3lyp/6-311G** em=gd3bj
energy: M062X/6-311G+(2d, p) em=gd3"
3543,c-c113+c-b27+c-b73,CC(C)C[N+]1(C(C)C#N)CCCCC1,piperidinium,-580.283205,0.288977,0.347198,512.6906240000001,-0.47357,-0.14918,4.3963,-579.9942279999999,-579.9360069999999,8.823407999999999,Gaussian,QC,"opt+freq: b3lyp/6-311G** em=gd3bj
energy: M062X/6-311G+(2d, p) em=gd3"
3544,c-c113+c-b21+c-b79,CCCCCCCCC[N+]1(CCCO)CCCCC1,piperidinium,-799.108955,0.453204,0.528003,658.674568,-0.39205,-0.10041,8.6425,-798.655751,-798.580952,7.932608,Gaussian,QC,"opt+freq: b3lyp/6-311G** em=gd3bj
energy: M062X/6-311G+(2d, p) em=gd3"
3545,c-c113+c-b13+c-b40,CN(C)[N+]1(CCC#N)CCCCC1,piperidinium,-556.9716416,0.253239,0.307102,474.323344,-0.40551,-0.12676,5.5733,-556.7184026,-556.6645396,7.581999999999998,Gaussian,QC,"opt+freq: b3lyp/6-311G** em=gd3bj
energy: M062X/6-311G+(2d, p) em=gd3"
3546,c-c113+c-b4+c-b11,OCC[N+]1(C(F)(F)F)CCCCC1,piperidinium,-743.0934349,0.193861,0.245632,455.892824,-0.43344,-0.12094,3.3179,-742.8995739000001,-742.8478029,8.5,Gaussian,QC,"opt+freq: b3lyp/6-311G** em=gd3bj
energy: M062X/6-311G+(2d, p) em=gd3"
3547,c-c113+c-b20+c-b38,C#CC[N+]1(c2ccc(Cl)c(Cl)c2)CCCCC1,piperidinium,-1517.8768265,0.218736,0.280266,541.828,-0.38493,-0.1805,8.5304,-1517.6580905,-1517.5965605,5.560496,Gaussian,QC,"opt+freq: b3lyp/6-311G** em=gd3bj
energy: M062X/6-311G+(2d, p) em=gd3"
3548,c-c113+c-b60+c-b81,C=CC[N+]1(CCC)CCCCC1,piperidinium,-486.8320218,0.271604,0.324299,464.0307040000001,-0.42014,-0.15524,0.7171,-486.5604178,-486.5077228,7.20528,Gaussian,QC,"opt+freq: b3lyp/6-311G** em=gd3bj
energy: M062X/6-311G+(2d, p) em=gd3"
3549,c-c113+c-b37+c-b76,CO[N+]1(CC(C)O)CCCCC1,piperidinium,-559.8254635,0.245882,0.29931,470.4908,-0.41693,-0.13614,3.7636,-559.5795814999999,-559.5261535,7.637487999999999,Gaussian,QC,"opt+freq: b3lyp/6-311G** em=gd3bj
energy: M062X/6-311G+(2d, p) em=gd3"
3550,c-c113+c-b80+c-b81,CCC[N+]1(C(C)C)CCCCC1,piperidinium,-488.0611472,0.293838,0.347366,471.373624,-0.46991,-0.10499,0.812,-487.7673092,-487.7137812,9.925824,Gaussian,QC,"opt+freq: b3lyp/6-311G** em=gd3bj
energy: M062X/6-311G+(2d, p) em=gd3"
3551,c-c89+c-b10,CC[N+]1(C)CCCCC1,piperidinium,-370.1465338,0.215816,0.260726,395.475864,-0.48261,-0.12222,1.849,-369.9307178,-369.8858078,9.802608,Gaussian,QC,"opt+freq: b3lyp/6-311G** em=gd3bj
energy: M062X/6-311G+(2d, p) em=gd3"
3552,c-c113+c-b18+c-b79,CCC(=O)[N+]1(CCCO)CCCCC1,piperidinium,-637.2958168,0.27471,0.335315,533.6901200000001,-0.3999,-0.19893,4.1829,-637.0211068,-636.9605018,5.466384,Gaussian,QC,"opt+freq: b3lyp/6-311G** em=gd3bj
energy: M062X/6-311G+(2d, p) em=gd3"
3553,c-c113+c-b43+c-b76,CO[N+]1(CC#N)CCCCC1,piperidinium,-498.2128837,0.18718,0.236112,430.893424,-0.4762,-0.17389,3.2369,-498.0257037,-497.9767717,8.222832,Gaussian,QC,"opt+freq: b3lyp/6-311G** em=gd3bj
energy: M062X/6-311G+(2d, p) em=gd3"
3554,c-c113+c-b9+c-b48,Cc1cccc([N+]2(C(C)F)CCCCC2)c1,piperidinium,-700.4106383,0.276393,0.335736,522.577416,-0.38519,-0.16007,3.1724,-700.1342453,-700.0749023,6.123264,Gaussian,QC,"opt+freq: b3lyp/6-311G** em=gd3bj
energy: M062X/6-311G+(2d, p) em=gd3"
3555,c-c113+c-b23+c-b53,Clc1cccc([N+]2(c3cccnc3)CCCCC2)c1,piperidinium,-1189.8903893,0.258809,0.319725,536.426456,-0.38284,-0.18081,2.7908,-1189.6315803,-1189.5706643,5.495216,Gaussian,QC,"opt+freq: b3lyp/6-311G** em=gd3bj
energy: M062X/6-311G+(2d, p) em=gd3"
3556,c-c113+c-b22+c-b24,Cc1ccccc1[N+]1(c2ccc(Cl)cc2)CCCCC1,piperidinium,-1213.1619124,0.296487,0.360172,560.8108080000001,-0.37577,-0.16339,4.93,-1212.8654254,-1212.8017404,5.776736,Gaussian,QC,"opt+freq: b3lyp/6-311G** em=gd3bj
energy: M062X/6-311G+(2d, p) em=gd3"
3557,c-c113+c-b8+c-b81,CC#CC[N+]1(CCC)CCCCC1,piperidinium,-524.8944706,0.272065,0.329716,507.669824,-0.39865,-0.13292,1.5917,-524.6224056,-524.5647546,7.227856,Gaussian,QC,"opt+freq: b3lyp/6-311G** em=gd3bj
energy: M062X/6-311G+(2d, p) em=gd3"
3558,c-c113+c-b37+c-b84,CCCCCCCCC[N+]1(CC(C)O)CCCCC1,piperidinium,-799.103993,0.452091,0.527195,661.3565120000001,-0.39768,-0.10612,7.4884,-798.651902,-798.5767979999999,7.930432,Gaussian,QC,"opt+freq: b3lyp/6-311G** em=gd3bj
energy: M062X/6-311G+(2d, p) em=gd3"
3559,c-c113+c-b40+c-b79,CN(C)[N+]1(CCCO)CCCCC1,piperidinium,-579.2727371,0.286923,0.341692,482.293864,-0.38817,-0.10491,0.6511,-578.9858141,-578.9310451,7.704672,Gaussian,QC,"opt+freq: b3lyp/6-311G** em=gd3bj
energy: M062X/6-311G+(2d, p) em=gd3"
3560,c-c113+c-b39+c-b79,COC[N+]1(CCCO)CCCCC1,piperidinium,-599.1850375,0.273704,0.330352,498.8374,-0.41274,-0.10355,1.1,-598.9113335000001,-598.8546855000001,8.409968,Gaussian,QC,"opt+freq: b3lyp/6-311G** em=gd3bj
energy: M062X/6-311G+(2d, p) em=gd3"
3561,c-c113+c-b6+c-b47,CC(C)(C)[N+]1(CCN)CCCCC1,piperidinium,-543.4034998,0.310836,0.365282,479.452928,-0.38145,-0.10323,1.1235,-543.0926638,-543.0382178,7.567584,Gaussian,QC,"opt+freq: b3lyp/6-311G** em=gd3bj
energy: M062X/6-311G+(2d, p) em=gd3"
3562,c-c113+c-b30+c-b37,CCCC[N+]1(CC(C)O)CCCCC1,piperidinium,-602.5795657,0.323336,0.38218,518.175848,-0.41688,-0.10941,2.818,-602.2562297,-602.1973857,8.363183999999999,Gaussian,QC,"opt+freq: b3lyp/6-311G** em=gd3bj
energy: M062X/6-311G+(2d, p) em=gd3"
3563,c-c113+c-b41+c-b81,CCC[N+]1(C2COC(C)(C)O2)CCCCC1,piperidinium,-715.9055055,0.331814,0.392849,537.4682720000001,-0.40954,-0.10986,3.6943,-715.5736915,-715.5126565,8.151296,Gaussian,QC,"opt+freq: b3lyp/6-311G** em=gd3bj
energy: M062X/6-311G+(2d, p) em=gd3"
3564,c-c113+c-b9+c-b80,CC(C)[N+]1(C(C)F)CCCCC1,piperidinium,-547.9949316,0.259628,0.311332,455.307064,-0.47647,-0.11494,2.1573,-547.7353036,-547.6835996,9.833616000000001,Gaussian,QC,"opt+freq: b3lyp/6-311G** em=gd3bj
energy: M062X/6-311G+(2d, p) em=gd3"
3565,c-c113+c-b46+c-b53,Cc1ccc([N+]2(c3cccnc3)CCCCC2)cc1,piperidinium,-769.6031821,0.293044,0.356134,555.568256,-0.38046,-0.17481,2.9302,-769.3101381,-769.2470481,5.593680000000001,Gaussian,QC,"opt+freq: b3lyp/6-311G** em=gd3bj
energy: M062X/6-311G+(2d, p) em=gd3"
3566,c-c113+c-b3+c-b24,Cc1ccccc1[N+]1(C2CCCC2)CCCCC1,piperidinium,-717.8103189,0.340979,0.405952,572.157816,-0.38062,-0.15099,2.5036,-717.4693399,-717.4043669,6.245935999999999,Gaussian,QC,"opt+freq: b3lyp/6-311G** em=gd3bj
energy: M062X/6-311G+(2d, p) em=gd3"
3567,c-c113+c-b13+c-b20,N#CCC[N+]1(c2ccc(Cl)c(Cl)c2)CCCCC1,piperidinium,-1573.2612979,0.235791,0.299226,558.610024,-0.38631,-0.18163,7.4381,-1573.0255069,-1572.9620719,5.567295999999999,Gaussian,QC,"opt+freq: b3lyp/6-311G** em=gd3bj
energy: M062X/6-311G+(2d, p) em=gd3"
3568,c-c113+c-b40+c-b63,CN(C)[N+]1(c2ccc3ccccc3c2)CCCCC1,piperidinium,-770.7746425,0.317789,0.37956,543.9618399999999,-0.34663,-0.17733,3.5869,-770.4568535000001,-770.3950825000001,4.60496,Gaussian,QC,"opt+freq: b3lyp/6-311G** em=gd3bj
energy: M062X/6-311G+(2d, p) em=gd3"
3569,c-c113+c-b4+c-b84,CCCCCCCCC[N+]1(CCO)CCCCC1,piperidinium,-759.8029711,0.426936,0.49892,633.892736,-0.39172,-0.10517,10.268,-759.3760351000001,-759.3040511,7.794160000000001,Gaussian,QC,"opt+freq: b3lyp/6-311G** em=gd3bj
energy: M062X/6-311G+(2d, p) em=gd3"
3570,c-c113+c-b39+c-b84,CCCCCCCCC[N+]1(COC)CCCCC1,piperidinium,-759.7897167,0.423201,0.498029,658.933976,-0.39236,-0.1063,9.3237,-759.3665157,-759.2916877,7.780831999999999,Gaussian,QC,"opt+freq: b3lyp/6-311G** em=gd3bj
energy: M062X/6-311G+(2d, p) em=gd3"
3571,c-c113+c-b65+c-b81,CCC#CC[N+]1(CCC)CCCCC1,piperidinium,-564.20625,0.296929,0.359001,546.59776,-0.39615,-0.12607,2.07,-563.909321,-563.8472489999999,7.346176,Gaussian,QC,"opt+freq: b3lyp/6-311G** em=gd3bj
energy: M062X/6-311G+(2d, p) em=gd3"
3572,c-c113+c-b11+c-b18,CCC(=O)[N+]1(C(F)(F)F)CCCCC1,piperidinium,-781.1944322,0.193045,0.249266,495.080168,-0.4797,-0.22255,3.3046,-781.0013872000001,-780.9451662,6.994479999999999,Gaussian,QC,"opt+freq: b3lyp/6-311G** em=gd3bj
energy: M062X/6-311G+(2d, p) em=gd3"
3573,c-c113+c-b13+c-b28,C=CCC[N+]1(CCC#N)CCCCC1,piperidinium,-579.0583859,0.267841,0.325016,503.485824,-0.39288,-0.13613,5.1954,-578.7905449,-578.7333699,6.983600000000001,Gaussian,QC,"opt+freq: b3lyp/6-311G** em=gd3bj
energy: M062X/6-311G+(2d, p) em=gd3"
3574,c-c113+c-b43+c-b78,CCCCC[N+]1(CC#N)CCCCC1,piperidinium,-580.2802279,0.289473,0.347818,513.791016,-0.44212,-0.15726,6.0784,-579.9907549,-579.9324099,7.748192,Gaussian,QC,"opt+freq: b3lyp/6-311G** em=gd3bj
energy: M062X/6-311G+(2d, p) em=gd3"
3575,c-c113+c-b4+c-b77,OCC[N+]1(CC(F)(F)F)CCCCC1,piperidinium,-782.4072531,0.219562,0.275356,491.3145680000001,-0.43702,-0.12277,5.4115,-782.1876911,-782.1318971000001,8.547600000000001,Gaussian,QC,"opt+freq: b3lyp/6-311G** em=gd3bj
energy: M062X/6-311G+(2d, p) em=gd3"
3576,c-c113+c-b39+c-b63,COC[N+]1(c2ccc3ccccc3c2)CCCCC1,piperidinium,-790.6844661,0.304379,0.368046,560.651816,-0.33912,-0.16816,4.8954,-790.3800871,-790.3164201,4.650111999999999,Gaussian,QC,"opt+freq: b3lyp/6-311G** em=gd3bj
energy: M062X/6-311G+(2d, p) em=gd3"
3577,c-c113+c-b4+c-b79,OCCC[N+]1(CCO)CCCCC1,piperidinium,-599.1957265,0.276324,0.331168,482.950752,-0.40613,-0.10521,1.4915,-598.9194024999999,-598.8645584999999,8.185023999999999,Gaussian,QC,"opt+freq: b3lyp/6-311G** em=gd3bj
energy: M062X/6-311G+(2d, p) em=gd3"
3578,c-c113+c-b47+c-b77,CC(C)(C)[N+]1(CC(F)(F)F)CCCCC1,piperidinium,-785.7950815,0.269438,0.326272,500.473344,-0.47998,-0.11407,5.0997,-785.5256435,-785.4688095,9.952752,Gaussian,QC,"opt+freq: b3lyp/6-311G** em=gd3bj
energy: M062X/6-311G+(2d, p) em=gd3"
3579,c-c113+c-b48+c-b76,CO[N+]1(c2cccc(C)c2)CCCCC1,piperidinium,-637.024148,0.261323,0.318185,500.724384,-0.39006,-0.17157,1.7772,-636.762825,-636.705963,5.942928,Gaussian,QC,"opt+freq: b3lyp/6-311G** em=gd3bj
energy: M062X/6-311G+(2d, p) em=gd3"
3580,c-c113+c-b4+c-b58,O=C(O)C[N+]1(CCO)CCCCC1,piperidinium,-633.9097151,0.231476,0.284257,464.792192,-0.42735,-0.18036,5.4605,-633.6782390999999,-633.6254581,6.718128,Gaussian,QC,"opt+freq: b3lyp/6-311G** em=gd3bj
energy: M062X/6-311G+(2d, p) em=gd3"
3581,c-c113+c-b28+c-b37,C=CCC[N+]1(CC(C)O)CCCCC1,piperidinium,-601.3574081,0.299603,0.358682,520.242744,-0.39012,-0.12487,1.9834,-601.0578051,-600.9987261,7.214800000000001,Gaussian,QC,"opt+freq: b3lyp/6-311G** em=gd3bj
energy: M062X/6-311G+(2d, p) em=gd3"
3582,c-c90+c-b16,N#CCCC[N+]12CCC(CC1)CC2,piperidinium,-539.7883772,0.246242,0.298223,457.742152,-0.45751,-0.13304,5.0475,-539.5421352,-539.4901542,8.825584,Gaussian,QC,"opt+freq: b3lyp/6-311G** em=gd3bj
energy: M062X/6-311G+(2d, p) em=gd3"
3583,c-c113+c-b3+c-b36,c1ccc([N+]2(C3CCCC3)CCCCC2)cc1,piperidinium,-678.5610907,0.321203,0.380136,518.96244,-0.39416,-0.15458,1.3606,-678.2398877,-678.1809547,6.516576000000001,Gaussian,QC,"opt+freq: b3lyp/6-311G** em=gd3bj
energy: M062X/6-311G+(2d, p) em=gd3"
3584,c-c113+c-b24+c-b53,Cc1ccccc1[N+]1(c2cccnc2)CCCCC1,piperidinium,-769.5895473,0.296594,0.356733,529.577248,-0.38622,-0.17837,2.9044,-769.2929533,-769.2328143000001,5.65352,Gaussian,QC,"opt+freq: b3lyp/6-311G** em=gd3bj
energy: M062X/6-311G+(2d, p) em=gd3"
3585,c-c113+c-b39+c-b41,COC[N+]1(C2COC(C)(C)O2)CCCCC1,piperidinium,-751.8085563,0.307144,0.368988,544.593624,-0.40046,-0.11509,5.028,-751.5014123,-751.4395683,7.762064000000001,Gaussian,QC,"opt+freq: b3lyp/6-311G** em=gd3bj
energy: M062X/6-311G+(2d, p) em=gd3"
3586,c-c113+c-b31+c-b40,CN(C)[N+]1(CCC(F)(F)F)CCCCC1,piperidinium,-801.7951309,0.257016,0.315129,511.74504,-0.40672,-0.11425,6.1675,-801.5381149,-801.4800019,7.955184,Gaussian,QC,"opt+freq: b3lyp/6-311G** em=gd3bj
energy: M062X/6-311G+(2d, p) em=gd3"
3587,c-c113+c-b41+c-b45,CC1(C)OCC([N+]2(C(=O)O)CCCCC2)O1,piperidinium,-786.5282045,0.250867,0.318109,592.132232,-0.40924,-0.1614,2.015,-786.2773375,-786.2100955,6.741248,Gaussian,QC,"opt+freq: b3lyp/6-311G** em=gd3bj
energy: M062X/6-311G+(2d, p) em=gd3"
3588,c-c113+c-b13+c-b63,N#CCC[N+]1(c2ccc3ccccc3c2)CCCCC1,piperidinium,-807.6336901,0.296718,0.360428,561.0367440000001,-0.35239,-0.28061,6.2384,-807.3369720999999,-807.2732621,1.952415999999999,Gaussian,QC,"opt+freq: b3lyp/6-311G** em=gd3bj
energy: M062X/6-311G+(2d, p) em=gd3"
3589,c-c113+c-b30+c-b83,CCCCCC[N+]1(CCCC)CCCCC1,piperidinium,-645.2717726,0.397439,0.46369,583.4002240000001,-0.4272,-0.10953,4.2582,-644.8743336,-644.8080825999999,8.640624,Gaussian,QC,"opt+freq: b3lyp/6-311G** em=gd3bj
energy: M062X/6-311G+(2d, p) em=gd3"
3590,c-c113+c-b3+c-b8,CC#CC[N+]1(C2CCCC2)CCCCC1,piperidinium,-602.3041341,0.304354,0.366141,544.091544,-0.39833,-0.12738,1.2405,-601.9997801000001,-601.9379931000001,7.369840000000001,Gaussian,QC,"opt+freq: b3lyp/6-311G** em=gd3bj
energy: M062X/6-311G+(2d, p) em=gd3"
3591,c-c113+c-b39+c-b69,CCCCCCCCCC[N+]1(COC)CCCCC1,piperidinium,-799.097181,0.450919,0.527241,672.088472,-0.38548,-0.10447,10.7236,-798.646262,-798.56994,7.643471999999999,Gaussian,QC,"opt+freq: b3lyp/6-311G** em=gd3bj
energy: M062X/6-311G+(2d, p) em=gd3"
3592,c-c113+c-b47+c-b67,Cc1ccc([N+]2(C(C)(C)C)CCCCC2)cc1F,piperidinium,-779.0192402,0.329132,0.392687,559.664392,-0.37988,-0.1591,4.3897,-778.6901082,-778.6265532,6.005216,Gaussian,QC,"opt+freq: b3lyp/6-311G** em=gd3bj
energy: M062X/6-311G+(2d, p) em=gd3"
3593,c-c113+c-b10+c-b48,CC[N+]1(c2cccc(C)c2)CCCCC1,piperidinium,-601.1697393,0.285179,0.342889,508.197008,-0.38454,-0.15807,2.938,-600.8845603,-600.8268502999999,6.159984,Gaussian,QC,"opt+freq: b3lyp/6-311G** em=gd3bj
energy: M062X/6-311G+(2d, p) em=gd3"
3594,c-c113+c-b9+c-b76,CO[N+]1(C(C)F)CCCCC1,piperidinium,-544.5390354,0.20868,0.257846,432.96032,-0.46304,-0.14369,3.2908,-544.3303554,-544.2811894,8.68632,Gaussian,QC,"opt+freq: b3lyp/6-311G** em=gd3bj
energy: M062X/6-311G+(2d, p) em=gd3"
3595,c-c113+c-b12+c-b60,C=CC[N+]1(C(=O)C(C)(C)C)CCCCC1,piperidinium,-639.4534864,0.301539,0.362411,536.0373440000001,-0.41742,-0.19504,2.3024,-639.1519473999999,-639.0910754,6.048736000000001,Gaussian,QC,"opt+freq: b3lyp/6-311G** em=gd3bj
energy: M062X/6-311G+(2d, p) em=gd3"
3596,c-c113+c-b79+c-b83,CCCCCC[N+]1(CCCO)CCCCC1,piperidinium,-681.1927473,0.376524,0.441076,568.4382400000001,-0.41274,-0.10254,4.8709,-680.8162232999999,-680.7516713,8.437439999999999,Gaussian,QC,"opt+freq: b3lyp/6-311G** em=gd3bj
energy: M062X/6-311G+(2d, p) em=gd3"
3597,c-c113+c-b12+c-b53,CC(C)(C)C(=O)[N+]1(c2cccnc2)CCCCC1,piperidinium,-769.8196258,0.30758,0.369967,549.375936,-0.39816,-0.20118,4.2534,-769.5120458,-769.4496588000001,5.357856,Gaussian,QC,"opt+freq: b3lyp/6-311G** em=gd3bj
energy: M062X/6-311G+(2d, p) em=gd3"
3598,c-c113+c-b53+c-b71,CCCCCC[N+]1(c2cccnc2)CCCCC1,piperidinium,-735.1069939,0.354328,0.41898,569.325248,-0.39354,-0.17381,3.8491,-734.7526659,-734.6880139,5.976656,Gaussian,QC,"opt+freq: b3lyp/6-311G** em=gd3bj
energy: M062X/6-311G+(2d, p) em=gd3"
3599,c-c113+c-b9+c-b37,CC(O)C[N+]1(C(C)F)CCCCC1,piperidinium,-623.213444,0.261962,0.317049,485.101328,-0.41399,-0.10953,3.1408,-622.9514819999999,-622.896395,8.281312,Gaussian,QC,"opt+freq: b3lyp/6-311G** em=gd3bj
energy: M062X/6-311G+(2d, p) em=gd3"
3600,c-c113+c-b70+c-b79,O=S(=O)(O)CCC[N+]1(CCCO)CCCCC1,piperidinium,-1187.0982831,0.306251,0.373022,587.985888,-0.41993,-0.11015,7.7006,-1186.7920321,-1186.7252611,8.426016,Gaussian,QC,"opt+freq: b3lyp/6-311G** em=gd3bj
energy: M062X/6-311G+(2d, p) em=gd3"
3601,c-c113+c-b10+c-b22,CC[N+]1(c2ccc(Cl)cc2)CCCCC1,piperidinium,-1021.3667472,0.24709,0.30426,503.435616,-0.37779,-0.1827,6.5721,-1021.1196572,-1021.0624872,5.306448,Gaussian,QC,"opt+freq: b3lyp/6-311G** em=gd3bj
energy: M062X/6-311G+(2d, p) em=gd3"
3602,c-c89+c-b1,C[N+]1(C23CC4CC(CC(C4)C2)C3)CCCCC1,piperidinium,-680.8560544,0.348137,0.418077,615.888984,-0.32937,-0.27733,7.3429,-680.5079174,-680.4379773999999,1.415487999999999,Gaussian,QC,"opt+freq: b3lyp/6-311G** em=gd3bj
energy: M062X/6-311G+(2d, p) em=gd3"
3603,c-c113+c-b9+c-b58,CC(F)[N+]1(CC(=O)O)CCCCC1,piperidinium,-657.9508994,0.218304,0.271045,464.440736,-0.43761,-0.16677,4.0054,-657.7325954,-657.6798544000001,7.366847999999999,Gaussian,QC,"opt+freq: b3lyp/6-311G** em=gd3bj
energy: M062X/6-311G+(2d, p) em=gd3"
3604,c-c113+c-b28+c-b47,C=CCC[N+]1(C(C)(C)C)CCCCC1,piperidinium,-565.425463,0.324614,0.38148,500.757856,-0.3875,-0.12301,1.3901,-565.100849,-565.043983,7.194128,Gaussian,QC,"opt+freq: b3lyp/6-311G** em=gd3bj
energy: M062X/6-311G+(2d, p) em=gd3"
3605,c-c113+c-b24+c-b80,Cc1ccccc1[N+]1(C(C)C)CCCCC1,piperidinium,-640.4625539,0.315034,0.372216,503.548584,-0.38662,-0.15731,2.3414,-640.1475199,-640.0903379,6.237232000000001,Gaussian,QC,"opt+freq: b3lyp/6-311G** em=gd3bj
energy: M062X/6-311G+(2d, p) em=gd3"
3606,c-c113+c-b65+c-b73,CCC#CC[N+]1(CC(C)C)CCCCC1,piperidinium,-603.5131356,0.322299,0.387517,574.308392,-0.39422,-0.1254,1.1607,-603.1908366,-603.1256186,7.311904,Gaussian,QC,"opt+freq: b3lyp/6-311G** em=gd3bj
energy: M062X/6-311G+(2d, p) em=gd3"
3607,c-c113+c-b11+c-b78,CCCCC[N+]1(C(F)(F)F)CCCCC1,piperidinium,-785.7869766,0.266366,0.326633,530.7111120000001,-0.45028,-0.11079,3.0495,-785.5206106,-785.4603436,9.234128,Gaussian,QC,"opt+freq: b3lyp/6-311G** em=gd3bj
energy: M062X/6-311G+(2d, p) em=gd3"
3608,c-c113+c-b47+c-b78,CCCCC[N+]1(C(C)(C)C)CCCCC1,piperidinium,-605.9639052,0.371723,0.433832,546.9366640000001,-0.44088,-0.1032,2.2847,-605.5921822,-605.5300732,9.184895999999998,Gaussian,QC,"opt+freq: b3lyp/6-311G** em=gd3bj
energy: M062X/6-311G+(2d, p) em=gd3"
3609,c-c89+c-b72,CCC(C)C[N+]1(C)CCCCC1,piperidinium,-488.06051,0.293528,0.3473,473.515832,-0.45217,-0.11713,2.6933,-487.766982,-487.71321,9.113088,Gaussian,QC,"opt+freq: b3lyp/6-311G** em=gd3bj
energy: M062X/6-311G+(2d, p) em=gd3"
3610,c-c113+c-b18+c-b29,CCC(=O)[N+]1(C(C)C)CCCCC1,piperidinium,-562.0724678,0.2726,0.328577,492.93796,-0.44151,-0.20193,2.3104,-561.7998678,-561.7438908,6.516576000000001,Gaussian,QC,"opt+freq: b3lyp/6-311G** em=gd3bj
energy: M062X/6-311G+(2d, p) em=gd3"
3611,c-c113+c-b50+c-b60,C=CC[N+]1(c2ccc(C=C)cc2)CCCCC1,piperidinium,-677.3206129,0.292577,0.354343,543.903264,-0.35183,-0.16924,3.4642,-677.0280359,-676.9662699,4.966447999999999,Gaussian,QC,"opt+freq: b3lyp/6-311G** em=gd3bj
energy: M062X/6-311G+(2d, p) em=gd3"
3612,c-c113+c-b37+c-b81,CCC[N+]1(CC(C)O)CCCCC1,piperidinium,-563.2750531,0.296973,0.353258,495.640824,-0.41764,-0.11122,2.9611,-562.9780801,-562.9217951,8.334624,Gaussian,QC,"opt+freq: b3lyp/6-311G** em=gd3bj
energy: M062X/6-311G+(2d, p) em=gd3"
3613,c-c113+c-b18+c-b55,CCC(=O)[N+]1(c2cscn2)CCCCC1,piperidinium,-1011.99673,0.222537,0.280338,508.9961520000001,-0.40913,-0.20185,1.1511,-1011.774193,-1011.716392,5.638015999999999,Gaussian,QC,"opt+freq: b3lyp/6-311G** em=gd3bj
energy: M062X/6-311G+(2d, p) em=gd3"
3614,c-c113+c-b3+c-b86,Clc1ccc([N+]2(C3CCCC3)CCCCC2)c(Cl)c1,piperidinium,-1597.7561153,0.298928,0.363796,571.2206,-0.38815,-0.17489,5.6756,-1597.4571873,-1597.3923193,5.800672,Gaussian,QC,"opt+freq: b3lyp/6-311G** em=gd3bj
energy: M062X/6-311G+(2d, p) em=gd3"
3615,c-c113+c-b11+c-b37,CC(O)C[N+]1(C(F)(F)F)CCCCC1,piperidinium,-782.3962621,0.218749,0.273945,486.051096,-0.41937,-0.12207,2.5004,-782.1775130999999,-782.1223170999999,8.08656,Gaussian,QC,"opt+freq: b3lyp/6-311G** em=gd3bj
energy: M062X/6-311G+(2d, p) em=gd3"
3616,c-c113+c-b1+c-b47,CC(C)(C)[N+]1(C23CC4CC(CC(C4)C2)C3)CCCCC1,piperidinium,-798.8242272,0.428959,0.506269,680.7828240000001,-0.34627,-0.2157,7.2728,-798.3952682,-798.3179582,3.551504,Gaussian,QC,"opt+freq: b3lyp/6-311G** em=gd3bj
energy: M062X/6-311G+(2d, p) em=gd3"
3617,c-c89+c-b46,Cc1ccc([N+]2(C)CCCCC2)cc1,piperidinium,-561.8613478,0.258085,0.313968,492.109528,-0.38633,-0.15613,3.5989,-561.6032627999999,-561.5473797999999,6.26144,Gaussian,QC,"opt+freq: b3lyp/6-311G** em=gd3bj
energy: M062X/6-311G+(2d, p) em=gd3"
3618,c-c113+c-b13+c-b27,CC(C#N)[N+]1(CCC#N)CCCCC1,piperidinium,-593.8957705,0.234863,0.290185,487.159856,-0.46281,-0.16573,7.9454,-593.6609075,-593.6055855000001,8.080576,Gaussian,QC,"opt+freq: b3lyp/6-311G** em=gd3bj
energy: M062X/6-311G+(2d, p) em=gd3"
3619,c-c113+c-b27+c-b51,CC(C#N)[N+]1(C2CCCCC2)CCCCC1,piperidinium,-657.6812963,0.326524,0.38461,511.502368,-0.44116,-0.15584,4.5699,-657.3547723,-657.2966863,7.760704,Gaussian,QC,"opt+freq: b3lyp/6-311G** em=gd3bj
energy: M062X/6-311G+(2d, p) em=gd3"
3620,c-c113+c-b20+c-b81,CCC[N+]1(c2ccc(Cl)c(Cl)c2)CCCCC1,piperidinium,-1520.3563287,0.264982,0.327269,548.50148,-0.38341,-0.17538,8.7929,-1520.0913467,-1520.0290597,5.658415999999999,Gaussian,QC,"opt+freq: b3lyp/6-311G** em=gd3bj
energy: M062X/6-311G+(2d, p) em=gd3"
3621,c-c90+c-b32,FC(F)C(F)(F)C(F)(F)CC[N+]12CCC(CC1)CC2,piperidinium,-1121.6331989,0.24957,0.314113,568.358744,-0.45712,-0.12617,9.3962,-1121.3836289,-1121.3190859,9.00184,Gaussian,QC,"opt+freq: b3lyp/6-311G** em=gd3bj
energy: M062X/6-311G+(2d, p) em=gd3"
3622,c-c113+c-b72+c-b81,CCC[N+]1(CC(C)CC)CCCCC1,piperidinium,-566.6635239,0.345123,0.405214,529.158848,-0.45027,-0.10923,2.6418,-566.3184009,-566.2583099,9.276288,Gaussian,QC,"opt+freq: b3lyp/6-311G** em=gd3bj
energy: M062X/6-311G+(2d, p) em=gd3"
3623,c-c113+c-b4+c-b17,CCCCCCCCCC(=O)[N+]1(CCO)CCCCC1,piperidinium,-873.0435202,0.419268,0.503522,741.9361680000001,-0.32696,-0.1972,3.6471,-872.6242522,-872.5399982,3.529472,Gaussian,QC,"opt+freq: b3lyp/6-311G** em=gd3bj
energy: M062X/6-311G+(2d, p) em=gd3"
3624,c-c113+c-b27+c-b80,CC(C)[N+]1(C(C)C#N)CCCCC1,piperidinium,-540.9748575,0.264653,0.318335,472.725056,-0.47488,-0.14842,4.5675,-540.7102045,-540.6565224999999,8.879712000000001,Gaussian,QC,"opt+freq: b3lyp/6-311G** em=gd3bj
energy: M062X/6-311G+(2d, p) em=gd3"
3625,c-c113+c-b68+c-b79,CC(C)CCC[N+]1(CCCO)CCCCC1,piperidinium,-681.1907248,0.375177,0.440338,573.806312,-0.40321,-0.10659,3.4011,-680.8155478,-680.7503868,8.068064,Gaussian,QC,"opt+freq: b3lyp/6-311G** em=gd3bj
energy: M062X/6-311G+(2d, p) em=gd3"
3626,c-c113+c-b10+c-b56,CCCCCCC[N+]1(CC)CCCCC1,piperidinium,-605.9751084,0.37045,0.434722,565.982232,-0.41403,-0.10861,6.1855,-605.6046584,-605.5403864,8.307424000000001,Gaussian,QC,"opt+freq: b3lyp/6-311G** em=gd3bj
energy: M062X/6-311G+(2d, p) em=gd3"
3627,c-c113+c-b6+c-b38,C#CC[N+]1(CCN)CCCCC1,piperidinium,-501.6298046,0.238901,0.290293,452.558176,-0.39269,-0.13395,1.8155,-501.3909036,-501.3395116,7.037727999999999,Gaussian,QC,"opt+freq: b3lyp/6-311G** em=gd3bj
energy: M062X/6-311G+(2d, p) em=gd3"
3628,c-c113+c-b24+c-b38,C#CC[N+]1(c2ccccc2C)CCCCC1,piperidinium,-637.9796565,0.268747,0.325556,500.255776,-0.38447,-0.15403,1.7575,-637.7109095000001,-637.6541005,6.267967999999999,Gaussian,QC,"opt+freq: b3lyp/6-311G** em=gd3bj
energy: M062X/6-311G+(2d, p) em=gd3"
3629,c-c113+c-b2+c-b60,C=CC[N+]1(CC(O)CCCCCC)CCCCC1,piperidinium,-758.5848111,0.403427,0.474759,628.148104,-0.40765,-0.14605,5.6592,-758.1813841000001,-758.1100521000001,7.11552,Gaussian,QC,"opt+freq: b3lyp/6-311G** em=gd3bj
energy: M062X/6-311G+(2d, p) em=gd3"
3630,c-c113+c-b8+c-b43,CC#CC[N+]1(CC#N)CCCCC1,piperidinium,-538.5127439,0.214927,0.271962,502.243176,-0.41291,-0.15977,4.2198,-538.2978169,-538.2407819,6.885408000000001,Gaussian,QC,"opt+freq: b3lyp/6-311G** em=gd3bj
energy: M062X/6-311G+(2d, p) em=gd3"
3631,c-c113+c-b51+c-b53,c1cncc([N+]2(C3CCCCC3)CCCCC2)c1,piperidinium,-733.8731887,0.336669,0.396424,526.196576,-0.39574,-0.25073,2.6819,-733.5365197,-733.4767647,3.944271999999999,Gaussian,QC,"opt+freq: b3lyp/6-311G** em=gd3bj
energy: M062X/6-311G+(2d, p) em=gd3"
3632,c-c113+c-b75+c-b76,CO[N+]1(c2c(Cl)cccc2Cl)CCCCC1,piperidinium,-1516.8848189,0.214863,0.273432,515.753312,-0.39548,-0.19351,1.3907,-1516.6699559,-1516.6113869,5.493584,Gaussian,QC,"opt+freq: b3lyp/6-311G** em=gd3bj
energy: M062X/6-311G+(2d, p) em=gd3"
3633,c-c113+c-b12+c-b45,CC(C)(C)C(=O)[N+]1(C(=O)O)CCCCC1,piperidinium,-711.3279081,0.255842,0.315361,524.121312,-0.45233,-0.2017,2.981,-711.0720660999999,-711.0125470999999,6.817136000000001,Gaussian,QC,"opt+freq: b3lyp/6-311G** em=gd3bj
energy: M062X/6-311G+(2d, p) em=gd3"
3634,c-c113+c-b9+c-b20,CC(F)[N+]1(c2ccc(Cl)c(Cl)c2)CCCCC1,piperidinium,-1580.2935873,0.230229,0.291252,537.3720400000001,-0.38895,-0.18396,6.5135,-1580.0633583,-1580.0023353,5.575728,Gaussian,QC,"opt+freq: b3lyp/6-311G** em=gd3bj
energy: M062X/6-311G+(2d, p) em=gd3"
3635,c-c89+c-b35,CCC(C)[N+]1(C)CCCCC1,piperidinium,-448.7574754,0.26738,0.318293,448.344888,-0.47058,-0.11279,0.8553,-448.4900954,-448.4391824,9.731888,Gaussian,QC,"opt+freq: b3lyp/6-311G** em=gd3bj
energy: M062X/6-311G+(2d, p) em=gd3"
3636,c-c113+c-b41+c-b65,CCC#CC[N+]1(C2COC(C)(C)O2)CCCCC1,piperidinium,-792.054251,0.334676,0.403893,609.520936,-0.39599,-0.12866,3.5493,-791.7195750000001,-791.650358,7.271376,Gaussian,QC,"opt+freq: b3lyp/6-311G** em=gd3bj
energy: M062X/6-311G+(2d, p) em=gd3"
3637,c-c113+c-b58+c-b67,Cc1ccc([N+]2(CC(=O)O)CCCCC2)cc1F,piperidinium,-849.6649701,0.260961,0.324237,557.208384,-0.38672,-0.16465,5.1039,-849.4040091,-849.3407331,6.040304,Gaussian,QC,"opt+freq: b3lyp/6-311G** em=gd3bj
energy: M062X/6-311G+(2d, p) em=gd3"
3638,c-c113+c-b29+c-b58,CC(C)[N+]1(CC(=O)O)CCCCC1,piperidinium,-598.0151422,0.252934,0.306934,475.519968,-0.43846,-0.17071,2.7498,-597.7622082,-597.7082082000001,7.282800000000001,Gaussian,QC,"opt+freq: b3lyp/6-311G** em=gd3bj
energy: M062X/6-311G+(2d, p) em=gd3"
3639,c-c113+c-b28+c-b74,C=CCC[N+]1(C(C)=O)CCCCC1,piperidinium,-560.8476963,0.249443,0.305112,490.21836,-0.39897,-0.20467,3.4331,-560.5982533,-560.5425843,5.28496,Gaussian,QC,"opt+freq: b3lyp/6-311G** em=gd3bj
energy: M062X/6-311G+(2d, p) em=gd3"
3640,c-c113+c-b12+c-b36,CC(C)(C)C(=O)[N+]1(c2ccccc2)CCCCC1,piperidinium,-753.7860611,0.318757,0.381758,554.7858480000001,-0.3979,-0.19093,1.9184,-753.4673041,-753.4043031,5.629583999999999,Gaussian,QC,"opt+freq: b3lyp/6-311G** em=gd3bj
energy: M062X/6-311G+(2d, p) em=gd3"
3641,c-c113+c-b29+c-b71,CCCCCC[N+]1(C(C)C)CCCCC1,piperidinium,-605.9762938,0.371062,0.434412,557.861088,-0.42756,-0.10338,4.1228,-605.6052318,-605.5418818,8.817696,Gaussian,QC,"opt+freq: b3lyp/6-311G** em=gd3bj
energy: M062X/6-311G+(2d, p) em=gd3"
3642,c-c113+c-b35+c-b65,CCC#CC[N+]1(C(C)CC)CCCCC1,piperidinium,-603.5097093,0.321967,0.38777,579.458896,-0.39377,-0.11717,1.8332,-603.1877423000001,-603.1219393,7.52352,Gaussian,QC,"opt+freq: b3lyp/6-311G** em=gd3bj
energy: M062X/6-311G+(2d, p) em=gd3"
3643,c-c113+c-b16+c-b36,N#CCCC[N+]1(c2ccccc2)CCCCC1,piperidinium,-693.3771617,0.284477,0.344868,531.803136,-0.39777,-0.1616,5.2586,-693.0926847,-693.0322937,6.423824000000001,Gaussian,QC,"opt+freq: b3lyp/6-311G** em=gd3bj
energy: M062X/6-311G+(2d, p) em=gd3"
3644,c-c113+c-b22+c-b48,Cc1cccc([N+]2(c3ccc(Cl)cc3)CCCCC2)c1,piperidinium,-1213.168877,0.293672,0.359691,581.354248,-0.37362,-0.16332,5.0556,-1212.875205,-1212.809186,5.72016,Gaussian,QC,"opt+freq: b3lyp/6-311G** em=gd3bj
energy: M062X/6-311G+(2d, p) em=gd3"
3645,c-c113+c-b18+c-b65,CCC#CC[N+]1(C(=O)CC)CCCCC1,piperidinium,-638.2105609,0.274836,0.340252,576.044752,-0.39615,-0.20322,2.7305,-637.9357249,-637.8703089,5.247695999999999,Gaussian,QC,"opt+freq: b3lyp/6-311G** em=gd3bj
energy: M062X/6-311G+(2d, p) em=gd3"
3646,c-c113+c-b6+c-b8,CC#CC[N+]1(CCN)CCCCC1,piperidinium,-540.9485542,0.261499,0.319455,510.360136,-0.38207,-0.12089,2.0757,-540.6870552,-540.6290992,7.104096,Gaussian,QC,"opt+freq: b3lyp/6-311G** em=gd3bj
energy: M062X/6-311G+(2d, p) em=gd3"
3647,c-c113+c-b39+c-b61,CCCCCCCC[N+]1(COC)CCCCC1,piperidinium,-720.4887001,0.399126,0.469078,615.9977680000001,-0.39986,-0.10662,8.0186,-720.0895740999999,-720.0196221,7.976128,Gaussian,QC,"opt+freq: b3lyp/6-311G** em=gd3bj
energy: M062X/6-311G+(2d, p) em=gd3"
3648,c-c113+c-b45+c-b58,O=C(O)C[N+]1(C(=O)O)CCCCC1,piperidinium,-668.616982,0.182001,0.235869,474.356816,-0.42386,-0.22034,6.9294,-668.434981,-668.381113,5.535744,Gaussian,QC,"opt+freq: b3lyp/6-311G** em=gd3bj
energy: M062X/6-311G+(2d, p) em=gd3"
3649,c-c113+c-b29+c-b43,CC(C)[N+]1(CC#N)CCCCC1,piperidinium,-501.6703212,0.237263,0.289531,460.265104,-0.48271,-0.15738,4.5406,-501.4330582,-501.3807902,8.848976,Gaussian,QC,"opt+freq: b3lyp/6-311G** em=gd3bj
energy: M062X/6-311G+(2d, p) em=gd3"
3650,c-c90+c-b69,CCCCCCCCCC[N+]12CCC(CC1)CC2,piperidinium,-722.688714,0.430342,0.500276,615.8345919999999,-0.38659,-0.12067,11.2745,-722.258372,-722.188438,7.233023999999999,Gaussian,QC,"opt+freq: b3lyp/6-311G** em=gd3bj
energy: M062X/6-311G+(2d, p) em=gd3"
3651,c-c113+c-b13+c-b79,N#CCC[N+]1(CCCO)CCCCC1,piperidinium,-616.2048148,0.269214,0.325747,497.820688,-0.41538,-0.12409,4.8367,-615.9356008,-615.8790678,7.923088000000001,Gaussian,QC,"opt+freq: b3lyp/6-311G** em=gd3bj
energy: M062X/6-311G+(2d, p) em=gd3"
3652,c-c113+c-b28+c-b43,C=CCC[N+]1(CC#N)CCCCC1,piperidinium,-539.7452962,0.240673,0.295453,482.390096,-0.40139,-0.15976,4.7009,-539.5046232,-539.4498432,6.572336,Gaussian,QC,"opt+freq: b3lyp/6-311G** em=gd3bj
energy: M062X/6-311G+(2d, p) em=gd3"
3653,c-c113+c-b29+c-b61,CCCCCCCC[N+]1(C(C)C)CCCCC1,piperidinium,-684.5820992,0.42306,0.49244,610.956048,-0.40165,-0.10778,7.6527,-684.1590392,-684.0896592,7.993264,Gaussian,QC,"opt+freq: b3lyp/6-311G** em=gd3bj
energy: M062X/6-311G+(2d, p) em=gd3"
3654,c-c113+c-b36+c-b50,C=Cc1ccc([N+]2(c3ccccc3)CCCCC2)cc1,piperidinium,-791.6477514,0.309548,0.373709,564.998992,-0.34903,-0.16934,2.7788,-791.3382034,-791.2740424,4.887568,Gaussian,QC,"opt+freq: b3lyp/6-311G** em=gd3bj
energy: M062X/6-311G+(2d, p) em=gd3"
3655,c-c113+c-b50+c-b53,C=Cc1ccc([N+]2(c3cccnc3)CCCCC2)cc1,piperidinium,-807.6798886,0.2975,0.36197,567.722776,-0.3517,-0.17496,3.1862,-807.3823886,-807.3179186,4.807328,Gaussian,QC,"opt+freq: b3lyp/6-311G** em=gd3bj
energy: M062X/6-311G+(2d, p) em=gd3"
3656,c-c113+c-b28+c-b36,C=CCC[N+]1(c2ccccc2)CCCCC1,piperidinium,-639.2368791,0.29098,0.349194,512.636232,-0.38707,-0.16112,2.0416,-638.9458991,-638.8876851,6.14584,Gaussian,QC,"opt+freq: b3lyp/6-311G** em=gd3bj
energy: M062X/6-311G+(2d, p) em=gd3"
3657,c-c113+c-b47+c-b50,C=Cc1ccc([N+]2(C(C)(C)C)CCCCC2)cc1,piperidinium,-717.8547436,0.341512,0.40563,564.618248,-0.35011,-0.17004,3.4094,-717.5132316,-717.4491136,4.897904,Gaussian,QC,"opt+freq: b3lyp/6-311G** em=gd3bj
energy: M062X/6-311G+(2d, p) em=gd3"
3658,c-c113+c-b27+c-b43,CC(C#N)[N+]1(CC#N)CCCCC1,piperidinium,-554.5788721,0.207524,0.260738,468.603816,-0.48155,-0.18145,7.8969,-554.3713481,-554.3181341000001,8.162719999999998,Gaussian,QC,"opt+freq: b3lyp/6-311G** em=gd3bj
energy: M062X/6-311G+(2d, p) em=gd3"
3659,c-c113+c-b22+c-b23,Clc1ccc([N+]2(c3cccc(Cl)c3)CCCCC2)cc1,piperidinium,-1633.4564509,0.258648,0.32323,568.7060160000001,-0.37665,-0.17315,5.1122,-1633.1978029,-1633.1332209,5.5352,Gaussian,QC,"opt+freq: b3lyp/6-311G** em=gd3bj
energy: M062X/6-311G+(2d, p) em=gd3"
3660,c-c113+c-b21+c-b29,CCCCCCCCC[N+]1(C(C)C)CCCCC1,piperidinium,-723.8903234,0.448245,0.521358,643.83392,-0.39368,-0.10234,8.9819,-723.4420784,-723.3689654000001,7.924447999999999,Gaussian,QC,"opt+freq: b3lyp/6-311G** em=gd3bj
energy: M062X/6-311G+(2d, p) em=gd3"
3661,c-c113+c-b11+c-b41,CC1(C)OCC([N+]2(C(F)(F)F)CCCCC2)O1,piperidinium,-935.0321002,0.252162,0.313483,539.98704,-0.42418,-0.10987,1.7488,-934.7799382,-934.7186171999999,8.549232,Gaussian,QC,"opt+freq: b3lyp/6-311G** em=gd3bj
energy: M062X/6-311G+(2d, p) em=gd3"
3662,c-c113+c-b6+c-b65,CCC#CC[N+]1(CCN)CCCCC1,piperidinium,-580.252956,0.287061,0.348591,541.828,-0.38047,-0.11962,3.5854,-579.965895,-579.904365,7.095119999999999,Gaussian,QC,"opt+freq: b3lyp/6-311G** em=gd3bj
energy: M062X/6-311G+(2d, p) em=gd3"
3663,c-c90+c-b10,CC[N+]12CCC(CC1)CC2,piperidinium,-408.2522386,0.224064,0.268328,389.7898080000001,-0.47184,-0.12693,1.5294,-408.0281746,-407.9839106,9.381552,Gaussian,QC,"opt+freq: b3lyp/6-311G** em=gd3bj
energy: M062X/6-311G+(2d, p) em=gd3"
3664,c-c113+c-b11+c-b25,CC1CCN([N+]2(C(F)(F)F)CCCCC2)CC1,piperidinium,-879.1986011,0.290794,0.350274,523.782408,-0.39174,-0.12504,2.4738,-878.9078071,-878.8483271,7.254239999999998,Gaussian,QC,"opt+freq: b3lyp/6-311G** em=gd3bj
energy: M062X/6-311G+(2d, p) em=gd3"
3665,c-c113+c-b10+c-b32,CC[N+]1(CCC(F)(F)C(F)(F)C(F)F)CCCCC1,piperidinium,-1122.8332089,0.267215,0.335527,601.550416,-0.45605,-0.11287,9.3532,-1122.5659939,-1122.4976819,9.334496000000001,Gaussian,QC,"opt+freq: b3lyp/6-311G** em=gd3bj
energy: M062X/6-311G+(2d, p) em=gd3"
3666,c-c113+c-b4+c-b10,CC[N+]1(CCO)CCCCC1,piperidinium,-484.673569,0.245725,0.295881,441.679776,-0.4284,-0.11103,0.5905,-484.427844,-484.377688,8.632463999999999,Gaussian,QC,"opt+freq: b3lyp/6-311G** em=gd3bj
energy: M062X/6-311G+(2d, p) em=gd3"
3667,c-c113+c-b36+c-b43,N#CC[N+]1(c2ccccc2)CCCCC1,piperidinium,-614.6730046,0.234027,0.284057,440.562648,-0.3236,-0.21973,2.6134,-614.4389776,-614.3889476,2.825264,Gaussian,QC,"opt+freq: b3lyp/6-311G** em=gd3bj
energy: M062X/6-311G+(2d, p) em=gd3"
3668,c-c113+c-b50+c-b79,C=Cc1ccc([N+]2(CCCO)CCCCC2)cc1,piperidinium,-753.7716756,0.319672,0.383912,565.6935360000001,-0.35343,-0.17064,2.9114,-753.4520036,-753.3877636,4.971888000000001,Gaussian,QC,"opt+freq: b3lyp/6-311G** em=gd3bj
energy: M062X/6-311G+(2d, p) em=gd3"
3669,c-c113+c-b38+c-b39,C#CC[N+]1(COC)CCCCC1,piperidinium,-521.4861546,0.224066,0.277039,466.4825280000001,-0.42251,-0.13924,1.3585,-521.2620886,-521.2091156,7.704944,Gaussian,QC,"opt+freq: b3lyp/6-311G** em=gd3bj
energy: M062X/6-311G+(2d, p) em=gd3"
3670,c-c113+c-b37+c-b60,C=CC[N+]1(CC(C)O)CCCCC1,piperidinium,-562.0431551,0.274094,0.329588,488.6744640000001,-0.41514,-0.15928,3.0024,-561.7690611,-561.7135671000001,6.959391999999999,Gaussian,QC,"opt+freq: b3lyp/6-311G** em=gd3bj
energy: M062X/6-311G+(2d, p) em=gd3"
3671,c-c113+c-b16+c-b45,N#CCCC[N+]1(C(=O)O)CCCCC1,piperidinium,-650.9141204,0.221225,0.277833,498.490128,-0.43956,-0.20574,4.4733,-650.6928954,-650.6362874,6.359904,Gaussian,QC,"opt+freq: b3lyp/6-311G** em=gd3bj
energy: M062X/6-311G+(2d, p) em=gd3"
3672,c-c89+c-b76,CO[N+]1(C)CCCCC1,piperidinium,-405.9966927,0.191241,0.235978,393.952888,-0.46809,-0.13954,1.8572,-405.8054517,-405.7607147,8.93656,Gaussian,QC,"opt+freq: b3lyp/6-311G** em=gd3bj
energy: M062X/6-311G+(2d, p) em=gd3"
3673,c-c113+c-b27+c-b77,CC(C#N)[N+]1(CC(F)(F)F)CCCCC1,piperidinium,-799.4043446,0.212465,0.269084,498.5863600000001,-0.48566,-0.16647,8.1423,-799.1918796,-799.1352605999999,8.681968,Gaussian,QC,"opt+freq: b3lyp/6-311G** em=gd3bj
energy: M062X/6-311G+(2d, p) em=gd3"
3674,c-c113+c-b39+c-b83,CCCCCC[N+]1(COC)CCCCC1,piperidinium,-641.8793109,0.347575,0.411083,559.250176,-0.42035,-0.10749,4.8442,-641.5317359,-641.4682279,8.509792000000001,Gaussian,QC,"opt+freq: b3lyp/6-311G** em=gd3bj
energy: M062X/6-311G+(2d, p) em=gd3"
3675,c-c113+c-b61+c-b83,CCCCCCCC[N+]1(CCCCCC)CCCCC1,piperidinium,-802.4945143,0.502008,0.579889,685.8203599999999,-0.40344,-0.10234,7.4978,-801.9925063,-801.9146253,8.18992,Gaussian,QC,"opt+freq: b3lyp/6-311G** em=gd3bj
energy: M062X/6-311G+(2d, p) em=gd3"
3676,c-c113+c-b8+c-b11,CC#CC[N+]1(C(F)(F)F)CCCCC1,piperidinium,-744.0172833,0.192917,0.250506,507.134272,-0.40859,-0.14744,3.3224,-743.8243663000001,-743.7667773000001,7.10328,Gaussian,QC,"opt+freq: b3lyp/6-311G** em=gd3bj
energy: M062X/6-311G+(2d, p) em=gd3"
3677,c-c89+c-b44,CC(C)CC[N+]1(C)CCCCC1,piperidinium,-488.06226,0.293146,0.347078,474.930024,-0.45092,-0.11833,3.1496,-487.769114,-487.715182,9.046448,Gaussian,QC,"opt+freq: b3lyp/6-311G** em=gd3bj
energy: M062X/6-311G+(2d, p) em=gd3"
3678,c-c113+c-b18+c-b74,CCC(=O)[N+]1(C(C)=O)CCCCC1,piperidinium,-596.7823594,0.224841,0.2807,491.887776,-0.45027,-0.21213,3.7118,-596.5575184,-596.5016594,6.477408,Gaussian,QC,"opt+freq: b3lyp/6-311G** em=gd3bj
energy: M062X/6-311G+(2d, p) em=gd3"
3679,c-c113+c-b56+c-b76,CCCCCCC[N+]1(OC)CCCCC1,piperidinium,-641.8248987,0.346939,0.409918,554.5892000000001,-0.4195,-0.13189,4.8449,-641.4779596999999,-641.4149807,7.822991999999999,Gaussian,QC,"opt+freq: b3lyp/6-311G** em=gd3bj
energy: M062X/6-311G+(2d, p) em=gd3"
3680,c-c113+c-b45+c-b78,CCCCC[N+]1(C(=O)O)CCCCC1,piperidinium,-637.3142174,0.276213,0.335404,521.2343520000001,-0.4469,-0.18054,3.2359,-637.0380044,-636.9788133999999,7.244992000000001,Gaussian,QC,"opt+freq: b3lyp/6-311G** em=gd3bj
energy: M062X/6-311G+(2d, p) em=gd3"
3681,c-c113+c-b30+c-b48,CCCC[N+]1(c2cccc(C)c2)CCCCC1,piperidinium,-679.7764941,0.337332,0.401037,560.978168,-0.38253,-0.15442,2.8548,-679.4391621000001,-679.3754571000001,6.204591999999999,Gaussian,QC,"opt+freq: b3lyp/6-311G** em=gd3bj
energy: M062X/6-311G+(2d, p) em=gd3"
3682,c-c113+c-b22+c-b29,CC(C)[N+]1(c2ccc(Cl)cc2)CCCCC1,piperidinium,-1060.7617264,0.275729,0.335022,522.129728,-0.38239,-0.16803,6.3603,-1060.4859974,-1060.4267044,5.830591999999999,Gaussian,QC,"opt+freq: b3lyp/6-311G** em=gd3bj
energy: M062X/6-311G+(2d, p) em=gd3"
3683,c-c113+c-b4+c-b28,C=CCC[N+]1(CCO)CCCCC1,piperidinium,-562.0485461,0.275588,0.330546,483.9674640000001,-0.40243,-0.14204,2.2966,-561.7729581,-561.7180000999999,7.082608,Gaussian,QC,"opt+freq: b3lyp/6-311G** em=gd3bj
energy: M062X/6-311G+(2d, p) em=gd3"
3684,c-c113+c-b28+c-b81,C=CCC[N+]1(CCC)CCCCC1,piperidinium,-526.1314932,0.295899,0.353254,505.063192,-0.38745,-0.11974,1.4422,-525.8355942000001,-525.7782392,7.281712,Gaussian,QC,"opt+freq: b3lyp/6-311G** em=gd3bj
energy: M062X/6-311G+(2d, p) em=gd3"
3685,c-c113+c-b11+c-b45,O=C(O)[N+]1(C(F)(F)F)CCCCC1,piperidinium,-777.7993833,0.146802,0.197728,448.457856,-0.49764,-0.19946,3.0049,-777.6525813000001,-777.6016553000001,8.110496,Gaussian,QC,"opt+freq: b3lyp/6-311G** em=gd3bj
energy: M062X/6-311G+(2d, p) em=gd3"
3686,c-c113+c-b19+c-b36,FCCC[N+]1(c2ccccc2)CCCCC1,piperidinium,-700.4021488,0.28071,0.337687,501.732728,-0.40219,-0.16312,3.3249,-700.1214388,-700.0644618,6.502704,Gaussian,QC,"opt+freq: b3lyp/6-311G** em=gd3bj
energy: M062X/6-311G+(2d, p) em=gd3"
3687,c-c113+c-b22+c-b74,CC(=O)[N+]1(c2ccc(Cl)cc2)CCCCC1,piperidinium,-1095.4720781,0.22941,0.287409,510.7366960000001,-0.38907,-0.20668,5.3871,-1095.2426681,-1095.1846691,4.961008000000001,Gaussian,QC,"opt+freq: b3lyp/6-311G** em=gd3bj
energy: M062X/6-311G+(2d, p) em=gd3"
3688,c-c113+c-b56+c-b78,CCCCCCC[N+]1(CCCCC)CCCCC1,piperidinium,-723.8809156,0.448471,0.521686,644.729296,-0.41356,-0.10836,5.4522,-723.4324445999999,-723.3592295999999,8.30144,Gaussian,QC,"opt+freq: b3lyp/6-311G** em=gd3bj
energy: M062X/6-311G+(2d, p) em=gd3"
3689,c-c113+c-b10+c-b54,CCCCCCCCCCC[N+]1(CC)CCCCC1,piperidinium,-763.1913582,0.473789,0.550704,677.30592,-0.37857,-0.11075,13.2375,-762.7175692,-762.6406542,7.284704,Gaussian,QC,"opt+freq: b3lyp/6-311G** em=gd3bj
energy: M062X/6-311G+(2d, p) em=gd3"
3690,c-c113+c-b24+c-b77,Cc1ccccc1[N+]1(CC(F)(F)F)CCCCC1,piperidinium,-898.894218,0.262229,0.322853,533.85748,-0.39229,-0.16407,4.7743,-898.631989,-898.571365,6.207584000000001,Gaussian,QC,"opt+freq: b3lyp/6-311G** em=gd3bj
energy: M062X/6-311G+(2d, p) em=gd3"
3691,c-c113+c-b16+c-b78,CCCCC[N+]1(CCCC#N)CCCCC1,piperidinium,-658.8972294,0.343104,0.406614,559.266912,-0.42902,-0.11873,7.1919,-658.5541254,-658.4906154,8.439888,Gaussian,QC,"opt+freq: b3lyp/6-311G** em=gd3bj
energy: M062X/6-311G+(2d, p) em=gd3"
3692,c-c113+c-b10+c-b61,CCCCCCCC[N+]1(CC)CCCCC1,piperidinium,-645.2812473,0.39759,0.463781,582.8772240000001,-0.40526,-0.10744,7.4464,-644.8836573,-644.8174663,8.100704,Gaussian,QC,"opt+freq: b3lyp/6-311G** em=gd3bj
energy: M062X/6-311G+(2d, p) em=gd3"
3693,c-c113+c-b67+c-b80,Cc1ccc([N+]2(C(C)C)CCCCC2)cc1F,piperidinium,-739.7165814,0.302266,0.364362,546.811144,-0.38244,-0.16024,4.7397,-739.4143154,-739.3522194,6.04384,Gaussian,QC,"opt+freq: b3lyp/6-311G** em=gd3bj
energy: M062X/6-311G+(2d, p) em=gd3"
3694,c-c113+c-b30+c-b38,C#CC[N+]1(CCCC)CCCCC1,piperidinium,-524.884184,0.273579,0.329452,492.013296,-0.42394,-0.14286,2.3031,-524.610605,-524.5547320000001,7.645376,Gaussian,QC,"opt+freq: b3lyp/6-311G** em=gd3bj
energy: M062X/6-311G+(2d, p) em=gd3"
3695,c-c113+c-b16+c-b60,C=CC[N+]1(CCCC#N)CCCCC1,piperidinium,-579.0649304,0.267371,0.325142,508.736744,-0.42112,-0.15673,4.5904,-578.7975594,-578.7397884,7.191408,Gaussian,QC,"opt+freq: b3lyp/6-311G** em=gd3bj
energy: M062X/6-311G+(2d, p) em=gd3"
3696,c-c113+c-b69+c-b81,CCCCCCCCCC[N+]1(CCC)CCCCC1,piperidinium,-763.1912541,0.475411,0.550833,664.159792,-0.38651,-0.10454,10.5437,-762.7158431,-762.6404211,7.669584000000001,Gaussian,QC,"opt+freq: b3lyp/6-311G** em=gd3bj
energy: M062X/6-311G+(2d, p) em=gd3"
3697,c-c90+c-b30,CCCC[N+]12CCC(CC1)CC2,piperidinium,-486.8601543,0.276071,0.326366,442.893136,-0.45913,-0.12384,1.6692,-486.5840833,-486.5337883,9.119888,Gaussian,QC,"opt+freq: b3lyp/6-311G** em=gd3bj
energy: M062X/6-311G+(2d, p) em=gd3"
3698,c-c113+c-b27+c-b39,COC[N+]1(C(C)C#N)CCCCC1,piperidinium,-576.8791541,0.239307,0.295115,491.448456,-0.43251,-0.15023,3.9529,-576.6398471,-576.5840391,7.678016,Gaussian,QC,"opt+freq: b3lyp/6-311G** em=gd3bj
energy: M062X/6-311G+(2d, p) em=gd3"
3699,c-c113+c-b41+c-b68,CC(C)CCC[N+]1(C2COC(C)(C)O2)CCCCC1,piperidinium,-833.8191342,0.408173,0.479149,625.0101040000001,-0.40343,-0.11083,1.7236,-833.4109612,-833.3399852,7.95872,Gaussian,QC,"opt+freq: b3lyp/6-311G** em=gd3bj
energy: M062X/6-311G+(2d, p) em=gd3"
3700,c-c113+c-b74+c-b86,CC(=O)[N+]1(c2ccc(Cl)cc2Cl)CCCCC1,piperidinium,-1555.0600361,0.218435,0.279189,534.995528,-0.38982,-0.19946,7.5808,-1554.8416011,-1554.7808471,5.177792,Gaussian,QC,"opt+freq: b3lyp/6-311G** em=gd3bj
energy: M062X/6-311G+(2d, p) em=gd3"
3701,c-c113+c-b22+c-b56,CCCCCCC[N+]1(c2ccc(Cl)cc2)CCCCC1,piperidinium,-1217.989502,0.370614,0.449638,695.88288,-0.37292,-0.20917,3.9915,-1217.618888,-1217.539864,4.454,Gaussian,QC,"opt+freq: b3lyp/6-311G** em=gd3bj
energy: M062X/6-311G+(2d, p) em=gd3"
3702,c-c113+c-b12+c-b44,CC(C)CC[N+]1(C(=O)C(C)(C)C)CCCCC1,piperidinium,-719.2948309,0.376153,0.443353,591.759856,-0.43445,-0.19329,3.7938,-718.9186778999999,-718.8514779,6.559552,Gaussian,QC,"opt+freq: b3lyp/6-311G** em=gd3bj
energy: M062X/6-311G+(2d, p) em=gd3"
3703,c-c89+c-b15,CCCCCCCCCCCC[N+]1(C)CCCCC1,piperidinium,-763.192294,0.473099,0.550552,682.05476,-0.37238,-0.11635,15.8625,-762.7191949999999,-762.6417419999999,6.964015999999999,Gaussian,QC,"opt+freq: b3lyp/6-311G** em=gd3bj
energy: M062X/6-311G+(2d, p) em=gd3"
3704,c-c113+c-b10+c-b35,CCC(C)[N+]1(CC)CCCCC1,piperidinium,-488.0638097,0.294181,0.347459,469.168656,-0.46878,-0.10648,0.897,-487.7696287,-487.7163507,9.85456,Gaussian,QC,"opt+freq: b3lyp/6-311G** em=gd3bj
energy: M062X/6-311G+(2d, p) em=gd3"
3705,c-c113+c-b8+c-b21,CC#CC[N+]1(CCCCCCCCC)CCCCC1,piperidinium,-760.731023,0.42463,0.503708,696.355672,-0.39383,-0.12336,8.6139,-760.3063930000001,-760.2273150000001,7.356783999999999,Gaussian,QC,"opt+freq: b3lyp/6-311G** em=gd3bj
energy: M062X/6-311G+(2d, p) em=gd3"
3706,c-c113+c-b36+c-b80,CC(C)[N+]1(c2ccccc2)CCCCC1,piperidinium,-601.1636647,0.287408,0.343226,491.532136,-0.39816,-0.16003,1.939,-600.8762567,-600.8204387000001,6.477136,Gaussian,QC,"opt+freq: b3lyp/6-311G** em=gd3bj
energy: M062X/6-311G+(2d, p) em=gd3"
3707,c-c113+c-b19+c-b79,OCCC[N+]1(CCCF)CCCCC1,piperidinium,-662.5182913,0.290818,0.34804,503.895856,-0.41068,-0.10686,2.8265,-662.2274733,-662.1702513,8.263903999999998,Gaussian,QC,"opt+freq: b3lyp/6-311G** em=gd3bj
energy: M062X/6-311G+(2d, p) em=gd3"
3708,c-c113+c-b45+c-b63,O=C(O)[N+]1(c2ccc3ccccc3c2)CCCCC1,piperidinium,-825.4202079,0.260619,0.320815,530.083512,-0.35757,-0.1919,3.6966,-825.1595889,-825.0993929,4.506224,Gaussian,QC,"opt+freq: b3lyp/6-311G** em=gd3bj
energy: M062X/6-311G+(2d, p) em=gd3"
3709,c-c113+c-b61+c-b79,CCCCCCCC[N+]1(CCCO)CCCCC1,piperidinium,-759.8004279,0.427372,0.498941,630.227552,-0.39617,-0.10301,7.9774,-759.3730559,-759.3014869000001,7.973952000000001,Gaussian,QC,"opt+freq: b3lyp/6-311G** em=gd3bj
energy: M062X/6-311G+(2d, p) em=gd3"
3710,c-c113+c-b19+c-b78,CCCCC[N+]1(CCCF)CCCCC1,piperidinium,-665.9052049,0.339006,0.399912,536.338592,-0.43332,-0.10799,4.9475,-665.5661988999999,-665.5052929,8.848976,Gaussian,QC,"opt+freq: b3lyp/6-311G** em=gd3bj
energy: M062X/6-311G+(2d, p) em=gd3"
3711,c-c113+c-b27+c-b44,CC(C)CC[N+]1(C(C)C#N)CCCCC1,piperidinium,-619.5886585,0.315457,0.376034,533.443264,-0.44331,-0.14724,6.2201,-619.2732014999999,-619.2126245,8.053103999999998,Gaussian,QC,"opt+freq: b3lyp/6-311G** em=gd3bj
energy: M062X/6-311G+(2d, p) em=gd3"
3712,c-c113+c-b3+c-b51,C1CCC([N+]2(C3CCCC3)CCCCC2)CC1,piperidinium,-682.1732536,0.388908,0.450073,538.614688,-0.43553,-0.10352,1.0359,-681.7843455999999,-681.7231806,9.030672,Gaussian,QC,"opt+freq: b3lyp/6-311G** em=gd3bj
energy: M062X/6-311G+(2d, p) em=gd3"
3713,c-c113+c-b28+c-b48,C=CCC[N+]1(c2cccc(C)c2)CCCCC1,piperidinium,-678.5457698,0.314028,0.377546,559.333856,-0.37477,-0.15464,2.9912,-678.2317418,-678.1682238,5.987536,Gaussian,QC,"opt+freq: b3lyp/6-311G** em=gd3bj
energy: M062X/6-311G+(2d, p) em=gd3"
3714,c-c113+c-b43+c-b60,C=CC[N+]1(CC#N)CCCCC1,piperidinium,-500.440802,0.215109,0.266465,452.240192,-0.43427,-0.17782,4.1337,-500.225693,-500.174337,6.975439999999999,Gaussian,QC,"opt+freq: b3lyp/6-311G** em=gd3bj
energy: M062X/6-311G+(2d, p) em=gd3"
3715,c-c113+c-b9+c-b12,CC(F)[N+]1(C(=O)C(C)(C)C)CCCCC1,piperidinium,-700.6183165,0.289841,0.349615,526.3681200000001,-0.44705,-0.20136,3.1346,-700.3284755,-700.2687015,6.682767999999999,Gaussian,QC,"opt+freq: b3lyp/6-311G** em=gd3bj
energy: M062X/6-311G+(2d, p) em=gd3"
3716,c-c113+c-b63+c-b76,CO[N+]1(c2ccc3ccccc3c2)CCCCC1,piperidinium,-751.3355398,0.278836,0.337781,519.071224,-0.35057,-0.18783,3.6206,-751.0567038,-750.9977588,4.426527999999999,Gaussian,QC,"opt+freq: b3lyp/6-311G** em=gd3bj
energy: M062X/6-311G+(2d, p) em=gd3"
3717,c-c113+c-b36+c-b39,COC[N+]1(c2ccccc2)CCCCC1,piperidinium,-637.0595809,0.264133,0.320161,493.37728,-0.39312,-0.15497,2.356,-636.7954479,-636.7394199,6.47768,Gaussian,QC,"opt+freq: b3lyp/6-311G** em=gd3bj
energy: M062X/6-311G+(2d, p) em=gd3"
3718,c-c113+c-b12+c-b76,CO[N+]1(C(=O)C(C)(C)C)CCCCC1,piperidinium,-637.216788,0.272009,0.331823,526.72376,-0.44141,-0.20622,2.4946,-636.9447789999999,-636.884965,6.397168000000001,Gaussian,QC,"opt+freq: b3lyp/6-311G** em=gd3bj
energy: M062X/6-311G+(2d, p) em=gd3"
3719,c-c113+c-b32+c-b39,COC[N+]1(CCC(F)(F)C(F)(F)C(F)F)CCCCC1,piperidinium,-1198.0433861,0.270728,0.340953,618.3993839999999,-0.41755,-0.11088,8.3059,-1197.7726581,-1197.7024331,8.341424,Gaussian,QC,"opt+freq: b3lyp/6-311G** em=gd3bj
energy: M062X/6-311G+(2d, p) em=gd3"
3720,c-c113+c-b23+c-b24,Cc1ccccc1[N+]1(c2cccc(Cl)c2)CCCCC1,piperidinium,-1213.1556215,0.29654,0.360268,561.1831840000001,-0.37881,-0.16705,4.3095,-1212.8590815,-1212.7953535,5.759871999999999,Gaussian,QC,"opt+freq: b3lyp/6-311G** em=gd3bj
energy: M062X/6-311G+(2d, p) em=gd3"
3721,c-c113+c-b51+c-b65,CCC#CC[N+]1(C2CCCCC2)CCCCC1,piperidinium,-680.9153591,0.360078,0.424783,569.789672,-0.39322,-0.12594,1.4764,-680.5552811,-680.4905761,7.270016,Gaussian,QC,"opt+freq: b3lyp/6-311G** em=gd3bj
energy: M062X/6-311G+(2d, p) em=gd3"
3722,c-c113+c-b22+c-b76,CO[N+]1(c2ccc(Cl)cc2)CCCCC1,piperidinium,-1057.3004419,0.22534,0.281667,496.0215680000001,-0.38645,-0.18436,7.5074,-1057.0751019,-1057.0187749,5.496848,Gaussian,QC,"opt+freq: b3lyp/6-311G** em=gd3bj
energy: M062X/6-311G+(2d, p) em=gd3"
3723,c-c113+c-b48+c-b81,CCC[N+]1(c2cccc(C)c2)CCCCC1,piperidinium,-640.473071,0.311405,0.37186,532.363792,-0.38449,-0.15751,2.796,-640.161666,-640.101211,6.173856,Gaussian,QC,"opt+freq: b3lyp/6-311G** em=gd3bj
energy: M062X/6-311G+(2d, p) em=gd3"
3724,c-c89+c-b27,CC(C#N)[N+]1(C)CCCCC1,piperidinium,-462.3668065,0.211813,0.260619,429.776296,-0.48682,-0.16145,4.0638,-462.1549935,-462.1061875,8.850063999999998,Gaussian,QC,"opt+freq: b3lyp/6-311G** em=gd3bj
energy: M062X/6-311G+(2d, p) em=gd3"
3725,c-c113+c-b9+c-b47,CC(F)[N+]1(C(C)(C)C)CCCCC1,piperidinium,-587.2891385,0.286861,0.339752,465.758696,-0.46787,-0.11542,1.7846,-587.0022775,-586.9493865000001,9.586640000000001,Gaussian,QC,"opt+freq: b3lyp/6-311G** em=gd3bj
energy: M062X/6-311G+(2d, p) em=gd3"
3726,c-c113+c-b47+c-b65,CCC#CC[N+]1(C(C)(C)C)CCCCC1,piperidinium,-603.5000936,0.324005,0.386864,553.534832,-0.3901,-0.12411,1.9129,-603.1760886,-603.1132296000001,7.234928,Gaussian,QC,"opt+freq: b3lyp/6-311G** em=gd3bj
energy: M062X/6-311G+(2d, p) em=gd3"
3727,c-c113+c-b9+c-b22,CC(F)[N+]1(c2ccc(Cl)cc2)CCCCC1,piperidinium,-1120.695788,0.241711,0.29946,508.531728,-0.38507,-0.16887,6.4798,-1120.454077,-1120.396328,5.880640000000001,Gaussian,QC,"opt+freq: b3lyp/6-311G** em=gd3bj
energy: M062X/6-311G+(2d, p) em=gd3"
3728,c-c113+c-b10+c-b79,CC[N+]1(CCCO)CCCCC1,piperidinium,-523.977286,0.27245,0.324977,462.545384,-0.41282,-0.10543,0.7744,-523.704836,-523.6523090000001,8.361008000000002,Gaussian,QC,"opt+freq: b3lyp/6-311G** em=gd3bj
energy: M062X/6-311G+(2d, p) em=gd3"
3729,c-c113+c-b11+c-b76,CO[N+]1(C(F)(F)F)CCCCC1,piperidinium,-703.7190606,0.164895,0.214862,440.014544,-0.48497,-0.16452,3.2015,-703.5541656,-703.5041986,8.71624,Gaussian,QC,"opt+freq: b3lyp/6-311G** em=gd3bj
energy: M062X/6-311G+(2d, p) em=gd3"
3730,c-c113+c-b4+c-b68,CC(C)CCC[N+]1(CCO)CCCCC1,piperidinium,-641.8878895,0.348417,0.411044,551.4930400000001,-0.41988,-0.10725,4.8075,-641.5394725,-641.4768455000001,8.503535999999999,Gaussian,QC,"opt+freq: b3lyp/6-311G** em=gd3bj
energy: M062X/6-311G+(2d, p) em=gd3"
3731,c-c113+c-b28+c-b73,C=CCC[N+]1(CC(C)C)CCCCC1,piperidinium,-565.4405662,0.322991,0.381953,519.217664,-0.39189,-0.13029,2.1852,-565.1175752,-565.0586132000001,7.115520000000001,Gaussian,QC,"opt+freq: b3lyp/6-311G** em=gd3bj
energy: M062X/6-311G+(2d, p) em=gd3"
3732,c-c113+c-b43+c-b81,CCC[N+]1(CC#N)CCCCC1,piperidinium,-501.6680563,0.238483,0.289902,452.788296,-0.47834,-0.16204,5.0883,-501.4295733,-501.3781543,8.60336,Gaussian,QC,"opt+freq: b3lyp/6-311G** em=gd3bj
energy: M062X/6-311G+(2d, p) em=gd3"
3733,c-c113+c-b31+c-b77,FC(F)(F)CC[N+]1(CC(F)(F)F)CCCCC1,piperidinium,-1044.2408111,0.216935,0.277948,537.2799920000001,-0.49279,-0.13077,8.81,-1044.0238761,-1043.9628631,9.846944,Gaussian,QC,"opt+freq: b3lyp/6-311G** em=gd3bj
energy: M062X/6-311G+(2d, p) em=gd3"
3734,c-c113+c-b74+c-b76,CO[N+]1(C(C)=O)CCCCC1,piperidinium,-519.3176321,0.195896,0.245849,439.8848400000001,-0.45604,-0.22284,1.7999,-519.1217361,-519.0717831,6.343039999999999,Gaussian,QC,"opt+freq: b3lyp/6-311G** em=gd3bj
energy: M062X/6-311G+(2d, p) em=gd3"
3735,c-c90+c-b39,COC[N+]12CCC(CC1)CC2,piperidinium,-483.4576664,0.225768,0.273721,422.274384,-0.4277,-0.1237,1.7851,-483.2318984,-483.1839454,8.2688,Gaussian,QC,"opt+freq: b3lyp/6-311G** em=gd3bj
energy: M062X/6-311G+(2d, p) em=gd3"
3736,c-c113+c-b31+c-b60,C=CC[N+]1(CCC(F)(F)F)CCCCC1,piperidinium,-784.5808029,0.246287,0.304147,509.510784,-0.42328,-0.15971,5.7491,-784.3345158999999,-784.2766559,7.169103999999999,Gaussian,QC,"opt+freq: b3lyp/6-311G** em=gd3bj
energy: M062X/6-311G+(2d, p) em=gd3"
3737,c-c113+c-b37+c-b38,C#CC[N+]1(CC(C)O)CCCCC1,piperidinium,-560.7992473,0.250939,0.305947,484.4026000000001,-0.42179,-0.14421,2.5674,-560.5483083,-560.4933003000001,7.550176,Gaussian,QC,"opt+freq: b3lyp/6-311G** em=gd3bj
energy: M062X/6-311G+(2d, p) em=gd3"
3738,c-c113+c-b37+c-b74,CC(=O)[N+]1(CC(C)O)CCCCC1,piperidinium,-597.9882924,0.248368,0.304743,496.435784,-0.42062,-0.20953,3.6678,-597.7399244,-597.6835494,5.741648,Gaussian,QC,"opt+freq: b3lyp/6-311G** em=gd3bj
energy: M062X/6-311G+(2d, p) em=gd3"
3739,c-c113+c-b20+c-b36,Clc1ccc([N+]2(c3ccccc3)CCCCC2)cc1Cl,piperidinium,-1633.4540439,0.258828,0.323258,567.37132,-0.37601,-0.17319,7.5995,-1633.1952159,-1633.1307859,5.516704,Gaussian,QC,"opt+freq: b3lyp/6-311G** em=gd3bj
energy: M062X/6-311G+(2d, p) em=gd3"
3740,c-c113+c-b54+c-b76,CCCCCCCCCCC[N+]1(OC)CCCCC1,piperidinium,-799.0483481,0.449572,0.525893,672.07592,-0.38133,-0.12826,11.5559,-798.5987761,-798.5224551,6.883504,Gaussian,QC,"opt+freq: b3lyp/6-311G** em=gd3bj
energy: M062X/6-311G+(2d, p) em=gd3"
3741,c-c113+c-b30+c-b78,CCCCC[N+]1(CCCC)CCCCC1,piperidinium,-605.9722057,0.37005,0.434769,569.915192,-0.44153,-0.10746,2.9684,-605.6021557,-605.5374367000001,9.086704,Gaussian,QC,"opt+freq: b3lyp/6-311G** em=gd3bj
energy: M062X/6-311G+(2d, p) em=gd3"
3742,c-c113+c-b3+c-b41,CC1(C)OCC([N+]2(C3CCCC3)CCCCC2)O1,piperidinium,-793.3181988,0.365599,0.429395,561.7814960000001,-0.40694,-0.10328,1.6776,-792.9525998,-792.8888038,8.259552000000001,Gaussian,QC,"opt+freq: b3lyp/6-311G** em=gd3bj
energy: M062X/6-311G+(2d, p) em=gd3"
3743,c-c113+c-b37+c-b83,CCCCCC[N+]1(CC(C)O)CCCCC1,piperidinium,-681.1848212,0.374417,0.440116,578.5467840000001,-0.41483,-0.11135,2.5582,-680.8104042,-680.7447052,8.254655999999999,Gaussian,QC,"opt+freq: b3lyp/6-311G** em=gd3bj
energy: M062X/6-311G+(2d, p) em=gd3"
3744,c-c113+c-b48+c-b78,CCCCC[N+]1(c2cccc(C)c2)CCCCC1,piperidinium,-719.0642442,0.362584,0.430254,595.902016,-0.37864,-0.15332,2.1623,-718.7016602,-718.6339902,6.128703999999999,Gaussian,QC,"opt+freq: b3lyp/6-311G** em=gd3bj
energy: M062X/6-311G+(2d, p) em=gd3"
3745,c-c113+c-b81+c-b84,CCCCCCCCC[N+]1(CCC)CCCCC1,piperidinium,-723.8856845,0.447649,0.521701,652.0931360000001,-0.39288,-0.10596,9.1126,-723.4380355000001,-723.3639835,7.804224,Gaussian,QC,"opt+freq: b3lyp/6-311G** em=gd3bj
energy: M062X/6-311G+(2d, p) em=gd3"
3746,c-c113+c-b23+c-b71,CCCCCC[N+]1(c2cccc(Cl)c2)CCCCC1,piperidinium,-1178.6572788,0.35371,0.422782,608.253184,-0.38078,-0.16663,5.5053,-1178.3035688,-1178.2344968,5.82488,Gaussian,QC,"opt+freq: b3lyp/6-311G** em=gd3bj
energy: M062X/6-311G+(2d, p) em=gd3"
3747,c-c113+c-b16+c-b22,N#CCCC[N+]1(c2ccc(Cl)cc2)CCCCC1,piperidinium,-1152.9860368,0.273228,0.336676,558.727176,-0.38943,-0.17454,8.0562,-1152.7128088,-1152.6493608,5.845008,Gaussian,QC,"opt+freq: b3lyp/6-311G** em=gd3bj
energy: M062X/6-311G+(2d, p) em=gd3"
3748,c-c113+c-b46+c-b78,CCCCC[N+]1(c2ccc(C)cc2)CCCCC1,piperidinium,-719.0698918,0.362324,0.430008,596.027536,-0.37885,-0.14837,1.5591,-718.7075678000001,-718.6398838,6.269056,Gaussian,QC,"opt+freq: b3lyp/6-311G** em=gd3bj
energy: M062X/6-311G+(2d, p) em=gd3"
3749,c-c113+c-b12+c-b27,CC(C#N)[N+]1(C(=O)C(C)(C)C)CCCCC1,piperidinium,-693.5940094,0.293653,0.35662,554.4846,-0.44318,-0.20793,5.9619,-693.3003564,-693.2373894,6.3988,Gaussian,QC,"opt+freq: b3lyp/6-311G** em=gd3bj
energy: M062X/6-311G+(2d, p) em=gd3"
3750,c-c113+c-b13+c-b70,N#CCC[N+]1(CCCS(=O)(=O)O)CCCCC1,piperidinium,-1164.8021883,0.274406,0.338492,564.3421040000001,-0.42708,-0.13635,11.9453,-1164.5277823,-1164.4636963,7.907856000000001,Gaussian,QC,"opt+freq: b3lyp/6-311G** em=gd3bj
energy: M062X/6-311G+(2d, p) em=gd3"
3751,c-c113+c-b39+c-b43,COC[N+]1(CC#N)CCCCC1,piperidinium,-537.5736158,0.213497,0.266401,465.871664,-0.43877,-0.15782,3.8641,-537.3601188,-537.3072148,7.641840000000001,Gaussian,QC,"opt+freq: b3lyp/6-311G** em=gd3bj
energy: M062X/6-311G+(2d, p) em=gd3"
3752,c-c113+c-b38+c-b63,C#CC[N+]1(c2ccc3ccccc3c2)CCCCC1,piperidinium,-752.306234,0.284393,0.344597,530.1504560000001,-0.34306,-0.1691,4.5488,-752.021841,-751.961637,4.731711999999999,Gaussian,QC,"opt+freq: b3lyp/6-311G** em=gd3bj
energy: M062X/6-311G+(2d, p) em=gd3"
3753,c-c113+c-b24+c-b36,Cc1ccccc1[N+]1(c2ccccc2)CCCCC1,piperidinium,-753.563677,0.308107,0.368346,530.4600720000001,-0.38011,-0.15685,1.5575,-753.25557,-753.195331,6.072672,Gaussian,QC,"opt+freq: b3lyp/6-311G** em=gd3bj
energy: M062X/6-311G+(2d, p) em=gd3"
3754,c-c113+c-b12+c-b73,CC(C)C[N+]1(C(=O)C(C)(C)C)CCCCC1,piperidinium,-679.9889272,0.350846,0.414546,560.944696,-0.43583,-0.19236,2.626,-679.6380812,-679.5743812000001,6.622383999999999,Gaussian,QC,"opt+freq: b3lyp/6-311G** em=gd3bj
energy: M062X/6-311G+(2d, p) em=gd3"
3755,c-c113+c-b60+c-b79,C=CC[N+]1(CCCO)CCCCC1,piperidinium,-562.0530761,0.275444,0.330474,484.59088,-0.41034,-0.15042,0.4859,-561.7776321,-561.7226021,7.069824,Gaussian,QC,"opt+freq: b3lyp/6-311G** em=gd3bj
energy: M062X/6-311G+(2d, p) em=gd3"
3756,c-c113+c-b53+c-b81,CCC[N+]1(c2cccnc2)CCCCC1,piperidinium,-617.1930674,0.276523,0.331925,487.866952,-0.39706,-0.17911,3.5268,-616.9165444,-616.8611424000001,5.928240000000001,Gaussian,QC,"opt+freq: b3lyp/6-311G** em=gd3bj
energy: M062X/6-311G+(2d, p) em=gd3"
3757,c-c113+c-b39+c-b54,CCCCCCCCCCC[N+]1(COC)CCCCC1,piperidinium,-838.3996474,0.476212,0.555966,702.3095040000001,-0.37636,-0.10911,13.4238,-837.9234354,-837.8436814,7.2692,Gaussian,QC,"opt+freq: b3lyp/6-311G** em=gd3bj
energy: M062X/6-311G+(2d, p) em=gd3"
3758,c-c113+c-b23+c-b74,CC(=O)[N+]1(c2cccc(Cl)c2)CCCCC1,piperidinium,-1095.4695814,0.228661,0.287409,517.326496,-0.39161,-0.20551,5.8039,-1095.2409204,-1095.1821724,5.061920000000001,Gaussian,QC,"opt+freq: b3lyp/6-311G** em=gd3bj
energy: M062X/6-311G+(2d, p) em=gd3"
3759,c-c90+c-b80,CC(C)[N+]12CCC(CC1)CC2,piperidinium,-447.5587281,0.250237,0.296888,410.801856,-0.46645,-0.12088,0.9094,-447.3084911,-447.2618401,9.399504,Gaussian,QC,"opt+freq: b3lyp/6-311G** em=gd3bj
energy: M062X/6-311G+(2d, p) em=gd3"
3760,c-c113+c-b22+c-b36,Clc1ccc([N+]2(c3ccccc3)CCCCC2)cc1,piperidinium,-1173.8582893,0.270375,0.33144,537.740232,-0.37569,-0.16628,5.2564,-1173.5879143,-1173.5268493,5.695952,Gaussian,QC,"opt+freq: b3lyp/6-311G** em=gd3bj
energy: M062X/6-311G+(2d, p) em=gd3"
3761,c-c113+c-b37+c-b53,CC(O)C[N+]1(c2cccnc2)CCCCC1,piperidinium,-692.3769557,0.2764,0.335863,523.635968,-0.40303,-0.26282,3.5684,-692.1005557000001,-692.0410927,3.813712,Gaussian,QC,"opt+freq: b3lyp/6-311G** em=gd3bj
energy: M062X/6-311G+(2d, p) em=gd3"
3762,c-c113+c-b24+c-b83,CCCCCC[N+]1(c2ccccc2C)CCCCC1,piperidinium,-758.3650058,0.390528,0.459668,608.847312,-0.38215,-0.15141,4.1859,-757.9744777999999,-757.9053378,6.276128,Gaussian,QC,"opt+freq: b3lyp/6-311G** em=gd3bj
energy: M062X/6-311G+(2d, p) em=gd3"
3763,c-c90+c-b84,CCCCCCCCC[N+]12CCC(CC1)CC2,piperidinium,-683.3841254,0.404652,0.471293,586.843656,-0.39517,-0.12089,9.431,-682.9794734,-682.9128324000001,7.460416,Gaussian,QC,"opt+freq: b3lyp/6-311G** em=gd3bj
energy: M062X/6-311G+(2d, p) em=gd3"
3764,c-c113+c-b18+c-b61,CCCCCCCC[N+]1(C(=O)CC)CCCCC1,piperidinium,-758.597681,0.402244,0.474025,632.101984,-0.39893,-0.19785,8.8608,-758.195437,-758.123656,5.469376,Gaussian,QC,"opt+freq: b3lyp/6-311G** em=gd3bj
energy: M062X/6-311G+(2d, p) em=gd3"
3765,c-c113+c-b65+c-b83,CCC#CC[N+]1(CCCCCC)CCCCC1,piperidinium,-682.1227897,0.374937,0.446018,625.9347680000001,-0.39312,-0.12479,4.2707,-681.7478527,-681.6767717,7.298576,Gaussian,QC,"opt+freq: b3lyp/6-311G** em=gd3bj
energy: M062X/6-311G+(2d, p) em=gd3"
3766,c-c113+c-b18+c-b27,CCC(=O)[N+]1(C(C)C#N)CCCCC1,piperidinium,-614.9916595,0.241152,0.299468,513.527424,-0.46139,-0.21159,3.8935,-614.7505074999999,-614.6921914999999,6.794560000000001,Gaussian,QC,"opt+freq: b3lyp/6-311G** em=gd3bj
energy: M062X/6-311G+(2d, p) em=gd3"
3767,c-c113+c-b9+c-b77,CC(F)[N+]1(CC(F)(F)F)CCCCC1,piperidinium,-806.4272071,0.207642,0.262058,479.189336,-0.49249,-0.12713,6.7408,-806.2195651000001,-806.1651491,9.937792,Gaussian,QC,"opt+freq: b3lyp/6-311G** em=gd3bj
energy: M062X/6-311G+(2d, p) em=gd3"
3768,c-c113+c-b6+c-b77,NCC[N+]1(CC(F)(F)F)CCCCC1,piperidinium,-762.5243642,0.231649,0.287124,488.515472,-0.36991,-0.1297,5.9979,-762.2927152000001,-762.2372402000001,6.533712,Gaussian,QC,"opt+freq: b3lyp/6-311G** em=gd3bj
energy: M062X/6-311G+(2d, p) em=gd3"
3769,c-c113+c-b18+c-b60,C=CC[N+]1(C(=O)CC)CCCCC1,piperidinium,-560.8486322,0.249022,0.305067,493.527904,-0.42592,-0.20211,2.7415,-560.5996102,-560.5435652,6.087632,Gaussian,QC,"opt+freq: b3lyp/6-311G** em=gd3bj
energy: M062X/6-311G+(2d, p) em=gd3"
3770,c-c113+c-b29+c-b44,CC(C)CC[N+]1(C(C)C)CCCCC1,piperidinium,-566.6718873,0.346,0.40488,518.489648,-0.44604,-0.10828,2.8122,-566.3258873,-566.2670072999999,9.187072,Gaussian,QC,"opt+freq: b3lyp/6-311G** em=gd3bj
energy: M062X/6-311G+(2d, p) em=gd3"
3771,c-c113+c-b24+c-b73,Cc1ccccc1[N+]1(CC(C)C)CCCCC1,piperidinium,-679.7656269,0.341139,0.401222,529.091904,-0.38686,-0.15713,2.3048,-679.4244879,-679.3644049000001,6.248656,Gaussian,QC,"opt+freq: b3lyp/6-311G** em=gd3bj
energy: M062X/6-311G+(2d, p) em=gd3"
3772,c-c113+c-b27+c-b71,CCCCCC[N+]1(C(C)C#N)CCCCC1,piperidinium,-658.8902816,0.341784,0.405634,562.26684,-0.4284,-0.14597,6.5947,-658.5484976,-658.4846476,7.682096,Gaussian,QC,"opt+freq: b3lyp/6-311G** em=gd3bj
energy: M062X/6-311G+(2d, p) em=gd3"
3773,c-c89+c-b56,CCCCCCC[N+]1(C)CCCCC1,piperidinium,-566.6692834,0.344344,0.405628,539.6690560000001,-0.41607,-0.11751,6.3518,-566.3249394000001,-566.2636554000001,8.120832,Gaussian,QC,"opt+freq: b3lyp/6-311G** em=gd3bj
energy: M062X/6-311G+(2d, p) em=gd3"
3774,c-c113+c-b48+c-b58,Cc1cccc([N+]2(CC(=O)O)CCCCC2)c1,piperidinium,-750.4236092,0.269574,0.331335,543.8614239999999,-0.3864,-0.16185,3.4378,-750.1540352,-750.0922742,6.107760000000001,Gaussian,QC,"opt+freq: b3lyp/6-311G** em=gd3bj
energy: M062X/6-311G+(2d, p) em=gd3"
3775,c-c113+c-b30+c-b73,CCCC[N+]1(CC(C)C)CCCCC1,piperidinium,-566.6695088,0.346308,0.405344,519.870368,-0.45664,-0.10606,2.1678,-566.3232008,-566.2641648,9.535776,Gaussian,QC,"opt+freq: b3lyp/6-311G** em=gd3bj
energy: M062X/6-311G+(2d, p) em=gd3"
3776,c-c113+c-b27+c-b81,CCC[N+]1(C(C)C#N)CCCCC1,piperidinium,-540.9732865,0.263655,0.318764,485.289608,-0.47778,-0.15169,3.6917,-540.7096315,-540.6545225,8.869648,Gaussian,QC,"opt+freq: b3lyp/6-311G** em=gd3bj
energy: M062X/6-311G+(2d, p) em=gd3"
3777,c-c113+c-b23+c-b36,Clc1cccc([N+]2(c3ccccc3)CCCCC2)c1,piperidinium,-1173.8582727,0.270338,0.331405,537.7569679999999,-0.3823,-0.16832,4.8112,-1173.5879347,-1173.5268677,5.820255999999999,Gaussian,QC,"opt+freq: b3lyp/6-311G** em=gd3bj
energy: M062X/6-311G+(2d, p) em=gd3"
3778,c-c113+c-b83+c-b86,CCCCCC[N+]1(c2ccc(Cl)cc2Cl)CCCCC1,piperidinium,-1638.2289293,0.34096,0.413173,635.896872,-0.39468,-0.22922,3.5696,-1637.8879693,-1637.8157563,4.500511999999999,Gaussian,QC,"opt+freq: b3lyp/6-311G** em=gd3bj
energy: M062X/6-311G+(2d, p) em=gd3"
3779,c-c89+c-b6,C[N+]1(CCN)CCCCC1,piperidinium,-425.4969269,0.232937,0.279462,409.69728,-0.39404,-0.11438,1.5213,-425.2639899,-425.2174649,7.606752,Gaussian,QC,"opt+freq: b3lyp/6-311G** em=gd3bj
energy: M062X/6-311G+(2d, p) em=gd3"
3780,c-c113+c-b31+c-b38,C#CC[N+]1(CCC(F)(F)F)CCCCC1,piperidinium,-783.3316644,0.223219,0.280428,503.7787040000001,-0.42868,-0.14583,5.7345,-783.1084454,-783.0512364,7.693520000000001,Gaussian,QC,"opt+freq: b3lyp/6-311G** em=gd3bj
energy: M062X/6-311G+(2d, p) em=gd3"
3781,c-c113+c-b53+c-b77,FC(F)(F)C[N+]1(c2cccnc2)CCCCC1,piperidinium,-875.6141962,0.223307,0.282629,522.384952,-0.40253,-0.18931,6.1621,-875.3908892000001,-875.3315672,5.799583999999999,Gaussian,QC,"opt+freq: b3lyp/6-311G** em=gd3bj
energy: M062X/6-311G+(2d, p) em=gd3"
3782,c-c113+c-b6+c-b63,NCC[N+]1(c2ccc3ccccc3c2)CCCCC1,piperidinium,-770.8243057,0.319116,0.380909,544.15012,-0.34798,-0.17418,4.7891,-770.5051897,-770.4433967,4.72736,Gaussian,QC,"opt+freq: b3lyp/6-311G** em=gd3bj
energy: M062X/6-311G+(2d, p) em=gd3"
3783,c-c113+c-b43+c-b51,N#CC[N+]1(C2CCCCC2)CCCCC1,piperidinium,-618.3773222,0.300943,0.355845,483.4612,-0.45253,-0.16247,2.5296,-618.0763792,-618.0214771999999,7.889632,Gaussian,QC,"opt+freq: b3lyp/6-311G** em=gd3bj
energy: M062X/6-311G+(2d, p) em=gd3"
3784,c-c113+c-b58+c-b78,CCCCC[N+]1(CC(=O)O)CCCCC1,piperidinium,-676.6274662,0.304144,0.365188,537.547768,-0.43637,-0.15443,3.3418,-676.3233222,-676.2622782,7.668767999999999,Gaussian,QC,"opt+freq: b3lyp/6-311G** em=gd3bj
energy: M062X/6-311G+(2d, p) em=gd3"
3785,c-c113+c-b11+c-b24,Cc1ccccc1[N+]1(C(F)(F)F)CCCCC1,piperidinium,-859.5752401,0.236201,0.293425,503.912592,-0.39532,-0.1691,2.9972,-859.3390390999999,-859.2818151,6.153184,Gaussian,QC,"opt+freq: b3lyp/6-311G** em=gd3bj
energy: M062X/6-311G+(2d, p) em=gd3"
3786,c-c113+c-b30+c-b86,CCCC[N+]1(c2ccc(Cl)cc2Cl)CCCCC1,piperidinium,-1559.6478981,0.294307,0.357113,553.070408,-0.37397,-0.18394,8.1102,-1559.3535911,-1559.2907851,5.168816000000001,Gaussian,QC,"opt+freq: b3lyp/6-311G** em=gd3bj
energy: M062X/6-311G+(2d, p) em=gd3"
3787,c-c113+c-b37+c-b46,Cc1ccc([N+]2(CC(C)O)CCCCC2)cc1,piperidinium,-715.6917698,0.313335,0.377128,561.756392,-0.38611,-0.15661,2.2585,-715.3784347999999,-715.3146418,6.2424,Gaussian,QC,"opt+freq: b3lyp/6-311G** em=gd3bj
energy: M062X/6-311G+(2d, p) em=gd3"
3788,c-c113+c-b25+c-b45,CC1CCN([N+]2(C(=O)O)CCCCC2)CC1,piperidinium,-730.7273031,0.300982,0.358855,509.627936,-0.38821,-0.18805,1.9951,-730.4263211,-730.3684481,5.444352,Gaussian,QC,"opt+freq: b3lyp/6-311G** em=gd3bj
energy: M062X/6-311G+(2d, p) em=gd3"
3789,c-c113+c-b53+c-b86,Clc1ccc([N+]2(c3cccnc3)CCCCC2)c(Cl)c1,piperidinium,-1649.3785103,0.239746,0.306994,592.1908080000001,-0.33432,-0.18967,6.0508,-1649.1387643,-1649.0715163,3.93448,Gaussian,QC,"opt+freq: b3lyp/6-311G** em=gd3bj
energy: M062X/6-311G+(2d, p) em=gd3"
3790,c-c113+c-b8+c-b47,CC#CC[N+]1(C(C)(C)C)CCCCC1,piperidinium,-564.1984633,0.297637,0.357845,530.1922959999999,-0.39688,-0.12319,0.5704,-563.9008263,-563.8406183,7.444368,Gaussian,QC,"opt+freq: b3lyp/6-311G** em=gd3bj
energy: M062X/6-311G+(2d, p) em=gd3"
3791,c-c113+c-b41+c-b80,CC(C)[N+]1(C2COC(C)(C)O2)CCCCC1,piperidinium,-715.9054384,0.331669,0.392393,534.73612,-0.40357,-0.11087,4.2692,-715.5737694,-715.5130454,7.961439999999999,Gaussian,QC,"opt+freq: b3lyp/6-311G** em=gd3bj
energy: M062X/6-311G+(2d, p) em=gd3"
3792,c-c113+c-b8+c-b61,CC#CC[N+]1(CCCCCCCC)CCCCC1,piperidinium,-721.4195258,0.399735,0.474602,659.281248,-0.3942,-0.12957,7.4147,-721.0197908,-720.9449238,7.197936,Gaussian,QC,"opt+freq: b3lyp/6-311G** em=gd3bj
energy: M062X/6-311G+(2d, p) em=gd3"
3793,c-c113+c-b3+c-b37,CC(O)C[N+]1(C2CCCC2)CCCCC1,piperidinium,-640.6868832,0.33043,0.389619,521.2218,-0.41522,-0.10518,2.2293,-640.3564532,-640.2972642,8.433088,Gaussian,QC,"opt+freq: b3lyp/6-311G** em=gd3bj
energy: M062X/6-311G+(2d, p) em=gd3"
3794,c-c113+c-b39+c-b51,COC[N+]1(C2CCCCC2)CCCCC1,piperidinium,-640.671476,0.332893,0.390164,504.326808,-0.42879,-0.10705,2.3325,-640.338583,-640.281312,8.751328,Gaussian,QC,"opt+freq: b3lyp/6-311G** em=gd3bj
energy: M062X/6-311G+(2d, p) em=gd3"
3795,c-c113+c-b13+c-b86,N#CCC[N+]1(c2ccc(Cl)cc2Cl)CCCCC1,piperidinium,-1573.2689347,0.235905,0.299236,557.6937280000001,-0.39754,-0.18511,4.3005,-1573.0330297,-1572.9696987,5.778096,Gaussian,QC,"opt+freq: b3lyp/6-311G** em=gd3bj
energy: M062X/6-311G+(2d, p) em=gd3"
3796,c-c113+c-b41+c-b77,CC1(C)OCC([N+]2(CC(F)(F)F)CCCCC2)O1,piperidinium,-974.3504567,0.27997,0.343212,556.902952,-0.41734,-0.11469,3.3281,-974.0704867,-974.0072447,8.23208,Gaussian,QC,"opt+freq: b3lyp/6-311G** em=gd3bj
energy: M062X/6-311G+(2d, p) em=gd3"
3797,c-c113+c-b21+c-b58,CCCCCCCCC[N+]1(CC(=O)O)CCCCC1,piperidinium,-833.8451379,0.406984,0.481166,653.239552,-0.39451,-0.15368,8.2984,-833.4381539000001,-833.3639719,6.550576,Gaussian,QC,"opt+freq: b3lyp/6-311G** em=gd3bj
energy: M062X/6-311G+(2d, p) em=gd3"
3798,c-c113+c-b25+c-b36,CC1CCN([N+]2(c3ccccc3)CCCCC2)CC1,piperidinium,-773.1856339,0.363679,0.425421,543.702432,-0.37057,-0.16599,2.6566,-772.8219548999999,-772.7602128999999,5.564576,Gaussian,QC,"opt+freq: b3lyp/6-311G** em=gd3bj
energy: M062X/6-311G+(2d, p) em=gd3"
3799,c-c113+c-b38+c-b56,C#CC[N+]1(CCCCCCC)CCCCC1,piperidinium,-642.802646,0.351654,0.416632,572.1912880000001,-0.41764,-0.13775,5.5178,-642.4509919999999,-642.3860139999999,7.613007999999999,Gaussian,QC,"opt+freq: b3lyp/6-311G** em=gd3bj
energy: M062X/6-311G+(2d, p) em=gd3"
3800,c-c113+c-b39+c-b75,COC[N+]1(c2c(Cl)cccc2Cl)CCCCC1,piperidinium,-1556.2287335,0.24245,0.303897,541.0957999999999,-0.38794,-0.18698,2.5019,-1555.9862835,-1555.9248365,5.466112,Gaussian,QC,"opt+freq: b3lyp/6-311G** em=gd3bj
energy: M062X/6-311G+(2d, p) em=gd3"
3801,c-c113+c-b11+c-b73,CC(C)C[N+]1(C(F)(F)F)CCCCC1,piperidinium,-746.4846857,0.242071,0.297334,486.64104,-0.47913,-0.11158,2.5543,-746.2426147,-746.1873517,9.997359999999999,Gaussian,QC,"opt+freq: b3lyp/6-311G** em=gd3bj
energy: M062X/6-311G+(2d, p) em=gd3"
3802,c-c113+c-b30+c-b40,CCCC[N+]1(N(C)C)CCCCC1,piperidinium,-543.3504166,0.308156,0.364345,494.79984,-0.39277,-0.11466,2.2696,-543.0422606,-542.9860716000001,7.564592,Gaussian,QC,"opt+freq: b3lyp/6-311G** em=gd3bj
energy: M062X/6-311G+(2d, p) em=gd3"
3803,c-c113+c-b18+c-b56,CCCCCCC[N+]1(C(=O)CC)CCCCC1,piperidinium,-719.2888152,0.376655,0.444879,600.78056,-0.41224,-0.20137,6.6622,-718.9121602,-718.8439362,5.735664,Gaussian,QC,"opt+freq: b3lyp/6-311G** em=gd3bj
energy: M062X/6-311G+(2d, p) em=gd3"
3804,c-c113+c-b10+c-b38,C#CC[N+]1(CC)CCCCC1,piperidinium,-446.2771914,0.221954,0.27161,437.26984,-0.4265,-0.14597,0.9194,-446.0552374,-446.0055814,7.630415999999999,Gaussian,QC,"opt+freq: b3lyp/6-311G** em=gd3bj
energy: M062X/6-311G+(2d, p) em=gd3"
3805,c-c113+c-b12+c-b71,CCCCCC[N+]1(C(=O)C(C)(C)C)CCCCC1,piperidinium,-758.5952745,0.401506,0.473083,630.302864,-0.4202,-0.19308,5.079,-758.1937684999999,-758.1221915,6.177664,Gaussian,QC,"opt+freq: b3lyp/6-311G** em=gd3bj
energy: M062X/6-311G+(2d, p) em=gd3"
3806,c-c113+c-b8+c-b72,CC#CC[N+]1(CC(C)CC)CCCCC1,piperidinium,-603.5130843,0.320884,0.38727,584.596848,-0.39699,-0.12454,1.8241,-603.1922003,-603.1258143,7.410640000000001,Gaussian,QC,"opt+freq: b3lyp/6-311G** em=gd3bj
energy: M062X/6-311G+(2d, p) em=gd3"
3807,c-c89+c-b23,C[N+]1(c2cccc(Cl)c2)CCCCC1,piperidinium,-982.1459572,0.225219,0.277746,462.545384,-0.38617,-0.17105,5.8876,-981.9207382,-981.8682112,5.851264,Gaussian,QC,"opt+freq: b3lyp/6-311G** em=gd3bj
energy: M062X/6-311G+(2d, p) em=gd3"
3808,c-c113+c-b19+c-b60,C=CC[N+]1(CCCF)CCCCC1,piperidinium,-586.0715496,0.264263,0.318322,476.042968,-0.41565,-0.15114,2.6726,-585.8072866,-585.7532276000001,7.194672000000001,Gaussian,QC,"opt+freq: b3lyp/6-311G** em=gd3bj
energy: M062X/6-311G+(2d, p) em=gd3"
3809,c-c89+c-b43,C[N+]1(CC#N)CCCCC1,piperidinium,-423.0581101,0.186387,0.232016,401.806256,-0.49367,-0.16955,4.4971,-422.8717231,-422.8260941,8.816063999999999,Gaussian,QC,"opt+freq: b3lyp/6-311G** em=gd3bj
energy: M062X/6-311G+(2d, p) em=gd3"
3810,c-c113+c-b28+c-b61,C=CCC[N+]1(CCCCCCCC)CCCCC1,piperidinium,-722.6543694,0.424721,0.49825,647.49492,-0.3875,-0.12372,6.7601,-722.2296484,-722.1561194,7.174816,Gaussian,QC,"opt+freq: b3lyp/6-311G** em=gd3bj
energy: M062X/6-311G+(2d, p) em=gd3"
3811,c-c113+c-b24+c-b79,Cc1ccccc1[N+]1(CCCO)CCCCC1,piperidinium,-715.6849955,0.318475,0.378726,530.5646720000001,-0.38518,-0.15571,1.6499,-715.3665205,-715.3062695,6.241584,Gaussian,QC,"opt+freq: b3lyp/6-311G** em=gd3bj
energy: M062X/6-311G+(2d, p) em=gd3"
3812,c-c113+c-b10+c-b47,CC[N+]1(C(C)(C)C)CCCCC1,piperidinium,-488.0514782,0.295351,0.346903,453.964,-0.46331,-0.10647,1.2415,-487.7561272,-487.7045752,9.706048,Gaussian,QC,"opt+freq: b3lyp/6-311G** em=gd3bj
energy: M062X/6-311G+(2d, p) em=gd3"
3813,c-c113+c-b28+c-b82,C=CCC[N+]1(CCCCC(C)C)CCCCC1,piperidinium,-683.3550734,0.400174,0.468812,604.429008,-0.39029,-0.1247,4.2566,-682.9548994,-682.8862614000001,7.224048,Gaussian,QC,"opt+freq: b3lyp/6-311G** em=gd3bj
energy: M062X/6-311G+(2d, p) em=gd3"
3814,c-c113+c-b13+c-b38,C#CC[N+]1(CCC#N)CCCCC1,piperidinium,-538.5023396,0.219053,0.272175,467.796304,-0.42888,-0.15313,5.1169,-538.2832866,-538.2301646000001,7.5004,Gaussian,QC,"opt+freq: b3lyp/6-311G** em=gd3bj
energy: M062X/6-311G+(2d, p) em=gd3"
3815,c-c113+c-b22+c-b71,CCCCCC[N+]1(c2ccc(Cl)cc2)CCCCC1,piperidinium,-1178.6746218,0.353744,0.42243,604.8474080000001,-0.38178,-0.16652,5.0606,-1178.3208778,-1178.2521918,5.855072,Gaussian,QC,"opt+freq: b3lyp/6-311G** em=gd3bj
energy: M062X/6-311G+(2d, p) em=gd3"
3816,c-c113+c-b36+c-b76,CO[N+]1(c2ccccc2)CCCCC1,piperidinium,-597.7134138,0.237803,0.289913,458.871832,-0.40461,-0.17544,1.163,-597.4756108,-597.4235008,6.233424,Gaussian,QC,"opt+freq: b3lyp/6-311G** em=gd3bj
energy: M062X/6-311G+(2d, p) em=gd3"
3817,c-c113+c-b40+c-b75,CN(C)[N+]1(c2c(Cl)cccc2Cl)CCCCC1,piperidinium,-1536.3257402,0.254577,0.315055,532.564624,-0.39406,-0.18854,1.0878,-1536.0711632,-1536.0106852,5.590144,Gaussian,QC,"opt+freq: b3lyp/6-311G** em=gd3bj
energy: M062X/6-311G+(2d, p) em=gd3"
3818,c-c113+c-b6+c-b27,CC(C#N)[N+]1(CCN)CCCCC1,piperidinium,-557.0214856,0.254325,0.308072,473.289896,-0.38625,-0.15004,4.1325,-556.7671606,-556.7134136,6.424911999999999,Gaussian,QC,"opt+freq: b3lyp/6-311G** em=gd3bj
energy: M062X/6-311G+(2d, p) em=gd3"
3819,c-c113+c-b38+c-b74,C#CC[N+]1(C(C)=O)CCCCC1,piperidinium,-520.2910088,0.200769,0.252449,455.0894960000001,-0.43492,-0.21333,2.594,-520.0902398,-520.0385598,6.027247999999999,Gaussian,QC,"opt+freq: b3lyp/6-311G** em=gd3bj
energy: M062X/6-311G+(2d, p) em=gd3"
3820,c-c113+c-b23+c-b56,CCCCCCC[N+]1(c2cccc(Cl)c2)CCCCC1,piperidinium,-1217.9780555,0.37929,0.451494,635.8299280000001,-0.38288,-0.16612,5.34,-1217.5987655,-1217.5265615,5.895872,Gaussian,QC,"opt+freq: b3lyp/6-311G** em=gd3bj
energy: M062X/6-311G+(2d, p) em=gd3"
3821,c-c113+c-b12+c-b29,CC(C)[N+]1(C(=O)C(C)(C)C)CCCCC1,piperidinium,-640.6807822,0.324489,0.385427,536.610552,-0.4317,-0.1943,2.4743,-640.3562932,-640.2953551999999,6.457279999999999,Gaussian,QC,"opt+freq: b3lyp/6-311G** em=gd3bj
energy: M062X/6-311G+(2d, p) em=gd3"
3822,c-c113+c-b3+c-b43,N#CC[N+]1(C2CCCC2)CCCCC1,piperidinium,-579.0726237,0.271447,0.326525,485.017648,-0.4594,-0.16068,4.3028,-578.8011767,-578.7460987000001,8.125183999999999,Gaussian,QC,"opt+freq: b3lyp/6-311G** em=gd3bj
energy: M062X/6-311G+(2d, p) em=gd3"
3823,c-c113+c-b29+c-b79,CC(C)[N+]1(CCCO)CCCCC1,piperidinium,-563.2776839,0.29826,0.353665,487.89624,-0.40487,-0.10748,1.3317,-562.9794239,-562.9240189000001,8.089008,Gaussian,QC,"opt+freq: b3lyp/6-311G** em=gd3bj
energy: M062X/6-311G+(2d, p) em=gd3"
3824,c-c113+c-b27+c-b46,Cc1ccc([N+]2(C(C)C#N)CCCCC2)cc1,piperidinium,-693.3719643,0.273157,0.340267,590.9648960000001,-0.36178,-0.26233,6.0429,-693.0988073,-693.0316972999999,2.705039999999999,Gaussian,QC,"opt+freq: b3lyp/6-311G** em=gd3bj
energy: M062X/6-311G+(2d, p) em=gd3"
3825,c-c113+c-b17+c-b43,CCCCCCCCCC(=O)[N+]1(CC#N)CCCCC1,piperidinium,-850.8085703,0.396704,0.47394,680.134304,-0.39803,-0.20936,8.6779,-850.4118663,-850.3346303000001,5.131824,Gaussian,QC,"opt+freq: b3lyp/6-311G** em=gd3bj
energy: M062X/6-311G+(2d, p) em=gd3"
3826,c-c113+c-b19+c-b65,CCC#CC[N+]1(CCCF)CCCCC1,piperidinium,-663.4422104,0.289617,0.353043,558.5221600000001,-0.39889,-0.13017,3.2516,-663.1525934,-663.0891674000001,7.309184,Gaussian,QC,"opt+freq: b3lyp/6-311G** em=gd3bj
energy: M062X/6-311G+(2d, p) em=gd3"
3827,c-c113+c-b13+c-b80,CC(C)[N+]1(CCC#N)CCCCC1,piperidinium,-540.9811524,0.264649,0.318944,478.118232,-0.46311,-0.12934,5.0644,-540.7165034000001,-540.6622084,9.078544,Gaussian,QC,"opt+freq: b3lyp/6-311G** em=gd3bj
energy: M062X/6-311G+(2d, p) em=gd3"
3828,c-c89+c-b21,CCCCCCCCC[N+]1(C)CCCCC1,piperidinium,-645.2784881,0.396299,0.463699,593.525504,-0.39571,-0.11631,9.7962,-644.8821891,-644.8147891,7.599679999999999,Gaussian,QC,"opt+freq: b3lyp/6-311G** em=gd3bj
energy: M062X/6-311G+(2d, p) em=gd3"
3829,c-c113+c-b76+c-b81,CCC[N+]1(OC)CCCCC1,piperidinium,-484.604544,0.243795,0.293994,442.043784,-0.4579,-0.13654,0.9197,-484.360749,-484.31055,8.740991999999999,Gaussian,QC,"opt+freq: b3lyp/6-311G** em=gd3bj
energy: M062X/6-311G+(2d, p) em=gd3"
3830,c-c113+c-b29+c-b35,CCC(C)[N+]1(C(C)C)CCCCC1,piperidinium,-527.3617032,0.320214,0.376243,493.394016,-0.46252,-0.10326,0.7507,-527.0414892,-526.9854601999999,9.771871999999998,Gaussian,QC,"opt+freq: b3lyp/6-311G** em=gd3bj
energy: M062X/6-311G+(2d, p) em=gd3"
3831,c-c113+c-b30+c-b53,CCCC[N+]1(c2cccnc2)CCCCC1,piperidinium,-656.4957254,0.301719,0.360932,521.435184,-0.39458,-0.17817,3.2229,-656.1940063999999,-656.1347933999999,5.886352,Gaussian,QC,"opt+freq: b3lyp/6-311G** em=gd3bj
energy: M062X/6-311G+(2d, p) em=gd3"
3832,c-c113+c-b76+c-b77,CO[N+]1(CC(F)(F)F)CCCCC1,piperidinium,-743.038265,0.191215,0.244456,468.8339360000001,-0.47532,-0.14682,5.7249,-742.84705,-742.793809,8.9352,Gaussian,QC,"opt+freq: b3lyp/6-311G** em=gd3bj
energy: M062X/6-311G+(2d, p) em=gd3"
3833,c-c113+c-b4+c-b27,CC(C#N)[N+]1(CCO)CCCCC1,piperidinium,-576.8909679,0.24227,0.295597,469.595424,-0.42642,-0.15224,4.1277,-576.6486979,-576.5953708999999,7.457696,Gaussian,QC,"opt+freq: b3lyp/6-311G** em=gd3bj
energy: M062X/6-311G+(2d, p) em=gd3"
3834,c-c113+c-b39+c-b40,COC[N+]1(N(C)C)CCCCC1,piperidinium,-539.9486759,0.257587,0.311726,476.737512,-0.3925,-0.1187,1.5859,-539.6910889000001,-539.6369499,7.447360000000001,Gaussian,QC,"opt+freq: b3lyp/6-311G** em=gd3bj
energy: M062X/6-311G+(2d, p) em=gd3"
3835,c-c113+c-b30+c-b74,CCCC[N+]1(C(C)=O)CCCCC1,piperidinium,-562.0769958,0.27306,0.328526,488.427608,-0.4532,-0.20366,3.7134,-561.8039358,-561.7484698,6.787488,Gaussian,QC,"opt+freq: b3lyp/6-311G** em=gd3bj
energy: M062X/6-311G+(2d, p) em=gd3"
3836,c-c113+c-b74+c-b81,CCC[N+]1(C(C)=O)CCCCC1,piperidinium,-522.7716627,0.247316,0.299572,460.164688,-0.45723,-0.20533,3.4225,-522.5243467,-522.4720907,6.85168,Gaussian,QC,"opt+freq: b3lyp/6-311G** em=gd3bj
energy: M062X/6-311G+(2d, p) em=gd3"
3837,c-c113+c-b46+c-b60,C=CC[N+]1(c2ccc(C)cc2)CCCCC1,piperidinium,-639.2403337,0.288269,0.348513,530.5144640000001,-0.38218,-0.15317,2.2478,-638.9520646999999,-638.8918206999999,6.229072,Gaussian,QC,"opt+freq: b3lyp/6-311G** em=gd3bj
energy: M062X/6-311G+(2d, p) em=gd3"
3838,c-c113+c-b4+c-b16,N#CCCC[N+]1(CCO)CCCCC1,piperidinium,-616.2083001,0.268729,0.325837,502.89588,-0.43457,-0.11736,5.748,-615.9395711,-615.8824631,8.628112,Gaussian,QC,"opt+freq: b3lyp/6-311G** em=gd3bj
energy: M062X/6-311G+(2d, p) em=gd3"
3839,c-c113+c-b8+c-b44,CC#CC[N+]1(CCC(C)C)CCCCC1,piperidinium,-603.5144018,0.321439,0.387113,578.329216,-0.39767,-0.12527,2.4318,-603.1929627999999,-603.1272888,7.409280000000001,Gaussian,QC,"opt+freq: b3lyp/6-311G** em=gd3bj
energy: M062X/6-311G+(2d, p) em=gd3"
3840,c-c113+c-b12+c-b41,CC1(C)OCC([N+]2(C(=O)C(C)(C)C)CCCCC2)O1,piperidinium,-868.5315451,0.361866,0.430865,607.6046640000001,-0.40057,-0.187,4.2781,-868.1696791,-868.1006801,5.809104,Gaussian,QC,"opt+freq: b3lyp/6-311G** em=gd3bj
energy: M062X/6-311G+(2d, p) em=gd3"
3841,c-c113+c-b48+c-b60,C=CC[N+]1(c2cccc(C)c2)CCCCC1,piperidinium,-639.2324866,0.287943,0.348745,535.422296,-0.38284,-0.16289,2.4478,-638.9445436,-638.8837416,5.98264,Gaussian,QC,"opt+freq: b3lyp/6-311G** em=gd3bj
energy: M062X/6-311G+(2d, p) em=gd3"
3842,c-c113+c-b46+c-b74,CC(=O)[N+]1(c2ccc(C)cc2)CCCCC1,piperidinium,-674.9434134,0.260147,0.322156,546.05384,-0.38107,-0.23499,1.3342,-674.6832664000001,-674.6212574000001,3.973376,Gaussian,QC,"opt+freq: b3lyp/6-311G** em=gd3bj
energy: M062X/6-311G+(2d, p) em=gd3"
3843,c-c113+c-b45+c-b76,CO[N+]1(C(=O)O)CCCCC1,piperidinium,-555.2452222,0.175234,0.223712,426.89352,-0.47065,-0.20802,2.8643,-555.0699881999999,-555.0215102,7.143536000000001,Gaussian,QC,"opt+freq: b3lyp/6-311G** em=gd3bj
energy: M062X/6-311G+(2d, p) em=gd3"
3844,c-c113+c-b36+c-b86,Clc1ccc([N+]2(c3ccccc3)CCCCC2)c(Cl)c1,piperidinium,-1633.4489214,0.259806,0.323279,558.936376,-0.38217,-0.17207,5.5799,-1633.1891154,-1633.1256424,5.71472,Gaussian,QC,"opt+freq: b3lyp/6-311G** em=gd3bj
energy: M062X/6-311G+(2d, p) em=gd3"
3845,c-c113+c-b11+c-b79,OCCC[N+]1(C(F)(F)F)CCCCC1,piperidinium,-782.3980551,0.219467,0.2747,486.385816,-0.40213,-0.12132,2.8346,-782.1785881,-782.1233550999999,7.638032,Gaussian,QC,"opt+freq: b3lyp/6-311G** em=gd3bj
energy: M062X/6-311G+(2d, p) em=gd3"
3846,c-c113+c-b3+c-b47,CC(C)(C)[N+]1(C2CCCC2)CCCCC1,piperidinium,-604.7635423,0.355396,0.412457,502.481664,-0.44476,-0.10503,1.8305,-604.4081463,-604.3510853,9.240656,Gaussian,QC,"opt+freq: b3lyp/6-311G** em=gd3bj
energy: M062X/6-311G+(2d, p) em=gd3"
3847,c-c113+c-b43+c-b55,N#CC[N+]1(c2cscn2)CCCCC1,piperidinium,-951.5934446,0.188102,0.241349,468.892512,-0.41985,-0.19153,3.988,-951.4053426,-951.3520956,6.210304,Gaussian,QC,"opt+freq: b3lyp/6-311G** em=gd3bj
energy: M062X/6-311G+(2d, p) em=gd3"
3848,c-c113+c-b40+c-b71,CCCCCC[N+]1(N(C)C)CCCCC1,piperidinium,-621.9631805,0.359596,0.422356,552.66456,-0.39286,-0.10468,4.2627,-621.6035845,-621.5408245,7.838495999999999,Gaussian,QC,"opt+freq: b3lyp/6-311G** em=gd3bj
energy: M062X/6-311G+(2d, p) em=gd3"
3849,c-c89+c-b20,C[N+]1(c2ccc(Cl)c(Cl)c2)CCCCC1,piperidinium,-1441.7414062,0.213757,0.269604,491.78736,-0.38332,-0.17608,9.3792,-1441.5276492,-1441.4718022,5.636928,Gaussian,QC,"opt+freq: b3lyp/6-311G** em=gd3bj
energy: M062X/6-311G+(2d, p) em=gd3"
3850,c-c113+c-b37+c-b40,CC(O)C[N+]1(N(C)C)CCCCC1,piperidinium,-579.2643128,0.285178,0.340717,489.076128,-0.39421,-0.10591,1.5821,-578.9791348,-578.9235957999999,7.84176,Gaussian,QC,"opt+freq: b3lyp/6-311G** em=gd3bj
energy: M062X/6-311G+(2d, p) em=gd3"
3851,c-c113+c-b76+c-b86,CO[N+]1(c2ccc(Cl)cc2Cl)CCCCC1,piperidinium,-1516.892356,0.215218,0.273494,513.175968,-0.39289,-0.19047,7.3079,-1516.677138,-1516.618862,5.505824,Gaussian,QC,"opt+freq: b3lyp/6-311G** em=gd3bj
energy: M062X/6-311G+(2d, p) em=gd3"
3852,c-c113+c-b13+c-b48,Cc1cccc([N+]2(CCC#N)CCCCC2)c1,piperidinium,-693.3963523,0.282598,0.343482,536.146128,-0.38269,-0.15899,6.271,-693.1137543,-693.0528703,6.084639999999999,Gaussian,QC,"opt+freq: b3lyp/6-311G** em=gd3bj
energy: M062X/6-311G+(2d, p) em=gd3"
3853,c-c113+c-b18+c-b69,CCCCCCCCCC[N+]1(C(=O)CC)CCCCC1,piperidinium,-837.2040108,0.453881,0.531799,686.1383440000001,-0.38331,-0.19565,11.7786,-836.7501298,-836.6722118,5.1043520000000004,Gaussian,QC,"opt+freq: b3lyp/6-311G** em=gd3bj
energy: M062X/6-311G+(2d, p) em=gd3"
3854,c-c113+c-b45+c-b56,CCCCCCC[N+]1(C(=O)O)CCCCC1,piperidinium,-715.924601,0.329144,0.393543,567.0951759999999,-0.41368,-0.17761,6.7255,-715.595457,-715.531058,6.421104,Gaussian,QC,"opt+freq: b3lyp/6-311G** em=gd3bj
energy: M062X/6-311G+(2d, p) em=gd3"
3855,c-c113+c-b32+c-b60,C=CC[N+]1(CCC(F)(F)C(F)(F)C(F)F)CCCCC1,piperidinium,-1160.9091843,0.270617,0.341054,620.2654480000001,-0.41883,-0.15467,9.1643,-1160.6385673,-1160.5681303,7.185151999999999,Gaussian,QC,"opt+freq: b3lyp/6-311G** em=gd3bj
energy: M062X/6-311G+(2d, p) em=gd3"
3856,c-c113+c-b46+c-b76,CO[N+]1(c2ccc(C)cc2)CCCCC1,piperidinium,-637.0243858,0.260501,0.318124,507.422968,-0.3898,-0.16871,1.6984,-636.7638848,-636.7062618,6.013647999999999,Gaussian,QC,"opt+freq: b3lyp/6-311G** em=gd3bj
energy: M062X/6-311G+(2d, p) em=gd3"
3857,c-c113+c-b29+c-b77,CC(C)[N+]1(CC(F)(F)F)CCCCC1,piperidinium,-746.4925914,0.242614,0.297877,486.636856,-0.48338,-0.1209,5.3587,-746.2499774,-746.1947144000001,9.859456,Gaussian,QC,"opt+freq: b3lyp/6-311G** em=gd3bj
energy: M062X/6-311G+(2d, p) em=gd3"
3858,c-c113+c-b63+c-b80,CC(C)[N+]1(c2ccc3ccccc3c2)CCCCC1,piperidinium,-754.7785208,0.329317,0.39154,547.928272,-0.34214,-0.16842,4.5336,-754.4492038000001,-754.3869808000001,4.725184,Gaussian,QC,"opt+freq: b3lyp/6-311G** em=gd3bj
energy: M062X/6-311G+(2d, p) em=gd3"
3859,c-c113+c-b8+c-b19,CC#CC[N+]1(CCCF)CCCCC1,piperidinium,-624.1406995,0.26292,0.323727,535.464136,-0.39915,-0.1279,2.4376,-623.8777795,-623.8169725,7.377999999999999,Gaussian,QC,"opt+freq: b3lyp/6-311G** em=gd3bj
energy: M062X/6-311G+(2d, p) em=gd3"
3860,c-c113+c-b24+c-b27,Cc1ccccc1[N+]1(C(C)C#N)CCCCC1,piperidinium,-693.3697468,0.284441,0.343615,521.0837280000001,-0.39151,-0.16235,4.5079,-693.0853058,-693.0261318,6.233152,Gaussian,QC,"opt+freq: b3lyp/6-311G** em=gd3bj
energy: M062X/6-311G+(2d, p) em=gd3"
3861,c-c113+c-b4+c-b76,CO[N+]1(CCO)CCCCC1,piperidinium,-520.5097176,0.219887,0.270784,448.206816,-0.41896,-0.15533,3.4438,-520.2898306000001,-520.2389336,7.170736000000001,Gaussian,QC,"opt+freq: b3lyp/6-311G** em=gd3bj
energy: M062X/6-311G+(2d, p) em=gd3"
3862,c-c89+c-b31,C[N+]1(CCC(F)(F)F)CCCCC1,piperidinium,-707.1992274,0.217246,0.269605,461.0768,-0.4889,-0.12365,6.1388,-706.9819814,-706.9296224000001,9.934800000000001,Gaussian,QC,"opt+freq: b3lyp/6-311G** em=gd3bj
energy: M062X/6-311G+(2d, p) em=gd3"
3863,c-c113+c-b11+c-b12,CC(C)(C)C(=O)[N+]1(C(F)(F)F)CCCCC1,piperidinium,-859.7920197,0.242986,0.306069,555.5096800000001,-0.45412,-0.21472,4.1882,-859.5490337,-859.4859507,6.511680000000001,Gaussian,QC,"opt+freq: b3lyp/6-311G** em=gd3bj
energy: M062X/6-311G+(2d, p) em=gd3"
3864,c-c113+c-b74+c-b75,CC(=O)[N+]1(c2c(Cl)cccc2Cl)CCCCC1,piperidinium,-1555.0423428,0.21851,0.278981,532.5018640000001,-0.39154,-0.19689,4.0964,-1554.8238328,-1554.7633618,5.294479999999999,Gaussian,QC,"opt+freq: b3lyp/6-311G** em=gd3bj
energy: M062X/6-311G+(2d, p) em=gd3"
3865,c-c113+c-b4+c-b80,CC(C)[N+]1(CCO)CCCCC1,piperidinium,-523.9734004,0.272028,0.324322,460.499408,-0.42527,-0.10958,1.0333,-523.7013724,-523.6490783999999,8.586768,Gaussian,QC,"opt+freq: b3lyp/6-311G** em=gd3bj
energy: M062X/6-311G+(2d, p) em=gd3"
3866,c-c89+c-b45,C[N+]1(C(=O)O)CCCCC1,piperidinium,-480.0911275,0.174105,0.219703,401.530112,-0.48119,-0.18803,0.8127,-479.9170225,-479.8714245,7.973951999999999,Gaussian,QC,"opt+freq: b3lyp/6-311G** em=gd3bj
energy: M062X/6-311G+(2d, p) em=gd3"
3867,c-c113+c-b22+c-b47,CC(C)(C)[N+]1(c2ccc(Cl)cc2)CCCCC1,piperidinium,-1100.0538555,0.303399,0.36354,529.598168,-0.37938,-0.16308,5.7538,-1099.7504565,-1099.6903155,5.88336,Gaussian,QC,"opt+freq: b3lyp/6-311G** em=gd3bj
energy: M062X/6-311G+(2d, p) em=gd3"
3868,c-c113+c-b36+c-b46,Cc1ccc([N+]2(c3ccccc3)CCCCC2)cc1,piperidinium,-753.5706806,0.304797,0.367859,555.325584,-0.37297,-0.15725,1.7333,-753.2658835999999,-753.2028216,5.867584000000001,Gaussian,QC,"opt+freq: b3lyp/6-311G** em=gd3bj
energy: M062X/6-311G+(2d, p) em=gd3"
3869,c-c113+c-b11+c-b71,CCCCCC[N+]1(C(F)(F)F)CCCCC1,piperidinium,-825.0921358,0.292324,0.355585,557.0744960000001,-0.43405,-0.11031,3.5568,-824.7998118,-824.7365508,8.805727999999998,Gaussian,QC,"opt+freq: b3lyp/6-311G** em=gd3bj
energy: M062X/6-311G+(2d, p) em=gd3"
